causal_utility,e1_classification,example_id,gate,gate_entropy,layer,relative_update_norm,seed,task
0.19806057214736938,useful,family-00300-maximum,0.9312008023262024,0.2505217105674939,0,0.42677436809111463,22,maximum
0.5167824625968933,useful,family-00300-maximum,0.9508708119392395,0.19594316419303698,1,0.903169366529162,22,maximum
0.5072702169418335,useful,family-00300-maximum,0.986951470375061,0.06958163647277955,2,0.5060826742012428,22,maximum
0.216056227684021,useful,family-00300-maximum,0.9799623489379883,0.09818560830599538,3,0.48566721759008397,22,maximum
0.4814353883266449,useful,family-00300-minimum,0.9362517595291138,0.23715874253555239,0,0.8204803397163618,22,minimum
0.07328683137893677,useful,family-00300-minimum,0.9424310326576233,0.2202253811364066,1,0.764191966713161,22,minimum
0.00771099328994751,useful,family-00300-minimum,0.9709644913673401,0.13137334871942824,2,0.5211554969385916,22,minimum
0.1608644723892212,useful,family-00300-minimum,0.9670908451080322,0.14471360822767296,3,0.5660882412743624,22,minimum
0.013308055698871613,redundant_or_uncertain,family-00300-sum_mod_10,0.9201776385307312,0.27833530231340725,0,0.4615353213594374,22,sum_mod_10
0.024787209928035736,redundant_or_uncertain,family-00300-sum_mod_10,0.9335247874259949,0.2444244736594607,1,0.538993742119744,22,sum_mod_10
-0.010268539190292358,useful,family-00300-sum_mod_10,0.955925464630127,0.1806837664369685,2,0.5806280090244741,22,sum_mod_10
0.046350155025720596,candidate_harmful,family-00300-sum_mod_10,0.9617266654968262,0.162417344682659,3,0.43257533721411207,22,sum_mod_10
0.22238296270370483,useful,family-00301-maximum,0.9312008023262024,0.2505217105674939,0,0.38095254136384626,22,maximum
0.42596113681793213,useful,family-00301-maximum,0.9510113000869751,0.1955266969263558,1,0.9005076174742043,22,maximum
0.03348451852798462,useful,family-00301-maximum,0.9883911609649658,0.06327004726188079,2,1.4397830117859565,22,maximum
0.4165847599506378,useful,family-00301-maximum,0.9846023321151733,0.07954128140345904,3,0.5132239174335058,22,maximum
-0.10185608267784119,useful,family-00301-minimum,0.9356473684310913,0.23877965566532727,0,0.39249980643143845,22,minimum
0.06383463740348816,useful,family-00301-minimum,0.9413306713104248,0.223290325962559,1,0.38807109974295156,22,minimum
0.19249077141284943,useful,family-00301-minimum,0.9788574576377869,0.10245298576391138,2,0.502513884091104,22,minimum
0.2504248023033142,useful,family-00301-minimum,0.9718531966209412,0.1282400492985228,3,0.5612966768639367,22,minimum
-0.06960313022136688,redundant_or_uncertain,family-00301-sum_mod_10,0.9319242238998413,0.2486328950352804,0,0.6502860101134956,22,sum_mod_10
0.02375606633722782,redundant_or_uncertain,family-00301-sum_mod_10,0.952387273311615,0.19142514570121927,1,0.5492453513887795,22,sum_mod_10
-0.010669123381376266,useful,family-00301-sum_mod_10,0.9867383241653442,0.07050194086666983,2,0.6815353336319175,22,sum_mod_10
0.007355008274316788,candidate_harmful,family-00301-sum_mod_10,0.9814265370368958,0.0924341198536807,3,0.5301541467011842,22,sum_mod_10
0.17860984802246094,useful,family-00302-maximum,0.9327331185340881,0.24651114116214695,0,0.9695559138803533,22,maximum
0.08783990144729614,useful,family-00302-maximum,0.9604014158248901,0.16666632176668172,1,0.4171767161074506,22,maximum
0.33292436599731445,useful,family-00302-maximum,0.9881568551063538,0.06430899897023866,2,0.9229211508991653,22,maximum
0.0018972158432006836,useful,family-00302-maximum,0.9729099869728088,0.12447647353839211,3,0.4672417910583005,22,maximum
0.325918048620224,useful,family-00302-minimum,0.9313885569572449,0.25003228129256544,0,0.5331763027075516,22,minimum
0.2584419250488281,useful,family-00302-minimum,0.9462010860443115,0.20955251257481317,1,0.7480606684592248,22,minimum
0.034275978803634644,useful,family-00302-minimum,0.9821969270706177,0.08936126702103184,2,0.7636334026646727,22,minimum
-0.10538938641548157,useful,family-00302-minimum,0.9756265878677368,0.1146031858773733,3,0.293994538412153,22,minimum
-0.009061630815267563,redundant_or_uncertain,family-00302-sum_mod_10,0.9327331185340881,0.24651114116214695,0,0.5182030226509827,22,sum_mod_10
-0.007035929709672928,redundant_or_uncertain,family-00302-sum_mod_10,0.9606927633285522,0.1657362247371884,1,1.2408784867427352,22,sum_mod_10
0.008288316428661346,useful,family-00302-sum_mod_10,0.9925684928894043,0.043833270333582086,2,0.4342751757403644,22,sum_mod_10
-0.02035808190703392,candidate_harmful,family-00302-sum_mod_10,0.9900175929069519,0.05592067719797157,3,0.3770792831338892,22,sum_mod_10
0.33678215742111206,useful,family-00303-maximum,0.9332184195518494,0.24523318479546885,0,0.6701159746440165,22,maximum
0.2863160967826843,useful,family-00303-maximum,0.9496390223503113,0.1995767514939317,1,0.7156967631558518,22,maximum
0.1230604350566864,useful,family-00303-maximum,0.9813436269760132,0.09276285844797519,2,0.7031336314190942,22,maximum
-0.23023641109466553,useful,family-00303-maximum,0.9703543782234192,0.1335081484195676,3,0.4803231331613673,22,maximum
-0.02002716064453125,useful,family-00303-minimum,0.9307240843772888,0.25176192580407847,0,0.6872023581567219,22,minimum
0.19069933891296387,useful,family-00303-minimum,0.9536747336387634,0.18754964429890844,1,0.5869304138204613,22,minimum
0.7178562879562378,useful,family-00303-minimum,0.975521981716156,0.11498890961658435,2,0.9899251014158393,22,minimum
0.09844404458999634,useful,family-00303-minimum,0.9727051258087158,0.12520931303842686,3,0.4223416684238678,22,minimum
-0.01877688243985176,redundant_or_uncertain,family-00303-sum_mod_10,0.9351699352264404,0.24005578940253638,0,0.772346861882149,22,sum_mod_10
-0.017694178968667984,redundant_or_uncertain,family-00303-sum_mod_10,0.9513201713562012,0.19460957850666505,1,0.30060131290630404,22,sum_mod_10
-0.006163587793707848,useful,family-00303-sum_mod_10,0.980676531791687,0.09539436602826004,2,0.504733673991316,22,sum_mod_10
0.005233226343989372,candidate_harmful,family-00303-sum_mod_10,0.9753254055976868,0.11571252434968635,3,0.46241754125259527,22,sum_mod_10
-0.009838879108428955,useful,family-00304-maximum,0.9362517595291138,0.23715874253555239,0,0.5832152239033009,22,maximum
0.3129405975341797,useful,family-00304-maximum,0.9479680061340332,0.2044554088351969,1,0.8090633546229893,22,maximum
0.8146277070045471,useful,family-00304-maximum,0.9833539724349976,0.08468190600391695,2,1.3217908063839863,22,maximum
-0.02039778232574463,useful,family-00304-maximum,0.9759722352027893,0.11332536618848611,3,0.4211928511557227,22,maximum
0.21135182678699493,useful,family-00304-minimum,0.9319242238998413,0.2486328950352804,0,0.5869442267519944,22,minimum
0.11251440644264221,useful,family-00304-minimum,0.9493172764778137,0.200520595673283,1,0.48694243945932236,22,minimum
0.04863530397415161,useful,family-00304-minimum,0.98003089427948,0.09791885393508534,2,0.6104926267374466,22,minimum
-0.21408185362815857,useful,family-00304-minimum,0.9674392938613892,0.14353374870304778,3,0.5648270820940805,22,minimum
0.016972731798887253,redundant_or_uncertain,family-00304-sum_mod_10,0.9399252533912659,0.22717314092267563,0,0.5905706110047947,22,sum_mod_10
-0.010068099945783615,redundant_or_uncertain,family-00304-sum_mod_10,0.951699435710907,0.19348062575730474,1,0.7871603951960074,22,sum_mod_10
-0.0319945402443409,useful,family-00304-sum_mod_10,0.9887871146202087,0.06150339579270125,2,0.4376302015997115,22,sum_mod_10
-0.013155605643987656,candidate_harmful,family-00304-sum_mod_10,0.9855623245239258,0.07551857600608798,3,0.5035831786436841,22,sum_mod_10
0.7975714206695557,useful,family-00305-maximum,0.9327331185340881,0.24651114116214695,0,0.7651507315080895,22,maximum
-0.0014334917068481445,useful,family-00305-maximum,0.9601026773452759,0.1676176962170981,1,0.39165499962589073,22,maximum
0.5103609561920166,useful,family-00305-maximum,0.984917938709259,0.07822567490720152,2,1.8363446039657878,22,maximum
0.03553569316864014,useful,family-00305-maximum,0.9752839207649231,0.11586502821951002,3,0.34421202300450904,22,maximum
0.11861515045166016,useful,family-00305-minimum,0.9385068416595459,0.23105638674160317,0,0.5315808582300182,22,minimum
0.40180903673171997,useful,family-00305-minimum,0.9493851661682129,0.2003216202384117,1,0.6930417351181738,22,minimum
0.26972830295562744,useful,family-00305-minimum,0.9758455157279968,0.11379442172973481,2,1.1174657095485718,22,minimum
0.025307059288024902,useful,family-00305-minimum,0.973992645740509,0.120576804974988,3,0.5354237609224212,22,minimum
0.008997449651360512,redundant_or_uncertain,family-00305-sum_mod_10,0.9436833262443542,0.216710068585657,0,0.5155038807606364,22,sum_mod_10
0.017541944980621338,redundant_or_uncertain,family-00305-sum_mod_10,0.9570837020874023,0.1771040488374777,1,1.0164410563437971,22,sum_mod_10
-0.03280869871377945,useful,family-00305-sum_mod_10,0.9925867915153503,0.0437436837610663,2,0.7232156699292083,22,sum_mod_10
0.00640125572681427,candidate_harmful,family-00305-sum_mod_10,0.98861163854599,0.06228804451104131,3,0.3790825565782244,22,sum_mod_10
0.07019710540771484,useful,family-00306-maximum,0.9362517595291138,0.23715874253555239,0,0.4677707064479704,22,maximum
0.7372332215309143,useful,family-00306-maximum,0.9452270865440369,0.21233590011697867,1,0.9824504562709339,22,maximum
0.4764470160007477,useful,family-00306-maximum,0.9786559343338013,0.10322486941075071,2,1.034005620866106,22,maximum
0.06628519296646118,useful,family-00306-maximum,0.9603611826896667,0.16679458617607687,3,0.3168649911866086,22,maximum
0.012522578239440918,useful,family-00306-minimum,0.9372493028640747,0.23447002349181648,0,0.31497680071867695,22,minimum
0.8937835097312927,useful,family-00306-minimum,0.9567208886146545,0.178228855682446,1,0.6540499722482918,22,minimum
0.4038558006286621,useful,family-00306-minimum,0.9883188009262085,0.06359141013302202,2,1.3542967239235377,22,minimum
0.015833616256713867,useful,family-00306-minimum,0.9754955172538757,0.11508642171878292,3,0.2919453012093165,22,minimum
-0.01875496469438076,redundant_or_uncertain,family-00306-sum_mod_10,0.9327331185340881,0.24651114116214695,0,0.5118035138571206,22,sum_mod_10
-0.005035983398556709,redundant_or_uncertain,family-00306-sum_mod_10,0.9588877558708191,0.17146295266386197,1,0.6656332289490563,22,sum_mod_10
-0.10177912563085556,useful,family-00306-sum_mod_10,0.9856913685798645,0.07497298818156943,2,1.5176899576683147,22,sum_mod_10
-0.02781781740486622,candidate_harmful,family-00306-sum_mod_10,0.9827464818954468,0.0871485966119645,3,0.33496085452871527,22,sum_mod_10
-0.0012891890946775675,useful,family-00307-maximum,0.9307240843772888,0.25176192580407847,0,0.5550849644498078,22,maximum
-0.009360239841043949,useful,family-00307-maximum,0.9509087800979614,0.19583065195743052,1,0.7528222795749087,22,maximum
0.0013308590278029442,useful,family-00307-maximum,0.981721043586731,0.09126334035851369,2,0.5586784074945685,22,maximum
-0.007391077466309071,useful,family-00307-maximum,0.9717061519622803,0.12876045324846044,3,0.8105375792667088,22,maximum
-0.2755383849143982,useful,family-00307-minimum,0.9289770722389221,0.25627694247619864,0,0.8772107739941702,22,minimum
-0.3091684579849243,useful,family-00307-minimum,0.9343088865280151,0.2423478034681878,1,0.4750552036766817,22,minimum
0.35398346185684204,useful,family-00307-minimum,0.9510495662689209,0.19541318614970843,2,1.0333469625004978,22,minimum
-0.05261474847793579,useful,family-00307-minimum,0.9551749229431152,0.1829863822085574,3,0.4579614299573581,22,minimum
-0.06974312663078308,redundant_or_uncertain,family-00307-sum_mod_10,0.9319242238998413,0.2486328950352804,0,0.7279854072681538,22,sum_mod_10
0.004954172298312187,redundant_or_uncertain,family-00307-sum_mod_10,0.9490747451782227,0.20123064034439245,1,0.46102981267854515,22,sum_mod_10
-0.024076241999864578,useful,family-00307-sum_mod_10,0.9827787280082703,0.0870182163366743,2,1.0168579530052706,22,sum_mod_10
0.020430119708180428,candidate_harmful,family-00307-sum_mod_10,0.9768065810203552,0.11021974910434618,3,0.5083439879805006,22,sum_mod_10
0.7340116500854492,useful,family-00308-maximum,0.9399252533912659,0.22717314092267563,0,0.8138716972332614,22,maximum
0.06312066316604614,useful,family-00308-maximum,0.9521415829658508,0.1921605379355396,1,0.35226057575478376,22,maximum
0.2332804799079895,useful,family-00308-maximum,0.9872504472732544,0.06828478180487399,2,1.3454566720874135,22,maximum
0.26254263520240784,useful,family-00308-maximum,0.9828412532806396,0.08676523358284839,3,0.40265119298674884,22,maximum
-0.060321345925331116,useful,family-00308-minimum,0.9289770722389221,0.25627694247619864,0,0.574343599606375,22,minimum
0.1677531749010086,useful,family-00308-minimum,0.9416247606277466,0.22247333286322665,1,0.5885577414736698,22,minimum
0.14196479320526123,useful,family-00308-minimum,0.9645280241966248,0.15327663542922915,2,0.6438522990403023,22,minimum
0.18270158767700195,useful,family-00308-minimum,0.9575387239456177,0.17568884123103437,3,0.7049488300836885,22,minimum
0.012963667511940002,redundant_or_uncertain,family-00308-sum_mod_10,0.9416711330413818,0.22234436482991382,0,0.5167011474328111,22,sum_mod_10
0.056473128497600555,redundant_or_uncertain,family-00308-sum_mod_10,0.951403796672821,0.19436091952239853,1,0.9087441443343729,22,sum_mod_10
-0.015193022787570953,useful,family-00308-sum_mod_10,0.9890044331550598,0.060527792229314245,2,0.45033229676946995,22,sum_mod_10
-0.010684840381145477,candidate_harmful,family-00308-sum_mod_10,0.9879767298698425,0.06510451032059256,3,0.6952485351154626,22,sum_mod_10
0.061371445655822754,useful,family-00309-maximum,0.9385068416595459,0.23105638674160317,0,0.613602437429239,22,maximum
0.8992396593093872,useful,family-00309-maximum,0.9416991472244263,0.22226643458234083,1,1.1385563488760058,22,maximum
0.1673659086227417,useful,family-00309-maximum,0.9802185297012329,0.09718741233665358,2,0.9493771233874636,22,maximum
0.09888625144958496,useful,family-00309-maximum,0.9711453914642334,0.13073784936115262,3,0.5055142780501852,22,maximum
0.041624605655670166,useful,family-00309-minimum,0.9268379211425781,0.26174251299718587,0,0.6935323674736666,22,minimum
0.7683007121086121,useful,family-00309-minimum,0.9389855861663818,0.2297496430571337,1,0.6677113312800804,22,minimum
0.677107572555542,useful,family-00309-minimum,0.9649114012718201,0.15200822541916176,2,1.2898229049795393,22,minimum
0.0521889328956604,useful,family-00309-minimum,0.9688053131103516,0.13887080338091534,3,0.5526405921693781,22,minimum
-0.030924510210752487,redundant_or_uncertain,family-00309-sum_mod_10,0.9336886405944824,0.2439913344301639,0,0.5686466975410922,22,sum_mod_10
-0.02229335531592369,redundant_or_uncertain,family-00309-sum_mod_10,0.9278708100318909,0.2591120023527548,1,0.2522528812273563,22,sum_mod_10
-0.019407857209444046,useful,family-00309-sum_mod_10,0.973760187625885,0.1214179428605094,2,0.6792669552694031,22,sum_mod_10
0.007802285254001617,candidate_harmful,family-00309-sum_mod_10,0.971886157989502,0.1281232878140171,3,0.38760220908586496,22,sum_mod_10
-0.010834932327270508,useful,family-00310-maximum,0.9416711330413818,0.22234436482991382,0,0.5670028300225459,22,maximum
0.26513350009918213,useful,family-00310-maximum,0.9476370215415955,0.20541497073415843,1,0.6865554046891369,22,maximum
0.1085624098777771,useful,family-00310-maximum,0.9824361801147461,0.08840011761710076,2,0.9557523725578739,22,maximum
0.19803237915039062,useful,family-00310-maximum,0.9668295979499817,0.14559569559802524,3,0.632976103293822,22,maximum
0.2652636766433716,useful,family-00310-minimum,0.9399252533912659,0.22717314092267563,0,0.67999059392958,22,minimum
0.2093273401260376,useful,family-00310-minimum,0.9455299973487854,0.21147225298091946,1,0.36928449163596605,22,minimum
0.6473562717437744,useful,family-00310-minimum,0.9764576554298401,0.1115222034812896,2,1.0258702061542613,22,minimum
0.085205078125,useful,family-00310-minimum,0.9629396200180054,0.15848661606250516,3,0.3566609913292254,22,minimum
-0.006826281547546387,redundant_or_uncertain,family-00310-sum_mod_10,0.9327331185340881,0.24651114116214695,0,0.5818028777230456,22,sum_mod_10
0.04854555055499077,redundant_or_uncertain,family-00310-sum_mod_10,0.9610384702682495,0.1646296733939525,1,1.268688149445825,22,sum_mod_10
-0.10495700687170029,useful,family-00310-sum_mod_10,0.9905725121498108,0.05335389636759324,2,0.6113539602443216,22,sum_mod_10
0.026532139629125595,candidate_harmful,family-00310-sum_mod_10,0.9869067668914795,0.06977494380172583,3,0.4788013038519022,22,sum_mod_10
0.7885997295379639,useful,family-00311-maximum,0.9289770722389221,0.25627694247619864,0,0.8925115957875236,22,maximum
0.10338503122329712,useful,family-00311-maximum,0.9450314044952393,0.21289287809490146,1,0.4156676664948212,22,maximum
0.5961330533027649,useful,family-00311-maximum,0.9712228178977966,0.1304654949747833,2,0.7841372501992545,22,maximum
0.004732728004455566,useful,family-00311-maximum,0.9610117077827454,0.1647154493653473,3,0.4105543283589307,22,maximum
0.02648448944091797,useful,family-00311-minimum,0.9332184195518494,0.24523318479546885,0,0.5432624046746996,22,minimum
0.11629164218902588,useful,family-00311-minimum,0.9488090872764587,0.20200699496755228,1,0.7174973753005892,22,minimum
0.5572909712791443,useful,family-00311-minimum,0.9744668006896973,0.11885446582637196,2,0.8967192087904183,22,minimum
0.03676271438598633,useful,family-00311-minimum,0.9707298874855042,0.13219578088562586,3,0.4152058812265074,22,minimum
0.0013186894357204437,redundant_or_uncertain,family-00311-sum_mod_10,0.9416711330413818,0.22234436482991382,0,0.604591320474171,22,sum_mod_10
0.008054472506046295,redundant_or_uncertain,family-00311-sum_mod_10,0.9494602084159851,0.2001015700218517,1,0.9888853285258025,22,sum_mod_10
-0.015113770961761475,useful,family-00311-sum_mod_10,0.9874829053878784,0.06727156254725236,2,0.5945786937323037,22,sum_mod_10
0.003214810974895954,candidate_harmful,family-00311-sum_mod_10,0.9852429628372192,0.07686380083089343,3,0.3892076385327341,22,sum_mod_10
0.09189021587371826,useful,family-00312-maximum,0.9268379211425781,0.26174251299718587,0,0.7049199081058344,22,maximum
-0.10216385126113892,useful,family-00312-maximum,0.9461272358894348,0.20976420232788906,1,0.8641390850632426,22,maximum
0.2505773603916168,useful,family-00312-maximum,0.9800782203674316,0.09773453738402452,2,0.7181648431757325,22,maximum
0.351960152387619,useful,family-00312-maximum,0.967187762260437,0.14438582806028832,3,0.8760441765295768,22,maximum
0.5909299850463867,useful,family-00312-minimum,0.9416711330413818,0.22234436482991382,0,0.7886982640378791,22,minimum
0.3050386309623718,useful,family-00312-minimum,0.9431034326553345,0.21834151903436988,1,0.7508976090936281,22,minimum
0.03031820058822632,useful,family-00312-minimum,0.97292160987854,0.12443484788031031,2,0.5743929258369441,22,minimum
0.06567329168319702,useful,family-00312-minimum,0.9617895483970642,0.16221455792566516,3,0.49589046192286024,22,minimum
-0.05261049419641495,redundant_or_uncertain,family-00312-sum_mod_10,0.9436833262443542,0.216710068585657,0,0.5837959105423289,22,sum_mod_10
-0.01664075069129467,redundant_or_uncertain,family-00312-sum_mod_10,0.9578006863594055,0.17487178006535187,1,0.6068051171992134,22,sum_mod_10
-0.04617823660373688,useful,family-00312-sum_mod_10,0.987491250038147,0.0672351097642012,2,0.6342302179988735,22,sum_mod_10
-0.008826527744531631,candidate_harmful,family-00312-sum_mod_10,0.9820786118507385,0.08983536142688375,3,0.4435600567333063,22,sum_mod_10
0.10602712631225586,useful,family-00313-maximum,0.9313885569572449,0.25003228129256544,0,0.617319299395246,22,maximum
0.7135974764823914,useful,family-00313-maximum,0.9429075121879578,0.21889129485132666,1,0.7807163511037384,22,maximum
0.7161170840263367,useful,family-00313-maximum,0.9817345142364502,0.09120967420403697,2,1.3094564412216017,22,maximum
0.1217840313911438,useful,family-00313-maximum,0.9661439657211304,0.14790061638954694,3,0.3415710314586719,22,maximum
0.3199298083782196,useful,family-00313-minimum,0.9351699352264404,0.24005578940253638,0,0.7143430665572938,22,minimum
0.11332708597183228,useful,family-00313-minimum,0.9515124559402466,0.19403759636541074,1,0.3899555601220417,22,minimum
0.11096233129501343,useful,family-00313-minimum,0.9781413674354553,0.10518700822329571,2,0.7623381195114314,22,minimum
0.13450220227241516,useful,family-00313-minimum,0.9626569151878357,0.15940639367722964,3,0.6230460240638885,22,minimum
-0.05483163148164749,redundant_or_uncertain,family-00313-sum_mod_10,0.9399252533912659,0.22717314092267563,0,0.735166719264528,22,sum_mod_10
0.026078909635543823,redundant_or_uncertain,family-00313-sum_mod_10,0.9496237635612488,0.19962156206828469,1,0.6090731550177678,22,sum_mod_10
-0.06804531067609787,useful,family-00313-sum_mod_10,0.9856202602386475,0.07527377387444115,2,0.862412928231148,22,sum_mod_10
-0.013798177242279053,candidate_harmful,family-00313-sum_mod_10,0.9804727435112,0.09619353477166653,3,0.39860952335568745,22,sum_mod_10
0.8755185008049011,useful,family-00314-maximum,0.9356473684310913,0.23877965566532727,0,0.7993577373738756,22,maximum
0.05212736129760742,useful,family-00314-maximum,0.9445642232894897,0.21421965934350984,1,0.3846585092380442,22,maximum
0.038789987564086914,useful,family-00314-maximum,0.9835509657859802,0.08387722001659502,2,1.1710327089129062,22,maximum
0.21236419677734375,useful,family-00314-maximum,0.9784963130950928,0.10383487711896783,3,0.4928191771148504,22,maximum
0.43666136264801025,useful,family-00314-minimum,0.9313885569572449,0.25003228129256544,0,0.6283033298052212,22,minimum
0.18804818391799927,useful,family-00314-minimum,0.9369630813598633,0.23524320788117375,1,0.42509655675525343,22,minimum
0.00373685359954834,useful,family-00314-minimum,0.978306233882904,0.10455970404161614,2,0.5859236237184199,22,minimum
0.36634060740470886,useful,family-00314-minimum,0.9764249324798584,0.1116440774669173,3,0.8800766610272868,22,minimum
0.05826312303543091,redundant_or_uncertain,family-00314-sum_mod_10,0.9436833262443542,0.216710068585657,0,0.42628623122596815,22,sum_mod_10
0.06891293078660965,redundant_or_uncertain,family-00314-sum_mod_10,0.9560215473175049,0.1803880298047481,1,0.8698861208398968,22,sum_mod_10
0.08166948705911636,useful,family-00314-sum_mod_10,0.9907733201980591,0.05241703016742659,2,0.5474608795100799,22,sum_mod_10
-0.004289388656616211,candidate_harmful,family-00314-sum_mod_10,0.9863154292106628,0.07231765506291463,3,0.571537034236112,22,sum_mod_10
0.010088741779327393,useful,family-00315-maximum,0.9359408020973206,0.23799345855354848,0,0.6183670542974556,22,maximum
0.33959752321243286,useful,family-00315-maximum,0.9425443410873413,0.21990851139898457,1,0.9509919324898402,22,maximum
0.05145847797393799,useful,family-00315-maximum,0.978500247001648,0.10381985791180898,2,1.115338689390651,22,maximum
0.05474954843521118,useful,family-00315-maximum,0.9692643880844116,0.13729000287046358,3,0.6090140325016334,22,maximum
0.5153260827064514,useful,family-00315-minimum,0.9307240843772888,0.25176192580407847,0,0.6089918120654022,22,minimum
0.5576722621917725,useful,family-00315-minimum,0.9482755661010742,0.2035617670578229,1,0.5743162130793319,22,minimum
0.4372996389865875,useful,family-00315-minimum,0.9704819321632385,0.13306291284417054,2,0.7555764870308199,22,minimum
-0.050621092319488525,useful,family-00315-minimum,0.9608904123306274,0.1651039718169725,3,0.5378495143143089,22,minimum
0.1413935124874115,redundant_or_uncertain,family-00315-sum_mod_10,0.9379916787147522,0.23245810007921586,0,0.68202765478237,22,sum_mod_10
-0.00551171600818634,redundant_or_uncertain,family-00315-sum_mod_10,0.9466420412063599,0.20828629032361237,1,0.4228548513359262,22,sum_mod_10
0.016527682542800903,useful,family-00315-sum_mod_10,0.9846136569976807,0.07949418806456704,2,0.639649950754643,22,sum_mod_10
-0.11321154236793518,candidate_harmful,family-00315-sum_mod_10,0.983274519443512,0.08500578614353316,3,0.4975443863045188,22,sum_mod_10
-0.09622126817703247,useful,family-00316-maximum,0.9307240843772888,0.25176192580407847,0,0.6547785250475258,22,maximum
-0.009916674345731735,useful,family-00316-maximum,0.9526427388191223,0.19065908299028994,1,0.5518462095628953,22,maximum
0.01817651093006134,useful,family-00316-maximum,0.9826995134353638,0.08733839387288314,2,0.6151854917485543,22,maximum
-0.017284952104091644,useful,family-00316-maximum,0.9690947532653809,0.13787495010655204,3,0.524471485217155,22,maximum
0.5272403359413147,useful,family-00316-minimum,0.9436833262443542,0.216710068585657,0,0.8375730168598979,22,minimum
0.036374568939208984,useful,family-00316-minimum,0.9546802043914795,0.18449694079704496,1,0.565600928127056,22,minimum
0.20743417739868164,useful,family-00316-minimum,0.9840648770332336,0.08176661196620391,2,0.46006874003030734,22,minimum
0.29853785037994385,useful,family-00316-minimum,0.9766831994056702,0.11068091278653705,3,0.469747753301036,22,minimum
0.0005857720971107483,redundant_or_uncertain,family-00316-sum_mod_10,0.9372493028640747,0.23447002349181648,0,0.37613071369478795,22,sum_mod_10
0.00019476376473903656,redundant_or_uncertain,family-00316-sum_mod_10,0.9576820135116577,0.17524213061113836,1,0.7459857385704005,22,sum_mod_10
0.0012196674942970276,useful,family-00316-sum_mod_10,0.993305504322052,0.04018782667541556,2,0.4199376690769444,22,sum_mod_10
-0.047060780227184296,candidate_harmful,family-00316-sum_mod_10,0.9883140325546265,0.06361257129919881,3,0.47612905932259136,22,sum_mod_10
0.07533740997314453,useful,family-00317-maximum,0.9289770722389221,0.25627694247619864,0,0.9528050514860127,22,maximum
0.06566435098648071,useful,family-00317-maximum,0.9451557397842407,0.21253906291611496,1,0.4415081340708051,22,maximum
0.8543367385864258,useful,family-00317-maximum,0.975084125995636,0.11659850303455907,2,1.6150660194965833,22,maximum
0.0037366747856140137,useful,family-00317-maximum,0.9693068265914917,0.1371435124421198,3,0.3188736007711593,22,maximum
0.5978320240974426,useful,family-00317-minimum,0.9359408020973206,0.23799345855354848,0,0.6576542799685232,22,minimum
0.342742919921875,useful,family-00317-minimum,0.9454343318939209,0.21174520252365403,1,0.9963295724398034,22,minimum
0.41990503668785095,useful,family-00317-minimum,0.9732032418251038,0.12342465361387212,2,0.7177830077937415,22,minimum
0.12949150800704956,useful,family-00317-minimum,0.9639840126037598,0.155069145233075,3,0.7122437228838263,22,minimum
-0.03713831305503845,redundant_or_uncertain,family-00317-sum_mod_10,0.9436833262443542,0.216710068585657,0,0.42761609711629883,22,sum_mod_10
0.012506240978837013,redundant_or_uncertain,family-00317-sum_mod_10,0.9576878547668457,0.17522390954190248,1,1.0482636172457418,22,sum_mod_10
-0.010271580889821053,useful,family-00317-sum_mod_10,0.9921466708183289,0.04588606592446078,2,0.5527944409142447,22,sum_mod_10
-0.02315794862806797,candidate_harmful,family-00317-sum_mod_10,0.9887548685073853,0.0616477926806924,3,0.46300203540869617,22,sum_mod_10
0.08610451221466064,useful,family-00318-maximum,0.9332184195518494,0.24523318479546885,0,0.7392519869207675,22,maximum
0.7595401406288147,useful,family-00318-maximum,0.9453060626983643,0.21211089764770097,1,1.0226747806470922,22,maximum
-0.03900909423828125,useful,family-00318-maximum,0.982887864112854,0.08657649128069689,2,1.4752228453120504,22,maximum
0.1897437572479248,useful,family-00318-maximum,0.9764407277107239,0.11158525521620827,3,0.43884172357570606,22,maximum
0.49285969138145447,useful,family-00318-minimum,0.9313885569572449,0.25003228129256544,0,0.7157866159691236,22,minimum
0.24646306037902832,useful,family-00318-minimum,0.9405317902565002,0.2255017687655439,1,0.7321929737280412,22,minimum
0.14631527662277222,useful,family-00318-minimum,0.975774347782135,0.1140575528291829,2,0.5099106719259793,22,minimum
0.04735976457595825,useful,family-00318-minimum,0.9679595232009888,0.14176504866556583,3,0.2760729510301881,22,minimum
0.10769723355770111,redundant_or_uncertain,family-00318-sum_mod_10,0.9436833262443542,0.216710068585657,0,0.5539814099307684,22,sum_mod_10
0.03787580132484436,redundant_or_uncertain,family-00318-sum_mod_10,0.9561192393302917,0.18008711464230753,1,0.5068900642628738,22,sum_mod_10
0.06942857801914215,useful,family-00318-sum_mod_10,0.9883588552474976,0.06341357850382481,2,0.5228308367905347,22,sum_mod_10
-0.009069249033927917,candidate_harmful,family-00318-sum_mod_10,0.9839073419570923,0.08241536650661266,3,0.4299633215346554,22,sum_mod_10
-0.2511230409145355,useful,family-00319-maximum,0.9268379211425781,0.26174251299718587,0,0.5560039736807261,22,maximum
-0.009171873331069946,useful,family-00319-maximum,0.9490470886230469,0.20131153141319413,1,0.8164818594386506,22,maximum
0.19786103069782257,useful,family-00319-maximum,0.9823447465896606,0.08876782205162165,2,0.6916468591067362,22,maximum
-0.12824073433876038,useful,family-00319-maximum,0.9718492031097412,0.12825419310906214,3,0.7812521518005069,22,maximum
0.13727529346942902,useful,family-00319-minimum,0.9372493028640747,0.23447002349181648,0,0.42772424538006687,22,minimum
0.10329914093017578,useful,family-00319-minimum,0.9552229046821594,0.18283957309246832,1,0.4406173515100497,22,minimum
0.028773233294487,useful,family-00319-minimum,0.9874089956283569,0.06759418455468061,2,0.662942872521415,22,minimum
-0.2809349298477173,useful,family-00319-minimum,0.9751541018486023,0.11634179941140768,3,0.6698746552971327,22,minimum
-0.009939799085259438,redundant_or_uncertain,family-00319-sum_mod_10,0.9351699352264404,0.24005578940253638,0,0.6093998218164632,22,sum_mod_10
-0.00441993772983551,redundant_or_uncertain,family-00319-sum_mod_10,0.9557153582572937,0.1813296981601121,1,0.647670018384501,22,sum_mod_10
-0.0002782251685857773,useful,family-00319-sum_mod_10,0.986807644367218,0.07020301969471748,2,0.6883539269171516,22,sum_mod_10
-0.049595363438129425,candidate_harmful,family-00319-sum_mod_10,0.9806222915649414,0.09560728563269745,3,0.6186893145984663,22,sum_mod_10
0.8796901106834412,useful,family-00320-maximum,0.9356473684310913,0.23877965566532727,0,0.866903027070082,22,maximum
0.03770953416824341,useful,family-00320-maximum,0.9472888112068176,0.2064220891601396,1,0.3357910354479181,22,maximum
0.2666318416595459,useful,family-00320-maximum,0.9853238463401794,0.07652377024184161,2,1.0583589290853117,22,maximum
0.12711787223815918,useful,family-00320-maximum,0.9815733432769775,0.09185110667500715,3,0.3931266953046012,22,maximum
0.02832585573196411,useful,family-00320-minimum,0.9385068416595459,0.23105638674160317,0,0.7029991921654973,22,minimum
0.074252188205719,useful,family-00320-minimum,0.9436696767807007,0.21674854194111462,1,0.5518148125357771,22,minimum
0.8330528736114502,useful,family-00320-minimum,0.9739407300949097,0.12076484345972562,2,1.2267191723912594,22,minimum
0.07487684488296509,useful,family-00320-minimum,0.9706136584281921,0.13260251733551126,3,0.42646748855576105,22,minimum
-0.0047765448689460754,redundant_or_uncertain,family-00320-sum_mod_10,0.9327331185340881,0.24651114116214695,0,0.6806397664926979,22,sum_mod_10
0.014512456953525543,redundant_or_uncertain,family-00320-sum_mod_10,0.9557462930679321,0.18123466061429544,1,0.6381326776850262,22,sum_mod_10
-0.04839230328798294,useful,family-00320-sum_mod_10,0.9850067496299744,0.07785426342534509,2,0.7955925343720343,22,sum_mod_10
-0.061732418835163116,candidate_harmful,family-00320-sum_mod_10,0.9836986064910889,0.08327256060131523,3,0.48570064218257225,22,sum_mod_10
0.07603615522384644,useful,family-00321-maximum,0.9332184195518494,0.24523318479546885,0,0.6662670430528167,22,maximum
0.5236233472824097,useful,family-00321-maximum,0.9501093029975891,0.198193281492896,1,1.0413288161551966,22,maximum
0.02699911594390869,useful,family-00321-maximum,0.9837344884872437,0.08312540176818675,2,1.2853447715547381,22,maximum
0.03425222635269165,useful,family-00321-maximum,0.9773807525634766,0.108064771193731,3,0.42096376460230256,22,maximum
-0.012720704078674316,useful,family-00321-minimum,0.9307240843772888,0.25176192580407847,0,0.6171536128587523,22,minimum
0.5400381684303284,useful,family-00321-minimum,0.9511611461639404,0.19508202179678868,1,0.5736127479935103,22,minimum
0.7584087252616882,useful,family-00321-minimum,0.9725328087806702,0.12582450955805868,2,1.1744554199588275,22,minimum
0.04349255561828613,useful,family-00321-minimum,0.9736384749412537,0.12185750932712539,3,0.49233640147257146,22,minimum
0.03850044310092926,redundant_or_uncertain,family-00321-sum_mod_10,0.9336886405944824,0.2439913344301639,0,0.5106142855810879,22,sum_mod_10
0.11698480695486069,redundant_or_uncertain,family-00321-sum_mod_10,0.9340385794639587,0.24306483192749845,1,0.2887686578618804,22,sum_mod_10
-0.062074899673461914,useful,family-00321-sum_mod_10,0.9758333563804626,0.11383939400503235,2,0.6977569780337604,22,sum_mod_10
0.12841233611106873,candidate_harmful,family-00321-sum_mod_10,0.975907027721405,0.11356681873343474,3,0.5368977145473438,22,sum_mod_10
0.018153369426727295,useful,family-00322-maximum,0.9359408020973206,0.23799345855354848,0,0.6565767246655592,22,maximum
0.1635493040084839,useful,family-00322-maximum,0.9453913569450378,0.21186775947649972,1,1.0174384150026692,22,maximum
0.0672195553779602,useful,family-00322-maximum,0.9841433763504028,0.08144274943777176,2,0.9339421800040428,22,maximum
0.05457150936126709,useful,family-00322-maximum,0.9799745678901672,0.09813807398804827,3,0.7918544597378231,22,maximum
-0.003512941300868988,useful,family-00322-minimum,0.9319242238998413,0.2486328950352804,0,0.6168997058957422,22,minimum
0.010102301836013794,useful,family-00322-minimum,0.9463282823562622,0.20918765604409226,1,0.478759937111934,22,minimum
-0.041182711720466614,useful,family-00322-minimum,0.9792305827140808,0.10101863111739558,2,0.6658376696043036,22,minimum
-0.05089404433965683,useful,family-00322-minimum,0.9725916385650635,0.12561460409395764,3,1.1506736590124877,22,minimum
-0.0480811670422554,redundant_or_uncertain,family-00322-sum_mod_10,0.9327331185340881,0.24651114116214695,0,0.6255389392418204,22,sum_mod_10
0.0009937025606632233,redundant_or_uncertain,family-00322-sum_mod_10,0.9602691531181335,0.16708781932827269,1,0.8694147921471762,22,sum_mod_10
-0.02895236760377884,useful,family-00322-sum_mod_10,0.9886441230773926,0.06214299608649116,2,0.5532446071205115,22,sum_mod_10
-0.04641754925251007,candidate_harmful,family-00322-sum_mod_10,0.9852285385131836,0.07692439268961493,3,0.8001224882908716,22,sum_mod_10
-0.0054126824252307415,useful,family-00323-maximum,0.936403751373291,0.236750155465331,0,0.7281659267241689,22,maximum
-0.014375220984220505,useful,family-00323-maximum,0.9539412260055542,0.18674279690015744,1,0.3547161226079473,22,maximum
-0.0024156258441507816,useful,family-00323-maximum,0.984423816204071,0.08028250741106985,2,0.6309382487733688,22,maximum
-0.003341170959174633,useful,family-00323-maximum,0.9763317108154297,0.11199101922284642,3,0.6082789786810606,22,maximum
0.4255184531211853,useful,family-00323-minimum,0.9385068416595459,0.23105638674160317,0,0.5938558750776661,22,minimum
0.7511289119720459,useful,family-00323-minimum,0.9429119825363159,0.21887875848724025,1,0.732327390436318,22,minimum
0.5786342620849609,useful,family-00323-minimum,0.9700727462768555,0.13448920394259667,2,0.9780473833955651,22,minimum
0.07582747936248779,useful,family-00323-minimum,0.968582272529602,0.13963630860417128,3,0.6184242932062313,22,minimum
0.0007507652044296265,redundant_or_uncertain,family-00323-sum_mod_10,0.9289770722389221,0.25627694247619864,0,0.7274364366073583,22,sum_mod_10
-0.023552462458610535,redundant_or_uncertain,family-00323-sum_mod_10,0.9355579018592834,0.23901907878799125,1,0.8218367516438422,22,sum_mod_10
-0.041739050298929214,useful,family-00323-sum_mod_10,0.9725162386894226,0.12588360846990834,2,0.5888026370813966,22,sum_mod_10
-0.034887876361608505,candidate_harmful,family-00323-sum_mod_10,0.9765680432319641,0.11111072904809083,3,0.6165575829847663,22,sum_mod_10
0.02087247371673584,useful,family-00324-maximum,0.9359408020973206,0.23799345855354848,0,0.5230554965712787,22,maximum
0.22267353534698486,useful,family-00324-maximum,0.9466076493263245,0.20838518615255472,1,0.9455423981631065,22,maximum
0.7205281257629395,useful,family-00324-maximum,0.97925865650177,0.1009104354121417,2,1.4878985584818571,22,maximum
0.018351197242736816,useful,family-00324-maximum,0.9681536555290222,0.1411027999758072,3,0.3258524736261515,22,maximum
0.29849594831466675,useful,family-00324-minimum,0.9416711330413818,0.22234436482991382,0,0.5000368829828348,22,minimum
0.3244433104991913,useful,family-00324-minimum,0.948236882686615,0.2036742708297885,1,0.7703949701864091,22,minimum
0.2805393934249878,useful,family-00324-minimum,0.9752843379974365,0.11586349477183336,2,0.44163911705589814,22,minimum
-0.10931286215782166,useful,family-00324-minimum,0.963577926158905,0.15640163043113223,3,0.47743235619297075,22,minimum
-0.0029019545763731003,redundant_or_uncertain,family-00324-sum_mod_10,0.9327331185340881,0.24651114116214695,0,0.47860510548301477,22,sum_mod_10
-0.0007155938073992729,redundant_or_uncertain,family-00324-sum_mod_10,0.9592276811599731,0.17039089940744845,1,0.7054109127714576,22,sum_mod_10
-0.003769638016819954,useful,family-00324-sum_mod_10,0.9863911867141724,0.07199337364883666,2,0.5562674817443322,22,sum_mod_10
-0.008981983177363873,candidate_harmful,family-00324-sum_mod_10,0.9844332933425903,0.08024320929488966,3,0.649259843334673,22,sum_mod_10
0.05850410461425781,useful,family-00325-maximum,0.9268379211425781,0.26174251299718587,0,0.5709059379373438,22,maximum
0.611846387386322,useful,family-00325-maximum,0.9463159441947937,0.20922306140879465,1,0.8672460449307976,22,maximum
0.4540739357471466,useful,family-00325-maximum,0.9782928824424744,0.10461055277971162,2,1.0875876962803206,22,maximum
0.032380521297454834,useful,family-00325-maximum,0.9566946625709534,0.17831003905536263,3,0.2990013966712819,22,maximum
0.024220764636993408,useful,family-00325-minimum,0.9356473684310913,0.23877965566532727,0,0.42428868366105954,22,minimum
0.2623676061630249,useful,family-00325-minimum,0.941223680973053,0.22358716095123057,1,0.4420046985987416,22,minimum
0.22028964757919312,useful,family-00325-minimum,0.9776254296302795,0.10714194020445238,2,1.0965235094977743,22,minimum
0.014387845993041992,useful,family-00325-minimum,0.963300883769989,0.1573079859547848,3,0.4468956509156625,22,minimum
-0.019431177526712418,redundant_or_uncertain,family-00325-sum_mod_10,0.9356473684310913,0.23877965566532727,0,0.5856560776464459,22,sum_mod_10
0.006877948064357042,redundant_or_uncertain,family-00325-sum_mod_10,0.9469174146652222,0.20749359251921495,1,0.32921212263299016,22,sum_mod_10
-0.021979905664920807,useful,family-00325-sum_mod_10,0.9849663972854614,0.07802308485953545,2,0.8084608484943342,22,sum_mod_10
-0.01316186971962452,candidate_harmful,family-00325-sum_mod_10,0.9748433828353882,0.11748012363783195,3,0.4038627050182401,22,sum_mod_10
0.37675967812538147,useful,family-00326-maximum,0.9356473684310913,0.23877965566532727,0,0.7370645081668822,22,maximum
-0.1825142800807953,useful,family-00326-maximum,0.9482240080833435,0.20371170754110077,1,0.311143014461125,22,maximum
0.2695397138595581,useful,family-00326-maximum,0.9828758835792542,0.08662501664758099,2,0.6282990123742027,22,maximum
0.24138811230659485,useful,family-00326-maximum,0.9748228788375854,0.11755510138415683,3,0.4160154100343396,22,maximum
0.36514177918434143,useful,family-00326-minimum,0.9312008023262024,0.2505217105674939,0,0.3761902020326991,22,minimum
0.35064488649368286,useful,family-00326-minimum,0.9523518085479736,0.191531379716334,1,0.6643842527370171,22,minimum
0.37610486149787903,useful,family-00326-minimum,0.9822225570678711,0.08925846115609451,2,0.9024723473579918,22,minimum
0.17841041088104248,useful,family-00326-minimum,0.9797787666320801,0.09889886970004903,3,0.4486578769586282,22,minimum
0.02812381088733673,redundant_or_uncertain,family-00326-sum_mod_10,0.9268379211425781,0.26174251299718587,0,0.5392184701044236,22,sum_mod_10
0.09701651334762573,redundant_or_uncertain,family-00326-sum_mod_10,0.9499556422233582,0.1986458314065369,1,1.1338483496591671,22,sum_mod_10
0.12590037286281586,useful,family-00326-sum_mod_10,0.9881435036659241,0.06436805936088619,2,0.44965307957454415,22,sum_mod_10
-0.09705935418605804,candidate_harmful,family-00326-sum_mod_10,0.9867297410964966,0.07053892701526412,3,0.29618076964552636,22,sum_mod_10
-0.00021771062165498734,useful,family-00327-maximum,0.9359408020973206,0.23799345855354848,0,0.560136549294895,22,maximum
-0.00219844002276659,useful,family-00327-maximum,0.9482990503311157,0.20349345250604445,1,0.9367347535430881,22,maximum
0.00910953339189291,useful,family-00327-maximum,0.9794189929962158,0.10029175719287903,2,0.4705148968946037,22,maximum
0.0028386395424604416,useful,family-00327-maximum,0.966128408908844,0.14795274661167301,3,0.43092501094054697,22,maximum
-0.2650391161441803,useful,family-00327-minimum,0.9307240843772888,0.25176192580407847,0,0.5873941539830054,22,minimum
-0.29144397377967834,useful,family-00327-minimum,0.9554015398025513,0.18229253182337338,1,0.5878546784054297,22,minimum
0.3492743968963623,useful,family-00327-minimum,0.9759160280227661,0.11353350287096098,2,0.748269237860136,22,minimum
-0.03654313087463379,useful,family-00327-minimum,0.9726963043212891,0.1252408341179179,3,0.3333792959692986,22,minimum
-0.011037793010473251,redundant_or_uncertain,family-00327-sum_mod_10,0.9336886405944824,0.2439913344301639,0,0.4553677870126471,22,sum_mod_10
0.0008555958047509193,redundant_or_uncertain,family-00327-sum_mod_10,0.9354699850082397,0.23925422533905535,1,0.36163148977958265,22,sum_mod_10
-0.03234191983938217,useful,family-00327-sum_mod_10,0.975216805934906,0.11611160030081713,2,0.8988412839317519,22,sum_mod_10
-0.005755160003900528,candidate_harmful,family-00327-sum_mod_10,0.9708242416381836,0.13186524475641492,3,0.3021359124164948,22,sum_mod_10
0.051821231842041016,useful,family-00328-maximum,0.9359408020973206,0.23799345855354848,0,0.6672107320850873,22,maximum
0.8038565516471863,useful,family-00328-maximum,0.9453178644180298,0.21207726428062018,1,0.9805946328279406,22,maximum
0.09979897737503052,useful,family-00328-maximum,0.9839211702346802,0.08235848242955873,2,1.08241826563866,22,maximum
0.04628998041152954,useful,family-00328-maximum,0.9781690835952759,0.10508163951272839,3,0.6015890445699462,22,maximum
0.0889211893081665,useful,family-00328-minimum,0.9356473684310913,0.23877965566532727,0,0.4158238128258315,22,minimum
0.02955949306488037,useful,family-00328-minimum,0.9407901167869568,0.22478793092791877,1,0.4132359581222826,22,minimum
0.5411898493766785,useful,family-00328-minimum,0.9805734753608704,0.09579878088974811,2,1.0961676692913267,22,minimum
0.09687203168869019,useful,family-00328-minimum,0.9717570543289185,0.12858039450953068,3,0.4474180763031288,22,minimum
0.0627509132027626,redundant_or_uncertain,family-00328-sum_mod_10,0.9289770722389221,0.25627694247619864,0,0.7613510830988491,22,sum_mod_10
0.1150759756565094,redundant_or_uncertain,family-00328-sum_mod_10,0.942030668258667,0.22134311743017543,1,0.9663386773443374,22,sum_mod_10
0.04396110028028488,useful,family-00328-sum_mod_10,0.9794275760650635,0.1002586024819098,2,0.8771499514192926,22,sum_mod_10
-0.0345635712146759,candidate_harmful,family-00328-sum_mod_10,0.9802888631820679,0.09691277095149499,3,0.31776847081388415,22,sum_mod_10
0.8606513738632202,useful,family-00329-maximum,0.9351699352264404,0.24005578940253638,0,0.9329490345416858,22,maximum
0.05458551645278931,useful,family-00329-maximum,0.9553847908973694,0.1823438544192898,1,0.2960229415068,22,maximum
0.7172084450721741,useful,family-00329-maximum,0.9842904210090637,0.08083502708534349,2,1.3269073932763804,22,maximum
0.01809602975845337,useful,family-00329-maximum,0.9775320291519165,0.10749453349822605,3,0.24720690264840736,22,maximum
0.2141590118408203,useful,family-00329-minimum,0.9313885569572449,0.25003228129256544,0,0.5236054604798485,22,minimum
0.27309173345565796,useful,family-00329-minimum,0.9442135095596313,0.2152129354227414,1,0.6723728147883822,22,minimum
0.7089185118675232,useful,family-00329-minimum,0.9807065725326538,0.09527637454802396,2,1.2178975973096746,22,minimum
0.03581953048706055,useful,family-00329-minimum,0.9764024019241333,0.11172796365891129,3,0.4118508637360911,22,minimum
-0.02034236304461956,redundant_or_uncertain,family-00329-sum_mod_10,0.9268379211425781,0.26174251299718587,0,0.5229683000139126,22,sum_mod_10
-0.006113734096288681,redundant_or_uncertain,family-00329-sum_mod_10,0.9500768184661865,0.1982889939129555,1,1.0988253780976336,22,sum_mod_10
-0.016189856454730034,useful,family-00329-sum_mod_10,0.9886587262153625,0.062077760223219605,2,0.6542038107085264,22,sum_mod_10
0.0029358575120568275,candidate_harmful,family-00329-sum_mod_10,0.9881856441497803,0.06418159814791614,3,0.35437323361922424,22,sum_mod_10
-0.004889786243438721,useful,family-00330-maximum,0.9313885569572449,0.25003228129256544,0,0.6187519208583525,22,maximum
0.8594757914543152,useful,family-00330-maximum,0.9443386197090149,0.21485887257398167,1,0.8355974703901463,22,maximum
0.22297322750091553,useful,family-00330-maximum,0.9835658669471741,0.08381625395175994,2,1.1218611645461967,22,maximum
0.10459274053573608,useful,family-00330-maximum,0.9775024056434631,0.10760628125727106,3,0.537666913249697,22,maximum
0.2607756555080414,useful,family-00330-minimum,0.9359408020973206,0.23799345855354848,0,0.5576884547646112,22,minimum
0.4404923617839813,useful,family-00330-minimum,0.9465581774711609,0.20852740427653257,1,0.7137598817402445,22,minimum
0.07822507619857788,useful,family-00330-minimum,0.9783540368080139,0.10437757849136126,2,1.1840456238388137,22,minimum
0.12567710876464844,useful,family-00330-minimum,0.9660389423370361,0.14825240185841648,3,0.4874409208397368,22,minimum
-0.007551219314336777,redundant_or_uncertain,family-00330-sum_mod_10,0.9336886405944824,0.2439913344301639,0,0.5499451505056357,22,sum_mod_10
-0.02699015662074089,redundant_or_uncertain,family-00330-sum_mod_10,0.9359757900238037,0.2378996196598595,1,0.2487864230418858,22,sum_mod_10
-0.0013622725382447243,useful,family-00330-sum_mod_10,0.9795951247215271,0.09961066073781115,2,0.6220088846090781,22,sum_mod_10
-0.042162250727415085,candidate_harmful,family-00330-sum_mod_10,0.9741088151931763,0.12015565344641302,3,0.5000558391468731,22,sum_mod_10
0.41838890314102173,useful,family-00331-maximum,0.9416711330413818,0.22234436482991382,0,0.659367234995309,22,maximum
0.15124523639678955,useful,family-00331-maximum,0.9443455338478088,0.21483929682153616,1,0.683031900201145,22,maximum
0.07985532283782959,useful,family-00331-maximum,0.9821212291717529,0.08966468382348908,2,0.6084706021401567,22,maximum
0.36306673288345337,useful,family-00331-maximum,0.9706270098686218,0.13255581890223309,3,0.8721054404921073,22,maximum
0.5288188457489014,useful,family-00331-minimum,0.936403751373291,0.236750155465331,0,0.7059782343546644,22,minimum
0.14448189735412598,useful,family-00331-minimum,0.9502398371696472,0.19780845102217326,1,0.5031361401080598,22,minimum
0.05521416664123535,useful,family-00331-minimum,0.9803211688995361,0.09678653636390579,2,0.5000238819039042,22,minimum
0.16673678159713745,useful,family-00331-minimum,0.9772104620933533,0.10870544363701054,3,0.501164630147243,22,minimum
-0.03633108735084534,redundant_or_uncertain,family-00331-sum_mod_10,0.9372493028640747,0.23447002349181648,0,0.418821308559521,22,sum_mod_10
0.011165464296936989,redundant_or_uncertain,family-00331-sum_mod_10,0.9575211405754089,0.17574362323107062,1,0.6825067174453154,22,sum_mod_10
-0.02934400364756584,useful,family-00331-sum_mod_10,0.9930776357650757,0.041323252102790343,2,0.5449477992593627,22,sum_mod_10
-0.025061819702386856,candidate_harmful,family-00331-sum_mod_10,0.988516092300415,0.06271413090213226,3,0.6412535803808616,22,sum_mod_10
0.7357217669487,useful,family-00332-maximum,0.9356473684310913,0.23877965566532727,0,0.7859107753736301,22,maximum
0.05354541540145874,useful,family-00332-maximum,0.9481415152549744,0.20395149971529222,1,0.308952493233925,22,maximum
0.5436236262321472,useful,family-00332-maximum,0.9842699766159058,0.08091960532603153,2,0.7732039944434341,22,maximum
0.09968119859695435,useful,family-00332-maximum,0.9726200699806213,0.12551311390190203,3,0.4432901786862617,22,maximum
0.555805504322052,useful,family-00332-minimum,0.9362517595291138,0.23715874253555239,0,0.7316556492142615,22,minimum
0.15293806791305542,useful,family-00332-minimum,0.9417458772659302,0.22213640848434052,1,0.5638470623962635,22,minimum
0.097786545753479,useful,family-00332-minimum,0.9718897938728333,0.12811040572245033,2,0.6969293768005577,22,minimum
-0.039571166038513184,useful,family-00332-minimum,0.9641619324684143,0.1544838461430338,3,0.32608730593382035,22,minimum
0.09537951648235321,redundant_or_uncertain,family-00332-sum_mod_10,0.9312008023262024,0.2505217105674939,0,0.3688879075595974,22,sum_mod_10
-0.019639551639556885,redundant_or_uncertain,family-00332-sum_mod_10,0.9510214328765869,0.1954966426159716,1,0.596843294671583,22,sum_mod_10
0.09833487868309021,useful,family-00332-sum_mod_10,0.9879217743873596,0.06534667195512049,2,0.6512726664009224,22,sum_mod_10
-0.0403524786233902,candidate_harmful,family-00332-sum_mod_10,0.9851235747337341,0.07736488145934912,3,0.4171411800148008,22,sum_mod_10
0.3733735978603363,useful,family-00333-maximum,0.9246008992195129,0.2673859802951349,0,0.5454577586988477,22,maximum
0.615522563457489,useful,family-00333-maximum,0.9371019601821899,0.2348682212007376,1,0.574671887166405,22,maximum
0.3220764398574829,useful,family-00333-maximum,0.9668573141098022,0.14550221463054508,2,1.0975200296996186,22,maximum
0.20278629660606384,useful,family-00333-maximum,0.9514140486717224,0.19433042491020427,3,0.6149348023692776,22,maximum
0.09906119108200073,useful,family-00333-minimum,0.9362517595291138,0.23715874253555239,0,0.7134793666848036,22,minimum
0.8064241409301758,useful,family-00333-minimum,0.9349636435508728,0.24060602276489698,1,0.6211451064478825,22,minimum
0.8809248208999634,useful,family-00333-minimum,0.9625189900398254,0.15985432397138166,2,1.323701915856537,22,minimum
0.08332419395446777,useful,family-00333-minimum,0.9678683876991272,0.14207552201606427,3,0.5233499954637033,22,minimum
0.17210307717323303,redundant_or_uncertain,family-00333-sum_mod_10,0.9201776385307312,0.27833530231340725,0,0.6460712062924212,22,sum_mod_10
0.12248106300830841,redundant_or_uncertain,family-00333-sum_mod_10,0.9185242056846619,0.2823590599623182,1,0.3967591267498796,22,sum_mod_10
0.15276886522769928,useful,family-00333-sum_mod_10,0.9368592500686646,0.2355233493545749,2,0.46087969838169085,22,sum_mod_10
0.05178658664226532,candidate_harmful,family-00333-sum_mod_10,0.946905791759491,0.20752708098565303,3,0.5292987894795035,22,sum_mod_10
-0.2288552224636078,useful,family-00334-maximum,0.9372493028640747,0.23447002349181648,0,0.48750189418704426,22,maximum
0.21341055631637573,useful,family-00334-maximum,0.9544486403465271,0.18520204422911551,1,0.5360212434988922,22,maximum
0.21809415519237518,useful,family-00334-maximum,0.9911139607429504,0.050817637856819295,2,0.5422346432469308,22,maximum
0.2455175668001175,useful,family-00334-maximum,0.9820525050163269,0.08993986539280224,3,0.7656470481311508,22,maximum
0.29589134454727173,useful,family-00334-minimum,0.9289770722389221,0.25627694247619864,0,0.9053007743905385,22,minimum
0.324333131313324,useful,family-00334-minimum,0.9401693344116211,0.22650133845972623,1,0.47120012104570547,22,minimum
0.8306630253791809,useful,family-00334-minimum,0.960090696811676,0.16765580119853274,2,1.0755262172645512,22,minimum
0.0960700511932373,useful,family-00334-minimum,0.9644556045532227,0.15351575337913964,3,0.4827260717981124,22,minimum
-0.005131684243679047,redundant_or_uncertain,family-00334-sum_mod_10,0.9319242238998413,0.2486328950352804,0,0.6256145884857377,22,sum_mod_10
0.02124384231865406,redundant_or_uncertain,family-00334-sum_mod_10,0.9526533484458923,0.19062723673791007,1,0.7126246847380275,22,sum_mod_10
-0.0495690293610096,useful,family-00334-sum_mod_10,0.9867081642150879,0.07063188124209291,2,0.6941367619428329,22,sum_mod_10
0.0072297751903533936,candidate_harmful,family-00334-sum_mod_10,0.9839016795158386,0.08243865606969127,3,0.6188910287614617,22,sum_mod_10
0.8905875086784363,useful,family-00335-maximum,0.9351699352264404,0.24005578940253638,0,1.0091031920152667,22,maximum
0.017952442169189453,useful,family-00335-maximum,0.9545844793319702,0.18478856977481511,1,0.26375264607073484,22,maximum
0.013276815414428711,useful,family-00335-maximum,0.9849417209625244,0.07812626857979943,2,1.091692609207151,22,maximum
0.16166555881500244,useful,family-00335-maximum,0.9808045029640198,0.0948914001346832,3,0.541571668736399,22,maximum
0.0481947660446167,useful,family-00335-minimum,0.9313885569572449,0.25003228129256544,0,0.4562589884996759,22,minimum
0.46836936473846436,useful,family-00335-minimum,0.9447765946388245,0.21361704951513025,1,0.49095344826347864,22,minimum
0.576302170753479,useful,family-00335-minimum,0.9817728400230408,0.09105693149375339,2,1.5485783523644314,22,minimum
0.015857279300689697,useful,family-00335-minimum,0.975707471370697,0.11430462144460127,3,0.3765765701886721,22,minimum
-0.008695860393345356,redundant_or_uncertain,family-00335-sum_mod_10,0.9289770722389221,0.25627694247619864,0,0.4961820058309497,22,sum_mod_10
0.002122011035680771,redundant_or_uncertain,family-00335-sum_mod_10,0.9445236325263977,0.21433473866260283,1,1.1275327427690645,22,sum_mod_10
-0.03653545677661896,useful,family-00335-sum_mod_10,0.9834516048431396,0.08428339145201603,2,0.7734711272048408,22,sum_mod_10
-0.0031186388805508614,candidate_harmful,family-00335-sum_mod_10,0.9848501682281494,0.07850873692530552,3,0.3831249305119617,22,sum_mod_10
-0.14917528629302979,useful,family-00336-maximum,0.9359408020973206,0.23799345855354848,0,0.6833816060655267,22,maximum
0.4156431555747986,useful,family-00336-maximum,0.9446319937705994,0.21402745237259216,1,0.9857533205888529,22,maximum
0.38080698251724243,useful,family-00336-maximum,0.9797663688659668,0.0989469765135056,2,0.6268736348593834,22,maximum
-0.04135710000991821,useful,family-00336-maximum,0.9628193378448486,0.15887822579949468,3,0.5007514849655638,22,maximum
0.08111608028411865,useful,family-00336-minimum,0.9362517595291138,0.23715874253555239,0,0.6472684726073882,22,minimum
0.016810238361358643,useful,family-00336-minimum,0.9453372359275818,0.21202205215495284,1,0.8056391391798001,22,minimum
0.7738474607467651,useful,family-00336-minimum,0.9738357067108154,0.12114491369666908,2,1.0899723591030412,22,minimum
0.06722402572631836,useful,family-00336-minimum,0.9679511189460754,0.14179369082676035,3,0.30974737808636316,22,minimum
0.09152650833129883,redundant_or_uncertain,family-00336-sum_mod_10,0.9436833262443542,0.216710068585657,0,0.5228105592749599,22,sum_mod_10
-0.06856280565261841,redundant_or_uncertain,family-00336-sum_mod_10,0.9583922624588013,0.17302039131398544,1,0.6825150787381846,22,sum_mod_10
0.6119861602783203,useful,family-00336-sum_mod_10,0.9911113381385803,0.05083000133630501,2,0.9128196818250927,22,sum_mod_10
0.10414022207260132,candidate_harmful,family-00336-sum_mod_10,0.9848350286483765,0.07857192942389034,3,0.3663482520355711,22,sum_mod_10
0.05670273303985596,useful,family-00337-maximum,0.9362517595291138,0.23715874253555239,0,0.4469740766255953,22,maximum
0.04416024684906006,useful,family-00337-maximum,0.9484072327613831,0.20317860942185073,1,0.898645794826741,22,maximum
0.6701534986495972,useful,family-00337-maximum,0.982880175113678,0.08660763540718246,2,1.5361287318657928,22,maximum
0.04950976371765137,useful,family-00337-maximum,0.9742341637611389,0.11970062443217468,3,0.2901788448624604,22,maximum
0.08833818137645721,useful,family-00337-minimum,0.9351699352264404,0.24005578940253638,0,0.4837467667371071,22,minimum
0.020639851689338684,useful,family-00337-minimum,0.9530933499336243,0.1893043076087902,1,0.46416720110397824,22,minimum
0.11586441844701767,useful,family-00337-minimum,0.9808124303817749,0.09486021440259314,2,0.6862364433275308,22,minimum
0.15154628455638885,useful,family-00337-minimum,0.9639970660209656,0.15502623473749783,3,0.5338221553901505,22,minimum
-0.025874491780996323,redundant_or_uncertain,family-00337-sum_mod_10,0.9327331185340881,0.24651114116214695,0,0.5678586805104192,22,sum_mod_10
0.009781237691640854,redundant_or_uncertain,family-00337-sum_mod_10,0.9610998034477234,0.1644330233279529,1,1.2590203142182257,22,sum_mod_10
-0.019827745854854584,useful,family-00337-sum_mod_10,0.9906596541404724,0.05294787278016738,2,0.651621252519635,22,sum_mod_10
-0.03130266070365906,candidate_harmful,family-00337-sum_mod_10,0.9872736930847168,0.06818365435358954,3,0.4374704741487164,22,sum_mod_10
0.7355215549468994,useful,family-00338-maximum,0.9319242238998413,0.2486328950352804,0,0.961908119518973,22,maximum
0.04532212018966675,useful,family-00338-maximum,0.9507173299789429,0.19639766783239007,1,0.32848415086459054,22,maximum
0.7477595210075378,useful,family-00338-maximum,0.9844956398010254,0.07998453579677017,2,1.125148529530601,22,maximum
0.047325730323791504,useful,family-00338-maximum,0.9703337550163269,0.13358008192909263,3,0.3171611342415701,22,maximum
-0.21036285161972046,useful,family-00338-minimum,0.9385068416595459,0.23105638674160317,0,0.7301433550993931,22,minimum
-0.042238712310791016,useful,family-00338-minimum,0.943789005279541,0.21641207538804008,1,0.648616801168092,22,minimum
0.04720291495323181,useful,family-00338-minimum,0.9687091708183289,0.13920097782101418,2,0.8146349958246928,22,minimum
0.25950974225997925,useful,family-00338-minimum,0.957256019115448,0.1765687047207403,3,0.43639505391387867,22,minimum
0.41115647554397583,redundant_or_uncertain,family-00338-sum_mod_10,0.9416711330413818,0.22234436482991382,0,0.5997627271323439,22,sum_mod_10
0.07397368550300598,redundant_or_uncertain,family-00338-sum_mod_10,0.942797839641571,0.21919873744698415,1,0.5361136645142234,22,sum_mod_10
0.2500290274620056,useful,family-00338-sum_mod_10,0.9795651435852051,0.09972670620052221,2,1.1878517178059105,22,sum_mod_10
0.08908331394195557,candidate_harmful,family-00338-sum_mod_10,0.9717881083488464,0.1284704996724606,3,0.3214510755035619,22,sum_mod_10
0.08271679282188416,useful,family-00339-maximum,0.9362517595291138,0.23715874253555239,0,0.45769712390739636,22,maximum
0.16911430656909943,useful,family-00339-maximum,0.9472617506980896,0.2065002535844164,1,0.8962884576593412,22,maximum
0.15958364307880402,useful,family-00339-maximum,0.9817678928375244,0.09107665250367063,2,0.5589530539680169,22,maximum
-0.45649200677871704,useful,family-00339-maximum,0.9681423902511597,0.14114126285113143,3,0.7733512356492054,22,maximum
0.5351473689079285,useful,family-00339-minimum,0.9372493028640747,0.23447002349181648,0,0.35111412295551697,22,minimum
0.8696824908256531,useful,family-00339-minimum,0.9563184976577759,0.17947264485009945,1,0.7187518540768688,22,minimum
0.39565324783325195,useful,family-00339-minimum,0.9877816438674927,0.0659630149776781,2,0.5910745095833674,22,minimum
0.24829047918319702,useful,family-00339-minimum,0.981238842010498,0.09317779417370309,3,0.6190796526094686,22,minimum
-0.041630249470472336,redundant_or_uncertain,family-00339-sum_mod_10,0.9436833262443542,0.216710068585657,0,0.5305837297714793,22,sum_mod_10
-0.02346552163362503,redundant_or_uncertain,family-00339-sum_mod_10,0.958177924156189,0.1736921892589966,1,0.6756241358879105,22,sum_mod_10
-0.03219389170408249,useful,family-00339-sum_mod_10,0.9908128380775452,0.05223214375239854,2,0.602385920914901,22,sum_mod_10
-0.0007456522434949875,candidate_harmful,family-00339-sum_mod_10,0.984128475189209,0.08150425706498837,3,0.5695127677782019,22,sum_mod_10
0.0765497088432312,useful,family-00340-maximum,0.9307240843772888,0.25176192580407847,0,0.4649083410228081,22,maximum
0.30272912979125977,useful,family-00340-maximum,0.9564094543457031,0.17919183829669846,1,0.6799173143505716,22,maximum
0.4101719558238983,useful,family-00340-maximum,0.9840956926345825,0.08163952382388787,2,0.7720932466719143,22,maximum
0.23502688109874725,useful,family-00340-maximum,0.9731054902076721,0.12377562493811708,3,0.5892774439469407,22,maximum
-0.050532639026641846,useful,family-00340-minimum,0.9327331185340881,0.24651114116214695,0,0.6957425113651345,22,minimum
-0.09134608507156372,useful,family-00340-minimum,0.9586381316184998,0.17224834747125112,1,0.44722700174998165,22,minimum
0.47382912039756775,useful,family-00340-minimum,0.9781278371810913,0.10523843322842763,2,0.9778260984761317,22,minimum
0.05458211898803711,useful,family-00340-minimum,0.9745994210243225,0.11837112034336328,3,0.36687531866894796,22,minimum
-0.04933754727244377,redundant_or_uncertain,family-00340-sum_mod_10,0.9289770722389221,0.25627694247619864,0,0.7131364193507166,22,sum_mod_10
-0.033614691346883774,redundant_or_uncertain,family-00340-sum_mod_10,0.9451425671577454,0.21257656176300932,1,1.0035661614134785,22,sum_mod_10
-0.023389942944049835,useful,family-00340-sum_mod_10,0.9818387031555176,0.0907942502459897,2,0.6330308526239464,22,sum_mod_10
-0.00609973818063736,candidate_harmful,family-00340-sum_mod_10,0.9813708662986755,0.09265489596089575,3,0.4749976620431405,22,sum_mod_10
0.9415088891983032,useful,family-00341-maximum,0.9319242238998413,0.2486328950352804,0,0.9268283222788212,22,maximum
0.026057004928588867,useful,family-00341-maximum,0.9547647833824158,0.18423909239672068,1,0.3883236476743018,22,maximum
0.7464032173156738,useful,family-00341-maximum,0.9876208901405334,0.06666806332762026,2,1.5300541312104612,22,maximum
0.005141913890838623,useful,family-00341-maximum,0.981158971786499,0.09349366980272024,3,0.30071045062491375,22,maximum
0.44007331132888794,useful,family-00341-minimum,0.9385068416595459,0.23105638674160317,0,0.5297268620603048,22,minimum
0.7243754863739014,useful,family-00341-minimum,0.9488962292671204,0.20175249302571857,1,0.7773424626733516,22,minimum
0.172443687915802,useful,family-00341-minimum,0.9733276963233948,0.12297727680983052,2,0.7289323264593403,22,minimum
0.007007718086242676,useful,family-00341-minimum,0.9641135931015015,0.15464295755785637,3,0.5973291764625711,22,minimum
0.13084661960601807,redundant_or_uncertain,family-00341-sum_mod_10,0.9436833262443542,0.216710068585657,0,0.5139184451623959,22,sum_mod_10
0.18990474939346313,redundant_or_uncertain,family-00341-sum_mod_10,0.9575261473655701,0.1757280250628716,1,1.012556295477231,22,sum_mod_10
0.31739336252212524,useful,family-00341-sum_mod_10,0.9911608099937439,0.05059664935540879,2,0.6259217774374927,22,sum_mod_10
0.3417438864707947,candidate_harmful,family-00341-sum_mod_10,0.9864500164985657,0.07174125685475477,3,0.5210769792656494,22,sum_mod_10
0.15197700262069702,useful,family-00342-maximum,0.9312008023262024,0.2505217105674939,0,0.4073881466893436,22,maximum
0.8925723433494568,useful,family-00342-maximum,0.9523427486419678,0.1915585140443798,1,0.9813346136645773,22,maximum
0.6981744766235352,useful,family-00342-maximum,0.9869373440742493,0.06964273833411436,2,1.0190742803008366,22,maximum
0.04471057653427124,useful,family-00342-maximum,0.9743583798408508,0.11924908900006914,3,0.3129411223926246,22,maximum
0.3331204056739807,useful,family-00342-minimum,0.9416711330413818,0.22234436482991382,0,0.5913910708641062,22,minimum
0.49813249707221985,useful,family-00342-minimum,0.9458871483802795,0.21045166893590642,1,0.7215181990134514,22,minimum
0.0969245433807373,useful,family-00342-minimum,0.9719478487968445,0.12790464903358006,2,0.7697042812990804,22,minimum
0.01033717393875122,useful,family-00342-minimum,0.9588103890419006,0.1717065411469464,3,0.549312393587231,22,minimum
-0.013086993247270584,redundant_or_uncertain,family-00342-sum_mod_10,0.9379916787147522,0.23245810007921586,0,0.5072721172201394,22,sum_mod_10
0.003967439755797386,redundant_or_uncertain,family-00342-sum_mod_10,0.9512649178504944,0.1947737913498841,1,0.5280853030497641,22,sum_mod_10
-0.006100410595536232,useful,family-00342-sum_mod_10,0.9883319735527039,0.06353294217363886,2,0.714185800493251,22,sum_mod_10
-0.016893327236175537,candidate_harmful,family-00342-sum_mod_10,0.9863386750221252,0.07221819625828034,3,0.460782481362599,22,sum_mod_10
0.2120160460472107,useful,family-00343-maximum,0.9372493028640747,0.23447002349181648,0,0.5307209583163078,22,maximum
0.550138533115387,useful,family-00343-maximum,0.9541380405426025,0.18614587286629947,1,0.6244158804732164,22,maximum
0.02403867244720459,useful,family-00343-maximum,0.991327702999115,0.049807367900936435,2,0.8327390923296517,22,maximum
0.10639619827270508,useful,family-00343-maximum,0.9861971735954285,0.07282300138486764,3,0.6314676914770071,22,maximum
0.3251797556877136,useful,family-00343-minimum,0.9399252533912659,0.22717314092267563,0,0.8093821876858092,22,minimum
0.08442991971969604,useful,family-00343-minimum,0.9390082955360413,0.22968755817907044,1,0.351535267177491,22,minimum
0.611264705657959,useful,family-00343-minimum,0.9745604395866394,0.11851326489396317,2,0.9085932044971062,22,minimum
0.3340948224067688,useful,family-00343-minimum,0.9693922996520996,0.13684829031129345,3,0.517154556167018,22,minimum
0.0021874457597732544,redundant_or_uncertain,family-00343-sum_mod_10,0.9319242238998413,0.2486328950352804,0,0.7288447338965823,22,sum_mod_10
0.013167159631848335,redundant_or_uncertain,family-00343-sum_mod_10,0.9490061402320862,0.20143126996370214,1,0.4364334905691766,22,sum_mod_10
-0.005847372114658356,useful,family-00343-sum_mod_10,0.9830067753791809,0.08609439525994794,2,0.7093510569762851,22,sum_mod_10
-0.053117506206035614,candidate_harmful,family-00343-sum_mod_10,0.979403555393219,0.10035138042727586,3,0.6412604276320697,22,sum_mod_10
0.8046684861183167,useful,family-00344-maximum,0.936403751373291,0.236750155465331,0,0.7561746575195042,22,maximum
0.018824100494384766,useful,family-00344-maximum,0.9563168883323669,0.1794776114649252,1,0.31820166698506597,22,maximum
0.008911490440368652,useful,family-00344-maximum,0.9870250225067139,0.06926324353504429,2,0.9345182229673149,22,maximum
0.22079569101333618,useful,family-00344-maximum,0.9829968214035034,0.08613478355023416,3,0.47745034163067346,22,maximum
0.08180427551269531,useful,family-00344-minimum,0.9332184195518494,0.24523318479546885,0,0.547966349486556,22,minimum
0.37692075967788696,useful,family-00344-minimum,0.9478128552436829,0.20490548460708471,1,0.49309817203838574,22,minimum
0.7294177412986755,useful,family-00344-minimum,0.9791572690010071,0.10130099780232685,2,1.4804864899965233,22,minimum
0.04667937755584717,useful,family-00344-minimum,0.9804602265357971,0.09624254995526206,3,0.4710414761093339,22,minimum
-0.05523303151130676,redundant_or_uncertain,family-00344-sum_mod_10,0.9268379211425781,0.26174251299718587,0,0.5610795661274759,22,sum_mod_10
-0.34085020422935486,redundant_or_uncertain,family-00344-sum_mod_10,0.9494031071662903,0.20026902159907126,1,1.0650228009629916,22,sum_mod_10
0.070501908659935,useful,family-00344-sum_mod_10,0.9884711503982544,0.06291426983364065,2,0.47818717410362266,22,sum_mod_10
-0.029202580451965332,candidate_harmful,family-00344-sum_mod_10,0.9869189858436584,0.06972212184595833,3,0.4734145453706385,22,sum_mod_10
0.059709370136260986,useful,family-00345-maximum,0.9332184195518494,0.24523318479546885,0,0.5817065883551394,22,maximum
0.46883514523506165,useful,family-00345-maximum,0.9506882429122925,0.1964837461759876,1,0.7967859578005287,22,maximum
0.12210088968276978,useful,family-00345-maximum,0.9826689958572388,0.0874616443540979,2,0.7320563928237082,22,maximum
0.5668042302131653,useful,family-00345-maximum,0.9656192660331726,0.14965480012845608,3,0.7548747505319625,22,maximum
0.15362203121185303,useful,family-00345-minimum,0.9307240843772888,0.25176192580407847,0,0.5416069479102326,22,minimum
0.900469958782196,useful,family-00345-minimum,0.956106424331665,0.1801266009074971,1,0.6951637661871503,22,minimum
0.5574730634689331,useful,family-00345-minimum,0.9782674312591553,0.10470745993851391,2,0.8470088716246834,22,minimum
0.12402886152267456,useful,family-00345-minimum,0.9748308062553406,0.11752611492687626,3,0.5612968444994939,22,minimum
0.056839924305677414,redundant_or_uncertain,family-00345-sum_mod_10,0.9327331185340881,0.24651114116214695,0,0.49378354109103445,22,sum_mod_10
0.046476785093545914,redundant_or_uncertain,family-00345-sum_mod_10,0.9589573740959167,0.17124363078391977,1,0.7160325621104658,22,sum_mod_10
0.00808762013912201,useful,family-00345-sum_mod_10,0.9860936403274536,0.07326459037542399,2,0.7556299517959641,22,sum_mod_10
-0.02139357477426529,candidate_harmful,family-00345-sum_mod_10,0.9816615581512451,0.09150020547545215,3,0.5833438349809422,22,sum_mod_10
0.01676720380783081,useful,family-00346-maximum,0.9307240843772888,0.25176192580407847,0,0.5321938063212249,22,maximum
0.6473472118377686,useful,family-00346-maximum,0.9539047479629517,0.18685333517363747,1,0.6321917101927065,22,maximum
0.3668462634086609,useful,family-00346-maximum,0.9827314019203186,0.08720954822103377,2,1.3462921628305584,22,maximum
0.020578384399414062,useful,family-00346-maximum,0.9761900305747986,0.11251758894130039,3,0.28786710658145076,22,maximum
0.05999410152435303,useful,family-00346-minimum,0.9327331185340881,0.24651114116214695,0,0.7006110113886438,22,minimum
0.015352725982666016,useful,family-00346-minimum,0.9565913677215576,0.17862962946812122,1,0.4760564278982573,22,minimum
0.2827719449996948,useful,family-00346-minimum,0.975350558757782,0.11562002310584324,2,0.9709179779501006,22,minimum
0.03332287073135376,useful,family-00346-minimum,0.9693072438240051,0.13714207192686048,3,0.3721982053390681,22,minimum
-0.059846699237823486,redundant_or_uncertain,family-00346-sum_mod_10,0.936403751373291,0.236750155465331,0,0.5202369131340032,22,sum_mod_10
0.046959444880485535,redundant_or_uncertain,family-00346-sum_mod_10,0.9548531174659729,0.18396961934798645,1,0.879346152607045,22,sum_mod_10
0.08781889081001282,useful,family-00346-sum_mod_10,0.9883584380149841,0.06341543163449392,2,0.5593695675638826,22,sum_mod_10
-0.03991079330444336,candidate_harmful,family-00346-sum_mod_10,0.9875441789627075,0.06700376353737374,3,0.4246747043710951,22,sum_mod_10
0.8269276022911072,useful,family-00347-maximum,0.9289770722389221,0.25627694247619864,0,0.9472952306817645,22,maximum
0.12414586544036865,useful,family-00347-maximum,0.9464591145515442,0.20881203782221142,1,0.4522271353282029,22,maximum
0.14539122581481934,useful,family-00347-maximum,0.9749755859375,0.11699627933781451,2,0.6077929894999893,22,maximum
0.16715198755264282,useful,family-00347-maximum,0.9657738208770752,0.14913895720613363,3,0.5031316998608272,22,maximum
0.016305625438690186,useful,family-00347-minimum,0.9313885569572449,0.25003228129256544,0,0.6545423399205353,22,minimum
0.04901224374771118,useful,family-00347-minimum,0.9433161616325378,0.21774376645824528,1,0.7897755376718184,22,minimum
0.7601742744445801,useful,family-00347-minimum,0.976902961730957,0.10985903946978867,2,0.9925563831790601,22,minimum
0.18661004304885864,useful,family-00347-minimum,0.9740294814109802,0.12044332164704716,3,0.5373061295333876,22,minimum
-0.0007700752466917038,redundant_or_uncertain,family-00347-sum_mod_10,0.9268379211425781,0.26174251299718587,0,0.5414481951374011,22,sum_mod_10
-0.005165238864719868,redundant_or_uncertain,family-00347-sum_mod_10,0.9487738013267517,0.20211000461981582,1,1.072202609675555,22,sum_mod_10
-0.006538670510053635,useful,family-00347-sum_mod_10,0.9880127906799316,0.06494547008316198,2,0.5838314480032428,22,sum_mod_10
-0.004544984549283981,candidate_harmful,family-00347-sum_mod_10,0.9853866100311279,0.07625960291409362,3,0.46937988431045335,22,sum_mod_10
0.01192164421081543,useful,family-00348-maximum,0.9362517595291138,0.23715874253555239,0,0.49902907100899824,22,maximum
0.46018069982528687,useful,family-00348-maximum,0.9462345838546753,0.20945645656782308,1,0.9695889780865876,22,maximum
0.8457033634185791,useful,family-00348-maximum,0.9808331727981567,0.09477859984180168,2,1.5639061854892056,22,maximum
0.015494108200073242,useful,family-00348-maximum,0.9758775234222412,0.11367600883281785,3,0.28548919837910425,22,maximum
0.06667137145996094,useful,family-00348-minimum,0.9307240843772888,0.25176192580407847,0,0.4016719306832889,22,minimum
0.9110289812088013,useful,family-00348-minimum,0.9542978405952454,0.18566056005813836,1,0.6472976469144703,22,minimum
0.483515202999115,useful,family-00348-minimum,0.9782237410545349,0.10487374242134354,2,0.906454311769943,22,minimum
0.06034177541732788,useful,family-00348-minimum,0.9789929986000061,0.1019327280037593,3,0.6274323882505559,22,minimum
-0.0308387354016304,redundant_or_uncertain,family-00348-sum_mod_10,0.9327331185340881,0.24651114116214695,0,0.4955736131585716,22,sum_mod_10
0.023204170167446136,redundant_or_uncertain,family-00348-sum_mod_10,0.9584409594535828,0.1728676005079582,1,0.6862397880931237,22,sum_mod_10
0.02588164433836937,useful,family-00348-sum_mod_10,0.985663652420044,0.07509026906735057,2,0.8308766863591519,22,sum_mod_10
-0.03538926690816879,candidate_harmful,family-00348-sum_mod_10,0.9821824431419373,0.08941934767210291,3,0.7397431417960263,22,sum_mod_10
0.002575099468231201,useful,family-00349-maximum,0.9359408020973206,0.23799345855354848,0,0.6386001823655054,22,maximum
0.3561329245567322,useful,family-00349-maximum,0.9428384304046631,0.21908497628771303,1,0.8025665394491739,22,maximum
0.45445090532302856,useful,family-00349-maximum,0.9784140586853027,0.10414874682311796,2,2.043244519629176,22,maximum
0.022947072982788086,useful,family-00349-maximum,0.9709265232086182,0.1315065826823744,3,0.2991724883782488,22,maximum
0.33790823817253113,useful,family-00349-minimum,0.9372493028640747,0.23447002349181648,0,0.4742687526103305,22,minimum
0.2845746874809265,useful,family-00349-minimum,0.9545530080795288,0.18488440160626676,1,0.40439943672195733,22,minimum
0.13348165154457092,useful,family-00349-minimum,0.9879504442214966,0.06522036982442445,2,0.7044644102649362,22,minimum
-0.20525988936424255,useful,family-00349-minimum,0.9793307185173035,0.10063253237111128,3,0.5408840996462209,22,minimum
-0.3261508643627167,redundant_or_uncertain,family-00349-sum_mod_10,0.9356473684310913,0.23877965566532727,0,0.5429086959553368,22,sum_mod_10
-0.0049505457282066345,redundant_or_uncertain,family-00349-sum_mod_10,0.9465648531913757,0.20850821622195215,1,0.36664211896763094,22,sum_mod_10
-0.05120418220758438,useful,family-00349-sum_mod_10,0.9839106798171997,0.08240163697344025,2,0.8584693178883624,22,sum_mod_10
0.030175160616636276,candidate_harmful,family-00349-sum_mod_10,0.9794604778289795,0.10013147553968518,3,0.5186118293747967,22,sum_mod_10
0.8136289715766907,useful,family-00350-maximum,0.9351699352264404,0.24005578940253638,0,0.9483189167123895,22,maximum
0.29079246520996094,useful,family-00350-maximum,0.9563689827919006,0.17931680881302828,1,0.28482154908708174,22,maximum
0.7981482744216919,useful,family-00350-maximum,0.985052764415741,0.07766161756363864,2,0.9956825226124142,22,maximum
0.05702632665634155,useful,family-00350-maximum,0.9675718545913696,0.1430838835417752,3,0.24974343785735637,22,maximum
-0.0021858811378479004,useful,family-00350-minimum,0.9289770722389221,0.25627694247619864,0,0.5568752588874478,22,minimum
0.11991959810256958,useful,family-00350-minimum,0.940629780292511,0.2252311320449137,1,0.530577500574661,22,minimum
0.5383602380752563,useful,family-00350-minimum,0.9621068835258484,0.16118956052732653,2,1.530678027911347,22,minimum
0.0009938478469848633,useful,family-00350-minimum,0.9567565321922302,0.17811849346686762,3,0.38860464768753633,22,minimum
-0.008443526923656464,redundant_or_uncertain,family-00350-sum_mod_10,0.9327331185340881,0.24651114116214695,0,0.45988460159107275,22,sum_mod_10
0.0033006342127919197,redundant_or_uncertain,family-00350-sum_mod_10,0.9612841010093689,0.16384151156308907,1,1.208623614963808,22,sum_mod_10
-0.00045296549797058105,useful,family-00350-sum_mod_10,0.9918348789215088,0.04738864811350057,2,0.33339209845414153,22,sum_mod_10
-0.013375699520111084,candidate_harmful,family-00350-sum_mod_10,0.9890747666358948,0.060211119438430084,3,0.36010755820747553,22,sum_mod_10
-0.008577048778533936,useful,family-00351-maximum,0.9313885569572449,0.25003228129256544,0,0.4489033945374797,22,maximum
0.6650984883308411,useful,family-00351-maximum,0.9439666867256165,0.21591057545224152,1,0.7670046237434762,22,maximum
0.8501620292663574,useful,family-00351-maximum,0.9811166524887085,0.09366089678745734,2,1.531495376495144,22,maximum
0.01600247621536255,useful,family-00351-maximum,0.9730068445205688,0.12412943623419351,3,0.25226840850832577,22,maximum
0.017716825008392334,useful,family-00351-minimum,0.9362517595291138,0.23715874253555239,0,0.5218620829237898,22,minimum
0.1870405077934265,useful,family-00351-minimum,0.9452136754989624,0.21237409611313957,1,0.7549579925274448,22,minimum
0.8061389923095703,useful,family-00351-minimum,0.9737194776535034,0.12156503169588888,2,1.214893731554274,22,minimum
0.03380441665649414,useful,family-00351-minimum,0.9672263264656067,0.14425531911899814,3,0.31800045758266066,22,minimum
-0.08888645470142365,redundant_or_uncertain,family-00351-sum_mod_10,0.9351699352264404,0.24005578940253638,0,0.6206381508336056,22,sum_mod_10
-0.011736873537302017,redundant_or_uncertain,family-00351-sum_mod_10,0.9532645344734192,0.18878844810724352,1,0.3279920541188093,22,sum_mod_10
-0.035720329731702805,useful,family-00351-sum_mod_10,0.9834471940994263,0.08430140776899209,2,0.6732520546844674,22,sum_mod_10
-0.0003363601863384247,candidate_harmful,family-00351-sum_mod_10,0.9779696464538574,0.10583904184904305,3,0.3987998481318542,22,sum_mod_10
-0.24731981754302979,useful,family-00352-maximum,0.9307240843772888,0.25176192580407847,0,0.6382350461220557,22,maximum
0.5338110327720642,useful,family-00352-maximum,0.9526788592338562,0.1905506523873303,1,0.48642694853070545,22,maximum
0.5237990617752075,useful,family-00352-maximum,0.977660059928894,0.1070111071605237,2,0.8644215706193242,22,maximum
0.096274733543396,useful,family-00352-maximum,0.9630807042121887,0.15802676322834458,3,0.31231125674786586,22,maximum
0.6923370361328125,useful,family-00352-minimum,0.9356473684310913,0.23877965566532727,0,0.6342134678374606,22,minimum
0.5355848073959351,useful,family-00352-minimum,0.9391385316848755,0.2293313331116415,1,0.4630789585261233,22,minimum
0.7087003588676453,useful,family-00352-minimum,0.9728368520736694,0.12473827747736004,2,0.8450831290671269,22,minimum
0.16082602739334106,useful,family-00352-minimum,0.9725534319877625,0.1257509404392928,3,0.4499335779590662,22,minimum
0.06132209300994873,redundant_or_uncertain,family-00352-sum_mod_10,0.9356473684310913,0.23877965566532727,0,0.5664360669777168,22,sum_mod_10
0.02585352212190628,redundant_or_uncertain,family-00352-sum_mod_10,0.9458978176116943,0.21042114260269904,1,0.38131187454979465,22,sum_mod_10
-0.09211461246013641,useful,family-00352-sum_mod_10,0.98003089427948,0.09791885393508534,2,0.49562285771388914,22,sum_mod_10
-0.15852466225624084,candidate_harmful,family-00352-sum_mod_10,0.977208137512207,0.10871418022258623,3,0.559340733346514,22,sum_mod_10
0.9184600710868835,useful,family-00353-maximum,0.936403751373291,0.236750155465331,0,0.7474968646909675,22,maximum
0.05866575241088867,useful,family-00353-maximum,0.954832136631012,0.18403364012054016,1,0.37983653635085934,22,maximum
0.029932260513305664,useful,family-00353-maximum,0.9871084094047546,0.06890176673411803,2,1.0008185589074,22,maximum
0.17696821689605713,useful,family-00353-maximum,0.9839612245559692,0.08219364651075367,3,0.4976280532358309,22,maximum
0.39324891567230225,useful,family-00353-minimum,0.9385068416595459,0.23105638674160317,0,0.6322310779688184,22,minimum
0.3920460343360901,useful,family-00353-minimum,0.9454206824302673,0.2117841322579631,1,0.5867844722578639,22,minimum
0.4632280468940735,useful,family-00353-minimum,0.9771560430526733,0.10890990574842886,2,1.078643928286866,22,minimum
0.04365295171737671,useful,family-00353-minimum,0.9749614000320435,0.11704823195176187,3,0.5885909405212824,22,minimum
-0.03407096490263939,redundant_or_uncertain,family-00353-sum_mod_10,0.9327331185340881,0.24651114116214695,0,0.576710071293113,22,sum_mod_10
-0.002941584214568138,redundant_or_uncertain,family-00353-sum_mod_10,0.9584095478057861,0.17296616393482572,1,0.6796231562316639,22,sum_mod_10
0.019883252680301666,useful,family-00353-sum_mod_10,0.9868642687797546,0.06995857123024876,2,0.7067859238290498,22,sum_mod_10
0.0043951403349637985,candidate_harmful,family-00353-sum_mod_10,0.9849382638931274,0.07814072098976466,3,0.5643558315364127,22,sum_mod_10
-0.014839470386505127,useful,family-00354-maximum,0.9362517595291138,0.23715874253555239,0,0.4388894769982799,22,maximum
0.2812477946281433,useful,family-00354-maximum,0.9460533857345581,0.20997578508087417,1,1.0010552066931282,22,maximum
0.6465448141098022,useful,family-00354-maximum,0.9802078604698181,0.0972290517308664,2,1.4756235516606622,22,maximum
0.08401632308959961,useful,family-00354-maximum,0.9688583612442017,0.13868849317636658,3,0.26445472659493297,22,maximum
0.03169506788253784,useful,family-00354-minimum,0.9416711330413818,0.22234436482991382,0,0.463878239673982,22,minimum
0.08879667520523071,useful,family-00354-minimum,0.9479902982711792,0.20439070171708096,1,0.7409731108397102,22,minimum
0.40369993448257446,useful,family-00354-minimum,0.9744172692298889,0.11903480571982772,2,1.2092430019930351,22,minimum
0.02590024471282959,useful,family-00354-minimum,0.9642479419708252,0.15420057435171974,3,0.3645531779538743,22,minimum
-0.00046982336789369583,redundant_or_uncertain,family-00354-sum_mod_10,0.9436833262443542,0.216710068585657,0,0.5276007201407569,22,sum_mod_10
-0.00277645792812109,redundant_or_uncertain,family-00354-sum_mod_10,0.9584106206893921,0.17296279785046575,1,0.6668203606820392,22,sum_mod_10
-0.010212131775915623,useful,family-00354-sum_mod_10,0.9910573959350586,0.051084122784174485,2,0.9293694266778557,22,sum_mod_10
-0.0014117201790213585,candidate_harmful,family-00354-sum_mod_10,0.9856724739074707,0.07505294686012709,3,0.3740510901524385,22,sum_mod_10
0.02053886651992798,useful,family-00355-maximum,0.9359408020973206,0.23799345855354848,0,0.7441267565170686,22,maximum
0.7706284523010254,useful,family-00355-maximum,0.9436489343643188,0.21680700129119354,1,0.787661851601603,22,maximum
0.718859851360321,useful,family-00355-maximum,0.9770456552505493,0.10932424537117341,2,1.4754408276545248,22,maximum
0.03964269161224365,useful,family-00355-maximum,0.9576821327209473,0.17524175876099848,3,0.3955464679965084,22,maximum
0.5266714692115784,useful,family-00355-minimum,0.9319242238998413,0.2486328950352804,0,0.7981988436295001,22,minimum
-0.04171764850616455,useful,family-00355-minimum,0.9470546841621399,0.2070978816851409,1,0.4491943796862426,22,minimum
0.09833842515945435,useful,family-00355-minimum,0.9763066172599792,0.11208434525412371,2,0.7168064035695201,22,minimum
0.37472936511039734,useful,family-00355-minimum,0.970896303653717,0.13161258953849259,3,0.4698723339911115,22,minimum
0.31750357151031494,redundant_or_uncertain,family-00355-sum_mod_10,0.9399252533912659,0.22717314092267563,0,0.6370266748087928,22,sum_mod_10
0.11223095655441284,redundant_or_uncertain,family-00355-sum_mod_10,0.9501705169677734,0.19801286014563144,1,0.7126593849927141,22,sum_mod_10
0.13284426927566528,useful,family-00355-sum_mod_10,0.9855712652206421,0.0754808133154166,2,0.44543484301699543,22,sum_mod_10
0.14228779077529907,candidate_harmful,family-00355-sum_mod_10,0.9840569496154785,0.08179929602337253,3,0.5067801918577559,22,sum_mod_10
0.9139970541000366,useful,family-00356-maximum,0.9356473684310913,0.23877965566532727,0,0.8189511535616829,22,maximum
0.03893810510635376,useful,family-00356-maximum,0.9441511034965515,0.21538943402356758,1,0.3617859443258768,22,maximum
0.10907095670700073,useful,family-00356-maximum,0.9822139143943787,0.08929313245144568,2,0.891543934029589,22,maximum
0.19321930408477783,useful,family-00356-maximum,0.9765989780426025,0.11099532302817147,3,0.4767711535333073,22,maximum
0.14050978422164917,useful,family-00356-minimum,0.9385068416595459,0.23105638674160317,0,0.5737218701120063,22,minimum
0.18719905614852905,useful,family-00356-minimum,0.9417276978492737,0.2221869973456854,1,0.45281898409203664,22,minimum
0.43767082691192627,useful,family-00356-minimum,0.9747471809387207,0.11783176051081964,2,1.1908571106103836,22,minimum
0.042504072189331055,useful,family-00356-minimum,0.964841365814209,0.15224026174417069,3,0.4671697171396144,22,minimum
-0.005636624991893768,redundant_or_uncertain,family-00356-sum_mod_10,0.9268379211425781,0.26174251299718587,0,0.5253445293344939,22,sum_mod_10
0.010643653571605682,redundant_or_uncertain,family-00356-sum_mod_10,0.9479013085365295,0.20464895099798702,1,1.1387477841560076,22,sum_mod_10
0.019304044544696808,useful,family-00356-sum_mod_10,0.9878098964691162,0.0658388817030205,2,0.44381524283323737,22,sum_mod_10
-0.002639688551425934,candidate_harmful,family-00356-sum_mod_10,0.9871209263801575,0.06884745937509877,3,0.5705514834017794,22,sum_mod_10
0.03600233793258667,useful,family-00357-maximum,0.9312008023262024,0.2505217105674939,0,0.3912049776785988,22,maximum
0.916557252407074,useful,family-00357-maximum,0.9530933499336243,0.1893043076087902,1,1.0195695820683452,22,maximum
0.2721484899520874,useful,family-00357-maximum,0.9884001016616821,0.06323030853430457,2,0.9065220293255956,22,maximum
0.1489865779876709,useful,family-00357-maximum,0.9852226376533508,0.07694917614681228,3,0.5823645757329382,22,maximum
0.021659910678863525,useful,family-00357-minimum,0.9372493028640747,0.23447002349181648,0,0.34751804205725645,22,minimum
0.1626463532447815,useful,family-00357-minimum,0.9560777544975281,0.18021492577867626,1,0.6108693396375383,22,minimum
0.34158921241760254,useful,family-00357-minimum,0.9879531860351562,0.06520828741957246,2,1.2443058151912008,22,minimum
0.023068010807037354,useful,family-00357-minimum,0.9765892624855042,0.11103157258661343,3,0.30878569915440135,22,minimum
-0.13928496837615967,redundant_or_uncertain,family-00357-sum_mod_10,0.9201776385307312,0.27833530231340725,0,0.499427458283306,22,sum_mod_10
-0.07511179894208908,redundant_or_uncertain,family-00357-sum_mod_10,0.9324206113815308,0.24733208628246783,1,0.4119222488980213,22,sum_mod_10
-0.08208470791578293,useful,family-00357-sum_mod_10,0.960168182849884,0.16740928478777795,2,0.5180020861576026,22,sum_mod_10
-0.017330296337604523,candidate_harmful,family-00357-sum_mod_10,0.9643574357032776,0.15383964684804902,3,0.4829220007793719,22,sum_mod_10
0.07424461841583252,useful,family-00358-maximum,0.9436833262443542,0.216710068585657,0,0.44602615017780045,22,maximum
0.7236829400062561,useful,family-00358-maximum,0.9577959775924683,0.17488648167153617,1,0.8002167954124069,22,maximum
0.6645230650901794,useful,family-00358-maximum,0.9909906387329102,0.05139816125725513,2,1.148900018158044,22,maximum
0.020005524158477783,useful,family-00358-maximum,0.9746844172477722,0.11806097140547042,3,0.32092694923267334,22,maximum
0.09447266906499863,useful,family-00358-minimum,0.9356473684310913,0.23877965566532727,0,0.40843278764822966,22,minimum
0.12600892782211304,useful,family-00358-minimum,0.9410126209259033,0.22417212154314622,1,0.40455736275729826,22,minimum
0.16153477132320404,useful,family-00358-minimum,0.9784261584281921,0.10410259625941698,2,0.8018204181967917,22,minimum
0.1029101237654686,useful,family-00358-minimum,0.9646590948104858,0.1528434714737933,3,0.4811516382272807,22,minimum
0.06016811728477478,redundant_or_uncertain,family-00358-sum_mod_10,0.9319242238998413,0.2486328950352804,0,0.6560346898901585,22,sum_mod_10
-0.41274145245552063,redundant_or_uncertain,family-00358-sum_mod_10,0.9518556594848633,0.19301468725086623,1,0.475648395765775,22,sum_mod_10
0.017543911933898926,useful,family-00358-sum_mod_10,0.9851934313774109,0.07707180654766856,2,1.0897931652989912,22,sum_mod_10
-0.01644451916217804,candidate_harmful,family-00358-sum_mod_10,0.9746808409690857,0.11807402704409459,3,0.5751256241005849,22,sum_mod_10
0.12274178862571716,useful,family-00359-maximum,0.936403751373291,0.236750155465331,0,0.7203402545698744,22,maximum
-0.144663006067276,useful,family-00359-maximum,0.9549716114997864,0.1836078556637421,1,0.36529649910293266,22,maximum
0.2128177285194397,useful,family-00359-maximum,0.9841402769088745,0.08145554419580218,2,0.5307088906867955,22,maximum
0.17521357536315918,useful,family-00359-maximum,0.9795889258384705,0.09963465791865345,3,0.6043799712082377,22,maximum
0.013179898262023926,useful,family-00359-minimum,0.9359408020973206,0.23799345855354848,0,0.7670558463133439,22,minimum
0.6315205097198486,useful,family-00359-minimum,0.9451844096183777,0.21245743620654445,1,0.8022478865041156,22,minimum
0.6372110843658447,useful,family-00359-minimum,0.9718658924102783,0.12819508077380287,2,0.9544056476122005,22,minimum
0.059620440006256104,useful,family-00359-minimum,0.9710668921470642,0.1310137593128426,3,0.5211424803937075,22,minimum
-0.006970661226660013,redundant_or_uncertain,family-00359-sum_mod_10,0.9332184195518494,0.24523318479546885,0,0.7166370636470313,22,sum_mod_10
0.0008293031714856625,redundant_or_uncertain,family-00359-sum_mod_10,0.9470548033714294,0.2070975378738172,1,0.7325002938501468,22,sum_mod_10
-0.003813010174781084,useful,family-00359-sum_mod_10,0.980530858039856,0.09596585699903021,2,0.8943569931377857,22,sum_mod_10
2.0479317754507065e-05,candidate_harmful,family-00359-sum_mod_10,0.9810861349105835,0.09378142863992625,3,0.5696470271841352,22,sum_mod_10
0.024977266788482666,useful,family-00360-maximum,0.9332184195518494,0.24523318479546885,0,0.729129969164052,22,maximum
0.5098675489425659,useful,family-00360-maximum,0.9444456696510315,0.2145556838904484,1,1.0589309201588133,22,maximum
0.0538252592086792,useful,family-00360-maximum,0.9831809401512146,0.08538675821519767,2,1.1767290700321846,22,maximum
0.018414199352264404,useful,family-00360-maximum,0.9771000146865845,0.10912027577637692,3,0.5873614110297676,22,maximum
0.20805996656417847,useful,family-00360-minimum,0.9307240843772888,0.25176192580407847,0,0.6536554289116142,22,minimum
0.5334409475326538,useful,family-00360-minimum,0.9495874643325806,0.19972814266546982,1,0.5545469513814537,22,minimum
0.24060076475143433,useful,family-00360-minimum,0.9769505262374878,0.10968087530701322,2,0.6462367566516769,22,minimum
0.2629238963127136,useful,family-00360-minimum,0.9701874256134033,0.13409005344858785,3,0.5115341419002096,22,minimum
-0.059098631143569946,redundant_or_uncertain,family-00360-sum_mod_10,0.9201776385307312,0.27833530231340725,0,0.6598000539070349,22,sum_mod_10
-0.13998693227767944,redundant_or_uncertain,family-00360-sum_mod_10,0.9183179140090942,0.2828585096598238,1,0.3926552732701613,22,sum_mod_10
0.021675854921340942,useful,family-00360-sum_mod_10,0.9364272356033325,0.23668699017943956,2,0.6548670332690698,22,sum_mod_10
-0.028711438179016113,candidate_harmful,family-00360-sum_mod_10,0.943697452545166,0.21667024749135155,3,0.40502286504315993,22,sum_mod_10
0.01198267936706543,useful,family-00361-maximum,0.9312008023262024,0.2505217105674939,0,0.5222640905868627,22,maximum
0.7828519940376282,useful,family-00361-maximum,0.9459793567657471,0.21018777289049304,1,0.6155997300070469,22,maximum
0.6656330823898315,useful,family-00361-maximum,0.9827369451522827,0.08718714464225985,2,1.6431355807605306,22,maximum
0.03733479976654053,useful,family-00361-maximum,0.9800073504447937,0.09801050529102648,3,0.42075990176534855,22,maximum
0.176237553358078,useful,family-00361-minimum,0.9351699352264404,0.24005578940253638,0,0.752823357331717,22,minimum
-0.0551224946975708,useful,family-00361-minimum,0.9486085772514343,0.20259199980893416,1,0.3520922658448582,22,minimum
0.17240986227989197,useful,family-00361-minimum,0.9768843054771423,0.1099288935142024,2,0.6544560970555006,22,minimum
0.05610845983028412,useful,family-00361-minimum,0.9629243612289429,0.1585363174247682,3,0.47987360744365415,22,minimum
0.0005462318658828735,redundant_or_uncertain,family-00361-sum_mod_10,0.9399252533912659,0.22717314092267563,0,0.7371244367384494,22,sum_mod_10
-0.03602686524391174,redundant_or_uncertain,family-00361-sum_mod_10,0.946972668170929,0.20733435673544928,1,0.41284872444997933,22,sum_mod_10
-0.01434338092803955,useful,family-00361-sum_mod_10,0.98260498046875,0.08772000394151327,2,0.44947612083229094,22,sum_mod_10
-0.142604261636734,candidate_harmful,family-00361-sum_mod_10,0.9781804084777832,0.10503857528116586,3,0.5881904113811655,22,sum_mod_10
0.931755781173706,useful,family-00362-maximum,0.9289770722389221,0.25627694247619864,0,1.0114008812687576,22,maximum
0.012403905391693115,useful,family-00362-maximum,0.9430341124534607,0.2185361213090475,1,0.43292788901453094,22,maximum
0.04403644800186157,useful,family-00362-maximum,0.9766172766685486,0.11092703810318588,2,1.005464614433443,22,maximum
0.05940765142440796,useful,family-00362-maximum,0.9713478684425354,0.13002516532139943,3,0.4678763258872325,22,maximum
0.4075494408607483,useful,family-00362-minimum,0.9362517595291138,0.23715874253555239,0,0.6838937314974082,22,minimum
0.44308707118034363,useful,family-00362-minimum,0.9429225921630859,0.21884900403030266,1,0.41472168989139147,22,minimum
0.19174379110336304,useful,family-00362-minimum,0.9752957224845886,0.1158216507693294,2,0.44692362294886606,22,minimum
0.3654102385044098,useful,family-00362-minimum,0.9740976095199585,0.12019630088685894,3,0.664065107675283,22,minimum
0.00417136587202549,redundant_or_uncertain,family-00362-sum_mod_10,0.9268379211425781,0.26174251299718587,0,0.5008319550531563,22,sum_mod_10
-0.020476941019296646,redundant_or_uncertain,family-00362-sum_mod_10,0.9503167867660522,0.1975814255671997,1,0.9705208398853321,22,sum_mod_10
0.008642785251140594,useful,family-00362-sum_mod_10,0.988108217716217,0.0645240743377857,2,0.4662071068919979,22,sum_mod_10
0.006375815719366074,candidate_harmful,family-00362-sum_mod_10,0.9876378774642944,0.06659365912832124,3,0.360511489599997,22,sum_mod_10
0.03229951858520508,useful,family-00363-maximum,0.9332184195518494,0.24523318479546885,0,0.6143134740733706,22,maximum
0.9245237708091736,useful,family-00363-maximum,0.9470533132553101,0.20710183549499359,1,1.0740280978186725,22,maximum
0.7446122765541077,useful,family-00363-maximum,0.9802612066268921,0.0970207960224301,2,1.013120205032391,22,maximum
0.0652284026145935,useful,family-00363-maximum,0.962769091129303,0.1590416972327559,3,0.36920777896427365,22,maximum
0.07642972469329834,useful,family-00363-minimum,0.9307240843772888,0.25176192580407847,0,0.5791337350597642,22,minimum
0.03650730848312378,useful,family-00363-minimum,0.949822187423706,0.1990384691857786,1,0.6885202446292132,22,minimum
0.6568525433540344,useful,family-00363-minimum,0.9677802324295044,0.1423755884215911,2,1.0812704855897386,22,minimum
0.03342437744140625,useful,family-00363-minimum,0.9638702273368835,0.1554429838562254,3,0.34428104451288893,22,minimum
-0.26040321588516235,redundant_or_uncertain,family-00363-sum_mod_10,0.9351699352264404,0.24005578940253638,0,0.7287578605248188,22,sum_mod_10
-0.021402139216661453,redundant_or_uncertain,family-00363-sum_mod_10,0.9482834339141846,0.20353888120183705,1,0.27371493766022265,22,sum_mod_10
0.015329118818044662,useful,family-00363-sum_mod_10,0.9789040684700012,0.10227417609079159,2,0.6255435967108711,22,sum_mod_10
0.007330527529120445,candidate_harmful,family-00363-sum_mod_10,0.9708092212677002,0.1319178842781733,3,0.35814228996859965,22,sum_mod_10
0.16079485416412354,useful,family-00364-maximum,0.9362517595291138,0.23715874253555239,0,0.4897223770199272,22,maximum
0.2224453091621399,useful,family-00364-maximum,0.946582555770874,0.20845732934653854,1,0.7970245090824642,22,maximum
-0.06490826606750488,useful,family-00364-maximum,0.9815295338630676,0.09202521178103254,2,0.4737854838049413,22,maximum
0.2934073209762573,useful,family-00364-maximum,0.9727044701576233,0.12521165592217867,3,0.5566404706195872,22,maximum
0.03762078285217285,useful,family-00364-minimum,0.9356473684310913,0.23877965566532727,0,0.42372568789561244,22,minimum
0.07855492830276489,useful,family-00364-minimum,0.9414072632789612,0.22307770121144163,1,0.47843811203385284,22,minimum
0.17107897996902466,useful,family-00364-minimum,0.9781864285469055,0.10501568079634938,2,1.2867365186950583,22,minimum
0.015712320804595947,useful,family-00364-minimum,0.9663515686988831,0.1472042380904954,3,0.41170182119377796,22,minimum
0.18992912769317627,redundant_or_uncertain,family-00364-sum_mod_10,0.9319242238998413,0.2486328950352804,0,0.6812658629409242,22,sum_mod_10
-0.2064674347639084,redundant_or_uncertain,family-00364-sum_mod_10,0.9529110193252563,0.18985303462004469,1,0.6897208615456546,22,sum_mod_10
-0.004562824964523315,useful,family-00364-sum_mod_10,0.9875449538230896,0.06700037502281699,2,0.684538770329112,22,sum_mod_10
0.08842577040195465,candidate_harmful,family-00364-sum_mod_10,0.9825929403305054,0.08776856989955284,3,0.4681462469406115,22,sum_mod_10
0.8759225010871887,useful,family-00365-maximum,0.9319242238998413,0.2486328950352804,0,0.9265690646904842,22,maximum
0.06310731172561646,useful,family-00365-maximum,0.9533714056015015,0.18846606179250963,1,0.4101945386396967,22,maximum
0.6451415419578552,useful,family-00365-maximum,0.9864294528961182,0.0718294121646869,2,1.1736988599896168,22,maximum
0.04647094011306763,useful,family-00365-maximum,0.9711211919784546,0.13082292930324116,3,0.3107108245180093,22,maximum
-0.09758222103118896,useful,family-00365-minimum,0.9359408020973206,0.23799345855354848,0,0.594046440749947,22,minimum
0.8066989779472351,useful,family-00365-minimum,0.9452458620071411,0.21228241988594204,1,0.9677167853453205,22,minimum
0.8109776973724365,useful,family-00365-minimum,0.9703830480575562,0.13340812380167305,2,1.4149067853051351,22,minimum
0.05398750305175781,useful,family-00365-minimum,0.9707447290420532,0.132143809575995,3,0.4427594332784126,22,minimum
-0.001816833857446909,redundant_or_uncertain,family-00365-sum_mod_10,0.9436833262443542,0.216710068585657,0,0.5363587493088919,22,sum_mod_10
-0.003459429834038019,redundant_or_uncertain,family-00365-sum_mod_10,0.9568803310394287,0.17773493984849736,1,1.1225822746603897,22,sum_mod_10
-0.01637117564678192,useful,family-00365-sum_mod_10,0.9919167160987854,0.04699544056323647,2,0.798450362351935,22,sum_mod_10
-0.0017891423776745796,candidate_harmful,family-00365-sum_mod_10,0.9893843531608582,0.0588117402086549,3,0.3702791167011985,22,sum_mod_10
0.08906793594360352,useful,family-00366-maximum,0.9289770722389221,0.25627694247619864,0,0.765351981533477,22,maximum
0.20573897659778595,useful,family-00366-maximum,0.9381291270256042,0.23208456300699273,1,0.8498899235134515,22,maximum
0.08768294751644135,useful,family-00366-maximum,0.9655830264091492,0.14977564940505994,2,0.4204504278381463,22,maximum
0.071509450674057,useful,family-00366-maximum,0.9581626057624817,0.17374015755348912,3,0.3828773417355779,22,maximum
0.03176438808441162,useful,family-00366-minimum,0.9268379211425781,0.26174251299718587,0,0.6086257796048323,22,minimum
0.10626107454299927,useful,family-00366-minimum,0.9453186392784119,0.212075055934991,1,0.7427351948200885,22,minimum
0.5219224095344543,useful,family-00366-minimum,0.9733994007110596,0.12271925019731612,2,1.0368425314448122,22,minimum
0.0013129711151123047,useful,family-00366-minimum,0.9737752079963684,0.12136365651949711,3,0.35381400169258637,22,minimum
0.03445861116051674,redundant_or_uncertain,family-00366-sum_mod_10,0.9336886405944824,0.2439913344301639,0,0.5381400701589036,22,sum_mod_10
-0.054165057837963104,redundant_or_uncertain,family-00366-sum_mod_10,0.9340342283248901,0.24307636424043252,1,0.3296228253951816,22,sum_mod_10
-0.23834624886512756,useful,family-00366-sum_mod_10,0.9765382409095764,0.11122187063264774,2,0.9243533197768797,22,sum_mod_10
-0.06420359760522842,candidate_harmful,family-00366-sum_mod_10,0.971469521522522,0.1295962597015799,3,0.353657153608219,22,sum_mod_10
0.1080670952796936,useful,family-00367-maximum,0.9416711330413818,0.22234436482991382,0,0.4682218424607003,22,maximum
0.2083914875984192,useful,family-00367-maximum,0.9481139779090881,0.20403151512519008,1,0.7848671229104831,22,maximum
0.2383730411529541,useful,family-00367-maximum,0.982593834400177,0.08776496380791679,2,0.7257073003345629,22,maximum
0.07666414976119995,useful,family-00367-maximum,0.967772901058197,0.14240053199981592,3,0.5494650334737485,22,maximum
0.0563618540763855,useful,family-00367-minimum,0.9327331185340881,0.24651114116214695,0,0.6369752470090174,22,minimum
-0.026267290115356445,useful,family-00367-minimum,0.9563519954681396,0.17936925160289635,1,0.4894136567758165,22,minimum
0.4884214997291565,useful,family-00367-minimum,0.9785844683647156,0.10349813366516743,2,1.2418846794141818,22,minimum
-0.013936817646026611,useful,family-00367-minimum,0.9706678986549377,0.13241276604339566,3,0.42996973906761965,22,minimum
-0.2537318766117096,redundant_or_uncertain,family-00367-sum_mod_10,0.9319242238998413,0.2486328950352804,0,0.6586648275028615,22,sum_mod_10
-0.027497228235006332,redundant_or_uncertain,family-00367-sum_mod_10,0.9519172310829163,0.19283090330380265,1,0.5064476219401939,22,sum_mod_10
-0.01864112913608551,useful,family-00367-sum_mod_10,0.9853748083114624,0.07630929625168502,2,0.7766950102988491,22,sum_mod_10
-0.026310183107852936,candidate_harmful,family-00367-sum_mod_10,0.9776655435562134,0.10699038501841776,3,0.5541306215149013,22,sum_mod_10
0.5273508429527283,useful,family-00368-maximum,0.9436833262443542,0.216710068585657,0,0.8849964843117762,22,maximum
0.1254473328590393,useful,family-00368-maximum,0.9627190232276917,0.15920451685738646,1,0.36505267240178896,22,maximum
0.29861363768577576,useful,family-00368-maximum,0.9916594624519348,0.048228705472339664,2,0.7057715697114104,22,maximum
0.10590934753417969,useful,family-00368-maximum,0.9783989787101746,0.10420625481781698,3,0.37164138499909966,22,maximum
0.29700085520744324,useful,family-00368-minimum,0.9359408020973206,0.23799345855354848,0,0.5264345045528922,22,minimum
0.4480492174625397,useful,family-00368-minimum,0.9467058181762695,0.2081028339921691,1,1.023640693431086,22,minimum
0.3296372592449188,useful,family-00368-minimum,0.9726719856262207,0.125327714896748,2,0.8862988468053892,22,minimum
0.04414701461791992,useful,family-00368-minimum,0.9591119289398193,0.17075628825711414,3,0.539759324503905,22,minimum
0.09266546368598938,redundant_or_uncertain,family-00368-sum_mod_10,0.9327331185340881,0.24651114116214695,0,0.4903170252526789,22,sum_mod_10
0.059742629528045654,redundant_or_uncertain,family-00368-sum_mod_10,0.960700511932373,0.16571145749809435,1,1.226594008539878,22,sum_mod_10
0.1334076225757599,useful,family-00368-sum_mod_10,0.9923669695854187,0.04481691122941339,2,0.5780867002713849,22,sum_mod_10
-0.04090636968612671,candidate_harmful,family-00368-sum_mod_10,0.9889519810676575,0.06076365871064617,3,0.5157822504071521,22,sum_mod_10
0.010272502899169922,useful,family-00369-maximum,0.9332184195518494,0.24523318479546885,0,0.44227920807585663,22,maximum
0.14918404817581177,useful,family-00369-maximum,0.9525554180145264,0.19092109365674947,1,0.9573655732307623,22,maximum
0.6741113662719727,useful,family-00369-maximum,0.9839513301849365,0.08223437435224437,2,1.552829063298718,22,maximum
0.009796380996704102,useful,family-00369-maximum,0.9778599739074707,0.10625475742895105,3,0.29076356869315795,22,maximum
0.6206634044647217,useful,family-00369-minimum,0.9313885569572449,0.25003228129256544,0,0.4523989073443518,22,minimum
0.8439763784408569,useful,family-00369-minimum,0.9449717998504639,0.21306238670808814,1,0.8027035228364824,22,minimum
0.7543801069259644,useful,family-00369-minimum,0.9787071943283081,0.10302871615543006,2,0.714739805067275,22,minimum
0.25862598419189453,useful,family-00369-minimum,0.9755428433418274,0.11491202129689697,3,0.6448599366563845,22,minimum
-0.009637327864766121,redundant_or_uncertain,family-00369-sum_mod_10,0.9201776385307312,0.27833530231340725,0,0.47472392247188255,22,sum_mod_10
0.004166502505540848,redundant_or_uncertain,family-00369-sum_mod_10,0.9318899512290955,0.24872256468000536,1,0.5363262873770189,22,sum_mod_10
0.00406593456864357,useful,family-00369-sum_mod_10,0.9552022218704224,0.18290286262532263,2,0.5037405460816264,22,sum_mod_10
-0.02034728042781353,candidate_harmful,family-00369-sum_mod_10,0.965347170829773,0.1505611997731761,3,0.6788064612501639,22,sum_mod_10
-0.02264651656150818,useful,family-00370-maximum,0.9436833262443542,0.216710068585657,0,0.4693131389361567,22,maximum
0.32535749673843384,useful,family-00370-maximum,0.9577840566635132,0.17492369847573594,1,0.8157955306253523,22,maximum
0.1835748702287674,useful,family-00370-maximum,0.9910730719566345,0.051010307055320316,2,1.5536988277765742,22,maximum
0.14442116022109985,useful,family-00370-maximum,0.9856563806533813,0.07512103052963329,3,0.4488310774838272,22,maximum
-0.006552994251251221,useful,family-00370-minimum,0.9319242238998413,0.2486328950352804,0,0.5077917622636494,22,minimum
0.018612563610076904,useful,family-00370-minimum,0.9492513537406921,0.20071371456422157,1,0.47839242888656214,22,minimum
0.651563286781311,useful,family-00370-minimum,0.9812178611755371,0.09326080395744371,2,1.6816572440083253,22,minimum
-0.013155162334442139,useful,family-00370-minimum,0.969770610332489,0.13553864740990246,3,0.4391392092727284,22,minimum
0.002504561096429825,redundant_or_uncertain,family-00370-sum_mod_10,0.9327331185340881,0.24651114116214695,0,0.5766606556606252,22,sum_mod_10
0.025168895721435547,redundant_or_uncertain,family-00370-sum_mod_10,0.9608322978019714,0.16528998014406512,1,1.2441591326011543,22,sum_mod_10
-0.0011305585503578186,useful,family-00370-sum_mod_10,0.9902376532554626,0.05490661404682971,2,0.8106476586229523,22,sum_mod_10
-0.0007823705673217773,candidate_harmful,family-00370-sum_mod_10,0.9884662628173828,0.06293602490814217,3,0.48008922103176116,22,sum_mod_10
0.878450334072113,useful,family-00371-maximum,0.9327331185340881,0.24651114116214695,0,0.860360641923817,22,maximum
0.08765774965286255,useful,family-00371-maximum,0.962450385093689,0.16007693118173877,1,0.4673881354647285,22,maximum
0.046992480754852295,useful,family-00371-maximum,0.9870593547821045,0.06911448129566584,2,0.944076674116882,22,maximum
0.06910461187362671,useful,family-00371-maximum,0.9725333452224731,0.12582259611220095,3,0.4053369969769975,22,maximum
-0.07231730222702026,useful,family-00371-minimum,0.9312008023262024,0.2505217105674939,0,0.5179301811138773,22,minimum
0.2195545732975006,useful,family-00371-minimum,0.9521989226341248,0.19198902947491217,1,0.5714227797102398,22,minimum
0.5488767027854919,useful,family-00371-minimum,0.9829041361808777,0.08651057002503569,2,0.9443931607420922,22,minimum
0.1006096601486206,useful,family-00371-minimum,0.9772412776947021,0.10858960493673725,3,0.2924320292917133,22,minimum
-0.004714333452284336,redundant_or_uncertain,family-00371-sum_mod_10,0.9332184195518494,0.24523318479546885,0,0.41494137563237804,22,sum_mod_10
0.010821000672876835,redundant_or_uncertain,family-00371-sum_mod_10,0.9518917798995972,0.1929068821163542,1,1.2690808549065902,22,sum_mod_10
-0.018096763640642166,useful,family-00371-sum_mod_10,0.9878197908401489,0.06579539320372337,2,0.631063618543476,22,sum_mod_10
0.0001620464026927948,candidate_harmful,family-00371-sum_mod_10,0.9860067367553711,0.07363464689236475,3,0.3288369867578485,22,sum_mod_10
0.06370687484741211,useful,family-00372-maximum,0.9268379211425781,0.26174251299718587,0,0.6382857990783511,22,maximum
0.08483225107192993,useful,family-00372-maximum,0.9454074501991272,0.21182186855366128,1,0.9375694412305408,22,maximum
-0.028198078274726868,useful,family-00372-maximum,0.975300133228302,0.11580543751120312,2,0.6095016136856152,22,maximum
0.045147594064474106,useful,family-00372-maximum,0.964317798614502,0.15397034400765514,3,0.6102245627513032,22,maximum
0.14171987771987915,useful,family-00372-minimum,0.9307240843772888,0.25176192580407847,0,0.5720829907723016,22,minimum
0.45087704062461853,useful,family-00372-minimum,0.9528169631958008,0.19013580827059645,1,0.602938125316981,22,minimum
0.5563664436340332,useful,family-00372-minimum,0.9759381413459778,0.11345163270232159,2,0.904600700719068,22,minimum
0.07721108198165894,useful,family-00372-minimum,0.9779125452041626,0.10605555456357371,3,0.4865225554455681,22,minimum
-0.014945382252335548,redundant_or_uncertain,family-00372-sum_mod_10,0.9289770722389221,0.25627694247619864,0,0.7933728444200281,22,sum_mod_10
-0.023691823706030846,redundant_or_uncertain,family-00372-sum_mod_10,0.9363920092582703,0.2367817346352015,1,0.5248317564609595,22,sum_mod_10
0.005112243816256523,useful,family-00372-sum_mod_10,0.9621695876121521,0.16098669923259423,2,0.4126693151184466,22,sum_mod_10
-0.004853634163737297,candidate_harmful,family-00372-sum_mod_10,0.9664785861968994,0.14677752067312214,3,0.46212091632863983,22,sum_mod_10
0.014832496643066406,useful,family-00373-maximum,0.9372493028640747,0.23447002349181648,0,0.3249612182300922,22,maximum
0.055381715297698975,useful,family-00373-maximum,0.9565076231956482,0.1788885432751452,1,0.6153136263845747,22,maximum
0.6165168285369873,useful,family-00373-maximum,0.991439938545227,0.04927475781007744,2,1.3100417924781043,22,maximum
0.008766412734985352,useful,family-00373-maximum,0.9836339950561523,0.08353734194164919,3,0.2881116083938583,22,maximum
0.005598187446594238,useful,family-00373-minimum,0.9436833262443542,0.216710068585657,0,0.5396657024596124,22,minimum
0.009670019149780273,useful,family-00373-minimum,0.9561669826507568,0.17993997088219135,1,0.547126699324733,22,minimum
0.4085847735404968,useful,family-00373-minimum,0.9867383241653442,0.07050194086666983,2,1.1059501544676438,22,minimum
0.023052215576171875,useful,family-00373-minimum,0.9753565788269043,0.1155978802806552,3,0.3476834088126982,22,minimum
0.025146111845970154,redundant_or_uncertain,family-00373-sum_mod_10,0.9327331185340881,0.24651114116214695,0,0.5943597033955731,22,sum_mod_10
0.07954756170511246,redundant_or_uncertain,family-00373-sum_mod_10,0.9612351655960083,0.1639986609137556,1,1.2503219397408105,22,sum_mod_10
-0.0017947778105735779,useful,family-00373-sum_mod_10,0.9907784461975098,0.05239305757534466,2,0.5138225414707971,22,sum_mod_10
-0.07076970487833023,candidate_harmful,family-00373-sum_mod_10,0.9879053831100464,0.06541885115273899,3,0.5008206851532564,22,sum_mod_10
0.8545530438423157,useful,family-00374-maximum,0.9356473684310913,0.23877965566532727,0,0.8975181729865555,22,maximum
0.01342552900314331,useful,family-00374-maximum,0.9475426077842712,0.20568828165299255,1,0.3306951468664143,22,maximum
0.6469423770904541,useful,family-00374-maximum,0.9847249388694763,0.07903098277579403,2,1.3858476484501616,22,maximum
0.007717728614807129,useful,family-00374-maximum,0.9786917567253113,0.10308780347207848,3,0.33884800067765186,22,maximum
-0.008612632751464844,useful,family-00374-minimum,0.9268379211425781,0.26174251299718587,0,0.4341868543875617,22,minimum
0.4184551537036896,useful,family-00374-minimum,0.9480888843536377,0.20410441617685735,1,0.7614762943971123,22,minimum
0.7695909142494202,useful,family-00374-minimum,0.9767850041389465,0.1103004454332621,2,1.2286014007421033,22,minimum
0.09670555591583252,useful,family-00374-minimum,0.9763833284378052,0.11179896120356658,3,0.4552232626145064,22,minimum
0.01862175390124321,redundant_or_uncertain,family-00374-sum_mod_10,0.9436833262443542,0.216710068585657,0,0.4314803586477467,22,sum_mod_10
0.036101724952459335,redundant_or_uncertain,family-00374-sum_mod_10,0.9581359624862671,0.17382357484602212,1,1.0304044109208306,22,sum_mod_10
-0.008180130273103714,useful,family-00374-sum_mod_10,0.9922933578491211,0.04517486776349568,2,0.622061011429401,22,sum_mod_10
0.017737846821546555,candidate_harmful,family-00374-sum_mod_10,0.9882814288139343,0.06375720806389903,3,0.46963266254723784,22,sum_mod_10
0.004528403282165527,useful,family-00375-maximum,0.9313885569572449,0.25003228129256544,0,0.6500826448850682,22,maximum
0.7689151763916016,useful,family-00375-maximum,0.9419234395027161,0.22164197925332813,1,0.8154680351045394,22,maximum
0.7684447765350342,useful,family-00375-maximum,0.9785284996032715,0.10371197107613969,2,1.3511372097806689,22,maximum
0.15500271320343018,useful,family-00375-maximum,0.9626611471176147,0.15939264156353553,3,0.3231645136910906,22,maximum
0.31018248200416565,useful,family-00375-minimum,0.9359408020973206,0.23799345855354848,0,0.7592315667195443,22,minimum
0.48313993215560913,useful,family-00375-minimum,0.943635880947113,0.21684378621671485,1,0.8332225056732346,22,minimum
0.19401392340660095,useful,family-00375-minimum,0.9708744883537292,0.13168909510954788,2,0.8031225991434608,22,minimum
0.16466206312179565,useful,family-00375-minimum,0.9578498005867004,0.17471840401771807,3,0.42897692207526145,22,minimum
-0.0329979807138443,redundant_or_uncertain,family-00375-sum_mod_10,0.9351699352264404,0.24005578940253638,0,0.6627422085445835,22,sum_mod_10
-0.014060820452868938,redundant_or_uncertain,family-00375-sum_mod_10,0.951069712638855,0.1953534123867699,1,0.28894554103761966,22,sum_mod_10
-0.049512676894664764,useful,family-00375-sum_mod_10,0.9803102612495422,0.09682916405010872,2,0.8072365268241766,22,sum_mod_10
-0.0007920647040009499,candidate_harmful,family-00375-sum_mod_10,0.9721047878265381,0.12734781051374108,3,0.291036695687147,22,sum_mod_10
0.04574638605117798,useful,family-00376-maximum,0.9416711330413818,0.22234436482991382,0,0.5410531942638189,22,maximum
0.8942159414291382,useful,family-00376-maximum,0.9430248737335205,0.21856205036643178,1,0.8435010741502813,22,maximum
0.11185091733932495,useful,family-00376-maximum,0.9834520220756531,0.08428168714393278,2,1.1389666878922424,22,maximum
0.11807584762573242,useful,family-00376-maximum,0.9726318120956421,0.1254711898102182,3,0.7619819913305802,22,maximum
0.07375854253768921,useful,family-00376-minimum,0.9319242238998413,0.2486328950352804,0,0.6640305409521857,22,minimum
-0.06665617227554321,useful,family-00376-minimum,0.9449249505996704,0.21319557251997986,1,0.4388402721996862,22,minimum
0.4754401445388794,useful,family-00376-minimum,0.9790600538253784,0.10167501461070302,2,0.9067475395918722,22,minimum
0.014484763145446777,useful,family-00376-minimum,0.971372663974762,0.12993778828563918,3,0.5594103354127159,22,minimum
-0.02385060116648674,redundant_or_uncertain,family-00376-sum_mod_10,0.9327331185340881,0.24651114116214695,0,0.6740797029899224,22,sum_mod_10
0.012875303626060486,redundant_or_uncertain,family-00376-sum_mod_10,0.95777827501297,0.17494174736006224,1,0.9389487919290682,22,sum_mod_10
-0.0015659108757972717,useful,family-00376-sum_mod_10,0.9892590641975403,0.05937915042794856,2,0.8370234828757857,22,sum_mod_10
-0.024318456649780273,candidate_harmful,family-00376-sum_mod_10,0.9854567646980286,0.07596400372515814,3,0.5267795031714593,22,sum_mod_10
-0.21058623492717743,useful,family-00377-maximum,0.9327331185340881,0.24651114116214695,0,0.8485771340223864,22,maximum
-0.11664319038391113,useful,family-00377-maximum,0.9585782885551453,0.1724363983128418,1,0.36689460184953926,22,maximum
-0.01932980865240097,useful,family-00377-maximum,0.9867209196090698,0.07057693469421601,2,0.49318710145577455,22,maximum
0.047910451889038086,useful,family-00377-maximum,0.9801409840583801,0.0974899204346672,3,0.8419183284030194,22,maximum
0.015745103359222412,useful,family-00377-minimum,0.9359408020973206,0.23799345855354848,0,0.8355638716446621,22,minimum
0.4565780460834503,useful,family-00377-minimum,0.9442716240882874,0.21504850777916842,1,0.8233141164952998,22,minimum
0.3475659489631653,useful,family-00377-minimum,0.974365770816803,0.11922220277078824,2,0.8378180535109829,22,minimum
0.06671488285064697,useful,family-00377-minimum,0.9748885631561279,0.11731485052097221,3,0.48520818525142306,22,minimum
0.010269519872963428,redundant_or_uncertain,family-00377-sum_mod_10,0.9416711330413818,0.22234436482991382,0,0.5461822713836098,22,sum_mod_10
-0.022235779091715813,redundant_or_uncertain,family-00377-sum_mod_10,0.9480265378952026,0.20428548788407988,1,0.6650853863120063,22,sum_mod_10
0.004885785281658173,useful,family-00377-sum_mod_10,0.9857609868049622,0.07467815831593975,2,0.6227677686689246,22,sum_mod_10
-0.004552893340587616,candidate_harmful,family-00377-sum_mod_10,0.9840107560157776,0.08198966862307461,3,0.547145650231356,22,sum_mod_10
0.010740220546722412,useful,family-00378-maximum,0.9312008023262024,0.2505217105674939,0,0.46520351577600094,22,maximum
0.8577099442481995,useful,family-00378-maximum,0.951012372970581,0.19552351480958313,1,0.9807156713356732,22,maximum
0.23299956321716309,useful,family-00378-maximum,0.9892330169677734,0.05949692738759308,2,1.0335844612542526,22,maximum
0.08414095640182495,useful,family-00378-maximum,0.9864996671676636,0.07152827599675321,3,0.5684679385441793,22,maximum
0.289533793926239,useful,family-00378-minimum,0.9307240843772888,0.25176192580407847,0,0.5118133014161235,22,minimum
-0.03457161784172058,useful,family-00378-minimum,0.9544915556907654,0.1850714619751753,1,0.6088973919323006,22,minimum
0.1864873170852661,useful,family-00378-minimum,0.979213535785675,0.10108431065821492,2,0.6012576686851099,22,minimum
-0.09047675132751465,useful,family-00378-minimum,0.9688006043434143,0.13888698147035766,3,0.8186113719700824,22,minimum
-0.03392505645751953,redundant_or_uncertain,family-00378-sum_mod_10,0.9351699352264404,0.24005578940253638,0,0.6188479243092477,22,sum_mod_10
0.008966386318206787,redundant_or_uncertain,family-00378-sum_mod_10,0.9527987837791443,0.1901904408030238,1,0.3174909658150326,22,sum_mod_10
-0.05975133925676346,useful,family-00378-sum_mod_10,0.9837363362312317,0.08311782164466093,2,0.5119424930706723,22,sum_mod_10
-0.09702392667531967,candidate_harmful,family-00378-sum_mod_10,0.9798607230186462,0.09858066053524589,3,0.7738141884085664,22,sum_mod_10
0.15449577569961548,useful,family-00379-maximum,0.9362517595291138,0.23715874253555239,0,0.6675471852657937,22,maximum
0.5981334447860718,useful,family-00379-maximum,0.9446698427200317,0.21392006902091834,1,0.8932370737553363,22,maximum
0.08329534530639648,useful,family-00379-maximum,0.9810951948165894,0.09374565098809294,2,1.0507294701270882,22,maximum
0.05188077688217163,useful,family-00379-maximum,0.975959062576294,0.11337415685012651,3,0.5598136407478687,22,maximum
0.33309516310691833,useful,family-00379-minimum,0.9356473684310913,0.23877965566532727,0,0.39839293177446117,22,minimum
0.12699492275714874,useful,family-00379-minimum,0.9413328766822815,0.22328420517931277,1,0.38094949423362134,22,minimum
0.1752271056175232,useful,family-00379-minimum,0.9799405932426453,0.09827022376137715,2,0.560138349495203,22,minimum
0.2968330979347229,useful,family-00379-minimum,0.9729496836662292,0.12433428475131172,3,0.6645285794528774,22,minimum
-0.014675991609692574,redundant_or_uncertain,family-00379-sum_mod_10,0.9356473684310913,0.23877965566532727,0,0.593561631588336,22,sum_mod_10
-0.0010677650570869446,redundant_or_uncertain,family-00379-sum_mod_10,0.9464409351348877,0.20886425097644043,1,0.3461859987491714,22,sum_mod_10
-0.011636331677436829,useful,family-00379-sum_mod_10,0.9850303530693054,0.07775546301840705,2,0.9956764453688431,22,sum_mod_10
-0.01711072213947773,candidate_harmful,family-00379-sum_mod_10,0.9816308617591858,0.09162235854421891,3,0.4988803797325304,22,sum_mod_10
0.7999743223190308,useful,family-00380-maximum,0.9289770722389221,0.25627694247619864,0,0.9536126139092164,22,maximum
-0.036874473094940186,useful,family-00380-maximum,0.9438091516494751,0.21635524287828042,1,0.355238311466331,22,maximum
0.027773916721343994,useful,family-00380-maximum,0.9775110483169556,0.10757368291739342,2,1.528607722938103,22,maximum
0.15876948833465576,useful,family-00380-maximum,0.9722551703453064,0.12681338318942476,3,0.37823562536971206,22,maximum
0.2888755202293396,useful,family-00380-minimum,0.9312008023262024,0.2505217105674939,0,0.3660891795583528,22,minimum
0.5130074620246887,useful,family-00380-minimum,0.9510118961334229,0.1955249290867546,1,0.5011592015935024,22,minimum
0.4655298590660095,useful,family-00380-minimum,0.9842545986175537,0.08098320615231004,2,0.6745599540393727,22,minimum
0.272010862827301,useful,family-00380-minimum,0.9830451011657715,0.08593883283449419,3,0.5565916042308968,22,minimum
0.1262359768152237,redundant_or_uncertain,family-00380-sum_mod_10,0.9327331185340881,0.24651114116214695,0,0.5047543646633975,22,sum_mod_10
0.24020248651504517,redundant_or_uncertain,family-00380-sum_mod_10,0.9597262144088745,0.16881327918472777,1,1.0337752137658163,22,sum_mod_10
0.017906486988067627,useful,family-00380-sum_mod_10,0.9903106093406677,0.05456932384307042,2,0.5230301713502953,22,sum_mod_10
0.12554733455181122,candidate_harmful,family-00380-sum_mod_10,0.9890747666358948,0.060211119438430084,3,0.36312751566455037,22,sum_mod_10
0.23470556735992432,useful,family-00381-maximum,0.9385068416595459,0.23105638674160317,0,0.5658964618340827,22,maximum
0.9352683424949646,useful,family-00381-maximum,0.948025107383728,0.20428964156688628,1,1.0167199641495368,22,maximum
0.2222210168838501,useful,family-00381-maximum,0.9820088148117065,0.0901146679703368,2,1.0001985775478108,22,maximum
0.17442429065704346,useful,family-00381-maximum,0.9758244156837463,0.11387245785459355,3,0.6363225266606135,22,maximum
0.0010429024696350098,useful,family-00381-minimum,0.9307240843772888,0.25176192580407847,0,0.5327630383851347,22,minimum
0.23440080881118774,useful,family-00381-minimum,0.9518011212348938,0.19317740839011355,1,0.5417266532707765,22,minimum
0.6836600303649902,useful,family-00381-minimum,0.972510814666748,0.1259029515652311,2,1.2320191451113431,22,minimum
0.013000726699829102,useful,family-00381-minimum,0.9687638878822327,0.13901310445888013,3,0.29368365000882024,22,minimum
-0.01961800828576088,redundant_or_uncertain,family-00381-sum_mod_10,0.9327331185340881,0.24651114116214695,0,0.5971211706342072,22,sum_mod_10
6.560888141393661e-05,redundant_or_uncertain,family-00381-sum_mod_10,0.9576771259307861,0.1752573761649736,1,0.5200090632172812,22,sum_mod_10
-0.048930443823337555,useful,family-00381-sum_mod_10,0.9821549654006958,0.08952950066344864,2,1.5196498711956703,22,sum_mod_10
0.0006180447526276112,candidate_harmful,family-00381-sum_mod_10,0.9797622561454773,0.09896293331088307,3,0.38141915607336424,22,sum_mod_10
-0.007670402526855469,useful,family-00382-maximum,0.9359408020973206,0.23799345855354848,0,0.660434429608164,22,maximum
0.6480445861816406,useful,family-00382-maximum,0.9421448707580566,0.22102458724401458,1,0.7744723112727722,22,maximum
0.4551698863506317,useful,family-00382-maximum,0.9774833917617798,0.10767798565082179,2,1.8560819141007432,22,maximum
0.05563467741012573,useful,family-00382-maximum,0.9675434827804565,0.14318021466257183,3,0.28199185468080445,22,maximum
0.5349085330963135,useful,family-00382-minimum,0.9351699352264404,0.24005578940253638,0,0.7532549440887069,22,minimum
0.3172588050365448,useful,family-00382-minimum,0.9502279758453369,0.1978434345069668,1,0.3695545866731692,22,minimum
0.3301783800125122,useful,family-00382-minimum,0.9772144556045532,0.10869043406452455,2,0.48529874335953277,22,minimum
0.08988732099533081,useful,family-00382-minimum,0.9664272665977478,0.14694998958037883,3,0.6944111731982959,22,minimum
-0.09225642681121826,redundant_or_uncertain,family-00382-sum_mod_10,0.9356473684310913,0.23877965566532727,0,0.5738311988032544,22,sum_mod_10
0.22113892436027527,redundant_or_uncertain,family-00382-sum_mod_10,0.9461289048194885,0.20975941956090538,1,0.36137718692613974,22,sum_mod_10
0.2594248652458191,useful,family-00382-sum_mod_10,0.9832080006599426,0.08527664632436964,2,0.9714264799440714,22,sum_mod_10
-0.01826578378677368,candidate_harmful,family-00382-sum_mod_10,0.9756689071655273,0.11444700746601756,3,0.3985428164072825,22,sum_mod_10
0.5955432653427124,useful,family-00383-maximum,0.9319242238998413,0.2486328950352804,0,0.8871412931401055,22,maximum
0.19366344809532166,useful,family-00383-maximum,0.9550843238830566,0.1832634404235391,1,0.4037778271285603,22,maximum
0.25219449400901794,useful,family-00383-maximum,0.9877918362617493,0.06591824035424662,2,0.6168193290150985,22,maximum
0.22299692034721375,useful,family-00383-maximum,0.9805514812469482,0.09588501807535757,3,0.5898593248294852,22,maximum
-0.03873366117477417,useful,family-00383-minimum,0.9268379211425781,0.26174251299718587,0,0.5641615502117875,22,minimum
0.023478031158447266,useful,family-00383-minimum,0.9486672282218933,0.20242096614622634,1,0.7458310790550005,22,minimum
0.508163332939148,useful,family-00383-minimum,0.9767579436302185,0.11040162120293599,2,0.9132180164685455,22,minimum
0.03619706630706787,useful,family-00383-minimum,0.9744192957878113,0.11902742912453224,3,0.3197494604420778,22,minimum
-0.041518889367580414,redundant_or_uncertain,family-00383-sum_mod_10,0.9372493028640747,0.23447002349181648,0,0.45856910394783074,22,sum_mod_10
-0.007265036925673485,redundant_or_uncertain,family-00383-sum_mod_10,0.9559623599052429,0.18057023097818822,1,0.6290035594443516,22,sum_mod_10
-0.01543927751481533,useful,family-00383-sum_mod_10,0.9919400811195374,0.04688302445349912,2,0.7319066757481953,22,sum_mod_10
-0.0018794387578964233,candidate_harmful,family-00383-sum_mod_10,0.9875417351722717,0.06701445007126315,3,0.38599694846305027,22,sum_mod_10
0.17126518487930298,useful,family-00384-maximum,0.9332184195518494,0.24523318479546885,0,0.6188127312291815,22,maximum
0.2635507583618164,useful,family-00384-maximum,0.9489550590515137,0.2015805895736399,1,1.1619438777317133,22,maximum
-0.01913994550704956,useful,family-00384-maximum,0.9838728308677673,0.08255727885120157,2,1.3370372411314089,22,maximum
0.1810052990913391,useful,family-00384-maximum,0.9805009365081787,0.09608310392453878,3,0.5388976707444332,22,maximum
0.2737380862236023,useful,family-00384-minimum,0.9416711330413818,0.22234436482991382,0,0.7596428330944437,22,minimum
0.19408565759658813,useful,family-00384-minimum,0.9407458305358887,0.22491039278294817,1,0.6561716710091597,22,minimum
0.09151440858840942,useful,family-00384-minimum,0.9702305197715759,0.13393994338125603,2,0.6529833061699524,22,minimum
0.04622161388397217,useful,family-00384-minimum,0.9628004431724548,0.15893970553275288,3,0.6701482454047715,22,minimum
-0.016920646652579308,redundant_or_uncertain,family-00384-sum_mod_10,0.9201776385307312,0.27833530231340725,0,0.5906701624562005,22,sum_mod_10
-0.08207481354475021,redundant_or_uncertain,family-00384-sum_mod_10,0.9249619245529175,0.26648010998081145,1,0.41980922996673625,22,sum_mod_10
0.0026992661878466606,useful,family-00384-sum_mod_10,0.9458898305892944,0.2104439949273476,2,0.4851442356855379,22,sum_mod_10
-0.025721730664372444,candidate_harmful,family-00384-sum_mod_10,0.9567582011222839,0.17811332525289758,3,0.5119332057552418,22,sum_mod_10
-0.008665084838867188,useful,family-00385-maximum,0.9307240843772888,0.25176192580407847,0,0.5553365639536929,22,maximum
0.8081498146057129,useful,family-00385-maximum,0.9524433016777039,0.19125725728045478,1,0.6745205383494061,22,maximum
0.7844372987747192,useful,family-00385-maximum,0.9824278950691223,0.08843345626166783,2,1.397484705893229,22,maximum
0.03404110670089722,useful,family-00385-maximum,0.9748091697692871,0.1176052222980809,3,0.29319004638602936,22,maximum
-0.22036969661712646,useful,family-00385-minimum,0.9319242238998413,0.2486328950352804,0,0.7271419014768088,22,minimum
-0.0021620988845825195,useful,family-00385-minimum,0.9459669589996338,0.21022326438711655,1,0.43889319630762713,22,minimum
0.5578277707099915,useful,family-00385-minimum,0.9762337803840637,0.1123550805112669,2,0.7257762825678602,22,minimum
0.1845034658908844,useful,family-00385-minimum,0.9723030924797058,0.12664290223051033,3,0.517569651341951,22,minimum
-0.009912253357470036,redundant_or_uncertain,family-00385-sum_mod_10,0.9319242238998413,0.2486328950352804,0,0.7361950948056007,22,sum_mod_10
0.00011517514940351248,redundant_or_uncertain,family-00385-sum_mod_10,0.9490494132041931,0.20130473298838042,1,0.4384162687108084,22,sum_mod_10
-0.0006928694201633334,useful,family-00385-sum_mod_10,0.9828437566757202,0.08675509980505597,2,0.6147617129362865,22,sum_mod_10
-0.007856880314648151,candidate_harmful,family-00385-sum_mod_10,0.9782267212867737,0.10486240267333148,3,0.6040387083925908,22,sum_mod_10
0.025618672370910645,useful,family-00386-maximum,0.936403751373291,0.236750155465331,0,0.7809035106851618,22,maximum
-0.004653871059417725,useful,family-00386-maximum,0.9556189179420471,0.1816258358604593,1,0.4001778997838271,22,maximum
0.5570283532142639,useful,family-00386-maximum,0.9865667223930359,0.07124034285577682,2,1.5173815458640594,22,maximum
0.021019458770751953,useful,family-00386-maximum,0.9830775856971741,0.0858069107715176,3,0.2992497090900496,22,maximum
0.14605361223220825,useful,family-00386-minimum,0.9312008023262024,0.2505217105674939,0,0.557387857948706,22,minimum
0.20308375358581543,useful,family-00386-minimum,0.9474575519561768,0.20593434948050618,1,0.5616895383157116,22,minimum
0.2776718735694885,useful,family-00386-minimum,0.9827049374580383,0.08731648229498817,2,1.0130955553649459,22,minimum
0.04316431283950806,useful,family-00386-minimum,0.984565019607544,0.07969638174319273,3,0.5554402532464607,22,minimum
0.0001596696674823761,redundant_or_uncertain,family-00386-sum_mod_10,0.9351699352264404,0.24005578940253638,0,0.6519753849067058,22,sum_mod_10
-0.00832892581820488,redundant_or_uncertain,family-00386-sum_mod_10,0.9530636668205261,0.18939369003663645,1,0.4216320814485737,22,sum_mod_10
-0.0844290554523468,useful,family-00386-sum_mod_10,0.9854207634925842,0.07611573888128237,2,0.5533849110887734,22,sum_mod_10
-0.028995227068662643,candidate_harmful,family-00386-sum_mod_10,0.9809061288833618,0.09449135975878803,3,0.534429271426576,22,sum_mod_10
-0.009404674172401428,useful,family-00387-maximum,0.9312008023262024,0.2505217105674939,0,0.4270341034191966,22,maximum
0.018244074657559395,useful,family-00387-maximum,0.9489774703979492,0.2015150837546611,1,0.9342689563339835,22,maximum
0.011563397943973541,useful,family-00387-maximum,0.9847568869590759,0.07889784858318984,2,0.45680567572677916,22,maximum
-0.0027477405965328217,useful,family-00387-maximum,0.9782894253730774,0.10462371760246428,3,0.4675540584840778,22,maximum
0.08222419023513794,useful,family-00387-minimum,0.9313885569572449,0.25003228129256544,0,0.6578358923563368,22,minimum
0.02717059850692749,useful,family-00387-minimum,0.9414548277854919,0.2229456052368068,1,0.8855544401660759,22,minimum
0.5036013126373291,useful,family-00387-minimum,0.9727937579154968,0.1248924485613546,2,0.8577852738758264,22,minimum
0.052690207958221436,useful,family-00387-minimum,0.9685060977935791,0.1398973754585863,3,0.35517012529992936,22,minimum
-0.005899328738451004,redundant_or_uncertain,family-00387-sum_mod_10,0.9436833262443542,0.216710068585657,0,0.5630894863899978,22,sum_mod_10
0.0004101209342479706,redundant_or_uncertain,family-00387-sum_mod_10,0.9578048586845398,0.17485875286730795,1,0.6430899709810219,22,sum_mod_10
-0.026593847200274467,useful,family-00387-sum_mod_10,0.9895198345184326,0.05819648808793739,2,0.8351732879336671,22,sum_mod_10
-0.013981560245156288,candidate_harmful,family-00387-sum_mod_10,0.9834502339363098,0.08428899124612077,3,0.35057992636272683,22,sum_mod_10
-0.01094961166381836,useful,family-00388-maximum,0.9307240843772888,0.25176192580407847,0,0.5638916045399842,22,maximum
0.643483579158783,useful,family-00388-maximum,0.9543356895446777,0.18554552709719674,1,0.6934922274320225,22,maximum
0.7395880222320557,useful,family-00388-maximum,0.9856182932853699,0.07528208893635004,2,1.3537091388667415,22,maximum
0.020799696445465088,useful,family-00388-maximum,0.9792080521583557,0.10110543530717132,3,0.24367934817366915,22,maximum
0.27304625511169434,useful,family-00388-minimum,0.9289770722389221,0.25627694247619864,0,0.7399738255776108,22,minimum
0.0037283897399902344,useful,family-00388-minimum,0.9405415058135986,0.22547494323385422,1,0.5175686701004139,22,minimum
0.6117441058158875,useful,family-00388-minimum,0.9658011794090271,0.1490475700576719,2,1.2207857457991533,22,minimum
-0.0017825961112976074,useful,family-00388-minimum,0.9608591794967651,0.16520395053173517,3,0.48746592767940594,22,minimum
-0.004106522537767887,redundant_or_uncertain,family-00388-sum_mod_10,0.9327331185340881,0.24651114116214695,0,0.5583411467192537,22,sum_mod_10
0.0027890088967978954,redundant_or_uncertain,family-00388-sum_mod_10,0.9606778025627136,0.16578404006208308,1,1.2830558573384958,22,sum_mod_10
-0.0020476747304201126,useful,family-00388-sum_mod_10,0.9913513660430908,0.049695198235452154,2,0.7528858592232703,22,sum_mod_10
-0.01542714238166809,candidate_harmful,family-00388-sum_mod_10,0.9892454147338867,0.05944087674226546,3,0.5328282478647383,22,sum_mod_10
-0.5080533027648926,useful,family-00389-maximum,0.9356473684310913,0.23877965566532727,0,0.7604048128202704,22,maximum
-0.19735169410705566,useful,family-00389-maximum,0.9499576687812805,0.19863986617890372,1,0.3116800612086564,22,maximum
0.05178117752075195,useful,family-00389-maximum,0.9859116077423096,0.07403910192340432,2,0.5666595067238094,22,maximum
0.17250710725784302,useful,family-00389-maximum,0.9758874177932739,0.11363939567029017,3,0.574548696276514,22,maximum
0.29870525002479553,useful,family-00389-minimum,0.9289770722389221,0.25627694247619864,0,0.6608716893546288,22,minimum
0.33970484137535095,useful,family-00389-minimum,0.9424557089805603,0.22015639337941625,1,0.5686803038022106,22,minimum
0.11161214113235474,useful,family-00389-minimum,0.9663551449775696,0.14719223031899875,2,0.6279139093775871,22,minimum
-0.11864903569221497,useful,family-00389-minimum,0.959868848323822,0.1683607310869476,3,0.6434023468717375,22,minimum
-0.016000891104340553,redundant_or_uncertain,family-00389-sum_mod_10,0.9416711330413818,0.22234436482991382,0,0.4486407908887366,22,sum_mod_10
-0.015517035499215126,redundant_or_uncertain,family-00389-sum_mod_10,0.9520476460456848,0.19244135640695695,1,1.1011863888200122,22,sum_mod_10
-0.024034341797232628,useful,family-00389-sum_mod_10,0.9899959564208984,0.05602011425976824,2,0.36187404920540905,22,sum_mod_10
-0.036306232213974,candidate_harmful,family-00389-sum_mod_10,0.9872690439224243,0.06820388328200903,3,0.5481723156932965,22,sum_mod_10
