causal_utility,e1_classification,example_id,gate,gate_entropy,layer,relative_update_norm,seed,task
0.10607428848743439,useful,family-00300-maximum,0.9390060901641846,0.22969358781392255,0,0.41464289597121956,33,maximum
0.21054241061210632,useful,family-00300-maximum,0.9492529630661011,0.20070900116329596,1,0.9606078542426437,33,maximum
-0.04239419102668762,useful,family-00300-maximum,0.9498202204704285,0.19904425336832784,2,0.4430978516087867,33,maximum
0.19864574074745178,useful,family-00300-maximum,0.9698744416236877,0.13517835097793515,3,0.48155640443946834,33,maximum
0.06413215398788452,useful,family-00300-minimum,0.9349802136421204,0.24056185191467644,0,0.4166127595655056,33,minimum
0.052243828773498535,useful,family-00300-minimum,0.9236674904823303,0.2697194064642542,1,0.6684593528300836,33,minimum
0.2218540906906128,useful,family-00300-minimum,0.967801034450531,0.14230480416780328,2,0.7284542217961844,33,minimum
0.12284380197525024,useful,family-00300-minimum,0.9734933972358704,0.12238070498986275,3,0.619827328649827,33,minimum
-0.06915794312953949,redundant_or_uncertain,family-00300-sum_mod_10,0.944962203502655,0.21308967120764669,0,0.3725858888713107,33,sum_mod_10
-0.0033297091722488403,redundant_or_uncertain,family-00300-sum_mod_10,0.9393561482429504,0.22873544054191297,1,0.4225634130998886,33,sum_mod_10
0.034617625176906586,useful,family-00300-sum_mod_10,0.9855054020881653,0.07575886687449972,2,0.5354923851488758,33,sum_mod_10
-0.06907790899276733,candidate_harmful,family-00300-sum_mod_10,0.9880532026290894,0.06476710938228304,3,0.583168271297576,33,sum_mod_10
-0.015562474727630615,useful,family-00301-maximum,0.9390060901641846,0.22969358781392255,0,0.4240916335896678,33,maximum
-0.0531194806098938,useful,family-00301-maximum,0.9447097778320312,0.21380673718662357,1,0.8091422594567375,33,maximum
0.2775571346282959,useful,family-00301-maximum,0.9606375694274902,0.16591259770519737,2,0.676044408786615,33,maximum
0.18063169717788696,useful,family-00301-maximum,0.9696241021156311,0.1360464082668606,3,0.4422440585331118,33,maximum
0.10433952510356903,useful,family-00301-minimum,0.9449672102928162,0.21307543603750584,0,0.4803664479950396,33,minimum
0.12364037334918976,useful,family-00301-minimum,0.9308675527572632,0.2513890545215961,1,0.6970877401365971,33,minimum
0.036069050431251526,useful,family-00301-minimum,0.971365213394165,0.1299640457273381,2,0.45939736308574064,33,minimum
0.01661531627178192,useful,family-00301-minimum,0.9823258519172668,0.08884374773057155,3,0.5957967619025599,33,minimum
0.0109199658036232,redundant_or_uncertain,family-00301-sum_mod_10,0.9270280003547668,0.2612596159680735,0,0.3279691421587857,33,sum_mod_10
-0.05151648074388504,redundant_or_uncertain,family-00301-sum_mod_10,0.9338272213935852,0.24362466326280768,1,0.7411102210988825,33,sum_mod_10
0.026679717004299164,useful,family-00301-sum_mod_10,0.9502639770507812,0.19773724428720468,2,0.37139578088681474,33,sum_mod_10
0.04439616948366165,candidate_harmful,family-00301-sum_mod_10,0.9703353047370911,0.13357467703440298,3,0.4408378400687945,33,sum_mod_10
0.5354743599891663,useful,family-00302-maximum,0.9491927623748779,0.2008852806749826,0,0.5432978614263997,33,maximum
0.5068296194076538,useful,family-00302-maximum,0.9567227363586426,0.17822313531852463,1,0.7074771407379896,33,maximum
0.14003318548202515,useful,family-00302-maximum,0.9709623456001282,0.13138087978797833,2,0.6899540042276743,33,maximum
0.3245738744735718,useful,family-00302-maximum,0.9786267280578613,0.10333657487632382,3,0.6131402430845528,33,maximum
0.43425509333610535,useful,family-00302-minimum,0.9444131255149841,0.21464787903976124,0,0.3684916348977535,33,minimum
0.3464169204235077,useful,family-00302-minimum,0.9538412094116211,0.18704580181183597,1,0.5463573119733304,33,minimum
0.29351773858070374,useful,family-00302-minimum,0.9780365824699402,0.10558504561486598,2,0.6275432650840573,33,minimum
0.08480805158615112,useful,family-00302-minimum,0.9811273217201233,0.09361874586654828,3,0.6748323706901869,33,minimum
0.006795138120651245,redundant_or_uncertain,family-00302-sum_mod_10,0.9491927623748779,0.2008852806749826,0,0.5879886962442059,33,sum_mod_10
0.02308499440550804,redundant_or_uncertain,family-00302-sum_mod_10,0.9566318392753601,0.17850444263718185,1,0.6301905669483793,33,sum_mod_10
-0.019834332168102264,useful,family-00302-sum_mod_10,0.9805648922920227,0.09583243744538546,2,0.4858863043239044,33,sum_mod_10
0.02494696155190468,candidate_harmful,family-00302-sum_mod_10,0.988631546497345,0.06219916358507299,3,0.5171067309318076,33,sum_mod_10
0.0035067126154899597,useful,family-00303-maximum,0.9458926320075989,0.21043597970167074,0,0.42470752132829875,33,maximum
0.09825577586889267,useful,family-00303-maximum,0.9561046361923218,0.1801321103077866,1,0.8774618915718043,33,maximum
-0.016811467707157135,useful,family-00303-maximum,0.9735924601554871,0.12202354165369873,2,0.37440400330371776,33,maximum
0.0864858403801918,useful,family-00303-maximum,0.9834352135658264,0.08435033795057026,3,0.6510374526439895,33,maximum
0.14090734720230103,useful,family-00303-minimum,0.9365215301513672,0.2364332738178154,0,0.4455180104382154,33,minimum
0.17790871858596802,useful,family-00303-minimum,0.9372787475585938,0.23439040415493276,1,0.5090309003059221,33,minimum
0.03118056058883667,useful,family-00303-minimum,0.969025194644928,0.1381145291953832,2,0.5871919254820402,33,minimum
0.11211156845092773,useful,family-00303-minimum,0.9817694425582886,0.09107047498500348,3,0.8710704662027926,33,minimum
0.0009565264917910099,redundant_or_uncertain,family-00303-sum_mod_10,0.9259114861488342,0.2640885212643203,0,0.43695897226443076,33,sum_mod_10
-0.007324161473661661,redundant_or_uncertain,family-00303-sum_mod_10,0.9105110764503479,0.301353781420429,1,0.603937152839659,33,sum_mod_10
-0.010507054626941681,useful,family-00303-sum_mod_10,0.9648857712745667,0.15209315763296233,2,0.5522388461577009,33,sum_mod_10
-0.003013452049344778,candidate_harmful,family-00303-sum_mod_10,0.9786499738693237,0.10324766975931896,3,0.43875647019151215,33,sum_mod_10
0.271237850189209,useful,family-00304-maximum,0.9349802136421204,0.24056185191467644,0,0.4643411390815815,33,maximum
0.5605207681655884,useful,family-00304-maximum,0.9286975264549255,0.25699508592677434,1,1.2080089525760602,33,maximum
-0.2283421754837036,useful,family-00304-maximum,0.9484385251998901,0.2030874945305186,2,0.3225720919753648,33,maximum
-0.2013317346572876,useful,family-00304-maximum,0.9673728942871094,0.14375887600788884,3,0.5705449413381348,33,maximum
0.3609505295753479,useful,family-00304-minimum,0.9270280003547668,0.2612596159680735,0,0.5782740074487586,33,minimum
0.27930864691734314,useful,family-00304-minimum,0.9276292324066162,0.25972866082815077,1,0.6390003239541739,33,minimum
0.0023827552795410156,useful,family-00304-minimum,0.9371761083602905,0.23466787976994224,2,0.30998612940174075,33,minimum
0.304316908121109,useful,family-00304-minimum,0.9615854620933533,0.16287231066639807,3,0.7763962403765444,33,minimum
0.008544964715838432,redundant_or_uncertain,family-00304-sum_mod_10,0.9463757276535034,0.2090514799499639,0,0.5273162942357263,33,sum_mod_10
-0.030434221029281616,redundant_or_uncertain,family-00304-sum_mod_10,0.9469638466835022,0.2073597835696001,1,0.7191499554173367,33,sum_mod_10
-0.004490334540605545,useful,family-00304-sum_mod_10,0.9829748272895813,0.08622400372710354,2,0.6581223145477116,33,sum_mod_10
-0.0066360607743263245,candidate_harmful,family-00304-sum_mod_10,0.9873766899108887,0.06773506344255202,3,0.506943183126335,33,sum_mod_10
0.7794456481933594,useful,family-00305-maximum,0.9491927623748779,0.2008852806749826,0,0.5408032381716268,33,maximum
0.826169490814209,useful,family-00305-maximum,0.956093430519104,0.18016663414836825,1,0.9685635475524844,33,maximum
0.044933319091796875,useful,family-00305-maximum,0.970382571220398,0.13340978764658967,2,0.3430944050734771,33,maximum
0.10912919044494629,useful,family-00305-maximum,0.9821076989173889,0.08971888217377078,3,0.459098461771483,33,maximum
0.04935556650161743,useful,family-00305-minimum,0.9307264685630798,0.2517557319658407,0,0.3222958137140831,33,minimum
0.021324515342712402,useful,family-00305-minimum,0.9485435485839844,0.20278154915864888,1,0.7078246797822076,33,minimum
0.06993061304092407,useful,family-00305-minimum,0.9717192053794861,0.1287142879264885,2,0.604368509821689,33,minimum
0.49727562069892883,useful,family-00305-minimum,0.9736781120300293,0.12171442312185769,3,1.1188875686979778,33,minimum
-0.0016342420130968094,redundant_or_uncertain,family-00305-sum_mod_10,0.941583514213562,0.22258801191553665,0,0.411919976229723,33,sum_mod_10
-0.021290946751832962,redundant_or_uncertain,family-00305-sum_mod_10,0.9549282193183899,0.1837403703553284,1,0.5437712861062245,33,sum_mod_10
-0.003849221393465996,useful,family-00305-sum_mod_10,0.9791329503059387,0.101394602683365,2,0.3488486716844466,33,sum_mod_10
-0.013602005317807198,candidate_harmful,family-00305-sum_mod_10,0.9876137971878052,0.06669912335713019,3,0.7819052920014816,33,sum_mod_10
0.15502798557281494,useful,family-00306-maximum,0.9349802136421204,0.24056185191467644,0,0.7194166220779538,33,maximum
0.8618113398551941,useful,family-00306-maximum,0.9361264109611511,0.2374954154240447,1,1.0290163505671537,33,maximum
0.10075110197067261,useful,family-00306-maximum,0.9611678719520569,0.1642146602611842,2,0.427006751915214,33,maximum
0.0490494966506958,useful,family-00306-maximum,0.9729962944984436,0.12416725391700853,3,0.3786161712554221,33,maximum
-0.19067564606666565,useful,family-00306-minimum,0.9402379989624023,0.22631215716952185,0,0.5310816830387752,33,minimum
0.14805176854133606,useful,family-00306-minimum,0.9477376341819763,0.20512351743201862,1,0.5530548854488948,33,minimum
0.38783666491508484,useful,family-00306-minimum,0.9819629192352295,0.09029817778745934,2,0.517108472898317,33,minimum
0.2420252561569214,useful,family-00306-minimum,0.9830307364463806,0.08599714881735902,3,0.7121146400617967,33,minimum
0.005223472602665424,redundant_or_uncertain,family-00306-sum_mod_10,0.9491927623748779,0.2008852806749826,0,0.5584520196603278,33,sum_mod_10
-0.007451615296304226,redundant_or_uncertain,family-00306-sum_mod_10,0.9587876796722412,0.17177801252510294,1,0.5691913143551953,33,sum_mod_10
-0.019457850605249405,useful,family-00306-sum_mod_10,0.9818721413612366,0.09066079594463224,2,0.748791535030686,33,sum_mod_10
0.0010648197494447231,candidate_harmful,family-00306-sum_mod_10,0.9884514808654785,0.06300180799524302,3,0.3971568510954087,33,sum_mod_10
-0.07783163338899612,useful,family-00307-maximum,0.9365215301513672,0.2364332738178154,0,0.6773057503119657,33,maximum
0.009100894443690777,useful,family-00307-maximum,0.9420504570007324,0.22128794038314747,1,0.713446525701607,33,maximum
-0.00011351797729730606,useful,family-00307-maximum,0.9496863484382629,0.19943773772453083,2,0.39972033474081436,33,maximum
0.003986110910773277,useful,family-00307-maximum,0.9680705070495605,0.14138659579183505,3,0.4234036720625684,33,maximum
0.18695878982543945,useful,family-00307-minimum,0.9331091046333313,0.2455213755850494,0,0.5005204887793525,33,minimum
-0.027908742427825928,useful,family-00307-minimum,0.9494349360466003,0.20017569057946097,1,0.6711665287364574,33,minimum
0.6690573692321777,useful,family-00307-minimum,0.9495502710342407,0.19983731985078904,2,0.9305774410821852,33,minimum
0.10422569513320923,useful,family-00307-minimum,0.9640737175941467,0.1547741589221992,3,0.5417082985294119,33,minimum
0.056070756167173386,redundant_or_uncertain,family-00307-sum_mod_10,0.9270280003547668,0.2612596159680735,0,0.5907698107441995,33,sum_mod_10
0.02548539638519287,redundant_or_uncertain,family-00307-sum_mod_10,0.9407359957695007,0.22493758343993064,1,0.5045107813226897,33,sum_mod_10
0.009601488709449768,useful,family-00307-sum_mod_10,0.9535855054855347,0.1878194368553478,2,0.5353275500470769,33,sum_mod_10
0.04733947664499283,candidate_harmful,family-00307-sum_mod_10,0.9708055853843689,0.13193062518767082,3,0.6269343881019132,33,sum_mod_10
0.31934288144111633,useful,family-00308-maximum,0.9463757276535034,0.2090514799499639,0,0.6102426983238172,33,maximum
-0.04220736026763916,useful,family-00308-maximum,0.9462710022926331,0.20935200054584402,1,0.6876301322279601,33,maximum
0.41627001762390137,useful,family-00308-maximum,0.9795662760734558,0.09972232358997124,2,0.7210977907435617,33,maximum
0.17994165420532227,useful,family-00308-maximum,0.9830474257469177,0.08592939464467639,3,0.4192396067032119,33,maximum
0.020839393138885498,useful,family-00308-minimum,0.9331091046333313,0.2455213755850494,0,0.3504784209289064,33,minimum
-0.0036432817578315735,useful,family-00308-minimum,0.9547777771949768,0.18419946465276177,1,0.7652539956554251,33,minimum
0.09240857511758804,useful,family-00308-minimum,0.9611039161682129,0.1644198332824118,2,0.5215446771947767,33,minimum
0.07177016139030457,useful,family-00308-minimum,0.9742254018783569,0.11973245133829052,3,0.5591446020135644,33,minimum
0.04438786208629608,redundant_or_uncertain,family-00308-sum_mod_10,0.9301250576972961,0.2533153413239986,0,0.4140847540795717,33,sum_mod_10
-0.00034152716398239136,redundant_or_uncertain,family-00308-sum_mod_10,0.945578396320343,0.21133409494790167,1,0.6785626415536177,33,sum_mod_10
-0.09594938904047012,useful,family-00308-sum_mod_10,0.9617099165916443,0.16247133895518456,2,0.7430666364212686,33,sum_mod_10
-0.018876656889915466,candidate_harmful,family-00308-sum_mod_10,0.9733299016952515,0.1229693437838478,3,0.5837157408437246,33,sum_mod_10
-0.014408528804779053,useful,family-00309-maximum,0.9307264685630798,0.2517557319658407,0,0.6208095711393449,33,maximum
-0.03099691867828369,useful,family-00309-maximum,0.9539957642555237,0.18657747484916257,1,0.4911988829377402,33,maximum
0.10970479249954224,useful,family-00309-maximum,0.9724829792976379,0.12600220046916055,2,1.0080024411521604,33,maximum
0.036795198917388916,useful,family-00309-maximum,0.9671787023544312,0.1444164817845061,3,0.41733975396817785,33,maximum
0.20503860712051392,useful,family-00309-minimum,0.9456735849380493,0.21106223996917065,0,0.5161067300049391,33,minimum
-0.016943037509918213,useful,family-00309-minimum,0.9448819160461426,0.21331787652130468,1,0.6521912206370732,33,minimum
0.01739215850830078,useful,family-00309-minimum,0.9811060428619385,0.09370280613552842,2,0.6409948968210133,33,minimum
0.44282156229019165,useful,family-00309-minimum,0.9838792681694031,0.08253081385433834,3,0.7039718493736866,33,minimum
0.17749951779842377,redundant_or_uncertain,family-00309-sum_mod_10,0.9458597898483276,0.21052993579587004,0,0.4389719186604634,33,sum_mod_10
-0.023835450410842896,redundant_or_uncertain,family-00309-sum_mod_10,0.9471747875213623,0.20675134797711645,1,0.473771454575324,33,sum_mod_10
0.328249454498291,useful,family-00309-sum_mod_10,0.9849274158477783,0.07818606642603317,2,0.8967089910101212,33,sum_mod_10
0.0414564311504364,candidate_harmful,family-00309-sum_mod_10,0.9878210425376892,0.06578989106694487,3,0.5054607454017843,33,sum_mod_10
0.35727816820144653,useful,family-00310-maximum,0.9301250576972961,0.2533153413239986,0,0.44079934740220356,33,maximum
0.5941845178604126,useful,family-00310-maximum,0.9477117657661438,0.20519847220382115,1,0.8000118949337495,33,maximum
-0.014402210712432861,useful,family-00310-maximum,0.9484207630157471,0.20313921553480863,2,0.37563099546075046,33,maximum
0.41727104783058167,useful,family-00310-maximum,0.9617568850517273,0.16231990512899905,3,0.7487154694344038,33,maximum
0.5579825639724731,useful,family-00310-minimum,0.9463757276535034,0.2090514799499639,0,0.5474700673899651,33,minimum
-0.07924515008926392,useful,family-00310-minimum,0.9369639158248901,0.2352409557181619,1,0.5563166575216448,33,minimum
0.5651952028274536,useful,family-00310-minimum,0.9767909049987793,0.110278378588156,2,0.9580993337167645,33,minimum
0.1493130326271057,useful,family-00310-minimum,0.9852442741394043,0.07685829177070636,3,0.5137972918622895,33,minimum
-0.022310253232717514,redundant_or_uncertain,family-00310-sum_mod_10,0.9491927623748779,0.2008852806749826,0,0.3871475550498503,33,sum_mod_10
0.04190760850906372,redundant_or_uncertain,family-00310-sum_mod_10,0.9569167494773865,0.1776220375728822,1,0.6840897385540068,33,sum_mod_10
-0.07909807562828064,useful,family-00310-sum_mod_10,0.9740476012229919,0.1203776402672956,2,0.6298347787318886,33,sum_mod_10
-0.05800742283463478,candidate_harmful,family-00310-sum_mod_10,0.9835298657417297,0.0839635244908076,3,0.4923688740382459,33,sum_mod_10
0.7589598894119263,useful,family-00311-maximum,0.9331091046333313,0.2455213755850494,0,0.6334806536794575,33,maximum
0.871059775352478,useful,family-00311-maximum,0.9581533074378967,0.17376927163979564,1,1.0078158809902762,33,maximum
0.07081270217895508,useful,family-00311-maximum,0.9551823139190674,0.18296377163835112,2,0.30681340678768887,33,maximum
0.040718793869018555,useful,family-00311-maximum,0.9700087904930115,0.13471161023069006,3,0.4370451068646894,33,maximum
0.11695194244384766,useful,family-00311-minimum,0.9458926320075989,0.21043597970167074,0,0.37025186124449216,33,minimum
0.057977259159088135,useful,family-00311-minimum,0.9496576189994812,0.1995221320239593,1,0.5672013578091226,33,minimum
0.8232700824737549,useful,family-00311-minimum,0.9797921180725098,0.09884705368621105,2,1.1201805546406098,33,minimum
0.24788135290145874,useful,family-00311-minimum,0.9853951930999756,0.07622345623016673,3,0.5171344874099922,33,minimum
-0.01914309337735176,redundant_or_uncertain,family-00311-sum_mod_10,0.9301250576972961,0.2533153413239986,0,0.4116355705177457,33,sum_mod_10
0.013565661385655403,redundant_or_uncertain,family-00311-sum_mod_10,0.945845901966095,0.21056966043852698,1,0.7101020546780609,33,sum_mod_10
-0.020096085965633392,useful,family-00311-sum_mod_10,0.9692613482475281,0.1373004935433858,2,0.5506939350132818,33,sum_mod_10
-0.009196430444717407,candidate_harmful,family-00311-sum_mod_10,0.9799719452857971,0.09814827711687504,3,0.46248497079876905,33,sum_mod_10
0.18771302700042725,useful,family-00312-maximum,0.9456735849380493,0.21106223996917065,0,0.5264558232847419,33,maximum
0.20238590240478516,useful,family-00312-maximum,0.9494072198867798,0.20025696315968064,1,0.7689654463317535,33,maximum
0.35273024439811707,useful,family-00312-maximum,0.9734523892402649,0.12252844461752328,2,0.5623738570090991,33,maximum
0.2668001055717468,useful,family-00312-maximum,0.9812366962432861,0.09318628490793884,3,0.5992292292211038,33,maximum
0.07179629802703857,useful,family-00312-minimum,0.9301250576972961,0.2533153413239986,0,0.3811291343604897,33,minimum
0.08250284194946289,useful,family-00312-minimum,0.9427897930145264,0.2192212855895326,1,0.6660110340099501,33,minimum
0.32803282141685486,useful,family-00312-minimum,0.9656998515129089,0.14938592765253844,2,0.6715709482780903,33,minimum
0.07569074630737305,useful,family-00312-minimum,0.9721654057502747,0.1271324879481671,3,0.5835798287633681,33,minimum
-0.13515439629554749,redundant_or_uncertain,family-00312-sum_mod_10,0.941583514213562,0.22258801191553665,0,0.4327268844297586,33,sum_mod_10
0.025745145976543427,redundant_or_uncertain,family-00312-sum_mod_10,0.9600624442100525,0.16774564587602675,1,0.42274393349341444,33,sum_mod_10
-0.09212974458932877,useful,family-00312-sum_mod_10,0.9808462262153625,0.09472722722286413,2,0.5557239675254901,33,sum_mod_10
-0.012883029878139496,candidate_harmful,family-00312-sum_mod_10,0.9868116974830627,0.07018553052711038,3,0.5593497592535889,33,sum_mod_10
0.24734938144683838,useful,family-00313-maximum,0.9444131255149841,0.21464787903976124,0,0.3866978423594443,33,maximum
0.43397417664527893,useful,family-00313-maximum,0.9558366537094116,0.1809569261353379,1,0.6825958607217052,33,maximum
-0.010042399168014526,useful,family-00313-maximum,0.9743509292602539,0.11927618984081206,2,0.6293932503393574,33,maximum
0.14109396934509277,useful,family-00313-maximum,0.977997899055481,0.10573185957673342,3,0.6238083140935857,33,maximum
0.550523579120636,useful,family-00313-minimum,0.9259114861488342,0.2640885212643203,0,0.5216925768799489,33,minimum
-0.03754144906997681,useful,family-00313-minimum,0.8946564197540283,0.3366678324077275,1,0.5077477456123963,33,minimum
-0.003150761127471924,useful,family-00313-minimum,0.960933268070221,0.16496674503397582,2,0.5127018918037685,33,minimum
0.0915454626083374,useful,family-00313-minimum,0.9763633012771606,0.11187349164580879,3,0.548429261254873,33,minimum
-0.026443079113960266,redundant_or_uncertain,family-00313-sum_mod_10,0.9463757276535034,0.2090514799499639,0,0.5265836425229339,33,sum_mod_10
0.007074892520904541,redundant_or_uncertain,family-00313-sum_mod_10,0.9471471905708313,0.20683099882911457,1,0.6207952806707957,33,sum_mod_10
0.007920406758785248,useful,family-00313-sum_mod_10,0.9846453070640564,0.07936252966492238,2,0.5142827813831382,33,sum_mod_10
0.003865443170070648,candidate_harmful,family-00313-sum_mod_10,0.9877442717552185,0.06612711500853931,3,0.4088261539600223,33,sum_mod_10
0.17836862802505493,useful,family-00314-maximum,0.9449672102928162,0.21307543603750584,0,0.532030628787128,33,maximum
-0.020459353923797607,useful,family-00314-maximum,0.9377139210700989,0.23321195878869896,1,0.5922060870938297,33,maximum
0.23416125774383545,useful,family-00314-maximum,0.9693871140480042,0.13686620828664572,2,0.8800818264042874,33,maximum
0.12126660346984863,useful,family-00314-maximum,0.9722278118133545,0.1269106718209163,3,0.505223824174889,33,maximum
0.0467829704284668,useful,family-00314-minimum,0.9444131255149841,0.21464787903976124,0,0.3945149791550834,33,minimum
-0.010127842426300049,useful,family-00314-minimum,0.9509401321411133,0.19573772218720353,1,0.620476026715134,33,minimum
0.30432263016700745,useful,family-00314-minimum,0.9781874418258667,0.10501182710221597,2,0.739234572224438,33,minimum
0.23052921891212463,useful,family-00314-minimum,0.9792552590370178,0.10092353122270689,3,0.45262805281894464,33,minimum
-0.004212953150272369,redundant_or_uncertain,family-00314-sum_mod_10,0.941583514213562,0.22258801191553665,0,0.4532628597827037,33,sum_mod_10
0.023538298904895782,redundant_or_uncertain,family-00314-sum_mod_10,0.9533992409706116,0.18838205176142553,1,0.47714992338503726,33,sum_mod_10
0.004676371812820435,useful,family-00314-sum_mod_10,0.9781988859176636,0.10496829968598781,2,0.66977065914519,33,sum_mod_10
-0.0647314190864563,candidate_harmful,family-00314-sum_mod_10,0.9866636991500854,0.07082332695805812,3,0.6022466612975707,33,sum_mod_10
0.022494196891784668,useful,family-00315-maximum,0.9384170770645142,0.231300958179469,0,0.47381952291079005,33,maximum
0.008956074714660645,useful,family-00315-maximum,0.953550398349762,0.18792553837130135,1,0.8032637889708967,33,maximum
0.09914380311965942,useful,family-00315-maximum,0.972585916519165,0.12563502612642533,2,1.0333001484670665,33,maximum
0.02571547031402588,useful,family-00315-maximum,0.9699581265449524,0.13488769432865919,3,0.3881323649618279,33,maximum
0.19308698177337646,useful,family-00315-minimum,0.9365215301513672,0.2364332738178154,0,0.35258675784717053,33,minimum
0.3990049362182617,useful,family-00315-minimum,0.9335485696792603,0.24436163309769926,1,0.7164827799419996,33,minimum
0.49445468187332153,useful,family-00315-minimum,0.9579222798347473,0.1744919535032936,2,0.7077468436410309,33,minimum
0.22797363996505737,useful,family-00315-minimum,0.9732773900032043,0.1231581847165235,3,0.5432097975455417,33,minimum
-0.07699184119701385,redundant_or_uncertain,family-00315-sum_mod_10,0.9496016502380371,0.19968649375558054,0,0.43518812974962956,33,sum_mod_10
0.08428986370563507,redundant_or_uncertain,family-00315-sum_mod_10,0.9531117081642151,0.18924901704735564,1,0.4701200743916321,33,sum_mod_10
0.0896000862121582,useful,family-00315-sum_mod_10,0.9867320656776428,0.07052891048903208,2,0.3809866432746576,33,sum_mod_10
-0.03769338130950928,candidate_harmful,family-00315-sum_mod_10,0.9903938174247742,0.0541839593119752,3,0.4363241189047553,33,sum_mod_10
0.029018588364124298,useful,family-00316-maximum,0.9365215301513672,0.2364332738178154,0,0.4699862729891021,33,maximum
0.04050936549901962,useful,family-00316-maximum,0.9400444626808167,0.22684516433419546,1,0.750405546844164,33,maximum
-0.12899890542030334,useful,family-00316-maximum,0.9559274911880493,0.1806775310793574,2,0.5649594563808461,33,maximum
0.030420787632465363,useful,family-00316-maximum,0.9727751612663269,0.1249589571414996,3,0.5713003670833673,33,maximum
0.12116265296936035,useful,family-00316-minimum,0.941583514213562,0.22258801191553665,0,0.45896803637093936,33,minimum
0.35965555906295776,useful,family-00316-minimum,0.9530472159385681,0.18944321880205148,1,0.4834599572110012,33,minimum
0.3533872663974762,useful,family-00316-minimum,0.9754816889762878,0.11513736233193404,2,0.49147662520656143,33,minimum
0.20318835973739624,useful,family-00316-minimum,0.9804480671882629,0.09629015687410158,3,0.6076155372834221,33,minimum
-0.11289314925670624,redundant_or_uncertain,family-00316-sum_mod_10,0.9402379989624023,0.22631215716952185,0,0.48934347808365897,33,sum_mod_10
-0.010628607124090195,redundant_or_uncertain,family-00316-sum_mod_10,0.9505015015602112,0.19703594676752062,1,0.5590311820322977,33,sum_mod_10
-0.000348702073097229,useful,family-00316-sum_mod_10,0.981359601020813,0.09269955057289295,2,0.49193627989710026,33,sum_mod_10
-0.024862710386514664,candidate_harmful,family-00316-sum_mod_10,0.9833415150642395,0.08473271235809615,3,0.6164182189572344,33,sum_mod_10
0.14910978078842163,useful,family-00317-maximum,0.9331091046333313,0.2455213755850494,0,0.6299936519197971,33,maximum
0.8702062368392944,useful,family-00317-maximum,0.9574667811393738,0.17591293511610012,1,1.1581567671005013,33,maximum
-0.04312777519226074,useful,family-00317-maximum,0.9471608996391296,0.20679143335334052,2,0.44919869434616266,33,maximum
0.029653191566467285,useful,family-00317-maximum,0.9681161046028137,0.14123099356129082,3,0.5158205040167179,33,maximum
0.03762108087539673,useful,family-00317-minimum,0.9384170770645142,0.231300958179469,0,0.4283879903597149,33,minimum
0.22903060913085938,useful,family-00317-minimum,0.9496738910675049,0.19947433405381468,1,0.8347930686609875,33,minimum
0.05752706527709961,useful,family-00317-minimum,0.9740883111953735,0.12023002583586903,2,0.5437867600318503,33,minimum
0.594282865524292,useful,family-00317-minimum,0.9790496230125427,0.10171511774816601,3,0.8144366982149485,33,minimum
0.004005875438451767,redundant_or_uncertain,family-00317-sum_mod_10,0.941583514213562,0.22258801191553665,0,0.4073114656251094,33,sum_mod_10
-0.053037237375974655,redundant_or_uncertain,family-00317-sum_mod_10,0.9556117057800293,0.1816479733097161,1,0.5711659813055835,33,sum_mod_10
-0.03623088821768761,useful,family-00317-sum_mod_10,0.9797735810279846,0.09891899224348216,2,0.5307731118533584,33,sum_mod_10
0.00143524631857872,candidate_harmful,family-00317-sum_mod_10,0.9884169697761536,0.06315531581202659,3,0.6940661571025925,33,sum_mod_10
0.051193416118621826,useful,family-00318-maximum,0.9458926320075989,0.21043597970167074,0,0.3365200081274981,33,maximum
-0.009612441062927246,useful,family-00318-maximum,0.9533021450042725,0.18867502184149004,1,0.6764304998483183,33,maximum
0.28577667474746704,useful,family-00318-maximum,0.9736310243606567,0.12188439839328388,2,0.7008512130587293,33,maximum
0.0412067174911499,useful,family-00318-maximum,0.9763951301574707,0.1117550333344735,3,0.356685552923245,33,maximum
0.1299707293510437,useful,family-00318-minimum,0.9444131255149841,0.21464787903976124,0,0.3785267270897603,33,minimum
0.12173444032669067,useful,family-00318-minimum,0.9508287906646729,0.1960676511790626,1,0.8332105453368168,33,minimum
0.18716704845428467,useful,family-00318-minimum,0.9736855626106262,0.12168752037693215,2,0.42320723848869235,33,minimum
0.1108974814414978,useful,family-00318-minimum,0.9799420833587646,0.09826442895065615,3,0.4980612682462396,33,minimum
-0.01479305513203144,redundant_or_uncertain,family-00318-sum_mod_10,0.941583514213562,0.22258801191553665,0,0.36834634423046464,33,sum_mod_10
-0.007047610357403755,redundant_or_uncertain,family-00318-sum_mod_10,0.9581912755966187,0.17365037554148527,1,0.6544611479668972,33,sum_mod_10
-0.005610769614577293,useful,family-00318-sum_mod_10,0.9753036499023438,0.11579251014569542,2,0.46829935304512726,33,sum_mod_10
-0.002690877765417099,candidate_harmful,family-00318-sum_mod_10,0.9845543503761292,0.07974071466793935,3,0.5613278151075767,33,sum_mod_10
0.12339550256729126,useful,family-00319-maximum,0.9456735849380493,0.21106223996917065,0,0.44933938849099075,33,maximum
0.4258597493171692,useful,family-00319-maximum,0.9457736015319824,0.21077640646121892,1,0.6337371473576788,33,maximum
0.1263095736503601,useful,family-00319-maximum,0.9725505113601685,0.1257613601555161,2,0.608653863756148,33,maximum
0.42024320363998413,useful,family-00319-maximum,0.9778546094894409,0.10627507706927525,3,0.9443288749015115,33,maximum
0.31183046102523804,useful,family-00319-minimum,0.9402379989624023,0.22631215716952185,0,0.5113468025892137,33,minimum
0.2042093276977539,useful,family-00319-minimum,0.9380859732627869,0.23220187506222076,1,0.4174563508638028,33,minimum
-0.025665998458862305,useful,family-00319-minimum,0.9767136573791504,0.11056713223875335,2,0.8382091829252649,33,minimum
0.21303606033325195,useful,family-00319-minimum,0.9785568118095398,0.10360381851973217,3,0.6841897163976116,33,minimum
-0.00538282934576273,redundant_or_uncertain,family-00319-sum_mod_10,0.9259114861488342,0.2640885212643203,0,0.3804886522081365,33,sum_mod_10
-0.02837439253926277,redundant_or_uncertain,family-00319-sum_mod_10,0.9072427749633789,0.30887104381171504,1,0.6511107149549125,33,sum_mod_10
-0.06027631089091301,useful,family-00319-sum_mod_10,0.9640903472900391,0.15471944824150788,2,0.7538890725742949,33,sum_mod_10
0.005912024062126875,candidate_harmful,family-00319-sum_mod_10,0.9758161902427673,0.11390287360353031,3,0.38186762095133064,33,sum_mod_10
0.0660172700881958,useful,family-00320-maximum,0.9449672102928162,0.21307543603750584,0,0.6790619052407206,33,maximum
0.040785014629364014,useful,family-00320-maximum,0.9427915215492249,0.21921644201571056,1,0.5170758419027328,33,maximum
0.11775243282318115,useful,family-00320-maximum,0.9696191549301147,0.13606354123622041,2,0.6890199731767659,33,maximum
0.05524975061416626,useful,family-00320-maximum,0.9703485369682312,0.13352852415093638,3,0.4918514962512546,33,maximum
0.29774022102355957,useful,family-00320-minimum,0.9307264685630798,0.2517557319658407,0,0.39516812214105507,33,minimum
0.1234591007232666,useful,family-00320-minimum,0.9508917331695557,0.19588117147367345,1,0.4494662187023679,33,minimum
0.2684639096260071,useful,family-00320-minimum,0.9753509163856506,0.11561870773260413,2,0.5534881803036885,33,minimum
0.3224523067474365,useful,family-00320-minimum,0.9763493537902832,0.11192538650786175,3,0.8788907946899742,33,minimum
-0.018829230219125748,redundant_or_uncertain,family-00320-sum_mod_10,0.9491927623748779,0.2008852806749826,0,0.5476238796504416,33,sum_mod_10
0.02156594581902027,redundant_or_uncertain,family-00320-sum_mod_10,0.9560481309890747,0.1803061681302844,1,0.6171289947146035,33,sum_mod_10
-0.014687303453683853,useful,family-00320-sum_mod_10,0.9794327020645142,0.10023880000803505,2,0.4669194235399502,33,sum_mod_10
-0.01979036256670952,candidate_harmful,family-00320-sum_mod_10,0.9879398345947266,0.06526711752960221,3,0.5590771212340169,33,sum_mod_10
0.08325845003128052,useful,family-00321-maximum,0.9458926320075989,0.21043597970167074,0,0.3773692587232897,33,maximum
0.004208505153656006,useful,family-00321-maximum,0.9550589919090271,0.18334087311344696,1,0.5544584809113143,33,maximum
0.05799567699432373,useful,family-00321-maximum,0.9795785546302795,0.09967480275093964,2,0.8107608904757132,33,maximum
0.01682138442993164,useful,family-00321-maximum,0.9792377948760986,0.10099083931871111,3,0.4265927646957325,33,maximum
0.0297510027885437,useful,family-00321-minimum,0.9365215301513672,0.2364332738178154,0,0.4159066268501859,33,minimum
0.14656013250350952,useful,family-00321-minimum,0.9359312057495117,0.23801919273957192,1,0.5296294019972017,33,minimum
0.08144593238830566,useful,family-00321-minimum,0.9697144627571106,0.13573332721713988,2,0.5782582680205429,33,minimum
0.17621690034866333,useful,family-00321-minimum,0.981769859790802,0.09106881178397504,3,0.8816484703073214,33,minimum
0.014736313372850418,redundant_or_uncertain,family-00321-sum_mod_10,0.9458597898483276,0.21052993579587004,0,0.4117857475048657,33,sum_mod_10
-0.1248340755701065,redundant_or_uncertain,family-00321-sum_mod_10,0.945608913898468,0.21124695712537034,1,0.5345591904846071,33,sum_mod_10
-0.00804007425904274,useful,family-00321-sum_mod_10,0.9851871132850647,0.07709832705973574,2,0.47030420697843694,33,sum_mod_10
-0.0033638961613178253,candidate_harmful,family-00321-sum_mod_10,0.9882347583770752,0.06396408785996534,3,0.454190503241806,33,sum_mod_10
0.011621832847595215,useful,family-00322-maximum,0.9384170770645142,0.231300958179469,0,0.5673480681647454,33,maximum
0.00939786434173584,useful,family-00322-maximum,0.9531261324882507,0.18920556917297132,1,0.7166604987130125,33,maximum
0.049883246421813965,useful,family-00322-maximum,0.973347008228302,0.12290780286664776,2,1.064421923642846,33,maximum
0.01402372121810913,useful,family-00322-maximum,0.9706701636314392,0.13240484011680725,3,0.464107541151878,33,maximum
0.17783960700035095,useful,family-00322-minimum,0.9270280003547668,0.2612596159680735,0,0.5933843780932838,33,minimum
-0.2591269314289093,useful,family-00322-minimum,0.9272348880767822,0.26073340977647974,1,0.4741197251031483,33,minimum
-0.18473607301712036,useful,family-00322-minimum,0.9500906467437744,0.19824825299763582,2,0.4762996438664041,33,minimum
0.16614726185798645,useful,family-00322-minimum,0.967898428440094,0.14197321109623728,3,0.7386017877600094,33,minimum
0.0037129372358322144,redundant_or_uncertain,family-00322-sum_mod_10,0.9491927623748779,0.2008852806749826,0,0.38553928801260945,33,sum_mod_10
-0.0009465664625167847,redundant_or_uncertain,family-00322-sum_mod_10,0.9567689895629883,0.1780799148168178,1,0.5579999244771272,33,sum_mod_10
-0.01905081979930401,useful,family-00322-sum_mod_10,0.9771198630332947,0.10904576713913527,2,0.5623844198618861,33,sum_mod_10
-0.0065249186009168625,candidate_harmful,family-00322-sum_mod_10,0.9847539663314819,0.07891002225469027,3,0.4990720083387447,33,sum_mod_10
0.010494769550859928,useful,family-00323-maximum,0.9366639852523804,0.23604968914313537,0,0.9730808630196398,33,maximum
0.008606607094407082,useful,family-00323-maximum,0.9566794037818909,0.178357265377676,1,0.4966740426062866,33,maximum
0.015851255506277084,useful,family-00323-maximum,0.9672849178314209,0.14405694447672085,2,0.3959827352777581,33,maximum
0.0008224844932556152,useful,family-00323-maximum,0.9781991839408875,0.10496716607749061,3,0.4758636614282273,33,maximum
0.15326642990112305,useful,family-00323-minimum,0.9307264685630798,0.2517557319658407,0,0.5615726622142158,33,minimum
0.01802927255630493,useful,family-00323-minimum,0.9514225721359253,0.19430507010048298,1,0.522814732770074,33,minimum
0.040705084800720215,useful,family-00323-minimum,0.973619818687439,0.12192483547756516,2,0.7356214395503714,33,minimum
0.5324153304100037,useful,family-00323-minimum,0.9736921191215515,0.12166384416925262,3,0.8789266849242121,33,minimum
-0.03102697804570198,redundant_or_uncertain,family-00323-sum_mod_10,0.9331091046333313,0.2455213755850494,0,0.5943941104683331,33,sum_mod_10
-0.0009933523833751678,redundant_or_uncertain,family-00323-sum_mod_10,0.9587695002555847,0.17183521773908872,1,0.660771023070958,33,sum_mod_10
-0.009148336946964264,useful,family-00323-sum_mod_10,0.9721774458885193,0.1270897036923303,2,0.6616512958675785,33,sum_mod_10
-0.04829453304409981,candidate_harmful,family-00323-sum_mod_10,0.9827142357826233,0.08727891556249925,3,0.6211458275797156,33,sum_mod_10
0.05556005239486694,useful,family-00324-maximum,0.9384170770645142,0.231300958179469,0,0.49837980269597276,33,maximum
0.7068265080451965,useful,family-00324-maximum,0.9536482095718384,0.18762986196308354,1,1.2406177459749168,33,maximum
-0.15400266647338867,useful,family-00324-maximum,0.9616141319274902,0.16277997844405073,2,0.3845439883949142,33,maximum
-0.1060035228729248,useful,family-00324-maximum,0.9728772640228271,0.12459363825350256,3,0.46311644763693294,33,maximum
-0.1361275017261505,useful,family-00324-minimum,0.9301250576972961,0.2533153413239986,0,0.3735653411105091,33,minimum
0.08777472376823425,useful,family-00324-minimum,0.9424611330032349,0.22014122789878415,1,0.8264731915501374,33,minimum
-0.25706666707992554,useful,family-00324-minimum,0.9583709239959717,0.17308732374486713,2,1.009036627768426,33,minimum
0.1896059364080429,useful,family-00324-minimum,0.9691687226295471,0.13762000195127697,3,0.46811742119923233,33,minimum
0.004382990300655365,redundant_or_uncertain,family-00324-sum_mod_10,0.9491927623748779,0.2008852806749826,0,0.46326697195512073,33,sum_mod_10
-0.010468855500221252,redundant_or_uncertain,family-00324-sum_mod_10,0.9590502381324768,0.17095088470675684,1,0.807567616001279,33,sum_mod_10
-0.001980626955628395,useful,family-00324-sum_mod_10,0.9783815145492554,0.10427284153985383,2,0.7605652869038048,33,sum_mod_10
-0.011876987293362617,candidate_harmful,family-00324-sum_mod_10,0.9865125417709351,0.0714730190730396,3,0.48938779599479165,33,sum_mod_10
-0.018749535083770752,useful,family-00325-maximum,0.9456735849380493,0.21106223996917065,0,0.45012232800060054,33,maximum
0.6844881176948547,useful,family-00325-maximum,0.9490070343017578,0.20142865595496767,1,0.9449818278105571,33,maximum
0.06582140922546387,useful,family-00325-maximum,0.9764585494995117,0.11151887293753067,2,0.4497068668607232,33,maximum
-0.03735321760177612,useful,family-00325-maximum,0.9826878905296326,0.08738534142767908,3,0.5544466574879103,33,maximum
0.8650754690170288,useful,family-00325-minimum,0.9449672102928162,0.21307543603750584,0,0.5881585960877403,33,minimum
-0.008247315883636475,useful,family-00325-minimum,0.9295477867126465,0.2548071146944672,1,0.6033796184795568,33,minimum
0.23574793338775635,useful,family-00325-minimum,0.9733302593231201,0.12296805732954744,2,0.9689295676464283,33,minimum
0.08348625898361206,useful,family-00325-minimum,0.9823633432388306,0.08869307383862315,3,0.4530284529354104,33,minimum
-0.03263839706778526,redundant_or_uncertain,family-00325-sum_mod_10,0.9449672102928162,0.21307543603750584,0,0.47423108626748245,33,sum_mod_10
-0.04841021075844765,redundant_or_uncertain,family-00325-sum_mod_10,0.9421903491020203,0.22089767382136616,1,0.754605744004477,33,sum_mod_10
0.0013330206274986267,useful,family-00325-sum_mod_10,0.9765540361404419,0.11116297042418626,2,0.4025739151214151,33,sum_mod_10
0.011821325868368149,candidate_harmful,family-00325-sum_mod_10,0.9843926429748535,0.08041172972357048,3,0.4545380669302274,33,sum_mod_10
0.2635522484779358,useful,family-00326-maximum,0.9449672102928162,0.21307543603750584,0,0.6682306597495298,33,maximum
0.38496240973472595,useful,family-00326-maximum,0.9426693320274353,0.21955869622119145,1,0.5243558652074738,33,maximum
0.34849947690963745,useful,family-00326-maximum,0.967176616191864,0.14442353984157086,2,0.6153609168717551,33,maximum
0.3479257822036743,useful,family-00326-maximum,0.9748338460922241,0.11751499913984925,3,0.5315106338881938,33,maximum
0.19743621349334717,useful,family-00326-minimum,0.9390060901641846,0.22969358781392255,0,0.35347648972091295,33,minimum
0.037970781326293945,useful,family-00326-minimum,0.9449683427810669,0.21307221611074736,1,0.5123665420312833,33,minimum
0.5905289649963379,useful,family-00326-minimum,0.971950352191925,0.12789577379021383,2,1.1303989712281315,33,minimum
0.10231167078018188,useful,family-00326-minimum,0.9798357486724854,0.09867766354118261,3,0.48500811748480355,33,minimum
-0.045202646404504776,redundant_or_uncertain,family-00326-sum_mod_10,0.9456735849380493,0.21106223996917065,0,0.43337561800075675,33,sum_mod_10
0.0204070545732975,redundant_or_uncertain,family-00326-sum_mod_10,0.942983865737915,0.21867712275261064,1,0.6516719562012864,33,sum_mod_10
-0.11212117969989777,useful,family-00326-sum_mod_10,0.9833692908287048,0.08461941820745478,2,0.7071257337323837,33,sum_mod_10
-0.029949981719255447,candidate_harmful,family-00326-sum_mod_10,0.9897300004959106,0.05723856499661298,3,0.4688307534919246,33,sum_mod_10
0.05650246515870094,useful,family-00327-maximum,0.9384170770645142,0.231300958179469,0,0.5627821343576951,33,maximum
0.07027411460876465,useful,family-00327-maximum,0.955505907535553,0.1819725760485051,1,0.9352564789655902,33,maximum
0.03197536990046501,useful,family-00327-maximum,0.9694766402244568,0.13655673842249516,2,0.4673430042277707,33,maximum
0.07079952955245972,useful,family-00327-maximum,0.9766163229942322,0.11093059728872026,3,0.7098648471798172,33,maximum
0.008025050163269043,useful,family-00327-minimum,0.9365215301513672,0.2364332738178154,0,0.3380346871873082,33,minimum
0.25853973627090454,useful,family-00327-minimum,0.9360913038253784,0.2375896623220509,1,0.583150900501727,33,minimum
0.8629769086837769,useful,family-00327-minimum,0.966824471950531,0.14561298192587546,2,1.1823611249511,33,minimum
0.02677154541015625,useful,family-00327-minimum,0.9785445928573608,0.10365049956897429,3,0.5389532980136158,33,minimum
-0.019682930782437325,redundant_or_uncertain,family-00327-sum_mod_10,0.9458597898483276,0.21052993579587004,0,0.4285773390732684,33,sum_mod_10
-0.007839905098080635,redundant_or_uncertain,family-00327-sum_mod_10,0.946168065071106,0.20964717966162463,1,0.4861989039276183,33,sum_mod_10
-0.07502610981464386,useful,family-00327-sum_mod_10,0.985000729560852,0.0778794564789874,2,0.8927539377447133,33,sum_mod_10
-0.0033460333943367004,candidate_harmful,family-00327-sum_mod_10,0.9874831438064575,0.06727052111736288,3,0.533162460458693,33,sum_mod_10
0.18855434656143188,useful,family-00328-maximum,0.9384170770645142,0.231300958179469,0,0.5333282808662032,33,maximum
-0.006335198879241943,useful,family-00328-maximum,0.9523158073425293,0.19163919228330567,1,0.8381850464746163,33,maximum
0.0319286584854126,useful,family-00328-maximum,0.9722007513046265,0.12700687339369884,2,1.2561160697584899,33,maximum
0.011243820190429688,useful,family-00328-maximum,0.9671421647071838,0.14454007879307884,3,0.36623520055869635,33,maximum
0.17647182941436768,useful,family-00328-minimum,0.9449672102928162,0.21307543603750584,0,0.5985453306548628,33,minimum
0.028308987617492676,useful,family-00328-minimum,0.9279079437255859,0.25901713649111335,1,0.5707939839497943,33,minimum
0.3556959629058838,useful,family-00328-minimum,0.9735956192016602,0.12201214569579413,2,0.9243398248295075,33,minimum
0.020232200622558594,useful,family-00328-minimum,0.9774181246757507,0.10792399340746762,3,0.43507948628948284,33,minimum
0.04859844595193863,redundant_or_uncertain,family-00328-sum_mod_10,0.9331091046333313,0.2455213755850494,0,0.4652246574824368,33,sum_mod_10
-0.01729629933834076,redundant_or_uncertain,family-00328-sum_mod_10,0.9574060440063477,0.17610202561872643,1,0.5160292014385492,33,sum_mod_10
0.055801793932914734,useful,family-00328-sum_mod_10,0.9673802852630615,0.1437338238682372,2,0.9129521621013896,33,sum_mod_10
0.06510990113019943,candidate_harmful,family-00328-sum_mod_10,0.9765633344650269,0.11112829199904863,3,0.4708016360544546,33,sum_mod_10
0.5219811201095581,useful,family-00329-maximum,0.9259114861488342,0.2640885212643203,0,0.4830196078840494,33,maximum
0.80191570520401,useful,family-00329-maximum,0.9068983197212219,0.3096558438024183,1,0.961524040607098,33,maximum
-0.02050924301147461,useful,family-00329-maximum,0.9497703313827515,0.19919093413966443,2,0.3059379738254467,33,maximum
0.02632230520248413,useful,family-00329-maximum,0.9686670303344727,0.13934560162530904,3,0.47589251802947197,33,maximum
0.08756774663925171,useful,family-00329-minimum,0.9444131255149841,0.21464787903976124,0,0.3964484232132423,33,minimum
0.3799956142902374,useful,family-00329-minimum,0.9509506821632385,0.19570644640565685,1,0.6157370877584265,33,minimum
0.7799619436264038,useful,family-00329-minimum,0.9782053828239441,0.10494358607640883,2,0.9270902542281053,33,minimum
0.059788286685943604,useful,family-00329-minimum,0.9794110059738159,0.10032260621053135,3,0.5539102172309129,33,minimum
-0.0025313738733530045,redundant_or_uncertain,family-00329-sum_mod_10,0.9456735849380493,0.21106223996917065,0,0.364770669426716,33,sum_mod_10
-0.005363583564758301,redundant_or_uncertain,family-00329-sum_mod_10,0.9446591138839722,0.21395051117880715,1,0.5986377684894844,33,sum_mod_10
-0.0019540227949619293,useful,family-00329-sum_mod_10,0.982406497001648,0.08851954271450024,2,0.8476872995943621,33,sum_mod_10
-0.012056199833750725,candidate_harmful,family-00329-sum_mod_10,0.9883168339729309,0.06360013935267249,3,0.5873870672334377,33,sum_mod_10
0.016785800457000732,useful,family-00330-maximum,0.9444131255149841,0.21464787903976124,0,0.3422976836965061,33,maximum
0.08648866415023804,useful,family-00330-maximum,0.9553101658821106,0.18257244311396048,1,0.5759008168273713,33,maximum
0.32459211349487305,useful,family-00330-maximum,0.9766169190406799,0.11092837280242845,2,0.9594158143122912,33,maximum
0.05267834663391113,useful,family-00330-maximum,0.9753445982933044,0.11564194521002773,3,0.3718105827079699,33,maximum
0.17381751537322998,useful,family-00330-minimum,0.9384170770645142,0.231300958179469,0,0.5279606494301973,33,minimum
0.34870049357414246,useful,family-00330-minimum,0.9478127360343933,0.20490583023292297,1,0.5815364768704145,33,minimum
0.039444029331207275,useful,family-00330-minimum,0.9779894948005676,0.10576374678486761,2,0.6620579144910221,33,minimum
0.6024178266525269,useful,family-00330-minimum,0.9817642569541931,0.09109114538620695,3,1.1325919406704013,33,minimum
-0.04444677382707596,redundant_or_uncertain,family-00330-sum_mod_10,0.9458597898483276,0.21052993579587004,0,0.4173929772959009,33,sum_mod_10
0.09240125119686127,redundant_or_uncertain,family-00330-sum_mod_10,0.9463225603103638,0.209204076296016,1,0.47520948492941756,33,sum_mod_10
0.021099448204040527,useful,family-00330-sum_mod_10,0.9831521511077881,0.08550385507028543,2,0.5076472883895451,33,sum_mod_10
0.036214932799339294,candidate_harmful,family-00330-sum_mod_10,0.9861102104187012,0.07319396848966493,3,0.4481462836809937,33,sum_mod_10
0.12313908338546753,useful,family-00331-maximum,0.9301250576972961,0.2533153413239986,0,0.4211422502611755,33,maximum
0.4634760022163391,useful,family-00331-maximum,0.9465714693069458,0.2084891986199659,1,0.6573979518409414,33,maximum
0.5320720076560974,useful,family-00331-maximum,0.9510102272033691,0.19552987901842123,2,1.029350416072499,33,maximum
0.27235543727874756,useful,family-00331-maximum,0.9627823233604431,0.15899865465192106,3,0.5634584686566394,33,maximum
0.36520034074783325,useful,family-00331-minimum,0.9366639852523804,0.23604968914313537,0,0.6169306065090225,33,minimum
-0.0752592384815216,useful,family-00331-minimum,0.946085512638092,0.20988375374671767,1,0.43567364189962304,33,minimum
0.10847118496894836,useful,family-00331-minimum,0.9713252782821655,0.13010475161034799,2,0.6415823518983673,33,minimum
0.13639381527900696,useful,family-00331-minimum,0.9820684790611267,0.08987592692214384,3,0.8262848002806642,33,minimum
-0.09604638814926147,redundant_or_uncertain,family-00331-sum_mod_10,0.9402379989624023,0.22631215716952185,0,0.48800632808867944,33,sum_mod_10
-0.037888992577791214,redundant_or_uncertain,family-00331-sum_mod_10,0.9507060647010803,0.1964310076934589,1,0.5256460158614824,33,sum_mod_10
-0.12870091199874878,useful,family-00331-sum_mod_10,0.9814140200614929,0.09248377381971448,2,1.0579981109914205,33,sum_mod_10
0.0019641630351543427,candidate_harmful,family-00331-sum_mod_10,0.9849539995193481,0.07807493109170566,3,0.4021790610533874,33,sum_mod_10
0.37126684188842773,useful,family-00332-maximum,0.9449672102928162,0.21307543603750584,0,0.6688305059679909,33,maximum
0.35462555289268494,useful,family-00332-maximum,0.9426661729812622,0.21956754107864546,1,0.5918305521112847,33,maximum
0.029499560594558716,useful,family-00332-maximum,0.9649984240531921,0.1517197060700359,2,0.4845853533269284,33,maximum
0.2747640609741211,useful,family-00332-maximum,0.9763715863227844,0.11184266122020876,3,0.5056421391498016,33,maximum
0.08360981941223145,useful,family-00332-minimum,0.9349802136421204,0.24056185191467644,0,0.44691156651470043,33,minimum
0.20743465423583984,useful,family-00332-minimum,0.9299705624580383,0.25371508604298776,1,0.6773662761241994,33,minimum
0.28919893503189087,useful,family-00332-minimum,0.9633331894874573,0.1572024086030898,2,0.7803484271532126,33,minimum
0.2244112491607666,useful,family-00332-minimum,0.9743547439575195,0.11926231448788485,3,0.6846447551039256,33,minimum
0.041408032178878784,redundant_or_uncertain,family-00332-sum_mod_10,0.9390060901641846,0.22969358781392255,0,0.38545922963071116,33,sum_mod_10
0.07790759205818176,redundant_or_uncertain,family-00332-sum_mod_10,0.9484832882881165,0.20295712203642044,1,0.6443051485376323,33,sum_mod_10
-0.001993805170059204,useful,family-00332-sum_mod_10,0.975229799747467,0.116063877108061,2,0.47521709840387133,33,sum_mod_10
0.061584338545799255,candidate_harmful,family-00332-sum_mod_10,0.9852232933044434,0.07694642254746974,3,0.640637059479999,33,sum_mod_10
0.024334609508514404,useful,family-00333-maximum,0.9169361591339111,0.286189292504863,0,0.38966429810313347,33,maximum
0.018707752227783203,useful,family-00333-maximum,0.9461816549301147,0.20960822179284533,1,0.607837005979236,33,maximum
0.26471149921417236,useful,family-00333-maximum,0.9712890982627869,0.13023217750177782,2,0.873141311078097,33,maximum
0.13254421949386597,useful,family-00333-maximum,0.972933828830719,0.12439108204409745,3,0.515209075246663,33,maximum
0.35060665011405945,useful,family-00333-minimum,0.9349802136421204,0.24056185191467644,0,0.5286376579388031,33,minimum
-0.012686669826507568,useful,family-00333-minimum,0.9280235171318054,0.2587217478612438,1,0.6955852492083303,33,minimum
0.23791497945785522,useful,family-00333-minimum,0.967077910900116,0.1447573302270787,2,0.6569256801355394,33,minimum
0.4457252323627472,useful,family-00333-minimum,0.9739043116569519,0.12089668766523334,3,1.0930758538157737,33,minimum
0.049351707100868225,redundant_or_uncertain,family-00333-sum_mod_10,0.944962203502655,0.21308967120764669,0,0.4585901235922176,33,sum_mod_10
0.0025938451290130615,redundant_or_uncertain,family-00333-sum_mod_10,0.9393487572669983,0.22875569264059617,1,0.5298831522511152,33,sum_mod_10
0.08946973085403442,useful,family-00333-sum_mod_10,0.985936164855957,0.073934756292126,2,0.3946330255390319,33,sum_mod_10
-0.2317456603050232,candidate_harmful,family-00333-sum_mod_10,0.9888492822647095,0.061224746473117916,3,0.4270204141474289,33,sum_mod_10
0.028557654470205307,useful,family-00334-maximum,0.9402379989624023,0.22631215716952185,0,0.4551230337974248,33,maximum
0.0662115290760994,useful,family-00334-maximum,0.9485267996788025,0.2028303558082773,1,0.8235888781687682,33,maximum
-0.09721677005290985,useful,family-00334-maximum,0.9717294573783875,0.12867802588369848,2,0.44452731237995297,33,maximum
0.04341999441385269,useful,family-00334-maximum,0.9749753475189209,0.11699715255912461,3,0.3854839722044957,33,maximum
-0.02415478229522705,useful,family-00334-minimum,0.9331091046333313,0.2455213755850494,0,0.5539292969933184,33,minimum
0.31646913290023804,useful,family-00334-minimum,0.9474039077758789,0.20608946817984006,1,0.48876280516127557,33,minimum
-0.08654922246932983,useful,family-00334-minimum,0.9625542163848877,0.15973997193665238,2,0.6712448924553689,33,minimum
0.27494633197784424,useful,family-00334-minimum,0.9734023213386536,0.12270873617999103,3,0.7886389696314604,33,minimum
-0.14883390069007874,redundant_or_uncertain,family-00334-sum_mod_10,0.9270280003547668,0.2612596159680735,0,0.4486931760617136,33,sum_mod_10
0.1876145899295807,redundant_or_uncertain,family-00334-sum_mod_10,0.9385654330253601,0.23089667417835988,1,0.5206349083006645,33,sum_mod_10
0.11590830981731415,useful,family-00334-sum_mod_10,0.9581237435340881,0.1738618251788939,2,0.5502325115953519,33,sum_mod_10
-0.2063044011592865,candidate_harmful,family-00334-sum_mod_10,0.9755142331123352,0.11501746349255584,3,0.4725236072352927,33,sum_mod_10
0.0961003303527832,useful,family-00335-maximum,0.9259114861488342,0.2640885212643203,0,0.48553203701414327,33,maximum
-0.18232792615890503,useful,family-00335-maximum,0.9068048596382141,0.30986853884055077,1,0.6948053570985475,33,maximum
0.20083612203598022,useful,family-00335-maximum,0.9537999033927917,0.18717087399300955,2,0.5092024384158174,33,maximum
0.06388413906097412,useful,family-00335-maximum,0.9678388833999634,0.14217597770934143,3,0.3894357616216169,33,maximum
0.048497140407562256,useful,family-00335-minimum,0.9444131255149841,0.21464787903976124,0,0.39803023331319076,33,minimum
0.03392481803894043,useful,family-00335-minimum,0.9510048031806946,0.1955459658834638,1,0.5987703906626541,33,minimum
0.7638115286827087,useful,family-00335-minimum,0.9777848720550537,0.10653911157923814,2,1.1978414220211138,33,minimum
0.053137004375457764,useful,family-00335-minimum,0.9802479147911072,0.09707269917601016,3,0.4862357723324193,33,minimum
0.00028641195967793465,redundant_or_uncertain,family-00335-sum_mod_10,0.9331091046333313,0.2455213755850494,0,0.3400676060760289,33,sum_mod_10
0.000991076696664095,redundant_or_uncertain,family-00335-sum_mod_10,0.9547458291053772,0.18429689099467303,1,0.6587473730947351,33,sum_mod_10
-0.02202308177947998,useful,family-00335-sum_mod_10,0.9671897888183594,0.1443789709522341,2,0.9241406614136962,33,sum_mod_10
-0.0076786307618021965,candidate_harmful,family-00335-sum_mod_10,0.9805024266242981,0.0960772660427752,3,0.48100083447676933,33,sum_mod_10
0.3268676698207855,useful,family-00336-maximum,0.9384170770645142,0.231300958179469,0,0.4947764305519872,33,maximum
0.6634384393692017,useful,family-00336-maximum,0.9538615942001343,0.18698406359907355,1,0.9751748345003306,33,maximum
0.03966480493545532,useful,family-00336-maximum,0.9660419821739197,0.14824222437518603,2,0.4776169570545458,33,maximum
0.4955863058567047,useful,family-00336-maximum,0.9724524021148682,0.12611119212484556,3,0.8185786916301968,33,maximum
0.21113640069961548,useful,family-00336-minimum,0.9349802136421204,0.24056185191467644,0,0.40368293315132314,33,minimum
0.23809736967086792,useful,family-00336-minimum,0.9205473065376282,0.27743062006855923,1,0.7103286210419368,33,minimum
0.5603795051574707,useful,family-00336-minimum,0.9651437997817993,0.15123722026744005,2,1.0429688825693897,33,minimum
0.057862937450408936,useful,family-00336-minimum,0.9715051651000977,0.1294704920430353,3,0.5307949580425778,33,minimum
-0.06816542148590088,redundant_or_uncertain,family-00336-sum_mod_10,0.941583514213562,0.22258801191553665,0,0.364829766445277,33,sum_mod_10
0.10029171407222748,redundant_or_uncertain,family-00336-sum_mod_10,0.9574858546257019,0.17585353570492152,1,0.4744354868025123,33,sum_mod_10
0.24441662430763245,useful,family-00336-sum_mod_10,0.9797448515892029,0.09903045118574737,2,0.8777116193283283,33,sum_mod_10
-0.013087660074234009,candidate_harmful,family-00336-sum_mod_10,0.9853690266609192,0.07633363743997297,3,0.43041161138780343,33,sum_mod_10
-0.0017667412757873535,useful,family-00337-maximum,0.9349802136421204,0.24056185191467644,0,0.46302256463472685,33,maximum
0.8263881206512451,useful,family-00337-maximum,0.9283223152160645,0.25795713636794154,1,1.3131543946218982,33,maximum
0.007316291332244873,useful,family-00337-maximum,0.9516201615333557,0.19371685838189157,2,0.24341322104850677,33,maximum
0.07217252254486084,useful,family-00337-maximum,0.9668787121772766,0.1454300269055567,3,0.4458667556494043,33,maximum
-0.025892065837979317,useful,family-00337-minimum,0.9259114861488342,0.2640885212643203,0,0.5232775485215538,33,minimum
-0.027572153136134148,useful,family-00337-minimum,0.8944392204284668,0.3371322178055567,1,0.6470110830822424,33,minimum
0.0037788376212120056,useful,family-00337-minimum,0.9546765089035034,0.18450820312846294,2,0.31906011725306,33,minimum
-0.004973843693733215,useful,family-00337-minimum,0.9742501974105835,0.11964237543939125,3,0.5237703473504727,33,minimum
-0.03493043780326843,redundant_or_uncertain,family-00337-sum_mod_10,0.9491927623748779,0.2008852806749826,0,0.39365907797912725,33,sum_mod_10
0.00671033188700676,redundant_or_uncertain,family-00337-sum_mod_10,0.9556247591972351,0.18160790545719813,1,0.8218109641811093,33,sum_mod_10
-0.017755791544914246,useful,family-00337-sum_mod_10,0.9756700396537781,0.1144428270078642,2,0.53744134070436,33,sum_mod_10
-0.002458496019244194,candidate_harmful,family-00337-sum_mod_10,0.9870026707649231,0.0693600444701887,3,0.49754479798755363,33,sum_mod_10
0.5612475872039795,useful,family-00338-maximum,0.9270280003547668,0.2612596159680735,0,0.601872398354677,33,maximum
0.5863069891929626,useful,family-00338-maximum,0.9389960765838623,0.22972096454729052,1,0.6136450347461417,33,maximum
0.1821572482585907,useful,family-00338-maximum,0.9461272954940796,0.20976403151572348,2,0.36794159766857826,33,maximum
0.2646256387233734,useful,family-00338-maximum,0.9672325849533081,0.1442341347284107,3,0.45697288395252,33,maximum
0.13778257369995117,useful,family-00338-minimum,0.9307264685630798,0.2517557319658407,0,0.32278737712910993,33,minimum
0.11021816730499268,useful,family-00338-minimum,0.9488258361816406,0.20195809121251995,1,0.42810089954846026,33,minimum
0.7987892627716064,useful,family-00338-minimum,0.9727219343185425,0.12514924448933623,2,1.0824974136245342,33,minimum
0.26071232557296753,useful,family-00338-minimum,0.9735215306282043,0.12227931104812795,3,0.5554465393650679,33,minimum
0.17113333940505981,redundant_or_uncertain,family-00338-sum_mod_10,0.9301250576972961,0.2533153413239986,0,0.4233148366197898,33,sum_mod_10
0.08002007007598877,redundant_or_uncertain,family-00338-sum_mod_10,0.9460270404815674,0.21005123909744397,1,0.5962583056526478,33,sum_mod_10
0.11611354351043701,useful,family-00338-sum_mod_10,0.9696575403213501,0.1359305841116335,2,0.49280291148443933,33,sum_mod_10
-0.20943932235240936,candidate_harmful,family-00338-sum_mod_10,0.9793287515640259,0.10064012121556959,3,0.5882836694039756,33,sum_mod_10
0.10574764758348465,useful,family-00339-maximum,0.9349802136421204,0.24056185191467644,0,0.606627660883774,33,maximum
0.1677623689174652,useful,family-00339-maximum,0.9351813197135925,0.2400254036063893,1,1.0130806196905668,33,maximum
0.021140336990356445,useful,family-00339-maximum,0.9632101655006409,0.15760430185823915,2,0.49714761920298806,33,maximum
0.13860195875167847,useful,family-00339-maximum,0.973889946937561,0.12094867732523937,3,0.5218560744135332,33,maximum
0.04171997308731079,useful,family-00339-minimum,0.9402379989624023,0.22631215716952185,0,0.417779866346098,33,minimum
0.502271294593811,useful,family-00339-minimum,0.9433435797691345,0.21766666203024865,1,0.6642683857063311,33,minimum
-0.09327328205108643,useful,family-00339-minimum,0.9816901087760925,0.09138654428214611,2,0.6200426601763852,33,minimum
0.28791123628616333,useful,family-00339-minimum,0.9819276332855225,0.09043918497269329,3,0.6547345388830196,33,minimum
0.006925420835614204,redundant_or_uncertain,family-00339-sum_mod_10,0.941583514213562,0.22258801191553665,0,0.41712241733467526,33,sum_mod_10
0.005285991355776787,redundant_or_uncertain,family-00339-sum_mod_10,0.95872962474823,0.1719606648178429,1,0.5435470190283483,33,sum_mod_10
6.781518459320068e-05,useful,family-00339-sum_mod_10,0.9822930693626404,0.08897543120509094,2,0.4468805500689657,33,sum_mod_10
-0.0661160945892334,candidate_harmful,family-00339-sum_mod_10,0.9873393774032593,0.06789767176662044,3,0.5293599492975528,33,sum_mod_10
0.2391110062599182,useful,family-00340-maximum,0.9365215301513672,0.2364332738178154,0,0.4316708426810342,33,maximum
0.533872127532959,useful,family-00340-maximum,0.9396183490753174,0.2280163597628485,1,0.7137279517927171,33,maximum
0.26409614086151123,useful,family-00340-maximum,0.9586666226387024,0.17215878556141442,2,0.5878117416032349,33,maximum
0.39123016595840454,useful,family-00340-maximum,0.975433349609375,0.11531537211104113,3,1.0608581167446056,33,maximum
0.06434780359268188,useful,family-00340-minimum,0.9491927623748779,0.2008852806749826,0,0.538707566614749,33,minimum
-0.012375831604003906,useful,family-00340-minimum,0.9496230483055115,0.1996236624445288,1,0.5142290684672425,33,minimum
0.3489847183227539,useful,family-00340-minimum,0.9758836627006531,0.11365329151691458,2,0.940929080810735,33,minimum
0.016991615295410156,useful,family-00340-minimum,0.9840113520622253,0.08198721306696517,3,0.3753370409019185,33,minimum
0.020575152710080147,redundant_or_uncertain,family-00340-sum_mod_10,0.9331091046333313,0.2455213755850494,0,0.4793941707865066,33,sum_mod_10
0.0023122113198041916,redundant_or_uncertain,family-00340-sum_mod_10,0.9579063057899475,0.1745418731940549,1,0.6678969309075338,33,sum_mod_10
-0.029812095686793327,useful,family-00340-sum_mod_10,0.9703244566917419,0.13361250954534465,2,0.6179272581613201,33,sum_mod_10
-0.002331528812646866,candidate_harmful,family-00340-sum_mod_10,0.9779543876647949,0.10589691391004623,3,0.5406282764884007,33,sum_mod_10
0.13579988479614258,useful,family-00341-maximum,0.9270280003547668,0.2612596159680735,0,0.564252094614237,33,maximum
0.886780321598053,useful,family-00341-maximum,0.9359516501426697,0.2379643658850052,1,0.9504343306599945,33,maximum
0.023889124393463135,useful,family-00341-maximum,0.937965989112854,0.23252787950341408,2,0.29815615317445965,33,maximum
0.059827208518981934,useful,family-00341-maximum,0.9600576162338257,0.16776099699731567,3,0.44475155512487663,33,maximum
0.2316451072692871,useful,family-00341-minimum,0.9307264685630798,0.2517557319658407,0,0.3641772676466399,33,minimum
0.14919739961624146,useful,family-00341-minimum,0.9453319311141968,0.2120371725051379,1,0.5738983490426286,33,minimum
0.5456802845001221,useful,family-00341-minimum,0.9679637551307678,0.1417506251549362,2,0.7464541638386111,33,minimum
0.44617968797683716,useful,family-00341-minimum,0.96856290102005,0.13970271690708075,3,0.6968379216351124,33,minimum
-0.009593263268470764,redundant_or_uncertain,family-00341-sum_mod_10,0.941583514213562,0.22258801191553665,0,0.4388477226013242,33,sum_mod_10
0.09347693622112274,redundant_or_uncertain,family-00341-sum_mod_10,0.9531189799308777,0.18922711415549753,1,0.5761353684724387,33,sum_mod_10
0.13745635747909546,useful,family-00341-sum_mod_10,0.9785215854644775,0.10373837727082524,2,0.5381615091868052,33,sum_mod_10
0.07330648601055145,candidate_harmful,family-00341-sum_mod_10,0.9876906871795654,0.06636220234881154,3,0.6095701908064122,33,sum_mod_10
0.08512270450592041,useful,family-00342-maximum,0.9390060901641846,0.22969358781392255,0,0.3681609502626339,33,maximum
0.7261656522750854,useful,family-00342-maximum,0.9471232295036316,0.20690014338490756,1,1.154340095788066,33,maximum
-0.020019173622131348,useful,family-00342-maximum,0.9606819152832031,0.1657708962008319,2,0.5826072617426381,33,maximum
0.06745678186416626,useful,family-00342-maximum,0.9779775142669678,0.10580919734536132,3,0.41835595368729167,33,maximum
-0.03158581256866455,useful,family-00342-minimum,0.9301250576972961,0.2533153413239986,0,0.38271655393392573,33,minimum
0.007333993911743164,useful,family-00342-minimum,0.9424595236778259,0.22014572760348589,1,0.6379358326061536,33,minimum
0.558667778968811,useful,family-00342-minimum,0.965008556842804,0.15168609678845343,2,0.8008804273028476,33,minimum
0.12727177143096924,useful,family-00342-minimum,0.9712740182876587,0.13028527525415357,3,0.5817886116397692,33,minimum
-0.013069763779640198,redundant_or_uncertain,family-00342-sum_mod_10,0.9496016502380371,0.19968649375558054,0,0.44235978777826884,33,sum_mod_10
0.010226534679532051,redundant_or_uncertain,family-00342-sum_mod_10,0.9530819654464722,0.18933859115030252,1,0.4834301388500699,33,sum_mod_10
-0.035074617713689804,useful,family-00342-sum_mod_10,0.9873175024986267,0.06799295103656565,2,0.5123183306497865,33,sum_mod_10
0.015071941539645195,candidate_harmful,family-00342-sum_mod_10,0.9915528893470764,0.04873725490780255,3,0.4320905130728363,33,sum_mod_10
-0.0035610198974609375,useful,family-00343-maximum,0.9402379989624023,0.22631215716952185,0,0.6027162803739775,33,maximum
0.02919107675552368,useful,family-00343-maximum,0.9517094492912292,0.19345077612602274,1,0.5794714830839728,33,maximum
0.12202811241149902,useful,family-00343-maximum,0.9730837941169739,0.1238534738946147,2,0.8622885119163699,33,maximum
0.040461719036102295,useful,family-00343-maximum,0.970140278339386,0.13425420820593986,3,0.47886626138947974,33,maximum
0.29815900325775146,useful,family-00343-minimum,0.9463757276535034,0.2090514799499639,0,0.5109298076098996,33,minimum
-0.06003090739250183,useful,family-00343-minimum,0.9387260675430298,0.23045849951902023,1,0.6758867552210402,33,minimum
-0.0004603564739227295,useful,family-00343-minimum,0.977360188961029,0.10814220570382549,2,0.35891203793422716,33,minimum
0.4601289927959442,useful,family-00343-minimum,0.9843793511390686,0.08046680909712253,3,0.8261230659909367,33,minimum
-0.13351884484291077,redundant_or_uncertain,family-00343-sum_mod_10,0.9270280003547668,0.2612596159680735,0,0.5961585211857208,33,sum_mod_10
0.026399953290820122,redundant_or_uncertain,family-00343-sum_mod_10,0.940609872341156,0.2252861293264525,1,0.41790961972889196,33,sum_mod_10
0.011951282620429993,useful,family-00343-sum_mod_10,0.9521995782852173,0.19198706794190912,2,0.32605038636058914,33,sum_mod_10
0.01990640163421631,candidate_harmful,family-00343-sum_mod_10,0.971682608127594,0.12884370380034474,3,0.5114098616842123,33,sum_mod_10
-0.12633812427520752,useful,family-00344-maximum,0.9366639852523804,0.23604968914313537,0,0.9807768078672313,33,maximum
-0.012190163135528564,useful,family-00344-maximum,0.956935465335846,0.17756400326846403,1,0.4078680645859882,33,maximum
0.15600961446762085,useful,family-00344-maximum,0.9681039452552795,0.1412724940716339,2,0.283980643512211,33,maximum
0.19081014394760132,useful,family-00344-maximum,0.9753216505050659,0.11572633152110416,3,0.4761474226988339,33,maximum
0.1877102255821228,useful,family-00344-minimum,0.9458926320075989,0.21043597970167074,0,0.5478474350411172,33,minimum
0.013473212718963623,useful,family-00344-minimum,0.9533840417861938,0.18842792663725536,1,0.6049198021560085,33,minimum
0.3540225028991699,useful,family-00344-minimum,0.981203019618988,0.09331950952070642,2,0.6548926769629542,33,minimum
0.2564600110054016,useful,family-00344-minimum,0.98637855052948,0.072047492720372,3,1.0458552087484245,33,minimum
0.25062718987464905,redundant_or_uncertain,family-00344-sum_mod_10,0.9456735849380493,0.21106223996917065,0,0.5543411997313621,33,sum_mod_10
0.2286679446697235,redundant_or_uncertain,family-00344-sum_mod_10,0.94804847240448,0.20422179287969933,1,0.6794052607904677,33,sum_mod_10
0.024535000324249268,useful,family-00344-sum_mod_10,0.9839053750038147,0.0824234567948682,2,0.4587898877902318,33,sum_mod_10
-0.11865633726119995,candidate_harmful,family-00344-sum_mod_10,0.9894996285438538,0.058288359840060706,3,0.5905886420873453,33,sum_mod_10
0.13983014225959778,useful,family-00345-maximum,0.9458926320075989,0.21043597970167074,0,0.4217923468004907,33,maximum
0.28191637992858887,useful,family-00345-maximum,0.9558561444282532,0.18089699368050366,1,0.8903693114429413,33,maximum
0.3385774791240692,useful,family-00345-maximum,0.9730069041252136,0.12412922256293135,2,0.6548589117033569,33,maximum
0.14094236493110657,useful,family-00345-maximum,0.9842517971992493,0.08099479070580426,3,0.6417052571834602,33,maximum
0.07573878765106201,useful,family-00345-minimum,0.9365215301513672,0.2364332738178154,0,0.4581829855459794,33,minimum
0.29520708322525024,useful,family-00345-minimum,0.937208354473114,0.23458072466473728,1,0.5428484164568886,33,minimum
0.0716315507888794,useful,family-00345-minimum,0.9686240553855896,0.13949302900941077,2,0.5945053175464151,33,minimum
0.15427446365356445,useful,family-00345-minimum,0.9830186367034912,0.08604626015059887,3,0.826882291552835,33,minimum
-0.16412563621997833,redundant_or_uncertain,family-00345-sum_mod_10,0.9491927623748779,0.2008852806749826,0,0.49980209100829126,33,sum_mod_10
0.0728805810213089,redundant_or_uncertain,family-00345-sum_mod_10,0.9592871069908142,0.17020318003274487,1,0.5378926862274942,33,sum_mod_10
0.029214903712272644,useful,family-00345-sum_mod_10,0.9805527329444885,0.09588011094903762,2,0.5746297762544417,33,sum_mod_10
-0.10184410214424133,candidate_harmful,family-00345-sum_mod_10,0.987409770488739,0.067590804510731,3,0.46348523512433115,33,sum_mod_10
0.04469019174575806,useful,family-00346-maximum,0.9365215301513672,0.2364332738178154,0,0.4680755535234655,33,maximum
0.8967463374137878,useful,family-00346-maximum,0.9397236108779907,0.2277273406765027,1,1.10489360179742,33,maximum
-0.012282371520996094,useful,family-00346-maximum,0.9446965456008911,0.21384429231003102,2,0.5004884229960868,33,maximum
0.05424511432647705,useful,family-00346-maximum,0.9642373919487,0.15423533232408504,3,0.3441721768388834,33,maximum
0.17015618085861206,useful,family-00346-minimum,0.9491927623748779,0.2008852806749826,0,0.53920769252292,33,minimum
0.04696136713027954,useful,family-00346-minimum,0.9495576620101929,0.19981562668414954,1,0.372939848324481,33,minimum
0.15337038040161133,useful,family-00346-minimum,0.9735782146453857,0.12207492615219989,2,0.8960704265368488,33,minimum
0.026151597499847412,useful,family-00346-minimum,0.9828224778175354,0.08684122507483286,3,0.4735955353188913,33,minimum
-0.16576850414276123,redundant_or_uncertain,family-00346-sum_mod_10,0.9366639852523804,0.23604968914313537,0,0.5109516509694175,33,sum_mod_10
-0.12097959220409393,redundant_or_uncertain,family-00346-sum_mod_10,0.9545561671257019,0.18487478315428257,1,0.5917404749535753,33,sum_mod_10
0.008345777168869972,useful,family-00346-sum_mod_10,0.974410891532898,0.11905801922411821,2,0.3976807739697195,33,sum_mod_10
0.0026503168046474457,candidate_harmful,family-00346-sum_mod_10,0.9832646250724792,0.08504609239013497,3,0.46261790319887464,33,sum_mod_10
0.4904325008392334,useful,family-00347-maximum,0.9331091046333313,0.2455213755850494,0,0.7493977148867534,33,maximum
0.48392242193222046,useful,family-00347-maximum,0.958220362663269,0.17355926596259813,1,0.7327908547217872,33,maximum
0.09812653064727783,useful,family-00347-maximum,0.9528090357780457,0.19015963254092613,2,0.3561373911152852,33,maximum
0.4244481325149536,useful,family-00347-maximum,0.9688155055046082,0.13883578247188866,3,0.6394866743029232,33,maximum
0.5527417659759521,useful,family-00347-minimum,0.9444131255149841,0.21464787903976124,0,0.4979185475255502,33,minimum
0.13221150636672974,useful,family-00347-minimum,0.9551225304603577,0.1831466254103774,1,0.5223319302064706,33,minimum
0.07909715175628662,useful,family-00347-minimum,0.9807477593421936,0.0951145269456915,2,0.7180800869000512,33,minimum
0.5563782453536987,useful,family-00347-minimum,0.9818651080131531,0.09068887175946067,3,0.9785966823805063,33,minimum
-0.008981290273368359,redundant_or_uncertain,family-00347-sum_mod_10,0.9456735849380493,0.21106223996917065,0,0.6176436308576244,33,sum_mod_10
-0.001153324730694294,redundant_or_uncertain,family-00347-sum_mod_10,0.9501619338989258,0.19803816255182538,1,0.6268144379781727,33,sum_mod_10
-0.0006312951445579529,useful,family-00347-sum_mod_10,0.9834369421005249,0.0843432789161887,2,0.42177742990982814,33,sum_mod_10
-0.009663288481533527,candidate_harmful,family-00347-sum_mod_10,0.9902474284172058,0.0548614536020121,3,0.6669091627047113,33,sum_mod_10
0.4969539940357208,useful,family-00348-maximum,0.9349802136421204,0.24056185191467644,0,0.6933141059420616,33,maximum
0.9276114106178284,useful,family-00348-maximum,0.9352458119392395,0.2398532300836725,1,1.2983463232391665,33,maximum
0.0008499622344970703,useful,family-00348-maximum,0.9505952000617981,0.1967589698956009,2,0.2758593061084956,33,maximum
0.039603233337402344,useful,family-00348-maximum,0.9647576212882996,0.1525175281507768,3,0.4380858293644268,33,maximum
0.16057515144348145,useful,family-00348-minimum,0.9365215301513672,0.2364332738178154,0,0.5729046108851018,33,minimum
0.09725409746170044,useful,family-00348-minimum,0.9367522597312927,0.2358118234250243,1,0.7218134221794997,33,minimum
0.05140101909637451,useful,family-00348-minimum,0.9637904167175293,0.15570497772340983,2,0.4779876280114884,33,minimum
0.19072389602661133,useful,family-00348-minimum,0.9794425368309021,0.10020080323723718,3,1.0963933313143142,33,minimum
-0.06664542853832245,redundant_or_uncertain,family-00348-sum_mod_10,0.9491927623748779,0.2008852806749826,0,0.5437481463519274,33,sum_mod_10
0.01733042299747467,redundant_or_uncertain,family-00348-sum_mod_10,0.9582439064979553,0.17348550400436846,1,0.7019824240124789,33,sum_mod_10
0.0022877417504787445,useful,family-00348-sum_mod_10,0.9799957871437073,0.09805550850663702,2,0.5548828260068085,33,sum_mod_10
0.011272009462118149,candidate_harmful,family-00348-sum_mod_10,0.9876791834831238,0.06641264077186444,3,0.5659205949329275,33,sum_mod_10
0.14705520868301392,useful,family-00349-maximum,0.9384170770645142,0.231300958179469,0,0.5313562629404648,33,maximum
0.9251114130020142,useful,family-00349-maximum,0.9524648189544678,0.1911927625680148,1,1.3141740646662439,33,maximum
-0.0010318756103515625,useful,family-00349-maximum,0.9612860679626465,0.16383519361852528,2,0.34612097421669014,33,maximum
0.012666165828704834,useful,family-00349-maximum,0.9687985777854919,0.13889394396659868,3,0.4898418343401691,33,maximum
0.39731523394584656,useful,family-00349-minimum,0.9402379989624023,0.22631215716952185,0,0.544562073126742,33,minimum
-0.02741032838821411,useful,family-00349-minimum,0.938482940196991,0.23112152198372293,1,0.7849746430126542,33,minimum
-0.02006077766418457,useful,family-00349-minimum,0.9707183241844177,0.13223626721556608,2,0.44449670446693185,33,minimum
0.4946356415748596,useful,family-00349-minimum,0.9754877090454102,0.11511518658242569,3,1.1019631596048003,33,minimum
0.16061058640480042,redundant_or_uncertain,family-00349-sum_mod_10,0.9449672102928162,0.21307543603750584,0,0.4420690725617491,33,sum_mod_10
-0.07340821623802185,redundant_or_uncertain,family-00349-sum_mod_10,0.9403514266014099,0.22599946292586448,1,0.7145846009546187,33,sum_mod_10
0.27903783321380615,useful,family-00349-sum_mod_10,0.9731405973434448,0.12364961695542978,2,0.824787815735738,33,sum_mod_10
0.13043788075447083,candidate_harmful,family-00349-sum_mod_10,0.9824554920196533,0.08832239194901248,3,0.4515003084806226,33,sum_mod_10
0.15371805429458618,useful,family-00350-maximum,0.9259114861488342,0.2640885212643203,0,0.47190581038032536,33,maximum
0.5596372485160828,useful,family-00350-maximum,0.9079692363739014,0.3072112604218389,1,0.8670077256340971,33,maximum
-0.10070937871932983,useful,family-00350-maximum,0.956653356552124,0.17843786920643645,2,0.5971337569106907,33,maximum
-0.14980077743530273,useful,family-00350-maximum,0.9744991064071655,0.11873679030000701,3,0.5671909476137962,33,maximum
0.060841262340545654,useful,family-00350-minimum,0.9331091046333313,0.2455213755850494,0,0.3420622017307077,33,minimum
0.0005920529365539551,useful,family-00350-minimum,0.9558351635932922,0.18096150775693817,1,0.508544977036973,33,minimum
0.8249792456626892,useful,family-00350-minimum,0.967296838760376,0.1440165701348705,2,1.141680379262086,33,minimum
0.1722915768623352,useful,family-00350-minimum,0.9786713123321533,0.1031660366556835,3,0.46382525526453877,33,minimum
-0.0259392149746418,redundant_or_uncertain,family-00350-sum_mod_10,0.9491927623748779,0.2008852806749826,0,0.5975338413183985,33,sum_mod_10
-0.008423743769526482,redundant_or_uncertain,family-00350-sum_mod_10,0.9569180607795715,0.17761797175195312,1,0.6933734276831732,33,sum_mod_10
-0.0017824936658143997,useful,family-00350-sum_mod_10,0.9820262789726257,0.09004480761096935,2,0.5756470764304757,33,sum_mod_10
-0.012857714667916298,candidate_harmful,family-00350-sum_mod_10,0.9900611639022827,0.05572028957031276,3,0.4916487931695465,33,sum_mod_10
0.001885831356048584,useful,family-00351-maximum,0.9444131255149841,0.21464787903976124,0,0.37185280226518436,33,maximum
0.5790246725082397,useful,family-00351-maximum,0.9550737142562866,0.18329587287612606,1,1.0357145254537765,33,maximum
-0.25508105754852295,useful,family-00351-maximum,0.9666561484336853,0.14618016229407266,2,0.34732038918088254,33,maximum
-0.08771973848342896,useful,family-00351-maximum,0.9748518466949463,0.11744916852357021,3,0.4358036215781286,33,maximum
0.16982269287109375,useful,family-00351-minimum,0.9349802136421204,0.24056185191467644,0,0.3802300804595559,33,minimum
0.0884060263633728,useful,family-00351-minimum,0.922917366027832,0.27158567825772084,1,0.6905193455984172,33,minimum
0.5915012955665588,useful,family-00351-minimum,0.9620580077171326,0.16134760954753535,2,1.1873917068053088,33,minimum
0.07484036684036255,useful,family-00351-minimum,0.9753656387329102,0.11556455358277454,3,0.48159567916212537,33,minimum
-0.01379578560590744,redundant_or_uncertain,family-00351-sum_mod_10,0.9259114861488342,0.2640885212643203,0,0.4193033305878227,33,sum_mod_10
0.02362832799553871,redundant_or_uncertain,family-00351-sum_mod_10,0.9095056653022766,0.30368004371454443,1,0.8082719052503383,33,sum_mod_10
-0.023221008479595184,useful,family-00351-sum_mod_10,0.9608953595161438,0.16508813311290282,2,0.658392886591973,33,sum_mod_10
0.015630804002285004,candidate_harmful,family-00351-sum_mod_10,0.9801332950592041,0.09751989861858057,3,0.561150822781656,33,sum_mod_10
0.2786417007446289,useful,family-00352-maximum,0.9365215301513672,0.2364332738178154,0,0.4890519415735971,33,maximum
0.6812750101089478,useful,family-00352-maximum,0.9406008720397949,0.22531099103801305,1,0.8750582672986288,33,maximum
0.029913902282714844,useful,family-00352-maximum,0.9600461721420288,0.1677973824124204,2,0.6167978648556676,33,maximum
0.033866703510284424,useful,family-00352-maximum,0.9764782190322876,0.11144559217470745,3,0.43024126581818695,33,maximum
0.37672656774520874,useful,family-00352-minimum,0.9449672102928162,0.21307543603750584,0,0.5566083836619955,33,minimum
0.274483859539032,useful,family-00352-minimum,0.929423987865448,0.2551263694991349,1,0.501150421534419,33,minimum
-0.14298534393310547,useful,family-00352-minimum,0.9760066270828247,0.11319794572633593,2,0.7518803191165735,33,minimum
0.521655797958374,useful,family-00352-minimum,0.9821935892105103,0.08937465292589801,3,0.7678984350957353,33,minimum
-0.0010206997394561768,redundant_or_uncertain,family-00352-sum_mod_10,0.9449672102928162,0.21307543603750584,0,0.4765891315851357,33,sum_mod_10
-0.000882226973772049,redundant_or_uncertain,family-00352-sum_mod_10,0.9420587420463562,0.2212648370194301,1,0.6253008274892738,33,sum_mod_10
0.004062024876475334,useful,family-00352-sum_mod_10,0.9780871868133545,0.10539288333209326,2,0.4595641195789612,33,sum_mod_10
-0.03816268593072891,candidate_harmful,family-00352-sum_mod_10,0.9839787483215332,0.08212149884371181,3,0.46766132710294195,33,sum_mod_10
0.17196738719940186,useful,family-00353-maximum,0.9366639852523804,0.23604968914313537,0,0.7270282049421595,33,maximum
0.0007519721984863281,useful,family-00353-maximum,0.9559807777404785,0.18051354285955962,1,0.45036042024524314,33,maximum
0.09922480583190918,useful,family-00353-maximum,0.969483494758606,0.13653303283921922,2,0.4463369062549431,33,maximum
0.11888599395751953,useful,family-00353-maximum,0.97596675157547,0.11334567813191829,3,0.4620186181903241,33,maximum
0.08911007642745972,useful,family-00353-minimum,0.9307264685630798,0.2517557319658407,0,0.33289505716197665,33,minimum
0.05576658248901367,useful,family-00353-minimum,0.9502295851707458,0.197838688178445,1,0.5680577919909185,33,minimum
0.43975839018821716,useful,family-00353-minimum,0.9738596677780151,0.12105823891329937,2,0.6055918496904277,33,minimum
0.6653794646263123,useful,family-00353-minimum,0.9732869267463684,0.12312389685884223,3,1.0511645750077854,33,minimum
0.01648748479783535,redundant_or_uncertain,family-00353-sum_mod_10,0.9491927623748779,0.2008852806749826,0,0.5943158149989275,33,sum_mod_10
-0.05332497879862785,redundant_or_uncertain,family-00353-sum_mod_10,0.9566013216972351,0.17859884343537344,1,0.6290194400832304,33,sum_mod_10
0.009738478809595108,useful,family-00353-sum_mod_10,0.9815086722373962,0.09210808175033819,2,0.41542060323521873,33,sum_mod_10
-0.007475465536117554,candidate_harmful,family-00353-sum_mod_10,0.989158034324646,0.05983561901364906,3,0.5670002943701281,33,sum_mod_10
0.3255973756313324,useful,family-00354-maximum,0.9349802136421204,0.24056185191467644,0,0.5446757745583872,33,maximum
0.4231659173965454,useful,family-00354-maximum,0.9335310459136963,0.24440793755329915,1,1.4130896437941174,33,maximum
-0.20500215888023376,useful,family-00354-maximum,0.9545863270759583,0.18478294257481429,2,0.2491561309028285,33,maximum
-0.02087828516960144,useful,family-00354-maximum,0.9711480736732483,0.13072841803209073,3,0.36055702439483805,33,maximum
0.01764625310897827,useful,family-00354-minimum,0.9301250576972961,0.2533153413239986,0,0.3564048441947147,33,minimum
0.022348463535308838,useful,family-00354-minimum,0.9435859322547913,0.2169845135694128,1,0.7805161286092496,33,minimum
0.6390029191970825,useful,family-00354-minimum,0.9637719988822937,0.155765411912206,2,1.3281957319747457,33,minimum
0.07801222801208496,useful,family-00354-minimum,0.9733878970146179,0.12276065934739946,3,0.5499169863810748,33,minimum
-0.05548235401511192,redundant_or_uncertain,family-00354-sum_mod_10,0.941583514213562,0.22258801191553665,0,0.3612188926044228,33,sum_mod_10
0.01730748638510704,redundant_or_uncertain,family-00354-sum_mod_10,0.9574609994888306,0.17593093879808272,1,0.6298968137907142,33,sum_mod_10
0.022211771458387375,useful,family-00354-sum_mod_10,0.977816641330719,0.10641885699821915,2,0.566623808029137,33,sum_mod_10
-0.007994923740625381,candidate_harmful,family-00354-sum_mod_10,0.9862431883811951,0.07262648719103866,3,0.38881500168082345,33,sum_mod_10
0.17529505491256714,useful,family-00355-maximum,0.9384170770645142,0.231300958179469,0,0.5276657690758786,33,maximum
0.8550841212272644,useful,family-00355-maximum,0.9527274370193481,0.19040478011440484,1,1.1457309946033587,33,maximum
0.021384239196777344,useful,family-00355-maximum,0.9709875583648682,0.13129237941559688,2,0.5174654114268994,33,maximum
0.030171096324920654,useful,family-00355-maximum,0.9780898094177246,0.10538292113740762,3,0.6385858050724815,33,maximum
0.726241409778595,useful,family-00355-minimum,0.9270280003547668,0.2612596159680735,0,0.6046064971302575,33,minimum
0.5561002492904663,useful,family-00355-minimum,0.9276767373085022,0.25960746710412586,1,0.4389194536400218,33,minimum
0.43855541944503784,useful,family-00355-minimum,0.9494937062263489,0.20000330480624626,2,0.5539279595674457,33,minimum
0.3942039906978607,useful,family-00355-minimum,0.9679335951805115,0.1418534054573673,3,0.8397406586319481,33,minimum
-0.2880293130874634,redundant_or_uncertain,family-00355-sum_mod_10,0.9463757276535034,0.2090514799499639,0,0.523797958536569,33,sum_mod_10
-0.08224822580814362,redundant_or_uncertain,family-00355-sum_mod_10,0.9471672773361206,0.20677302552610446,1,0.6173001937387854,33,sum_mod_10
0.011432930827140808,useful,family-00355-sum_mod_10,0.9846051931381226,0.07952938493776536,2,0.39183601769898013,33,sum_mod_10
0.025710731744766235,candidate_harmful,family-00355-sum_mod_10,0.9887796640396118,0.06153676753574687,3,0.49037120263409834,33,sum_mod_10
0.33814936876296997,useful,family-00356-maximum,0.9449672102928162,0.21307543603750584,0,0.6275804718538002,33,maximum
-0.013800859451293945,useful,family-00356-maximum,0.943489134311676,0.21725710240014817,1,0.6260966914632241,33,maximum
0.17193114757537842,useful,family-00356-maximum,0.9732730984687805,0.12317361311154,2,0.711209799879419,33,maximum
0.22056281566619873,useful,family-00356-maximum,0.9743723273277283,0.11919835025292957,3,0.5051006796773163,33,maximum
0.024663925170898438,useful,family-00356-minimum,0.9307264685630798,0.2517557319658407,0,0.3299180316959725,33,minimum
0.00263214111328125,useful,family-00356-minimum,0.9486852288246155,0.2023684599442768,1,0.624045268543136,33,minimum
0.7598443627357483,useful,family-00356-minimum,0.973337709903717,0.12294125507764028,2,1.2333986038661044,33,minimum
0.04572176933288574,useful,family-00356-minimum,0.9756490588188171,0.11452026672687095,3,0.49900072462192996,33,minimum
-0.0013535991311073303,redundant_or_uncertain,family-00356-sum_mod_10,0.9456735849380493,0.21106223996917065,0,0.4089598542812197,33,sum_mod_10
-0.017069334164261818,redundant_or_uncertain,family-00356-sum_mod_10,0.9438137412071228,0.2163422947569995,1,0.7204602086439269,33,sum_mod_10
-0.008130727335810661,useful,family-00356-sum_mod_10,0.98321932554245,0.08523055109452823,2,0.8514884860520732,33,sum_mod_10
-0.003096986562013626,candidate_harmful,family-00356-sum_mod_10,0.9890468716621399,0.060336769702667305,3,0.4558044691764229,33,sum_mod_10
0.028596341609954834,useful,family-00357-maximum,0.9390060901641846,0.22969358781392255,0,0.41419553716614405,33,maximum
0.06370389461517334,useful,family-00357-maximum,0.9487845301628113,0.2020786868286797,1,0.6823283033455697,33,maximum
0.05298030376434326,useful,family-00357-maximum,0.962821364402771,0.15887163116660888,2,0.7855202475230566,33,maximum
0.012637197971343994,useful,family-00357-maximum,0.9691548347473145,0.1376678828791012,3,0.46080765261984974,33,maximum
0.1607952117919922,useful,family-00357-minimum,0.9402379989624023,0.22631215716952185,0,0.444746595484914,33,minimum
0.01644998788833618,useful,family-00357-minimum,0.941994845867157,0.22144298294262477,1,0.5192915771820287,33,minimum
0.6385336518287659,useful,family-00357-minimum,0.9758362174034119,0.11382881285734403,2,1.1891043445001668,33,minimum
0.05186760425567627,useful,family-00357-minimum,0.9783825278282166,0.10426897854058798,3,0.6083866035185928,33,minimum
-0.01697981357574463,redundant_or_uncertain,family-00357-sum_mod_10,0.944962203502655,0.21308967120764669,0,0.3548212314962797,33,sum_mod_10
-0.03829433023929596,redundant_or_uncertain,family-00357-sum_mod_10,0.9394465088844299,0.22848776474249907,1,0.5230890142798055,33,sum_mod_10
0.057481568306684494,useful,family-00357-sum_mod_10,0.9839170575141907,0.08237540180107186,2,0.7449979437369885,33,sum_mod_10
-0.04288414120674133,candidate_harmful,family-00357-sum_mod_10,0.9880644679069519,0.06471736472445344,3,0.4426110253959444,33,sum_mod_10
0.03522244095802307,useful,family-00358-maximum,0.941583514213562,0.22258801191553665,0,0.40396103822446283,33,maximum
0.21431636810302734,useful,family-00358-maximum,0.9564476013183594,0.17907400979529348,1,0.7695710017513897,33,maximum
-0.05916309356689453,useful,family-00358-maximum,0.9646217226982117,0.15296703061947886,2,0.40792973803138355,33,maximum
-0.0343664288520813,useful,family-00358-maximum,0.975568950176239,0.1148157753582844,3,0.6896762320581237,33,maximum
0.12518496811389923,useful,family-00358-minimum,0.9449672102928162,0.21307543603750584,0,0.5869584608707616,33,minimum
-0.01827360689640045,useful,family-00358-minimum,0.9275510907173157,0.2599279415046155,1,0.5164444740268385,33,minimum
-0.13370423018932343,useful,family-00358-minimum,0.9727847576141357,0.12492463863997322,2,0.4026355014143748,33,minimum
0.114181749522686,useful,family-00358-minimum,0.9814906120300293,0.09217980410037956,3,0.7223917386208895,33,minimum
0.15182553231716156,redundant_or_uncertain,family-00358-sum_mod_10,0.9270280003547668,0.2612596159680735,0,0.40643649663099257,33,sum_mod_10
0.12287531793117523,redundant_or_uncertain,family-00358-sum_mod_10,0.9366889595985413,0.23598240623152844,1,0.5489219408410904,33,sum_mod_10
0.002508386969566345,useful,family-00358-sum_mod_10,0.957263708114624,0.1765448001109007,2,0.4171485458897291,33,sum_mod_10
0.016380369663238525,candidate_harmful,family-00358-sum_mod_10,0.9757525324821472,0.1141381681721306,3,0.5915024083363896,33,sum_mod_10
0.41112571954727173,useful,family-00359-maximum,0.9366639852523804,0.23604968914313537,0,0.6934930587815512,33,maximum
0.22861623764038086,useful,family-00359-maximum,0.9555787444114685,0.18174913133567097,1,0.6023324654638148,33,maximum
0.2751964330673218,useful,family-00359-maximum,0.9677502512931824,0.14247758257619395,2,0.522731252785944,33,maximum
0.39797383546829224,useful,family-00359-maximum,0.979228138923645,0.10102804759298206,3,0.901384273275649,33,maximum
0.1812238097190857,useful,family-00359-minimum,0.9384170770645142,0.231300958179469,0,0.43962424757503804,33,minimum
0.2734759449958801,useful,family-00359-minimum,0.9517604112625122,0.19329882900798095,1,0.7443699948572529,33,minimum
-0.09373682737350464,useful,family-00359-minimum,0.9815443754196167,0.09196624110450691,2,0.8719277646742625,33,minimum
0.5206181406974792,useful,family-00359-minimum,0.982988178730011,0.0861698464192393,3,0.8868650452283713,33,minimum
-0.06442853063344955,redundant_or_uncertain,family-00359-sum_mod_10,0.9458926320075989,0.21043597970167074,0,0.4521363683288762,33,sum_mod_10
-0.013227840885519981,redundant_or_uncertain,family-00359-sum_mod_10,0.953222393989563,0.18891549814007788,1,0.707795282038184,33,sum_mod_10
-0.03602711483836174,useful,family-00359-sum_mod_10,0.9860275983810425,0.07354586307759597,2,0.4808360905092872,33,sum_mod_10
-0.012938017025589943,candidate_harmful,family-00359-sum_mod_10,0.9900702834129333,0.055678323585586637,3,0.5085837462388751,33,sum_mod_10
0.0622706413269043,useful,family-00360-maximum,0.9458926320075989,0.21043597970167074,0,0.3600371501081052,33,maximum
-0.0038391947746276855,useful,family-00360-maximum,0.9545642137527466,0.18485028228441067,1,0.557751620137166,33,maximum
0.1585105061531067,useful,family-00360-maximum,0.9784817099571228,0.10389062380492091,2,0.7632587628829556,33,maximum
0.0002791881561279297,useful,family-00360-maximum,0.9777592420578003,0.106636093603482,3,0.4832989872639716,33,maximum
0.061251044273376465,useful,family-00360-minimum,0.9365215301513672,0.2364332738178154,0,0.3231823977656719,33,minimum
0.19824868440628052,useful,family-00360-minimum,0.935178816318512,0.2400320854831582,1,0.5540198402730033,33,minimum
0.6607940793037415,useful,family-00360-minimum,0.9682092070579529,0.1409130709735169,2,0.9847630955478045,33,minimum
-0.0010405778884887695,useful,family-00360-minimum,0.9787561893463135,0.10284111228749013,3,0.6962308410031642,33,minimum
0.03491418808698654,redundant_or_uncertain,family-00360-sum_mod_10,0.944962203502655,0.21308967120764669,0,0.37944880305805373,33,sum_mod_10
-0.0180036798119545,redundant_or_uncertain,family-00360-sum_mod_10,0.9397144317626953,0.22775255170696002,1,0.42850842248338694,33,sum_mod_10
-0.0027941688895225525,useful,family-00360-sum_mod_10,0.9850173592567444,0.07780985781228203,2,0.5064098379644213,33,sum_mod_10
0.031238891184329987,candidate_harmful,family-00360-sum_mod_10,0.9879878759384155,0.06505536413319776,3,0.6388646906464137,33,sum_mod_10
0.06425118446350098,useful,family-00361-maximum,0.9390060901641846,0.22969358781392255,0,0.4291008119417091,33,maximum
0.9170771837234497,useful,family-00361-maximum,0.9445163607597351,0.2143553516065373,1,1.1678868952377566,33,maximum
0.01342463493347168,useful,family-00361-maximum,0.9430192708969116,0.21857777431125197,2,0.3527727045393529,33,maximum
0.027746617794036865,useful,family-00361-maximum,0.9622710943222046,0.16065807400633547,3,0.36324459620079136,33,maximum
0.40136009454727173,useful,family-00361-minimum,0.9259114861488342,0.2640885212643203,0,0.4933756948758756,33,minimum
-0.16014906764030457,useful,family-00361-minimum,0.8952346444129944,0.33542911031001776,1,0.7706054525622098,33,minimum
0.3300926685333252,useful,family-00361-minimum,0.9503369331359863,0.19752196674651662,2,0.35176399206119474,33,minimum
0.27356815338134766,useful,family-00361-minimum,0.9734070897102356,0.12269156972933741,3,0.7239662295438006,33,minimum
-0.02340969443321228,redundant_or_uncertain,family-00361-sum_mod_10,0.9463757276535034,0.2090514799499639,0,0.4411671471192791,33,sum_mod_10
0.12889379262924194,redundant_or_uncertain,family-00361-sum_mod_10,0.9446742534637451,0.21390755327280342,1,0.7797024430368978,33,sum_mod_10
-0.05939267575740814,useful,family-00361-sum_mod_10,0.9816270470619202,0.0916375350791615,2,0.4370083263734822,33,sum_mod_10
0.06586961448192596,candidate_harmful,family-00361-sum_mod_10,0.9871556758880615,0.06869662716776988,3,0.4513474817963628,33,sum_mod_10
0.30215853452682495,useful,family-00362-maximum,0.9331091046333313,0.2455213755850494,0,0.6425816064131586,33,maximum
-0.016416192054748535,useful,family-00362-maximum,0.9579808115959167,0.17430898470154513,1,0.6123544252093484,33,maximum
0.06316256523132324,useful,family-00362-maximum,0.9636957049369812,0.15601565075854462,2,0.6633584349872261,33,maximum
0.16037315130233765,useful,family-00362-maximum,0.9683861136436462,0.1403082007587166,3,0.4678368244040803,33,maximum
-0.11736232042312622,useful,family-00362-minimum,0.9349802136421204,0.24056185191467644,0,0.43778823417983015,33,minimum
-0.04463464021682739,useful,family-00362-minimum,0.9295228123664856,0.2548715378411894,1,0.6822991160937218,33,minimum
0.2976076304912567,useful,family-00362-minimum,0.9667738676071167,0.14578359021916018,2,0.7605199350903227,33,minimum
0.3288215696811676,useful,family-00362-minimum,0.9751485586166382,0.11636214190005023,3,0.8743217777517479,33,minimum
-0.007252362556755543,redundant_or_uncertain,family-00362-sum_mod_10,0.9456735849380493,0.21106223996917065,0,0.3808669031383581,33,sum_mod_10
-0.008650735951960087,redundant_or_uncertain,family-00362-sum_mod_10,0.9480779767036438,0.2041361007677558,1,0.7517902906004726,33,sum_mod_10
3.452785313129425e-05,useful,family-00362-sum_mod_10,0.9837270975112915,0.08315572012880572,2,0.5232725774818622,33,sum_mod_10
-0.017940398305654526,candidate_harmful,family-00362-sum_mod_10,0.989427387714386,0.058616500818697986,3,0.6023240927285556,33,sum_mod_10
0.4751359224319458,useful,family-00363-maximum,0.9458926320075989,0.21043597970167074,0,0.3549167168555483,33,maximum
0.6190367341041565,useful,family-00363-maximum,0.9540026187896729,0.1865566918752119,1,0.9528475019856293,33,maximum
0.1443147361278534,useful,family-00363-maximum,0.9688275456428528,0.1387944083129418,2,0.28896444141077915,33,maximum
0.25195568799972534,useful,family-00363-maximum,0.9794396758079529,0.1002118573386479,3,0.7478103165018275,33,maximum
0.05306977033615112,useful,family-00363-minimum,0.9365215301513672,0.2364332738178154,0,0.3560298240421565,33,minimum
0.04552978277206421,useful,family-00363-minimum,0.9335408806800842,0.24438195096824267,1,0.627089588561263,33,minimum
0.6683906316757202,useful,family-00363-minimum,0.957728385925293,0.17509745443531205,2,1.1451275097580287,33,minimum
0.0757148265838623,useful,family-00363-minimum,0.9735218286514282,0.12227823679546414,3,0.6058292172824257,33,minimum
-0.09079273045063019,redundant_or_uncertain,family-00363-sum_mod_10,0.9259114861488342,0.2640885212643203,0,0.4268675688425056,33,sum_mod_10
-0.06818488240242004,redundant_or_uncertain,family-00363-sum_mod_10,0.910347580909729,0.3017329093457932,1,0.6517144269193716,33,sum_mod_10
0.12604880332946777,useful,family-00363-sum_mod_10,0.9630088210105896,0.15826113069198194,2,0.8515565610055222,33,sum_mod_10
-0.08727242052555084,candidate_harmful,family-00363-sum_mod_10,0.9771665930747986,0.10887027779658873,3,0.2889992885017004,33,sum_mod_10
0.13956624269485474,useful,family-00364-maximum,0.9349802136421204,0.24056185191467644,0,0.503476794197138,33,maximum
0.5969556570053101,useful,family-00364-maximum,0.9335696697235107,0.24430587218457644,1,0.817337087564626,33,maximum
0.33051952719688416,useful,family-00364-maximum,0.9634044170379639,0.15696952754671495,2,0.6814106185873755,33,maximum
0.27103275060653687,useful,family-00364-maximum,0.9719646573066711,0.12784505370343277,3,0.6194287559629419,33,maximum
0.3385384678840637,useful,family-00364-minimum,0.9449672102928162,0.21307543603750584,0,0.5893770462979683,33,minimum
0.001070857048034668,useful,family-00364-minimum,0.9288285374641418,0.2566586703718743,1,0.5079665377381468,33,minimum
0.13038164377212524,useful,family-00364-minimum,0.9742112755775452,0.11978375766761766,2,1.031875378229698,33,minimum
0.0314372181892395,useful,family-00364-minimum,0.981217622756958,0.0932617471131357,3,0.3927630289027077,33,minimum
0.011143777519464493,redundant_or_uncertain,family-00364-sum_mod_10,0.9270280003547668,0.2612596159680735,0,0.40203712142545395,33,sum_mod_10
-0.2362978458404541,redundant_or_uncertain,family-00364-sum_mod_10,0.9375832676887512,0.23356610643471637,1,0.5502545292077059,33,sum_mod_10
0.00014757364988327026,useful,family-00364-sum_mod_10,0.9588349461555481,0.17162923981672956,2,0.7476192526323421,33,sum_mod_10
-0.051505059003829956,candidate_harmful,family-00364-sum_mod_10,0.9751206636428833,0.11646449131325345,3,0.5309264652139463,33,sum_mod_10
0.10680252313613892,useful,family-00365-maximum,0.9270280003547668,0.2612596159680735,0,0.7525152943940449,33,maximum
0.594609797000885,useful,family-00365-maximum,0.9405731558799744,0.22538754283168277,1,0.6685057749120951,33,maximum
0.15795660018920898,useful,family-00365-maximum,0.9467114806175232,0.20808654191795334,2,0.32260771260481874,33,maximum
0.1030542254447937,useful,family-00365-maximum,0.9683093428611755,0.14057081683634082,3,0.4749275653899461,33,maximum
0.37550970911979675,useful,family-00365-minimum,0.9384170770645142,0.231300958179469,0,0.6039170547880053,33,minimum
-0.005153000354766846,useful,family-00365-minimum,0.9533358216285706,0.18857343253260836,1,0.6141611315878021,33,minimum
-0.10904604196548462,useful,family-00365-minimum,0.9807099103927612,0.09526326144074827,2,0.9350123070738138,33,minimum
0.2974444627761841,useful,family-00365-minimum,0.9837831854820251,0.08292555747243703,3,0.6348224182365803,33,minimum
-0.001526696141809225,redundant_or_uncertain,family-00365-sum_mod_10,0.941583514213562,0.22258801191553665,0,0.6288459509290018,33,sum_mod_10
0.0028068269602954388,redundant_or_uncertain,family-00365-sum_mod_10,0.9556655883789062,0.18148255312455175,1,0.5609680040793954,33,sum_mod_10
0.0008805552497506142,useful,family-00365-sum_mod_10,0.9790701866149902,0.10163605219544047,2,0.38936729371039513,33,sum_mod_10
-0.013518275693058968,candidate_harmful,family-00365-sum_mod_10,0.9868992567062378,0.06980740424542431,3,0.5348444964791083,33,sum_mod_10
0.1556403636932373,useful,family-00366-maximum,0.9331091046333313,0.2455213755850494,0,0.4371304900541853,33,maximum
0.518082320690155,useful,family-00366-maximum,0.9586222171783447,0.17229836581830899,1,0.950340649953869,33,maximum
0.5632146000862122,useful,family-00366-maximum,0.947727620601654,0.2051525337847167,2,0.9015315670657128,33,maximum
0.2918942868709564,useful,family-00366-maximum,0.9678244590759277,0.1422250792016861,3,0.5622200508783795,33,maximum
0.030088961124420166,useful,family-00366-minimum,0.9456735849380493,0.21106223996917065,0,0.45787913073225667,33,minimum
0.023342370986938477,useful,family-00366-minimum,0.938831090927124,0.2301717770025855,1,0.6375069607157956,33,minimum
0.2627255916595459,useful,family-00366-minimum,0.9778084754943848,0.10644977115253189,2,1.19681356496127,33,minimum
0.025764048099517822,useful,family-00366-minimum,0.98095703125,0.09429078053817798,3,0.4145746419291051,33,minimum
0.02165606990456581,redundant_or_uncertain,family-00366-sum_mod_10,0.9458597898483276,0.21052993579587004,0,0.4175641311386798,33,sum_mod_10
0.04302308335900307,redundant_or_uncertain,family-00366-sum_mod_10,0.9461560249328613,0.20968169193709654,1,0.552008863983812,33,sum_mod_10
-0.17967456579208374,useful,family-00366-sum_mod_10,0.9846963882446289,0.0791499016208471,2,0.8871934835492868,33,sum_mod_10
-0.048027195036411285,candidate_harmful,family-00366-sum_mod_10,0.9882072806358337,0.0640858029870892,3,0.34154207254305746,33,sum_mod_10
0.03110867738723755,useful,family-00367-maximum,0.9301250576972961,0.2533153413239986,0,0.4517452357768751,33,maximum
0.7362200617790222,useful,family-00367-maximum,0.9474856853485107,0.20585297523626533,1,0.6912355562977797,33,maximum
0.008497536182403564,useful,family-00367-maximum,0.946786642074585,0.20787022583703052,2,0.4643694709284007,33,maximum
0.3146446943283081,useful,family-00367-maximum,0.958112359046936,0.17389745994524317,3,0.80730505501988,33,maximum
0.08125489950180054,useful,family-00367-minimum,0.9491927623748779,0.2008852806749826,0,0.5318391359901512,33,minimum
0.03334754705429077,useful,family-00367-minimum,0.9498928189277649,0.19883071063053642,1,0.4709151552665717,33,minimum
0.34103745222091675,useful,family-00367-minimum,0.9746334552764893,0.1182469653559691,2,0.8613465313940719,33,minimum
0.02088487148284912,useful,family-00367-minimum,0.9829238057136536,0.0864308639535362,3,0.4480264977028538,33,minimum
-0.2624134421348572,redundant_or_uncertain,family-00367-sum_mod_10,0.9270280003547668,0.2612596159680735,0,0.4126481349703152,33,sum_mod_10
-0.06533140689134598,redundant_or_uncertain,family-00367-sum_mod_10,0.9363165497779846,0.23698461966328044,1,0.5236030188655533,33,sum_mod_10
0.09918766468763351,useful,family-00367-sum_mod_10,0.9546120166778564,0.18470469818198354,2,0.5285983009748462,33,sum_mod_10
-0.024074606597423553,candidate_harmful,family-00367-sum_mod_10,0.9722479581832886,0.1268390327756875,3,0.5685952220899007,33,sum_mod_10
0.3707968592643738,useful,family-00368-maximum,0.941583514213562,0.22258801191553665,0,0.5619816420146339,33,maximum
-0.04147601127624512,useful,family-00368-maximum,0.9564312696456909,0.1791244593972576,1,0.4724986451595955,33,maximum
0.16051259636878967,useful,family-00368-maximum,0.9679550528526306,0.14178028414117094,2,0.4374786045780982,33,maximum
0.21383941173553467,useful,family-00368-maximum,0.9790487289428711,0.10171855491309294,3,0.7257348386803415,33,maximum
0.25084781646728516,useful,family-00368-minimum,0.9384170770645142,0.231300958179469,0,0.43704726708941444,33,minimum
0.25599727034568787,useful,family-00368-minimum,0.9507618546485901,0.19626586948664176,1,0.6755510097015123,33,minimum
0.02387768030166626,useful,family-00368-minimum,0.9759111404418945,0.1135515953562627,2,0.689634252612036,33,minimum
0.06758248805999756,useful,family-00368-minimum,0.9791026711463928,0.10151110948461631,3,0.8743279474910897,33,minimum
-0.1927586942911148,redundant_or_uncertain,family-00368-sum_mod_10,0.9491927623748779,0.2008852806749826,0,0.5905045466839518,33,sum_mod_10
0.05933935195207596,redundant_or_uncertain,family-00368-sum_mod_10,0.9565497040748596,0.1787584624822688,1,0.6456364743235004,33,sum_mod_10
-0.002263590693473816,useful,family-00368-sum_mod_10,0.9802273511886597,0.09715297980069372,2,0.46971531177863296,33,sum_mod_10
0.12782523036003113,candidate_harmful,family-00368-sum_mod_10,0.9889078736305237,0.06096180602742375,3,0.5821640524117397,33,sum_mod_10
0.1729191541671753,useful,family-00369-maximum,0.9458926320075989,0.21043597970167074,0,0.32775485889780476,33,maximum
0.8389489650726318,useful,family-00369-maximum,0.9514666795730591,0.19417383827308304,1,1.1507718275512664,33,maximum
-0.08120131492614746,useful,family-00369-maximum,0.9672062397003174,0.1443233025791368,2,0.41748310089493085,33,maximum
0.015959620475769043,useful,family-00369-maximum,0.9783329367637634,0.10445798136226987,3,0.5234108126967099,33,maximum
0.032029181718826294,useful,family-00369-minimum,0.9444131255149841,0.21464787903976124,0,0.4356847206253223,33,minimum
0.18025635182857513,useful,family-00369-minimum,0.9493443369865417,0.20044129649675485,1,0.6993286063438753,33,minimum
-0.15492239594459534,useful,family-00369-minimum,0.9790102243423462,0.10186654519239431,2,0.5754492384983757,33,minimum
0.2064841091632843,useful,family-00369-minimum,0.9813823699951172,0.09260928911421809,3,0.6414879447238776,33,minimum
-0.00950431078672409,redundant_or_uncertain,family-00369-sum_mod_10,0.944962203502655,0.21308967120764669,0,0.3441867937706453,33,sum_mod_10
0.047533392906188965,redundant_or_uncertain,family-00369-sum_mod_10,0.9363270401954651,0.23695642019515079,1,0.6619744187289504,33,sum_mod_10
0.004890128970146179,useful,family-00369-sum_mod_10,0.9855061769485474,0.07575559742418003,2,0.5161658113838091,33,sum_mod_10
0.0243179090321064,candidate_harmful,family-00369-sum_mod_10,0.9895280003547668,0.05815934880964306,3,0.5698766134568943,33,sum_mod_10
0.24336862564086914,useful,family-00370-maximum,0.941583514213562,0.22258801191553665,0,0.3820378785337865,33,maximum
-0.5366519689559937,useful,family-00370-maximum,0.9552051424980164,0.18289392609294383,1,0.7198947115465738,33,maximum
0.19790473580360413,useful,family-00370-maximum,0.9656276106834412,0.14962696739062234,2,0.7416244960944791,33,maximum
0.024709239602088928,useful,family-00370-maximum,0.9756450653076172,0.11453500457392375,3,0.3494053840423613,33,maximum
0.3431035280227661,useful,family-00370-minimum,0.9270280003547668,0.2612596159680735,0,0.5403968958951739,33,minimum
0.006233513355255127,useful,family-00370-minimum,0.9286535382270813,0.25710798259306256,1,0.650437543706262,33,minimum
0.3755902051925659,useful,family-00370-minimum,0.9454028606414795,0.2118349564764051,2,1.0766704960734081,33,minimum
0.03127634525299072,useful,family-00370-minimum,0.9668636918067932,0.14548070056419748,3,0.4693505486798252,33,minimum
-0.00034830858930945396,redundant_or_uncertain,family-00370-sum_mod_10,0.9491927623748779,0.2008852806749826,0,0.38606123800374925,33,sum_mod_10
-0.0013567875139415264,redundant_or_uncertain,family-00370-sum_mod_10,0.9553040266036987,0.18259124292355663,1,0.6564744857592189,33,sum_mod_10
-0.016126004979014397,useful,family-00370-sum_mod_10,0.9763443470001221,0.11194401337755953,2,1.2039561325470594,33,sum_mod_10
-0.0008520563133060932,candidate_harmful,family-00370-sum_mod_10,0.9856845140457153,0.07500199819720273,3,0.47197531360769873,33,sum_mod_10
0.588422417640686,useful,family-00371-maximum,0.9491927623748779,0.2008852806749826,0,0.5447596273118139,33,maximum
0.5139508843421936,useful,family-00371-maximum,0.9567257761955261,0.178213724217814,1,0.5966649673727902,33,maximum
0.14099907875061035,useful,family-00371-maximum,0.9692556262016296,0.13732023985105787,2,0.6275961512746377,33,maximum
0.26711708307266235,useful,family-00371-maximum,0.9781326055526733,0.10522031085531809,3,0.5719860237422276,33,maximum
0.04107701778411865,useful,family-00371-minimum,0.9390060901641846,0.22969358781392255,0,0.3883770703296867,33,minimum
0.025315523147583008,useful,family-00371-minimum,0.9430647492408752,0.21845012583730086,1,0.6668995086555581,33,minimum
0.647887110710144,useful,family-00371-minimum,0.9693596959114075,0.13696093194873332,2,1.1438995657631374,33,minimum
0.0949520468711853,useful,family-00371-minimum,0.9760465621948242,0.11304992444285118,3,0.6133812727015684,33,minimum
-0.05129489302635193,redundant_or_uncertain,family-00371-sum_mod_10,0.9458926320075989,0.21043597970167074,0,0.4094241769722589,33,sum_mod_10
0.0213276706635952,redundant_or_uncertain,family-00371-sum_mod_10,0.9525964260101318,0.19079806803909008,1,0.6132879792783756,33,sum_mod_10
-0.011380136013031006,useful,family-00371-sum_mod_10,0.9832792282104492,0.08498660216470699,2,0.48892563685662055,33,sum_mod_10
-0.06374833732843399,candidate_harmful,family-00371-sum_mod_10,0.9891043901443481,0.060077604307990085,3,0.43441936233682416,33,sum_mod_10
0.14992043375968933,useful,family-00372-maximum,0.9456735849380493,0.21106223996917065,0,0.4836245229014845,33,maximum
0.21001937985420227,useful,family-00372-maximum,0.9505071640014648,0.1970192136444163,1,0.8642638589118776,33,maximum
0.17248088121414185,useful,family-00372-maximum,0.9750203490257263,0.11683229073109043,2,0.4436894035371437,33,maximum
0.2243526428937912,useful,family-00372-maximum,0.9825197458267212,0.08806363029057612,3,0.657666246603327,33,maximum
0.03495132923126221,useful,family-00372-minimum,0.9365215301513672,0.2364332738178154,0,0.4204283739413236,33,minimum
0.12933343648910522,useful,family-00372-minimum,0.936353862285614,0.23688431088831724,1,0.6511771372450248,33,minimum
0.08066850900650024,useful,family-00372-minimum,0.972569465637207,0.12569373263025213,2,0.7658636977021307,33,minimum
0.1864534616470337,useful,family-00372-minimum,0.9806119799613953,0.09564774622769187,3,0.7651794357002877,33,minimum
0.024797920137643814,redundant_or_uncertain,family-00372-sum_mod_10,0.9331091046333313,0.2455213755850494,0,0.4524647146836279,33,sum_mod_10
-0.002816826105117798,redundant_or_uncertain,family-00372-sum_mod_10,0.9598575830459595,0.1683964926840969,1,0.5479384027602804,33,sum_mod_10
-0.004347354173660278,useful,family-00372-sum_mod_10,0.9745275974273682,0.11863297518893513,2,0.48066885743604304,33,sum_mod_10
-0.038691602647304535,candidate_harmful,family-00372-sum_mod_10,0.9807851314544678,0.09496759182952054,3,0.5677902287545092,33,sum_mod_10
0.044790029525756836,useful,family-00373-maximum,0.9402379989624023,0.22631215716952185,0,0.45616534836845274,33,maximum
0.9334726929664612,useful,family-00373-maximum,0.9486842751502991,0.2023712418967662,1,1.1868362749419437,33,maximum
0.017030656337738037,useful,family-00373-maximum,0.9618610739707947,0.1619837691970858,2,0.3117438387522271,33,maximum
0.029639899730682373,useful,family-00373-maximum,0.9658949971199036,0.14873401360088745,3,0.35789992375798824,33,maximum
0.39880600571632385,useful,family-00373-minimum,0.941583514213562,0.22258801191553665,0,0.4140958036500693,33,minimum
-0.11072111129760742,useful,family-00373-minimum,0.9532120227813721,0.18894676035674235,1,0.7163410445759274,33,minimum
0.3808354437351227,useful,family-00373-minimum,0.9662289023399353,0.14761586680036135,2,0.4416716693175559,33,minimum
0.3072997033596039,useful,family-00373-minimum,0.9793635010719299,0.10050602347756639,3,0.5653844522222174,33,minimum
0.04529343545436859,redundant_or_uncertain,family-00373-sum_mod_10,0.9491927623748779,0.2008852806749826,0,0.39283931319424364,33,sum_mod_10
0.0886029377579689,redundant_or_uncertain,family-00373-sum_mod_10,0.9557501077651978,0.1812229395813868,1,0.7509172468583076,33,sum_mod_10
0.01992863416671753,useful,family-00373-sum_mod_10,0.9756401777267456,0.11455304102560433,2,0.7442494348992376,33,sum_mod_10
0.043070003390312195,candidate_harmful,family-00373-sum_mod_10,0.9860055446624756,0.0736397193000532,3,0.4994831681556065,33,sum_mod_10
0.12521958351135254,useful,family-00374-maximum,0.9449672102928162,0.21307543603750584,0,0.5578323887492969,33,maximum
0.7641787528991699,useful,family-00374-maximum,0.938391387462616,0.23137092606198445,1,0.9958708359075508,33,maximum
-0.035956740379333496,useful,family-00374-maximum,0.9649180769920349,0.15198610035588356,2,0.3801777348351207,33,maximum
0.0018346309661865234,useful,family-00374-maximum,0.9738705158233643,0.12101899067554789,3,0.48549373934553874,33,maximum
0.15735960006713867,useful,family-00374-minimum,0.9456735849380493,0.21106223996917065,0,0.3998388693023391,33,minimum
0.490235835313797,useful,family-00374-minimum,0.9433144927024841,0.21774845931725634,1,0.6007555578874951,33,minimum
0.2323054075241089,useful,family-00374-minimum,0.9793702960014343,0.1004797949838216,2,0.5911043651838482,33,minimum
0.5565670132637024,useful,family-00374-minimum,0.984312117099762,0.0807452410202393,3,1.0956445345465953,33,minimum
-0.04915539175271988,redundant_or_uncertain,family-00374-sum_mod_10,0.941583514213562,0.22258801191553665,0,0.44402535539738625,33,sum_mod_10
-0.007267192006111145,redundant_or_uncertain,family-00374-sum_mod_10,0.9535290598869324,0.18799001431939463,1,0.6623753789242295,33,sum_mod_10
0.02085009217262268,useful,family-00374-sum_mod_10,0.9813521504402161,0.09272908023476359,2,0.39282912450059493,33,sum_mod_10
0.021077200770378113,candidate_harmful,family-00374-sum_mod_10,0.9889128804206848,0.060939322566005844,3,0.5591072785656697,33,sum_mod_10
-0.2910405695438385,useful,family-00375-maximum,0.9444131255149841,0.21464787903976124,0,0.36392458317764736,33,maximum
0.25620269775390625,useful,family-00375-maximum,0.9556947946548462,0.1813928608957066,1,0.7112582733517843,33,maximum
-0.08667135238647461,useful,family-00375-maximum,0.9750475287437439,0.11673267828814099,2,0.5072034013780387,33,maximum
-0.11071687936782837,useful,family-00375-maximum,0.980143129825592,0.09748155388781485,3,0.7548844868046274,33,maximum
-0.11369824409484863,useful,family-00375-minimum,0.9384170770645142,0.231300958179469,0,0.5458829208534728,33,minimum
-0.1454344391822815,useful,family-00375-minimum,0.9469830393791199,0.20730446104303576,1,0.6053632058295207,33,minimum
0.4340810775756836,useful,family-00375-minimum,0.9790219068527222,0.10182165174725956,2,0.7630679198692807,33,minimum
0.1460191309452057,useful,family-00375-minimum,0.9821376800537109,0.08959877222464702,3,0.6369850402825709,33,minimum
-0.0040398817509412766,redundant_or_uncertain,family-00375-sum_mod_10,0.9259114861488342,0.2640885212643203,0,0.4217025226182956,33,sum_mod_10
-0.05870198830962181,redundant_or_uncertain,family-00375-sum_mod_10,0.9097909927368164,0.30302112309655543,1,0.6463919602613998,33,sum_mod_10
-0.05249190703034401,useful,family-00375-sum_mod_10,0.9654526710510254,0.1502100225728395,2,0.5039914291294622,33,sum_mod_10
0.003271011635661125,candidate_harmful,family-00375-sum_mod_10,0.9785705208778381,0.10355143618963886,3,0.5219134997372287,33,sum_mod_10
0.03405123949050903,useful,family-00376-maximum,0.9301250576972961,0.2533153413239986,0,0.4576572356880027,33,maximum
0.026786446571350098,useful,family-00376-maximum,0.94783616065979,0.2048379092365225,1,0.7814662404843373,33,maximum
0.10094422101974487,useful,family-00376-maximum,0.9589264392852783,0.17134110150142784,2,0.9669771628764338,33,maximum
0.014532268047332764,useful,family-00376-maximum,0.9572954773902893,0.1764460161278954,3,0.4707429581913748,33,maximum
0.4796615242958069,useful,family-00376-minimum,0.9270280003547668,0.2612596159680735,0,0.5697945374224023,33,minimum
0.036395132541656494,useful,family-00376-minimum,0.9282926917076111,0.2580330014904205,1,0.5635617947346204,33,minimum
0.3624008893966675,useful,family-00376-minimum,0.950643002986908,0.19661759036313228,2,0.9629167033401614,33,minimum
0.030898869037628174,useful,family-00376-minimum,0.9659286141395569,0.14862159420425192,3,0.4769612606271084,33,minimum
0.02816636860370636,redundant_or_uncertain,family-00376-sum_mod_10,0.9491927623748779,0.2008852806749826,0,0.4013719700431818,33,sum_mod_10
0.02523396909236908,redundant_or_uncertain,family-00376-sum_mod_10,0.9562923312187195,0.1795533906385873,1,0.5492853319982366,33,sum_mod_10
0.0187460258603096,useful,family-00376-sum_mod_10,0.9786344766616821,0.10330694270918869,2,0.8952844330783923,33,sum_mod_10
0.0415031835436821,candidate_harmful,family-00376-sum_mod_10,0.9852380156517029,0.07688458394782618,3,0.31369417148784573,33,sum_mod_10
0.17885853350162506,useful,family-00377-maximum,0.9491927623748779,0.2008852806749826,0,0.5716342134469926,33,maximum
0.1813289225101471,useful,family-00377-maximum,0.9575449824333191,0.17566934071823637,1,0.7085005090387921,33,maximum
0.17436237633228302,useful,family-00377-maximum,0.974918782711029,0.11720425851729142,2,0.5818935981324603,33,maximum
0.06359858810901642,useful,family-00377-maximum,0.9815797209739685,0.09182575191924706,3,0.7264111752086574,33,maximum
0.06047356128692627,useful,family-00377-minimum,0.9384170770645142,0.231300958179469,0,0.4436491821670728,33,minimum
0.09488588571548462,useful,family-00377-minimum,0.9522005915641785,0.19198403646323628,1,0.7920049419249149,33,minimum
0.012685120105743408,useful,family-00377-minimum,0.9810003042221069,0.09412015564927331,2,0.5102627031007579,33,minimum
0.49387431144714355,useful,family-00377-minimum,0.9826835989952087,0.0874026739018895,3,1.00886288063652,33,minimum
0.01809469610452652,redundant_or_uncertain,family-00377-sum_mod_10,0.9301250576972961,0.2533153413239986,0,0.4247395041409198,33,sum_mod_10
0.031038841232657433,redundant_or_uncertain,family-00377-sum_mod_10,0.9465639591217041,0.20851078610178772,1,0.687111791283992,33,sum_mod_10
0.022105181589722633,useful,family-00377-sum_mod_10,0.9725321531295776,0.12582684819947737,2,0.4344883773816233,33,sum_mod_10
-0.16405819356441498,candidate_harmful,family-00377-sum_mod_10,0.9798052906990051,0.0987959228136357,3,0.6080413043743921,33,sum_mod_10
0.0036066770553588867,useful,family-00378-maximum,0.9390060901641846,0.22969358781392255,0,0.3969544434252817,33,maximum
0.07352715730667114,useful,family-00378-maximum,0.9477693438529968,0.2050316189578163,1,0.6423765996008504,33,maximum
0.05600398778915405,useful,family-00378-maximum,0.9633519649505615,0.157141035497725,2,0.9400741081614621,33,maximum
0.032024085521698,useful,family-00378-maximum,0.9697133302688599,0.13573725277486592,3,0.4091103543732465,33,maximum
-0.20760995149612427,useful,family-00378-minimum,0.9365215301513672,0.2364332738178154,0,0.33089153095270174,33,minimum
-0.1227027177810669,useful,family-00378-minimum,0.9343880414962769,0.2421376083586967,1,0.4717142259130509,33,minimum
-0.41547054052352905,useful,family-00378-minimum,0.9654571413993835,0.15019513482033695,2,0.9553382295602905,33,minimum
0.2783600091934204,useful,family-00378-minimum,0.9816423654556274,0.09157658691902362,3,0.8509931613585227,33,minimum
0.012383773922920227,redundant_or_uncertain,family-00378-sum_mod_10,0.9259114861488342,0.2640885212643203,0,0.4312755131227236,33,sum_mod_10
0.0026870928704738617,redundant_or_uncertain,family-00378-sum_mod_10,0.9102076292037964,0.30205718155057215,1,0.5562028500164565,33,sum_mod_10
-0.037099286913871765,useful,family-00378-sum_mod_10,0.9623108506202698,0.16052928676283917,2,0.6200612495398695,33,sum_mod_10
-0.01906341314315796,candidate_harmful,family-00378-sum_mod_10,0.979144811630249,0.10134895097951976,3,0.5659347016796078,33,sum_mod_10
0.1243671178817749,useful,family-00379-maximum,0.9349802136421204,0.24056185191467644,0,0.4862390363760167,33,maximum
-0.01470857858657837,useful,family-00379-maximum,0.928363561630249,0.25785148328542484,1,0.7810178147990515,33,maximum
0.12720602750778198,useful,family-00379-maximum,0.9638566374778748,0.15548760811953496,2,1.067842794236363,33,maximum
0.06749945878982544,useful,family-00379-maximum,0.9644312858581543,0.15359601544945914,3,0.506733488599954,33,maximum
0.37220925092697144,useful,family-00379-minimum,0.9449672102928162,0.21307543603750584,0,0.575408341831356,33,minimum
0.26493120193481445,useful,family-00379-minimum,0.9286788105964661,0.25704312412222863,1,0.624828745641498,33,minimum
0.37436968088150024,useful,family-00379-minimum,0.9735548496246338,0.12215918825059412,2,0.5464130649849662,33,minimum
0.38389888405799866,useful,family-00379-minimum,0.9813832640647888,0.09260574423736388,3,0.6923974583571634,33,minimum
-0.08306648582220078,redundant_or_uncertain,family-00379-sum_mod_10,0.9449672102928162,0.21307543603750584,0,0.46494063486770576,33,sum_mod_10
-0.02729671262204647,redundant_or_uncertain,family-00379-sum_mod_10,0.941171407699585,0.22373211314231722,1,0.6975269695717611,33,sum_mod_10
-0.0015258695930242538,useful,family-00379-sum_mod_10,0.9760774970054626,0.11293521629991518,2,0.456992339597658,33,sum_mod_10
0.001536952331662178,candidate_harmful,family-00379-sum_mod_10,0.9830212593078613,0.08603561607428001,3,0.33019185838235166,33,sum_mod_10
0.08566945791244507,useful,family-00380-maximum,0.9331091046333313,0.2455213755850494,0,0.648054176479238,33,maximum
-0.10562843084335327,useful,family-00380-maximum,0.957809329032898,0.1748447946771257,1,0.7909412112760175,33,maximum
0.2564876079559326,useful,family-00380-maximum,0.9576393961906433,0.17537504457301192,2,0.49299493718319354,33,maximum
0.24248522520065308,useful,family-00380-maximum,0.9670681357383728,0.14479037009517748,3,0.4247213135122373,33,maximum
-0.004258356988430023,useful,family-00380-minimum,0.9390060901641846,0.22969358781392255,0,0.33993892088327265,33,minimum
0.04008205607533455,useful,family-00380-minimum,0.9429962635040283,0.21864233672614813,1,0.759532411549333,33,minimum
0.002705175429582596,useful,family-00380-minimum,0.9650851488113403,0.1514319517433862,2,0.5590408221588704,33,minimum
0.0011083409190177917,useful,family-00380-minimum,0.978875994682312,0.10238188606256389,3,0.5115893212151895,33,minimum
-0.07380641996860504,redundant_or_uncertain,family-00380-sum_mod_10,0.9491927623748779,0.2008852806749826,0,0.4383456972048386,33,sum_mod_10
0.023390457034111023,redundant_or_uncertain,family-00380-sum_mod_10,0.9550892114639282,0.18324849874797866,1,0.6109519521158079,33,sum_mod_10
0.04656067490577698,useful,family-00380-sum_mod_10,0.9797821640968323,0.09888568522879536,2,0.4646678160409447,33,sum_mod_10
0.05682753026485443,candidate_harmful,family-00380-sum_mod_10,0.9883197546005249,0.06358717766347223,3,0.5695603771530691,33,sum_mod_10
0.13880282640457153,useful,family-00381-maximum,0.9307264685630798,0.2517557319658407,0,0.44197958409027455,33,maximum
0.12125015258789062,useful,family-00381-maximum,0.9523486495018005,0.1915408412334687,1,0.6044912681196786,33,maximum
-0.000299990177154541,useful,family-00381-maximum,0.9678672552108765,0.14207937840758628,2,0.9027277121533352,33,maximum
0.05108630657196045,useful,family-00381-maximum,0.9693896174430847,0.1368575583427216,3,0.3139944382984085,33,maximum
0.36080363392829895,useful,family-00381-minimum,0.9365215301513672,0.2364332738178154,0,0.33740600933409,33,minimum
0.06168550252914429,useful,family-00381-minimum,0.9341555237770081,0.24275476609252683,1,0.45661987669998555,33,minimum
0.7084219455718994,useful,family-00381-minimum,0.9625816345214844,0.1596509431438008,2,1.1075325512167349,33,minimum
0.23900163173675537,useful,family-00381-minimum,0.9797414541244507,0.0990436292638153,3,0.6732571840982005,33,minimum
-0.0021910592913627625,redundant_or_uncertain,family-00381-sum_mod_10,0.9491927623748779,0.2008852806749826,0,0.4453687617164548,33,sum_mod_10
0.020853187888860703,redundant_or_uncertain,family-00381-sum_mod_10,0.9588609933853149,0.17154723117430018,1,0.5152197814759621,33,sum_mod_10
-0.015879996120929718,useful,family-00381-sum_mod_10,0.9784364104270935,0.10406348789096366,2,0.4691764410024044,33,sum_mod_10
-0.07362724840641022,candidate_harmful,family-00381-sum_mod_10,0.9868589639663696,0.06998148267595142,3,0.543585452710615,33,sum_mod_10
0.0603327751159668,useful,family-00382-maximum,0.9384170770645142,0.231300958179469,0,0.4543029684503802,33,maximum
0.855921745300293,useful,family-00382-maximum,0.9508322477340698,0.1960574111227107,1,1.3164031444695168,33,maximum
-0.012303471565246582,useful,family-00382-maximum,0.9632914662361145,0.15733875755788682,2,0.3827367501063351,33,maximum
0.013969600200653076,useful,family-00382-maximum,0.9714060425758362,0.12982013043536073,3,0.40692906650978555,33,maximum
0.6567251682281494,useful,family-00382-minimum,0.9259114861488342,0.2640885212643203,0,0.4843082938937861,33,minimum
-0.02471989393234253,useful,family-00382-minimum,0.8956851959228516,0.3344614303344508,1,0.6431103715004765,33,minimum
0.11569821834564209,useful,family-00382-minimum,0.9575130343437195,0.17576887610150102,2,0.43592428865077965,33,minimum
0.4361487329006195,useful,family-00382-minimum,0.9772180914878845,0.10867676800995794,3,0.8037539915352293,33,minimum
0.03772246837615967,redundant_or_uncertain,family-00382-sum_mod_10,0.9449672102928162,0.21307543603750584,0,0.42384223279652555,33,sum_mod_10
-0.1520702838897705,redundant_or_uncertain,family-00382-sum_mod_10,0.9370364546775818,0.23504513333150454,1,0.8093595948530933,33,sum_mod_10
0.1180858314037323,useful,family-00382-sum_mod_10,0.9738273024559021,0.121175309214789,2,0.497815421289862,33,sum_mod_10
-0.06093934178352356,candidate_harmful,family-00382-sum_mod_10,0.9844627380371094,0.08012107585247742,3,0.3626450785608207,33,sum_mod_10
0.34258532524108887,useful,family-00383-maximum,0.9270280003547668,0.2612596159680735,0,0.6006434417076341,33,maximum
0.3332967162132263,useful,family-00383-maximum,0.9390766024589539,0.22950076039818826,1,0.5931177499582622,33,maximum
0.16465723514556885,useful,family-00383-maximum,0.9477216005325317,0.2051699771653893,2,0.41732997047140924,33,maximum
0.5642238259315491,useful,family-00383-maximum,0.9667760133743286,0.14577635756458954,3,0.8324458901916337,33,maximum
0.007042050361633301,useful,family-00383-minimum,0.9456735849380493,0.21106223996917065,0,0.4257438051296813,33,minimum
0.07037264108657837,useful,family-00383-minimum,0.9466685652732849,0.20821000285052876,1,0.6580784056302904,33,minimum
0.8664814233779907,useful,family-00383-minimum,0.9822820425033569,0.08901971084495094,2,1.0625666858511815,33,minimum
0.03408390283584595,useful,family-00383-minimum,0.9850146174430847,0.07782133415079104,3,0.44273181295346364,33,minimum
-0.005101066082715988,redundant_or_uncertain,family-00383-sum_mod_10,0.9402379989624023,0.22631215716952185,0,0.4858325448947729,33,sum_mod_10
-0.09060700237751007,redundant_or_uncertain,family-00383-sum_mod_10,0.9504461288452148,0.19719954319197602,1,0.6901260006845031,33,sum_mod_10
0.0008506625890731812,useful,family-00383-sum_mod_10,0.984700083732605,0.07913451225222481,2,0.43653510324595296,33,sum_mod_10
-0.012904789298772812,candidate_harmful,family-00383-sum_mod_10,0.9885035157203674,0.06277015584937973,3,0.6407248118625244,33,sum_mod_10
0.013795197010040283,useful,family-00384-maximum,0.9458926320075989,0.21043597970167074,0,0.3360182773862579,33,maximum
-0.004846513271331787,useful,family-00384-maximum,0.9513954520225525,0.19438573904014242,1,0.6115099943666603,33,maximum
0.2083379030227661,useful,family-00384-maximum,0.9732956886291504,0.1230923918062882,2,0.6633443113142019,33,maximum
0.04764139652252197,useful,family-00384-maximum,0.9758343696594238,0.11383564655492433,3,0.34154689187795884,33,maximum
0.18008333444595337,useful,family-00384-minimum,0.9301250576972961,0.2533153413239986,0,0.36782792483817595,33,minimum
0.020991086959838867,useful,family-00384-minimum,0.9423503875732422,0.2204507628730053,1,0.7145454257527583,33,minimum
0.39383697509765625,useful,family-00384-minimum,0.9571380615234375,0.17693524641678343,2,0.773354073491503,33,minimum
0.22804194688796997,useful,family-00384-minimum,0.9675583243370056,0.1431298261614967,3,1.0521710848932326,33,minimum
-0.223199725151062,redundant_or_uncertain,family-00384-sum_mod_10,0.944962203502655,0.21308967120764669,0,0.3184822130308421,33,sum_mod_10
0.27174636721611023,redundant_or_uncertain,family-00384-sum_mod_10,0.936133623123169,0.23747605145509307,1,0.6702168396521478,33,sum_mod_10
0.22344934940338135,useful,family-00384-sum_mod_10,0.9829210638999939,0.08644197587883859,2,0.49088164432162673,33,sum_mod_10
0.19957652688026428,candidate_harmful,family-00384-sum_mod_10,0.9872768521308899,0.06816990807450506,3,0.48654054880570713,33,sum_mod_10
0.15884119272232056,useful,family-00385-maximum,0.9365215301513672,0.2364332738178154,0,0.41644507869233965,33,maximum
0.8464395403862,useful,family-00385-maximum,0.9364803433418274,0.2365441126865248,1,1.1248255095905468,33,maximum
0.01283717155456543,useful,family-00385-maximum,0.9447022080421448,0.21382822183414849,2,0.3153026071978495,33,maximum
-0.01234889030456543,useful,family-00385-maximum,0.965355396270752,0.1505338318278348,3,0.5191510693832111,33,maximum
0.34331372380256653,useful,family-00385-minimum,0.9270280003547668,0.2612596159680735,0,0.5309475112671904,33,minimum
0.04204094409942627,useful,family-00385-minimum,0.9288341999053955,0.25664412426779587,1,0.7895267315806649,33,minimum
0.20812678337097168,useful,family-00385-minimum,0.93938148021698,0.22866602083054471,2,0.2701460913244876,33,minimum
0.38989973068237305,useful,family-00385-minimum,0.9621942043304443,0.16090702930146922,3,0.736851920589959,33,minimum
-0.0033938658889383078,redundant_or_uncertain,family-00385-sum_mod_10,0.9270280003547668,0.2612596159680735,0,0.3947052304322715,33,sum_mod_10
-0.0023618966806679964,redundant_or_uncertain,family-00385-sum_mod_10,0.9342896342277527,0.2423989122919974,1,0.813389255345088,33,sum_mod_10
-0.0003617552574723959,useful,family-00385-sum_mod_10,0.9483437538146973,0.20336338102494805,2,0.3008185858702201,33,sum_mod_10
-0.0027239026967436075,candidate_harmful,family-00385-sum_mod_10,0.9690022468566895,0.1381935323328931,3,0.6064489316665111,33,sum_mod_10
0.5170720815658569,useful,family-00386-maximum,0.9366639852523804,0.23604968914313537,0,0.6893670444779322,33,maximum
0.6547679305076599,useful,family-00386-maximum,0.9552639126777649,0.18271405879279712,1,0.8708748958001405,33,maximum
-0.02962261438369751,useful,family-00386-maximum,0.9615758657455444,0.16290321107505895,2,0.31654235516110696,33,maximum
-0.044750988483428955,useful,family-00386-maximum,0.975422739982605,0.1153544290185972,3,0.7070387415878586,33,maximum
0.14259237051010132,useful,family-00386-minimum,0.9390060901641846,0.22969358781392255,0,0.3694700968623263,33,minimum
0.14677226543426514,useful,family-00386-minimum,0.9436971545219421,0.21667108763760498,1,0.896354214475451,33,minimum
0.13394969701766968,useful,family-00386-minimum,0.9697557091712952,0.1355903245002774,2,0.5621982174551978,33,minimum
0.31003761291503906,useful,family-00386-minimum,0.9789159893989563,0.10222842783162761,3,0.8790043413376747,33,minimum
0.025448396801948547,redundant_or_uncertain,family-00386-sum_mod_10,0.9259114861488342,0.2640885212643203,0,0.34727242907445344,33,sum_mod_10
0.0032081156969070435,redundant_or_uncertain,family-00386-sum_mod_10,0.9063485264778137,0.3109055722662965,1,0.7243045976297291,33,sum_mod_10
0.011515911668539047,useful,family-00386-sum_mod_10,0.9673787951469421,0.14373887484215683,2,0.3918722450020499,33,sum_mod_10
-0.023762211203575134,candidate_harmful,family-00386-sum_mod_10,0.9821774959564209,0.08943918317215739,3,0.7614846494014468,33,sum_mod_10
0.33841854333877563,useful,family-00387-maximum,0.9390060901641846,0.22969358781392255,0,0.41653689022439766,33,maximum
0.4722500443458557,useful,family-00387-maximum,0.9491293430328369,0.20107090375029174,1,0.9416954564395895,33,maximum
0.4426639974117279,useful,family-00387-maximum,0.94988614320755,0.19885035136510068,2,0.4295443160236434,33,maximum
0.4299498498439789,useful,family-00387-maximum,0.9680001735687256,0.14162647782642535,3,0.6506266746219614,33,maximum
0.21518844366073608,useful,family-00387-minimum,0.9444131255149841,0.21464787903976124,0,0.410134621230876,33,minimum
0.21640610694885254,useful,family-00387-minimum,0.9514806270599365,0.19413233187548556,1,0.6380047582983287,33,minimum
0.776719331741333,useful,family-00387-minimum,0.9797821640968323,0.09888568522879536,2,1.0200138465732143,33,minimum
0.07485270500183105,useful,family-00387-minimum,0.980912983417511,0.09446435774466438,3,0.4571231191492839,33,minimum
0.0011312738060951233,redundant_or_uncertain,family-00387-sum_mod_10,0.941583514213562,0.22258801191553665,0,0.38950738287928005,33,sum_mod_10
-0.08996489644050598,redundant_or_uncertain,family-00387-sum_mod_10,0.9585753679275513,0.17244557378361078,1,0.48621911743409685,33,sum_mod_10
-0.0019860155880451202,useful,family-00387-sum_mod_10,0.9804074168205261,0.09644925737165284,2,0.6585519526324384,33,sum_mod_10
-0.008829683065414429,candidate_harmful,family-00387-sum_mod_10,0.9859333634376526,0.07394666199490309,3,0.5707146826410521,33,sum_mod_10
0.27309346199035645,useful,family-00388-maximum,0.9365215301513672,0.2364332738178154,0,0.44595559467155477,33,maximum
0.8032740354537964,useful,family-00388-maximum,0.9387154579162598,0.230487454007207,1,1.0649589600406995,33,maximum
-0.0639004111289978,useful,family-00388-maximum,0.9485940933227539,0.20263422591323166,2,0.4963153354213659,33,maximum
-0.028095662593841553,useful,family-00388-maximum,0.967063307762146,0.14480668745966413,3,0.4811084313545254,33,maximum
0.35642385482788086,useful,family-00388-minimum,0.9331091046333313,0.2455213755850494,0,0.5543961515049058,33,minimum
0.035390615463256836,useful,family-00388-minimum,0.9470621943473816,0.207076221018219,1,0.4721595235585519,33,minimum
0.4984642565250397,useful,family-00388-minimum,0.9596496820449829,0.16905588355257176,2,1.137252439378696,33,minimum
0.03685039281845093,useful,family-00388-minimum,0.9707751870155334,0.13203712929942363,3,0.5623822539448967,33,minimum
-0.006896713748574257,redundant_or_uncertain,family-00388-sum_mod_10,0.9491927623748779,0.2008852806749826,0,0.40441200884155154,33,sum_mod_10
-0.0003250483423471451,redundant_or_uncertain,family-00388-sum_mod_10,0.9561887979507446,0.17987271855527195,1,0.769852384296617,33,sum_mod_10
-0.007177202962338924,useful,family-00388-sum_mod_10,0.9795230627059937,0.09988950938954114,2,0.8289755416895406,33,sum_mod_10
-0.0038466230034828186,candidate_harmful,family-00388-sum_mod_10,0.9865930676460266,0.07112712438088407,3,0.45898910953804306,33,sum_mod_10
0.06883098185062408,useful,family-00389-maximum,0.9449672102928162,0.21307543603750584,0,0.6371408178244251,33,maximum
0.11947009712457657,useful,family-00389-maximum,0.9423741102218628,0.22038447676340236,1,0.6335559100054499,33,maximum
0.183074951171875,useful,family-00389-maximum,0.9636232256889343,0.15625322355450103,2,0.6406550230309245,33,maximum
0.10359438508749008,useful,family-00389-maximum,0.9737290740013123,0.12153036505537819,3,0.662042621632489,33,maximum
0.4385431110858917,useful,family-00389-minimum,0.9331091046333313,0.2455213755850494,0,0.3569982856596966,33,minimum
0.1920263171195984,useful,family-00389-minimum,0.9558045268058777,0.18105569424152762,1,0.601668568117964,33,minimum
0.14077633619308472,useful,family-00389-minimum,0.9637816548347473,0.15573372918042366,2,0.5030452093312854,33,minimum
0.17880314588546753,useful,family-00389-minimum,0.9736915826797485,0.12166578137654749,3,0.6519529284039157,33,minimum
0.013209376484155655,redundant_or_uncertain,family-00389-sum_mod_10,0.9301250576972961,0.2533153413239986,0,0.3904541857037044,33,sum_mod_10
0.008644487708806992,redundant_or_uncertain,family-00389-sum_mod_10,0.9457775354385376,0.21076515991912909,1,0.5994134198677797,33,sum_mod_10
-0.04091699793934822,useful,family-00389-sum_mod_10,0.9680505394935608,0.14145471414800848,2,0.6276382449696342,33,sum_mod_10
-0.04653249308466911,candidate_harmful,family-00389-sum_mod_10,0.9766008853912354,0.11098820606546862,3,0.6593024606761287,33,sum_mod_10
