absolute_utility_delta,attention_entropy_delta,both_learned_tasks,family_id,identifiability_a,identifiability_b,identifiability_delta,intent_a,intent_b,layer,residual_cosine,residual_delta_norm,seed,target_probability_delta,task_pair,utility_a,utility_b,utility_delta
0.38010087609291077,-0.15220820903778076,True,family-00300,1.0,0.5,0.5,maximum,minimum,0,0.4863811731338501,10.679941177368164,11,-0.6233270466327667,maximum__minimum,-0.015794217586517334,0.36430665850639343,-0.38010087609291077
0.059626080095767975,-0.35364699363708496,True,family-00300,1.0,0.5,0.5,maximum,minimum,1,0.42545580863952637,12.516571998596191,11,-0.6233270466327667,maximum__minimum,0.06792537122964859,0.008299291133880615,0.059626080095767975
0.06684964895248413,0.49232661724090576,True,family-00300,1.0,0.5,0.5,maximum,minimum,2,0.19755853712558746,18.171112060546875,11,-0.6233270466327667,maximum__minimum,-0.02328282594680786,0.04356682300567627,-0.06684964895248413
0.051945723593235016,-0.2200993299484253,True,family-00300,1.0,0.5,0.5,maximum,minimum,3,0.0833817720413208,25.209245681762695,11,-0.6233270466327667,maximum__minimum,0.10435948520898819,0.052413761615753174,0.051945723593235016
0.02883979305624962,-1.073060393333435,False,family-00300,1.0,0.0,1.0,maximum,sum_mod_10,0,0.21494239568710327,12.63983154296875,11,0.11756729334592819,maximum__sum_mod_10,-0.015794217586517334,0.013045575469732285,-0.02883979305624962
0.07265602424740791,-1.3614845275878906,False,family-00300,1.0,0.0,1.0,maximum,sum_mod_10,1,0.20034867525100708,12.77281665802002,11,0.11756729334592819,maximum__sum_mod_10,0.06792537122964859,-0.004730653017759323,0.07265602424740791
0.03690120577812195,-0.40784358978271484,False,family-00300,1.0,0.0,1.0,maximum,sum_mod_10,2,0.1465572863817215,16.828760147094727,11,0.11756729334592819,maximum__sum_mod_10,-0.02328282594680786,0.013618379831314087,-0.03690120577812195
0.16246408224105835,-0.29653990268707275,False,family-00300,1.0,0.0,1.0,maximum,sum_mod_10,3,0.3681589365005493,18.45406150817871,11,0.11756729334592819,maximum__sum_mod_10,0.10435948520898819,-0.05810459703207016,0.16246408224105835
0.35126108303666115,-0.9208521842956543,False,family-00300,0.5,0.0,0.5,minimum,sum_mod_10,0,0.23093467950820923,12.990079879760742,11,0.7408943399786949,minimum__sum_mod_10,0.36430665850639343,0.013045575469732285,0.35126108303666115
0.013029944151639938,-1.0078375339508057,False,family-00300,0.5,0.0,0.5,minimum,sum_mod_10,1,0.30905458331108093,14.08749008178711,11,0.7408943399786949,minimum__sum_mod_10,0.008299291133880615,-0.004730653017759323,0.013029944151639938
0.029948443174362183,-0.9001702070236206,False,family-00300,0.5,0.0,0.5,minimum,sum_mod_10,2,0.4619046151638031,14.996990203857422,11,0.7408943399786949,minimum__sum_mod_10,0.04356682300567627,0.013618379831314087,0.029948443174362183
0.11051835864782333,-0.07644057273864746,False,family-00300,0.5,0.0,0.5,minimum,sum_mod_10,3,0.3463313579559326,21.299222946166992,11,0.7408943399786949,minimum__sum_mod_10,0.052413761615753174,-0.05810459703207016,0.11051835864782333
0.05310055846348405,-0.22043395042419434,True,family-00301,0.5,0.0,0.5,maximum,minimum,0,0.5218903422355652,10.148918151855469,11,0.9282471779733896,maximum__minimum,0.05284380912780762,-0.00025674933567643166,0.05310055846348405
0.9308043047785759,-0.8232811987400055,True,family-00301,0.5,0.0,0.5,maximum,minimum,1,0.4091211259365082,12.087038040161133,11,0.9282471779733896,maximum__minimum,0.8976115584373474,-0.033192746341228485,0.9308043047785759
0.2188989222049713,1.9082441329956055,True,family-00301,0.5,0.0,0.5,maximum,minimum,2,-0.08482995629310608,17.035947799682617,11,0.9282471779733896,maximum__minimum,0.029651165008544922,-0.1892477571964264,0.2188989222049713
0.3053988139145076,-1.0427579879760742,True,family-00301,0.5,0.0,0.5,maximum,minimum,3,-0.10169027000665665,23.00358772277832,11,0.9282471779733896,maximum__minimum,0.30513685941696167,-0.00026195449754595757,0.3053988139145076
0.07042448222637177,-0.5736277103424072,False,family-00301,0.5,1.0,-0.5,maximum,sum_mod_10,0,0.543102502822876,10.109786987304688,11,0.7798444926738739,maximum__sum_mod_10,0.05284380912780762,-0.017580673098564148,0.07042448222637177
0.9633682519197464,-0.962846428155899,False,family-00301,0.5,1.0,-0.5,maximum,sum_mod_10,1,0.27530476450920105,15.00283432006836,11,0.7798444926738739,maximum__sum_mod_10,0.8976115584373474,-0.06575669348239899,0.9633682519197464
0.01629144698381424,1.7626246213912964,False,family-00301,0.5,1.0,-0.5,maximum,sum_mod_10,2,0.38790249824523926,17.106992721557617,11,0.7798444926738739,maximum__sum_mod_10,0.029651165008544922,0.04594261199235916,-0.01629144698381424
0.27410975843667984,-0.10249269008636475,False,family-00301,0.5,1.0,-0.5,maximum,sum_mod_10,3,0.4398965537548065,21.100067138671875,11,0.7798444926738739,maximum__sum_mod_10,0.30513685941696167,0.03102710098028183,0.27410975843667984
0.017323923762887716,-0.3531937599182129,False,family-00301,0.0,1.0,-1.0,minimum,sum_mod_10,0,0.4511186480522156,11.496562004089355,11,-0.14840268529951572,minimum__sum_mod_10,-0.00025674933567643166,-0.017580673098564148,0.017323923762887716
0.0325639471411705,-0.13956522941589355,False,family-00301,0.0,1.0,-1.0,minimum,sum_mod_10,1,0.5040431618690491,11.923254013061523,11,-0.14840268529951572,minimum__sum_mod_10,-0.033192746341228485,-0.06575669348239899,0.0325639471411705
0.23519036918878555,-0.14561951160430908,False,family-00301,0.0,1.0,-1.0,minimum,sum_mod_10,2,0.26727068424224854,17.536680221557617,11,-0.14840268529951572,minimum__sum_mod_10,-0.1892477571964264,0.04594261199235916,-0.23519036918878555
0.03128905547782779,0.9402652978897095,False,family-00301,0.0,1.0,-1.0,minimum,sum_mod_10,3,0.348188579082489,20.703105926513672,11,-0.14840268529951572,minimum__sum_mod_10,-0.00026195449754595757,0.03102710098028183,-0.03128905547782779
0.419892817735672,0.5552065372467041,True,family-00302,0.0,1.0,-1.0,maximum,minimum,0,0.42848339676856995,10.933646202087402,11,0.03894227743148804,maximum__minimum,-0.012408137321472168,0.40748468041419983,-0.419892817735672
0.1783941090106964,-0.4215139150619507,True,family-00302,0.0,1.0,-1.0,maximum,minimum,1,0.3685337007045746,11.533832550048828,11,0.03894227743148804,maximum__minimum,0.3615592122077942,0.18316510319709778,0.1783941090106964
0.0942385196685791,0.8060176372528076,True,family-00302,0.0,1.0,-1.0,maximum,minimum,2,0.08918610215187073,17.49800682067871,11,0.03894227743148804,maximum__minimum,0.031137585639953613,0.12537610530853271,-0.0942385196685791
0.2953844964504242,0.005791664123535156,True,family-00302,0.0,1.0,-1.0,maximum,minimum,3,-0.10540691018104553,24.357616424560547,11,0.03894227743148804,maximum__minimum,0.3984297811985016,0.10304528474807739,0.2953844964504242
0.07773086428642273,0.8212417364120483,False,family-00302,0.0,0.5,-0.5,maximum,sum_mod_10,0,0.7450820207595825,7.76243782043457,11,0.5618013739585876,maximum__sum_mod_10,-0.012408137321472168,0.06532272696495056,-0.07773086428642273
0.39030981063842773,-0.6613575220108032,False,family-00302,0.0,0.5,-0.5,maximum,sum_mod_10,1,0.4830501973628998,11.54316520690918,11,0.5618013739585876,maximum__sum_mod_10,0.3615592122077942,-0.028750598430633545,0.39030981063842773
0.027498140931129456,1.2132800817489624,False,family-00302,0.0,0.5,-0.5,maximum,sum_mod_10,2,0.4802294969558716,14.462902069091797,11,0.5618013739585876,maximum__sum_mod_10,0.031137585639953613,0.0036394447088241577,0.027498140931129456
0.5804790556430817,0.8612470626831055,False,family-00302,0.0,0.5,-0.5,maximum,sum_mod_10,3,0.47386640310287476,19.491310119628906,11,0.5618013739585876,maximum__sum_mod_10,0.3984297811985016,-0.18204927444458008,0.5804790556430817
0.34216195344924927,0.26603519916534424,False,family-00302,1.0,0.5,0.5,minimum,sum_mod_10,0,0.5090311765670776,10.716819763183594,11,0.5228590965270996,minimum__sum_mod_10,0.40748468041419983,0.06532272696495056,0.34216195344924927
0.21191570162773132,-0.23984360694885254,False,family-00302,1.0,0.5,0.5,minimum,sum_mod_10,1,0.5060431957244873,10.988698959350586,11,0.5228590965270996,minimum__sum_mod_10,0.18316510319709778,-0.028750598430633545,0.21191570162773132
0.12173666059970856,0.4072624444961548,False,family-00302,1.0,0.5,0.5,minimum,sum_mod_10,2,0.4610852003097534,14.921150207519531,11,0.5228590965270996,minimum__sum_mod_10,0.12537610530853271,0.0036394447088241577,0.12173666059970856
0.28509455919265747,0.8554553985595703,False,family-00302,1.0,0.5,0.5,minimum,sum_mod_10,3,0.38053110241889954,20.736228942871094,11,0.5228590965270996,minimum__sum_mod_10,0.10304528474807739,-0.18204927444458008,0.28509455919265747
0.2209074655547738,0.23141396045684814,True,family-00303,1.0,0.5,0.5,maximum,minimum,0,0.39279037714004517,10.478339195251465,11,-0.7761079967021942,maximum__minimum,-0.004642740823328495,0.2162647247314453,-0.2209074655547738
0.18166362307965755,1.216637134552002,True,family-00303,1.0,0.5,0.5,maximum,minimum,1,0.5282349586486816,10.719250679016113,11,-0.7761079967021942,maximum__minimum,-0.010713865980505943,0.1709497570991516,-0.18166362307965755
0.22246522642672062,0.8278313875198364,True,family-00303,1.0,0.5,0.5,maximum,minimum,2,0.4191318154335022,14.527578353881836,11,-0.7761079967021942,maximum__minimum,-0.013420531526207924,0.2090446949005127,-0.22246522642672062
0.03119238279759884,-0.547392725944519,True,family-00303,1.0,0.5,0.5,maximum,minimum,3,0.16971217095851898,22.230398178100586,11,-0.7761079967021942,maximum__minimum,-0.0018974337726831436,-0.03308981657028198,0.03119238279759884
0.02691779937595129,-0.6146050691604614,False,family-00303,1.0,0.0,1.0,maximum,sum_mod_10,0,0.4428708851337433,9.000527381896973,11,-0.020358195528388023,maximum__sum_mod_10,-0.004642740823328495,-0.031560540199279785,0.02691779937595129
0.005290299654006958,0.43290019035339355,False,family-00303,1.0,0.0,1.0,maximum,sum_mod_10,1,0.4835953414440155,9.625251770019531,11,-0.020358195528388023,maximum__sum_mod_10,-0.010713865980505943,-0.005423566326498985,-0.005290299654006958
0.026326796039938927,-0.36613547801971436,False,family-00303,1.0,0.0,1.0,maximum,sum_mod_10,2,0.6567707061767578,10.916609764099121,11,-0.020358195528388023,maximum__sum_mod_10,-0.013420531526207924,0.012906264513731003,-0.026326796039938927
0.007901541888713837,-0.8455581665039062,False,family-00303,1.0,0.0,1.0,maximum,sum_mod_10,3,0.7423345446586609,13.144579887390137,11,-0.020358195528388023,maximum__sum_mod_10,-0.0018974337726831436,0.006004108116030693,-0.007901541888713837
0.2478252649307251,-0.8460190296173096,False,family-00303,0.5,0.0,0.5,minimum,sum_mod_10,0,0.39416414499282837,11.053442001342773,11,0.7557498011738062,minimum__sum_mod_10,0.2162647247314453,-0.031560540199279785,0.2478252649307251
0.1763733234256506,-0.7837369441986084,False,family-00303,0.5,0.0,0.5,minimum,sum_mod_10,1,0.2569325268268585,14.266060829162598,11,0.7557498011738062,minimum__sum_mod_10,0.1709497570991516,-0.005423566326498985,0.1763733234256506
0.1961384303867817,-1.1939668655395508,False,family-00303,0.5,0.0,0.5,minimum,sum_mod_10,2,0.15920788049697876,19.555988311767578,11,0.7557498011738062,minimum__sum_mod_10,0.2090446949005127,0.012906264513731003,0.1961384303867817
0.039093924686312675,-0.2981654405593872,False,family-00303,0.5,0.0,0.5,minimum,sum_mod_10,3,0.15094302594661713,25.878406524658203,11,0.7557498011738062,minimum__sum_mod_10,-0.03308981657028198,0.006004108116030693,-0.039093924686312675
0.0008356571197509766,0.26634836196899414,True,family-00304,0.5,0.0,0.5,maximum,minimum,0,0.4322285056114197,10.937758445739746,11,0.7243313789367676,maximum__minimum,0.05020934343338013,0.04937368631362915,0.0008356571197509766
1.0795080065727234,-0.08012831211090088,True,family-00304,0.5,0.0,0.5,maximum,minimum,1,0.5083562731742859,12.151327133178711,11,0.7243313789367676,maximum__minimum,0.8244211673736572,-0.25508683919906616,1.0795080065727234
0.08220023661851883,1.5082842111587524,True,family-00304,0.5,0.0,0.5,maximum,minimum,2,0.5147895812988281,13.37274169921875,11,0.7243313789367676,maximum__minimum,0.10352414846420288,0.02132391184568405,0.08220023661851883
0.24801021069288254,0.13433599472045898,True,family-00304,0.5,0.0,0.5,maximum,minimum,3,0.607040524482727,14.248916625976562,11,0.7243313789367676,maximum__minimum,0.2896122932434082,0.041602082550525665,0.24801021069288254
0.04437829926609993,-0.05862593650817871,False,family-00304,0.5,1.0,-0.5,maximum,sum_mod_10,0,0.4104515314102173,10.983036041259766,11,0.7923379689455032,maximum__sum_mod_10,0.05020934343338013,0.005831044167280197,0.04437829926609993
0.8270142674446106,-1.033742070198059,False,family-00304,0.5,1.0,-0.5,maximum,sum_mod_10,1,0.13099059462547302,16.26081657409668,11,0.7923379689455032,maximum__sum_mod_10,0.8244211673736572,-0.002593100070953369,0.8270142674446106
0.07495647296309471,1.8013684749603271,False,family-00304,0.5,1.0,-0.5,maximum,sum_mod_10,2,0.23954857885837555,18.532745361328125,11,0.7923379689455032,maximum__sum_mod_10,0.10352414846420288,0.02856767550110817,0.07495647296309471
0.2772243209183216,0.9815826416015625,False,family-00304,0.5,1.0,-0.5,maximum,sum_mod_10,3,0.3391583263874054,22.236501693725586,11,0.7923379689455032,maximum__sum_mod_10,0.2896122932434082,0.012387972325086594,0.2772243209183216
0.04354264214634895,-0.32497429847717285,False,family-00304,0.0,1.0,-1.0,minimum,sum_mod_10,0,0.49822738766670227,10.471382141113281,11,0.06800659000873566,minimum__sum_mod_10,0.04937368631362915,0.005831044167280197,0.04354264214634895
0.2524937391281128,-0.9536137580871582,False,family-00304,0.0,1.0,-1.0,minimum,sum_mod_10,1,0.4164046049118042,13.515524864196777,11,0.06800659000873566,minimum__sum_mod_10,-0.25508683919906616,-0.002593100070953369,-0.2524937391281128
0.007243763655424118,0.2930842638015747,False,family-00304,0.0,1.0,-1.0,minimum,sum_mod_10,2,0.4829275608062744,15.322115898132324,11,0.06800659000873566,minimum__sum_mod_10,0.02132391184568405,0.02856767550110817,-0.007243763655424118
0.02921411022543907,0.8472466468811035,False,family-00304,0.0,1.0,-1.0,minimum,sum_mod_10,3,0.5868543982505798,17.503353118896484,11,0.06800659000873566,minimum__sum_mod_10,0.041602082550525665,0.012387972325086594,0.02921411022543907
0.208540678024292,0.28565025329589844,True,family-00305,0.0,1.0,-1.0,maximum,minimum,0,0.5340574383735657,10.80225658416748,11,-0.06712859869003296,maximum__minimum,0.19958949089050293,0.4081301689147949,-0.208540678024292
0.6333397626876831,-0.08643889427185059,True,family-00305,0.0,1.0,-1.0,maximum,minimum,1,0.6297458410263062,10.45057487487793,11,-0.06712859869003296,maximum__minimum,0.6610466241836548,0.02770686149597168,0.6333397626876831
0.289459764957428,-0.13274157047271729,True,family-00305,0.0,1.0,-1.0,maximum,minimum,2,0.5034430027008057,12.82193374633789,11,-0.06712859869003296,maximum__minimum,0.038634538650512695,0.3280943036079407,-0.289459764957428
0.04890573024749756,-0.08275735378265381,True,family-00305,0.0,1.0,-1.0,maximum,minimum,3,0.19928407669067383,19.32630157470703,11,-0.06712859869003296,maximum__minimum,0.15234220027923584,0.2012479305267334,-0.04890573024749756
0.18642982468008995,-1.1538532972335815,False,family-00305,0.0,0.5,-0.5,maximum,sum_mod_10,0,0.46683332324028015,10.909135818481445,11,0.7379242926836014,maximum__sum_mod_10,0.19958949089050293,0.013159666210412979,0.18642982468008995
0.6907971650362015,-0.3997690677642822,False,family-00305,0.0,0.5,-0.5,maximum,sum_mod_10,1,0.41182443499565125,13.17894458770752,11,0.7379242926836014,maximum__sum_mod_10,0.6610466241836548,-0.029750540852546692,0.6907971650362015
0.014608645811676979,0.5943834781646729,False,family-00305,0.0,0.5,-0.5,maximum,sum_mod_10,2,0.40388062596321106,16.085119247436523,11,0.7379242926836014,maximum__sum_mod_10,0.038634538650512695,0.024025892838835716,0.014608645811676979
0.1459772177040577,0.212774395942688,False,family-00305,0.0,0.5,-0.5,maximum,sum_mod_10,3,0.5357184410095215,18.41033172607422,11,0.7379242926836014,maximum__sum_mod_10,0.15234220027923584,0.006364982575178146,0.1459772177040577
0.39497050270438194,-1.43950355052948,False,family-00305,1.0,0.5,0.5,minimum,sum_mod_10,0,0.5086272358894348,10.476393699645996,11,0.8050528913736343,minimum__sum_mod_10,0.4081301689147949,0.013159666210412979,0.39497050270438194
0.05745740234851837,-0.31333017349243164,False,family-00305,1.0,0.5,0.5,minimum,sum_mod_10,1,0.5004024505615234,12.52616024017334,11,0.8050528913736343,minimum__sum_mod_10,0.02770686149597168,-0.029750540852546692,0.05745740234851837
0.30406841076910496,0.7271250486373901,False,family-00305,1.0,0.5,0.5,minimum,sum_mod_10,2,0.5506364703178406,14.258034706115723,11,0.8050528913736343,minimum__sum_mod_10,0.3280943036079407,0.024025892838835716,0.30406841076910496
0.19488294795155525,0.2955317497253418,False,family-00305,1.0,0.5,0.5,minimum,sum_mod_10,3,0.5189926624298096,18.95981216430664,11,0.8050528913736343,minimum__sum_mod_10,0.2012479305267334,0.006364982575178146,0.19488294795155525
0.12028127908706665,-0.21074652671813965,True,family-00306,1.0,0.5,0.5,maximum,minimum,0,0.5816801190376282,9.665167808532715,11,-0.08739465475082397,maximum__minimum,0.04118388891220093,-0.07909739017486572,0.12028127908706665
0.201715350151062,0.43884992599487305,True,family-00306,1.0,0.5,0.5,maximum,minimum,1,0.5110087394714355,11.5320463180542,11,-0.08739465475082397,maximum__minimum,0.20638436079025269,0.004669010639190674,0.201715350151062
0.6627720594406128,0.4968985319137573,True,family-00306,1.0,0.5,0.5,maximum,minimum,2,0.4614330530166626,16.985570907592773,11,-0.08739465475082397,maximum__minimum,0.09959590435028076,0.7623679637908936,-0.6627720594406128
0.2725159227848053,-0.3860703706741333,True,family-00306,1.0,0.5,0.5,maximum,minimum,3,0.4545072019100189,20.62900161743164,11,-0.08739465475082397,maximum__minimum,0.32337453961372375,0.05085861682891846,0.2725159227848053
0.040076485835015774,0.814974308013916,False,family-00306,1.0,0.0,1.0,maximum,sum_mod_10,0,0.5050377249717712,10.91691780090332,11,0.7523191105574369,maximum__sum_mod_10,0.04118388891220093,0.001107403077185154,0.040076485835015774
0.21383347734808922,0.554856538772583,False,family-00306,1.0,0.0,1.0,maximum,sum_mod_10,1,0.3992483615875244,12.899136543273926,11,0.7523191105574369,maximum__sum_mod_10,0.20638436079025269,-0.007449116557836533,0.21383347734808922
0.16794227063655853,0.7715618014335632,False,family-00306,1.0,0.0,1.0,maximum,sum_mod_10,2,0.43817803263664246,16.02171516418457,11,0.7523191105574369,maximum__sum_mod_10,0.09959590435028076,-0.06834636628627777,0.16794227063655853
0.32218368723988533,-0.2701832056045532,False,family-00306,1.0,0.0,1.0,maximum,sum_mod_10,3,0.4301341474056244,19.210214614868164,11,0.7523191105574369,maximum__sum_mod_10,0.32337453961372375,0.0011908523738384247,0.32218368723988533
0.08020479325205088,1.0257208347320557,False,family-00306,0.5,0.0,0.5,minimum,sum_mod_10,0,0.6047700643539429,9.842427253723145,11,0.8397137653082609,minimum__sum_mod_10,-0.07909739017486572,0.001107403077185154,-0.08020479325205088
0.012118127197027206,0.11600661277770996,False,family-00306,0.5,0.0,0.5,minimum,sum_mod_10,1,0.4991314709186554,12.764762878417969,11,0.8397137653082609,minimum__sum_mod_10,0.004669010639190674,-0.007449116557836533,0.012118127197027206
0.8307143300771713,0.2746632695198059,False,family-00306,0.5,0.0,0.5,minimum,sum_mod_10,2,0.7550367116928101,12.38915729522705,11,0.8397137653082609,minimum__sum_mod_10,0.7623679637908936,-0.06834636628627777,0.8307143300771713
0.04966776445508003,0.11588716506958008,False,family-00306,0.5,0.0,0.5,minimum,sum_mod_10,3,0.8115413188934326,12.854320526123047,11,0.8397137653082609,minimum__sum_mod_10,0.05085861682891846,0.0011908523738384247,0.04966776445508003
0.23949917033314705,-0.45709383487701416,True,family-00307,0.5,0.0,0.5,maximum,minimum,0,0.7077773213386536,8.967923164367676,11,-0.6225406005978584,maximum__minimum,0.0046132393181324005,-0.23488593101501465,0.23949917033314705
0.17759523540735245,-1.12259840965271,True,family-00307,0.5,0.0,0.5,maximum,minimum,1,0.5655484795570374,10.710431098937988,11,-0.6225406005978584,maximum__minimum,-0.02191609889268875,0.1556791365146637,-0.17759523540735245
0.5716640334576368,0.8870927095413208,True,family-00307,0.5,0.0,0.5,maximum,minimum,2,0.24728700518608093,17.85848617553711,11,-0.6225406005978584,maximum__minimum,0.0022765416651964188,0.5739405751228333,-0.5716640334576368
0.24297462170943618,-1.108079195022583,True,family-00307,0.5,0.0,0.5,maximum,minimum,3,0.20237061381340027,21.422468185424805,11,-0.6225406005978584,maximum__minimum,0.0063162618316709995,0.24929088354110718,-0.24297462170943618
0.04146973416209221,-0.2615898847579956,False,family-00307,0.5,1.0,-0.5,maximum,sum_mod_10,0,0.49204564094543457,11.57028579711914,11,-0.09124737977981567,maximum__sum_mod_10,0.0046132393181324005,0.04608297348022461,-0.04146973416209221
0.04043229669332504,-0.9947503805160522,False,family-00307,0.5,1.0,-0.5,maximum,sum_mod_10,1,0.43130290508270264,13.292943000793457,11,-0.09124737977981567,maximum__sum_mod_10,-0.02191609889268875,0.01851619780063629,-0.04043229669332504
0.07883473671972752,0.6969581842422485,False,family-00307,0.5,1.0,-0.5,maximum,sum_mod_10,2,0.41018056869506836,17.12346649169922,11,-0.09124737977981567,maximum__sum_mod_10,0.0022765416651964188,-0.0765581950545311,0.07883473671972752
0.03650780161842704,-1.0253474712371826,False,family-00307,0.5,1.0,-0.5,maximum,sum_mod_10,3,0.6259071826934814,17.073116302490234,11,-0.09124737977981567,maximum__sum_mod_10,0.0063162618316709995,0.04282406345009804,-0.03650780161842704
0.28096890449523926,0.19550395011901855,False,family-00307,0.0,1.0,-1.0,minimum,sum_mod_10,0,0.566042959690094,10.68338680267334,11,0.5312932208180428,minimum__sum_mod_10,-0.23488593101501465,0.04608297348022461,-0.28096890449523926
0.1371629387140274,0.12784802913665771,False,family-00307,0.0,1.0,-1.0,minimum,sum_mod_10,1,0.631574273109436,10.688455581665039,11,0.5312932208180428,minimum__sum_mod_10,0.1556791365146637,0.01851619780063629,0.1371629387140274
0.6504987701773643,-0.19013452529907227,False,family-00307,0.0,1.0,-1.0,minimum,sum_mod_10,2,0.6075897216796875,15.171586990356445,11,0.5312932208180428,minimum__sum_mod_10,0.5739405751228333,-0.0765581950545311,0.6504987701773643
0.20646682009100914,0.08273172378540039,False,family-00307,0.0,1.0,-1.0,minimum,sum_mod_10,3,0.508847713470459,20.553909301757812,11,0.5312932208180428,minimum__sum_mod_10,0.24929088354110718,0.04282406345009804,0.20646682009100914
0.7159619685262442,0.21535587310791016,True,family-00308,0.0,1.0,-1.0,maximum,minimum,0,0.5517537593841553,9.970396041870117,11,0.8569791801273823,maximum__minimum,0.7216141223907471,0.005652153864502907,0.7159619685262442
0.8275715224444866,-0.14746248722076416,True,family-00308,0.0,1.0,-1.0,maximum,minimum,1,0.5046058893203735,10.244498252868652,11,0.8569791801273823,maximum__minimum,0.8178064227104187,-0.009765099734067917,0.8275715224444866
0.14711273554712534,0.2957792282104492,True,family-00308,0.0,1.0,-1.0,maximum,minimum,2,0.42021647095680237,13.326950073242188,11,0.8569791801273823,maximum__minimum,0.14482450485229492,-0.0022882306948304176,0.14711273554712534
0.47156428918242455,-0.12232315540313721,True,family-00308,0.0,1.0,-1.0,maximum,minimum,3,0.21237285435199738,20.52099609375,11,0.8569791801273823,maximum__minimum,0.46133410930633545,-0.010230179876089096,0.47156428918242455
0.8218457475304604,0.2790184020996094,False,family-00308,0.0,0.5,-0.5,maximum,sum_mod_10,0,0.6173703074455261,9.672333717346191,11,0.8191146329045296,maximum__sum_mod_10,0.7216141223907471,-0.10023162513971329,0.8218457475304604
0.810721006244421,-0.11232388019561768,False,family-00308,0.0,0.5,-0.5,maximum,sum_mod_10,1,0.5453811883926392,11.420368194580078,11,0.8191146329045296,maximum__sum_mod_10,0.8178064227104187,0.007085416465997696,0.810721006244421
0.1752340868115425,0.6432205438613892,False,family-00308,0.0,0.5,-0.5,maximum,sum_mod_10,2,0.41859349608421326,16.382343292236328,11,0.8191146329045296,maximum__sum_mod_10,0.14482450485229492,-0.03040958195924759,0.1752340868115425
0.4675293490290642,0.5886783599853516,False,family-00308,0.0,0.5,-0.5,maximum,sum_mod_10,3,0.3963196575641632,23.250057220458984,11,0.8191146329045296,maximum__sum_mod_10,0.46133410930633545,-0.006195239722728729,0.4675293490290642
0.1058837790042162,0.06366252899169922,False,family-00308,1.0,0.5,0.5,minimum,sum_mod_10,0,0.5455194115638733,10.573173522949219,11,-0.03786454722285271,minimum__sum_mod_10,0.005652153864502907,-0.10023162513971329,0.1058837790042162
0.016850516200065613,0.035138607025146484,False,family-00308,1.0,0.5,0.5,minimum,sum_mod_10,1,0.5659694075584412,11.357361793518066,11,-0.03786454722285271,minimum__sum_mod_10,-0.009765099734067917,0.007085416465997696,-0.016850516200065613
0.02812135126441717,0.34744131565093994,False,family-00308,1.0,0.5,0.5,minimum,sum_mod_10,2,0.5463988780975342,13.924453735351562,11,-0.03786454722285271,minimum__sum_mod_10,-0.0022882306948304176,-0.03040958195924759,0.02812135126441717
0.004034940153360367,0.7110015153884888,False,family-00308,1.0,0.5,0.5,minimum,sum_mod_10,3,0.4994407892227173,20.14394760131836,11,-0.03786454722285271,minimum__sum_mod_10,-0.010230179876089096,-0.006195239722728729,-0.004034940153360367
0.16671985387802124,-0.9318382740020752,True,family-00309,1.0,0.5,0.5,maximum,minimum,0,0.4705045223236084,11.229620933532715,11,0.15289795398712158,maximum__minimum,0.22656744718551636,0.3932873010635376,-0.16671985387802124
0.37382030487060547,-0.10440361499786377,True,family-00309,1.0,0.5,0.5,maximum,minimum,1,0.4169231057167053,11.787737846374512,11,0.15289795398712158,maximum__minimum,0.568599283695221,0.19477897882461548,0.37382030487060547
0.34466055035591125,0.3653905391693115,True,family-00309,1.0,0.5,0.5,maximum,minimum,2,0.15789222717285156,17.737403869628906,11,0.15289795398712158,maximum__minimum,0.7583361864089966,0.4136756360530853,0.34466055035591125
0.26142632961273193,-0.3113809823989868,True,family-00309,1.0,0.5,0.5,maximum,minimum,3,0.12441393733024597,24.705820083618164,11,0.15289795398712158,maximum__minimum,0.2312437891960144,-0.03018254041671753,0.26142632961273193
0.3734802007675171,-1.2560787200927734,False,family-00309,1.0,0.0,1.0,maximum,sum_mod_10,0,0.41947034001350403,12.293120384216309,11,0.38884639739990234,maximum__sum_mod_10,0.22656744718551636,-0.14691275358200073,0.3734802007675171
0.6027097105979919,-0.6422889232635498,False,family-00309,1.0,0.0,1.0,maximum,sum_mod_10,1,0.4231572151184082,12.478355407714844,11,0.38884639739990234,maximum__sum_mod_10,0.568599283695221,-0.034110426902770996,0.6027097105979919
0.8075264096260071,-0.28931164741516113,False,family-00309,1.0,0.0,1.0,maximum,sum_mod_10,2,0.07286306470632553,20.393014907836914,11,0.38884639739990234,maximum__sum_mod_10,0.7583361864089966,-0.0491902232170105,0.8075264096260071
0.09257912635803223,-0.10033261775970459,False,family-00309,1.0,0.0,1.0,maximum,sum_mod_10,3,0.2607608437538147,25.09807586669922,11,0.38884639739990234,maximum__sum_mod_10,0.2312437891960144,0.32382291555404663,-0.09257912635803223
0.5402000546455383,-0.32424044609069824,False,family-00309,0.5,0.0,0.5,minimum,sum_mod_10,0,0.34718477725982666,12.734427452087402,11,0.23594844341278076,minimum__sum_mod_10,0.3932873010635376,-0.14691275358200073,0.5402000546455383
0.22888940572738647,-0.537885308265686,False,family-00309,0.5,0.0,0.5,minimum,sum_mod_10,1,0.46374353766441345,12.129945755004883,11,0.23594844341278076,minimum__sum_mod_10,0.19477897882461548,-0.034110426902770996,0.22888940572738647
0.4628658592700958,-0.6547021865844727,False,family-00309,0.5,0.0,0.5,minimum,sum_mod_10,2,0.5467294454574585,13.449440956115723,11,0.23594844341278076,minimum__sum_mod_10,0.4136756360530853,-0.0491902232170105,0.4628658592700958
0.35400545597076416,0.21104836463928223,False,family-00309,0.5,0.0,0.5,minimum,sum_mod_10,3,0.6213837265968323,16.60361671447754,11,0.23594844341278076,minimum__sum_mod_10,-0.03018254041671753,0.32382291555404663,-0.35400545597076416
0.2203049659729004,-0.2927117347717285,True,family-00310,0.5,0.0,0.5,maximum,minimum,0,0.5962251424789429,9.403121948242188,11,-0.17359846830368042,maximum__minimum,0.1637789011001587,-0.0565260648727417,0.2203049659729004
0.6082625985145569,-0.6056104302406311,True,family-00310,0.5,0.0,0.5,maximum,minimum,1,0.30832359194755554,12.077018737792969,11,-0.17359846830368042,maximum__minimum,0.619597315788269,0.011334717273712158,0.6082625985145569
0.6112706661224365,1.9785867929458618,True,family-00310,0.5,0.0,0.5,maximum,minimum,2,0.035865768790245056,18.96271514892578,11,-0.17359846830368042,maximum__minimum,0.12522757053375244,0.736498236656189,-0.6112706661224365
0.21288669109344482,-0.7014834880828857,True,family-00310,0.5,0.0,0.5,maximum,minimum,3,0.13467644155025482,23.87470054626465,11,-0.17359846830368042,maximum__minimum,0.25736504793167114,0.04447835683822632,0.21288669109344482
0.19716715067625046,0.10654640197753906,False,family-00310,0.5,1.0,-0.5,maximum,sum_mod_10,0,0.51749187707901,10.478214263916016,11,0.5903752595186234,maximum__sum_mod_10,0.1637789011001587,-0.033388249576091766,0.19716715067625046
0.5720846243202686,-0.566483199596405,False,family-00310,0.5,1.0,-0.5,maximum,sum_mod_10,1,0.2030242532491684,13.419938087463379,11,0.5903752595186234,maximum__sum_mod_10,0.619597315788269,0.04751269146800041,0.5720846243202686
0.16318568587303162,1.8885891437530518,False,family-00310,0.5,1.0,-0.5,maximum,sum_mod_10,2,0.3439233601093292,17.897415161132812,11,0.5903752595186234,maximum__sum_mod_10,0.12522757053375244,-0.037958115339279175,0.16318568587303162
0.22684786096215248,-0.5387732982635498,False,family-00310,0.5,1.0,-0.5,maximum,sum_mod_10,3,0.49063917994499207,20.233501434326172,11,0.5903752595186234,maximum__sum_mod_10,0.25736504793167114,0.03051718696951866,0.22684786096215248
0.023137815296649933,0.3992581367492676,False,family-00310,0.0,1.0,-1.0,minimum,sum_mod_10,0,0.6108798980712891,9.217930793762207,11,0.7639737278223038,minimum__sum_mod_10,-0.0565260648727417,-0.033388249576091766,-0.023137815296649933
0.036177974194288254,0.039127230644226074,False,family-00310,0.0,1.0,-1.0,minimum,sum_mod_10,1,0.4591093063354492,12.022621154785156,11,0.7639737278223038,minimum__sum_mod_10,0.011334717273712158,0.04751269146800041,-0.036177974194288254
0.7744563519954681,-0.08999764919281006,False,family-00310,0.0,1.0,-1.0,minimum,sum_mod_10,2,0.5721033811569214,16.367185592651367,11,0.7639737278223038,minimum__sum_mod_10,0.736498236656189,-0.037958115339279175,0.7744563519954681
0.013961169868707657,0.16271018981933594,False,family-00310,0.0,1.0,-1.0,minimum,sum_mod_10,3,0.5233701467514038,21.6619930267334,11,0.7639737278223038,minimum__sum_mod_10,0.04447835683822632,0.03051718696951866,0.013961169868707657
0.10661852359771729,0.10788261890411377,True,family-00311,0.0,1.0,-1.0,maximum,minimum,0,0.5415962934494019,9.828757286071777,11,0.20798110961914062,maximum__minimum,0.06663870811462402,0.1732572317123413,-0.10661852359771729
0.8557518124580383,-0.6787276268005371,True,family-00311,0.0,1.0,-1.0,maximum,minimum,1,0.492399662733078,10.750415802001953,11,0.20798110961914062,maximum__minimum,0.8351114392280579,-0.02064037322998047,0.8557518124580383
0.4937818646430969,0.9913028478622437,True,family-00311,0.0,1.0,-1.0,maximum,minimum,2,0.29940176010131836,15.162610054016113,11,0.20798110961914062,maximum__minimum,0.06495100259780884,0.5587328672409058,-0.4937818646430969
0.05088227987289429,0.6841678619384766,True,family-00311,0.0,1.0,-1.0,maximum,minimum,3,0.17514003813266754,22.497102737426758,11,0.20798110961914062,maximum__minimum,0.18722838163375854,0.13634610176086426,0.05088227987289429
0.06794587895274162,-0.36236584186553955,False,family-00311,0.0,0.5,-0.5,maximum,sum_mod_10,0,0.5734578371047974,10.578777313232422,11,0.8404848296195269,maximum__sum_mod_10,0.06663870811462402,-0.0013071708381175995,0.06794587895274162
0.8437205273658037,-0.49378275871276855,False,family-00311,0.0,0.5,-0.5,maximum,sum_mod_10,1,0.4842311441898346,12.817946434020996,11,0.8404848296195269,maximum__sum_mod_10,0.8351114392280579,-0.008609088137745857,0.8437205273658037
0.08478840440511703,1.4609838128089905,False,family-00311,0.0,0.5,-0.5,maximum,sum_mod_10,2,0.4192867577075958,17.15659523010254,11,0.8404848296195269,maximum__sum_mod_10,0.06495100259780884,-0.019837401807308197,0.08478840440511703
0.18266809405758977,0.7419865131378174,False,family-00311,0.0,0.5,-0.5,maximum,sum_mod_10,3,0.5345093607902527,19.87551498413086,11,0.8404848296195269,maximum__sum_mod_10,0.18722838163375854,0.0045602875761687756,0.18266809405758977
0.1745644025504589,-0.4702484607696533,False,family-00311,1.0,0.5,0.5,minimum,sum_mod_10,0,0.4498494863510132,11.167737007141113,11,0.6325037200003862,minimum__sum_mod_10,0.1732572317123413,-0.0013071708381175995,0.1745644025504589
0.012031285092234612,0.18494486808776855,False,family-00311,1.0,0.5,0.5,minimum,sum_mod_10,1,0.5591691732406616,11.299266815185547,11,0.6325037200003862,minimum__sum_mod_10,-0.02064037322998047,-0.008609088137745857,-0.012031285092234612
0.578570269048214,0.4696809649467468,False,family-00311,1.0,0.5,0.5,minimum,sum_mod_10,2,0.6334620714187622,14.057283401489258,11,0.6325037200003862,minimum__sum_mod_10,0.5587328672409058,-0.019837401807308197,0.578570269048214
0.13178581418469548,0.05781865119934082,False,family-00311,1.0,0.5,0.5,minimum,sum_mod_10,3,0.5520952939987183,20.065210342407227,11,0.6325037200003862,minimum__sum_mod_10,0.13634610176086426,0.0045602875761687756,0.13178581418469548
0.10795240104198456,-0.34992218017578125,True,family-00312,1.0,0.5,0.5,maximum,minimum,0,0.549067497253418,10.368574142456055,11,-0.3723176121711731,maximum__minimum,0.0062672048807144165,0.11421960592269897,-0.10795240104198456
0.007625490427017212,1.005868673324585,True,family-00312,1.0,0.5,0.5,maximum,minimum,1,0.491336852312088,10.969416618347168,11,-0.3723176121711731,maximum__minimum,0.04613247513771057,0.03850698471069336,0.007625490427017212
0.08926242589950562,0.8798017501831055,True,family-00312,1.0,0.5,0.5,maximum,minimum,2,0.41550326347351074,14.99717903137207,11,-0.3723176121711731,maximum__minimum,0.06319504976272583,0.15245747566223145,-0.08926242589950562
0.15985333919525146,0.40972137451171875,True,family-00312,1.0,0.5,0.5,maximum,minimum,3,0.42626050114631653,19.812515258789062,11,-0.3723176121711731,maximum__minimum,0.15342718362808228,-0.0064261555671691895,0.15985333919525146
0.053004372864961624,0.3807647228240967,False,family-00312,1.0,0.0,1.0,maximum,sum_mod_10,0,0.48117396235466003,10.961831092834473,11,0.13210086524486542,maximum__sum_mod_10,0.0062672048807144165,0.05927157774567604,-0.053004372864961624
0.03749118000268936,0.37516069412231445,False,family-00312,1.0,0.0,1.0,maximum,sum_mod_10,1,0.3954889476299286,12.303780555725098,11,0.13210086524486542,maximum__sum_mod_10,0.04613247513771057,0.00864129513502121,0.03749118000268936
0.05306990444660187,0.4170495271682739,False,family-00312,1.0,0.0,1.0,maximum,sum_mod_10,2,0.44742459058761597,15.651591300964355,11,0.13210086524486542,maximum__sum_mod_10,0.06319504976272583,0.010125145316123962,0.05306990444660187
0.14944205433130264,-0.06813931465148926,False,family-00312,1.0,0.0,1.0,maximum,sum_mod_10,3,0.5694361925125122,17.5922908782959,11,0.13210086524486542,maximum__sum_mod_10,0.15342718362808228,0.003985129296779633,0.14944205433130264
0.054948028177022934,0.7306869029998779,False,family-00312,0.5,0.0,0.5,minimum,sum_mod_10,0,0.4709843099117279,11.203322410583496,11,0.5044184774160385,minimum__sum_mod_10,0.11421960592269897,0.05927157774567604,0.054948028177022934
0.02986568957567215,-0.6307079792022705,False,family-00312,0.5,0.0,0.5,minimum,sum_mod_10,1,0.5015010833740234,11.547831535339355,11,0.5044184774160385,minimum__sum_mod_10,0.03850698471069336,0.00864129513502121,0.02986568957567215
0.14233233034610748,-0.46275222301483154,False,family-00312,0.5,0.0,0.5,minimum,sum_mod_10,2,0.6541250348091125,12.82800579071045,11,0.5044184774160385,minimum__sum_mod_10,0.15245747566223145,0.010125145316123962,0.14233233034610748
0.010411284863948822,-0.477860689163208,False,family-00312,0.5,0.0,0.5,minimum,sum_mod_10,3,0.7359293699264526,14.683337211608887,11,0.5044184774160385,minimum__sum_mod_10,-0.0064261555671691895,0.003985129296779633,-0.010411284863948822
0.09869536757469177,-0.7261040210723877,True,family-00313,0.5,0.0,0.5,maximum,minimum,0,0.4875566065311432,10.150484085083008,11,0.220075786113739,maximum__minimum,0.1771303415298462,0.27582570910453796,-0.09869536757469177
0.3384339511394501,-0.04157900810241699,True,family-00313,0.5,0.0,0.5,maximum,minimum,1,0.46161124110221863,11.660237312316895,11,0.220075786113739,maximum__minimum,0.4059350788593292,0.06750112771987915,0.3384339511394501
0.2951948642730713,1.6753367185592651,True,family-00313,0.5,0.0,0.5,maximum,minimum,2,0.3221399188041687,14.992646217346191,11,0.220075786113739,maximum__minimum,0.022557377815246582,0.31775224208831787,-0.2951948642730713
0.07595556974411011,-0.5279929637908936,True,family-00313,0.5,0.0,0.5,maximum,minimum,3,0.3308730125427246,18.8757381439209,11,0.220075786113739,maximum__minimum,0.18258845806121826,0.10663288831710815,0.07595556974411011
0.18460863456130028,-0.7532510757446289,False,family-00313,0.5,1.0,-0.5,maximum,sum_mod_10,0,0.37908127903938293,11.35441780090332,11,0.6942912638187408,maximum__sum_mod_10,0.1771303415298462,-0.007478293031454086,0.18460863456130028
0.40318211913108826,-0.6494872570037842,False,family-00313,0.5,1.0,-0.5,maximum,sum_mod_10,1,0.09080295264720917,15.736140251159668,11,0.6942912638187408,maximum__sum_mod_10,0.4059350788593292,0.002752959728240967,0.40318211913108826
0.05333426594734192,1.4933905601501465,False,family-00313,0.5,1.0,-0.5,maximum,sum_mod_10,2,0.2646946310997009,17.14873504638672,11,0.6942912638187408,maximum__sum_mod_10,0.022557377815246582,-0.030776888132095337,0.05333426594734192
0.16839836724102497,0.557787299156189,False,family-00313,0.5,1.0,-0.5,maximum,sum_mod_10,3,0.5892835855484009,18.100507736206055,11,0.6942912638187408,maximum__sum_mod_10,0.18258845806121826,0.01419009082019329,0.16839836724102497
0.28330400213599205,-0.02714705467224121,False,family-00313,0.0,1.0,-1.0,minimum,sum_mod_10,0,0.4494752287864685,11.226019859313965,11,0.47421547770500183,minimum__sum_mod_10,0.27582570910453796,-0.007478293031454086,0.28330400213599205
0.06474816799163818,-0.6079082489013672,False,family-00313,0.0,1.0,-1.0,minimum,sum_mod_10,1,0.46405228972435,13.237688064575195,11,0.47421547770500183,minimum__sum_mod_10,0.06750112771987915,0.002752959728240967,0.06474816799163818
0.3485291302204132,-0.18194615840911865,False,family-00313,0.0,1.0,-1.0,minimum,sum_mod_10,2,0.308053195476532,18.329425811767578,11,0.47421547770500183,minimum__sum_mod_10,0.31775224208831787,-0.030776888132095337,0.3485291302204132
0.09244279749691486,1.0857802629470825,False,family-00313,0.0,1.0,-1.0,minimum,sum_mod_10,3,0.41974812746047974,22.01283073425293,11,0.47421547770500183,minimum__sum_mod_10,0.10663288831710815,0.01419009082019329,0.09244279749691486
0.05468350648880005,0.41683900356292725,True,family-00314,0.0,1.0,-1.0,maximum,minimum,0,0.5267149806022644,10.249167442321777,11,0.2548844814300537,maximum__minimum,0.026738286018371582,0.08142179250717163,-0.05468350648880005
0.5613193511962891,-0.37238752841949463,True,family-00314,0.0,1.0,-1.0,maximum,minimum,1,0.5403556823730469,10.455975532531738,11,0.2548844814300537,maximum__minimum,0.8218629956245422,0.2605436444282532,0.5613193511962891
0.039388418197631836,1.0555286407470703,True,family-00314,0.0,1.0,-1.0,maximum,minimum,2,0.2638418674468994,14.55189037322998,11,0.2548844814300537,maximum__minimum,0.06897729635238647,0.02958887815475464,0.039388418197631836
0.22319114208221436,-0.4047987461090088,True,family-00314,0.0,1.0,-1.0,maximum,minimum,3,0.26309531927108765,22.92763328552246,11,0.2548844814300537,maximum__minimum,0.25726133584976196,0.03407019376754761,0.22319114208221436
0.03733634203672409,-0.24341726303100586,False,family-00314,0.0,0.5,-0.5,maximum,sum_mod_10,0,0.5252261161804199,10.287423133850098,11,0.8294694647192955,maximum__sum_mod_10,0.026738286018371582,-0.010598056018352509,0.03733634203672409
0.8111935816705227,-0.44908905029296875,False,family-00314,0.0,0.5,-0.5,maximum,sum_mod_10,1,0.17570778727531433,15.35554027557373,11,0.8294694647192955,maximum__sum_mod_10,0.8218629956245422,0.010669413954019547,0.8111935816705227
0.12851745635271072,1.101573646068573,False,family-00314,0.0,0.5,-0.5,maximum,sum_mod_10,2,0.1726331263780594,19.086748123168945,11,0.8294694647192955,maximum__sum_mod_10,0.06897729635238647,-0.05954016000032425,0.12851745635271072
0.26430825889110565,-0.31233716011047363,False,family-00314,0.0,0.5,-0.5,maximum,sum_mod_10,3,0.36366012692451477,24.547765731811523,11,0.8294694647192955,maximum__sum_mod_10,0.25726133584976196,-0.007046923041343689,0.26430825889110565
0.09201984852552414,-0.6602562665939331,False,family-00314,1.0,0.5,0.5,minimum,sum_mod_10,0,0.3859890401363373,11.549863815307617,11,0.5745849832892418,minimum__sum_mod_10,0.08142179250717163,-0.010598056018352509,0.09201984852552414
0.24987423047423363,-0.07670152187347412,False,family-00314,1.0,0.5,0.5,minimum,sum_mod_10,1,0.28148695826530457,14.017707824707031,11,0.5745849832892418,minimum__sum_mod_10,0.2605436444282532,0.010669413954019547,0.24987423047423363
0.08912903815507889,0.046045005321502686,False,family-00314,1.0,0.5,0.5,minimum,sum_mod_10,2,0.2631915807723999,17.71449851989746,11,0.5745849832892418,minimum__sum_mod_10,0.02958887815475464,-0.05954016000032425,0.08912903815507889
0.041117116808891296,0.09246158599853516,False,family-00314,1.0,0.5,0.5,minimum,sum_mod_10,3,0.5075986981391907,20.17795753479004,11,0.5745849832892418,minimum__sum_mod_10,0.03407019376754761,-0.007046923041343689,0.041117116808891296
0.048393331468105316,0.6345155239105225,True,family-00315,1.0,0.5,0.5,maximum,minimum,0,0.4966531991958618,10.009575843811035,11,0.8719964772462845,maximum__minimum,0.04871499538421631,0.00032166391611099243,0.048393331468105316
0.07562524825334549,0.4220527410507202,True,family-00315,1.0,0.5,0.5,maximum,minimum,1,0.5785915851593018,9.404138565063477,11,0.8719964772462845,maximum__minimum,0.09777885675430298,0.02215360850095749,0.07562524825334549
0.6807484067976475,-0.19548934698104858,True,family-00315,1.0,0.5,0.5,maximum,minimum,2,0.36406177282333374,12.819262504577637,11,0.8719964772462845,maximum__minimum,0.7040168642997742,0.023268457502126694,0.6807484067976475
0.14043616503477097,-0.4853912591934204,True,family-00315,1.0,0.5,0.5,maximum,minimum,3,0.03465835750102997,23.75415802001953,11,0.8719964772462845,maximum__minimum,0.13804149627685547,-0.002394668757915497,0.14043616503477097
0.06300170719623566,0.07578229904174805,False,family-00315,1.0,0.0,1.0,maximum,sum_mod_10,0,0.30737149715423584,12.294282913208008,11,0.7985555231571198,maximum__sum_mod_10,0.04871499538421631,-0.014286711812019348,0.06300170719623566
0.0011577606201171875,-1.2987499237060547,False,family-00315,1.0,0.0,1.0,maximum,sum_mod_10,1,0.3948040306568146,12.762868881225586,11,0.7985555231571198,maximum__sum_mod_10,0.09777885675430298,0.09893661737442017,-0.0011577606201171875
0.6890109330415726,-1.0219101309776306,False,family-00315,1.0,0.0,1.0,maximum,sum_mod_10,2,0.415257066488266,15.263744354248047,11,0.7985555231571198,maximum__sum_mod_10,0.7040168642997742,0.015005931258201599,0.6890109330415726
0.12135776877403259,-1.1485884189605713,False,family-00315,1.0,0.0,1.0,maximum,sum_mod_10,3,0.46962839365005493,20.278993606567383,11,0.7985555231571198,maximum__sum_mod_10,0.13804149627685547,0.016683727502822876,0.12135776877403259
0.01460837572813034,-0.5587332248687744,False,family-00315,0.5,0.0,0.5,minimum,sum_mod_10,0,0.3308151066303253,12.810306549072266,11,-0.07344095408916473,minimum__sum_mod_10,0.00032166391611099243,-0.014286711812019348,0.01460837572813034
0.07678300887346268,-1.720802664756775,False,family-00315,0.5,0.0,0.5,minimum,sum_mod_10,1,0.29218387603759766,13.695687294006348,11,-0.07344095408916473,minimum__sum_mod_10,0.02215360850095749,0.09893661737442017,-0.07678300887346268
0.008262526243925095,-0.826420783996582,False,family-00315,0.5,0.0,0.5,minimum,sum_mod_10,2,0.4495759606361389,13.906105041503906,11,-0.07344095408916473,minimum__sum_mod_10,0.023268457502126694,0.015005931258201599,0.008262526243925095
0.019078396260738373,-0.6631971597671509,False,family-00315,0.5,0.0,0.5,minimum,sum_mod_10,3,0.263602077960968,19.644094467163086,11,-0.07344095408916473,minimum__sum_mod_10,-0.002394668757915497,0.016683727502822876,-0.019078396260738373
0.4409801959991455,-0.39280033111572266,True,family-00316,0.5,0.0,0.5,maximum,minimum,0,0.667490541934967,9.298527717590332,11,-0.2567393481731415,maximum__minimum,-0.10713908076286316,0.33384111523628235,-0.4409801959991455
0.1649094969034195,-1.4233288168907166,True,family-00316,0.5,0.0,0.5,maximum,minimum,1,0.3207985460758209,13.598580360412598,11,-0.2567393481731415,maximum__minimum,0.14874519407749176,-0.016164302825927734,0.1649094969034195
0.0986098051071167,0.8247665166854858,True,family-00316,0.5,0.0,0.5,maximum,minimum,2,0.06249558925628662,19.515256881713867,11,-0.2567393481731415,maximum__minimum,-0.10196107625961304,-0.003351271152496338,-0.0986098051071167
0.13568899035453796,-1.0897126197814941,True,family-00316,0.5,0.0,0.5,maximum,minimum,3,0.16501861810684204,22.249181747436523,11,-0.2567393481731415,maximum__minimum,0.2173517644405365,0.08166277408599854,0.13568899035453796
0.17345395684242249,-1.0436081886291504,False,family-00316,0.5,1.0,-0.5,maximum,sum_mod_10,0,0.6367123126983643,9.545820236206055,11,0.2345145046710968,maximum__sum_mod_10,-0.10713908076286316,0.06631487607955933,-0.17345395684242249
0.27583029866218567,-0.9467195868492126,False,family-00316,0.5,1.0,-0.5,maximum,sum_mod_10,1,0.3908712565898895,12.093208312988281,11,0.2345145046710968,maximum__sum_mod_10,0.14874519407749176,-0.1270851045846939,0.27583029866218567
0.13905443251132965,0.6161808967590332,False,family-00316,0.5,1.0,-0.5,maximum,sum_mod_10,2,0.4674549102783203,13.641510009765625,11,0.2345145046710968,maximum__sum_mod_10,-0.10196107625961304,0.037093356251716614,-0.13905443251132965
0.2845807671546936,-0.7303512096405029,False,family-00316,0.5,1.0,-0.5,maximum,sum_mod_10,3,0.5551774501800537,15.292389869689941,11,0.2345145046710968,maximum__sum_mod_10,0.2173517644405365,-0.0672290027141571,0.2845807671546936
0.267526239156723,-0.6508078575134277,False,family-00316,0.0,1.0,-1.0,minimum,sum_mod_10,0,0.4928027093410492,10.592458724975586,11,0.4912538528442383,minimum__sum_mod_10,0.33384111523628235,0.06631487607955933,0.267526239156723
0.11092080175876617,0.4766092300415039,False,family-00316,0.0,1.0,-1.0,minimum,sum_mod_10,1,0.35457563400268555,12.58145809173584,11,0.4912538528442383,minimum__sum_mod_10,-0.016164302825927734,-0.1270851045846939,0.11092080175876617
0.04044462740421295,-0.20858561992645264,False,family-00316,0.0,1.0,-1.0,minimum,sum_mod_10,2,0.3172888457775116,16.39056396484375,11,0.4912538528442383,minimum__sum_mod_10,-0.003351271152496338,0.037093356251716614,-0.04044462740421295
0.14889177680015564,0.3593614101409912,False,family-00316,0.0,1.0,-1.0,minimum,sum_mod_10,3,0.22731615602970123,21.837480545043945,11,0.4912538528442383,minimum__sum_mod_10,0.08166277408599854,-0.0672290027141571,0.14889177680015564
0.015124179422855377,0.27579379081726074,True,family-00317,0.0,1.0,-1.0,maximum,minimum,0,0.5223990082740784,9.829658508300781,11,0.7949550524353981,maximum__minimum,0.017760813236236572,0.002636633813381195,0.015124179422855377
0.8246967270970345,-0.2931774854660034,True,family-00317,0.0,1.0,-1.0,maximum,minimum,1,0.5166282653808594,11.96796703338623,11,0.7949550524353981,maximum__minimum,0.8161378502845764,-0.008558876812458038,0.8246967270970345
0.04201733320951462,1.3864038586616516,True,family-00317,0.0,1.0,-1.0,maximum,minimum,2,0.2794761657714844,16.460647583007812,11,0.7949550524353981,maximum__minimum,0.007272005081176758,0.049289338290691376,-0.04201733320951462
0.12491738051176071,0.6086173057556152,True,family-00317,0.0,1.0,-1.0,maximum,minimum,3,0.03119518980383873,24.364633560180664,11,0.7949550524353981,maximum__minimum,0.09739363193511963,-0.027523748576641083,0.12491738051176071
0.037577949464321136,0.060271263122558594,False,family-00317,0.0,0.5,-0.5,maximum,sum_mod_10,0,0.6278512477874756,9.11002254486084,11,0.8843281790614128,maximum__sum_mod_10,0.017760813236236572,-0.019817136228084564,0.037577949464321136
0.8726821467280388,-0.607670783996582,False,family-00317,0.0,0.5,-0.5,maximum,sum_mod_10,1,0.3696875274181366,14.412254333496094,11,0.8843281790614128,maximum__sum_mod_10,0.8161378502845764,-0.05654429644346237,0.8726821467280388
0.022216182202100754,1.4669370651245117,False,family-00317,0.0,0.5,-0.5,maximum,sum_mod_10,2,0.36113157868385315,18.03764533996582,11,0.8843281790614128,maximum__sum_mod_10,0.007272005081176758,-0.014944177120923996,0.022216182202100754
0.08502566628158092,0.7022709846496582,False,family-00317,0.0,0.5,-0.5,maximum,sum_mod_10,3,0.40021374821662903,22.6951961517334,11,0.8843281790614128,maximum__sum_mod_10,0.09739363193511963,0.012367965653538704,0.08502566628158092
0.02245377004146576,-0.21552252769470215,False,family-00317,1.0,0.5,0.5,minimum,sum_mod_10,0,0.44944116473197937,10.415582656860352,11,0.08937312662601471,minimum__sum_mod_10,0.002636633813381195,-0.019817136228084564,0.02245377004146576
0.047985419631004333,-0.3144932985305786,False,family-00317,1.0,0.5,0.5,minimum,sum_mod_10,1,0.5070973634719849,12.484847068786621,11,0.08937312662601471,minimum__sum_mod_10,-0.008558876812458038,-0.05654429644346237,0.047985419631004333
0.06423351541161537,0.08053320646286011,False,family-00317,1.0,0.5,0.5,minimum,sum_mod_10,2,0.5840537548065186,14.29397201538086,11,0.08937312662601471,minimum__sum_mod_10,0.049289338290691376,-0.014944177120923996,0.06423351541161537
0.03989171423017979,0.09365367889404297,False,family-00317,1.0,0.5,0.5,minimum,sum_mod_10,3,0.6292787194252014,18.113290786743164,11,0.08937312662601471,minimum__sum_mod_10,-0.027523748576641083,0.012367965653538704,-0.03989171423017979
0.2770351469516754,0.5569057464599609,True,family-00318,1.0,0.5,0.5,maximum,minimum,0,0.47014379501342773,9.371050834655762,11,0.20968329906463623,maximum__minimum,0.12802177667617798,0.4050569236278534,-0.2770351469516754
0.6529116034507751,0.06316125392913818,True,family-00318,1.0,0.5,0.5,maximum,minimum,1,0.4645639955997467,10.401205062866211,11,0.20968329906463623,maximum__minimum,0.7793061137199402,0.12639451026916504,0.6529116034507751
0.03959926962852478,0.8942903280258179,True,family-00318,1.0,0.5,0.5,maximum,minimum,2,0.232462540268898,15.733044624328613,11,0.20968329906463623,maximum__minimum,0.24459844827651978,0.28419771790504456,-0.03959926962852478
0.03659409284591675,-0.6699550151824951,True,family-00318,1.0,0.5,0.5,maximum,minimum,3,0.18327592313289642,22.98399543762207,11,0.20968329906463623,maximum__minimum,0.06377536058425903,0.10036945343017578,-0.03659409284591675
0.09563598036766052,-0.2255260944366455,False,family-00318,1.0,0.0,1.0,maximum,sum_mod_10,0,0.2503235340118408,10.874094009399414,11,0.8876487426459789,maximum__sum_mod_10,0.12802177667617798,0.032385796308517456,0.09563598036766052
0.7611812464892864,-0.5662679672241211,False,family-00318,1.0,0.0,1.0,maximum,sum_mod_10,1,0.18601736426353455,12.611475944519043,11,0.8876487426459789,maximum__sum_mod_10,0.7793061137199402,0.018124867230653763,0.7611812464892864
0.22601261362433434,0.49301135540008545,False,family-00318,1.0,0.0,1.0,maximum,sum_mod_10,2,0.32567286491394043,15.776217460632324,11,0.8876487426459789,maximum__sum_mod_10,0.24459844827651978,0.01858583465218544,0.22601261362433434
0.07807444408535957,-0.6108670234680176,False,family-00318,1.0,0.0,1.0,maximum,sum_mod_10,3,0.3360562324523926,22.585186004638672,11,0.8876487426459789,maximum__sum_mod_10,0.06377536058425903,-0.01429908350110054,0.07807444408535957
0.37267112731933594,-0.7824318408966064,False,family-00318,0.5,0.0,0.5,minimum,sum_mod_10,0,0.3901553750038147,11.023270606994629,11,0.6779654435813427,minimum__sum_mod_10,0.4050569236278534,0.032385796308517456,0.37267112731933594
0.10826964303851128,-0.6294292211532593,False,family-00318,0.5,0.0,0.5,minimum,sum_mod_10,1,0.4032815396785736,11.924164772033691,11,0.6779654435813427,minimum__sum_mod_10,0.12639451026916504,0.018124867230653763,0.10826964303851128
0.2656118832528591,-0.4012789726257324,False,family-00318,0.5,0.0,0.5,minimum,sum_mod_10,2,0.4377657473087311,14.567821502685547,11,0.6779654435813427,minimum__sum_mod_10,0.28419771790504456,0.01858583465218544,0.2656118832528591
0.11466853693127632,0.05908799171447754,False,family-00318,0.5,0.0,0.5,minimum,sum_mod_10,3,0.44193732738494873,17.478519439697266,11,0.6779654435813427,minimum__sum_mod_10,0.10036945343017578,-0.01429908350110054,0.11466853693127632
0.24445533752441406,0.46552038192749023,True,family-00319,0.5,0.0,0.5,maximum,minimum,0,0.5060787200927734,10.468713760375977,11,-0.1127711832523346,maximum__minimum,0.10821026563644409,0.35266560316085815,-0.24445533752441406
0.018275320529937744,-0.28258395195007324,True,family-00319,0.5,0.0,0.5,maximum,minimum,1,0.40008386969566345,11.094339370727539,11,-0.1127711832523346,maximum__minimum,0.12900596857070923,0.14728128910064697,-0.018275320529937744
0.24322465062141418,1.1875478029251099,True,family-00319,0.5,0.0,0.5,maximum,minimum,2,0.08083479106426239,15.924602508544922,11,-0.1127711832523346,maximum__minimum,-0.062331974506378174,0.180892676115036,-0.24322465062141418
0.07469920814037323,-1.0118459463119507,True,family-00319,0.5,0.0,0.5,maximum,minimum,3,0.1577182114124298,19.563884735107422,11,-0.1127711832523346,maximum__minimum,0.18985219299793243,0.1151529848575592,0.07469920814037323
0.11579027771949768,0.19954323768615723,False,family-00319,0.5,1.0,-0.5,maximum,sum_mod_10,0,0.45923253893852234,11.503769874572754,11,0.3795619457960129,maximum__sum_mod_10,0.10821026563644409,-0.007580012083053589,0.11579027771949768
0.13404950127005577,-0.0011043548583984375,False,family-00319,0.5,1.0,-0.5,maximum,sum_mod_10,1,0.37407729029655457,12.662294387817383,11,0.3795619457960129,maximum__sum_mod_10,0.12900596857070923,-0.005043532699346542,0.13404950127005577
0.05948479287326336,0.807021975517273,False,family-00319,0.5,1.0,-0.5,maximum,sum_mod_10,2,0.5660891532897949,14.09925651550293,11,0.3795619457960129,maximum__sum_mod_10,-0.062331974506378174,-0.0028471816331148148,-0.05948479287326336
0.18523801118135452,0.05988752841949463,False,family-00319,0.5,1.0,-0.5,maximum,sum_mod_10,3,0.7061173319816589,15.794936180114746,11,0.3795619457960129,maximum__sum_mod_10,0.18985219299793243,0.004614181816577911,0.18523801118135452
0.36024561524391174,-0.265977144241333,False,family-00319,0.0,1.0,-1.0,minimum,sum_mod_10,0,0.5465269684791565,10.560543060302734,11,0.4923331290483475,minimum__sum_mod_10,0.35266560316085815,-0.007580012083053589,0.36024561524391174
0.15232482179999352,0.2814795970916748,False,family-00319,0.0,1.0,-1.0,minimum,sum_mod_10,1,0.45694971084594727,12.298579216003418,11,0.4923331290483475,minimum__sum_mod_10,0.14728128910064697,-0.005043532699346542,0.15232482179999352
0.18373985774815083,-0.3805258274078369,False,family-00319,0.0,1.0,-1.0,minimum,sum_mod_10,2,0.17026656866073608,19.193967819213867,11,0.4923331290483475,minimum__sum_mod_10,0.180892676115036,-0.0028471816331148148,0.18373985774815083
0.11053880304098129,1.0717334747314453,False,family-00319,0.0,1.0,-1.0,minimum,sum_mod_10,3,0.31555771827697754,22.622827529907227,11,0.4923331290483475,minimum__sum_mod_10,0.1151529848575592,0.004614181816577911,0.11053880304098129
0.012602537870407104,0.3616245985031128,True,family-00320,0.0,1.0,-1.0,maximum,minimum,0,0.4960988163948059,10.039202690124512,11,0.2473408579826355,maximum__minimum,0.1863689422607422,0.17376640439033508,0.012602537870407104
0.8939282298088074,-0.39350271224975586,True,family-00320,0.0,1.0,-1.0,maximum,minimum,1,0.42425376176834106,10.798858642578125,11,0.2473408579826355,maximum__minimum,0.8709970712661743,-0.022931158542633057,0.8939282298088074
0.12761542201042175,1.648336410522461,True,family-00320,0.0,1.0,-1.0,maximum,minimum,2,0.20105880498886108,15.653942108154297,11,0.2473408579826355,maximum__minimum,0.12758702039718628,0.25520244240760803,-0.12761542201042175
0.27436402440071106,-0.6403059959411621,True,family-00320,0.0,1.0,-1.0,maximum,minimum,3,-0.03851725906133652,24.30223274230957,11,0.2473408579826355,maximum__minimum,0.3864677846431732,0.11210376024246216,0.27436402440071106
0.14598380029201508,0.2211465835571289,False,family-00320,0.0,0.5,-0.5,maximum,sum_mod_10,0,0.5180956125259399,10.426116943359375,11,0.738393023610115,maximum__sum_mod_10,0.1863689422607422,0.04038514196872711,0.14598380029201508
0.8630815148353577,-0.9713678359985352,False,family-00320,0.0,0.5,-0.5,maximum,sum_mod_10,1,0.46268197894096375,12.239176750183105,11,0.738393023610115,maximum__sum_mod_10,0.8709970712661743,0.00791555643081665,0.8630815148353577
0.13287141919136047,1.7492284178733826,False,family-00320,0.0,0.5,-0.5,maximum,sum_mod_10,2,0.45551061630249023,15.070446968078613,11,0.738393023610115,maximum__sum_mod_10,0.12758702039718628,-0.005284398794174194,0.13287141919136047
0.5459120720624924,-0.34056365489959717,False,family-00320,0.0,0.5,-0.5,maximum,sum_mod_10,3,0.4714418351650238,19.965084075927734,11,0.738393023610115,maximum__sum_mod_10,0.3864677846431732,-0.15944428741931915,0.5459120720624924
0.13338126242160797,-0.1404780149459839,False,family-00320,1.0,0.5,0.5,minimum,sum_mod_10,0,0.540962815284729,10.478108406066895,11,0.49105216562747955,minimum__sum_mod_10,0.17376640439033508,0.04038514196872711,0.13338126242160797
0.030846714973449707,-0.5778651237487793,False,family-00320,1.0,0.5,0.5,minimum,sum_mod_10,1,0.6396660804748535,10.178199768066406,11,0.49105216562747955,minimum__sum_mod_10,-0.022931158542633057,0.00791555643081665,-0.030846714973449707
0.2604868412017822,0.10089200735092163,False,family-00320,1.0,0.5,0.5,minimum,sum_mod_10,2,0.6193705201148987,12.95981502532959,11,0.49105216562747955,minimum__sum_mod_10,0.25520244240760803,-0.005284398794174194,0.2604868412017822
0.2715480476617813,0.29974234104156494,False,family-00320,1.0,0.5,0.5,minimum,sum_mod_10,3,0.4951869547367096,18.587560653686523,11,0.49105216562747955,minimum__sum_mod_10,0.11210376024246216,-0.15944428741931915,0.2715480476617813
0.002230405807495117,0.5812019109725952,True,family-00321,1.0,0.5,0.5,maximum,minimum,0,0.46673834323883057,10.673754692077637,11,0.27536338567733765,maximum__minimum,0.14514929056167603,0.1429188847541809,0.002230405807495117
0.07086449861526489,0.9253554344177246,True,family-00321,1.0,0.5,0.5,maximum,minimum,1,0.5882977247238159,10.64901351928711,11,0.27536338567733765,maximum__minimum,0.03416097164154053,0.10502547025680542,-0.07086449861526489
0.0819459855556488,0.5987322330474854,True,family-00321,1.0,0.5,0.5,maximum,minimum,2,0.2099219262599945,18.073888778686523,11,0.27536338567733765,maximum__minimum,0.23652797937393188,0.3184739649295807,-0.0819459855556488
0.19108927249908447,-0.0228501558303833,True,family-00321,1.0,0.5,0.5,maximum,minimum,3,0.01084754429757595,28.529035568237305,11,0.27536338567733765,maximum__minimum,0.12976503372192383,-0.061324238777160645,0.19108927249908447
0.013837814331054688,-0.3720967769622803,False,family-00321,1.0,0.0,1.0,maximum,sum_mod_10,0,0.44327691197395325,10.493547439575195,11,0.7162362337112427,maximum__sum_mod_10,0.14514929056167603,0.13131147623062134,0.013837814331054688
0.015444904565811157,-0.254241943359375,False,family-00321,1.0,0.0,1.0,maximum,sum_mod_10,1,0.5708328485488892,10.306426048278809,11,0.7162362337112427,maximum__sum_mod_10,0.03416097164154053,0.049605876207351685,-0.015444904565811157
0.1911516934633255,-0.8912957906723022,False,family-00321,1.0,0.0,1.0,maximum,sum_mod_10,2,0.30663421750068665,16.564504623413086,11,0.7162362337112427,maximum__sum_mod_10,0.23652797937393188,0.045376285910606384,0.1911516934633255
0.17352822422981262,-0.7453752756118774,False,family-00321,1.0,0.0,1.0,maximum,sum_mod_10,3,0.26691076159477234,23.762632369995117,11,0.7162362337112427,maximum__sum_mod_10,0.12976503372192383,-0.043763190507888794,0.17352822422981262
0.01160740852355957,-0.9532986879348755,False,family-00321,0.5,0.0,0.5,minimum,sum_mod_10,0,0.5357547998428345,10.900650024414062,11,0.44087284803390503,minimum__sum_mod_10,0.1429188847541809,0.13131147623062134,0.01160740852355957
0.055419594049453735,-1.1795973777770996,False,family-00321,0.5,0.0,0.5,minimum,sum_mod_10,1,0.6332550048828125,10.693512916564941,11,0.44087284803390503,minimum__sum_mod_10,0.10502547025680542,0.049605876207351685,0.055419594049453735
0.2730976790189743,-1.4900280237197876,False,family-00321,0.5,0.0,0.5,minimum,sum_mod_10,2,0.688543975353241,11.82036304473877,11,0.44087284803390503,minimum__sum_mod_10,0.3184739649295807,0.045376285910606384,0.2730976790189743
0.01756104826927185,-0.7225251197814941,False,family-00321,0.5,0.0,0.5,minimum,sum_mod_10,3,0.5906453728675842,17.137868881225586,11,0.44087284803390503,minimum__sum_mod_10,-0.061324238777160645,-0.043763190507888794,-0.01756104826927185
0.006352812051773071,0.14779376983642578,True,family-00322,0.5,0.0,0.5,maximum,minimum,0,0.5976412892341614,9.362112998962402,11,0.7225837856531143,maximum__minimum,0.03553950786590576,0.04189231991767883,-0.006352812051773071
0.8384195864200592,-0.8084281533956528,True,family-00322,0.5,0.0,0.5,maximum,minimum,1,0.5348668694496155,11.123908996582031,11,0.7225837856531143,maximum__minimum,0.8823881149291992,0.043968528509140015,0.8384195864200592
0.09132526814937592,1.3119155168533325,True,family-00322,0.5,0.0,0.5,maximum,minimum,2,0.2526700496673584,14.691520690917969,11,0.7225837856531143,maximum__minimum,0.040704309940338135,0.13202957808971405,-0.09132526814937592
0.30915291607379913,-0.4156254529953003,True,family-00322,0.5,0.0,0.5,maximum,minimum,3,0.3158509135246277,20.49895477294922,11,0.7225837856531143,maximum__minimum,0.2018883228302002,-0.10726459324359894,0.30915291607379913
0.05783864110708237,0.2169947624206543,False,family-00322,0.5,1.0,-0.5,maximum,sum_mod_10,0,0.5322982668876648,9.536778450012207,11,0.8974626660346985,maximum__sum_mod_10,0.03553950786590576,-0.022299133241176605,0.05783864110708237
0.879430491477251,-1.0931598991155624,False,family-00322,0.5,1.0,-0.5,maximum,sum_mod_10,1,0.3083105683326721,13.613432884216309,11,0.8974626660346985,maximum__sum_mod_10,0.8823881149291992,0.002957623451948166,0.879430491477251
0.04091164842247963,1.4036256074905396,False,family-00322,0.5,1.0,-0.5,maximum,sum_mod_10,2,0.39165738224983215,15.659013748168945,11,0.8974626660346985,maximum__sum_mod_10,0.040704309940338135,-0.00020733848214149475,0.04091164842247963
0.21151916310191154,0.36608660221099854,False,family-00322,0.5,1.0,-0.5,maximum,sum_mod_10,3,0.5280412435531616,20.72122573852539,11,0.8974626660346985,maximum__sum_mod_10,0.2018883228302002,-0.00963084027171135,0.21151916310191154
0.06419145315885544,0.06920099258422852,False,family-00322,0.0,1.0,-1.0,minimum,sum_mod_10,0,0.6008402109146118,9.699573516845703,11,0.17487888038158417,minimum__sum_mod_10,0.04189231991767883,-0.022299133241176605,0.06419145315885544
0.04101090505719185,-0.28473174571990967,False,family-00322,0.0,1.0,-1.0,minimum,sum_mod_10,1,0.6368428468704224,10.459084510803223,11,0.17487888038158417,minimum__sum_mod_10,0.043968528509140015,0.002957623451948166,0.04101090505719185
0.13223691657185555,0.09171009063720703,False,family-00322,0.0,1.0,-1.0,minimum,sum_mod_10,2,0.5240322947502136,13.727837562561035,11,0.17487888038158417,minimum__sum_mod_10,0.13202957808971405,-0.00020733848214149475,0.13223691657185555
0.09763375297188759,0.7817120552062988,False,family-00322,0.0,1.0,-1.0,minimum,sum_mod_10,3,0.6820088624954224,16.690296173095703,11,0.17487888038158417,minimum__sum_mod_10,-0.10726459324359894,-0.00963084027171135,-0.09763375297188759
0.4155253116041422,1.1444035768508911,True,family-00323,0.0,1.0,-1.0,maximum,minimum,0,0.6371544003486633,9.504512786865234,11,-0.8082289341837168,maximum__minimum,0.006231373175978661,0.42175668478012085,-0.4155253116041422
0.05802672170102596,0.028041720390319824,True,family-00323,0.0,1.0,-1.0,maximum,minimum,1,0.5931975841522217,11.12054443359375,11,-0.8082289341837168,maximum__minimum,-0.022752752527594566,0.035273969173431396,-0.05802672170102596
0.07082687132060528,1.2383702993392944,True,family-00323,0.0,1.0,-1.0,maximum,minimum,2,0.4642840325832367,15.031932830810547,11,-0.8082289341837168,maximum__minimum,0.004911797121167183,0.07573866844177246,-0.07082687132060528
0.021925470791757107,-0.021878480911254883,True,family-00323,0.0,1.0,-1.0,maximum,minimum,3,0.27119356393814087,20.829917907714844,11,-0.8082289341837168,maximum__minimum,0.008433797396719456,0.030359268188476562,-0.021925470791757107
0.003808068111538887,0.39789295196533203,False,family-00323,0.0,0.5,-0.5,maximum,sum_mod_10,0,0.6219397187232971,10.015684127807617,11,-0.03844861872494221,maximum__sum_mod_10,0.006231373175978661,0.010039441287517548,-0.003808068111538887
0.007496589794754982,-0.707039475440979,False,family-00323,0.0,0.5,-0.5,maximum,sum_mod_10,1,0.4997108578681946,12.735747337341309,11,-0.03844861872494221,maximum__sum_mod_10,-0.022752752527594566,-0.03024934232234955,0.007496589794754982
0.005688508972525597,1.4539700746536255,False,family-00323,0.0,0.5,-0.5,maximum,sum_mod_10,2,0.4880520701408386,15.323978424072266,11,-0.03844861872494221,maximum__sum_mod_10,0.004911797121167183,0.01060030609369278,-0.005688508972525597
0.008272183127701283,-0.14633464813232422,False,family-00323,0.0,0.5,-0.5,maximum,sum_mod_10,3,0.5256245136260986,17.801166534423828,11,-0.03844861872494221,maximum__sum_mod_10,0.008433797396719456,0.00016161426901817322,0.008272183127701283
0.4117172434926033,-0.7465106248855591,False,family-00323,1.0,0.5,0.5,minimum,sum_mod_10,0,0.6306427717208862,10.302009582519531,11,0.7697803154587746,minimum__sum_mod_10,0.42175668478012085,0.010039441287517548,0.4117172434926033
0.06552331149578094,-0.7350811958312988,False,family-00323,1.0,0.5,0.5,minimum,sum_mod_10,1,0.6515991687774658,11.071783065795898,11,0.7697803154587746,minimum__sum_mod_10,0.035273969173431396,-0.03024934232234955,0.06552331149578094
0.06513836234807968,0.21559977531433105,False,family-00323,1.0,0.5,0.5,minimum,sum_mod_10,2,0.6853713989257812,12.799070358276367,11,0.7697803154587746,minimum__sum_mod_10,0.07573866844177246,0.01060030609369278,0.06513836234807968
0.03019765391945839,-0.12445616722106934,False,family-00323,1.0,0.5,0.5,minimum,sum_mod_10,3,0.6272134780883789,17.174787521362305,11,0.7697803154587746,minimum__sum_mod_10,0.030359268188476562,0.00016161426901817322,0.03019765391945839
0.09558165073394775,0.9838168621063232,True,family-00324,1.0,0.5,0.5,maximum,minimum,0,0.2881767451763153,11.384110450744629,11,0.5550149381160736,maximum__minimum,0.056981563568115234,0.152563214302063,-0.09558165073394775
0.6394453048706055,0.05305600166320801,True,family-00324,1.0,0.5,0.5,maximum,minimum,1,0.5162428617477417,11.446529388427734,11,0.5550149381160736,maximum__minimum,0.624413251876831,-0.015032052993774414,0.6394453048706055
0.03039124608039856,-0.3819546699523926,True,family-00324,1.0,0.5,0.5,maximum,minimum,2,0.443885862827301,15.142524719238281,11,0.5550149381160736,maximum__minimum,0.12447577714920044,0.09408453106880188,0.03039124608039856
0.07370424270629883,-0.5812201499938965,True,family-00324,1.0,0.5,0.5,maximum,minimum,3,0.3697435259819031,20.80487823486328,11,0.5550149381160736,maximum__minimum,0.04423332214355469,-0.02947092056274414,0.07370424270629883
0.09871479868888855,1.312245488166809,False,family-00324,1.0,0.0,1.0,maximum,sum_mod_10,0,0.2517561912536621,12.273988723754883,11,0.8093608245253563,maximum__sum_mod_10,0.056981563568115234,-0.041733235120773315,0.09871479868888855
0.6238375455141068,-0.8498162031173706,False,family-00324,1.0,0.0,1.0,maximum,sum_mod_10,1,0.3070383369922638,14.269256591796875,11,0.8093608245253563,maximum__sum_mod_10,0.624413251876831,0.0005757063627243042,0.6238375455141068
0.11046050116419792,-0.6912249326705933,False,family-00324,1.0,0.0,1.0,maximum,sum_mod_10,2,0.4138026237487793,16.464908599853516,11,0.8093608245253563,maximum__sum_mod_10,0.12447577714920044,0.014015275985002518,0.11046050116419792
0.04361479543149471,-0.11506938934326172,False,family-00324,1.0,0.0,1.0,maximum,sum_mod_10,3,0.4768512547016144,20.974393844604492,11,0.8093608245253563,maximum__sum_mod_10,0.04423332214355469,0.0006185267120599747,0.04361479543149471
0.1942964494228363,0.32842862606048584,False,family-00324,0.5,0.0,0.5,minimum,sum_mod_10,0,0.38491955399513245,11.730681419372559,11,0.2543458864092827,minimum__sum_mod_10,0.152563214302063,-0.041733235120773315,0.1942964494228363
0.015607759356498718,-0.9028722047805786,False,family-00324,0.5,0.0,0.5,minimum,sum_mod_10,1,0.3096444606781006,13.930655479431152,11,0.2543458864092827,minimum__sum_mod_10,-0.015032052993774414,0.0005757063627243042,-0.015607759356498718
0.08006925508379936,-0.3092702627182007,False,family-00324,0.5,0.0,0.5,minimum,sum_mod_10,2,0.4409658908843994,14.028142929077148,11,0.2543458864092827,minimum__sum_mod_10,0.09408453106880188,0.014015275985002518,0.08006925508379936
0.030089447274804115,0.46615076065063477,False,family-00324,0.5,0.0,0.5,minimum,sum_mod_10,3,0.5768666863441467,16.597736358642578,11,0.2543458864092827,minimum__sum_mod_10,-0.02947092056274414,0.0006185267120599747,-0.030089447274804115
0.0029204487800598145,0.66849684715271,True,family-00325,0.5,0.0,0.5,maximum,minimum,0,0.472667932510376,10.781465530395508,11,-0.18905532360076904,maximum__minimum,0.04596942663192749,0.043048977851867676,0.0029204487800598145
0.617870032787323,-0.12640833854675293,True,family-00325,0.5,0.0,0.5,maximum,minimum,1,0.5053133964538574,11.333271026611328,11,-0.18905532360076904,maximum__minimum,0.596123456954956,-0.021746575832366943,0.617870032787323
0.8464014530181885,1.9975619316101074,True,family-00325,0.5,0.0,0.5,maximum,minimum,2,0.12173086404800415,19.035842895507812,11,-0.18905532360076904,maximum__minimum,0.042244672775268555,0.888646125793457,-0.8464014530181885
0.1188880205154419,-0.6464998722076416,True,family-00325,0.5,0.0,0.5,maximum,minimum,3,0.02958119660615921,26.25718116760254,11,-0.18905532360076904,maximum__minimum,0.1724870800971985,0.05359905958175659,0.1188880205154419
0.03229941800236702,0.37899065017700195,False,family-00325,0.5,1.0,-0.5,maximum,sum_mod_10,0,0.4870823621749878,10.337845802307129,11,0.6795514225959778,maximum__sum_mod_10,0.04596942663192749,0.01367000862956047,0.03229941800236702
0.5953795611858368,-0.1228797435760498,False,family-00325,0.5,1.0,-0.5,maximum,sum_mod_10,1,0.29358935356140137,12.200074195861816,11,0.6795514225959778,maximum__sum_mod_10,0.596123456954956,0.0007438957691192627,0.5953795611858368
0.045646004378795624,1.925044059753418,False,family-00325,0.5,1.0,-0.5,maximum,sum_mod_10,2,0.32109469175338745,16.76664924621582,11,0.6795514225959778,maximum__sum_mod_10,0.042244672775268555,-0.003401331603527069,0.045646004378795624
0.14932212978601456,-0.38442349433898926,False,family-00325,0.5,1.0,-0.5,maximum,sum_mod_10,3,0.37175408005714417,21.006521224975586,11,0.6795514225959778,maximum__sum_mod_10,0.1724870800971985,0.02316495031118393,0.14932212978601456
0.029378969222307205,-0.289506196975708,False,family-00325,0.0,1.0,-1.0,minimum,sum_mod_10,0,0.9003792405128479,4.790164947509766,11,0.8686067461967468,minimum__sum_mod_10,0.043048977851867676,0.01367000862956047,0.029378969222307205
0.022490471601486206,0.003528594970703125,False,family-00325,0.0,1.0,-1.0,minimum,sum_mod_10,1,0.7283458113670349,8.31294059753418,11,0.8686067461967468,minimum__sum_mod_10,-0.021746575832366943,0.0007438957691192627,-0.022490471601486206
0.8920474573969841,-0.07251787185668945,False,family-00325,0.0,1.0,-1.0,minimum,sum_mod_10,2,0.6701652407646179,13.360162734985352,11,0.8686067461967468,minimum__sum_mod_10,0.888646125793457,-0.003401331603527069,0.8920474573969841
0.030434109270572662,0.26207637786865234,False,family-00325,0.0,1.0,-1.0,minimum,sum_mod_10,3,0.583568811416626,18.847293853759766,11,0.8686067461967468,minimum__sum_mod_10,0.05359905958175659,0.02316495031118393,0.030434109270572662
0.2955833673477173,-0.16655945777893066,True,family-00326,0.0,1.0,-1.0,maximum,minimum,0,0.43413713574409485,11.259561538696289,11,-0.023886501789093018,maximum__minimum,0.331260085105896,0.03567671775817871,0.2955833673477173
0.8729841709136963,0.37955307960510254,True,family-00326,0.0,1.0,-1.0,maximum,minimum,1,0.5725599527359009,9.661664009094238,11,-0.023886501789093018,maximum__minimum,0.4072464108467102,-0.4657377600669861,0.8729841709136963
0.1010320782661438,0.1166459321975708,True,family-00326,0.0,1.0,-1.0,maximum,minimum,2,0.42787712812423706,11.966651916503906,11,-0.023886501789093018,maximum__minimum,0.020458728075027466,0.12149080634117126,-0.1010320782661438
0.024570196866989136,-0.19153153896331787,True,family-00326,0.0,1.0,-1.0,maximum,minimum,3,0.3273426592350006,17.085590362548828,11,-0.023886501789093018,maximum__minimum,0.3100796937942505,0.28550949692726135,0.024570196866989136
0.38853322714567184,-0.9399213790893555,False,family-00326,0.0,0.5,-0.5,maximum,sum_mod_10,0,0.48594599962234497,10.983065605163574,11,0.33603794127702713,maximum__sum_mod_10,0.331260085105896,-0.05727314203977585,0.38853322714567184
0.4137055277824402,-0.4496663808822632,False,family-00326,0.0,0.5,-0.5,maximum,sum_mod_10,1,0.46256399154663086,11.67252254486084,11,0.33603794127702713,maximum__sum_mod_10,0.4072464108467102,-0.0064591169357299805,0.4137055277824402
0.02947920560836792,1.028325378894806,False,family-00326,0.0,0.5,-0.5,maximum,sum_mod_10,2,0.4473113715648651,14.179478645324707,11,0.33603794127702713,maximum__sum_mod_10,0.020458728075027466,-0.009020477533340454,0.02947920560836792
0.36917976289987564,0.20350313186645508,False,family-00326,0.0,0.5,-0.5,maximum,sum_mod_10,3,0.6815958619117737,16.219526290893555,11,0.33603794127702713,maximum__sum_mod_10,0.3100796937942505,-0.05910006910562515,0.36917976289987564
0.09294985979795456,-0.7733619213104248,False,family-00326,1.0,0.5,0.5,minimum,sum_mod_10,0,0.49086451530456543,10.157612800598145,11,0.35992444306612015,minimum__sum_mod_10,0.03567671775817871,-0.05727314203977585,0.09294985979795456
0.4592786431312561,-0.8292194604873657,False,family-00326,1.0,0.5,0.5,minimum,sum_mod_10,1,0.45347851514816284,10.650726318359375,11,0.35992444306612015,minimum__sum_mod_10,-0.4657377600669861,-0.0064591169357299805,-0.4592786431312561
0.13051128387451172,0.9116794466972351,False,family-00326,1.0,0.5,0.5,minimum,sum_mod_10,2,0.5132637023925781,12.700061798095703,11,0.35992444306612015,minimum__sum_mod_10,0.12149080634117126,-0.009020477533340454,0.13051128387451172
0.3446095660328865,0.39503467082977295,False,family-00326,1.0,0.5,0.5,minimum,sum_mod_10,3,0.4578775465488434,20.21834945678711,11,0.35992444306612015,minimum__sum_mod_10,0.28550949692726135,-0.05910006910562515,0.3446095660328865
0.059397079050540924,0.42338109016418457,True,family-00327,1.0,0.5,0.5,maximum,minimum,0,0.45144522190093994,10.34216022491455,11,-0.7028858512639999,maximum__minimum,-0.05471988767385483,-0.11411696672439575,0.059397079050540924
0.08424686640501022,0.7002780437469482,True,family-00327,1.0,0.5,0.5,maximum,minimum,1,0.6004643440246582,10.080852508544922,11,-0.7028858512639999,maximum__minimum,-0.014579586684703827,0.0696672797203064,-0.08424686640501022
0.5269292145967484,0.2624792456626892,True,family-00327,1.0,0.5,0.5,maximum,minimum,2,0.672001838684082,12.989348411560059,11,-0.7028858512639999,maximum__minimum,-0.0016337186098098755,0.5252954959869385,-0.5269292145967484
0.13490648567676544,0.09919619560241699,True,family-00327,1.0,0.5,0.5,maximum,minimum,3,0.5607311129570007,18.73572540283203,11,-0.7028858512639999,maximum__minimum,0.016145631670951843,0.15105211734771729,-0.13490648567676544
0.03274478018283844,-0.4227561950683594,False,family-00327,1.0,0.0,1.0,maximum,sum_mod_10,0,0.32428044080734253,11.592350006103516,11,0.016684070229530334,maximum__sum_mod_10,-0.05471988767385483,-0.021975107491016388,-0.03274478018283844
0.013067368417978287,-0.14386260509490967,False,family-00327,1.0,0.0,1.0,maximum,sum_mod_10,1,0.4537167251110077,11.245566368103027,11,0.016684070229530334,maximum__sum_mod_10,-0.014579586684703827,-0.0015122182667255402,-0.013067368417978287
0.033874042332172394,0.21288198232650757,False,family-00327,1.0,0.0,1.0,maximum,sum_mod_10,2,0.6838555932044983,12.85888957977295,11,0.016684070229530334,maximum__sum_mod_10,-0.0016337186098098755,-0.03550776094198227,0.033874042332172394
0.011733530089259148,-0.9964159727096558,False,family-00327,1.0,0.0,1.0,maximum,sum_mod_10,3,0.6794846653938293,15.860111236572266,11,0.016684070229530334,maximum__sum_mod_10,0.016145631670951843,0.004412101581692696,0.011733530089259148
0.09214185923337936,-0.846137285232544,False,family-00327,0.5,0.0,0.5,minimum,sum_mod_10,0,0.49105656147003174,11.12858772277832,11,0.7195699214935303,minimum__sum_mod_10,-0.11411696672439575,-0.021975107491016388,-0.09214185923337936
0.07117949798703194,-0.8441406488418579,False,family-00327,0.5,0.0,0.5,minimum,sum_mod_10,1,0.4865986108779907,12.177194595336914,11,0.7195699214935303,minimum__sum_mod_10,0.0696672797203064,-0.0015122182667255402,0.07117949798703194
0.5608032569289207,-0.04959726333618164,False,family-00327,0.5,0.0,0.5,minimum,sum_mod_10,2,0.6920998096466064,13.509235382080078,11,0.7195699214935303,minimum__sum_mod_10,0.5252954959869385,-0.03550776094198227,0.5608032569289207
0.1466400157660246,-1.0956121683120728,False,family-00327,0.5,0.0,0.5,minimum,sum_mod_10,3,0.6781300902366638,16.860559463500977,11,0.7195699214935303,minimum__sum_mod_10,0.15105211734771729,0.004412101581692696,0.1466400157660246
0.08172070980072021,0.28883957862854004,True,family-00328,0.5,0.0,0.5,maximum,minimum,0,0.5094631910324097,9.857364654541016,11,-0.027352452278137207,maximum__minimum,0.10437291860580444,0.02265220880508423,0.08172070980072021
0.8740153312683105,-0.7511869072914124,True,family-00328,0.5,0.0,0.5,maximum,minimum,1,0.41457998752593994,11.654401779174805,11,-0.027352452278137207,maximum__minimum,0.8703305125236511,-0.003684818744659424,0.8740153312683105
0.5317717790603638,1.2555128335952759,True,family-00328,0.5,0.0,0.5,maximum,minimum,2,-0.07852886617183685,21.02725601196289,11,-0.027352452278137207,maximum__minimum,0.04394251108169556,0.5757142901420593,-0.5317717790603638
0.19706201553344727,-0.3235734701156616,True,family-00328,0.5,0.0,0.5,maximum,minimum,3,0.04026459902524948,27.87550163269043,11,-0.027352452278137207,maximum__minimum,0.21842408180236816,0.0213620662689209,0.19706201553344727
0.10231788456439972,-0.04070472717285156,False,family-00328,0.5,1.0,-0.5,maximum,sum_mod_10,0,0.44561082124710083,10.457236289978027,11,0.7932934463024139,maximum__sum_mod_10,0.10437291860580444,0.002055034041404724,0.10231788456439972
0.870099201798439,-1.0138344168663025,False,family-00328,0.5,1.0,-0.5,maximum,sum_mod_10,1,0.07866649329662323,15.392247200012207,11,0.7932934463024139,maximum__sum_mod_10,0.8703305125236511,0.00023131072521209717,0.870099201798439
0.14646241068840027,1.2461203336715698,False,family-00328,0.5,1.0,-0.5,maximum,sum_mod_10,2,0.2415531873703003,18.354890823364258,11,0.7932934463024139,maximum__sum_mod_10,0.04394251108169556,-0.10251989960670471,0.14646241068840027
0.20891183614730835,-0.6444796323776245,False,family-00328,0.5,1.0,-0.5,maximum,sum_mod_10,3,0.4758765399456024,20.6816463470459,11,0.7932934463024139,maximum__sum_mod_10,0.21842408180236816,0.009512245655059814,0.20891183614730835
0.020597174763679504,-0.3295443058013916,False,family-00328,0.0,1.0,-1.0,minimum,sum_mod_10,0,0.4320248067378998,11.175926208496094,11,0.8206458985805511,minimum__sum_mod_10,0.02265220880508423,0.002055034041404724,0.020597174763679504
0.003916129469871521,-0.26264750957489014,False,family-00328,0.0,1.0,-1.0,minimum,sum_mod_10,1,0.3322927951812744,12.94692611694336,11,0.8206458985805511,minimum__sum_mod_10,-0.003684818744659424,0.00023131072521209717,-0.003916129469871521
0.678234189748764,-0.009392499923706055,False,family-00328,0.0,1.0,-1.0,minimum,sum_mod_10,2,0.44184720516204834,17.18736457824707,11,0.8206458985805511,minimum__sum_mod_10,0.5757142901420593,-0.10251989960670471,0.678234189748764
0.011849820613861084,-0.3209061622619629,False,family-00328,0.0,1.0,-1.0,minimum,sum_mod_10,3,0.4491635262966156,21.450721740722656,11,0.8206458985805511,minimum__sum_mod_10,0.0213620662689209,0.009512245655059814,0.011849820613861084
0.025472283363342285,0.7362146377563477,True,family-00329,0.0,1.0,-1.0,maximum,minimum,0,0.5179052948951721,10.354302406311035,11,0.1853981614112854,maximum__minimum,0.02005612850189209,-0.005416154861450195,0.025472283363342285
0.8773932456970215,-0.27293479442596436,True,family-00329,0.0,1.0,-1.0,maximum,minimum,1,0.6203059554100037,10.842461585998535,11,0.1853981614112854,maximum__minimum,0.8067159056663513,-0.07067734003067017,0.8773932456970215
0.40935856103897095,0.8847818374633789,True,family-00329,0.0,1.0,-1.0,maximum,minimum,2,0.41817507147789,15.330930709838867,11,0.1853981614112854,maximum__minimum,-0.0005008578300476074,0.40885770320892334,-0.40935856103897095
0.3835431635379791,0.010581016540527344,True,family-00329,0.0,1.0,-1.0,maximum,minimum,3,0.23069289326667786,21.6353702545166,11,0.1853981614112854,maximum__minimum,0.03812205791473389,0.421665221452713,-0.3835431635379791
0.0190938301384449,0.4096097946166992,False,family-00329,0.0,0.5,-0.5,maximum,sum_mod_10,0,0.409219890832901,11.398226737976074,11,0.8189670629799366,maximum__sum_mod_10,0.02005612850189209,0.0009622983634471893,0.0190938301384449
0.8072608634829521,-0.8738193511962891,False,family-00329,0.0,0.5,-0.5,maximum,sum_mod_10,1,0.17881296575069427,15.003602981567383,11,0.8189670629799366,maximum__sum_mod_10,0.8067159056663513,-0.0005449578166007996,0.8072608634829521
0.025034911930561066,1.006372332572937,False,family-00329,0.0,0.5,-0.5,maximum,sum_mod_10,2,0.3147709369659424,16.166528701782227,11,0.8189670629799366,maximum__sum_mod_10,-0.0005008578300476074,-0.025535769760608673,0.025034911930561066
0.04194527864456177,0.8895273208618164,False,family-00329,0.0,0.5,-0.5,maximum,sum_mod_10,3,0.34408482909202576,21.687652587890625,11,0.8189670629799366,maximum__sum_mod_10,0.03812205791473389,-0.003823220729827881,0.04194527864456177
0.006378453224897385,-0.32660484313964844,False,family-00329,1.0,0.5,0.5,minimum,sum_mod_10,0,0.46082496643066406,10.705451965332031,11,0.6335689015686512,minimum__sum_mod_10,-0.005416154861450195,0.0009622983634471893,-0.006378453224897385
0.07013238221406937,-0.6008845567703247,False,family-00329,1.0,0.5,0.5,minimum,sum_mod_10,1,0.37329819798469543,12.544185638427734,11,0.6335689015686512,minimum__sum_mod_10,-0.07067734003067017,-0.0005449578166007996,-0.07013238221406937
0.434393472969532,0.1215904951095581,False,family-00329,1.0,0.5,0.5,minimum,sum_mod_10,2,0.400381863117218,14.578877449035645,11,0.6335689015686512,minimum__sum_mod_10,0.40885770320892334,-0.025535769760608673,0.434393472969532
0.4254884421825409,0.8789463043212891,False,family-00329,1.0,0.5,0.5,minimum,sum_mod_10,3,0.37430357933044434,20.314746856689453,11,0.6335689015686512,minimum__sum_mod_10,0.421665221452713,-0.003823220729827881,0.4254884421825409
0.03829018771648407,0.005070924758911133,True,family-00330,1.0,0.5,0.5,maximum,minimum,0,0.6569425463676453,8.468506813049316,11,0.42343829572200775,maximum__minimum,0.23492854833602905,0.19663836061954498,0.03829018771648407
0.6985998004674911,0.6767337918281555,True,family-00330,1.0,0.5,0.5,maximum,minimum,1,0.6465210914611816,9.307848930358887,11,0.42343829572200775,maximum__minimum,0.5278521180152893,-0.17074768245220184,0.6985998004674911
0.24757474660873413,0.17249947786331177,True,family-00330,1.0,0.5,0.5,maximum,minimum,2,0.4345955550670624,13.979459762573242,11,0.42343829572200775,maximum__minimum,0.4531064033508301,0.20553165674209595,0.24757474660873413
0.07357408106327057,0.3651238679885864,True,family-00330,1.0,0.5,0.5,maximum,minimum,3,0.19793939590454102,21.04224967956543,11,0.42343829572200775,maximum__minimum,0.08378052711486816,0.010206446051597595,0.07357408106327057
0.35286641120910645,-0.16781044006347656,False,family-00330,1.0,0.0,1.0,maximum,sum_mod_10,0,0.47650811076164246,11.385712623596191,11,0.5855188369750977,maximum__sum_mod_10,0.23492854833602905,-0.11793786287307739,0.35286641120910645
0.49035749211907387,-0.5025099515914917,False,family-00330,1.0,0.0,1.0,maximum,sum_mod_10,1,0.4623466432094574,12.294706344604492,11,0.5855188369750977,maximum__sum_mod_10,0.5278521180152893,0.03749462589621544,0.49035749211907387
0.46899382770061493,-0.9998686909675598,False,family-00330,1.0,0.0,1.0,maximum,sum_mod_10,2,0.4578818082809448,15.581171989440918,11,0.5855188369750977,maximum__sum_mod_10,0.4531064033508301,-0.01588742434978485,0.46899382770061493
0.27886685729026794,0.2362598180770874,False,family-00330,1.0,0.0,1.0,maximum,sum_mod_10,3,0.40769582986831665,20.969526290893555,11,0.5855188369750977,maximum__sum_mod_10,0.08378052711486816,-0.19508633017539978,0.27886685729026794
0.3145762234926224,-0.1728813648223877,False,family-00330,0.5,0.0,0.5,minimum,sum_mod_10,0,0.42692339420318604,11.174606323242188,11,0.1620805412530899,minimum__sum_mod_10,0.19663836061954498,-0.11793786287307739,0.3145762234926224
0.20824230834841728,-1.1792437434196472,False,family-00330,0.5,0.0,0.5,minimum,sum_mod_10,1,0.39463257789611816,12.18673038482666,11,0.1620805412530899,minimum__sum_mod_10,-0.17074768245220184,0.03749462589621544,-0.20824230834841728
0.2214190810918808,-1.1723681688308716,False,family-00330,0.5,0.0,0.5,minimum,sum_mod_10,2,0.4003233015537262,14.067923545837402,11,0.1620805412530899,minimum__sum_mod_10,0.20553165674209595,-0.01588742434978485,0.2214190810918808
0.20529277622699738,-0.12886404991149902,False,family-00330,0.5,0.0,0.5,minimum,sum_mod_10,3,0.22997397184371948,20.432737350463867,11,0.1620805412530899,minimum__sum_mod_10,0.010206446051597595,-0.19508633017539978,0.20529277622699738
0.14411264657974243,0.1982184648513794,True,family-00331,0.5,0.0,0.5,maximum,minimum,0,0.4843851923942566,11.178265571594238,11,0.1389082670211792,maximum__minimum,0.11429989337921143,0.25841253995895386,-0.14411264657974243
0.11681059002876282,-1.1200010776519775,True,family-00331,0.5,0.0,0.5,maximum,minimum,1,0.42763906717300415,11.936652183532715,11,0.1389082670211792,maximum__minimum,0.23562002182006836,0.11880943179130554,0.11681059002876282
0.08253219723701477,0.4163086414337158,True,family-00331,0.5,0.0,0.5,maximum,minimum,2,0.4187764823436737,14.157031059265137,11,0.1389082670211792,maximum__minimum,0.02223670482635498,0.10476890206336975,-0.08253219723701477
0.4194314181804657,-0.9138747453689575,True,family-00331,0.5,0.0,0.5,maximum,minimum,3,0.4767768979072571,17.5865421295166,11,0.1389082670211792,maximum__minimum,0.5078710913658142,0.08843967318534851,0.4194314181804657
0.11457038298249245,-0.12062501907348633,False,family-00331,0.5,1.0,-0.5,maximum,sum_mod_10,0,0.6373762488365173,9.127869606018066,11,0.5966711454093456,maximum__sum_mod_10,0.11429989337921143,-0.0002704896032810211,0.11457038298249245
0.25787628069519997,-0.8902069330215454,False,family-00331,0.5,1.0,-0.5,maximum,sum_mod_10,1,0.4429563879966736,10.846175193786621,11,0.5966711454093456,maximum__sum_mod_10,0.23562002182006836,-0.022256258875131607,0.25787628069519997
0.026346445083618164,0.6065938472747803,False,family-00331,0.5,1.0,-0.5,maximum,sum_mod_10,2,0.49171581864356995,12.17807388305664,11,0.5966711454093456,maximum__sum_mod_10,0.02223670482635498,-0.004109740257263184,0.026346445083618164
0.5217351652681828,-0.23603057861328125,False,family-00331,0.5,1.0,-0.5,maximum,sum_mod_10,3,0.7246001958847046,12.786940574645996,11,0.5966711454093456,maximum__sum_mod_10,0.5078710913658142,-0.013864073902368546,0.5217351652681828
0.2586830295622349,-0.3188434839248657,False,family-00331,0.0,1.0,-1.0,minimum,sum_mod_10,0,0.5054352283477783,10.64508056640625,11,0.4577628783881664,minimum__sum_mod_10,0.25841253995895386,-0.0002704896032810211,0.2586830295622349
0.14106569066643715,0.22979414463043213,False,family-00331,0.0,1.0,-1.0,minimum,sum_mod_10,1,0.4604129195213318,11.829317092895508,11,0.4577628783881664,minimum__sum_mod_10,0.11880943179130554,-0.022256258875131607,0.14106569066643715
0.10887864232063293,0.19028520584106445,False,family-00331,0.0,1.0,-1.0,minimum,sum_mod_10,2,0.43958353996276855,14.268579483032227,11,0.4577628783881664,minimum__sum_mod_10,0.10476890206336975,-0.004109740257263184,0.10887864232063293
0.10230374708771706,0.6778441667556763,False,family-00331,0.0,1.0,-1.0,minimum,sum_mod_10,3,0.4882357120513916,18.188148498535156,11,0.4577628783881664,minimum__sum_mod_10,0.08843967318534851,-0.013864073902368546,0.10230374708771706
0.4105983376502991,-0.20607209205627441,True,family-00332,0.0,1.0,-1.0,maximum,minimum,0,0.5847063660621643,9.138457298278809,11,0.03074127435684204,maximum__minimum,0.012003302574157715,0.4226016402244568,-0.4105983376502991
0.08865442872047424,-0.6950379610061646,True,family-00332,0.0,1.0,-1.0,maximum,minimum,1,0.5966635346412659,9.391438484191895,11,0.03074127435684204,maximum__minimum,0.2327507734298706,0.14409634470939636,0.08865442872047424
0.19198784232139587,1.1057037115097046,True,family-00332,0.0,1.0,-1.0,maximum,minimum,2,0.42059198021888733,13.41147232055664,11,0.03074127435684204,maximum__minimum,0.23217913508415222,0.04019129276275635,0.19198784232139587
0.46565037965774536,-0.14138388633728027,True,family-00332,0.0,1.0,-1.0,maximum,minimum,3,0.28080737590789795,19.021440505981445,11,0.03074127435684204,maximum__minimum,0.40699994564056396,-0.058650434017181396,0.46565037965774536
0.1094016507267952,0.17567205429077148,False,family-00332,0.0,0.5,-0.5,maximum,sum_mod_10,0,0.4693586826324463,10.591327667236328,11,0.45625139772892,maximum__sum_mod_10,0.012003302574157715,0.12140495330095291,-0.1094016507267952
0.24577577412128448,-0.2695549726486206,False,family-00332,0.0,0.5,-0.5,maximum,sum_mod_10,1,0.2006513476371765,14.010451316833496,11,0.45625139772892,maximum__sum_mod_10,0.2327507734298706,-0.01302500069141388,0.24577577412128448
0.22965313494205475,1.918859839439392,False,family-00332,0.0,0.5,-0.5,maximum,sum_mod_10,2,0.2391919493675232,17.188674926757812,11,0.45625139772892,maximum__sum_mod_10,0.23217913508415222,0.002526000142097473,0.22965313494205475
0.641876682639122,0.5244619846343994,False,family-00332,0.0,0.5,-0.5,maximum,sum_mod_10,3,0.3431854248046875,20.77027702331543,11,0.45625139772892,maximum__sum_mod_10,0.40699994564056396,-0.23487673699855804,0.641876682639122
0.3011966869235039,0.3817441463470459,False,family-00332,1.0,0.5,0.5,minimum,sum_mod_10,0,0.49388211965560913,10.35427474975586,11,0.42551012337207794,minimum__sum_mod_10,0.4226016402244568,0.12140495330095291,0.3011966869235039
0.15712134540081024,0.42548298835754395,False,family-00332,1.0,0.5,0.5,minimum,sum_mod_10,1,0.4566250145435333,11.445557594299316,11,0.42551012337207794,minimum__sum_mod_10,0.14409634470939636,-0.01302500069141388,0.15712134540081024
0.037665292620658875,0.8131561279296875,False,family-00332,1.0,0.5,0.5,minimum,sum_mod_10,2,0.5774571895599365,12.948533058166504,11,0.42551012337207794,minimum__sum_mod_10,0.04019129276275635,0.002526000142097473,0.037665292620658875
0.17622630298137665,0.6658458709716797,False,family-00332,1.0,0.5,0.5,minimum,sum_mod_10,3,0.4923180341720581,19.094139099121094,11,0.42551012337207794,minimum__sum_mod_10,-0.058650434017181396,-0.23487673699855804,0.17622630298137665
0.430314838886261,-0.33367323875427246,True,family-00333,1.0,0.5,0.5,maximum,minimum,0,0.5515114665031433,10.3900146484375,11,0.1701311469078064,maximum__minimum,0.13286787271499634,0.5631827116012573,-0.430314838886261
0.16447806358337402,0.36593663692474365,True,family-00333,1.0,0.5,0.5,maximum,minimum,1,0.5277069211006165,11.851688385009766,11,0.1701311469078064,maximum__minimum,0.29602867364883423,0.1315506100654602,0.16447806358337402
0.35006964206695557,-0.30075526237487793,True,family-00333,1.0,0.5,0.5,maximum,minimum,2,0.10710837692022324,20.162630081176758,11,0.1701311469078064,maximum__minimum,0.7001575827598572,0.3500879406929016,0.35006964206695557
0.022495269775390625,-0.4805145263671875,True,family-00333,1.0,0.5,0.5,maximum,minimum,3,0.07578783482313156,26.0775146484375,11,0.1701311469078064,maximum__minimum,0.11580860614776611,0.09331333637237549,0.022495269775390625
0.08421796560287476,-0.9818971157073975,False,family-00333,1.0,0.0,1.0,maximum,sum_mod_10,0,0.2613571584224701,13.248217582702637,11,0.55974480509758,maximum__sum_mod_10,0.13286787271499634,0.04864990711212158,0.08421796560287476
0.3839399814605713,-1.2266064882278442,False,family-00333,1.0,0.0,1.0,maximum,sum_mod_10,1,0.2354315221309662,14.416122436523438,11,0.55974480509758,maximum__sum_mod_10,0.29602867364883423,-0.08791130781173706,0.3839399814605713
0.6659663617610931,-1.466127872467041,False,family-00333,1.0,0.0,1.0,maximum,sum_mod_10,2,-0.009146396070718765,21.13738441467285,11,0.55974480509758,maximum__sum_mod_10,0.7001575827598572,0.03419122099876404,0.6659663617610931
0.15323728322982788,-0.5990641117095947,False,family-00333,1.0,0.0,1.0,maximum,sum_mod_10,3,0.06792153418064117,26.624832153320312,11,0.55974480509758,maximum__sum_mod_10,0.11580860614776611,0.269045889377594,-0.15323728322982788
0.5145328044891357,-0.648223876953125,False,family-00333,0.5,0.0,0.5,minimum,sum_mod_10,0,0.3731808662414551,11.780285835266113,11,0.38961365818977356,minimum__sum_mod_10,0.5631827116012573,0.04864990711212158,0.5145328044891357
0.21946191787719727,-1.592543125152588,False,family-00333,0.5,0.0,0.5,minimum,sum_mod_10,1,0.4103827476501465,12.796957015991211,11,0.38961365818977356,minimum__sum_mod_10,0.1315506100654602,-0.08791130781173706,0.21946191787719727
0.3158967196941376,-1.165372610092163,False,family-00333,0.5,0.0,0.5,minimum,sum_mod_10,2,0.5273728966712952,12.643932342529297,11,0.38961365818977356,minimum__sum_mod_10,0.3500879406929016,0.03419122099876404,0.3158967196941376
0.1757325530052185,-0.11854958534240723,False,family-00333,0.5,0.0,0.5,minimum,sum_mod_10,3,0.5455179810523987,14.83188533782959,11,0.38961365818977356,minimum__sum_mod_10,0.09331333637237549,0.269045889377594,-0.1757325530052185
0.36353182792663574,0.8685470819473267,True,family-00334,0.5,0.0,0.5,maximum,minimum,0,0.610986590385437,9.3138427734375,11,-0.6588659286499023,maximum__minimum,-0.124081552028656,0.23945027589797974,-0.36353182792663574
0.1280733272433281,0.010419130325317383,True,family-00334,0.5,0.0,0.5,maximum,minimum,1,0.46744370460510254,10.816863059997559,11,-0.6588659286499023,maximum__minimum,-0.010413281619548798,0.1176600456237793,-0.1280733272433281
0.20375390723347664,1.2831244468688965,True,family-00334,0.5,0.0,0.5,maximum,minimum,2,0.12191000580787659,17.545185089111328,11,-0.6588659286499023,maximum__minimum,0.03235165402293205,0.2361055612564087,-0.20375390723347664
0.11797268316149712,-0.3324301242828369,True,family-00334,0.5,0.0,0.5,maximum,minimum,3,0.1721028983592987,20.993322372436523,11,-0.6588659286499023,maximum__minimum,0.058947812765836716,-0.0590248703956604,0.11797268316149712
0.16535886377096176,0.42838621139526367,False,family-00334,0.5,1.0,-0.5,maximum,sum_mod_10,0,0.42690545320510864,11.021713256835938,11,-0.01670186221599579,maximum__sum_mod_10,-0.124081552028656,0.041277311742305756,-0.16535886377096176
0.02781768888235092,0.33701562881469727,False,family-00334,0.5,1.0,-0.5,maximum,sum_mod_10,1,0.2363387942314148,13.61645221710205,11,-0.01670186221599579,maximum__sum_mod_10,-0.010413281619548798,0.017404407262802124,-0.02781768888235092
0.05342131480574608,1.2402291297912598,False,family-00334,0.5,1.0,-0.5,maximum,sum_mod_10,2,0.4155786633491516,16.00290298461914,11,-0.01670186221599579,maximum__sum_mod_10,0.03235165402293205,-0.021069660782814026,0.05342131480574608
0.11264484748244286,0.1743335723876953,False,family-00334,0.5,1.0,-0.5,maximum,sum_mod_10,3,0.658179759979248,16.999717712402344,11,-0.01670186221599579,maximum__sum_mod_10,0.058947812765836716,-0.05369703471660614,0.11264484748244286
0.19817296415567398,-0.440160870552063,False,family-00334,0.0,1.0,-1.0,minimum,sum_mod_10,0,0.454872190952301,10.97217082977295,11,0.6421640664339066,minimum__sum_mod_10,0.23945027589797974,0.041277311742305756,0.19817296415567398
0.10025563836097717,0.3265964984893799,False,family-00334,0.0,1.0,-1.0,minimum,sum_mod_10,1,0.514159619808197,11.371251106262207,11,0.6421640664339066,minimum__sum_mod_10,0.1176600456237793,0.017404407262802124,0.10025563836097717
0.2571752220392227,-0.04289531707763672,False,family-00334,0.0,1.0,-1.0,minimum,sum_mod_10,2,0.24032965302467346,19.59282684326172,11,0.6421640664339066,minimum__sum_mod_10,0.2361055612564087,-0.021069660782814026,0.2571752220392227
0.00532783567905426,0.5067636966705322,False,family-00334,0.0,1.0,-1.0,minimum,sum_mod_10,3,0.15296906232833862,26.931095123291016,11,0.6421640664339066,minimum__sum_mod_10,-0.0590248703956604,-0.05369703471660614,-0.00532783567905426
0.31170833110809326,0.8052310943603516,True,family-00335,0.0,1.0,-1.0,maximum,minimum,0,0.5147000551223755,10.429877281188965,11,-0.010155320167541504,maximum__minimum,0.41862189769744873,0.10691356658935547,0.31170833110809326
0.837018609046936,-0.25769472122192383,True,family-00335,0.0,1.0,-1.0,maximum,minimum,1,0.5529226660728455,10.6465482711792,11,-0.010155320167541504,maximum__minimum,0.8545246124267578,0.017506003379821777,0.837018609046936
0.5929557681083679,1.1364257335662842,True,family-00335,0.0,1.0,-1.0,maximum,minimum,2,0.2880247235298157,15.44121265411377,11,-0.010155320167541504,maximum__minimum,0.005365908145904541,0.5983216762542725,-0.5929557681083679
0.18671202659606934,-0.17329168319702148,True,family-00335,0.0,1.0,-1.0,maximum,minimum,3,0.0801994800567627,24.116239547729492,11,-0.010155320167541504,maximum__minimum,0.13004368543624878,0.3167557120323181,-0.18671202659606934
0.41115933284163475,-0.09850645065307617,False,family-00335,0.0,0.5,-0.5,maximum,sum_mod_10,0,0.579132080078125,9.844343185424805,11,0.8641467336565256,maximum__sum_mod_10,0.41862189769744873,0.00746256485581398,0.41115933284163475
0.855123158544302,-0.4314206838607788,False,family-00335,0.0,0.5,-0.5,maximum,sum_mod_10,1,0.5000870227813721,12.49952507019043,11,0.8641467336565256,maximum__sum_mod_10,0.8545246124267578,-0.0005985461175441742,0.855123158544302
0.017612358555197716,1.1249568462371826,False,family-00335,0.0,0.5,-0.5,maximum,sum_mod_10,2,0.5641183257102966,14.787313461303711,11,0.8641467336565256,maximum__sum_mod_10,0.005365908145904541,-0.012246450409293175,0.017612358555197716
0.11946295201778412,-0.12148666381835938,False,family-00335,0.0,0.5,-0.5,maximum,sum_mod_10,3,0.6340383887290955,17.772930145263672,11,0.8641467336565256,maximum__sum_mod_10,0.13004368543624878,0.01058073341846466,0.11946295201778412
0.09945100173354149,-0.9037375450134277,False,family-00335,1.0,0.5,0.5,minimum,sum_mod_10,0,0.5159093737602234,10.400656700134277,11,0.8743020538240671,minimum__sum_mod_10,0.10691356658935547,0.00746256485581398,0.09945100173354149
0.01810454949736595,-0.17372596263885498,False,family-00335,1.0,0.5,0.5,minimum,sum_mod_10,1,0.4578537046909332,12.44720458984375,11,0.8743020538240671,minimum__sum_mod_10,0.017506003379821777,-0.0005985461175441742,0.01810454949736595
0.6105681266635656,-0.011468887329101562,False,family-00335,1.0,0.5,0.5,minimum,sum_mod_10,2,0.525690495967865,15.187359809875488,11,0.8743020538240671,minimum__sum_mod_10,0.5983216762542725,-0.012246450409293175,0.6105681266635656
0.30617497861385345,0.05180501937866211,False,family-00335,1.0,0.5,0.5,minimum,sum_mod_10,3,0.45864182710647583,20.09124183654785,11,0.8743020538240671,minimum__sum_mod_10,0.3167557120323181,0.01058073341846466,0.30617497861385345
0.29857364296913147,-0.5009608268737793,True,family-00336,1.0,0.5,0.5,maximum,minimum,0,0.4437115490436554,10.589662551879883,11,-0.5062594711780548,maximum__minimum,0.2995353639125824,0.0009617209434509277,0.29857364296913147
0.06748798489570618,0.022097349166870117,True,family-00336,1.0,0.5,0.5,maximum,minimum,1,0.4775904715061188,11.0648832321167,11,-0.5062594711780548,maximum__minimum,0.014880985021591187,0.08236896991729736,-0.06748798489570618
0.5761153101921082,-0.10334610939025879,True,family-00336,1.0,0.5,0.5,maximum,minimum,2,0.5122798681259155,15.643027305603027,11,-0.5062594711780548,maximum__minimum,0.1541467308998108,0.730262041091919,-0.5761153101921082
0.18723005056381226,-0.27875816822052,True,family-00336,1.0,0.5,0.5,maximum,minimum,3,0.39398425817489624,21.768856048583984,11,-0.5062594711780548,maximum__minimum,0.22283077239990234,0.03560072183609009,0.18723005056381226
0.5275339186191559,-0.446624755859375,False,family-00336,1.0,0.0,1.0,maximum,sum_mod_10,0,0.27312129735946655,11.754011154174805,11,0.1416759192943573,maximum__sum_mod_10,0.2995353639125824,-0.2279985547065735,0.5275339186191559
0.09284201264381409,0.02620065212249756,False,family-00336,1.0,0.0,1.0,maximum,sum_mod_10,1,0.2954643964767456,12.291716575622559,11,0.1416759192943573,maximum__sum_mod_10,0.014880985021591187,-0.0779610276222229,0.09284201264381409
0.04815573990345001,-0.40273964405059814,False,family-00336,1.0,0.0,1.0,maximum,sum_mod_10,2,0.38790643215179443,16.81999969482422,11,0.1416759192943573,maximum__sum_mod_10,0.1541467308998108,0.2023024708032608,-0.04815573990345001
0.3165116310119629,-0.8267070055007935,False,family-00336,1.0,0.0,1.0,maximum,sum_mod_10,3,0.5450199246406555,18.213464736938477,11,0.1416759192943573,maximum__sum_mod_10,0.22283077239990234,-0.09368085861206055,0.3165116310119629
0.22896027565002441,0.0543360710144043,False,family-00336,0.5,0.0,0.5,minimum,sum_mod_10,0,0.39096349477767944,11.275273323059082,11,0.6479353904724121,minimum__sum_mod_10,0.0009617209434509277,-0.2279985547065735,0.22896027565002441
0.16032999753952026,0.004103302955627441,False,family-00336,0.5,0.0,0.5,minimum,sum_mod_10,1,0.5131545662879944,11.099246978759766,11,0.6479353904724121,minimum__sum_mod_10,0.08236896991729736,-0.0779610276222229,0.16032999753952026
0.5279595702886581,-0.29939353466033936,False,family-00336,0.5,0.0,0.5,minimum,sum_mod_10,2,0.6479090452194214,12.398237228393555,11,0.6479353904724121,minimum__sum_mod_10,0.730262041091919,0.2023024708032608,0.5279595702886581
0.12928158044815063,-0.5479488372802734,False,family-00336,0.5,0.0,0.5,minimum,sum_mod_10,3,0.6296590566635132,16.183412551879883,11,0.6479353904724121,minimum__sum_mod_10,0.03560072183609009,-0.09368085861206055,0.12928158044815063
0.024614060763269663,0.2451465129852295,True,family-00337,0.5,0.0,0.5,maximum,minimum,0,0.5134323835372925,10.501520156860352,11,0.8933836705982685,maximum__minimum,0.024896681308746338,0.00028262054547667503,0.024614060763269663
0.8295062351971865,-1.0197795629501343,True,family-00337,0.5,0.0,0.5,maximum,minimum,1,0.5391144752502441,12.262314796447754,11,0.8933836705982685,maximum__minimum,0.8163381814956665,-0.013168053701519966,0.8295062351971865
0.0688849501311779,1.640937328338623,True,family-00337,0.5,0.0,0.5,maximum,minimum,2,0.28424566984176636,17.22774887084961,11,0.8933836705982685,maximum__minimum,0.06351011991500854,-0.005374830216169357,0.0688849501311779
0.23498966544866562,-0.5118250846862793,True,family-00337,0.5,0.0,0.5,maximum,minimum,3,0.27069318294525146,20.917402267456055,11,0.8933836705982685,maximum__minimum,0.23499536514282227,5.6996941566467285e-06,0.23498966544866562
0.04338223114609718,0.5864624977111816,False,family-00337,0.5,1.0,-0.5,maximum,sum_mod_10,0,0.5456039905548096,10.019186019897461,11,0.8831356912851334,maximum__sum_mod_10,0.024896681308746338,-0.018485549837350845,0.04338223114609718
0.8145155124366283,-0.8862030506134033,False,family-00337,0.5,1.0,-0.5,maximum,sum_mod_10,1,0.24687647819519043,15.124457359313965,11,0.8831356912851334,maximum__sum_mod_10,0.8163381814956665,0.0018226690590381622,0.8145155124366283
0.08420197665691376,1.8892542123794556,False,family-00337,0.5,1.0,-0.5,maximum,sum_mod_10,2,0.3171556890010834,18.042070388793945,11,0.8831356912851334,maximum__sum_mod_10,0.06351011991500854,-0.020691856741905212,0.08420197665691376
0.22995881829410791,1.2052335739135742,False,family-00337,0.5,1.0,-0.5,maximum,sum_mod_10,3,0.3783309757709503,22.498455047607422,11,0.8831356912851334,maximum__sum_mod_10,0.23499536514282227,0.005036546848714352,0.22995881829410791
0.01876817038282752,0.34131598472595215,False,family-00337,0.0,1.0,-1.0,minimum,sum_mod_10,0,0.41213059425354004,11.553783416748047,11,-0.010247979313135147,minimum__sum_mod_10,0.00028262054547667503,-0.018485549837350845,0.01876817038282752
0.014990722760558128,0.13357651233673096,False,family-00337,0.0,1.0,-1.0,minimum,sum_mod_10,1,0.42326897382736206,13.297894477844238,11,-0.010247979313135147,minimum__sum_mod_10,-0.013168053701519966,0.0018226690590381622,-0.014990722760558128
0.015317026525735855,0.24831688404083252,False,family-00337,0.0,1.0,-1.0,minimum,sum_mod_10,2,0.18628153204917908,19.44829559326172,11,-0.010247979313135147,minimum__sum_mod_10,-0.005374830216169357,-0.020691856741905212,0.015317026525735855
0.005030847154557705,1.7170586585998535,False,family-00337,0.0,1.0,-1.0,minimum,sum_mod_10,3,0.26097601652145386,23.17217445373535,11,-0.010247979313135147,minimum__sum_mod_10,5.6996941566467285e-06,0.005036546848714352,-0.005030847154557705
0.48590777814388275,0.407626748085022,True,family-00338,0.0,1.0,-1.0,maximum,minimum,0,0.4443590044975281,10.615779876708984,11,0.41118772327899933,maximum__minimum,0.4490965008735657,-0.03681127727031708,0.48590777814388275
0.5569881200790405,-0.4678187370300293,True,family-00338,0.0,1.0,-1.0,maximum,minimum,1,0.4253932237625122,12.019183158874512,11,0.41118772327899933,maximum__minimum,0.5845676064491272,0.02757948637008667,0.5569881200790405
0.14765053987503052,1.4096431732177734,True,family-00338,0.0,1.0,-1.0,maximum,minimum,2,0.14515045285224915,16.808977127075195,11,0.41118772327899933,maximum__minimum,-0.012052834033966064,0.13559770584106445,-0.14765053987503052
0.04345674812793732,-0.13817715644836426,True,family-00338,0.0,1.0,-1.0,maximum,minimum,3,-0.11238063126802444,25.763757705688477,11,0.41118772327899933,maximum__minimum,0.19429072737693787,0.15083397924900055,0.04345674812793732
0.4584924429655075,-0.13622117042541504,False,family-00338,0.0,0.5,-0.5,maximum,sum_mod_10,0,0.2913452386856079,12.644681930541992,11,0.503851406276226,maximum__sum_mod_10,0.4490965008735657,-0.009395942091941833,0.4584924429655075
0.5801078975200653,-0.539676308631897,False,family-00338,0.0,0.5,-0.5,maximum,sum_mod_10,1,0.14191555976867676,15.508920669555664,11,0.503851406276226,maximum__sum_mod_10,0.5845676064491272,0.00445970892906189,0.5801078975200653
0.07843414694070816,2.0812292098999023,False,family-00338,0.0,0.5,-0.5,maximum,sum_mod_10,2,0.25076383352279663,17.767953872680664,11,0.503851406276226,maximum__sum_mod_10,-0.012052834033966064,-0.09048698097467422,0.07843414694070816
0.23676951974630356,0.3073751926422119,False,family-00338,0.0,0.5,-0.5,maximum,sum_mod_10,3,0.4045640826225281,22.368213653564453,11,0.503851406276226,maximum__sum_mod_10,0.19429072737693787,-0.04247879236936569,0.23676951974630356
0.027415335178375244,-0.543847918510437,False,family-00338,1.0,0.5,0.5,minimum,sum_mod_10,0,0.4302484393119812,10.922194480895996,11,0.09266368299722672,minimum__sum_mod_10,-0.03681127727031708,-0.009395942091941833,-0.027415335178375244
0.02311977744102478,-0.07185757160186768,False,family-00338,1.0,0.5,0.5,minimum,sum_mod_10,1,0.3993355631828308,12.334696769714355,11,0.09266368299722672,minimum__sum_mod_10,0.02757948637008667,0.00445970892906189,0.02311977744102478
0.22608468681573868,0.6715860366821289,False,family-00338,1.0,0.5,0.5,minimum,sum_mod_10,2,0.3730832636356354,14.982524871826172,11,0.09266368299722672,minimum__sum_mod_10,0.13559770584106445,-0.09048698097467422,0.22608468681573868
0.19331277161836624,0.44555234909057617,False,family-00338,1.0,0.5,0.5,minimum,sum_mod_10,3,0.33311891555786133,21.033916473388672,11,0.09266368299722672,minimum__sum_mod_10,0.15083397924900055,-0.04247879236936569,0.19331277161836624
0.22312527894973755,-0.38320207595825195,True,family-00339,1.0,0.5,0.5,maximum,minimum,0,0.5439772009849548,9.67015552520752,11,-0.6238827258348465,maximum__minimum,-0.07208126783370972,0.15104401111602783,-0.22312527894973755
0.31078164279460907,0.5820935964584351,True,family-00339,1.0,0.5,0.5,maximum,minimum,1,0.5569313764572144,10.65255069732666,11,-0.6238827258348465,maximum__minimum,-0.013986989855766296,0.2967946529388428,-0.31078164279460907
0.10805189609527588,0.4061601161956787,True,family-00339,1.0,0.5,0.5,maximum,minimum,2,0.44128358364105225,14.726409912109375,11,-0.6238827258348465,maximum__minimum,0.04917198419570923,0.1572238802909851,-0.10805189609527588
0.08059658855199814,-0.3466912508010864,True,family-00339,1.0,0.5,0.5,maximum,minimum,3,0.383993536233902,20.825395584106445,11,-0.6238827258348465,maximum__minimum,0.03735949844121933,-0.04323709011077881,0.08059658855199814
0.05123443901538849,-0.3543112277984619,False,family-00339,1.0,0.0,1.0,maximum,sum_mod_10,0,0.3906387984752655,11.098540306091309,11,-0.03549261391162872,maximum__sum_mod_10,-0.07208126783370972,-0.020846828818321228,-0.05123443901538849
0.026127979159355164,0.42219018936157227,False,family-00339,1.0,0.0,1.0,maximum,sum_mod_10,1,0.44551029801368713,11.428550720214844,11,-0.03549261391162872,maximum__sum_mod_10,-0.013986989855766296,0.012140989303588867,-0.026127979159355164
0.04004928469657898,-0.11104440689086914,False,family-00339,1.0,0.0,1.0,maximum,sum_mod_10,2,0.3951479196548462,15.843021392822266,11,-0.03549261391162872,maximum__sum_mod_10,0.04917198419570923,0.009122699499130249,0.04004928469657898
0.03464076668024063,-0.369434118270874,False,family-00339,1.0,0.0,1.0,maximum,sum_mod_10,3,0.5561144351959229,18.17281150817871,11,-0.03549261391162872,maximum__sum_mod_10,0.03735949844121933,0.0027187317609786987,0.03464076668024063
0.17189083993434906,0.02889084815979004,False,family-00339,0.5,0.0,0.5,minimum,sum_mod_10,0,0.44580769538879395,10.372180938720703,11,0.5883901119232178,minimum__sum_mod_10,0.15104401111602783,-0.020846828818321228,0.17189083993434906
0.2846536636352539,-0.1599034070968628,False,family-00339,0.5,0.0,0.5,minimum,sum_mod_10,1,0.4987631142139435,11.646098136901855,11,0.5883901119232178,minimum__sum_mod_10,0.2967946529388428,0.012140989303588867,0.2846536636352539
0.14810118079185486,-0.5172045230865479,False,family-00339,0.5,0.0,0.5,minimum,sum_mod_10,2,0.639726996421814,12.559357643127441,11,0.5883901119232178,minimum__sum_mod_10,0.1572238802909851,0.009122699499130249,0.14810118079185486
0.04595582187175751,-0.022742867469787598,False,family-00339,0.5,0.0,0.5,minimum,sum_mod_10,3,0.727557897567749,14.551438331604004,11,0.5883901119232178,minimum__sum_mod_10,-0.04323709011077881,0.0027187317609786987,-0.04595582187175751
0.02482709288597107,0.09604465961456299,True,family-00340,0.5,0.0,0.5,maximum,minimum,0,0.5987460613250732,10.177074432373047,11,-0.5030007064342499,maximum__minimum,-0.10661616921424866,-0.13144326210021973,0.02482709288597107
0.10900689661502838,-1.0460870265960693,True,family-00340,0.5,0.0,0.5,maximum,minimum,1,0.5360457301139832,10.769285202026367,11,-0.5030007064342499,maximum__minimum,0.10040874779224396,-0.008598148822784424,0.10900689661502838
0.620269700884819,1.1243595480918884,True,family-00340,0.5,0.0,0.5,maximum,minimum,2,0.21138586103916168,18.804981231689453,11,-0.5030007064342499,maximum__minimum,0.0539943128824234,0.6742640137672424,-0.620269700884819
0.00898808240890503,-0.7502121925354004,True,family-00340,0.5,0.0,0.5,maximum,minimum,3,0.18386152386665344,22.260671615600586,11,-0.5030007064342499,maximum__minimum,0.13887393474578857,0.1478620171546936,-0.00898808240890503
0.11456946283578873,-0.5206459760665894,False,family-00340,0.5,1.0,-0.5,maximum,sum_mod_10,0,0.6948286294937134,8.845870971679688,11,0.18231716006994247,maximum__sum_mod_10,-0.10661616921424866,0.00795329362154007,-0.11456946283578873
0.1032390370965004,-1.0195482969284058,False,family-00340,0.5,1.0,-0.5,maximum,sum_mod_10,1,0.5217429399490356,11.622318267822266,11,0.18231716006994247,maximum__sum_mod_10,0.10040874779224396,-0.002830289304256439,0.1032390370965004
0.039662256836891174,0.5763306617736816,False,family-00340,0.5,1.0,-0.5,maximum,sum_mod_10,2,0.630450963973999,13.788942337036133,11,0.18231716006994247,maximum__sum_mod_10,0.0539943128824234,0.014332056045532227,0.039662256836891174
0.09779063239693642,-0.40912747383117676,False,family-00340,0.5,1.0,-0.5,maximum,sum_mod_10,3,0.7075066566467285,15.429965019226074,11,0.18231716006994247,maximum__sum_mod_10,0.13887393474578857,0.04108330234885216,0.09779063239693642
0.1393965557217598,-0.6166906356811523,False,family-00340,0.0,1.0,-1.0,minimum,sum_mod_10,0,0.6619974970817566,9.126988410949707,11,0.6853178665041924,minimum__sum_mod_10,-0.13144326210021973,0.00795329362154007,-0.1393965557217598
0.005767859518527985,0.026538729667663574,False,family-00340,0.0,1.0,-1.0,minimum,sum_mod_10,1,0.6803814768791199,9.690320014953613,11,0.6853178665041924,minimum__sum_mod_10,-0.008598148822784424,-0.002830289304256439,-0.005767859518527985
0.6599319577217102,-0.5480288863182068,False,family-00340,0.0,1.0,-1.0,minimum,sum_mod_10,2,0.5012176632881165,16.94635009765625,11,0.6853178665041924,minimum__sum_mod_10,0.6742640137672424,0.014332056045532227,0.6599319577217102
0.10677871480584145,0.34108471870422363,False,family-00340,0.0,1.0,-1.0,minimum,sum_mod_10,3,0.29927659034729004,24.541929244995117,11,0.6853178665041924,minimum__sum_mod_10,0.1478620171546936,0.04108330234885216,0.10677871480584145
0.04517561197280884,0.6064572334289551,True,family-00341,0.0,1.0,-1.0,maximum,minimum,0,0.5160443782806396,10.416757583618164,11,0.6541204154491425,maximum__minimum,0.10051852464675903,0.055342912673950195,0.04517561197280884
0.7949102371931076,-0.3051130771636963,True,family-00341,0.0,1.0,-1.0,maximum,minimum,1,0.5653505325317383,11.483104705810547,11,0.6541204154491425,maximum__minimum,0.7385096549987793,-0.05640058219432831,0.7949102371931076
0.08693312108516693,0.9740959405899048,True,family-00341,0.0,1.0,-1.0,maximum,minimum,2,0.3591655492782593,16.13616180419922,11,0.6541204154491425,maximum__minimum,0.027095437049865723,0.11402855813503265,-0.08693312108516693
0.011956781148910522,0.4589049816131592,True,family-00341,0.0,1.0,-1.0,maximum,minimum,3,0.11731947213411331,23.237621307373047,11,0.6541204154491425,maximum__minimum,0.10646605491638184,0.09450927376747131,0.011956781148910522
0.08004678785800934,-0.10552978515625,False,family-00341,0.0,0.5,-0.5,maximum,sum_mod_10,0,0.42772939801216125,11.603365898132324,11,0.6194122582674026,maximum__sum_mod_10,0.10051852464675903,0.020471736788749695,0.08004678785800934
0.7870558500289917,-1.055016040802002,False,family-00341,0.0,0.5,-0.5,maximum,sum_mod_10,1,0.08236265182495117,17.48613166809082,11,0.6194122582674026,maximum__sum_mod_10,0.7385096549987793,-0.0485461950302124,0.7870558500289917
0.027817904949188232,1.0167136788368225,False,family-00341,0.0,0.5,-0.5,maximum,sum_mod_10,2,0.16315510869026184,20.84604835510254,11,0.6194122582674026,maximum__sum_mod_10,0.027095437049865723,-0.0007224678993225098,0.027817904949188232
0.012021034955978394,-0.03620290756225586,False,family-00341,0.0,0.5,-0.5,maximum,sum_mod_10,3,0.2720324993133545,24.678197860717773,11,0.6194122582674026,maximum__sum_mod_10,0.10646605491638184,0.11848708987236023,-0.012021034955978394
0.0348711758852005,-0.7119870185852051,False,family-00341,1.0,0.5,0.5,minimum,sum_mod_10,0,0.5244687795639038,9.795120239257812,11,-0.03470815718173981,minimum__sum_mod_10,0.055342912673950195,0.020471736788749695,0.0348711758852005
0.007854387164115906,-0.7499029636383057,False,family-00341,1.0,0.5,0.5,minimum,sum_mod_10,1,0.2986825108528137,13.796537399291992,11,-0.03470815718173981,minimum__sum_mod_10,-0.05640058219432831,-0.0485461950302124,-0.007854387164115906
0.11475102603435516,0.042617738246917725,False,family-00341,1.0,0.5,0.5,minimum,sum_mod_10,2,0.4528043866157532,14.734454154968262,11,-0.03470815718173981,minimum__sum_mod_10,0.11402855813503265,-0.0007224678993225098,0.11475102603435516
0.023977816104888916,-0.49510788917541504,False,family-00341,1.0,0.5,0.5,minimum,sum_mod_10,3,0.6311790943145752,16.49864387512207,11,-0.03470815718173981,minimum__sum_mod_10,0.09450927376747131,0.11848708987236023,-0.023977816104888916
0.0315403938293457,-0.35396790504455566,True,family-00342,1.0,0.5,0.5,maximum,minimum,0,0.6519912481307983,8.747664451599121,11,0.13296079635620117,maximum__minimum,0.10876429080963135,0.07722389698028564,0.0315403938293457
0.2874728739261627,0.07081842422485352,True,family-00342,1.0,0.5,0.5,maximum,minimum,1,0.6341922283172607,9.472583770751953,11,0.13296079635620117,maximum__minimum,0.3929278254508972,0.1054549515247345,0.2874728739261627
0.009705781936645508,0.45023226737976074,True,family-00342,1.0,0.5,0.5,maximum,minimum,2,0.34949347376823425,14.99622917175293,11,0.13296079635620117,maximum__minimum,0.2274322509765625,0.217726469039917,0.009705781936645508
0.16069579124450684,0.01905059814453125,True,family-00342,1.0,0.5,0.5,maximum,minimum,3,0.14900071918964386,23.572044372558594,11,0.13296079635620117,maximum__minimum,0.21967363357543945,0.05897784233093262,0.16069579124450684
0.1299479715526104,-0.3626730442047119,False,family-00342,1.0,0.0,1.0,maximum,sum_mod_10,0,0.5424851775169373,10.022274017333984,11,0.722389011643827,maximum__sum_mod_10,0.10876429080963135,-0.02118368074297905,0.1299479715526104
0.40114785451442003,-0.8933932781219482,False,family-00342,1.0,0.0,1.0,maximum,sum_mod_10,1,0.4058811366558075,12.220486640930176,11,0.722389011643827,maximum__sum_mod_10,0.3929278254508972,-0.008220029063522816,0.40114785451442003
0.2277533859014511,-0.21046435832977295,False,family-00342,1.0,0.0,1.0,maximum,sum_mod_10,2,0.2502349615097046,17.345529556274414,11,0.722389011643827,maximum__sum_mod_10,0.2274322509765625,-0.00032113492488861084,0.2277533859014511
0.22558982204645872,-0.41856849193573,False,family-00342,1.0,0.0,1.0,maximum,sum_mod_10,3,0.43814146518707275,21.122272491455078,11,0.722389011643827,maximum__sum_mod_10,0.21967363357543945,-0.005916188471019268,0.22558982204645872
0.0984075777232647,-0.00870513916015625,False,family-00342,0.5,0.0,0.5,minimum,sum_mod_10,0,0.35743507742881775,12.485238075256348,11,0.5894282152876258,minimum__sum_mod_10,0.07722389698028564,-0.02118368074297905,0.0984075777232647
0.11367498058825731,-0.9642117023468018,False,family-00342,0.5,0.0,0.5,minimum,sum_mod_10,1,0.23561511933803558,14.929515838623047,11,0.5894282152876258,minimum__sum_mod_10,0.1054549515247345,-0.008220029063522816,0.11367498058825731
0.2180476039648056,-0.6606966257095337,False,family-00342,0.5,0.0,0.5,minimum,sum_mod_10,2,0.42767876386642456,15.44912338256836,11,0.5894282152876258,minimum__sum_mod_10,0.217726469039917,-0.00032113492488861084,0.2180476039648056
0.06489403080195189,-0.43761909008026123,False,family-00342,0.5,0.0,0.5,minimum,sum_mod_10,3,0.47575730085372925,20.416414260864258,11,0.5894282152876258,minimum__sum_mod_10,0.05897784233093262,-0.005916188471019268,0.06489403080195189
0.2997724413871765,-0.17275595664978027,True,family-00343,0.5,0.0,0.5,maximum,minimum,0,0.537020206451416,9.870051383972168,11,0.4363193213939667,maximum__minimum,-0.004308164119720459,0.29546427726745605,-0.2997724413871765
1.0057144463062286,-0.16861295700073242,True,family-00343,0.5,0.0,0.5,maximum,minimum,1,0.24489997327327728,12.521095275878906,11,0.4363193213939667,maximum__minimum,0.8774486184120178,-0.12826582789421082,1.0057144463062286
0.29148784279823303,1.5715644359588623,True,family-00343,0.5,0.0,0.5,maximum,minimum,2,-0.08856210857629776,17.80917739868164,11,0.4363193213939667,maximum__minimum,0.04064112901687622,0.33212897181510925,-0.29148784279823303
0.3273279666900635,-0.955310583114624,True,family-00343,0.5,0.0,0.5,maximum,minimum,3,-0.01163577288389206,22.07961082458496,11,0.4363193213939667,maximum__minimum,0.37315833568573,0.045830368995666504,0.3273279666900635
0.021161191165447235,0.42162632942199707,False,family-00343,0.5,1.0,-0.5,maximum,sum_mod_10,0,0.453609436750412,11.34500503540039,11,0.8499293699860573,maximum__sum_mod_10,-0.004308164119720459,0.016853027045726776,-0.021161191165447235
0.8857699036598206,-0.7583805322647095,False,family-00343,0.5,1.0,-0.5,maximum,sum_mod_10,1,0.361524760723114,13.576416969299316,11,0.8499293699860573,maximum__sum_mod_10,0.8774486184120178,-0.008321285247802734,0.8857699036598206
0.10301686823368073,1.4101393222808838,False,family-00343,0.5,1.0,-0.5,maximum,sum_mod_10,2,0.44210392236709595,15.764477729797363,11,0.8499293699860573,maximum__sum_mod_10,0.04064112901687622,-0.062375739216804504,0.10301686823368073
0.40183326601982117,-0.14785981178283691,False,family-00343,0.5,1.0,-0.5,maximum,sum_mod_10,3,0.5204769968986511,18.9298152923584,11,0.8499293699860573,maximum__sum_mod_10,0.37315833568573,-0.028674930334091187,0.40183326601982117
0.2786112502217293,0.5943822860717773,False,family-00343,0.0,1.0,-1.0,minimum,sum_mod_10,0,0.51532381772995,10.54221248626709,11,0.4136100485920906,minimum__sum_mod_10,0.29546427726745605,0.016853027045726776,0.2786112502217293
0.11994454264640808,-0.589767575263977,False,family-00343,0.0,1.0,-1.0,minimum,sum_mod_10,1,0.5481467843055725,11.605173110961914,11,0.4136100485920906,minimum__sum_mod_10,-0.12826582789421082,-0.008321285247802734,-0.11994454264640808
0.39450471103191376,-0.16142511367797852,False,family-00343,0.0,1.0,-1.0,minimum,sum_mod_10,2,0.357631653547287,17.41645622253418,11,0.4136100485920906,minimum__sum_mod_10,0.33212897181510925,-0.062375739216804504,0.39450471103191376
0.07450529932975769,0.8074507713317871,False,family-00343,0.0,1.0,-1.0,minimum,sum_mod_10,3,0.2918603718280792,22.16254997253418,11,0.4136100485920906,minimum__sum_mod_10,0.045830368995666504,-0.028674930334091187,0.07450529932975769
0.43495526909828186,0.39359021186828613,True,family-00344,0.0,1.0,-1.0,maximum,minimum,0,0.368341326713562,11.250414848327637,11,0.2524638772010803,maximum__minimum,0.018829405307769775,0.45378467440605164,-0.43495526909828186
0.788008451461792,-0.02007579803466797,True,family-00344,0.0,1.0,-1.0,maximum,minimum,1,0.4166950285434723,11.657550811767578,11,0.2524638772010803,maximum__minimum,0.7527486085891724,-0.03525984287261963,0.788008451461792
0.4798169732093811,1.1271809339523315,True,family-00344,0.0,1.0,-1.0,maximum,minimum,2,0.246040940284729,14.562772750854492,11,0.2524638772010803,maximum__minimum,-0.022188007831573486,0.4576289653778076,-0.4798169732093811
0.0613383948802948,-0.607568621635437,True,family-00344,0.0,1.0,-1.0,maximum,minimum,3,0.24459208548069,20.71894073486328,11,0.2524638772010803,maximum__minimum,0.24089854955673218,0.17956015467643738,0.0613383948802948
0.16804534196853638,0.1673130989074707,False,family-00344,0.0,0.5,-0.5,maximum,sum_mod_10,0,0.47006770968437195,11.168924331665039,11,0.5629846751689911,maximum__sum_mod_10,0.018829405307769775,-0.1492159366607666,0.16804534196853638
0.8314771056175232,-0.852426290512085,False,family-00344,0.0,0.5,-0.5,maximum,sum_mod_10,1,0.4156763553619385,12.156733512878418,11,0.5629846751689911,maximum__sum_mod_10,0.7527486085891724,-0.07872849702835083,0.8314771056175232
0.07580244541168213,1.5906960368156433,False,family-00344,0.0,0.5,-0.5,maximum,sum_mod_10,2,0.3289281129837036,15.219939231872559,11,0.5629846751689911,maximum__sum_mod_10,-0.022188007831573486,-0.09799045324325562,0.07580244541168213
0.07031053304672241,-0.30494725704193115,False,family-00344,0.0,0.5,-0.5,maximum,sum_mod_10,3,0.4310583472251892,20.096027374267578,11,0.5629846751689911,maximum__sum_mod_10,0.24089854955673218,0.17058801651000977,0.07031053304672241
0.6030006110668182,-0.22627711296081543,False,family-00344,1.0,0.5,0.5,minimum,sum_mod_10,0,0.3064832389354706,11.72523021697998,11,0.31052079796791077,minimum__sum_mod_10,0.45378467440605164,-0.1492159366607666,0.6030006110668182
0.0434686541557312,-0.832350492477417,False,family-00344,1.0,0.5,0.5,minimum,sum_mod_10,1,0.4400414228439331,10.72138500213623,11,0.31052079796791077,minimum__sum_mod_10,-0.03525984287261963,-0.07872849702835083,0.0434686541557312
0.5556194186210632,0.46351510286331177,False,family-00344,1.0,0.5,0.5,minimum,sum_mod_10,2,0.3431697189807892,13.632755279541016,11,0.31052079796791077,minimum__sum_mod_10,0.4576289653778076,-0.09799045324325562,0.5556194186210632
0.008972138166427612,0.30262136459350586,False,family-00344,1.0,0.5,0.5,minimum,sum_mod_10,3,0.4698956608772278,16.07770538330078,11,0.31052079796791077,minimum__sum_mod_10,0.17956015467643738,0.17058801651000977,0.008972138166427612
0.10921917855739594,0.5481890439987183,True,family-00345,1.0,0.5,0.5,maximum,minimum,0,0.338144451379776,10.69694995880127,11,-0.4795060157775879,maximum__minimum,0.16480083763599396,0.2740200161933899,-0.10921917855739594
0.2707318663597107,0.5570356845855713,True,family-00345,1.0,0.5,0.5,maximum,minimum,1,0.31989550590515137,12.05048656463623,11,-0.4795060157775879,maximum__minimum,-0.052658915519714355,0.21807295083999634,-0.2707318663597107
0.2929707467556,0.7074906229972839,True,family-00345,1.0,0.5,0.5,maximum,minimum,2,0.2903326749801636,15.451668739318848,11,-0.4795060157775879,maximum__minimum,-0.03680041432380676,0.2561703324317932,-0.2929707467556
0.23581591248512268,-0.5401813983917236,True,family-00345,1.0,0.5,0.5,maximum,minimum,3,0.1873793601989746,22.2356014251709,11,-0.4795060157775879,maximum__minimum,0.2668333947658539,0.0310174822807312,0.23581591248512268
0.11602197587490082,0.6662896871566772,False,family-00345,1.0,0.0,1.0,maximum,sum_mod_10,0,0.5276840925216675,9.542251586914062,11,0.10837015509605408,maximum__sum_mod_10,0.16480083763599396,0.04877886176109314,0.11602197587490082
0.1644039899110794,-0.269207239151001,False,family-00345,1.0,0.0,1.0,maximum,sum_mod_10,1,0.4846600592136383,11.138282775878906,11,0.10837015509605408,maximum__sum_mod_10,-0.052658915519714355,0.11174507439136505,-0.1644039899110794
0.041005879640579224,-0.1937272548675537,False,family-00345,1.0,0.0,1.0,maximum,sum_mod_10,2,0.659363329410553,11.342355728149414,11,0.10837015509605408,maximum__sum_mod_10,-0.03680041432380676,0.004205465316772461,-0.041005879640579224
0.459197074174881,-0.7356710433959961,False,family-00345,1.0,0.0,1.0,maximum,sum_mod_10,3,0.6430600881576538,16.054357528686523,11,0.10837015509605408,maximum__sum_mod_10,0.2668333947658539,-0.1923636794090271,0.459197074174881
0.22524115443229675,0.11810064315795898,False,family-00345,0.5,0.0,0.5,minimum,sum_mod_10,0,0.5266663432121277,10.498418807983398,11,0.587876170873642,minimum__sum_mod_10,0.2740200161933899,0.04877886176109314,0.22524115443229675
0.10632787644863129,-0.8262429237365723,False,family-00345,0.5,0.0,0.5,minimum,sum_mod_10,1,0.4504391849040985,13.133583068847656,11,0.587876170873642,minimum__sum_mod_10,0.21807295083999634,0.11174507439136505,0.10632787644863129
0.25196486711502075,-0.9012178778648376,False,family-00345,0.5,0.0,0.5,minimum,sum_mod_10,2,0.46504324674606323,15.618809700012207,11,0.587876170873642,minimum__sum_mod_10,0.2561703324317932,0.004205465316772461,0.25196486711502075
0.2233811616897583,-0.19548964500427246,False,family-00345,0.5,0.0,0.5,minimum,sum_mod_10,3,0.4625123143196106,20.453519821166992,11,0.587876170873642,minimum__sum_mod_10,0.0310174822807312,-0.1923636794090271,0.2233811616897583
0.050796568393707275,-0.6719168424606323,True,family-00346,0.5,0.0,0.5,maximum,minimum,0,0.5315288305282593,10.723699569702148,11,-0.04810464382171631,maximum__minimum,-0.013536036014556885,0.03726053237915039,-0.050796568393707275
0.8909429907798767,-0.5468112826347351,True,family-00346,0.5,0.0,0.5,maximum,minimum,1,0.5194209218025208,11.516947746276855,11,-0.04810464382171631,maximum__minimum,0.8675854802131653,-0.023357510566711426,0.8909429907798767
0.6583348512649536,1.4752700924873352,True,family-00346,0.5,0.0,0.5,maximum,minimum,2,0.21357178688049316,18.34187126159668,11,-0.04810464382171631,maximum__minimum,0.0024268031120300293,0.6607616543769836,-0.6583348512649536
0.014019608497619629,-0.33164703845977783,True,family-00346,0.5,0.0,0.5,maximum,minimum,3,0.24656060338020325,21.671375274658203,11,-0.04810464382171631,maximum__minimum,0.07747220993041992,0.09149181842803955,-0.014019608497619629
0.18135948479175568,-0.8089420795440674,False,family-00346,0.5,1.0,-0.5,maximum,sum_mod_10,0,0.6789072155952454,9.230133056640625,11,0.6564575880765915,maximum__sum_mod_10,-0.013536036014556885,0.1678234487771988,-0.18135948479175568
0.7753759324550629,-1.9459406733512878,False,family-00346,0.5,1.0,-0.5,maximum,sum_mod_10,1,0.48508119583129883,12.936742782592773,11,0.6564575880765915,maximum__sum_mod_10,0.8675854802131653,0.09220954775810242,0.7753759324550629
0.20351730287075043,1.0232596397399902,False,family-00346,0.5,1.0,-0.5,maximum,sum_mod_10,2,0.42063984274864197,16.58660316467285,11,0.6564575880765915,maximum__sum_mod_10,0.0024268031120300293,0.20594410598278046,-0.20351730287075043
0.19438309967517853,-0.4414933919906616,False,family-00346,0.5,1.0,-0.5,maximum,sum_mod_10,3,0.546527087688446,17.438756942749023,11,0.6564575880765915,maximum__sum_mod_10,0.07747220993041992,-0.1169108897447586,0.19438309967517853
0.1305629163980484,-0.13702523708343506,False,family-00346,0.0,1.0,-1.0,minimum,sum_mod_10,0,0.3919678330421448,11.701797485351562,11,0.7045622318983078,minimum__sum_mod_10,0.03726053237915039,0.1678234487771988,-0.1305629163980484
0.11556705832481384,-1.3991293907165527,False,family-00346,0.0,1.0,-1.0,minimum,sum_mod_10,1,0.3217397928237915,13.78280258178711,11,0.7045622318983078,minimum__sum_mod_10,-0.023357510566711426,0.09220954775810242,-0.11556705832481384
0.4548175483942032,-0.45201045274734497,False,family-00346,0.0,1.0,-1.0,minimum,sum_mod_10,2,0.44911444187164307,16.28116798400879,11,0.7045622318983078,minimum__sum_mod_10,0.6607616543769836,0.20594410598278046,0.4548175483942032
0.20840270817279816,-0.10984635353088379,False,family-00346,0.0,1.0,-1.0,minimum,sum_mod_10,3,0.38995829224586487,20.57758140563965,11,0.7045622318983078,minimum__sum_mod_10,0.09149181842803955,-0.1169108897447586,0.20840270817279816
0.49656349420547485,0.2649850845336914,True,family-00347,0.0,1.0,-1.0,maximum,minimum,0,0.5922590494155884,10.334121704101562,11,-0.19217941164970398,maximum__minimum,-0.08514717221260071,0.41141632199287415,-0.49656349420547485
0.3060009032487869,-0.04178571701049805,True,family-00347,0.0,1.0,-1.0,maximum,minimum,1,0.444068044424057,12.095335006713867,11,-0.19217941164970398,maximum__minimum,0.23980970680713654,-0.06619119644165039,0.3060009032487869
0.004004940390586853,1.7111082077026367,True,family-00347,0.0,1.0,-1.0,maximum,minimum,2,0.2615143656730652,16.35186767578125,11,-0.19217941164970398,maximum__minimum,0.16875530779361725,0.1727602481842041,-0.004004940390586853
0.10702556371688843,0.14565467834472656,True,family-00347,0.0,1.0,-1.0,maximum,minimum,3,0.04834405332803726,22.392126083374023,11,-0.19217941164970398,maximum__minimum,0.21079972386360168,0.10377416014671326,0.10702556371688843
0.055131975561380386,0.008733272552490234,False,family-00347,0.0,0.5,-0.5,maximum,sum_mod_10,0,0.45444217324256897,11.969820976257324,11,0.35111865773797035,maximum__sum_mod_10,-0.08514717221260071,-0.03001519665122032,-0.055131975561380386
0.23786788433790207,-0.610546350479126,False,family-00347,0.0,0.5,-0.5,maximum,sum_mod_10,1,0.3819734454154968,13.05683422088623,11,0.35111865773797035,maximum__sum_mod_10,0.23980970680713654,0.0019418224692344666,0.23786788433790207
0.15686166286468506,1.7581514120101929,False,family-00347,0.0,0.5,-0.5,maximum,sum_mod_10,2,0.39613550901412964,14.875038146972656,11,0.35111865773797035,maximum__sum_mod_10,0.16875530779361725,0.01189364492893219,0.15686166286468506
0.2508956156671047,0.45545482635498047,False,family-00347,0.0,0.5,-0.5,maximum,sum_mod_10,3,0.4476853013038635,18.13793182373047,11,0.35111865773797035,maximum__sum_mod_10,0.21079972386360168,-0.040095891803503036,0.2508956156671047
0.44143151864409447,-0.25625181198120117,False,family-00347,1.0,0.5,0.5,minimum,sum_mod_10,0,0.42361748218536377,11.349574089050293,11,0.5432980693876743,minimum__sum_mod_10,0.41141632199287415,-0.03001519665122032,0.44143151864409447
0.06813301891088486,-0.5687606334686279,False,family-00347,1.0,0.5,0.5,minimum,sum_mod_10,1,0.5042911767959595,10.600008964538574,11,0.5432980693876743,minimum__sum_mod_10,-0.06619119644165039,0.0019418224692344666,-0.06813301891088486
0.1608666032552719,0.04704320430755615,False,family-00347,1.0,0.5,0.5,minimum,sum_mod_10,2,0.3968578279018402,14.93569278717041,11,0.5432980693876743,minimum__sum_mod_10,0.1727602481842041,0.01189364492893219,0.1608666032552719
0.1438700519502163,0.3098001480102539,False,family-00347,1.0,0.5,0.5,minimum,sum_mod_10,3,0.3518020510673523,20.655088424682617,11,0.5432980693876743,minimum__sum_mod_10,0.10377416014671326,-0.040095891803503036,0.1438700519502163
0.21302390098571777,0.9333404302597046,True,family-00348,1.0,0.5,0.5,maximum,minimum,0,0.5466310977935791,10.852532386779785,11,-0.016331970691680908,maximum__minimum,0.021867871284484863,0.23489177227020264,-0.21302390098571777
0.6239698529243469,0.8898259401321411,True,family-00348,1.0,0.5,0.5,maximum,minimum,1,0.5840034484863281,11.212435722351074,11,-0.016331970691680908,maximum__minimum,0.7204463481903076,0.0964764952659607,0.6239698529243469
0.2181917428970337,0.45323479175567627,True,family-00348,1.0,0.5,0.5,maximum,minimum,2,0.4312295913696289,15.158929824829102,11,-0.016331970691680908,maximum__minimum,0.009187757968902588,0.22737950086593628,-0.2181917428970337
0.032360851764678955,0.25237512588500977,True,family-00348,1.0,0.5,0.5,maximum,minimum,3,0.2890176475048065,20.94610595703125,11,-0.016331970691680908,maximum__minimum,0.1469554305076599,0.11459457874298096,0.032360851764678955
0.044642165303230286,0.8452365398406982,False,family-00348,1.0,0.0,1.0,maximum,sum_mod_10,0,0.5016534328460693,10.952214241027832,11,0.8162099346518517,maximum__sum_mod_10,0.021867871284484863,-0.022774294018745422,0.044642165303230286
0.7335491143167019,0.1287609338760376,False,family-00348,1.0,0.0,1.0,maximum,sum_mod_10,1,0.5251912474632263,12.071450233459473,11,0.8162099346518517,maximum__sum_mod_10,0.7204463481903076,-0.013102766126394272,0.7335491143167019
0.007819017395377159,-0.03166782855987549,False,family-00348,1.0,0.0,1.0,maximum,sum_mod_10,2,0.4576103091239929,14.98180866241455,11,0.8162099346518517,maximum__sum_mod_10,0.009187757968902588,0.0013687405735254288,0.007819017395377159
0.1442156620323658,0.22977709770202637,False,family-00348,1.0,0.0,1.0,maximum,sum_mod_10,3,0.46720224618911743,18.836336135864258,11,0.8162099346518517,maximum__sum_mod_10,0.1469554305076599,0.002739768475294113,0.1442156620323658
0.25766606628894806,-0.08810389041900635,False,family-00348,0.5,0.0,0.5,minimum,sum_mod_10,0,0.5878203511238098,10.713991165161133,11,0.8325419053435326,minimum__sum_mod_10,0.23489177227020264,-0.022774294018745422,0.25766606628894806
0.10957926139235497,-0.7610650062561035,False,family-00348,0.5,0.0,0.5,minimum,sum_mod_10,1,0.55269855260849,12.442258834838867,11,0.8325419053435326,minimum__sum_mod_10,0.0964764952659607,-0.013102766126394272,0.10957926139235497
0.22601076029241085,-0.48490262031555176,False,family-00348,0.5,0.0,0.5,minimum,sum_mod_10,2,0.6340381503105164,12.529906272888184,11,0.8325419053435326,minimum__sum_mod_10,0.22737950086593628,0.0013687405735254288,0.22601076029241085
0.11185481026768684,-0.0225980281829834,False,family-00348,0.5,0.0,0.5,minimum,sum_mod_10,3,0.6922770738601685,14.413073539733887,11,0.8325419053435326,minimum__sum_mod_10,0.11459457874298096,0.002739768475294113,0.11185481026768684
0.1987847089767456,-0.01889324188232422,True,family-00349,0.5,0.0,0.5,maximum,minimum,0,0.5566918849945068,9.304851531982422,11,0.5988019108772278,maximum__minimum,0.03765130043029785,0.23643600940704346,-0.1987847089767456
0.8537996411323547,-0.9136196970939636,True,family-00349,0.5,0.0,0.5,maximum,minimum,1,0.5016407370567322,11.786128044128418,11,0.5988019108772278,maximum__minimum,0.8297643065452576,-0.024035334587097168,0.8537996411323547
0.12264494597911835,1.7919597625732422,True,family-00349,0.5,0.0,0.5,maximum,minimum,2,0.33194684982299805,15.771197319030762,11,0.5988019108772278,maximum__minimum,0.05012309551239014,0.17276804149150848,-0.12264494597911835
0.014066696166992188,-0.5281484127044678,True,family-00349,0.5,0.0,0.5,maximum,minimum,3,0.310695081949234,19.202539443969727,11,0.5988019108772278,maximum__minimum,0.15190374851226807,0.13783705234527588,0.014066696166992188
0.16919395327568054,0.33018970489501953,False,family-00349,0.5,1.0,-0.5,maximum,sum_mod_10,0,0.46476632356643677,10.467432975769043,11,0.575066477060318,maximum__sum_mod_10,0.03765130043029785,0.2068452537059784,-0.16919395327568054
0.6976446211338043,-1.3500462174415588,False,family-00349,0.5,1.0,-0.5,maximum,sum_mod_10,1,0.1371256709098816,14.596623420715332,11,0.575066477060318,maximum__sum_mod_10,0.8297643065452576,0.13211968541145325,0.6976446211338043
0.018163025379180908,1.3574154376983643,False,family-00349,0.5,1.0,-0.5,maximum,sum_mod_10,2,0.18222694098949432,17.23592185974121,11,0.575066477060318,maximum__sum_mod_10,0.05012309551239014,0.06828612089157104,-0.018163025379180908
0.12389141321182251,0.490836501121521,False,family-00349,0.5,1.0,-0.5,maximum,sum_mod_10,3,0.2110753208398819,22.275846481323242,11,0.575066477060318,maximum__sum_mod_10,0.15190374851226807,0.2757951617240906,-0.12389141321182251
0.029590755701065063,0.34908294677734375,False,family-00349,0.0,1.0,-1.0,minimum,sum_mod_10,0,0.6071573495864868,9.556686401367188,11,-0.02373543381690979,minimum__sum_mod_10,0.23643600940704346,0.2068452537059784,0.029590755701065063
0.15615501999855042,-0.4364265203475952,False,family-00349,0.0,1.0,-1.0,minimum,sum_mod_10,1,0.4919634461402893,11.402006149291992,11,-0.02373543381690979,minimum__sum_mod_10,-0.024035334587097168,0.13211968541145325,-0.15615501999855042
0.10448192059993744,-0.43454432487487793,False,family-00349,0.0,1.0,-1.0,minimum,sum_mod_10,2,0.33042484521865845,14.833475112915039,11,-0.02373543381690979,minimum__sum_mod_10,0.17276804149150848,0.06828612089157104,0.10448192059993744
0.1379581093788147,1.0189849138259888,False,family-00349,0.0,1.0,-1.0,minimum,sum_mod_10,3,0.39474809169769287,17.821760177612305,11,-0.02373543381690979,minimum__sum_mod_10,0.13783705234527588,0.2757951617240906,-0.1379581093788147
0.2656307518482208,0.40781450271606445,True,family-00350,0.0,1.0,-1.0,maximum,minimum,0,0.5816717743873596,10.322113037109375,11,-0.5200458467006683,maximum__minimum,-0.19810006022453308,0.06753069162368774,-0.2656307518482208
0.3281499445438385,-0.0886458158493042,True,family-00350,0.0,1.0,-1.0,maximum,minimum,1,0.61220782995224,10.787372589111328,11,-0.5200458467006683,maximum__minimum,0.3141508996486664,-0.01399904489517212,0.3281499445438385
0.6401596367359161,0.7269045114517212,True,family-00350,0.0,1.0,-1.0,maximum,minimum,2,0.354818195104599,16.047569274902344,11,-0.5200458467006683,maximum__minimum,-0.04102018475532532,0.5991394519805908,-0.6401596367359161
0.09518176317214966,-0.12648403644561768,True,family-00350,0.0,1.0,-1.0,maximum,minimum,3,0.09187467396259308,25.216899871826172,11,-0.5200458467006683,maximum__minimum,0.09644424915313721,0.19162601232528687,-0.09518176317214966
0.18940135650336742,1.1605932712554932,False,family-00350,0.0,0.5,-0.5,maximum,sum_mod_10,0,0.2003088742494583,14.622034072875977,11,0.34427829273045063,maximum__sum_mod_10,-0.19810006022453308,-0.008698703721165657,-0.18940135650336742
0.31461698189377785,-0.5633573532104492,False,family-00350,0.0,0.5,-0.5,maximum,sum_mod_10,1,0.1344996988773346,16.64406967163086,11,0.34427829273045063,maximum__sum_mod_10,0.3141508996486664,-0.00046608224511146545,0.31461698189377785
0.037797711789608,1.3039360642433167,False,family-00350,0.0,0.5,-0.5,maximum,sum_mod_10,2,0.29244256019592285,17.718463897705078,11,0.34427829273045063,maximum__sum_mod_10,-0.04102018475532532,-0.0032224729657173157,-0.037797711789608
0.09991133213043213,0.17268002033233643,False,family-00350,0.0,0.5,-0.5,maximum,sum_mod_10,3,0.5722541809082031,18.56102180480957,11,0.34427829273045063,maximum__sum_mod_10,0.09644424915313721,-0.003467082977294922,0.09991133213043213
0.0762293953448534,0.7527787685394287,False,family-00350,1.0,0.5,0.5,minimum,sum_mod_10,0,0.5284819602966309,10.682304382324219,11,0.864324139431119,minimum__sum_mod_10,0.06753069162368774,-0.008698703721165657,0.0762293953448534
0.013532962650060654,-0.474711537361145,False,family-00350,1.0,0.5,0.5,minimum,sum_mod_10,1,0.40749233961105347,12.228141784667969,11,0.864324139431119,minimum__sum_mod_10,-0.01399904489517212,-0.00046608224511146545,-0.013532962650060654
0.6023619249463081,0.5770315527915955,False,family-00350,1.0,0.5,0.5,minimum,sum_mod_10,2,0.4620067775249481,14.838249206542969,11,0.864324139431119,minimum__sum_mod_10,0.5991394519805908,-0.0032224729657173157,0.6023619249463081
0.1950930953025818,0.2991640567779541,False,family-00350,1.0,0.5,0.5,minimum,sum_mod_10,3,0.3077588379383087,23.821819305419922,11,0.864324139431119,minimum__sum_mod_10,0.19162601232528687,-0.003467082977294922,0.1950930953025818
0.00395888090133667,-0.21155571937561035,True,family-00351,1.0,0.5,0.5,maximum,minimum,0,0.558262288570404,10.109317779541016,11,-0.07674086093902588,maximum__minimum,-0.046326398849487305,-0.050285279750823975,0.00395888090133667
0.4887189269065857,0.07425904273986816,True,family-00351,1.0,0.5,0.5,maximum,minimum,1,0.6403751969337463,10.850998878479004,11,-0.07674086093902588,maximum__minimum,0.5210440158843994,0.03232508897781372,0.4887189269065857
0.506430447101593,0.09891688823699951,True,family-00351,1.0,0.5,0.5,maximum,minimum,2,0.6177666783332825,15.44303035736084,11,-0.07674086093902588,maximum__minimum,0.0417478084564209,0.5481782555580139,-0.506430447101593
0.016986966133117676,-0.23518824577331543,True,family-00351,1.0,0.5,0.5,maximum,minimum,3,0.4909425973892212,22.008546829223633,11,-0.07674086093902588,maximum__minimum,0.14191919565200806,0.12493222951889038,0.016986966133117676
0.10706079751253128,-0.2711920738220215,False,family-00351,1.0,0.0,1.0,maximum,sum_mod_10,0,0.5624219179153442,10.104540824890137,11,0.6395232975482941,maximum__sum_mod_10,-0.046326398849487305,0.060734398663043976,-0.10706079751253128
0.5224670544266701,-0.44759416580200195,False,family-00351,1.0,0.0,1.0,maximum,sum_mod_10,1,0.5057418942451477,12.594990730285645,11,0.6395232975482941,maximum__sum_mod_10,0.5210440158843994,-0.0014230385422706604,0.5224670544266701
0.01262800395488739,-0.2801600694656372,False,family-00351,1.0,0.0,1.0,maximum,sum_mod_10,2,0.661942183971405,14.58065414428711,11,0.6395232975482941,maximum__sum_mod_10,0.0417478084564209,0.02911980450153351,0.01262800395488739
0.12475673854351044,-0.2446751594543457,False,family-00351,1.0,0.0,1.0,maximum,sum_mod_10,3,0.6998059749603271,17.448978424072266,11,0.6395232975482941,maximum__sum_mod_10,0.14191919565200806,0.01716245710849762,0.12475673854351044
0.11101967841386795,-0.05963635444641113,False,family-00351,0.5,0.0,0.5,minimum,sum_mod_10,0,0.4852595329284668,10.744231224060059,11,0.71626415848732,minimum__sum_mod_10,-0.050285279750823975,0.060734398663043976,-0.11101967841386795
0.03374812752008438,-0.5218532085418701,False,family-00351,0.5,0.0,0.5,minimum,sum_mod_10,1,0.41267913579940796,13.244464874267578,11,0.71626415848732,minimum__sum_mod_10,0.03232508897781372,-0.0014230385422706604,0.03374812752008438
0.5190584510564804,-0.3790769577026367,False,family-00351,0.5,0.0,0.5,minimum,sum_mod_10,2,0.5963218808174133,15.128312110900879,11,0.71626415848732,minimum__sum_mod_10,0.5481782555580139,0.02911980450153351,0.5190584510564804
0.10776977241039276,-0.009486913681030273,False,family-00351,0.5,0.0,0.5,minimum,sum_mod_10,3,0.5893088579177856,19.163036346435547,11,0.71626415848732,minimum__sum_mod_10,0.12493222951889038,0.01716245710849762,0.10776977241039276
0.24676722288131714,-0.21664297580718994,True,family-00352,0.5,0.0,0.5,maximum,minimum,0,0.6987440586090088,9.157873153686523,11,0.08764278888702393,maximum__minimum,-0.026997864246368408,0.21976935863494873,-0.24676722288131714
0.011284977197647095,-0.9618416428565979,True,family-00352,0.5,0.0,0.5,maximum,minimum,1,0.6453394293785095,9.724852561950684,11,0.08764278888702393,maximum__minimum,0.10362797975540161,0.09234300255775452,0.011284977197647095
0.17100712656974792,0.9547752141952515,True,family-00352,0.5,0.0,0.5,maximum,minimum,2,0.5646886825561523,13.908500671386719,11,0.08764278888702393,maximum__minimum,0.016689717769622803,0.18769684433937073,-0.17100712656974792
0.289810448884964,-0.42249512672424316,True,family-00352,0.5,0.0,0.5,maximum,minimum,3,0.5629693269729614,18.57667350769043,11,0.08764278888702393,maximum__minimum,0.22985109686851501,-0.059959352016448975,0.289810448884964
0.04427851922810078,-0.475033164024353,False,family-00352,0.5,1.0,-0.5,maximum,sum_mod_10,0,0.6749569177627563,9.423062324523926,11,0.6122826933860779,maximum__sum_mod_10,-0.026997864246368408,0.01728065498173237,-0.04427851922810078
0.0900517925620079,-1.0820412039756775,False,family-00352,0.5,1.0,-0.5,maximum,sum_mod_10,1,0.5719856023788452,10.714587211608887,11,0.6122826933860779,maximum__sum_mod_10,0.10362797975540161,0.013576187193393707,0.0900517925620079
0.018515046685934067,0.5110533237457275,False,family-00352,0.5,1.0,-0.5,maximum,sum_mod_10,2,0.673657238483429,12.029034614562988,11,0.6122826933860779,maximum__sum_mod_10,0.016689717769622803,-0.001825328916311264,0.018515046685934067
0.26188206672668457,0.08925271034240723,False,family-00352,0.5,1.0,-0.5,maximum,sum_mod_10,3,0.7772104144096375,13.481918334960938,11,0.6122826933860779,maximum__sum_mod_10,0.22985109686851501,-0.032030969858169556,0.26188206672668457
0.20248870365321636,-0.2583901882171631,False,family-00352,0.0,1.0,-1.0,minimum,sum_mod_10,0,0.9405096173286438,3.879578113555908,11,0.524639904499054,minimum__sum_mod_10,0.21976935863494873,0.01728065498173237,0.20248870365321636
0.07876681536436081,-0.12019956111907959,False,family-00352,0.0,1.0,-1.0,minimum,sum_mod_10,1,0.8996047377586365,5.377518653869629,11,0.524639904499054,minimum__sum_mod_10,0.09234300255775452,0.013576187193393707,0.07876681536436081
0.189522173255682,-0.4437218904495239,False,family-00352,0.0,1.0,-1.0,minimum,sum_mod_10,2,0.791285514831543,10.145763397216797,11,0.524639904499054,minimum__sum_mod_10,0.18769684433937073,-0.001825328916311264,0.189522173255682
0.02792838215827942,0.5117478370666504,False,family-00352,0.0,1.0,-1.0,minimum,sum_mod_10,3,0.7563343644142151,14.074951171875,11,0.524639904499054,minimum__sum_mod_10,-0.059959352016448975,-0.032030969858169556,-0.02792838215827942
0.5123883485794067,1.1284775733947754,True,family-00353,0.0,1.0,-1.0,maximum,minimum,0,0.6249063611030579,9.567047119140625,11,0.0021651387214660645,maximum__minimum,0.06360578536987305,0.5759941339492798,-0.5123883485794067
0.8068157434463501,-0.1488558053970337,True,family-00353,0.0,1.0,-1.0,maximum,minimum,1,0.5060988664627075,11.006356239318848,11,0.0021651387214660645,maximum__minimum,0.860215961933136,0.05340021848678589,0.8068157434463501
0.24134784936904907,1.2993310689926147,True,family-00353,0.0,1.0,-1.0,maximum,minimum,2,0.3247213065624237,14.504948616027832,11,0.0021651387214660645,maximum__minimum,0.005457818508148193,0.24680566787719727,-0.24134784936904907
0.18374693393707275,-0.09590005874633789,True,family-00353,0.0,1.0,-1.0,maximum,minimum,3,-0.02436000108718872,24.136945724487305,11,0.0021651387214660645,maximum__minimum,0.2894397974014282,0.10569286346435547,0.18374693393707275
0.12541363388299942,0.6070144176483154,False,family-00353,0.0,0.5,-0.5,maximum,sum_mod_10,0,0.539061427116394,10.765942573547363,11,0.8028094246983528,maximum__sum_mod_10,0.06360578536987305,-0.06180784851312637,0.12541363388299942
0.8360566012561321,-0.6044696569442749,False,family-00353,0.0,0.5,-0.5,maximum,sum_mod_10,1,0.4539525806903839,13.185464859008789,11,0.8028094246983528,maximum__sum_mod_10,0.860215961933136,0.02415936067700386,0.8360566012561321
0.03314737230539322,1.5565069913864136,False,family-00353,0.0,0.5,-0.5,maximum,sum_mod_10,2,0.4869047999382019,15.058856010437012,11,0.8028094246983528,maximum__sum_mod_10,0.005457818508148193,0.03860519081354141,-0.03314737230539322
0.27246033400297165,0.23506379127502441,False,family-00353,0.0,0.5,-0.5,maximum,sum_mod_10,3,0.5079197883605957,19.63526153564453,11,0.8028094246983528,maximum__sum_mod_10,0.2894397974014282,0.016979463398456573,0.27246033400297165
0.6378019824624062,-0.52146315574646,False,family-00353,1.0,0.5,0.5,minimum,sum_mod_10,0,0.5622148513793945,10.623920440673828,11,0.8006442859768867,minimum__sum_mod_10,0.5759941339492798,-0.06180784851312637,0.6378019824624062
0.029240857809782028,-0.4556138515472412,False,family-00353,1.0,0.5,0.5,minimum,sum_mod_10,1,0.6111623644828796,11.02951431274414,11,0.8006442859768867,minimum__sum_mod_10,0.05340021848678589,0.02415936067700386,0.029240857809782028
0.20820047706365585,0.25717592239379883,False,family-00353,1.0,0.5,0.5,minimum,sum_mod_10,2,0.5764389038085938,13.684808731079102,11,0.8006442859768867,minimum__sum_mod_10,0.24680566787719727,0.03860519081354141,0.20820047706365585
0.0887134000658989,0.3309638500213623,False,family-00353,1.0,0.5,0.5,minimum,sum_mod_10,3,0.5034186840057373,18.597007751464844,11,0.8006442859768867,minimum__sum_mod_10,0.10569286346435547,0.016979463398456573,0.0887134000658989
0.08146965503692627,0.7753852605819702,True,family-00354,1.0,0.5,0.5,maximum,minimum,0,0.4615405797958374,10.870849609375,11,-0.0714837908744812,maximum__minimum,0.10128885507583618,0.019819200038909912,0.08146965503692627
0.7037132382392883,0.5416572093963623,True,family-00354,1.0,0.5,0.5,maximum,minimum,1,0.5135169625282288,10.946046829223633,11,-0.0714837908744812,maximum__minimum,0.7472845315933228,0.043571293354034424,0.7037132382392883
0.5010218620300293,0.384989857673645,True,family-00354,1.0,0.5,0.5,maximum,minimum,2,0.37639740109443665,16.850040435791016,11,-0.0714837908744812,maximum__minimum,0.0644025206565857,0.565424382686615,-0.5010218620300293
0.16111886501312256,-0.6826663017272949,True,family-00354,1.0,0.5,0.5,maximum,minimum,3,0.14126408100128174,24.7370662689209,11,-0.0714837908744812,maximum__minimum,0.223300039768219,0.062181174755096436,0.16111886501312256
0.11357556283473969,-0.1248159408569336,False,family-00354,1.0,0.0,1.0,maximum,sum_mod_10,0,0.38164037466049194,11.28044319152832,11,0.7724925875663757,maximum__sum_mod_10,0.10128885507583618,-0.012286707758903503,0.11357556283473969
0.7876161336898804,-0.10085320472717285,False,family-00354,1.0,0.0,1.0,maximum,sum_mod_10,1,0.21911847591400146,13.267251014709473,11,0.7724925875663757,maximum__sum_mod_10,0.7472845315933228,-0.04033160209655762,0.7876161336898804
0.046588219702243805,0.3443784713745117,False,family-00354,1.0,0.0,1.0,maximum,sum_mod_10,2,0.24064649641513824,17.81313133239746,11,0.7724925875663757,maximum__sum_mod_10,0.0644025206565857,0.01781430095434189,0.046588219702243805
0.15257884562015533,-0.41732335090637207,False,family-00354,1.0,0.0,1.0,maximum,sum_mod_10,3,0.3680746853351593,20.949127197265625,11,0.7724925875663757,maximum__sum_mod_10,0.223300039768219,0.07072119414806366,0.15257884562015533
0.032105907797813416,-0.9002012014389038,False,family-00354,0.5,0.0,0.5,minimum,sum_mod_10,0,0.38678109645843506,11.30087661743164,11,0.8439763784408569,minimum__sum_mod_10,0.019819200038909912,-0.012286707758903503,0.032105907797813416
0.08390289545059204,-0.6425104141235352,False,family-00354,0.5,0.0,0.5,minimum,sum_mod_10,1,0.1583482027053833,14.050480842590332,11,0.8439763784408569,minimum__sum_mod_10,0.043571293354034424,-0.04033160209655762,0.08390289545059204
0.5476100817322731,-0.0406113862991333,False,family-00354,0.5,0.0,0.5,minimum,sum_mod_10,2,0.4688490629196167,14.979181289672852,11,0.8439763784408569,minimum__sum_mod_10,0.565424382686615,0.01781430095434189,0.5476100817322731
0.008540019392967224,0.26534295082092285,False,family-00354,0.5,0.0,0.5,minimum,sum_mod_10,3,0.49235954880714417,18.495018005371094,11,0.8439763784408569,minimum__sum_mod_10,0.062181174755096436,0.07072119414806366,-0.008540019392967224
0.07451605796813965,0.365631103515625,True,family-00355,0.5,0.0,0.5,maximum,minimum,0,0.4383775293827057,9.974030494689941,11,0.574834018945694,maximum__minimum,0.14556598663330078,0.22008204460144043,-0.07451605796813965
0.3379884660243988,-0.5504430532455444,True,family-00355,0.5,0.0,0.5,maximum,minimum,1,0.3422476649284363,11.47778606414795,11,0.574834018945694,maximum__minimum,0.4851098358631134,0.1471213698387146,0.3379884660243988
0.12731146812438965,1.5676367282867432,True,family-00355,0.5,0.0,0.5,maximum,minimum,2,0.09360544383525848,14.636643409729004,11,0.574834018945694,maximum__minimum,0.11976498365402222,0.24707645177841187,-0.12731146812438965
0.017812684178352356,0.029149532318115234,True,family-00355,0.5,0.0,0.5,maximum,minimum,3,0.21565870940685272,17.969928741455078,11,0.574834018945694,maximum__minimum,0.1667846441268921,0.14897195994853973,0.017812684178352356
0.04255233705043793,0.2395484447479248,False,family-00355,0.5,1.0,-0.5,maximum,sum_mod_10,0,0.3692176043987274,10.906246185302734,11,0.5134496986865997,maximum__sum_mod_10,0.14556598663330078,0.1881183236837387,-0.04255233705043793
0.48221132159233093,-1.4346102476119995,False,family-00355,0.5,1.0,-0.5,maximum,sum_mod_10,1,-0.1858460158109665,18.0693302154541,11,0.5134496986865997,maximum__sum_mod_10,0.4851098358631134,0.0028985142707824707,0.48221132159233093
0.1645316779613495,1.401667594909668,False,family-00355,0.5,1.0,-0.5,maximum,sum_mod_10,2,-0.01150725968182087,20.456945419311523,11,0.5134496986865997,maximum__sum_mod_10,0.11976498365402222,-0.04476669430732727,0.1645316779613495
0.085187166929245,0.1362318992614746,False,family-00355,0.5,1.0,-0.5,maximum,sum_mod_10,3,0.3300766348838806,21.703567504882812,11,0.5134496986865997,maximum__sum_mod_10,0.1667846441268921,0.0815974771976471,0.085187166929245
0.03196372091770172,-0.1260826587677002,False,family-00355,0.0,1.0,-1.0,minimum,sum_mod_10,0,0.47107136249542236,10.870709419250488,11,-0.06138432025909424,minimum__sum_mod_10,0.22008204460144043,0.1881183236837387,0.03196372091770172
0.14422285556793213,-0.8841671943664551,False,family-00355,0.0,1.0,-1.0,minimum,sum_mod_10,1,0.31739938259124756,13.999086380004883,11,-0.06138432025909424,minimum__sum_mod_10,0.1471213698387146,0.0028985142707824707,0.14422285556793213
0.29184314608573914,-0.1659691333770752,False,family-00355,0.0,1.0,-1.0,minimum,sum_mod_10,2,0.42652180790901184,16.201236724853516,11,-0.06138432025909424,minimum__sum_mod_10,0.24707645177841187,-0.04476669430732727,0.29184314608573914
0.06737448275089264,0.10708236694335938,False,family-00355,0.0,1.0,-1.0,minimum,sum_mod_10,3,0.5695056915283203,17.753990173339844,11,-0.06138432025909424,minimum__sum_mod_10,0.14897195994853973,0.0815974771976471,0.06737448275089264
0.038399338722229004,0.437300443649292,True,family-00356,0.0,1.0,-1.0,maximum,minimum,0,0.5389319658279419,10.121577262878418,11,-0.006754577159881592,maximum__minimum,0.0403057336807251,0.0019063949584960938,0.038399338722229004
0.8737524151802063,-0.37278497219085693,True,family-00356,0.0,1.0,-1.0,maximum,minimum,1,0.5793724060058594,9.98377799987793,11,-0.006754577159881592,maximum__minimum,0.857361912727356,-0.016390502452850342,0.8737524151802063
0.6735187768936157,0.8071675300598145,True,family-00356,0.0,1.0,-1.0,maximum,minimum,2,0.5521612763404846,12.322107315063477,11,-0.006754577159881592,maximum__minimum,0.009866833686828613,0.6833856105804443,-0.6735187768936157
0.007309973239898682,-0.4792969226837158,True,family-00356,0.0,1.0,-1.0,maximum,minimum,3,0.11579975485801697,24.283119201660156,11,-0.006754577159881592,maximum__minimum,0.289029598236084,0.2817196249961853,0.007309973239898682
0.005609460175037384,-0.5787508487701416,False,family-00356,0.0,0.5,-0.5,maximum,sum_mod_10,0,0.5039548873901367,10.574627876281738,11,0.8503256812691689,maximum__sum_mod_10,0.0403057336807251,0.034696273505687714,0.005609460175037384
0.870473824441433,-0.9416263103485107,False,family-00356,0.0,0.5,-0.5,maximum,sum_mod_10,1,0.4829528331756592,10.997084617614746,11,0.8503256812691689,maximum__sum_mod_10,0.857361912727356,-0.013111911714076996,0.870473824441433
0.029401682317256927,0.7028419971466064,False,family-00356,0.0,0.5,-0.5,maximum,sum_mod_10,2,0.35886892676353455,15.067370414733887,11,0.8503256812691689,maximum__sum_mod_10,0.009866833686828613,-0.019534848630428314,0.029401682317256927
0.26583024859428406,-0.15832853317260742,False,family-00356,0.0,0.5,-0.5,maximum,sum_mod_10,3,0.3573436141014099,21.601091384887695,11,0.8503256812691689,maximum__sum_mod_10,0.289029598236084,0.023199349641799927,0.26583024859428406
0.03278987854719162,-1.0160512924194336,False,family-00356,1.0,0.5,0.5,minimum,sum_mod_10,0,0.45123720169067383,10.74565601348877,11,0.8570802584290504,minimum__sum_mod_10,0.0019063949584960938,0.034696273505687714,-0.03278987854719162
0.003278590738773346,-0.5688413381576538,False,family-00356,1.0,0.5,0.5,minimum,sum_mod_10,1,0.49299854040145874,10.37951374053955,11,0.8570802584290504,minimum__sum_mod_10,-0.016390502452850342,-0.013111911714076996,-0.003278590738773346
0.7029204592108727,-0.10432553291320801,False,family-00356,1.0,0.5,0.5,minimum,sum_mod_10,2,0.633806586265564,11.01682186126709,11,0.8570802584290504,minimum__sum_mod_10,0.6833856105804443,-0.019534848630428314,0.7029204592108727
0.2585202753543854,0.3209683895111084,False,family-00356,1.0,0.5,0.5,minimum,sum_mod_10,3,0.6127018928527832,14.258440971374512,11,0.8570802584290504,minimum__sum_mod_10,0.2817196249961853,0.023199349641799927,0.2585202753543854
0.002698063850402832,-0.18797588348388672,True,family-00357,1.0,0.5,0.5,maximum,minimum,0,0.5018044710159302,10.253125190734863,11,-0.019273757934570312,maximum__minimum,0.005480766296386719,0.00817883014678955,-0.002698063850402832
0.09002190828323364,-0.4205659031867981,True,family-00357,1.0,0.5,0.5,maximum,minimum,1,0.40095391869544983,11.881471633911133,11,-0.019273757934570312,maximum__minimum,0.11815875768661499,0.028136849403381348,0.09002190828323364
0.3301241993904114,0.47057271003723145,True,family-00357,1.0,0.5,0.5,maximum,minimum,2,0.19113042950630188,19.151697158813477,11,-0.019273757934570312,maximum__minimum,0.06380331516265869,0.39392751455307007,-0.3301241993904114
0.13236325979232788,-0.22491669654846191,True,family-00357,1.0,0.5,0.5,maximum,minimum,3,0.11065532267093658,27.58783721923828,11,-0.019273757934570312,maximum__minimum,0.17512595653533936,0.042762696743011475,0.13236325979232788
0.11326359212398529,-0.8396809101104736,False,family-00357,1.0,0.0,1.0,maximum,sum_mod_10,0,0.2816811203956604,12.227010726928711,11,0.8251936584711075,maximum__sum_mod_10,0.005480766296386719,-0.10778282582759857,0.11326359212398529
0.17678436636924744,-2.078188478946686,False,family-00357,1.0,0.0,1.0,maximum,sum_mod_10,1,0.24563229084014893,12.882214546203613,11,0.8251936584711075,maximum__sum_mod_10,0.11815875768661499,-0.058625608682632446,0.17678436636924744
0.06383875012397766,-0.7170009613037109,False,family-00357,1.0,0.0,1.0,maximum,sum_mod_10,2,0.1371253877878189,18.70073127746582,11,0.8251936584711075,maximum__sum_mod_10,0.06380331516265869,-3.5434961318969727e-05,0.06383875012397766
0.1731397733092308,-0.3943610191345215,False,family-00357,1.0,0.0,1.0,maximum,sum_mod_10,3,0.10135480761528015,26.46792984008789,11,0.8251936584711075,maximum__sum_mod_10,0.17512595653533936,0.001986183226108551,0.1731397733092308
0.11596165597438812,-0.6517050266265869,False,family-00357,0.5,0.0,0.5,minimum,sum_mod_10,0,0.38373035192489624,11.55437183380127,11,0.8444674164056778,minimum__sum_mod_10,0.00817883014678955,-0.10778282582759857,0.11596165597438812
0.0867624580860138,-1.6576225757598877,False,family-00357,0.5,0.0,0.5,minimum,sum_mod_10,1,0.3571000099182129,12.543638229370117,11,0.8444674164056778,minimum__sum_mod_10,0.028136849403381348,-0.058625608682632446,0.0867624580860138
0.39396294951438904,-1.1875736713409424,False,family-00357,0.5,0.0,0.5,minimum,sum_mod_10,2,0.5745784044265747,12.288844108581543,11,0.8444674164056778,minimum__sum_mod_10,0.39392751455307007,-3.5434961318969727e-05,0.39396294951438904
0.040776513516902924,-0.16944432258605957,False,family-00357,0.5,0.0,0.5,minimum,sum_mod_10,3,0.4296545386314392,17.562089920043945,11,0.8444674164056778,minimum__sum_mod_10,0.042762696743011475,0.001986183226108551,0.040776513516902924
0.12431035563349724,0.6484420299530029,True,family-00358,0.5,0.0,0.5,maximum,minimum,0,0.47195249795913696,10.61578369140625,11,0.6398462988436222,maximum__minimum,0.11707699298858643,-0.007233362644910812,0.12431035563349724
0.35230895318090916,-0.44054102897644043,True,family-00358,0.5,0.0,0.5,maximum,minimum,1,0.4316162168979645,12.269315719604492,11,0.6398462988436222,maximum__minimum,0.3523457944393158,3.68412584066391e-05,0.35230895318090916
0.07357743382453918,1.2940479516983032,True,family-00358,0.5,0.0,0.5,maximum,minimum,2,0.05779971182346344,17.7701358795166,11,0.6398462988436222,maximum__minimum,0.07168251276016235,-0.001894921064376831,0.07357743382453918
0.23473306000232697,-0.6894159317016602,True,family-00358,0.5,0.0,0.5,maximum,minimum,3,0.05401531606912613,24.213544845581055,11,0.6398462988436222,maximum__minimum,0.22560405731201172,-0.009129002690315247,0.23473306000232697
0.21538688242435455,0.30373215675354004,False,family-00358,0.5,1.0,-0.5,maximum,sum_mod_10,0,0.4676664173603058,10.840800285339355,11,0.48457862436771393,maximum__sum_mod_10,0.11707699298858643,-0.09830988943576813,0.21538688242435455
0.4534122198820114,-0.30735325813293457,False,family-00358,0.5,1.0,-0.5,maximum,sum_mod_10,1,0.25324746966362,14.358887672424316,11,0.48457862436771393,maximum__sum_mod_10,0.3523457944393158,-0.10106642544269562,0.4534122198820114
0.012981109321117401,1.4661977291107178,False,family-00358,0.5,1.0,-0.5,maximum,sum_mod_10,2,0.5606415867805481,15.242416381835938,11,0.48457862436771393,maximum__sum_mod_10,0.07168251276016235,0.08466362208127975,-0.012981109321117401
0.10938989371061325,0.7962256669998169,False,family-00358,0.5,1.0,-0.5,maximum,sum_mod_10,3,0.6334803104400635,18.92412757873535,11,0.48457862436771393,maximum__sum_mod_10,0.22560405731201172,0.11621416360139847,0.10938989371061325
0.09107652679085732,-0.3447098731994629,False,family-00358,0.0,1.0,-1.0,minimum,sum_mod_10,0,0.4569581151008606,11.295186996459961,11,-0.15526767447590828,minimum__sum_mod_10,-0.007233362644910812,-0.09830988943576813,0.09107652679085732
0.10110326670110226,0.13318777084350586,False,family-00358,0.0,1.0,-1.0,minimum,sum_mod_10,1,0.18082548677921295,16.01859474182129,11,-0.15526767447590828,minimum__sum_mod_10,3.68412584066391e-05,-0.10106642544269562,0.10110326670110226
0.08655854314565659,0.17214977741241455,False,family-00358,0.0,1.0,-1.0,minimum,sum_mod_10,2,-0.13733002543449402,23.44456672668457,11,-0.15526767447590828,minimum__sum_mod_10,-0.001894921064376831,0.08466362208127975,-0.08655854314565659
0.12534316629171371,1.485641598701477,False,family-00358,0.0,1.0,-1.0,minimum,sum_mod_10,3,0.030055822804570198,28.056509017944336,11,-0.15526767447590828,minimum__sum_mod_10,-0.009129002690315247,0.11621416360139847,-0.12534316629171371
0.4043634682893753,0.0692974328994751,True,family-00359,0.0,1.0,-1.0,maximum,minimum,0,0.5148178339004517,10.347931861877441,11,-0.5819474905729294,maximum__minimum,-0.19483374059200287,0.20952972769737244,-0.4043634682893753
0.17639567703008652,0.36400556564331055,True,family-00359,0.0,1.0,-1.0,maximum,minimum,1,0.5138182640075684,11.439932823181152,11,-0.5819474905729294,maximum__minimum,0.0006900206208229065,0.17708569765090942,-0.17639567703008652
0.36204854398965836,1.4446393847465515,True,family-00359,0.0,1.0,-1.0,maximum,minimum,2,0.6240485310554504,12.296229362487793,11,-0.5819474905729294,maximum__minimum,-0.03658951073884964,0.3254590332508087,-0.36204854398965836
0.1670028418302536,0.6303820610046387,True,family-00359,0.0,1.0,-1.0,maximum,minimum,3,0.5867353081703186,17.154399871826172,11,-0.5819474905729294,maximum__minimum,0.034205660223960876,-0.13279718160629272,0.1670028418302536
0.18175410758703947,-0.22330963611602783,False,family-00359,0.0,0.5,-0.5,maximum,sum_mod_10,0,0.4132087528705597,11.163069725036621,11,0.04683968145400286,maximum__sum_mod_10,-0.19483374059200287,-0.013079633004963398,-0.18175410758703947
0.006722182966768742,0.0649266242980957,False,family-00359,0.0,0.5,-0.5,maximum,sum_mod_10,1,0.4352198541164398,12.496269226074219,11,0.04683968145400286,maximum__sum_mod_10,0.0006900206208229065,-0.006032162345945835,0.006722182966768742
0.009823579341173172,1.1420932412147522,False,family-00359,0.0,0.5,-0.5,maximum,sum_mod_10,2,0.5447036623954773,13.877116203308105,11,0.04683968145400286,maximum__sum_mod_10,-0.03658951073884964,-0.026765931397676468,-0.009823579341173172
0.034419311210513115,0.7529441118240356,False,family-00359,0.0,0.5,-0.5,maximum,sum_mod_10,3,0.6521781086921692,14.719627380371094,11,0.04683968145400286,maximum__sum_mod_10,0.034205660223960876,-0.00021365098655223846,0.034419311210513115
0.22260936070233583,-0.29260706901550293,False,family-00359,1.0,0.5,0.5,minimum,sum_mod_10,0,0.4479677677154541,9.381452560424805,11,0.6287871720269322,minimum__sum_mod_10,0.20952972769737244,-0.013079633004963398,0.22260936070233583
0.18311785999685526,-0.29907894134521484,False,family-00359,1.0,0.5,0.5,minimum,sum_mod_10,1,0.6582062244415283,8.911575317382812,11,0.6287871720269322,minimum__sum_mod_10,0.17708569765090942,-0.006032162345945835,0.18311785999685526
0.3522249646484852,-0.3025461435317993,False,family-00359,1.0,0.5,0.5,minimum,sum_mod_10,2,0.7812838554382324,9.922405242919922,11,0.6287871720269322,minimum__sum_mod_10,0.3254590332508087,-0.026765931397676468,0.3522249646484852
0.1325835306197405,0.12256205081939697,False,family-00359,1.0,0.5,0.5,minimum,sum_mod_10,3,0.7301937341690063,14.368741035461426,11,0.6287871720269322,minimum__sum_mod_10,-0.13279718160629272,-0.00021365098655223846,-0.1325835306197405
0.3240375220775604,0.5247838497161865,True,family-00360,1.0,0.5,0.5,maximum,minimum,0,0.4531925916671753,10.319829940795898,11,0.1588042974472046,maximum__minimum,0.10356372594833374,0.42760124802589417,-0.3240375220775604
0.5666274428367615,0.5954580307006836,True,family-00360,1.0,0.5,0.5,maximum,minimum,1,0.48640838265419006,10.686607360839844,11,0.1588042974472046,maximum__minimum,0.7408735156059265,0.17424607276916504,0.5666274428367615
0.12574955821037292,0.8407681584358215,True,family-00360,1.0,0.5,0.5,maximum,minimum,2,0.2551247477531433,15.306267738342285,11,0.1588042974472046,maximum__minimum,0.2867887020111084,0.4125382602214813,-0.12574955821037292
0.13475173711776733,0.1988896131515503,True,family-00360,1.0,0.5,0.5,maximum,minimum,3,0.08799079805612564,25.2503719329834,11,0.1588042974472046,maximum__minimum,0.05989867448806763,0.19465041160583496,-0.13475173711776733
0.14156240224838257,-0.8328862190246582,False,family-00360,1.0,0.0,1.0,maximum,sum_mod_10,0,0.19278588891029358,11.697876930236816,11,0.7526416629552841,maximum__sum_mod_10,0.10356372594833374,-0.03799867630004883,0.14156240224838257
0.7384750992059708,-1.6738296747207642,False,family-00360,1.0,0.0,1.0,maximum,sum_mod_10,1,0.11966541409492493,13.553576469421387,11,0.7526416629552841,maximum__sum_mod_10,0.7408735156059265,0.0023984163999557495,0.7384750992059708
0.2570629119873047,-0.5013097524642944,False,family-00360,1.0,0.0,1.0,maximum,sum_mod_10,2,0.008924059569835663,18.369070053100586,11,0.7526416629552841,maximum__sum_mod_10,0.2867887020111084,0.02972579002380371,0.2570629119873047
0.07401640713214874,-0.8248366117477417,False,family-00360,1.0,0.0,1.0,maximum,sum_mod_10,3,-0.043383657932281494,26.731586456298828,11,0.7526416629552841,maximum__sum_mod_10,0.05989867448806763,-0.014117732644081116,0.07401640713214874
0.465599924325943,-1.3576700687408447,False,family-00360,0.5,0.0,0.5,minimum,sum_mod_10,0,0.25944265723228455,12.947383880615234,11,0.5938373655080795,minimum__sum_mod_10,0.42760124802589417,-0.03799867630004883,0.465599924325943
0.1718476563692093,-2.2692877054214478,False,family-00360,0.5,0.0,0.5,minimum,sum_mod_10,1,0.27634507417678833,13.397493362426758,11,0.5938373655080795,minimum__sum_mod_10,0.17424607276916504,0.0023984163999557495,0.1718476563692093
0.3828124701976776,-1.342077910900116,False,family-00360,0.5,0.0,0.5,minimum,sum_mod_10,2,0.4582817852497101,12.854144096374512,11,0.5938373655080795,minimum__sum_mod_10,0.4125382602214813,0.02972579002380371,0.3828124701976776
0.20876814424991608,-1.023726224899292,False,family-00360,0.5,0.0,0.5,minimum,sum_mod_10,3,0.49135616421699524,15.859652519226074,11,0.5938373655080795,minimum__sum_mod_10,0.19465041160583496,-0.014117732644081116,0.20876814424991608
0.038191139698028564,-0.23315834999084473,True,family-00361,0.5,0.0,0.5,maximum,minimum,0,0.6078779101371765,8.675178527832031,11,0.736997202038765,maximum__minimum,0.007123410701751709,0.04531455039978027,-0.038191139698028564
0.8440377414226532,-1.174780011177063,True,family-00361,0.5,0.0,0.5,maximum,minimum,1,0.6252344250679016,10.982870101928711,11,0.736997202038765,maximum__minimum,0.7615771293640137,-0.08246061205863953,0.8440377414226532
0.05494096875190735,1.705597162246704,True,family-00361,0.5,0.0,0.5,maximum,minimum,2,0.26104536652565,17.447589874267578,11,0.736997202038765,maximum__minimum,0.06539994478225708,0.12034091353416443,-0.05494096875190735
0.005373544991016388,-0.8505957126617432,True,family-00361,0.5,0.0,0.5,maximum,minimum,3,0.3246784508228302,20.689970016479492,11,0.736997202038765,maximum__minimum,0.07060939073562622,0.06523584574460983,0.005373544991016388
0.0795494019985199,0.0032303333282470703,False,family-00361,0.5,1.0,-0.5,maximum,sum_mod_10,0,0.4063095450401306,10.866508483886719,11,0.7446901202201843,maximum__sum_mod_10,0.007123410701751709,0.0866728127002716,-0.0795494019985199
0.784381553530693,-1.7256364822387695,False,family-00361,0.5,1.0,-0.5,maximum,sum_mod_10,1,0.04236087203025818,17.893342971801758,11,0.7446901202201843,maximum__sum_mod_10,0.7615771293640137,-0.022804424166679382,0.784381553530693
0.11608359217643738,1.450553297996521,False,family-00361,0.5,1.0,-0.5,maximum,sum_mod_10,2,0.15390542149543762,20.125965118408203,11,0.7446901202201843,maximum__sum_mod_10,0.06539994478225708,-0.0506836473941803,0.11608359217643738
0.27409759163856506,0.20112919807434082,False,family-00361,0.5,1.0,-0.5,maximum,sum_mod_10,3,0.33646851778030396,23.79793357849121,11,0.7446901202201843,maximum__sum_mod_10,0.07060939073562622,-0.20348820090293884,0.27409759163856506
0.04135826230049133,0.2363886833190918,False,family-00361,0.0,1.0,-1.0,minimum,sum_mod_10,0,0.40455362200737,11.14428997039795,11,0.0076929181814193726,minimum__sum_mod_10,0.04531455039978027,0.0866728127002716,-0.04135826230049133
0.059656187891960144,-0.5508564710617065,False,family-00361,0.0,1.0,-1.0,minimum,sum_mod_10,1,0.3868180513381958,13.677178382873535,11,0.0076929181814193726,minimum__sum_mod_10,-0.08246061205863953,-0.022804424166679382,-0.059656187891960144
0.17102456092834473,-0.2550438642501831,False,family-00361,0.0,1.0,-1.0,minimum,sum_mod_10,2,0.3573164641857147,16.83391761779785,11,0.0076929181814193726,minimum__sum_mod_10,0.12034091353416443,-0.0506836473941803,0.17102456092834473
0.2687240466475487,1.051724910736084,False,family-00361,0.0,1.0,-1.0,minimum,sum_mod_10,3,0.43181312084198,20.01036834716797,11,0.0076929181814193726,minimum__sum_mod_10,0.06523584574460983,-0.20348820090293884,0.2687240466475487
0.1359729766845703,-0.27051234245300293,True,family-00362,0.0,1.0,-1.0,maximum,minimum,0,0.5417748093605042,9.972997665405273,11,0.8041689321398735,maximum__minimum,0.15410906076431274,0.01813608407974243,0.1359729766845703
0.8419564142823219,-0.9012361764907837,True,family-00362,0.0,1.0,-1.0,maximum,minimum,1,0.5598122477531433,10.706068992614746,11,0.8041689321398735,maximum__minimum,0.821686327457428,-0.02027008682489395,0.8419564142823219
0.007725857198238373,0.9020489454269409,True,family-00362,0.0,1.0,-1.0,maximum,minimum,2,0.4156806170940399,13.686603546142578,11,0.8041689321398735,maximum__minimum,0.019086718559265137,0.02681257575750351,-0.007725857198238373
0.11313510686159134,-0.5499441623687744,True,family-00362,0.0,1.0,-1.0,maximum,minimum,3,0.08661685138940811,24.053878784179688,11,0.8041689321398735,maximum__minimum,0.1947498321533203,0.08161472529172897,0.11313510686159134
0.0299503356218338,-0.025829315185546875,False,family-00362,0.0,0.5,-0.5,maximum,sum_mod_10,0,0.4888010621070862,10.592069625854492,11,0.7183821052312851,maximum__sum_mod_10,0.15410906076431274,0.12415872514247894,0.0299503356218338
0.6624859124422073,-0.971021294593811,False,family-00362,0.0,0.5,-0.5,maximum,sum_mod_10,1,0.3789317011833191,12.298571586608887,11,0.7183821052312851,maximum__sum_mod_10,0.821686327457428,0.15920041501522064,0.6624859124422073
0.1010909155011177,0.7801978588104248,False,family-00362,0.0,0.5,-0.5,maximum,sum_mod_10,2,0.14376546442508698,17.55618667602539,11,0.7183821052312851,maximum__sum_mod_10,0.019086718559265137,0.12017763406038284,-0.1010909155011177
0.5008935332298279,-0.18675827980041504,False,family-00362,0.0,0.5,-0.5,maximum,sum_mod_10,3,0.318782240152359,22.56939697265625,11,0.7183821052312851,maximum__sum_mod_10,0.1947498321533203,-0.30614370107650757,0.5008935332298279
0.10602264106273651,0.24468302726745605,False,family-00362,1.0,0.5,0.5,minimum,sum_mod_10,0,0.38648512959480286,11.533097267150879,11,-0.08578682690858841,minimum__sum_mod_10,0.01813608407974243,0.12415872514247894,-0.10602264106273651
0.1794705018401146,-0.06978511810302734,False,family-00362,1.0,0.5,0.5,minimum,sum_mod_10,1,0.4955154359340668,11.016462326049805,11,-0.08578682690858841,minimum__sum_mod_10,-0.02027008682489395,0.15920041501522064,-0.1794705018401146
0.09336505830287933,-0.12185108661651611,False,family-00362,1.0,0.5,0.5,minimum,sum_mod_10,2,0.3096736967563629,14.446170806884766,11,-0.08578682690858841,minimum__sum_mod_10,0.02681257575750351,0.12017763406038284,-0.09336505830287933
0.38775842636823654,0.3631858825683594,False,family-00362,1.0,0.5,0.5,minimum,sum_mod_10,3,0.4261242151260376,17.0779972076416,11,-0.08578682690858841,minimum__sum_mod_10,0.08161472529172897,-0.30614370107650757,0.38775842636823654
0.3885478079319,-0.21967542171478271,True,family-00363,1.0,0.5,0.5,maximum,minimum,0,0.3737437427043915,10.492855072021484,11,-0.09812837839126587,maximum__minimum,0.40919390320777893,0.020646095275878906,0.3885478079319
0.7548903226852417,0.6074186563491821,True,family-00363,1.0,0.5,0.5,maximum,minimum,1,0.42679569125175476,10.716643333435059,11,-0.09812837839126587,maximum__minimum,0.7885968685150146,0.03370654582977295,0.7548903226852417
0.0304432213306427,1.5493674278259277,True,family-00363,1.0,0.5,0.5,maximum,minimum,2,0.3012291491031647,15.791328430175781,11,-0.09812837839126587,maximum__minimum,0.3762713372707367,0.4067145586013794,-0.0304432213306427
0.21040499210357666,-0.060546875,True,family-00363,1.0,0.5,0.5,maximum,minimum,3,0.10309269279241562,23.51215934753418,11,-0.09812837839126587,maximum__minimum,0.26616597175598145,0.055760979652404785,0.21040499210357666
0.23354089260101318,-0.6234303712844849,False,family-00363,1.0,0.0,1.0,maximum,sum_mod_10,0,0.5302350521087646,8.956510543823242,11,0.5945864170789719,maximum__sum_mod_10,0.40919390320777893,0.17565301060676575,0.23354089260101318
0.8823737055063248,-0.24632024765014648,False,family-00363,1.0,0.0,1.0,maximum,sum_mod_10,1,0.4010604918003082,11.214178085327148,11,0.5945864170789719,maximum__sum_mod_10,0.7885968685150146,-0.09377683699131012,0.8823737055063248
0.14231102168560028,1.2819945812225342,False,family-00363,1.0,0.0,1.0,maximum,sum_mod_10,2,0.2714715600013733,15.210609436035156,11,0.5945864170789719,maximum__sum_mod_10,0.3762713372707367,0.2339603155851364,0.14231102168560028
0.3794795125722885,-0.6558963060379028,False,family-00363,1.0,0.0,1.0,maximum,sum_mod_10,3,0.28505679965019226,19.683032989501953,11,0.5945864170789719,maximum__sum_mod_10,0.26616597175598145,-0.11331354081630707,0.3794795125722885
0.15500691533088684,-0.40375494956970215,False,family-00363,0.5,0.0,0.5,minimum,sum_mod_10,0,0.4928448498249054,10.490547180175781,11,0.6927147954702377,minimum__sum_mod_10,0.020646095275878906,0.17565301060676575,-0.15500691533088684
0.12748338282108307,-0.8537389039993286,False,family-00363,0.5,0.0,0.5,minimum,sum_mod_10,1,0.20831529796123505,14.595184326171875,11,0.6927147954702377,minimum__sum_mod_10,0.03370654582977295,-0.09377683699131012,0.12748338282108307
0.17275424301624298,-0.26737284660339355,False,family-00363,0.5,0.0,0.5,minimum,sum_mod_10,2,0.46581897139549255,15.893821716308594,11,0.6927147954702377,minimum__sum_mod_10,0.4067145586013794,0.2339603155851364,0.17275424301624298
0.16907452046871185,-0.5953494310379028,False,family-00363,0.5,0.0,0.5,minimum,sum_mod_10,3,0.4947361946105957,19.31360626220703,11,0.6927147954702377,minimum__sum_mod_10,0.055760979652404785,-0.11331354081630707,0.16907452046871185
0.4550904631614685,0.5043580532073975,True,family-00364,0.5,0.0,0.5,maximum,minimum,0,0.5500659346580505,9.728009223937988,11,-0.2577613592147827,maximum__minimum,0.4636183977127075,0.008527934551239014,0.4550904631614685
0.47318071126937866,-0.15855300426483154,True,family-00364,0.5,0.0,0.5,maximum,minimum,1,0.38307392597198486,11.649983406066895,11,-0.2577613592147827,maximum__minimum,0.4638848304748535,-0.009295880794525146,0.47318071126937866
0.3603776693344116,2.021540403366089,True,family-00364,0.5,0.0,0.5,maximum,minimum,2,0.031551577150821686,20.13589096069336,11,-0.2577613592147827,maximum__minimum,0.11083537340164185,0.47121304273605347,-0.3603776693344116
0.3610588312149048,-0.5395913124084473,True,family-00364,0.5,0.0,0.5,maximum,minimum,3,0.0646238774061203,25.999422073364258,11,-0.2577613592147827,maximum__minimum,0.3959800601005554,0.034921228885650635,0.3610588312149048
0.4881695322692394,0.01623845100402832,False,family-00364,0.5,1.0,-0.5,maximum,sum_mod_10,0,0.44322454929351807,11.218073844909668,11,0.6160773448646069,maximum__sum_mod_10,0.4636183977127075,-0.024551134556531906,0.4881695322692394
0.46453893557190895,-0.07401919364929199,False,family-00364,0.5,1.0,-0.5,maximum,sum_mod_10,1,0.21527141332626343,14.718688011169434,11,0.6160773448646069,maximum__sum_mod_10,0.4638848304748535,-0.0006541050970554352,0.46453893557190895
0.12952332571148872,1.9288192391395569,False,family-00364,0.5,1.0,-0.5,maximum,sum_mod_10,2,0.2267998903989792,19.39091682434082,11,0.6160773448646069,maximum__sum_mod_10,0.11083537340164185,-0.018687952309846878,0.12952332571148872
0.3961731120944023,-0.6982612609863281,False,family-00364,0.5,1.0,-0.5,maximum,sum_mod_10,3,0.5535171627998352,20.234588623046875,11,0.6160773448646069,maximum__sum_mod_10,0.3959800601005554,-0.0001930519938468933,0.3961731120944023
0.03307906910777092,-0.48811960220336914,False,family-00364,0.0,1.0,-1.0,minimum,sum_mod_10,0,0.40369319915771484,11.484793663024902,11,0.8738387040793896,minimum__sum_mod_10,0.008527934551239014,-0.024551134556531906,0.03307906910777092
0.008641775697469711,0.08453381061553955,False,family-00364,0.0,1.0,-1.0,minimum,sum_mod_10,1,0.42230796813964844,12.350764274597168,11,0.8738387040793896,minimum__sum_mod_10,-0.009295880794525146,-0.0006541050970554352,-0.008641775697469711
0.48990099504590034,-0.09272116422653198,False,family-00364,0.0,1.0,-1.0,minimum,sum_mod_10,2,0.5297860503196716,17.435569763183594,11,0.8738387040793896,minimum__sum_mod_10,0.47121304273605347,-0.018687952309846878,0.48990099504590034
0.03511428087949753,-0.15866994857788086,False,family-00364,0.0,1.0,-1.0,minimum,sum_mod_10,3,0.47446829080581665,23.816692352294922,11,0.8738387040793896,minimum__sum_mod_10,0.034921228885650635,-0.0001930519938468933,0.03511428087949753
0.16082334518432617,0.37783515453338623,True,family-00365,0.0,1.0,-1.0,maximum,minimum,0,0.549147367477417,9.844040870666504,11,0.22123700380325317,maximum__minimum,0.16259706020355225,0.3234204053878784,-0.16082334518432617
0.560657411813736,-0.5882217884063721,True,family-00365,0.0,1.0,-1.0,maximum,minimum,1,0.4275321960449219,12.459962844848633,11,0.22123700380325317,maximum__minimum,0.44779500365257263,-0.11286240816116333,0.560657411813736
0.23947882652282715,1.652535319328308,True,family-00365,0.0,1.0,-1.0,maximum,minimum,2,0.2016722559928894,18.27398681640625,11,0.22123700380325317,maximum__minimum,-0.021405041217803955,0.2180737853050232,-0.23947882652282715
0.3211737871170044,-0.4468207359313965,True,family-00365,0.0,1.0,-1.0,maximum,minimum,3,0.22978031635284424,24.768579483032227,11,0.22123700380325317,maximum__minimum,0.24687308073043823,-0.07430070638656616,0.3211737871170044
0.17041528970003128,-0.5458887815475464,False,family-00365,0.0,0.5,-0.5,maximum,sum_mod_10,0,0.3711621165275574,11.792862892150879,11,0.7628707773983479,maximum__sum_mod_10,0.16259706020355225,-0.007818229496479034,0.17041528970003128
0.43780011124908924,-1.054733395576477,False,family-00365,0.0,0.5,-0.5,maximum,sum_mod_10,1,0.14830783009529114,16.064483642578125,11,0.7628707773983479,maximum__sum_mod_10,0.44779500365257263,0.00999489240348339,0.43780011124908924
0.03713180124759674,1.143606185913086,False,family-00365,0.0,0.5,-0.5,maximum,sum_mod_10,2,0.14104166626930237,20.051692962646484,11,0.7628707773983479,maximum__sum_mod_10,-0.021405041217803955,0.015726760029792786,-0.03713180124759674
0.2705601900815964,-0.11598527431488037,False,family-00365,0.0,0.5,-0.5,maximum,sum_mod_10,3,0.4148547649383545,21.985769271850586,11,0.7628707773983479,maximum__sum_mod_10,0.24687308073043823,-0.023687109351158142,0.2705601900815964
0.33123863488435745,-0.9237239360809326,False,family-00365,1.0,0.5,0.5,minimum,sum_mod_10,0,0.37604284286499023,10.613348960876465,11,0.5416337735950947,minimum__sum_mod_10,0.3234204053878784,-0.007818229496479034,0.33123863488435745
0.12285730056464672,-0.466511607170105,False,family-00365,1.0,0.5,0.5,minimum,sum_mod_10,1,0.4568817913532257,11.88357925415039,11,0.5416337735950947,minimum__sum_mod_10,-0.11286240816116333,0.00999489240348339,-0.12285730056464672
0.2023470252752304,-0.5089291334152222,False,family-00365,1.0,0.5,0.5,minimum,sum_mod_10,2,0.5449141263961792,14.227784156799316,11,0.5416337735950947,minimum__sum_mod_10,0.2180737853050232,0.015726760029792786,0.2023470252752304
0.05061359703540802,0.3308354616165161,False,family-00365,1.0,0.5,0.5,minimum,sum_mod_10,3,0.6600587368011475,16.82379150390625,11,0.5416337735950947,minimum__sum_mod_10,-0.07430070638656616,-0.023687109351158142,-0.05061359703540802
0.007727582007646561,-0.5667235851287842,True,family-00366,1.0,0.5,0.5,maximum,minimum,0,0.5544828772544861,10.12026596069336,11,-0.8653394170105457,maximum__minimum,-0.006379503756761551,0.0013480782508850098,-0.007727582007646561
0.04288427159190178,-0.36541223526000977,True,family-00366,1.0,0.5,0.5,maximum,minimum,1,0.588331401348114,10.3887300491333,11,-0.8653394170105457,maximum__minimum,0.009356636554002762,0.05224090814590454,-0.04288427159190178
0.6147583574056625,0.3240540027618408,True,family-00366,1.0,0.5,0.5,maximum,minimum,2,0.34722429513931274,16.178232192993164,11,-0.8653394170105457,maximum__minimum,-0.13137347996234894,0.4833848774433136,-0.6147583574056625
0.017307087779045105,-0.04181194305419922,True,family-00366,1.0,0.5,0.5,maximum,minimum,3,0.32206910848617554,20.747238159179688,11,-0.8653394170105457,maximum__minimum,0.031033828854560852,0.04834091663360596,-0.017307087779045105
0.019367707893252373,-0.07376837730407715,False,family-00366,1.0,0.0,1.0,maximum,sum_mod_10,0,0.4568641185760498,11.446637153625488,11,0.031889064237475395,maximum__sum_mod_10,-0.006379503756761551,-0.025747211650013924,0.019367707893252373
0.015488512814044952,0.0012176036834716797,False,family-00366,1.0,0.0,1.0,maximum,sum_mod_10,1,0.5807342529296875,10.736597061157227,11,0.031889064237475395,maximum__sum_mod_10,0.009356636554002762,-0.0061318762600421906,0.015488512814044952
0.046797774732112885,0.4768092632293701,False,family-00366,1.0,0.0,1.0,maximum,sum_mod_10,2,0.38243916630744934,17.805835723876953,11,0.031889064237475395,maximum__sum_mod_10,-0.13137347996234894,-0.08457570523023605,-0.046797774732112885
0.03210284374654293,-0.311886191368103,False,family-00366,1.0,0.0,1.0,maximum,sum_mod_10,3,0.49059540033340454,19.258464813232422,11,0.031889064237475395,maximum__sum_mod_10,0.031033828854560852,-0.0010690148919820786,0.03210284374654293
0.027095289900898933,0.49295520782470703,False,family-00366,0.5,0.0,0.5,minimum,sum_mod_10,0,0.40512585639953613,11.8724365234375,11,0.8972284812480211,minimum__sum_mod_10,0.0013480782508850098,-0.025747211650013924,0.027095289900898933
0.05837278440594673,0.36662983894348145,False,family-00366,0.5,0.0,0.5,minimum,sum_mod_10,1,0.49109941720962524,11.816353797912598,11,0.8972284812480211,minimum__sum_mod_10,0.05224090814590454,-0.0061318762600421906,0.05837278440594673
0.5679605826735497,0.1527552604675293,False,family-00366,0.5,0.0,0.5,minimum,sum_mod_10,2,0.7409582138061523,11.737251281738281,11,0.8972284812480211,minimum__sum_mod_10,0.4833848774433136,-0.08457570523023605,0.5679605826735497
0.049409931525588036,-0.2700742483139038,False,family-00366,0.5,0.0,0.5,minimum,sum_mod_10,3,0.7711663842201233,13.46916389465332,11,0.8972284812480211,minimum__sum_mod_10,0.04834091663360596,-0.0010690148919820786,0.049409931525588036
0.08037447929382324,0.19725632667541504,True,family-00367,0.5,0.0,0.5,maximum,minimum,0,0.52408367395401,10.287410736083984,11,-0.3284948468208313,maximum__minimum,0.10254621505737305,0.022171735763549805,0.08037447929382324
0.36002206802368164,-0.7405542135238647,True,family-00367,0.5,0.0,0.5,maximum,minimum,1,0.35593000054359436,11.679028511047363,11,-0.3284948468208313,maximum__minimum,0.3597027659416199,-0.0003193020820617676,0.36002206802368164
0.7093467712402344,1.8158294558525085,True,family-00367,0.5,0.0,0.5,maximum,minimum,2,-0.018839746713638306,18.73602294921875,11,-0.3284948468208313,maximum__minimum,0.08413106203079224,0.7934778332710266,-0.7093467712402344
0.31362688541412354,-0.8411455154418945,True,family-00367,0.5,0.0,0.5,maximum,minimum,3,0.09034736454486847,23.235048294067383,11,-0.3284948468208313,maximum__minimum,0.34840166568756104,0.0347747802734375,0.31362688541412354
0.2535419762134552,0.03557753562927246,False,family-00367,0.5,1.0,-0.5,maximum,sum_mod_10,0,0.35674333572387695,12.234370231628418,11,0.4902312234044075,maximum__sum_mod_10,0.10254621505737305,-0.15099576115608215,0.2535419762134552
0.4443618282675743,-0.5063221454620361,False,family-00367,0.5,1.0,-0.5,maximum,sum_mod_10,1,0.12459588795900345,15.230119705200195,11,0.4902312234044075,maximum__sum_mod_10,0.3597027659416199,-0.08465906232595444,0.4443618282675743
0.01126079261302948,1.7842453122138977,False,family-00367,0.5,1.0,-0.5,maximum,sum_mod_10,2,0.363144189119339,18.807363510131836,11,0.4902312234044075,maximum__sum_mod_10,0.08413106203079224,0.07287026941776276,0.01126079261302948
0.5317872166633606,-0.08588635921478271,False,family-00367,0.5,1.0,-0.5,maximum,sum_mod_10,3,0.5796940326690674,20.372451782226562,11,0.4902312234044075,maximum__sum_mod_10,0.34840166568756104,-0.18338555097579956,0.5317872166633606
0.17316749691963196,-0.16167879104614258,False,family-00367,0.0,1.0,-1.0,minimum,sum_mod_10,0,0.5922233462333679,9.582411766052246,11,0.8187260702252388,minimum__sum_mod_10,0.022171735763549805,-0.15099576115608215,0.17316749691963196
0.08433976024389267,0.2342320680618286,False,family-00367,0.0,1.0,-1.0,minimum,sum_mod_10,1,0.5833182334899902,10.722268104553223,11,0.8187260702252388,minimum__sum_mod_10,-0.0003193020820617676,-0.08465906232595444,0.08433976024389267
0.7206075638532639,-0.03158414363861084,False,family-00367,0.0,1.0,-1.0,minimum,sum_mod_10,2,0.5291936993598938,17.080801010131836,11,0.8187260702252388,minimum__sum_mod_10,0.7934778332710266,0.07287026941776276,0.7206075638532639
0.21816033124923706,0.7552591562271118,False,family-00367,0.0,1.0,-1.0,minimum,sum_mod_10,3,0.41294702887535095,24.258251190185547,11,0.8187260702252388,minimum__sum_mod_10,0.0347747802734375,-0.18338555097579956,0.21816033124923706
0.07495883107185364,0.03009200096130371,True,family-00368,0.0,1.0,-1.0,maximum,minimum,0,0.3620457053184509,10.671558380126953,11,0.1840028166770935,maximum__minimum,-0.10417792201042175,-0.029219090938568115,-0.07495883107185364
0.23362219333648682,0.37225449085235596,True,family-00368,0.0,1.0,-1.0,maximum,minimum,1,0.22723770141601562,11.838228225708008,11,0.1840028166770935,maximum__minimum,0.23297031223773956,-0.0006518810987472534,0.23362219333648682
0.1823711097240448,1.3255798816680908,True,family-00368,0.0,1.0,-1.0,maximum,minimum,2,0.4011461138725281,12.69078254699707,11,0.1840028166770935,maximum__minimum,-0.03394201397895813,0.14842909574508667,-0.1823711097240448
0.19353289902210236,0.822406530380249,True,family-00368,0.0,1.0,-1.0,maximum,minimum,3,0.37030673027038574,18.39557647705078,11,0.1840028166770935,maximum__minimum,0.20222866535186768,0.00869576632976532,0.19353289902210236
0.10460628569126129,1.0433592796325684,False,family-00368,0.0,0.5,-0.5,maximum,sum_mod_10,0,0.3772358000278473,11.930432319641113,11,0.24736051261425018,maximum__sum_mod_10,-0.10417792201042175,0.0004283636808395386,-0.10460628569126129
0.19515034556388855,-0.18323945999145508,False,family-00368,0.0,0.5,-0.5,maximum,sum_mod_10,1,0.3312739431858063,12.669286727905273,11,0.24736051261425018,maximum__sum_mod_10,0.23297031223773956,0.03781996667385101,0.19515034556388855
0.11307977139949799,1.2319319248199463,False,family-00368,0.0,0.5,-0.5,maximum,sum_mod_10,2,0.46030816435813904,14.13105297088623,11,0.24736051261425018,maximum__sum_mod_10,-0.03394201397895813,0.07913775742053986,-0.11307977139949799
0.13280513882637024,0.8115278482437134,False,family-00368,0.0,0.5,-0.5,maximum,sum_mod_10,3,0.49398812651634216,18.582210540771484,11,0.24736051261425018,maximum__sum_mod_10,0.20222866535186768,0.06942352652549744,0.13280513882637024
0.029647454619407654,1.0132672786712646,False,family-00368,1.0,0.5,0.5,minimum,sum_mod_10,0,0.2472778558731079,12.505706787109375,11,0.06335769593715668,minimum__sum_mod_10,-0.029219090938568115,0.0004283636808395386,-0.029647454619407654
0.03847184777259827,-0.555493950843811,False,family-00368,1.0,0.5,0.5,minimum,sum_mod_10,1,0.36851775646209717,12.012582778930664,11,0.06335769593715668,minimum__sum_mod_10,-0.0006518810987472534,0.03781996667385101,-0.03847184777259827
0.06929133832454681,-0.09364795684814453,False,family-00368,1.0,0.5,0.5,minimum,sum_mod_10,2,0.48931363224983215,13.695056915283203,11,0.06335769593715668,minimum__sum_mod_10,0.14842909574508667,0.07913775742053986,0.06929133832454681
0.06072776019573212,-0.010878682136535645,False,family-00368,1.0,0.5,0.5,minimum,sum_mod_10,3,0.49237921833992004,19.17483901977539,11,0.06335769593715668,minimum__sum_mod_10,0.00869576632976532,0.06942352652549744,-0.06072776019573212
0.07901358604431152,-0.09189891815185547,True,family-00369,1.0,0.5,0.5,maximum,minimum,0,0.45807918906211853,9.681469917297363,11,0.5806133449077606,maximum__minimum,0.25225675106048584,0.17324316501617432,0.07901358604431152
0.5506365895271301,0.0208437442779541,True,family-00369,1.0,0.5,0.5,maximum,minimum,1,0.5621816515922546,10.523080825805664,11,0.5806133449077606,maximum__minimum,0.5776776075363159,0.02704101800918579,0.5506365895271301
0.10859903693199158,0.7700817584991455,True,family-00369,1.0,0.5,0.5,maximum,minimum,2,0.39154666662216187,14.639784812927246,11,0.5806133449077606,maximum__minimum,-0.010445117950439453,0.09815391898155212,-0.10859903693199158
0.03407937288284302,-0.42239952087402344,True,family-00369,1.0,0.5,0.5,maximum,minimum,3,0.22628499567508698,21.95355796813965,11,0.5806133449077606,maximum__minimum,0.09712004661560059,0.06304067373275757,0.03407937288284302
0.27577871829271317,-0.9277806282043457,False,family-00369,1.0,0.0,1.0,maximum,sum_mod_10,0,0.21328747272491455,11.627937316894531,11,0.8572200983762741,maximum__sum_mod_10,0.25225675106048584,-0.023521967232227325,0.27577871829271317
0.583122044801712,-1.7304415702819824,False,family-00369,1.0,0.0,1.0,maximum,sum_mod_10,1,0.03568219393491745,14.382730484008789,11,0.8572200983762741,maximum__sum_mod_10,0.5776776075363159,-0.005444437265396118,0.583122044801712
0.005852755159139633,-0.5227657556533813,False,family-00369,1.0,0.0,1.0,maximum,sum_mod_10,2,0.018804606050252914,18.10103988647461,11,0.8572200983762741,maximum__sum_mod_10,-0.010445117950439453,-0.00459236279129982,-0.005852755159139633
0.09279193170368671,-0.45541131496429443,False,family-00369,1.0,0.0,1.0,maximum,sum_mod_10,3,0.14632859826087952,22.543212890625,11,0.8572200983762741,maximum__sum_mod_10,0.09712004661560059,0.004328114911913872,0.09279193170368671
0.19676513224840164,-0.8358817100524902,False,family-00369,0.5,0.0,0.5,minimum,sum_mod_10,0,0.36702588200569153,11.639120101928711,11,0.2766067534685135,minimum__sum_mod_10,0.17324316501617432,-0.023521967232227325,0.19676513224840164
0.03248545527458191,-1.7512853145599365,False,family-00369,0.5,0.0,0.5,minimum,sum_mod_10,1,0.24307124316692352,14.382892608642578,11,0.2766067534685135,minimum__sum_mod_10,0.02704101800918579,-0.005444437265396118,0.03248545527458191
0.10274628177285194,-1.2928475141525269,False,family-00369,0.5,0.0,0.5,minimum,sum_mod_10,2,0.34313637018203735,15.25269603729248,11,0.2766067534685135,minimum__sum_mod_10,0.09815391898155212,-0.00459236279129982,0.10274628177285194
0.0587125588208437,-0.033011794090270996,False,family-00369,0.5,0.0,0.5,minimum,sum_mod_10,3,0.5163154602050781,16.8186092376709,11,0.2766067534685135,minimum__sum_mod_10,0.06304067373275757,0.004328114911913872,0.0587125588208437
0.6397327184677124,0.536238431930542,True,family-00370,0.5,0.0,0.5,maximum,minimum,0,0.444938600063324,11.356266021728516,11,-0.20672720670700073,maximum__minimum,0.6320860385894775,-0.007646679878234863,0.6397327184677124
0.7072733640670776,-0.4268357753753662,True,family-00370,0.5,0.0,0.5,maximum,minimum,1,0.4544677734375,11.798208236694336,11,-0.20672720670700073,maximum__minimum,0.6867607831954956,-0.02051258087158203,0.7072733640670776
0.5997247099876404,1.3881019949913025,True,family-00370,0.5,0.0,0.5,maximum,minimum,2,0.23063156008720398,19.138412475585938,11,-0.20672720670700073,maximum__minimum,0.12017321586608887,0.7198979258537292,-0.5997247099876404
0.3209753930568695,-0.4462391138076782,True,family-00370,0.5,0.0,0.5,maximum,minimum,3,0.30299028754234314,24.031299591064453,11,-0.20672720670700073,maximum__minimum,0.37004753947257996,0.04907214641571045,0.3209753930568695
0.6140579655766487,0.5321800708770752,False,family-00370,0.5,1.0,-0.5,maximum,sum_mod_10,0,0.4955945611000061,10.225038528442383,11,0.6968133114278316,maximum__sum_mod_10,0.6320860385894775,0.018028073012828827,0.6140579655766487
0.6923826541751623,-0.88157719373703,False,family-00370,0.5,1.0,-0.5,maximum,sum_mod_10,1,0.34434786438941956,12.379568099975586,11,0.6968133114278316,maximum__sum_mod_10,0.6867607831954956,-0.00562187097966671,0.6923826541751623
0.12790001556277275,1.40791916847229,False,family-00370,0.5,1.0,-0.5,maximum,sum_mod_10,2,0.5345953702926636,16.686328887939453,11,0.6968133114278316,maximum__sum_mod_10,0.12017321586608887,-0.007726799696683884,0.12790001556277275
0.3639083933085203,-0.2448338270187378,False,family-00370,0.5,1.0,-0.5,maximum,sum_mod_10,3,0.5964431762695312,19.606801986694336,11,0.6968133114278316,maximum__sum_mod_10,0.37004753947257996,0.006139146164059639,0.3639083933085203
0.02567475289106369,-0.004058361053466797,False,family-00370,0.0,1.0,-1.0,minimum,sum_mod_10,0,0.6005014181137085,9.796989440917969,11,0.9035405181348324,minimum__sum_mod_10,-0.007646679878234863,0.018028073012828827,-0.02567475289106369
0.014890709891915321,-0.4547414183616638,False,family-00370,0.0,1.0,-1.0,minimum,sum_mod_10,1,0.6427799463272095,10.446160316467285,11,0.9035405181348324,minimum__sum_mod_10,-0.02051258087158203,-0.00562187097966671,-0.014890709891915321
0.7276247255504131,0.01981717348098755,False,family-00370,0.0,1.0,-1.0,minimum,sum_mod_10,2,0.7333459854125977,13.547008514404297,11,0.9035405181348324,minimum__sum_mod_10,0.7198979258537292,-0.007726799696683884,0.7276247255504131
0.04293300025165081,0.20140528678894043,False,family-00370,0.0,1.0,-1.0,minimum,sum_mod_10,3,0.7213414311408997,16.821895599365234,11,0.9035405181348324,minimum__sum_mod_10,0.04907214641571045,0.006139146164059639,0.04293300025165081
0.3029690086841583,0.41753482818603516,True,family-00371,0.0,1.0,-1.0,maximum,minimum,0,0.5311319828033447,9.629373550415039,11,-0.09474676847457886,maximum__minimum,-0.08510321378707886,0.21786579489707947,-0.3029690086841583
0.5671303868293762,-0.1790611743927002,True,family-00371,0.0,1.0,-1.0,maximum,minimum,1,0.49181216955184937,9.743387222290039,11,-0.09474676847457886,maximum__minimum,0.5378998517990112,-0.02923053503036499,0.5671303868293762
0.36184999346733093,0.5095839500427246,True,family-00371,0.0,1.0,-1.0,maximum,minimum,2,0.4184700846672058,12.783536911010742,11,-0.09474676847457886,maximum__minimum,0.023601651191711426,0.38545164465904236,-0.36184999346733093
0.03200206160545349,0.10029268264770508,True,family-00371,0.0,1.0,-1.0,maximum,minimum,3,0.30688658356666565,18.928314208984375,11,-0.09474676847457886,maximum__minimum,0.3364880383014679,0.3044859766960144,0.03200206160545349
0.07037239521741867,-0.1310279369354248,False,family-00371,0.0,0.5,-0.5,maximum,sum_mod_10,0,0.4430653154850006,9.840205192565918,11,0.5219356119632721,maximum__sum_mod_10,-0.08510321378707886,-0.014730818569660187,-0.07037239521741867
0.5802287757396698,-0.23150968551635742,False,family-00371,0.0,0.5,-0.5,maximum,sum_mod_10,1,0.11832056939601898,13.64822006225586,11,0.5219356119632721,maximum__sum_mod_10,0.5378998517990112,-0.04232892394065857,0.5802287757396698
0.02754557877779007,1.0054768323898315,False,family-00371,0.0,0.5,-0.5,maximum,sum_mod_10,2,0.2895052433013916,15.650267601013184,11,0.5219356119632721,maximum__sum_mod_10,0.023601651191711426,-0.003943927586078644,0.02754557877779007
0.30698686838150024,1.0801434516906738,False,family-00371,0.0,0.5,-0.5,maximum,sum_mod_10,3,0.3304811418056488,20.64008140563965,11,0.5219356119632721,maximum__sum_mod_10,0.3364880383014679,0.02950116991996765,0.30698686838150024
0.23259661346673965,-0.54856276512146,False,family-00371,1.0,0.5,0.5,minimum,sum_mod_10,0,0.5015559196472168,8.797502517700195,11,0.616682380437851,minimum__sum_mod_10,0.21786579489707947,-0.014730818569660187,0.23259661346673965
0.013098388910293579,-0.05244851112365723,False,family-00371,1.0,0.5,0.5,minimum,sum_mod_10,1,0.30173107981681824,10.647109985351562,11,0.616682380437851,minimum__sum_mod_10,-0.02923053503036499,-0.04232892394065857,0.013098388910293579
0.389395572245121,0.49589288234710693,False,family-00371,1.0,0.5,0.5,minimum,sum_mod_10,2,0.5669642686843872,11.766566276550293,11,0.616682380437851,minimum__sum_mod_10,0.38545164465904236,-0.003943927586078644,0.389395572245121
0.27498480677604675,0.9798507690429688,False,family-00371,1.0,0.5,0.5,minimum,sum_mod_10,3,0.34819483757019043,20.66312026977539,11,0.616682380437851,minimum__sum_mod_10,0.3044859766960144,0.02950116991996765,0.27498480677604675
0.0761871337890625,1.0564584732055664,True,family-00372,1.0,0.5,0.5,maximum,minimum,0,0.48703819513320923,11.327606201171875,11,-0.5394268780946732,maximum__minimum,-0.02867799997329712,0.04750913381576538,-0.0761871337890625
0.1806148737668991,0.8039040565490723,True,family-00372,1.0,0.5,0.5,maximum,minimum,1,0.47719353437423706,12.558998107910156,11,-0.5394268780946732,maximum__minimum,-0.026565715670585632,0.15404915809631348,-0.1806148737668991
0.07008929550647736,0.7281185388565063,True,family-00372,1.0,0.5,0.5,maximum,minimum,2,0.43269896507263184,16.751829147338867,11,-0.5394268780946732,maximum__minimum,0.11954830586910248,0.18963760137557983,-0.07008929550647736
0.2315700352191925,0.10620594024658203,True,family-00372,1.0,0.5,0.5,maximum,minimum,3,0.35180485248565674,22.840129852294922,11,-0.5394268780946732,maximum__minimum,0.1604645550251007,-0.0711054801940918,0.2315700352191925
0.00676950067281723,0.3833761215209961,False,family-00372,1.0,0.0,1.0,maximum,sum_mod_10,0,0.4660072922706604,10.935953140258789,11,0.14806237071752548,maximum__sum_mod_10,-0.02867799997329712,-0.02190849930047989,-0.00676950067281723
0.0005297660827636719,-0.054212093353271484,False,family-00372,1.0,0.0,1.0,maximum,sum_mod_10,1,0.31757646799087524,13.310731887817383,11,0.14806237071752548,maximum__sum_mod_10,-0.026565715670585632,-0.027095481753349304,0.0005297660827636719
0.09980819001793861,-0.5820105075836182,False,family-00372,1.0,0.0,1.0,maximum,sum_mod_10,2,0.40324831008911133,15.227433204650879,11,0.14806237071752548,maximum__sum_mod_10,0.11954830586910248,0.019740115851163864,0.09980819001793861
0.13649969547986984,-0.719696044921875,False,family-00372,1.0,0.0,1.0,maximum,sum_mod_10,3,0.4754703640937805,17.720489501953125,11,0.14806237071752548,maximum__sum_mod_10,0.1604645550251007,0.023964859545230865,0.13649969547986984
0.06941763311624527,-0.6730823516845703,False,family-00372,0.5,0.0,0.5,minimum,sum_mod_10,0,0.6519129872322083,9.607393264770508,11,0.6874892488121986,minimum__sum_mod_10,0.04750913381576538,-0.02190849930047989,0.06941763311624527
0.18114463984966278,-0.8581161499023438,False,family-00372,0.5,0.0,0.5,minimum,sum_mod_10,1,0.5413898825645447,12.624119758605957,11,0.6874892488121986,minimum__sum_mod_10,0.15404915809631348,-0.027095481753349304,0.18114463984966278
0.16989748552441597,-1.3101290464401245,False,family-00372,0.5,0.0,0.5,minimum,sum_mod_10,2,0.603829026222229,15.022244453430176,11,0.6874892488121986,minimum__sum_mod_10,0.18963760137557983,0.019740115851163864,0.16989748552441597
0.09507033973932266,-0.825901985168457,False,family-00372,0.5,0.0,0.5,minimum,sum_mod_10,3,0.5300467610359192,20.698577880859375,11,0.6874892488121986,minimum__sum_mod_10,-0.0711054801940918,0.023964859545230865,-0.09507033973932266
0.05504876375198364,0.0027153491973876953,True,family-00373,0.5,0.0,0.5,maximum,minimum,0,0.45106467604637146,10.85680866241455,11,0.011939764022827148,maximum__minimum,-0.013280808925628662,0.04176795482635498,-0.05504876375198364
0.8960158824920654,-0.8367615342140198,True,family-00373,0.5,0.0,0.5,maximum,minimum,1,0.2679888606071472,14.241304397583008,11,0.011939764022827148,maximum__minimum,0.8660738468170166,-0.029942035675048828,0.8960158824920654
0.6823896765708923,2.0204609036445618,True,family-00373,0.5,0.0,0.5,maximum,minimum,2,-0.04187675192952156,22.668710708618164,11,0.011939764022827148,maximum__minimum,0.040437400341033936,0.7228270769119263,-0.6823896765708923
0.11098933219909668,0.2690896987915039,True,family-00373,0.5,0.0,0.5,maximum,minimum,3,0.023076945915818214,27.212074279785156,11,0.011939764022827148,maximum__minimum,0.2059726119041443,0.09498327970504761,0.11098933219909668
0.01648581773042679,0.13417434692382812,False,family-00373,0.5,1.0,-0.5,maximum,sum_mod_10,0,0.6208217740058899,9.122712135314941,11,0.7919817566871643,maximum__sum_mod_10,-0.013280808925628662,0.0032050088047981262,-0.01648581773042679
0.8622066155076027,-0.8419939875602722,False,family-00373,0.5,1.0,-0.5,maximum,sum_mod_10,1,0.2494114488363266,14.852200508117676,11,0.7919817566871643,maximum__sum_mod_10,0.8660738468170166,0.00386723130941391,0.8622066155076027
0.06086885929107666,2.0830864906311035,False,family-00373,0.5,1.0,-0.5,maximum,sum_mod_10,2,0.21654435992240906,20.93899154663086,11,0.7919817566871643,maximum__sum_mod_10,0.040437400341033936,-0.020431458950042725,0.06086885929107666
0.16391850262880325,0.8742318153381348,False,family-00373,0.5,1.0,-0.5,maximum,sum_mod_10,3,0.26214098930358887,25.86733055114746,11,0.7919817566871643,maximum__sum_mod_10,0.2059726119041443,0.042054109275341034,0.16391850262880325
0.038562946021556854,0.13145899772644043,False,family-00373,0.0,1.0,-1.0,minimum,sum_mod_10,0,0.48008495569229126,10.508267402648926,11,0.7800419926643372,minimum__sum_mod_10,0.04176795482635498,0.0032050088047981262,0.038562946021556854
0.03380926698446274,-0.005232453346252441,False,family-00373,0.0,1.0,-1.0,minimum,sum_mod_10,1,0.3991389870643616,12.365671157836914,11,0.7800419926643372,minimum__sum_mod_10,-0.029942035675048828,0.00386723130941391,-0.03380926698446274
0.743258535861969,0.06262558698654175,False,family-00373,0.0,1.0,-1.0,minimum,sum_mod_10,2,0.5749923586845398,16.07720184326172,11,0.7800419926643372,minimum__sum_mod_10,0.7228270769119263,-0.020431458950042725,0.743258535861969
0.052929170429706573,0.6051421165466309,False,family-00373,0.0,1.0,-1.0,minimum,sum_mod_10,3,0.543100118637085,21.23130226135254,11,0.7800419926643372,minimum__sum_mod_10,0.09498327970504761,0.042054109275341034,0.052929170429706573
0.11582395434379578,-0.13756859302520752,True,family-00374,0.0,1.0,-1.0,maximum,minimum,0,0.5168856382369995,9.84529972076416,11,0.370822548866272,maximum__minimum,0.3731045722961426,0.2572806179523468,0.11582395434379578
0.6457912623882294,-0.24390053749084473,True,family-00374,0.0,1.0,-1.0,maximum,minimum,1,0.5379846096038818,9.566152572631836,11,0.370822548866272,maximum__minimum,0.8145432472229004,0.16875198483467102,0.6457912623882294
0.30471885204315186,0.38514256477355957,True,family-00374,0.0,1.0,-1.0,maximum,minimum,2,0.2921116352081299,13.407625198364258,11,0.370822548866272,maximum__minimum,0.05882132053375244,0.3635401725769043,-0.30471885204315186
0.04509776830673218,-0.2537384033203125,True,family-00374,0.0,1.0,-1.0,maximum,minimum,3,-0.02639177441596985,20.57682228088379,11,0.370822548866272,maximum__minimum,0.08823668956756592,0.1333344578742981,-0.04509776830673218
0.3649904802441597,-0.32585251331329346,False,family-00374,0.0,0.5,-0.5,maximum,sum_mod_10,0,0.45925408601760864,10.507797241210938,11,0.8185673654079437,maximum__sum_mod_10,0.3731045722961426,0.00811409205198288,0.3649904802441597
0.871217854321003,-0.6251699924468994,False,family-00374,0.0,0.5,-0.5,maximum,sum_mod_10,1,0.14766740798950195,15.476363182067871,11,0.8185673654079437,maximum__sum_mod_10,0.8145432472229004,-0.05667460709810257,0.871217854321003
0.05823998153209686,1.1474580764770508,False,family-00374,0.0,0.5,-0.5,maximum,sum_mod_10,2,0.15772761404514313,19.393503189086914,11,0.8185673654079437,maximum__sum_mod_10,0.05882132053375244,0.0005813390016555786,0.05823998153209686
0.07332848384976387,-0.003076791763305664,False,family-00374,0.0,0.5,-0.5,maximum,sum_mod_10,3,0.339841365814209,22.105661392211914,11,0.8185673654079437,maximum__sum_mod_10,0.08823668956756592,0.014908205717802048,0.07332848384976387
0.24916652590036392,-0.18828392028808594,False,family-00374,1.0,0.5,0.5,minimum,sum_mod_10,0,0.3810751438140869,11.013904571533203,11,0.44774481654167175,minimum__sum_mod_10,0.2572806179523468,0.00811409205198288,0.24916652590036392
0.2254265919327736,-0.3812694549560547,False,family-00374,1.0,0.5,0.5,minimum,sum_mod_10,1,0.27758777141571045,13.83230209350586,11,0.44774481654167175,minimum__sum_mod_10,0.16875198483467102,-0.05667460709810257,0.2254265919327736
0.3629588335752487,0.7623155117034912,False,family-00374,1.0,0.5,0.5,minimum,sum_mod_10,2,0.4244343340396881,15.922823905944824,11,0.44774481654167175,minimum__sum_mod_10,0.3635401725769043,0.0005813390016555786,0.3629588335752487
0.11842625215649605,0.25066161155700684,False,family-00374,1.0,0.5,0.5,minimum,sum_mod_10,3,0.5022081136703491,19.2391414642334,11,0.44774481654167175,minimum__sum_mod_10,0.1333344578742981,0.014908205717802048,0.11842625215649605
0.1594107747077942,-0.09843802452087402,True,family-00375,1.0,0.5,0.5,maximum,minimum,0,0.6579735279083252,8.349332809448242,11,0.24150660634040833,maximum__minimum,-0.0041806697845458984,0.1552301049232483,-0.1594107747077942
0.10697782039642334,0.9314748048782349,True,family-00375,1.0,0.5,0.5,maximum,minimum,1,0.6578629612922668,9.429585456848145,11,0.24150660634040833,maximum__minimum,0.2977737486362457,0.1907959282398224,0.10697782039642334
0.0805446207523346,0.16899871826171875,True,family-00375,1.0,0.5,0.5,maximum,minimum,2,0.32622361183166504,15.469868659973145,11,0.24150660634040833,maximum__minimum,0.2467886209487915,0.3273332417011261,-0.0805446207523346
0.04942893981933594,-0.48183298110961914,True,family-00375,1.0,0.5,0.5,maximum,minimum,3,0.20767651498317719,23.011789321899414,11,0.24150660634040833,maximum__minimum,0.32423657178878784,0.2748076319694519,0.04942893981933594
0.013789109885692596,-0.34754490852355957,False,family-00375,1.0,0.0,1.0,maximum,sum_mod_10,0,0.5537424087524414,9.992523193359375,11,0.6489685699343681,maximum__sum_mod_10,-0.0041806697845458984,0.009608440101146698,-0.013789109885692596
0.3035980463027954,-0.139418363571167,False,family-00375,1.0,0.0,1.0,maximum,sum_mod_10,1,0.4943234920501709,11.860417366027832,11,0.6489685699343681,maximum__sum_mod_10,0.2977737486362457,-0.005824297666549683,0.3035980463027954
0.25490908697247505,-0.942885160446167,False,family-00375,1.0,0.0,1.0,maximum,sum_mod_10,2,0.531415581703186,14.86616039276123,11,0.6489685699343681,maximum__sum_mod_10,0.2467886209487915,-0.008120466023683548,0.25490908697247505
0.33518100902438164,0.007058858871459961,False,family-00375,1.0,0.0,1.0,maximum,sum_mod_10,3,0.6507589817047119,17.558135986328125,11,0.6489685699343681,maximum__sum_mod_10,0.32423657178878784,-0.010944437235593796,0.33518100902438164
0.1456216648221016,-0.24910688400268555,False,family-00375,0.5,0.0,0.5,minimum,sum_mod_10,0,0.43406713008880615,10.550609588623047,11,0.4074619635939598,minimum__sum_mod_10,0.1552301049232483,0.009608440101146698,0.1456216648221016
0.19662022590637207,-1.0708931684494019,False,family-00375,0.5,0.0,0.5,minimum,sum_mod_10,1,0.22677087783813477,14.135217666625977,11,0.4074619635939598,minimum__sum_mod_10,0.1907959282398224,-0.005824297666549683,0.19662022590637207
0.33545370772480965,-1.1118838787078857,False,family-00375,0.5,0.0,0.5,minimum,sum_mod_10,2,0.2065357118844986,17.439617156982422,11,0.4074619635939598,minimum__sum_mod_10,0.3273332417011261,-0.008120466023683548,0.33545370772480965
0.2857520692050457,0.4888918399810791,False,family-00375,0.5,0.0,0.5,minimum,sum_mod_10,3,0.23318415880203247,23.335975646972656,11,0.4074619635939598,minimum__sum_mod_10,0.2748076319694519,-0.010944437235593796,0.2857520692050457
0.03508734703063965,0.25139403343200684,True,family-00376,0.5,0.0,0.5,maximum,minimum,0,0.4199690818786621,11.921664237976074,11,0.020660400390625,maximum__minimum,0.011457204818725586,-0.023630142211914062,0.03508734703063965
0.8733659386634827,-0.7709827423095703,True,family-00376,0.5,0.0,0.5,maximum,minimum,1,0.4597192108631134,12.381329536437988,11,0.020660400390625,maximum__minimum,0.841422438621521,-0.03194350004196167,0.8733659386634827
0.7628163695335388,1.4751847386360168,True,family-00376,0.5,0.0,0.5,maximum,minimum,2,0.21316520869731903,19.150136947631836,11,0.020660400390625,maximum__minimum,0.015395104885101318,0.7782114744186401,-0.7628163695335388
0.10290002822875977,-0.5857716798782349,True,family-00376,0.5,0.0,0.5,maximum,minimum,3,0.2342263162136078,25.779264450073242,11,0.020660400390625,maximum__minimum,0.1749790906906128,0.07207906246185303,0.10290002822875977
0.008595027029514313,0.2842559814453125,False,family-00376,0.5,1.0,-0.5,maximum,sum_mod_10,0,0.5155330300331116,10.472049713134766,11,0.8892598934471607,maximum__sum_mod_10,0.011457204818725586,0.002862177789211273,0.008595027029514313
0.8791642971336842,-1.067696452140808,False,family-00376,0.5,1.0,-0.5,maximum,sum_mod_10,1,0.3518590033054352,13.433839797973633,11,0.8892598934471607,maximum__sum_mod_10,0.841422438621521,-0.03774185851216316,0.8791642971336842
0.1059010773897171,1.5089561939239502,False,family-00376,0.5,1.0,-0.5,maximum,sum_mod_10,2,0.47299787402153015,17.41301918029785,11,0.8892598934471607,maximum__sum_mod_10,0.015395104885101318,-0.09050597250461578,0.1059010773897171
0.158076424151659,0.034250736236572266,False,family-00376,0.5,1.0,-0.5,maximum,sum_mod_10,3,0.5457713007926941,21.366893768310547,11,0.8892598934471607,maximum__sum_mod_10,0.1749790906906128,0.01690266653895378,0.158076424151659
0.026492320001125336,0.032861948013305664,False,family-00376,0.0,1.0,-1.0,minimum,sum_mod_10,0,0.601550281047821,9.68806266784668,11,0.8685994930565357,minimum__sum_mod_10,-0.023630142211914062,0.002862177789211273,-0.026492320001125336
0.005798358470201492,-0.2967137098312378,False,family-00376,0.0,1.0,-1.0,minimum,sum_mod_10,1,0.6502677202224731,10.427152633666992,11,0.8685994930565357,minimum__sum_mod_10,-0.03194350004196167,-0.03774185851216316,0.005798358470201492
0.8687174469232559,0.03377145528793335,False,family-00376,0.0,1.0,-1.0,minimum,sum_mod_10,2,0.6784206032752991,14.10974407196045,11,0.8685994930565357,minimum__sum_mod_10,0.7782114744186401,-0.09050597250461578,0.8687174469232559
0.055176395922899246,0.6200224161148071,False,family-00376,0.0,1.0,-1.0,minimum,sum_mod_10,3,0.6183436512947083,18.757450103759766,11,0.8685994930565357,minimum__sum_mod_10,0.07207906246185303,0.01690266653895378,0.055176395922899246
0.2681245431303978,-0.29539716243743896,True,family-00377,0.0,1.0,-1.0,maximum,minimum,0,0.4790225923061371,10.410820960998535,11,-0.5413715988397598,maximum__minimum,0.0802396908402443,0.3483642339706421,-0.2681245431303978
0.1762528121471405,-0.19165420532226562,True,family-00377,0.0,1.0,-1.0,maximum,minimum,1,0.523810625076294,10.870410919189453,11,-0.5413715988397598,maximum__minimum,-0.021105855703353882,0.15514695644378662,-0.1762528121471405
0.2027815282344818,0.7643374800682068,True,family-00377,0.0,1.0,-1.0,maximum,minimum,2,0.44270896911621094,13.966411590576172,11,-0.5413715988397598,maximum__minimum,0.12691891193389893,0.32970044016838074,-0.2027815282344818
0.15975411981344223,-0.0815427303314209,True,family-00377,0.0,1.0,-1.0,maximum,minimum,3,0.3572097420692444,20.131452560424805,11,-0.5413715988397598,maximum__minimum,0.08806969970464706,-0.07168442010879517,0.15975411981344223
0.07252379134297371,-0.3100076913833618,False,family-00377,0.0,0.5,-0.5,maximum,sum_mod_10,0,0.53267902135849,10.869872093200684,11,0.11490300297737122,maximum__sum_mod_10,0.0802396908402443,0.007715899497270584,0.07252379134297371
0.0383480042219162,-0.21296238899230957,False,family-00377,0.0,0.5,-0.5,maximum,sum_mod_10,1,0.46203795075416565,12.799555778503418,11,0.11490300297737122,maximum__sum_mod_10,-0.021105855703353882,0.017242148518562317,-0.0383480042219162
0.11076736077666283,0.6193243861198425,False,family-00377,0.0,0.5,-0.5,maximum,sum_mod_10,2,0.4621928334236145,15.527033805847168,11,0.11490300297737122,maximum__sum_mod_10,0.12691891193389893,0.0161515511572361,0.11076736077666283
0.12652307003736496,0.0017464160919189453,False,family-00377,0.0,0.5,-0.5,maximum,sum_mod_10,3,0.6235901713371277,18.51607322692871,11,0.11490300297737122,maximum__sum_mod_10,0.08806969970464706,-0.038453370332717896,0.12652307003736496
0.3406483344733715,-0.014610528945922852,False,family-00377,1.0,0.5,0.5,minimum,sum_mod_10,0,0.4189378619194031,11.064350128173828,11,0.656274601817131,minimum__sum_mod_10,0.3483642339706421,0.007715899497270584,0.3406483344733715
0.1379048079252243,-0.021308183670043945,False,family-00377,1.0,0.5,0.5,minimum,sum_mod_10,1,0.6266481280326843,10.461614608764648,11,0.656274601817131,minimum__sum_mod_10,0.15514695644378662,0.017242148518562317,0.1379048079252243
0.31354888901114464,-0.14501309394836426,False,family-00377,1.0,0.5,0.5,minimum,sum_mod_10,2,0.6502253413200378,13.159857749938965,11,0.656274601817131,minimum__sum_mod_10,0.32970044016838074,0.0161515511572361,0.31354888901114464
0.03323104977607727,0.08328914642333984,False,family-00377,1.0,0.5,0.5,minimum,sum_mod_10,3,0.6512372493743896,18.606260299682617,11,0.656274601817131,minimum__sum_mod_10,-0.07168442010879517,-0.038453370332717896,-0.03323104977607727
0.06033425033092499,0.10970473289489746,True,family-00378,1.0,0.5,0.5,maximum,minimum,0,0.5040965676307678,10.58266544342041,11,0.8366103768348694,maximum__minimum,0.09478312730789185,0.03444887697696686,0.06033425033092499
0.9293001443147659,0.7385697364807129,True,family-00378,1.0,0.5,0.5,maximum,minimum,1,0.4870205223560333,10.42613697052002,11,0.8366103768348694,maximum__minimum,0.8365083932876587,-0.09279175102710724,0.9293001443147659
0.2884574346244335,0.5832521915435791,True,family-00378,1.0,0.5,0.5,maximum,minimum,2,0.34660282731056213,14.214475631713867,11,0.8366103768348694,maximum__minimum,0.32349711656570435,0.03503968194127083,0.2884574346244335
0.2647170200943947,0.3247298002243042,True,family-00378,1.0,0.5,0.5,maximum,minimum,3,0.25578179955482483,22.068309783935547,11,0.8366103768348694,maximum__minimum,0.2230449914932251,-0.041672028601169586,0.2647170200943947
0.115702323615551,-0.638218879699707,False,family-00378,1.0,0.0,1.0,maximum,sum_mod_10,0,0.60263991355896,9.208351135253906,11,0.844515286386013,maximum__sum_mod_10,0.09478312730789185,-0.02091919630765915,0.115702323615551
0.8343092501163483,-0.4612692594528198,False,family-00378,1.0,0.0,1.0,maximum,sum_mod_10,1,0.6066641807556152,10.036323547363281,11,0.844515286386013,maximum__sum_mod_10,0.8365083932876587,0.002199143171310425,0.8343092501163483
0.30275969579815865,-0.7713528871536255,False,family-00378,1.0,0.0,1.0,maximum,sum_mod_10,2,0.6909201741218567,11.850241661071777,11,0.844515286386013,maximum__sum_mod_10,0.32349711656570435,0.0207374207675457,0.30275969579815865
0.25564832240343094,-0.05976712703704834,False,family-00378,1.0,0.0,1.0,maximum,sum_mod_10,3,0.6907068490982056,16.005029678344727,11,0.844515286386013,maximum__sum_mod_10,0.2230449914932251,-0.03260333091020584,0.25564832240343094
0.05536807328462601,-0.7479236125946045,False,family-00378,0.5,0.0,0.5,minimum,sum_mod_10,0,0.5261518359184265,10.60959529876709,11,0.007904909551143646,minimum__sum_mod_10,0.03444887697696686,-0.02091919630765915,0.05536807328462601
0.09499089419841766,-1.1998389959335327,False,family-00378,0.5,0.0,0.5,minimum,sum_mod_10,1,0.47157102823257446,11.775640487670898,11,0.007904909551143646,minimum__sum_mod_10,-0.09279175102710724,0.002199143171310425,-0.09499089419841766
0.014302261173725128,-1.3546050786972046,False,family-00378,0.5,0.0,0.5,minimum,sum_mod_10,2,0.5609077215194702,13.508891105651855,11,0.007904909551143646,minimum__sum_mod_10,0.03503968194127083,0.0207374207675457,0.014302261173725128
0.009068697690963745,-0.38449692726135254,False,family-00378,0.5,0.0,0.5,minimum,sum_mod_10,3,0.6365901231765747,16.25243377685547,11,0.007904909551143646,minimum__sum_mod_10,-0.041672028601169586,-0.03260333091020584,-0.009068697690963745
0.38544340431690216,0.6350750923156738,True,family-00379,0.5,0.0,0.5,maximum,minimum,0,0.5837811231613159,9.654141426086426,11,0.9099478404968977,maximum__minimum,0.3917996287345886,0.006356224417686462,0.38544340431690216
0.7280803862959146,-0.693556010723114,True,family-00379,0.5,0.0,0.5,maximum,minimum,1,0.5087426900863647,11.550524711608887,11,0.9099478404968977,maximum__minimum,0.7184131145477295,-0.009667271748185158,0.7280803862959146
0.1473122090101242,1.71600341796875,True,family-00379,0.5,0.0,0.5,maximum,minimum,2,0.11953084170818329,16.07525062561035,11,0.9099478404968977,maximum__minimum,0.0655708909034729,-0.0817413181066513,0.1473122090101242
0.2156494092196226,-0.7016136646270752,True,family-00379,0.5,0.0,0.5,maximum,minimum,3,0.10096472501754761,21.491567611694336,11,0.9099478404968977,maximum__minimum,0.2199469804763794,0.0042975712567567825,0.2156494092196226
0.4059272650629282,0.45923519134521484,False,family-00379,0.5,1.0,-0.5,maximum,sum_mod_10,0,0.5851408839225769,9.426671981811523,11,0.9022516328841448,maximum__sum_mod_10,0.3917996287345886,-0.014127636328339577,0.4059272650629282
0.7365367915481329,-0.9855510592460632,False,family-00379,0.5,1.0,-0.5,maximum,sum_mod_10,1,0.48733553290367126,11.657012939453125,11,0.9022516328841448,maximum__sum_mod_10,0.7184131145477295,-0.018123677000403404,0.7365367915481329
0.12146244943141937,1.5052095651626587,False,family-00379,0.5,1.0,-0.5,maximum,sum_mod_10,2,0.6196073889732361,12.68439769744873,11,0.9022516328841448,maximum__sum_mod_10,0.0655708909034729,-0.05589155852794647,0.12146244943141937
0.21232036873698235,0.317150354385376,False,family-00379,0.5,1.0,-0.5,maximum,sum_mod_10,3,0.7001398205757141,14.745596885681152,11,0.9022516328841448,maximum__sum_mod_10,0.2199469804763794,0.007626611739397049,0.21232036873698235
0.02048386074602604,-0.17583990097045898,False,family-00379,0.0,1.0,-1.0,minimum,sum_mod_10,0,0.9670631885528564,2.7425167560577393,11,-0.007696207612752914,minimum__sum_mod_10,0.006356224417686462,-0.014127636328339577,0.02048386074602604
0.008456405252218246,-0.2919950485229492,False,family-00379,0.0,1.0,-1.0,minimum,sum_mod_10,1,0.8759313821792603,5.296349048614502,11,-0.007696207612752914,minimum__sum_mod_10,-0.009667271748185158,-0.018123677000403404,0.008456405252218246
0.025849759578704834,-0.2107938528060913,False,family-00379,0.0,1.0,-1.0,minimum,sum_mod_10,2,0.2785612642765045,15.755884170532227,11,-0.007696207612752914,minimum__sum_mod_10,-0.0817413181066513,-0.05589155852794647,-0.025849759578704834
0.0033290404826402664,1.0187640190124512,False,family-00379,0.0,1.0,-1.0,minimum,sum_mod_10,3,0.39020368456840515,18.453521728515625,11,-0.007696207612752914,minimum__sum_mod_10,0.0042975712567567825,0.007626611739397049,-0.0033290404826402664
0.3887874830979854,0.30147671699523926,True,family-00380,0.0,1.0,-1.0,maximum,minimum,0,0.503822922706604,10.10439682006836,11,0.9190830260049552,maximum__minimum,0.38879674673080444,9.263632819056511e-06,0.3887874830979854
0.8409915342926979,-0.023397088050842285,True,family-00380,0.0,1.0,-1.0,maximum,minimum,1,0.4512479901313782,10.694527626037598,11,0.9190830260049552,maximum__minimum,0.8298424482345581,-0.011149086058139801,0.8409915342926979
0.0149982541333884,0.38986945152282715,True,family-00380,0.0,1.0,-1.0,maximum,minimum,2,0.2862754762172699,13.4179048538208,11,0.9190830260049552,maximum__minimum,0.013371586799621582,-0.001626667333766818,0.0149982541333884
0.2733078068122268,-0.5708857774734497,True,family-00380,0.0,1.0,-1.0,maximum,minimum,3,-0.037422407418489456,22.491113662719727,11,0.9190830260049552,maximum__minimum,0.2592141032218933,-0.014093703590333462,0.2733078068122268
0.4026911184191704,0.7650134563446045,False,family-00380,0.0,0.5,-0.5,maximum,sum_mod_10,0,0.5414170026779175,10.361236572265625,11,0.8311687186360359,maximum__sum_mod_10,0.38879674673080444,-0.013894371688365936,0.4026911184191704
0.8577218949794769,-0.8471356630325317,False,family-00380,0.0,0.5,-0.5,maximum,sum_mod_10,1,0.44581469893455505,12.286928176879883,11,0.8311687186360359,maximum__sum_mod_10,0.8298424482345581,-0.027879446744918823,0.8577218949794769
0.027118925005197525,0.9454087018966675,False,family-00380,0.0,0.5,-0.5,maximum,sum_mod_10,2,0.28558972477912903,16.654905319213867,11,0.8311687186360359,maximum__sum_mod_10,0.013371586799621582,0.04049051180481911,-0.027118925005197525
0.23896580189466476,0.05578470230102539,False,family-00380,0.0,0.5,-0.5,maximum,sum_mod_10,3,0.3920339345932007,21.226985931396484,11,0.8311687186360359,maximum__sum_mod_10,0.2592141032218933,0.020248301327228546,0.23896580189466476
0.013903635321184993,0.46353673934936523,False,family-00380,1.0,0.5,0.5,minimum,sum_mod_10,0,0.5532222986221313,10.093660354614258,11,-0.08791430736891925,minimum__sum_mod_10,9.263632819056511e-06,-0.013894371688365936,0.013903635321184993
0.016730360686779022,-0.8237385749816895,False,family-00380,1.0,0.5,0.5,minimum,sum_mod_10,1,0.5434050559997559,10.994029998779297,11,-0.08791430736891925,minimum__sum_mod_10,-0.011149086058139801,-0.027879446744918823,0.016730360686779022
0.042117179138585925,0.5555392503738403,False,family-00380,1.0,0.5,0.5,minimum,sum_mod_10,2,0.4634724259376526,13.532031059265137,11,-0.08791430736891925,minimum__sum_mod_10,-0.001626667333766818,0.04049051180481911,-0.042117179138585925
0.03434200491756201,0.6266704797744751,False,family-00380,1.0,0.5,0.5,minimum,sum_mod_10,3,0.3682161271572113,18.806108474731445,11,-0.08791430736891925,minimum__sum_mod_10,-0.014093703590333462,0.020248301327228546,-0.03434200491756201
0.5906652212142944,0.09667742252349854,True,family-00381,1.0,0.5,0.5,maximum,minimum,0,0.6905722618103027,8.901755332946777,11,-0.06343710422515869,maximum__minimum,0.6025769114494324,0.01191169023513794,0.5906652212142944
0.5911053419113159,0.7090921401977539,True,family-00381,1.0,0.5,0.5,maximum,minimum,1,0.6297854781150818,9.93213176727295,11,-0.06343710422515869,maximum__minimum,0.621872067451477,0.030766725540161133,0.5911053419113159
0.17943048477172852,0.24774909019470215,True,family-00381,1.0,0.5,0.5,maximum,minimum,2,0.34589883685112,17.985252380371094,11,-0.06343710422515869,maximum__minimum,0.670863687992096,0.49143320322036743,0.17943048477172852
0.3377998471260071,-0.10472226142883301,True,family-00381,1.0,0.5,0.5,maximum,minimum,3,0.24584560096263885,25.80192756652832,11,-0.06343710422515869,maximum__minimum,0.36435896158218384,0.026559114456176758,0.3377998471260071
0.5647334344685078,-0.03314018249511719,False,family-00381,1.0,0.0,1.0,maximum,sum_mod_10,0,0.23225398361682892,12.850240707397461,11,0.8308699876070023,maximum__sum_mod_10,0.6025769114494324,0.037843476980924606,0.5647334344685078
0.6313802562654018,-0.3547377586364746,False,family-00381,1.0,0.0,1.0,maximum,sum_mod_10,1,0.2701556086540222,13.541358947753906,11,0.8308699876070023,maximum__sum_mod_10,0.621872067451477,-0.00950818881392479,0.6313802562654018
0.7063193917274475,0.6107791662216187,False,family-00381,1.0,0.0,1.0,maximum,sum_mod_10,2,0.2039443552494049,19.45581817626953,11,0.8308699876070023,maximum__sum_mod_10,0.670863687992096,-0.03545570373535156,0.7063193917274475
0.3562058284878731,-1.092871904373169,False,family-00381,1.0,0.0,1.0,maximum,sum_mod_10,3,0.32856249809265137,23.456005096435547,11,0.8308699876070023,maximum__sum_mod_10,0.36435896158218384,0.00815313309431076,0.3562058284878731
0.025931786745786667,-0.12981760501861572,False,family-00381,0.5,0.0,0.5,minimum,sum_mod_10,0,0.34578800201416016,13.049337387084961,11,0.894307091832161,minimum__sum_mod_10,0.01191169023513794,0.037843476980924606,-0.025931786745786667
0.04027491435408592,-1.0638298988342285,False,family-00381,0.5,0.0,0.5,minimum,sum_mod_10,1,0.36523646116256714,13.823491096496582,11,0.894307091832161,minimum__sum_mod_10,0.030766725540161133,-0.00950818881392479,0.04027491435408592
0.526888906955719,0.3630300760269165,False,family-00381,0.5,0.0,0.5,minimum,sum_mod_10,2,0.6751964092254639,13.218740463256836,11,0.894307091832161,minimum__sum_mod_10,0.49143320322036743,-0.03545570373535156,0.526888906955719
0.018405981361865997,-0.9881496429443359,False,family-00381,0.5,0.0,0.5,minimum,sum_mod_10,3,0.6729249358177185,16.32427406311035,11,0.894307091832161,minimum__sum_mod_10,0.026559114456176758,0.00815313309431076,0.018405981361865997
0.2703562080860138,-0.08325767517089844,True,family-00382,0.5,0.0,0.5,maximum,minimum,0,0.4432236850261688,10.425127029418945,11,0.42504584789276123,maximum__minimum,-0.01811981201171875,0.25223639607429504,-0.2703562080860138
0.775175541639328,-0.5120046138763428,True,family-00382,0.5,0.0,0.5,maximum,minimum,1,0.42123711109161377,11.906709671020508,11,0.42504584789276123,maximum__minimum,0.7253485321998596,-0.049827009439468384,0.775175541639328
0.25416603684425354,1.4041410684585571,True,family-00382,0.5,0.0,0.5,maximum,minimum,2,0.1733873039484024,17.041748046875,11,0.42504584789276123,maximum__minimum,0.04263025522232056,0.2967962920665741,-0.25416603684425354
0.06005847454071045,-1.0444742441177368,True,family-00382,0.5,0.0,0.5,maximum,minimum,3,0.1564260870218277,21.468467712402344,11,0.42504584789276123,maximum__minimum,0.17932283878326416,0.11926436424255371,0.06005847454071045
0.32231754064559937,0.09267473220825195,False,family-00382,0.5,1.0,-0.5,maximum,sum_mod_10,0,0.49366843700408936,10.237077713012695,11,0.2134033441543579,maximum__sum_mod_10,-0.01811981201171875,0.3041977286338806,-0.32231754064559937
0.7859615683555603,-1.1706970930099487,False,family-00382,0.5,1.0,-0.5,maximum,sum_mod_10,1,0.29879721999168396,12.146389961242676,11,0.2134033441543579,maximum__sum_mod_10,0.7253485321998596,-0.060613036155700684,0.7859615683555603
0.04630255699157715,0.9979457855224609,False,family-00382,0.5,1.0,-0.5,maximum,sum_mod_10,2,0.46113014221191406,13.371048927307129,11,0.2134033441543579,maximum__sum_mod_10,0.04263025522232056,0.0889328122138977,-0.04630255699157715
0.12264955043792725,-0.0332413911819458,False,family-00382,0.5,1.0,-0.5,maximum,sum_mod_10,3,0.5989751815795898,15.680946350097656,11,0.2134033441543579,maximum__sum_mod_10,0.17932283878326416,0.3019723892211914,-0.12264955043792725
0.05196133255958557,0.1759324073791504,False,family-00382,0.0,1.0,-1.0,minimum,sum_mod_10,0,0.5163533687591553,10.598134994506836,11,-0.21164250373840332,minimum__sum_mod_10,0.25223639607429504,0.3041977286338806,-0.05196133255958557
0.0107860267162323,-0.658692479133606,False,family-00382,0.0,1.0,-1.0,minimum,sum_mod_10,1,0.41821861267089844,12.160501480102539,11,-0.21164250373840332,minimum__sum_mod_10,-0.049827009439468384,-0.060613036155700684,0.0107860267162323
0.2078634798526764,-0.4061952829360962,False,family-00382,0.0,1.0,-1.0,minimum,sum_mod_10,2,0.25578397512435913,16.796247482299805,11,-0.21164250373840332,minimum__sum_mod_10,0.2967962920665741,0.0889328122138977,0.2078634798526764
0.1827080249786377,1.011232852935791,False,family-00382,0.0,1.0,-1.0,minimum,sum_mod_10,3,0.33192646503448486,20.242712020874023,11,-0.21164250373840332,minimum__sum_mod_10,0.11926436424255371,0.3019723892211914,-0.1827080249786377
0.24435219168663025,0.4392542839050293,True,family-00383,0.0,1.0,-1.0,maximum,minimum,0,0.44038376212120056,11.19548511505127,11,-0.4482923150062561,maximum__minimum,0.13340690732002258,-0.11094528436660767,0.24435219168663025
0.3081631064414978,-0.6395095586776733,True,family-00383,0.0,1.0,-1.0,maximum,minimum,1,0.5418785214424133,10.501677513122559,11,-0.4482923150062561,maximum__minimum,0.26190119981765747,-0.04626190662384033,0.3081631064414978
0.4376274049282074,-0.0366668701171875,True,family-00383,0.0,1.0,-1.0,maximum,minimum,2,0.44008487462997437,13.41228199005127,11,-0.4482923150062561,maximum__minimum,0.09388229250907898,0.5315096974372864,-0.4376274049282074
0.11205999553203583,-0.25342726707458496,True,family-00383,0.0,1.0,-1.0,maximum,minimum,3,0.3634224534034729,18.56034278869629,11,-0.4482923150062561,maximum__minimum,0.13943244516849518,0.251492440700531,-0.11205999553203583
0.1886155605316162,0.15140748023986816,False,family-00383,0.0,0.5,-0.5,maximum,sum_mod_10,0,0.4341195523738861,11.441107749938965,11,0.08776736259460449,maximum__sum_mod_10,0.13340690732002258,-0.05520865321159363,0.1886155605316162
0.22184787690639496,-0.997207522392273,False,family-00383,0.0,0.5,-0.5,maximum,sum_mod_10,1,0.4477325677871704,12.17768669128418,11,0.08776736259460449,maximum__sum_mod_10,0.26190119981765747,0.04005332291126251,0.22184787690639496
0.004884868860244751,0.10422205924987793,False,family-00383,0.0,0.5,-0.5,maximum,sum_mod_10,2,0.44125327467918396,14.304306983947754,11,0.08776736259460449,maximum__sum_mod_10,0.09388229250907898,0.08899742364883423,0.004884868860244751
0.05161881446838379,-0.5820701122283936,False,family-00383,0.0,0.5,-0.5,maximum,sum_mod_10,3,0.4581444561481476,17.83490753173828,11,0.08776736259460449,maximum__sum_mod_10,0.13943244516849518,0.08781363070011139,0.05161881446838379
0.05573663115501404,-0.28784680366516113,False,family-00383,1.0,0.5,0.5,minimum,sum_mod_10,0,0.44089028239250183,11.108963966369629,11,0.5360596776008606,minimum__sum_mod_10,-0.11094528436660767,-0.05520865321159363,-0.05573663115501404
0.08631522953510284,-0.3576979637145996,False,family-00383,1.0,0.5,0.5,minimum,sum_mod_10,1,0.5591360926628113,10.347575187683105,11,0.5360596776008606,minimum__sum_mod_10,-0.04626190662384033,0.04005332291126251,-0.08631522953510284
0.44251227378845215,0.14088892936706543,False,family-00383,1.0,0.5,0.5,minimum,sum_mod_10,2,0.7000662088394165,10.429808616638184,11,0.5360596776008606,minimum__sum_mod_10,0.5315096974372864,0.08899742364883423,0.44251227378845215
0.16367881000041962,-0.3286428451538086,False,family-00383,1.0,0.5,0.5,minimum,sum_mod_10,3,0.5954022407531738,16.02985191345215,11,0.5360596776008606,minimum__sum_mod_10,0.251492440700531,0.08781363070011139,0.16367881000041962
0.10696041584014893,-0.39584851264953613,True,family-00384,1.0,0.5,0.5,maximum,minimum,0,0.49784401059150696,10.064777374267578,11,0.11771345138549805,maximum__minimum,0.033841490745544434,0.14080190658569336,-0.10696041584014893
0.08493554592132568,0.8135455846786499,True,family-00384,1.0,0.5,0.5,maximum,minimum,1,0.6139038801193237,9.81559944152832,11,0.11771345138549805,maximum__minimum,0.06608903408050537,0.15102458000183105,-0.08493554592132568
0.10693526268005371,0.43937432765960693,True,family-00384,1.0,0.5,0.5,maximum,minimum,2,0.33729323744773865,15.474896430969238,11,0.11771345138549805,maximum__minimum,0.2577214241027832,0.1507861614227295,0.10693526268005371
0.02554023265838623,-0.10683095455169678,True,family-00384,1.0,0.5,0.5,maximum,minimum,3,0.1198166087269783,26.202547073364258,11,0.11771345138549805,maximum__minimum,0.11240756511688232,0.13794779777526855,-0.02554023265838623
0.07411966472864151,-1.0850098133087158,False,family-00384,1.0,0.0,1.0,maximum,sum_mod_10,0,0.12796249985694885,12.305293083190918,11,0.90224345959723,maximum__sum_mod_10,0.033841490745544434,-0.040278173983097076,0.07411966472864151
0.06553566455841064,-1.3798879384994507,False,family-00384,1.0,0.0,1.0,maximum,sum_mod_10,1,0.1247941181063652,13.655588150024414,11,0.90224345959723,maximum__sum_mod_10,0.06608903408050537,0.0005533695220947266,0.06553566455841064
0.2505621910095215,-0.8611534833908081,False,family-00384,1.0,0.0,1.0,maximum,sum_mod_10,2,0.09594813734292984,17.634260177612305,11,0.90224345959723,maximum__sum_mod_10,0.2577214241027832,0.007159233093261719,0.2505621910095215
0.1478605419397354,-0.8387323617935181,False,family-00384,1.0,0.0,1.0,maximum,sum_mod_10,3,-0.018404044210910797,26.920801162719727,11,0.90224345959723,maximum__sum_mod_10,0.11240756511688232,-0.03545297682285309,0.1478605419397354
0.18108008056879044,-0.6891613006591797,False,family-00384,0.5,0.0,0.5,minimum,sum_mod_10,0,0.20244982838630676,13.251090049743652,11,0.7845300082117319,minimum__sum_mod_10,0.14080190658569336,-0.040278173983097076,0.18108008056879044
0.15047121047973633,-2.1934335231781006,False,family-00384,0.5,0.0,0.5,minimum,sum_mod_10,1,0.2097402960062027,14.041862487792969,11,0.7845300082117319,minimum__sum_mod_10,0.15102458000183105,0.0005533695220947266,0.15047121047973633
0.14362692832946777,-1.300527811050415,False,family-00384,0.5,0.0,0.5,minimum,sum_mod_10,2,0.36666348576545715,13.733753204345703,11,0.7845300082117319,minimum__sum_mod_10,0.1507861614227295,0.007159233093261719,0.14362692832946777
0.17340077459812164,-0.7319014072418213,False,family-00384,0.5,0.0,0.5,minimum,sum_mod_10,3,0.40344205498695374,17.008928298950195,11,0.7845300082117319,minimum__sum_mod_10,0.13794779777526855,-0.03545297682285309,0.17340077459812164
0.2191128134727478,-0.30746471881866455,True,family-00385,0.5,0.0,0.5,maximum,minimum,0,0.4712676703929901,11.044880867004395,11,0.39639073610305786,maximum__minimum,0.02103346586227417,0.24014627933502197,-0.2191128134727478
0.8003272116184235,-0.5903602242469788,True,family-00385,0.5,0.0,0.5,maximum,minimum,1,0.4650334417819977,12.142547607421875,11,0.39639073610305786,maximum__minimum,0.6429260969161987,-0.15740111470222473,0.8003272116184235
0.34919941425323486,0.8678491115570068,True,family-00385,0.5,0.0,0.5,maximum,minimum,2,0.23992253839969635,16.426923751831055,11,0.39639073610305786,maximum__minimum,-0.0553741455078125,0.29382526874542236,-0.34919941425323486
0.03272852301597595,-0.9256423711776733,True,family-00385,0.5,0.0,0.5,maximum,minimum,3,0.32808923721313477,17.0517578125,11,0.39639073610305786,maximum__minimum,0.07550835609436035,0.1082368791103363,-0.03272852301597595
0.022793340496718884,-0.1728299856185913,False,family-00385,0.5,1.0,-0.5,maximum,sum_mod_10,0,0.44663912057876587,11.477391242980957,11,0.7222009738907218,maximum__sum_mod_10,0.02103346586227417,-0.0017598746344447136,0.022793340496718884
0.6457713926211,-1.2669606804847717,False,family-00385,0.5,1.0,-0.5,maximum,sum_mod_10,1,0.3673135042190552,13.607892036437988,11,0.7222009738907218,maximum__sum_mod_10,0.6429260969161987,-0.0028452957049012184,0.6457713926211
0.052695187740027905,0.6632075309753418,False,family-00385,0.5,1.0,-0.5,maximum,sum_mod_10,2,0.511665940284729,15.228893280029297,11,0.7222009738907218,maximum__sum_mod_10,-0.0553741455078125,-0.0026789577677845955,-0.052695187740027905
0.075832380913198,-0.5048385858535767,False,family-00385,0.5,1.0,-0.5,maximum,sum_mod_10,3,0.692924976348877,16.076208114624023,11,0.7222009738907218,maximum__sum_mod_10,0.07550835609436035,-0.00032402481883764267,0.075832380913198
0.2419061539694667,0.13463473320007324,False,family-00385,0.0,1.0,-1.0,minimum,sum_mod_10,0,0.9870664477348328,1.7583662271499634,11,0.32581023778766394,minimum__sum_mod_10,0.24014627933502197,-0.0017598746344447136,0.2419061539694667
0.1545558189973235,-0.676600456237793,False,family-00385,0.0,1.0,-1.0,minimum,sum_mod_10,1,0.8525403738021851,6.871662616729736,11,0.32581023778766394,minimum__sum_mod_10,-0.15740111470222473,-0.0028452957049012184,-0.1545558189973235
0.29650422651320696,-0.20464158058166504,False,family-00385,0.0,1.0,-1.0,minimum,sum_mod_10,2,0.6872824430465698,12.444137573242188,11,0.32581023778766394,minimum__sum_mod_10,0.29382526874542236,-0.0026789577677845955,0.29650422651320696
0.10856090392917395,0.4208037853240967,False,family-00385,0.0,1.0,-1.0,minimum,sum_mod_10,3,0.6029540300369263,17.79833984375,11,0.32581023778766394,minimum__sum_mod_10,0.1082368791103363,-0.00032402481883764267,0.10856090392917395
0.4397446811199188,0.6249175071716309,True,family-00386,0.0,1.0,-1.0,maximum,minimum,0,0.5050224661827087,10.559744834899902,11,0.3293914198875427,maximum__minimum,0.04308038949966431,0.48282507061958313,-0.4397446811199188
0.6636960208415985,-0.19165611267089844,True,family-00386,0.0,1.0,-1.0,maximum,minimum,1,0.6497478485107422,10.64383602142334,11,0.3293914198875427,maximum__minimum,0.7392008304595947,0.07550480961799622,0.6636960208415985
0.40060245990753174,0.5336918830871582,True,family-00386,0.0,1.0,-1.0,maximum,minimum,2,0.4936588704586029,14.204354286193848,11,0.3293914198875427,maximum__minimum,0.0074166059494018555,0.4080190658569336,-0.40060245990753174
0.3049182593822479,-0.014639854431152344,True,family-00386,0.0,1.0,-1.0,maximum,minimum,3,0.27418574690818787,21.142745971679688,11,0.3293914198875427,maximum__minimum,0.027464568614959717,0.33238282799720764,-0.3049182593822479
0.02997843734920025,-0.38330554962158203,False,family-00386,0.0,0.5,-0.5,maximum,sum_mod_10,0,0.495442271232605,10.778142929077148,11,0.8653359152376652,maximum__sum_mod_10,0.04308038949966431,0.013101952150464058,0.02997843734920025
0.7368827480822802,-0.17297446727752686,False,family-00386,0.0,0.5,-0.5,maximum,sum_mod_10,1,0.46441155672073364,14.125242233276367,11,0.8653359152376652,maximum__sum_mod_10,0.7392008304595947,0.0023180823773145676,0.7368827480822802
0.0005611442029476166,1.630131483078003,False,family-00386,0.0,0.5,-0.5,maximum,sum_mod_10,2,0.469340980052948,17.385784149169922,11,0.8653359152376652,maximum__sum_mod_10,0.0074166059494018555,0.007977750152349472,-0.0005611442029476166
0.04148062691092491,0.4380406141281128,False,family-00386,0.0,0.5,-0.5,maximum,sum_mod_10,3,0.5280013084411621,21.197275161743164,11,0.8653359152376652,maximum__sum_mod_10,0.027464568614959717,-0.014016058295965195,0.04148062691092491
0.46972311846911907,-1.008223056793213,False,family-00386,1.0,0.5,0.5,minimum,sum_mod_10,0,0.5961481332778931,9.361800193786621,11,0.5359444953501225,minimum__sum_mod_10,0.48282507061958313,0.013101952150464058,0.46972311846911907
0.07318672724068165,0.018681645393371582,False,family-00386,1.0,0.5,0.5,minimum,sum_mod_10,1,0.6495048999786377,11.226486206054688,11,0.5359444953501225,minimum__sum_mod_10,0.07550480961799622,0.0023180823773145676,0.07318672724068165
0.4000413157045841,1.0964395999908447,False,family-00386,1.0,0.5,0.5,minimum,sum_mod_10,2,0.6757486462593079,13.49279499053955,11,0.5359444953501225,minimum__sum_mod_10,0.4080190658569336,0.007977750152349472,0.4000413157045841
0.34639888629317284,0.45268046855926514,False,family-00386,1.0,0.5,0.5,minimum,sum_mod_10,3,0.6109652519226074,18.75763702392578,11,0.5359444953501225,minimum__sum_mod_10,0.33238282799720764,-0.014016058295965195,0.34639888629317284
0.0025528520345687866,0.26251673698425293,True,family-00387,1.0,0.5,0.5,maximum,minimum,0,0.5554243922233582,9.399031639099121,11,-0.6556239575147629,maximum__minimum,0.020781442523002625,0.018228590488433838,0.0025528520345687866
0.09189960360527039,-0.181296706199646,True,family-00387,1.0,0.5,0.5,maximum,minimum,1,0.4093005657196045,10.998896598815918,11,-0.6556239575147629,maximum__minimum,0.13745346665382385,0.04555386304855347,0.09189960360527039
0.5463191717863083,0.8262448310852051,True,family-00387,1.0,0.5,0.5,maximum,minimum,2,0.22312773764133453,17.274166107177734,11,-0.6556239575147629,maximum__minimum,0.007518365979194641,0.5538375377655029,-0.5463191717863083
0.0928565263748169,0.048192501068115234,True,family-00387,1.0,0.5,0.5,maximum,minimum,3,0.11318308115005493,23.216014862060547,11,-0.6556239575147629,maximum__minimum,0.14406335353851318,0.05120682716369629,0.0928565263748169
0.051714301109313965,-0.24757170677185059,False,family-00387,1.0,0.0,1.0,maximum,sum_mod_10,0,0.32378965616226196,12.025217056274414,11,0.20101316645741463,maximum__sum_mod_10,0.020781442523002625,-0.03093285858631134,0.051714301109313965
0.13703939504921436,-0.4831002950668335,False,family-00387,1.0,0.0,1.0,maximum,sum_mod_10,1,0.3012791872024536,12.79832649230957,11,0.20101316645741463,maximum__sum_mod_10,0.13745346665382385,0.00041407160460948944,0.13703939504921436
0.03877793624997139,0.7753857374191284,False,family-00387,1.0,0.0,1.0,maximum,sum_mod_10,2,0.24123871326446533,17.494218826293945,11,0.20101316645741463,maximum__sum_mod_10,0.007518365979194641,-0.03125957027077675,0.03877793624997139
0.14378086617216468,-0.6177277565002441,False,family-00387,1.0,0.0,1.0,maximum,sum_mod_10,3,0.29741498827934265,20.345979690551758,11,0.20101316645741463,maximum__sum_mod_10,0.14406335353851318,0.000282487366348505,0.14378086617216468
0.04916144907474518,-0.5100884437561035,False,family-00387,0.5,0.0,0.5,minimum,sum_mod_10,0,0.3858346939086914,11.242487907409668,11,0.8566371239721775,minimum__sum_mod_10,0.018228590488433838,-0.03093285858631134,0.04916144907474518
0.04513979144394398,-0.3018035888671875,False,family-00387,0.5,0.0,0.5,minimum,sum_mod_10,1,0.4594586491584778,11.686031341552734,11,0.8566371239721775,minimum__sum_mod_10,0.04555386304855347,0.00041407160460948944,0.04513979144394398
0.5850971080362797,-0.05085909366607666,False,family-00387,0.5,0.0,0.5,minimum,sum_mod_10,2,0.7255817651748657,12.202234268188477,11,0.8566371239721775,minimum__sum_mod_10,0.5538375377655029,-0.03125957027077675,0.5850971080362797
0.050924339797347784,-0.6659202575683594,False,family-00387,0.5,0.0,0.5,minimum,sum_mod_10,3,0.7670528888702393,13.718568801879883,11,0.8566371239721775,minimum__sum_mod_10,0.05120682716369629,0.000282487366348505,0.050924339797347784
0.07984274625778198,-0.6252648830413818,True,family-00388,0.5,0.0,0.5,maximum,minimum,0,0.7000213265419006,8.362603187561035,11,0.0105133056640625,maximum__minimum,0.007453024387359619,0.0872957706451416,-0.07984274625778198
0.8698016405105591,-0.4051380902528763,True,family-00388,0.5,0.0,0.5,maximum,minimum,1,0.6481342911720276,10.059186935424805,11,0.0105133056640625,maximum__minimum,0.8321578502655029,-0.03764379024505615,0.8698016405105591
0.8346742987632751,1.7561808228492737,True,family-00388,0.5,0.0,0.5,maximum,minimum,2,0.2729645073413849,18.586044311523438,11,0.0105133056640625,maximum__minimum,0.004495382308959961,0.8391696810722351,-0.8346742987632751
0.04708528518676758,-0.7154669761657715,True,family-00388,0.5,0.0,0.5,maximum,minimum,3,0.28899240493774414,22.08723258972168,11,0.0105133056640625,maximum__minimum,0.09860426187515259,0.14568954706192017,-0.04708528518676758
0.009486153721809387,-0.18622493743896484,False,family-00388,0.5,1.0,-0.5,maximum,sum_mod_10,0,0.5216859579086304,10.359914779663086,11,0.884415140375495,maximum__sum_mod_10,0.007453024387359619,-0.002033129334449768,0.009486153721809387
0.8363529527559876,-1.085502341389656,False,family-00388,0.5,1.0,-0.5,maximum,sum_mod_10,1,0.34878644347190857,13.782748222351074,11,0.884415140375495,maximum__sum_mod_10,0.8321578502655029,-0.0041951024904847145,0.8363529527559876
0.01549694873392582,1.4154748916625977,False,family-00388,0.5,1.0,-0.5,maximum,sum_mod_10,2,0.4276455342769623,17.956676483154297,11,0.884415140375495,maximum__sum_mod_10,0.004495382308959961,-0.011001566424965858,0.01549694873392582
0.09619329730048776,-0.03448605537414551,False,family-00388,0.5,1.0,-0.5,maximum,sum_mod_10,3,0.514854907989502,20.563806533813477,11,0.884415140375495,maximum__sum_mod_10,0.09860426187515259,0.002410964574664831,0.09619329730048776
0.08932889997959137,0.439039945602417,False,family-00388,0.0,1.0,-1.0,minimum,sum_mod_10,0,0.6151368618011475,9.112218856811523,11,0.8739018347114325,minimum__sum_mod_10,0.0872957706451416,-0.002033129334449768,0.08932889997959137
0.03344868775457144,-0.6803642511367798,False,family-00388,0.0,1.0,-1.0,minimum,sum_mod_10,1,0.6267094016075134,9.892348289489746,11,0.8739018347114325,minimum__sum_mod_10,-0.03764379024505615,-0.0041951024904847145,-0.03344868775457144
0.850171247497201,-0.340705931186676,False,family-00388,0.0,1.0,-1.0,minimum,sum_mod_10,2,0.6068397164344788,14.775094985961914,11,0.8739018347114325,minimum__sum_mod_10,0.8391696810722351,-0.011001566424965858,0.850171247497201
0.14327858248725533,0.680980920791626,False,family-00388,0.0,1.0,-1.0,minimum,sum_mod_10,3,0.5866150259971619,18.722375869750977,11,0.8739018347114325,minimum__sum_mod_10,0.14568954706192017,0.002410964574664831,0.14327858248725533
0.27368269115686417,-0.33380603790283203,True,family-00389,0.0,1.0,-1.0,maximum,minimum,0,0.5953938961029053,9.537946701049805,11,-0.5631664916872978,maximum__minimum,-0.019811667501926422,0.25387102365493774,-0.27368269115686417
0.09176190942525864,-0.13669848442077637,True,family-00389,0.0,1.0,-1.0,maximum,minimum,1,0.5755957365036011,9.689835548400879,11,-0.5631664916872978,maximum__minimum,-0.02182706445455551,0.06993484497070312,-0.09176190942525864
0.15675710141658783,0.7496763467788696,True,family-00389,0.0,1.0,-1.0,maximum,minimum,2,0.47535568475723267,12.4782133102417,11,-0.5631664916872978,maximum__minimum,-0.003895685076713562,0.15286141633987427,-0.15675710141658783
0.14881471544504166,0.05930137634277344,True,family-00389,0.0,1.0,-1.0,maximum,minimum,3,0.3814486861228943,17.15129280090332,11,-0.5631664916872978,maximum__minimum,0.02224806696176529,-0.12656664848327637,0.14881471544504166
0.0007515586912631989,-0.24814939498901367,False,family-00389,0.0,0.5,-0.5,maximum,sum_mod_10,0,0.5227063894271851,10.208687782287598,11,0.04828767105937004,maximum__sum_mod_10,-0.019811667501926422,-0.019060108810663223,-0.0007515586912631989
0.030544914305210114,0.1034691333770752,False,family-00389,0.0,0.5,-0.5,maximum,sum_mod_10,1,0.2823365032672882,13.299182891845703,11,0.04828767105937004,maximum__sum_mod_10,-0.02182706445455551,0.008717849850654602,-0.030544914305210114
0.03704043850302696,1.6379452347755432,False,family-00389,0.0,0.5,-0.5,maximum,sum_mod_10,2,0.31168216466903687,15.873642921447754,11,0.04828767105937004,maximum__sum_mod_10,-0.003895685076713562,-0.040936123579740524,0.03704043850302696
0.048891376703977585,0.6400525569915771,False,family-00389,0.0,0.5,-0.5,maximum,sum_mod_10,3,0.462343692779541,19.68256950378418,11,0.04828767105937004,maximum__sum_mod_10,0.02224806696176529,-0.026643309742212296,0.048891376703977585
0.27293113246560097,0.08565664291381836,False,family-00389,1.0,0.5,0.5,minimum,sum_mod_10,0,0.4987403452396393,10.774251937866211,11,0.6114541627466679,minimum__sum_mod_10,0.25387102365493774,-0.019060108810663223,0.27293113246560097
0.06121699512004852,0.24016761779785156,False,family-00389,1.0,0.5,0.5,minimum,sum_mod_10,1,0.41563546657562256,12.012763023376465,11,0.6114541627466679,minimum__sum_mod_10,0.06993484497070312,0.008717849850654602,0.06121699512004852
0.1937975399196148,0.8882688879966736,False,family-00389,1.0,0.5,0.5,minimum,sum_mod_10,2,0.5476968884468079,13.461795806884766,11,0.6114541627466679,minimum__sum_mod_10,0.15286141633987427,-0.040936123579740524,0.1937975399196148
0.09992333874106407,0.5807511806488037,False,family-00389,1.0,0.5,0.5,minimum,sum_mod_10,3,0.4447471499443054,20.9327449798584,11,0.6114541627466679,minimum__sum_mod_10,-0.12656664848327637,-0.026643309742212296,-0.09992333874106407
