attention_effective_support,attention_entropy,candidate_cosine,candidate_update_norm,distractor,example_id,family_id,full_correct,full_probability,goal_identifiability,identifiability,layer,relative_update_norm,repair_detected,repair_score,seed,skipped_probability,task,utility
9.806234359741211,2.2352612018585205,-0.5570313930511475,5.585182189941406,True,family-00300-maximum,family-00300,True,0.47346779704093933,1.0,high,0,0.5058557391166687,False,0.0,55,0.4113859236240387,maximum,0.062081873416900635
5.671733856201172,1.6926600933074951,-0.052072349935770035,5.399876117706299,True,family-00300-maximum,family-00300,True,0.47346779704093933,1.0,high,1,0.587780237197876,False,0.0,55,0.8386844396591187,maximum,-0.3652166426181793
6.980759620666504,1.7527692317962646,0.09535333514213562,7.439694404602051,True,family-00300-maximum,family-00300,True,0.47346779704093933,1.0,high,2,0.7145916223526001,False,0.0,55,0.18927866220474243,maximum,0.2841891348361969
8.164456367492676,1.9314035177230835,0.11713819205760956,6.7144646644592285,True,family-00300-maximum,family-00300,True,0.47346779704093933,1.0,high,3,0.5025486946105957,False,0.0,55,0.22400125861167908,maximum,0.24946653842926025
12.239851951599121,2.470046043395996,-0.4313199520111084,5.842678070068359,True,family-00300-minimum,family-00300,True,0.9138040542602539,0.5,medium,0,0.5004324913024902,False,0.0,55,0.9019172787666321,minimum,0.011886775493621826
4.229142665863037,1.0819525718688965,-0.17038752138614655,9.326035499572754,True,family-00300-minimum,family-00300,True,0.9138040542602539,0.5,medium,1,0.8827905654907227,False,0.0,55,0.11369109153747559,minimum,0.8001129627227783
7.559690952301025,1.7078890800476074,0.13982556760311127,6.274860382080078,True,family-00300-minimum,family-00300,True,0.9138040542602539,0.5,medium,2,0.48849043250083923,False,0.0,55,0.8754637837409973,minimum,0.03834027051925659
10.616510391235352,1.8458542823791504,0.09254828095436096,8.880520820617676,True,family-00300-minimum,family-00300,True,0.9138040542602539,0.5,medium,3,0.5895257592201233,False,0.0,55,0.7431430220603943,minimum,0.17066103219985962
7.4965972900390625,1.7341773509979248,-0.2497170865535736,5.4144392013549805,False,family-00300-sum_mod_10,family-00300,False,0.01532282866537571,0.0,low,0,0.5302006602287292,False,0.0,55,0.08451254665851593,sum_mod_10,-0.06918971985578537
15.45567798614502,2.680004835128784,0.1101824939250946,4.396605491638184,False,family-00300-sum_mod_10,family-00300,False,0.01532282866537571,0.0,low,1,0.4270617663860321,False,0.0,55,0.005936915520578623,sum_mod_10,0.009385913610458374
13.811655044555664,2.448331356048584,0.27372318506240845,4.983651638031006,False,family-00300-sum_mod_10,family-00300,False,0.01532282866537571,0.0,low,2,0.4284616708755493,False,0.0464456930720305,55,0.02324659563601017,sum_mod_10,-0.00792376697063446
2.413255453109741,0.7386986017227173,0.3937337398529053,8.218305587768555,False,family-00300-sum_mod_10,family-00300,False,0.01532282866537571,0.0,low,3,0.593317449092865,False,0.0,55,0.014500769786536694,sum_mod_10,0.000822058878839016
8.97305679321289,1.5799260139465332,-0.53609699010849,6.8311238288879395,True,family-00301-maximum,family-00301,True,0.8606902360916138,0.5,medium,0,0.6187019348144531,False,0.0,55,0.24678246676921844,maximum,0.6139077544212341
9.768911361694336,2.163419246673584,-0.25742775201797485,3.964049816131592,True,family-00301-maximum,family-00301,True,0.8606902360916138,0.5,medium,1,0.42328813672065735,False,0.0,55,0.5739051699638367,maximum,0.2867850661277771
8.412846565246582,1.3416935205459595,0.19819487631320953,8.239824295043945,True,family-00301-maximum,family-00301,True,0.8606902360916138,0.5,medium,2,0.8974264860153198,False,0.0,55,0.799138069152832,maximum,0.06155216693878174
6.012009143829346,0.9589816331863403,0.10753849893808365,11.035487174987793,True,family-00301-maximum,family-00301,True,0.8606902360916138,0.5,medium,3,0.8175880312919617,False,0.0,55,0.20454169809818268,maximum,0.6561485528945923
7.0341949462890625,1.5441482067108154,-0.5901097059249878,6.086618900299072,False,family-00301-minimum,family-00301,False,0.028752457350492477,0.0,low,0,0.49658721685409546,False,0.0,55,0.010979476384818554,minimum,0.01777298003435135
10.324705123901367,2.2887747287750244,-0.365933358669281,3.7712764739990234,False,family-00301-minimum,family-00301,False,0.028752457350492477,0.0,low,1,0.37858715653419495,False,0.0,55,0.013847165741026402,minimum,0.014905291609466076
5.526070594787598,1.1684072017669678,-0.37403345108032227,7.440606117248535,False,family-00301-minimum,family-00301,False,0.028752457350492477,0.0,low,2,0.8025339841842651,False,0.0,55,0.053847216069698334,minimum,-0.025094758719205856
4.709622383117676,0.915316104888916,-0.2536642849445343,7.750257968902588,False,family-00301-minimum,family-00301,False,0.028752457350492477,0.0,low,3,0.8182405233383179,False,0.0,55,0.017981041222810745,minimum,0.010771416127681732
6.271551132202148,1.093347191810608,-0.5075147151947021,7.427501201629639,False,family-00301-sum_mod_10,family-00301,False,0.18021084368228912,1.0,high,0,0.7044340968132019,False,0.0,55,0.22423847019672394,sum_mod_10,-0.044027626514434814
9.980745315551758,2.278773307800293,-0.17708860337734222,4.465290069580078,False,family-00301-sum_mod_10,family-00301,False,0.18021084368228912,1.0,high,1,0.47914230823516846,False,0.0,55,0.17719240486621857,sum_mod_10,0.0030184388160705566
12.848834037780762,1.9753574132919312,0.22940906882286072,5.521153926849365,False,family-00301-sum_mod_10,family-00301,False,0.18021084368228912,1.0,high,2,0.5754626393318176,False,0.0,55,0.13546991348266602,sum_mod_10,0.04474093019962311
4.119595527648926,1.2182250022888184,0.460956335067749,10.354122161865234,False,family-00301-sum_mod_10,family-00301,False,0.18021084368228912,1.0,high,3,0.8544652462005615,False,0.0,55,0.20904004573822021,sum_mod_10,-0.02882920205593109
9.77872085571289,2.0726308822631836,-0.48386868834495544,6.736106872558594,False,family-00302-maximum,family-00302,True,0.6058512330055237,0.0,low,0,0.5318068861961365,False,0.0,55,0.4934539198875427,maximum,0.11239731311798096
6.261788368225098,1.6765652894973755,-0.2220178246498108,5.1623616218566895,False,family-00302-maximum,family-00302,True,0.6058512330055237,0.0,low,1,0.46501293778419495,False,0.0,55,0.5715471506118774,maximum,0.03430408239364624
2.7046356201171875,0.8000973463058472,0.08421040326356888,12.368724822998047,False,family-00302-maximum,family-00302,True,0.6058512330055237,0.0,low,2,1.1087498664855957,False,0.021434285913433528,55,0.5440518260002136,maximum,0.06179940700531006
6.993232727050781,1.637887954711914,0.2017815113067627,7.9582295417785645,False,family-00302-maximum,family-00302,True,0.6058512330055237,0.0,low,3,0.45895594358444214,False,0.0,55,0.25768789649009705,maximum,0.34816333651542664
8.816828727722168,2.08803653717041,-0.5113506317138672,5.648845195770264,True,family-00302-minimum,family-00302,True,0.7450209259986877,1.0,high,0,0.52782142162323,False,0.0,55,0.5710654854774475,minimum,0.17395544052124023
10.881555557250977,2.3217878341674805,-0.10746902227401733,3.8010058403015137,True,family-00302-minimum,family-00302,True,0.7450209259986877,1.0,high,1,0.4132043421268463,False,0.0,55,0.7154259085655212,minimum,0.029595017433166504
5.966480255126953,1.2266278266906738,-0.11468770354986191,9.693976402282715,True,family-00302-minimum,family-00302,True,0.7450209259986877,1.0,high,2,1.0131407976150513,False,0.0,55,0.30771496891975403,minimum,0.4373059570789337
4.419842720031738,1.2050122022628784,0.11938619613647461,9.990644454956055,True,family-00302-minimum,family-00302,True,0.7450209259986877,1.0,high,3,0.7795469760894775,False,0.0,55,0.6011132001876831,minimum,0.14390772581100464
7.732503890991211,1.7746779918670654,-0.3530099093914032,6.867855072021484,False,family-00302-sum_mod_10,family-00302,False,0.1650085747241974,0.5,medium,0,0.5422082543373108,False,0.0,55,0.16130930185317993,sum_mod_10,0.003699272871017456
3.532552719116211,1.233123779296875,-0.10704904794692993,4.879138469696045,False,family-00302-sum_mod_10,family-00302,False,0.1650085747241974,0.5,medium,1,0.4035395681858063,False,0.0,55,0.292953759431839,sum_mod_10,-0.1279451847076416
3.887040615081787,1.3250179290771484,0.14842088520526886,6.784450054168701,False,family-00302-sum_mod_10,family-00302,False,0.1650085747241974,0.5,medium,2,0.5408305525779724,False,0.0,55,0.06317300349473953,sum_mod_10,0.10183557122945786
1.5336637496948242,0.39471155405044556,0.4517085552215576,13.167967796325684,False,family-00302-sum_mod_10,family-00302,False,0.1650085747241974,0.5,medium,3,0.8708166480064392,False,0.0,55,0.28428682684898376,sum_mod_10,-0.11927825212478638
5.556561470031738,1.6354405879974365,-0.267323762178421,6.568818092346191,False,family-00303-maximum,family-00303,False,0.010253438726067543,1.0,high,0,0.6269556283950806,False,0.012344837334367696,55,0.040322184562683105,maximum,-0.030068745836615562
4.881319999694824,1.3241169452667236,0.011707000434398651,6.133718967437744,False,family-00303-maximum,family-00303,False,0.010253438726067543,1.0,high,1,0.569189190864563,False,0.0,55,0.02299898862838745,maximum,-0.012745549902319908
3.862365484237671,1.154425024986267,0.1554127037525177,5.828296184539795,False,family-00303-maximum,family-00303,False,0.010253438726067543,1.0,high,2,0.4676913917064667,False,0.0,55,0.009230352938175201,maximum,0.0010230857878923416
3.643472194671631,1.067714810371399,0.0016788309440016747,5.618127346038818,False,family-00303-maximum,family-00303,False,0.010253438726067543,1.0,high,3,0.38599827885627747,False,0.0,55,0.012508803978562355,maximum,-0.002255365252494812
11.691476821899414,2.3044118881225586,-0.4027162790298462,5.21488618850708,False,family-00303-minimum,family-00303,True,0.8791633248329163,0.5,medium,0,0.5463277697563171,False,0.0,55,0.5861902236938477,minimum,0.2929731011390686
2.8626809120178223,0.9951454401016235,-0.16044318675994873,8.543551445007324,False,family-00303-minimum,family-00303,True,0.8791633248329163,0.5,medium,1,0.9660305976867676,False,0.0,55,0.7846701741218567,minimum,0.09449315071105957
5.984859466552734,1.3617087602615356,0.3907010853290558,7.173351764678955,False,family-00303-minimum,family-00303,True,0.8791633248329163,0.5,medium,2,0.6366264224052429,False,0.0,55,0.7909560203552246,minimum,0.08820730447769165
6.66937255859375,1.4988327026367188,0.4385489225387573,7.50367546081543,False,family-00303-minimum,family-00303,True,0.8791633248329163,0.5,medium,3,0.4827755093574524,False,0.0,55,0.6261924505233765,minimum,0.2529708743095398
8.34933853149414,1.9363166093826294,-0.3471476435661316,5.970871925354004,True,family-00303-sum_mod_10,family-00303,False,0.020560389384627342,0.0,low,0,0.509647011756897,False,0.0,55,0.024164948612451553,sum_mod_10,-0.003604559227824211
13.972177505493164,2.605933904647827,-0.03450765460729599,4.347397804260254,True,family-00303-sum_mod_10,family-00303,False,0.020560389384627342,0.0,low,1,0.3898722231388092,False,0.0,55,0.01932181976735592,sum_mod_10,0.0012385696172714233
8.220352172851562,1.7508933544158936,0.09683222323656082,6.2297043800354,True,family-00303-sum_mod_10,family-00303,False,0.020560389384627342,0.0,low,2,0.5267033576965332,False,0.0,55,0.020063310861587524,sum_mod_10,0.0004970785230398178
1.127274990081787,0.1134992241859436,0.5320627093315125,8.391815185546875,True,family-00303-sum_mod_10,family-00303,False,0.020560389384627342,0.0,low,3,0.6040964126586914,False,0.0,55,0.01821000874042511,sum_mod_10,0.0023503806442022324
11.446895599365234,2.0430104732513428,-0.49471938610076904,7.686832904815674,True,family-00304-maximum,family-00304,False,0.4144860804080963,0.5,medium,0,0.6583865880966187,False,0.0,55,0.0657586082816124,maximum,0.3487274646759033
9.55690860748291,2.0457677841186523,-0.12281905859708786,3.864724636077881,True,family-00304-maximum,family-00304,False,0.4144860804080963,0.5,medium,1,0.37431544065475464,False,0.0,55,0.2120797485113144,maximum,0.20240633189678192
4.964561462402344,1.1539990901947021,0.37872618436813354,8.086331367492676,True,family-00304-maximum,family-00304,False,0.4144860804080963,0.5,medium,2,0.7649898529052734,False,0.0,55,0.610666811466217,maximum,-0.19618073105812073
10.650550842285156,1.6182039976119995,0.40864163637161255,8.96532154083252,True,family-00304-maximum,family-00304,False,0.4144860804080963,0.5,medium,3,0.5764688849449158,False,0.0,55,0.28876519203186035,maximum,0.12572088837623596
3.7618632316589355,0.8562607765197754,-0.5851675271987915,7.597898006439209,False,family-00304-minimum,family-00304,False,0.037660349160432816,0.0,low,0,0.7205947637557983,False,0.0,55,0.038926541805267334,minimum,-0.0012661926448345184
13.680474281311035,2.5557196140289307,-0.3620610237121582,3.9585890769958496,False,family-00304-minimum,family-00304,False,0.037660349160432816,0.0,low,1,0.4566574990749359,False,0.0,55,0.02464602328836918,minimum,0.013014325872063637
11.459415435791016,2.078000545501709,-0.09525774419307709,4.579832077026367,False,family-00304-minimum,family-00304,False,0.037660349160432816,0.0,low,2,0.563880443572998,False,0.0,55,0.037395622581243515,minimum,0.00026472657918930054
25.852874755859375,3.248281955718994,0.37329450249671936,5.517041206359863,False,family-00304-minimum,family-00304,False,0.037660349160432816,0.0,low,3,0.6173839569091797,False,0.0,55,0.03515405207872391,minimum,0.002506297081708908
10.897713661193848,1.8798891305923462,-0.6412302255630493,7.441531658172607,True,family-00304-sum_mod_10,family-00304,False,0.022383468225598335,1.0,high,0,0.6460018754005432,False,0.0,55,0.04813260957598686,sum_mod_10,-0.025749141350388527
12.112353324890137,2.3875174522399902,-0.11628792434930801,2.6946651935577393,True,family-00304-sum_mod_10,family-00304,False,0.022383468225598335,1.0,high,1,0.3048422634601593,False,0.0,55,0.019719306379556656,sum_mod_10,0.0026641618460416794
2.3209381103515625,0.822762131690979,0.04177767038345337,6.210962295532227,True,family-00304-sum_mod_10,family-00304,False,0.022383468225598335,1.0,high,2,0.6950201988220215,False,0.0,55,0.03817658871412277,sum_mod_10,-0.015793120488524437
1.4632070064544678,0.371662437915802,0.6289507150650024,11.93325424194336,True,family-00304-sum_mod_10,family-00304,False,0.022383468225598335,1.0,high,3,1.0756683349609375,False,0.0,55,0.01133371889591217,sum_mod_10,0.011049749329686165
6.837302207946777,1.7266167402267456,-0.44537490606307983,7.138702392578125,False,family-00305-maximum,family-00305,True,0.6584247350692749,0.0,low,0,0.5635913014411926,False,0.0,55,0.48436683416366577,maximum,0.17405790090560913
8.69210147857666,2.143505573272705,-0.1478113979101181,5.088407516479492,False,family-00305-maximum,family-00305,True,0.6584247350692749,0.0,low,1,0.4448196589946747,False,0.08325989554654019,55,0.6603699922561646,maximum,-0.0019452571868896484
4.253325462341309,1.0254580974578857,0.06570743024349213,9.84663200378418,False,family-00305-maximum,family-00305,True,0.6584247350692749,0.0,low,2,0.8335597515106201,False,0.0,55,0.08324972540140152,maximum,0.5751749873161316
2.1552481651306152,0.5955162644386292,0.18396824598312378,8.541177749633789,False,family-00305-maximum,family-00305,True,0.6584247350692749,0.0,low,3,0.5382755994796753,False,0.0,55,0.4761449694633484,maximum,0.1822797656059265
5.098969459533691,1.4204699993133545,-0.45138734579086304,7.704259872436523,False,family-00305-minimum,family-00305,True,0.7404033541679382,1.0,high,0,0.7273330092430115,False,0.0,55,0.8270140886306763,minimum,-0.08661073446273804
9.62080192565918,2.245185613632202,-0.04134809970855713,3.9524669647216797,False,family-00305-minimum,family-00305,True,0.7404033541679382,1.0,high,1,0.3994973599910736,False,0.0,55,0.788199245929718,minimum,-0.047795891761779785
4.097047805786133,1.1632624864578247,-0.2368668168783188,6.608670234680176,False,family-00305-minimum,family-00305,True,0.7404033541679382,1.0,high,2,0.6293356418609619,False,0.0,55,0.22836057841777802,minimum,0.512042760848999
11.795148849487305,2.026543617248535,0.4900258779525757,7.590009689331055,False,family-00305-minimum,family-00305,True,0.7404033541679382,1.0,high,3,0.6898014545440674,False,0.0,55,0.40193259716033936,minimum,0.3384707570075989
12.608709335327148,2.299687147140503,-0.2596120238304138,5.245296478271484,True,family-00305-sum_mod_10,family-00305,False,0.05390482768416405,0.5,medium,0,0.4691358208656311,False,0.0,55,0.02985009178519249,sum_mod_10,0.024054735898971558
23.039709091186523,3.131927490234375,-0.015049118548631668,3.6120619773864746,True,family-00305-sum_mod_10,family-00305,False,0.05390482768416405,0.5,medium,1,0.32692432403564453,False,0.0,55,0.02668263390660286,sum_mod_10,0.027222193777561188
3.86686372756958,1.1864120960235596,0.16398122906684875,5.084676742553711,True,family-00305-sum_mod_10,family-00305,False,0.05390482768416405,0.5,medium,2,0.43938395380973816,False,0.0,55,0.0318414568901062,sum_mod_10,0.022063370794057846
1.740323781967163,0.5033503174781799,0.510606050491333,12.22032642364502,True,family-00305-sum_mod_10,family-00305,False,0.05390482768416405,0.5,medium,3,0.9132128953933716,False,0.0,55,0.044422898441553116,sum_mod_10,0.009481929242610931
10.205144882202148,2.321503162384033,-0.38506215810775757,6.234660625457764,True,family-00306-maximum,family-00306,True,0.8253476023674011,1.0,high,0,0.5340062379837036,False,0.0,55,0.5219631791114807,maximum,0.3033844232559204
3.1270971298217773,1.0632734298706055,-0.2727438807487488,6.550151824951172,True,family-00306-maximum,family-00306,True,0.8253476023674011,1.0,high,1,0.6001380681991577,False,0.0,55,0.8405885696411133,maximum,-0.015240967273712158
6.028355598449707,1.48807692527771,0.17801856994628906,5.316884994506836,True,family-00306-maximum,family-00306,True,0.8253476023674011,1.0,high,2,0.4793463349342346,False,0.0,55,0.8254209756851196,maximum,-7.337331771850586e-05
3.352065086364746,1.0028045177459717,0.300449013710022,8.913393020629883,True,family-00306-maximum,family-00306,True,0.8253476023674011,1.0,high,3,0.6790524125099182,False,0.0,55,0.4293985366821289,maximum,0.3959490656852722
11.978503227233887,2.3527708053588867,-0.1394897997379303,5.448434829711914,True,family-00306-minimum,family-00306,True,0.8870107531547546,0.5,medium,0,0.5585234761238098,False,0.05847661198826819,55,0.8539413809776306,minimum,0.03306937217712402
5.496648788452148,1.242414116859436,-0.24880045652389526,8.552903175354004,True,family-00306-minimum,family-00306,True,0.8870107531547546,0.5,medium,1,0.8154166340827942,False,0.0,55,0.0400775782763958,minimum,0.8469331860542297
13.263980865478516,1.8973618745803833,0.37904828786849976,7.573707580566406,True,family-00306-minimum,family-00306,True,0.8870107531547546,0.5,medium,2,0.6434805393218994,False,0.0,55,0.5589489340782166,minimum,0.3280618190765381
10.042827606201172,2.004265308380127,0.36317193508148193,5.74178409576416,True,family-00306-minimum,family-00306,True,0.8870107531547546,0.5,medium,3,0.35373765230178833,False,0.0,55,0.7806674838066101,minimum,0.10634326934814453
6.163542747497559,1.6245882511138916,-0.46736299991607666,6.177584171295166,False,family-00306-sum_mod_10,family-00306,False,0.019116191193461418,0.0,low,0,0.4877122640609741,False,0.0,55,0.02614556811749935,sum_mod_10,-0.007029376924037933
1.6863346099853516,0.4288698434829712,-0.08674032986164093,7.475352764129639,False,family-00306-sum_mod_10,family-00306,False,0.019116191193461418,0.0,low,1,0.6673862338066101,False,0.0,55,0.01940985396504402,sum_mod_10,-0.00029366277158260345
5.367326736450195,1.3396070003509521,0.1518087089061737,5.111492156982422,False,family-00306-sum_mod_10,family-00306,False,0.019116191193461418,0.0,low,2,0.39575695991516113,False,0.0,55,0.028443608433008194,sum_mod_10,-0.009327417239546776
1.367185115814209,0.2780817747116089,0.39482149481773376,8.747597694396973,False,family-00306-sum_mod_10,family-00306,False,0.019116191193461418,0.0,low,3,0.5993924140930176,False,0.0,55,0.01885119266808033,sum_mod_10,0.00026499852538108826
9.215261459350586,1.8054530620574951,-0.3364719748497009,7.43156623840332,False,family-00307-maximum,family-00307,False,0.08818668127059937,0.5,medium,0,0.7785540819168091,False,0.0,55,0.11620226502418518,maximum,-0.028015583753585815
2.884481430053711,0.7963061332702637,-0.17203167080879211,6.265239715576172,False,family-00307-maximum,family-00307,False,0.08818668127059937,0.5,medium,1,0.6309394240379333,False,0.0,55,0.07598265260457993,maximum,0.01220402866601944
4.469289779663086,1.0869849920272827,0.006732787936925888,6.366306304931641,False,family-00307-maximum,family-00307,False,0.08818668127059937,0.5,medium,2,0.5899460911750793,False,0.0,55,0.016867313534021378,maximum,0.07131937146186829
7.134094715118408,1.5913288593292236,0.18354372680187225,6.163564205169678,False,family-00307-maximum,family-00307,False,0.08818668127059937,0.5,medium,3,0.49048981070518494,False,0.0,55,0.04408915340900421,maximum,0.044097527861595154
8.154996871948242,1.8187475204467773,-0.6743520498275757,5.576970100402832,True,family-00307-minimum,family-00307,True,0.9377899765968323,0.0,low,0,0.5578864812850952,False,0.0,55,0.40334710478782654,minimum,0.5344429016113281
10.79116439819336,1.6583216190338135,-0.10209193825721741,6.6813645362854,True,family-00307-minimum,family-00307,True,0.9377899765968323,0.0,low,1,0.8940858840942383,False,0.0,55,0.2977500259876251,minimum,0.6400399208068848
6.909804344177246,1.2483400106430054,0.30692529678344727,9.218731880187988,True,family-00307-minimum,family-00307,True,0.9377899765968323,0.0,low,2,0.9701811671257019,False,0.0,55,0.669668972492218,minimum,0.26812100410461426
8.747903823852539,1.7369420528411865,0.31242141127586365,6.770650386810303,True,family-00307-minimum,family-00307,True,0.9377899765968323,0.0,low,3,0.44737234711647034,False,0.0,55,0.9152414798736572,minimum,0.02254849672317505
8.412163734436035,1.532350778579712,-0.45185524225234985,6.134294033050537,False,family-00307-sum_mod_10,family-00307,False,0.07796493172645569,1.0,high,0,0.5817846059799194,False,0.0,55,0.08595294505357742,sum_mod_10,-0.007988013327121735
5.9537353515625,1.5647106170654297,-0.026994645595550537,6.539190769195557,False,family-00307-sum_mod_10,family-00307,False,0.07796493172645569,1.0,high,1,0.6879459023475647,False,0.0,55,0.11063992232084274,sum_mod_10,-0.032674990594387054
8.815605163574219,1.7355680465698242,0.24674540758132935,5.495302677154541,False,family-00307-sum_mod_10,family-00307,False,0.07796493172645569,1.0,high,2,0.4824199974536896,False,0.0,55,0.11560218781232834,sum_mod_10,-0.03763725608587265
2.384902000427246,0.7457870244979858,0.45037010312080383,9.755038261413574,False,family-00307-sum_mod_10,family-00307,False,0.07796493172645569,1.0,high,3,0.706132173538208,False,0.0,55,0.0662427768111229,sum_mod_10,0.011722154915332794
8.489531517028809,1.7001359462738037,-0.5534032583236694,5.916384220123291,True,family-00308-maximum,family-00308,True,0.8953658938407898,0.0,low,0,0.5136033296585083,False,0.0,55,0.6120200157165527,maximum,0.28334587812423706
10.436144828796387,1.981102466583252,-0.22927242517471313,4.239116191864014,True,family-00308-maximum,family-00308,True,0.8953658938407898,0.0,low,1,0.44131797552108765,False,0.0,55,0.8949350118637085,maximum,0.00043088197708129883
4.317529201507568,1.0572104454040527,0.04784531518816948,9.21640396118164,True,family-00308-maximum,family-00308,True,0.8953658938407898,0.0,low,2,0.9631523489952087,False,0.0,55,0.1525026112794876,maximum,0.7428632974624634
1.2515789270401,0.20237815380096436,-0.07521267235279083,10.351325035095215,True,family-00308-maximum,family-00308,True,0.8953658938407898,0.0,low,3,0.7611536383628845,False,0.0,55,0.2535218298435211,maximum,0.6418440341949463
4.335803985595703,1.2200227975845337,-0.576878547668457,6.470926761627197,True,family-00308-minimum,family-00308,False,0.06232244893908501,1.0,high,0,0.6473125219345093,False,0.0,55,0.03484906628727913,minimum,0.027473382651805878
11.726341247558594,2.209256410598755,-0.15829825401306152,4.185365200042725,True,family-00308-minimum,family-00308,False,0.06232244893908501,1.0,high,1,0.5106703639030457,False,0.0,55,0.008351150900125504,minimum,0.0539712980389595
8.306098937988281,1.3873862028121948,-0.12076660245656967,7.435995101928711,True,family-00308-minimum,family-00308,False,0.06232244893908501,1.0,high,2,0.8654186725616455,False,0.0,55,0.045861583203077316,minimum,0.01646086573600769
5.404984474182129,1.3265020847320557,-0.08165411651134491,8.085503578186035,True,family-00308-minimum,family-00308,False,0.06232244893908501,1.0,high,3,0.7583065629005432,False,0.0,55,0.027588602155447006,minimum,0.034733846783638
6.7967424392700195,1.5486022233963013,-0.5738153457641602,5.594537734985352,False,family-00308-sum_mod_10,family-00308,False,0.07360972464084625,0.5,medium,0,0.5224285125732422,False,0.0,55,0.14920856058597565,sum_mod_10,-0.0755988359451294
9.960153579711914,2.0617475509643555,-0.32740461826324463,5.57403039932251,False,family-00308-sum_mod_10,family-00308,False,0.07360972464084625,0.5,medium,1,0.6343121528625488,False,0.0,55,0.1023017168045044,sum_mod_10,-0.028691992163658142
10.042570114135742,1.8447322845458984,0.013809960335493088,5.440576076507568,False,family-00308-sum_mod_10,family-00308,False,0.07360972464084625,0.5,medium,2,0.6231898069381714,False,0.0,55,0.08423963934183121,sum_mod_10,-0.010629914700984955
1.9290688037872314,0.5421755313873291,0.5912164449691772,14.075392723083496,False,family-00308-sum_mod_10,family-00308,False,0.07360972464084625,0.5,medium,3,1.3599047660827637,False,0.0,55,0.09229447692632675,sum_mod_10,-0.0186847522854805
5.165641784667969,1.3463177680969238,-0.6507651805877686,7.167842388153076,False,family-00309-maximum,family-00309,True,0.847214937210083,1.0,high,0,0.6766916513442993,False,0.0,55,0.4039369821548462,maximum,0.4432779550552368
5.857375144958496,1.67193603515625,-0.011692982167005539,4.408803462982178,False,family-00309-maximum,family-00309,True,0.847214937210083,1.0,high,1,0.5478587746620178,False,0.0,55,0.8255355954170227,maximum,0.021679341793060303
1.9086277484893799,0.5856068134307861,0.04238944873213768,9.541776657104492,False,family-00309-maximum,family-00309,True,0.847214937210083,1.0,high,2,1.045035481452942,False,0.0,55,0.9181199073791504,maximum,-0.07090497016906738
5.654293060302734,0.9868910908699036,0.14742958545684814,11.789199829101562,False,family-00309-maximum,family-00309,True,0.847214937210083,1.0,high,3,0.8743564486503601,False,0.0,55,0.16145266592502594,maximum,0.6857622861862183
15.572141647338867,2.145833969116211,-0.5824312567710876,6.001553535461426,True,family-00309-minimum,family-00309,True,0.8473634719848633,0.5,medium,0,0.5615776181221008,False,0.0,55,0.533265233039856,minimum,0.3140982389450073
7.956093788146973,1.8628321886062622,-0.2463487684726715,5.399753093719482,True,family-00309-minimum,family-00309,True,0.8473634719848633,0.5,medium,1,0.6213706731796265,False,0.0,55,0.6254386901855469,minimum,0.2219247817993164
2.116128444671631,0.6666001081466675,-0.005909577012062073,8.97768783569336,True,family-00309-minimum,family-00309,True,0.8473634719848633,0.5,medium,2,0.9941199421882629,False,0.0,55,0.7909356355667114,minimum,0.056427836418151855
9.215126037597656,1.710573434829712,0.43036824464797974,8.099868774414062,True,family-00309-minimum,family-00309,True,0.8473634719848633,0.5,medium,3,0.6379712820053101,False,0.0,55,0.5167470574378967,minimum,0.33061641454696655
6.587729454040527,1.53620445728302,-0.23477280139923096,6.409464359283447,False,family-00309-sum_mod_10,family-00309,True,0.39885661005973816,0.0,low,0,0.6017405390739441,False,0.0,55,0.40368375182151794,sum_mod_10,-0.004827141761779785
16.1561279296875,2.69935941696167,0.12931811809539795,4.107870578765869,False,family-00309-sum_mod_10,family-00309,True,0.39885661005973816,0.0,low,1,0.3711790442466736,False,0.003475294066790973,55,0.5054416656494141,sum_mod_10,-0.1065850555896759
7.879199981689453,1.7799160480499268,0.23572222888469696,7.786296367645264,False,family-00309-sum_mod_10,family-00309,True,0.39885661005973816,0.0,low,2,0.6334025263786316,False,0.0,55,0.10202062129974365,sum_mod_10,0.2968359887599945
2.1760175228118896,0.5805550217628479,0.47947824001312256,7.848721981048584,False,family-00309-sum_mod_10,family-00309,True,0.39885661005973816,0.0,low,3,0.48971930146217346,False,0.0,55,0.46634364128112793,sum_mod_10,-0.06748703122138977
9.302133560180664,2.0811338424682617,-0.6361438035964966,5.210917949676514,False,family-00310-maximum,family-00310,True,0.8431550860404968,0.5,medium,0,0.48660537600517273,False,0.0,55,0.6806698441505432,maximum,0.1624852418899536
9.344748497009277,2.0623412132263184,-0.23604412376880646,5.374401092529297,False,family-00310-maximum,family-00310,True,0.8431550860404968,0.5,medium,1,0.6385722756385803,False,0.0,55,0.6785390973091125,maximum,0.16461598873138428
7.94019889831543,1.5369211435317993,-0.0473724901676178,8.958984375,False,family-00310-maximum,family-00310,True,0.8431550860404968,0.5,medium,2,1.0120452642440796,False,0.0,55,0.6646038889884949,maximum,0.17855119705200195
4.979684829711914,1.2977321147918701,0.2564445734024048,6.547031879425049,False,family-00310-maximum,family-00310,True,0.8431550860404968,0.5,medium,3,0.5325896739959717,False,0.0,55,0.6898453235626221,maximum,0.15330976247787476
12.469697952270508,2.359196186065674,-0.39913055300712585,5.028347969055176,True,family-00310-minimum,family-00310,True,0.6376335620880127,0.0,low,0,0.4365125894546509,False,0.0,55,0.30976402759552,minimum,0.3278695344924927
10.123577117919922,1.7701776027679443,-0.053829699754714966,5.6634440422058105,True,family-00310-minimum,family-00310,True,0.6376335620880127,0.0,low,1,0.5357624292373657,False,0.0,55,0.22056256234645844,minimum,0.41707098484039307
7.565174102783203,1.3845021724700928,0.08514265716075897,7.06827974319458,True,family-00310-minimum,family-00310,True,0.6376335620880127,0.0,low,2,0.6030669212341309,False,0.0,55,0.7061039209365845,minimum,-0.06847035884857178
2.7960195541381836,0.8492823839187622,0.2920014560222626,7.377743721008301,True,family-00310-minimum,family-00310,True,0.6376335620880127,0.0,low,3,0.5198183655738831,False,0.0,55,0.6257219910621643,minimum,0.011911571025848389
5.507974147796631,1.5728557109832764,-0.509888231754303,6.5308074951171875,False,family-00310-sum_mod_10,family-00310,False,0.0838901698589325,1.0,high,0,0.5155987739562988,False,0.0,55,0.07720696926116943,sum_mod_10,0.0066832005977630615
3.249586582183838,1.045477271080017,-0.07873392850160599,6.872518062591553,False,family-00310-sum_mod_10,family-00310,False,0.0838901698589325,1.0,high,1,0.6307125091552734,False,0.0,55,0.12348414212465286,sum_mod_10,-0.03959397226572037
8.714555740356445,1.7313504219055176,0.1325385719537735,7.29986047744751,False,family-00310-sum_mod_10,family-00310,False,0.0838901698589325,1.0,high,2,0.58791184425354,False,0.0,55,0.07718093693256378,sum_mod_10,0.006709232926368713
1.6647440195083618,0.47436195611953735,0.3988996148109436,13.230807304382324,False,family-00310-sum_mod_10,family-00310,False,0.0838901698589325,1.0,high,3,0.8696087598800659,False,0.0,55,0.06979755312204361,sum_mod_10,0.014092616736888885
7.008671283721924,1.5979642868041992,-0.5257077217102051,7.2739129066467285,True,family-00311-maximum,family-00311,True,0.898341715335846,0.0,low,0,0.7276384234428406,False,0.0,55,0.5098131895065308,maximum,0.3885285258293152
8.679450988769531,1.6777474880218506,-0.29475346207618713,6.323103427886963,True,family-00311-maximum,family-00311,True,0.898341715335846,0.0,low,1,0.723461389541626,False,0.0,55,0.8849780559539795,maximum,0.013363659381866455
4.557577133178711,1.036489725112915,-0.10914257913827896,9.13894271850586,True,family-00311-maximum,family-00311,True,0.898341715335846,0.0,low,2,0.9983788728713989,False,0.0,55,0.5586166977882385,maximum,0.3397250175476074
2.4697465896606445,0.7098125219345093,0.056844282895326614,10.953906059265137,True,family-00311-maximum,family-00311,True,0.898341715335846,0.0,low,3,0.8972249031066895,False,0.0,55,0.25013458728790283,maximum,0.6482071280479431
7.220823287963867,1.9007350206375122,-0.25175026059150696,5.975320816040039,False,family-00311-minimum,family-00311,False,0.32148709893226624,1.0,high,0,0.5703097581863403,False,0.0,55,0.26786959171295166,minimum,0.053617507219314575
6.359147071838379,1.2839622497558594,-0.15143239498138428,7.277343273162842,False,family-00311-minimum,family-00311,False,0.32148709893226624,1.0,high,1,0.6817142963409424,False,0.0,55,0.1740354299545288,minimum,0.14745166897773743
4.577705383300781,1.223156452178955,0.2540338337421417,9.939739227294922,False,family-00311-minimum,family-00311,False,0.32148709893226624,1.0,high,2,0.8300765156745911,False,0.0,55,0.09310558438301086,minimum,0.22838151454925537
10.043935775756836,1.593742847442627,0.3421304225921631,7.97778844833374,False,family-00311-minimum,family-00311,False,0.32148709893226624,1.0,high,3,0.4585704207420349,False,0.0,55,0.27188095450401306,minimum,0.049606144428253174
8.147892951965332,1.8981349468231201,-0.416948139667511,6.129453659057617,False,family-00311-sum_mod_10,family-00311,False,0.01633911393582821,0.5,medium,0,0.5723799467086792,False,0.07077734340843397,55,0.01866215281188488,sum_mod_10,-0.002323038876056671
9.00059700012207,1.6584153175354004,0.02774938941001892,7.685327529907227,False,family-00311-sum_mod_10,family-00311,False,0.01633911393582821,0.5,medium,1,0.7782794833183289,False,0.0,55,0.034462783485651016,sum_mod_10,-0.018123669549822807
5.941206932067871,1.5484516620635986,0.11825943738222122,4.984909534454346,False,family-00311-sum_mod_10,family-00311,False,0.01633911393582821,0.5,medium,2,0.3931259214878082,False,0.0,55,0.014952771365642548,sum_mod_10,0.0013863425701856613
1.9894137382507324,0.5708310604095459,0.42715322971343994,13.053417205810547,False,family-00311-sum_mod_10,family-00311,False,0.01633911393582821,0.5,medium,3,0.9216651320457458,False,0.0,55,0.004802293609827757,sum_mod_10,0.011536819860339165
14.981573104858398,2.5961029529571533,-0.5111855268478394,5.585132122039795,True,family-00312-maximum,family-00312,False,0.21592776477336884,1.0,high,0,0.5226122140884399,False,0.0,55,0.0637618750333786,maximum,0.15216588973999023
5.284040927886963,1.5015594959259033,-0.04466991499066353,5.769496440887451,True,family-00312-maximum,family-00312,False,0.21592776477336884,1.0,high,1,0.6280796527862549,False,0.0,55,0.2585398554801941,maximum,-0.042612090706825256
3.1705188751220703,1.135955810546875,0.05084848403930664,7.326744556427002,True,family-00312-maximum,family-00312,False,0.21592776477336884,1.0,high,2,0.6894448399543762,False,0.05312100032163385,55,0.2426532655954361,maximum,-0.02672550082206726
3.3895859718322754,0.9966058731079102,-0.08376063406467438,6.937386512756348,True,family-00312-maximum,family-00312,False,0.21592776477336884,1.0,high,3,0.5251182317733765,False,0.0,55,0.029784196987748146,maximum,0.18614356219768524
10.834503173828125,2.1391067504882812,-0.613727331161499,4.988616943359375,False,family-00312-minimum,family-00312,True,0.866646409034729,0.5,medium,0,0.4658464789390564,False,0.0,55,0.8802263140678406,minimum,-0.013579905033111572
3.139204502105713,0.9784948825836182,-0.21542878448963165,8.422650337219238,False,family-00312-minimum,family-00312,True,0.866646409034729,0.5,medium,1,0.9791783094406128,False,0.0,55,0.2570396959781647,minimum,0.6096067428588867
7.557313919067383,1.8485208749771118,0.47691380977630615,5.815695762634277,False,family-00312-minimum,family-00312,True,0.866646409034729,0.5,medium,2,0.5453701019287109,False,0.0,55,0.7674168944358826,minimum,0.09922951459884644
10.506309509277344,1.939176082611084,0.10142078995704651,9.057003021240234,False,family-00312-minimum,family-00312,True,0.866646409034729,0.5,medium,3,0.6299744248390198,False,0.0,55,0.5819958448410034,minimum,0.2846505641937256
12.351305961608887,2.2594447135925293,-0.2937088906764984,4.070559024810791,True,family-00312-sum_mod_10,family-00312,False,0.06575857102870941,0.0,low,0,0.36406809091567993,False,0.0,55,0.07361171394586563,sum_mod_10,-0.00785314291715622
16.094743728637695,2.5875208377838135,-0.07953865826129913,5.591541290283203,True,family-00312-sum_mod_10,family-00312,False,0.06575857102870941,0.0,low,1,0.5217670798301697,False,0.0,55,0.057958491146564484,sum_mod_10,0.007800079882144928
5.606682777404785,1.6126999855041504,-0.06750699132680893,6.023476600646973,True,family-00312-sum_mod_10,family-00312,False,0.06575857102870941,0.0,low,2,0.5154157280921936,False,0.0,55,0.031179919838905334,sum_mod_10,0.03457865118980408
2.5962462425231934,0.8235325813293457,0.4890332818031311,8.491388320922852,True,family-00312-sum_mod_10,family-00312,False,0.06575857102870941,0.0,low,3,0.6643726825714111,False,0.0,55,0.04732253775000572,sum_mod_10,0.01843603327870369
9.699760437011719,2.1321754455566406,-0.5510852932929993,5.453131675720215,True,family-00313-maximum,family-00313,True,0.7801617383956909,0.5,medium,0,0.5095341801643372,False,0.0,55,0.6524945497512817,maximum,0.12766718864440918
5.34183406829834,1.1535680294036865,-0.12843745946884155,5.8903398513793945,True,family-00313-maximum,family-00313,True,0.7801617383956909,0.5,medium,1,0.6587644815444946,False,0.0,55,0.7983143329620361,maximum,-0.018152594566345215
7.382743835449219,1.5756502151489258,0.004167407751083374,8.298003196716309,True,family-00313-maximum,family-00313,True,0.7801617383956909,0.5,medium,2,0.8252033591270447,False,0.0,55,0.5645689368247986,maximum,0.21559280157089233
2.890190601348877,0.7967230677604675,-0.09822636842727661,12.064215660095215,True,family-00313-maximum,family-00313,True,0.7801617383956909,0.5,medium,3,0.9234663844108582,False,0.0,55,0.05782819539308548,maximum,0.722333550453186
12.1834077835083,2.1656763553619385,-0.3999454379081726,5.7849345207214355,True,family-00313-minimum,family-00313,False,0.08603274077177048,0.0,low,0,0.49377620220184326,False,0.0,55,0.2222461700439453,minimum,-0.13621342182159424
12.655414581298828,2.259021282196045,-0.26586246490478516,4.527505397796631,True,family-00313-minimum,family-00313,False,0.08603274077177048,0.0,low,1,0.4194456934928894,False,0.0,55,0.15734702348709106,minimum,-0.07131428271532059
2.6030545234680176,0.8655835390090942,-0.08728262037038803,5.772916316986084,True,family-00313-minimum,family-00313,False,0.08603274077177048,0.0,low,2,0.5478822588920593,False,0.0,55,0.21856708824634552,minimum,-0.13253435492515564
7.341329097747803,1.5552289485931396,0.2518981695175171,8.378301620483398,True,family-00313-minimum,family-00313,False,0.08603274077177048,0.0,low,3,0.7245002388954163,False,0.0,55,0.18186752498149872,minimum,-0.09583478420972824
11.491809844970703,2.211371660232544,-0.4262552857398987,5.254045009613037,True,family-00313-sum_mod_10,family-00313,False,0.06421594321727753,1.0,high,0,0.45610541105270386,False,0.0,55,0.07178694754838943,sum_mod_10,-0.007571004331111908
8.513360977172852,1.9292504787445068,0.00972222164273262,4.0456438064575195,True,family-00313-sum_mod_10,family-00313,False,0.06421594321727753,1.0,high,1,0.3880295753479004,False,0.0,55,0.0810709297657013,sum_mod_10,-0.016854986548423767
2.8485236167907715,0.9885402917861938,0.047883547842502594,6.893135070800781,True,family-00313-sum_mod_10,family-00313,False,0.06421594321727753,1.0,high,2,0.6143539547920227,False,0.0,55,0.0719451829791069,sum_mod_10,-0.007729239761829376
1.3661081790924072,0.2714899778366089,0.5495402812957764,12.53752326965332,True,family-00313-sum_mod_10,family-00313,False,0.06421594321727753,1.0,high,3,0.932387113571167,False,0.0,55,0.030933454632759094,sum_mod_10,0.03328248858451843
7.138916015625,1.537431240081787,-0.5980638265609741,7.012789726257324,False,family-00314-maximum,family-00314,True,0.9169954061508179,0.0,low,0,0.572150468826294,False,0.0,55,0.6814904808998108,maximum,0.23550492525100708
9.977398872375488,2.1798465251922607,-0.2834169864654541,3.767674207687378,False,family-00314-maximum,family-00314,True,0.9169954061508179,0.0,low,1,0.38334545493125916,False,0.0,55,0.7841991186141968,maximum,0.1327962875366211
6.221246719360352,1.5155181884765625,0.12876173853874207,7.91933536529541,False,family-00314-maximum,family-00314,True,0.9169954061508179,0.0,low,2,0.8356867432594299,False,0.0,55,0.5874289870262146,maximum,0.32956641912460327
1.4827567338943481,0.38319289684295654,0.2207326591014862,9.803128242492676,False,family-00314-maximum,family-00314,True,0.9169954061508179,0.0,low,3,0.7478181719779968,False,0.0,55,0.5588157773017883,maximum,0.35817962884902954
5.3364691734313965,1.2653335332870483,-0.5221074819564819,7.31377649307251,True,family-00314-minimum,family-00314,False,0.10815601050853729,1.0,high,0,0.6833906173706055,False,0.0,55,0.17735521495342255,minimum,-0.06919920444488525
11.15405559539795,2.343465805053711,-0.018654145300388336,4.25509786605835,True,family-00314-minimum,family-00314,False,0.10815601050853729,1.0,high,1,0.4580569565296173,False,0.0,55,0.10101697593927383,minimum,0.007139034569263458
11.282220840454102,1.72963547706604,-0.1375965178012848,8.500663757324219,True,family-00314-minimum,family-00314,False,0.10815601050853729,1.0,high,2,0.8379001021385193,False,0.0,55,0.43885454535484314,minimum,-0.33069854974746704
8.464673042297363,1.7575690746307373,-0.14850962162017822,8.14730167388916,True,family-00314-minimum,family-00314,False,0.10815601050853729,1.0,high,3,0.662024736404419,False,0.0,55,0.05256374180316925,minimum,0.05559226870536804
6.659106731414795,1.6471693515777588,-0.3700313866138458,5.748981475830078,True,family-00314-sum_mod_10,family-00314,False,0.07637842744588852,0.5,medium,0,0.5141850709915161,False,0.0,55,0.11877202987670898,sum_mod_10,-0.042393602430820465
22.67734146118164,3.0692267417907715,-0.1512109935283661,3.6854054927825928,True,family-00314-sum_mod_10,family-00314,False,0.07637842744588852,0.5,medium,1,0.35060879588127136,False,0.0,55,0.08278948068618774,sum_mod_10,-0.006411053240299225
3.855980634689331,1.1850160360336304,0.10799705982208252,5.524121284484863,True,family-00314-sum_mod_10,family-00314,False,0.07637842744588852,0.5,medium,2,0.5211499929428101,False,0.0,55,0.055412519723176956,sum_mod_10,0.020965907722711563
6.804634094238281,1.3229577541351318,0.4314894676208496,14.39861011505127,True,family-00314-sum_mod_10,family-00314,False,0.07637842744588852,0.5,medium,3,1.154586672782898,False,0.0,55,0.09740018099546432,sum_mod_10,-0.021021753549575806
4.247511386871338,1.1890616416931152,-0.46869826316833496,5.420592784881592,False,family-00315-maximum,family-00315,True,0.9342479705810547,1.0,high,0,0.5808622241020203,False,0.0,55,0.7658134698867798,maximum,0.1684345006942749
6.479622840881348,1.732455849647522,-0.2219715714454651,4.830877304077148,False,family-00315-maximum,family-00315,True,0.9342479705810547,1.0,high,1,0.5813562870025635,False,0.0,55,0.9271992444992065,maximum,0.0070487260818481445
7.26837158203125,1.4824461936950684,0.22602705657482147,8.350836753845215,False,family-00315-maximum,family-00315,True,0.9342479705810547,1.0,high,2,0.9670689105987549,False,0.0,55,0.9001386165618896,maximum,0.03410935401916504
4.511427402496338,0.9764013290405273,0.308448851108551,13.714213371276855,False,family-00315-maximum,family-00315,True,0.9342479705810547,1.0,high,3,1.0311107635498047,False,0.0,55,0.5268961787223816,maximum,0.4073517918586731
10.047597885131836,2.0933566093444824,-0.40769410133361816,4.0202131271362305,False,family-00315-minimum,family-00315,True,0.5434470772743225,0.5,medium,0,0.42117008566856384,False,0.0,55,0.5204562544822693,minimum,0.022990822792053223
5.451557159423828,1.6086297035217285,-0.36730578541755676,4.124853610992432,False,family-00315-minimum,family-00315,True,0.5434470772743225,0.5,medium,1,0.4731975495815277,False,0.0,55,0.41138094663619995,minimum,0.13206613063812256
3.1999804973602295,0.9556573629379272,-0.07489427179098129,7.517943859100342,False,family-00315-minimum,family-00315,True,0.5434470772743225,0.5,medium,2,0.9213120341300964,False,0.0,55,0.06312605738639832,minimum,0.4803210198879242
7.588598251342773,1.7692152261734009,-0.0203256756067276,8.866944313049316,False,family-00315-minimum,family-00315,True,0.5434470772743225,0.5,medium,3,0.8307690024375916,False,0.0,55,0.37272214889526367,minimum,0.17072492837905884
9.652750015258789,1.796999454498291,-0.321704626083374,5.620265483856201,True,family-00315-sum_mod_10,family-00315,True,0.2035784125328064,0.0,low,0,0.5054295659065247,False,0.03273459447682409,55,0.10803929716348648,sum_mod_10,0.09553911536931992
17.020977020263672,2.737032413482666,-0.07403883337974548,3.830404281616211,True,family-00315-sum_mod_10,family-00315,True,0.2035784125328064,0.0,low,1,0.3571462035179138,False,0.0,55,0.2728249132633209,sum_mod_10,-0.06924650073051453
12.953641891479492,2.251340866088867,0.18056611716747284,5.207187652587891,True,family-00315-sum_mod_10,family-00315,True,0.2035784125328064,0.0,low,2,0.4683467149734497,False,0.0,55,0.1533385068178177,sum_mod_10,0.05023990571498871
3.4279890060424805,0.9789237380027771,0.4829093813896179,9.560093879699707,True,family-00315-sum_mod_10,family-00315,True,0.2035784125328064,0.0,low,3,0.7297195792198181,False,0.0,55,0.13807585835456848,sum_mod_10,0.06550255417823792
11.347776412963867,2.258776903152466,-0.3374992609024048,4.572916030883789,False,family-00316-maximum,family-00316,False,0.14674891531467438,0.5,medium,0,0.4790729582309723,False,0.0,55,0.13416032493114471,maximum,0.012588590383529663
3.5380496978759766,1.2155991792678833,-0.013928141444921494,6.102025985717773,False,family-00316-maximum,family-00316,False,0.14674891531467438,0.5,medium,1,0.6715609431266785,False,0.0,55,0.4734196364879608,maximum,-0.32667070627212524
2.798820972442627,1.0033464431762695,0.10031796246767044,8.906609535217285,False,family-00316-maximum,family-00316,False,0.14674891531467438,0.5,medium,2,0.8190469145774841,False,0.0,55,0.050091199576854706,maximum,0.09665771573781967
10.368773460388184,2.007063865661621,0.20551323890686035,7.6303181648254395,False,family-00316-maximum,family-00316,False,0.14674891531467438,0.5,medium,3,0.5179658532142639,False,0.0,55,0.0450691320002079,maximum,0.10167978703975677
16.37637710571289,2.632478713989258,-0.5175297260284424,3.7966344356536865,True,family-00316-minimum,family-00316,True,0.6068251132965088,0.0,low,0,0.33956843614578247,False,0.0,55,0.46840134263038635,minimum,0.13842377066612244
12.621957778930664,2.3164310455322266,-0.07009857892990112,6.636557579040527,True,family-00316-minimum,family-00316,True,0.6068251132965088,0.0,low,1,0.6791600584983826,False,0.0,55,0.0459519624710083,minimum,0.5608731508255005
8.914346694946289,1.5969741344451904,0.08265628665685654,6.951662540435791,True,family-00316-minimum,family-00316,True,0.6068251132965088,0.0,low,2,0.6086755990982056,False,0.0,55,0.6212968230247498,minimum,-0.014471709728240967
10.532071113586426,1.8686254024505615,0.099188432097435,7.729992389678955,True,family-00316-minimum,family-00316,True,0.6068251132965088,0.0,low,3,0.5580255389213562,False,0.0,55,0.5031362771987915,minimum,0.10368883609771729
13.395730018615723,2.472947120666504,-0.29685038328170776,4.199962615966797,True,family-00316-sum_mod_10,family-00316,False,0.04879244044423103,1.0,high,0,0.4305415749549866,False,0.0,55,0.10537687689065933,sum_mod_10,-0.0565844364464283
8.83072280883789,2.175726890563965,-0.038548924028873444,4.552093982696533,True,family-00316-sum_mod_10,family-00316,False,0.04879244044423103,1.0,high,1,0.48394620418548584,False,0.0,55,0.024445759132504463,sum_mod_10,0.02434668131172657
4.8305559158325195,1.4039521217346191,0.08855468779802322,5.121867656707764,True,family-00316-sum_mod_10,family-00316,False,0.04879244044423103,1.0,high,2,0.49772170186042786,False,0.0,55,0.06338682770729065,sum_mod_10,-0.014594387263059616
1.942765474319458,0.5168360471725464,0.49304667115211487,10.751035690307617,True,family-00316-sum_mod_10,family-00316,False,0.04879244044423103,1.0,high,3,0.9039098620414734,False,0.0,55,0.10573235154151917,sum_mod_10,-0.05693991109728813
7.256810188293457,1.663887858390808,-0.5196876525878906,7.956427574157715,True,family-00317-maximum,family-00317,True,0.9232210516929626,0.0,low,0,0.79591304063797,False,0.0,55,0.6356635689735413,maximum,0.2875574827194214
13.444218635559082,2.5945186614990234,-0.28410351276397705,3.600687026977539,True,family-00317-maximum,family-00317,True,0.9232210516929626,0.0,low,1,0.4011480212211609,False,0.006530962156725063,55,0.929302990436554,maximum,-0.006081938743591309
8.688061714172363,1.3838998079299927,0.35073724389076233,9.870316505432129,True,family-00317-maximum,family-00317,True,0.9232210516929626,0.0,low,2,1.1384477615356445,False,0.0,55,0.7742618918418884,maximum,0.14895915985107422
10.282598495483398,1.523817539215088,0.4505082070827484,8.544397354125977,True,family-00317-maximum,family-00317,True,0.9232210516929626,0.0,low,3,0.560218334197998,False,0.0,55,0.8049963712692261,maximum,0.11822468042373657
5.434530258178711,1.466267466545105,-0.498868852853775,6.972434997558594,False,family-00317-minimum,family-00317,True,0.8072287440299988,1.0,high,0,0.7471551895141602,False,0.0,55,0.10233402997255325,minimum,0.7048947215080261
4.546947956085205,1.4067059755325317,-0.27511194348335266,4.9309916496276855,False,family-00317-minimum,family-00317,True,0.8072287440299988,1.0,high,1,0.5861046314239502,False,0.0,55,0.18878817558288574,minimum,0.618440568447113
6.61904239654541,1.4332013130187988,0.09686817973852158,6.748483657836914,False,family-00317-minimum,family-00317,True,0.8072287440299988,1.0,high,2,0.7938306927680969,False,0.0,55,0.5436433553695679,minimum,0.2635853886604309
15.41669750213623,2.2854719161987305,-0.17596673965454102,9.41574764251709,False,family-00317-minimum,family-00317,True,0.8072287440299988,1.0,high,3,0.8292468190193176,False,0.0,55,0.3456110954284668,minimum,0.461617648601532
11.910391807556152,2.207990884780884,-0.25938016176223755,5.018333435058594,True,family-00317-sum_mod_10,family-00317,False,0.02152246981859207,0.5,medium,0,0.44883638620376587,False,0.0,55,0.036937616765499115,sum_mod_10,-0.015415146946907043
17.443557739257812,2.8077728748321533,-0.08679358661174774,3.4086146354675293,True,family-00317-sum_mod_10,family-00317,False,0.02152246981859207,0.5,medium,1,0.3097638487815857,False,0.0,55,0.0332416296005249,sum_mod_10,-0.01171915978193283
4.203291893005371,1.1417338848114014,0.1963079571723938,4.43110990524292,True,family-00317-sum_mod_10,family-00317,False,0.02152246981859207,0.5,medium,2,0.394451379776001,False,0.0,55,0.02821563370525837,sum_mod_10,-0.006693163886666298
2.2555747032165527,0.6624078154563904,0.5109755396842957,14.483596801757812,True,family-00317-sum_mod_10,family-00317,False,0.02152246981859207,0.5,medium,3,1.1262778043746948,False,0.0,55,0.019307486712932587,sum_mod_10,0.002214983105659485
4.769063949584961,1.3165991306304932,-0.3904561400413513,7.202385425567627,False,family-00318-maximum,family-00318,True,0.9357253313064575,1.0,high,0,0.687425971031189,False,0.0,55,0.8386550545692444,maximum,0.09707027673721313
10.669605255126953,2.25628399848938,-0.1821378767490387,3.98161244392395,False,family-00318-maximum,family-00318,True,0.9357253313064575,1.0,high,1,0.39285480976104736,False,0.0,55,0.8882570266723633,maximum,0.04746830463409424
6.350461483001709,1.3905760049819946,0.2278299182653427,6.161855697631836,False,family-00318-maximum,family-00318,True,0.9357253313064575,1.0,high,2,0.6045889854431152,False,0.0,55,0.9425622820854187,maximum,-0.006836950778961182
4.007990837097168,1.074251651763916,0.48263031244277954,10.804890632629395,False,family-00318-maximum,family-00318,True,0.9357253313064575,1.0,high,3,0.8275854587554932,False,0.0,55,0.7024493217468262,maximum,0.23327600955963135
7.689803600311279,1.6564112901687622,-0.5326969623565674,6.934384822845459,True,family-00318-minimum,family-00318,True,0.916551947593689,0.5,medium,0,0.6479406952857971,False,0.0,55,0.7875819206237793,minimum,0.12897002696990967
12.095848083496094,2.3869059085845947,-0.09819135814905167,4.4244866371154785,True,family-00318-minimum,family-00318,True,0.916551947593689,0.5,medium,1,0.48403090238571167,False,0.012519155730462738,55,0.8604204654693604,minimum,0.05613148212432861
9.81622314453125,1.6495451927185059,0.01445111446082592,8.848189353942871,True,family-00318-minimum,family-00318,True,0.916551947593689,0.5,medium,2,0.9068986773490906,False,0.0,55,0.17366665601730347,minimum,0.7428852915763855
10.563400268554688,2.034411907196045,-0.07667095214128494,8.26172924041748,True,family-00318-minimum,family-00318,True,0.916551947593689,0.5,medium,3,0.6227945685386658,False,0.0,55,0.6598676443099976,minimum,0.2566843032836914
9.563693046569824,2.058810234069824,-0.42328694462776184,4.277879238128662,True,family-00318-sum_mod_10,family-00318,False,0.048207443207502365,0.0,low,0,0.38261064887046814,False,0.0,55,0.09055738151073456,sum_mod_10,-0.04234993830323219
23.54910659790039,3.15303373336792,-0.13881191611289978,3.5697638988494873,True,family-00318-sum_mod_10,family-00318,False,0.048207443207502365,0.0,low,1,0.352050244808197,False,0.0,55,0.04744334518909454,sum_mod_10,0.0007640980184078217
7.051900386810303,1.6435129642486572,0.24754652380943298,5.085777759552002,True,family-00318-sum_mod_10,family-00318,False,0.048207443207502365,0.0,low,2,0.49511510133743286,False,0.0,55,0.06550075113773346,sum_mod_10,-0.017293307930231094
3.88089919090271,0.968302845954895,0.4453904628753662,10.088836669921875,True,family-00318-sum_mod_10,family-00318,False,0.048207443207502365,0.0,low,3,0.8045588731765747,False,0.0,55,0.05316544696688652,sum_mod_10,-0.004958003759384155
14.218473434448242,2.4674155712127686,-0.5911598205566406,5.390730381011963,True,family-00319-maximum,family-00319,True,0.7485862374305725,0.5,medium,0,0.5044216513633728,False,0.0,55,0.48203885555267334,maximum,0.26654738187789917
2.7588448524475098,0.870103120803833,-0.012249644845724106,6.265443325042725,True,family-00319-maximum,family-00319,True,0.7485862374305725,0.5,medium,1,0.7227153778076172,False,0.0,55,0.7633152604103088,maximum,-0.014729022979736328
6.518205642700195,1.4239256381988525,0.1312873214483261,9.876220703125,True,family-00319-maximum,family-00319,True,0.7485862374305725,0.5,medium,2,0.9287399053573608,False,0.0,55,0.2572493553161621,maximum,0.4913368821144104
7.3886027336120605,1.6949411630630493,0.12334098666906357,6.703927040100098,True,family-00319-maximum,family-00319,True,0.7485862374305725,0.5,medium,3,0.43437016010284424,False,0.0,55,0.6635807156562805,maximum,0.08500552177429199
10.985381126403809,2.2644710540771484,-0.3565085530281067,4.485496997833252,True,family-00319-minimum,family-00319,True,0.4790847897529602,0.0,low,0,0.4598119258880615,False,0.0,55,0.41564780473709106,minimum,0.06343698501586914
7.431965351104736,1.593893051147461,-0.1610194444656372,6.377450942993164,True,family-00319-minimum,family-00319,True,0.4790847897529602,0.0,low,1,0.695497453212738,False,0.0,55,0.07774493098258972,minimum,0.4013398587703705
6.300510406494141,1.2752951383590698,-0.0863666832447052,4.786341190338135,True,family-00319-minimum,family-00319,True,0.4790847897529602,0.0,low,2,0.4650628864765167,False,0.0,55,0.530811071395874,minimum,-0.05172628164291382
6.278995513916016,1.378956913948059,0.08334524929523468,7.10629940032959,True,family-00319-minimum,family-00319,True,0.4790847897529602,0.0,low,3,0.6478457450866699,False,0.0,55,0.3924531638622284,minimum,0.08663162589073181
8.397912979125977,1.8173879384994507,-0.3339739739894867,6.756699085235596,True,family-00319-sum_mod_10,family-00319,False,0.01741083711385727,1.0,high,0,0.576721727848053,False,0.0,55,0.01956896297633648,sum_mod_10,-0.00215812586247921
11.734779357910156,2.3470070362091064,-0.08302099257707596,4.079359531402588,True,family-00319-sum_mod_10,family-00319,False,0.01741083711385727,1.0,high,1,0.3577336370944977,False,0.0,55,0.034770529717206955,sum_mod_10,-0.017359692603349686
3.3159067630767822,1.153511881828308,0.16766372323036194,7.501701831817627,True,family-00319-sum_mod_10,family-00319,False,0.01741083711385727,1.0,high,2,0.6363927125930786,False,0.0,55,0.03255849331617355,sum_mod_10,-0.015147656202316284
1.5546998977661133,0.39594918489456177,0.4816957116127014,11.98901653289795,True,family-00319-sum_mod_10,family-00319,False,0.01741083711385727,1.0,high,3,0.7994781732559204,False,0.0,55,0.006049044895917177,sum_mod_10,0.01136179268360138
7.853623390197754,1.7163636684417725,-0.6057824492454529,5.843301296234131,False,family-00320-maximum,family-00320,True,0.9131391048431396,0.0,low,0,0.4767357409000397,False,0.0,55,0.8175107836723328,maximum,0.09562832117080688
6.660429954528809,1.8825371265411377,-0.08765361458063126,4.390603065490723,False,family-00320-maximum,family-00320,True,0.9131391048431396,0.0,low,1,0.44442009925842285,False,0.0,55,0.8834121823310852,maximum,0.029726922512054443
7.738806247711182,1.583869218826294,0.1750888228416443,8.511048316955566,False,family-00320-maximum,family-00320,True,0.9131391048431396,0.0,low,2,0.8141815662384033,False,0.0,55,0.8944371938705444,maximum,0.018701910972595215
1.2687723636627197,0.19324220716953278,0.13993710279464722,12.276022911071777,False,family-00320-maximum,family-00320,True,0.9131391048431396,0.0,low,3,0.8413978815078735,False,0.0,55,0.36040064692497253,maximum,0.5527384281158447
5.885157585144043,1.466874599456787,-0.5736272931098938,5.99277400970459,False,family-00320-minimum,family-00320,True,0.9416118264198303,1.0,high,0,0.5657573938369751,False,0.0,55,0.8867226243019104,minimum,0.05488920211791992
8.053980827331543,2.045196533203125,-0.05317625775933266,4.361843109130859,False,family-00320-minimum,family-00320,True,0.9416118264198303,1.0,high,1,0.5026975274085999,False,0.0,55,0.9267880320549011,minimum,0.0148237943649292
6.087466239929199,1.25791597366333,-0.07977095246315002,9.439635276794434,False,family-00320-minimum,family-00320,True,0.9416118264198303,1.0,high,2,0.993432879447937,False,0.0,55,0.34173110127449036,minimum,0.5998806953430176
6.215584754943848,1.4555658102035522,0.5893301367759705,8.481141090393066,False,family-00320-minimum,family-00320,True,0.9416118264198303,1.0,high,3,0.6600855588912964,False,0.0,55,0.8935227990150452,minimum,0.048089027404785156
2.7767040729522705,0.8333216905593872,-0.3947792053222656,7.4293646812438965,False,family-00320-sum_mod_10,family-00320,False,0.054711174219846725,0.5,medium,0,0.5865387320518494,False,0.03406429585378704,55,0.03152085095643997,sum_mod_10,0.023190323263406754
4.70009183883667,1.5297164916992188,-0.06994516402482986,4.961678981781006,False,family-00320-sum_mod_10,family-00320,False,0.054711174219846725,0.5,medium,1,0.4173545837402344,False,0.0,55,0.04715722054243088,sum_mod_10,0.007553953677415848
5.114201545715332,1.340017557144165,0.29095613956451416,7.752447605133057,False,family-00320-sum_mod_10,family-00320,False,0.054711174219846725,0.5,medium,2,0.6173365712165833,False,0.0,55,0.04766653850674629,sum_mod_10,0.007044635713100433
2.402385950088501,0.5662553906440735,0.5502267479896545,12.973149299621582,False,family-00320-sum_mod_10,family-00320,False,0.054711174219846725,0.5,medium,3,0.7830896973609924,False,0.0,55,0.052062489092350006,sum_mod_10,0.0026486851274967194
4.723405838012695,1.3287763595581055,-0.35683465003967285,6.831889629364014,False,family-00321-maximum,family-00321,True,0.9213549494743347,1.0,high,0,0.6520642638206482,False,0.0,55,0.8190333247184753,maximum,0.10232162475585938
4.1324663162231445,1.2562313079833984,0.01749001443386078,6.30376672744751,False,family-00321-maximum,family-00321,True,0.9213549494743347,1.0,high,1,0.6141191124916077,False,0.0,55,0.9129053950309753,maximum,0.008449554443359375
6.31649923324585,1.4726459980010986,0.1334410309791565,5.128805160522461,False,family-00321-maximum,family-00321,True,0.9213549494743347,1.0,high,2,0.4224916994571686,False,0.0,55,0.908799946308136,maximum,0.01255500316619873
1.277228832244873,0.1941821128129959,0.2865794897079468,12.225140571594238,False,family-00321-maximum,family-00321,True,0.9213549494743347,1.0,high,3,0.8862370252609253,False,0.0,55,0.4912252724170685,maximum,0.43012967705726624
9.536079406738281,1.6890373229980469,-0.4475238621234894,4.894381523132324,False,family-00321-minimum,family-00321,True,0.6555358171463013,0.5,medium,0,0.5127506852149963,False,0.0,55,0.5822219848632812,minimum,0.07331383228302002
5.428908348083496,1.392812728881836,-0.20482292771339417,6.925091743469238,False,family-00321-minimum,family-00321,True,0.6555358171463013,0.5,medium,1,0.8091185092926025,False,0.0,55,0.5983506441116333,minimum,0.05718517303466797
7.221086502075195,1.443657398223877,0.08823611587285995,7.186843395233154,False,family-00321-minimum,family-00321,True,0.6555358171463013,0.5,medium,2,0.7299761176109314,False,0.0,55,0.34282997250556946,minimum,0.3127058446407318
7.7262468338012695,1.497305154800415,0.34726428985595703,5.442291259765625,False,family-00321-minimum,family-00321,True,0.6555358171463013,0.5,medium,3,0.42882275581359863,False,0.0,55,0.3643380403518677,minimum,0.2911977767944336
7.848095893859863,1.907748818397522,-0.19074247777462006,5.553647518157959,False,family-00321-sum_mod_10,family-00321,False,0.071510910987854,0.0,low,0,0.5213937759399414,False,0.0,55,0.10959624499082565,sum_mod_10,-0.03808533400297165
15.057079315185547,2.606651544570923,0.18565240502357483,4.209372043609619,False,family-00321-sum_mod_10,family-00321,False,0.071510910987854,0.0,low,1,0.38151848316192627,False,0.0,55,0.08501262962818146,sum_mod_10,-0.013501718640327454
9.40541934967041,1.9758381843566895,0.3424866497516632,5.519537925720215,False,family-00321-sum_mod_10,family-00321,False,0.071510910987854,0.0,low,2,0.4409357011318207,False,0.0,55,0.07810059934854507,sum_mod_10,-0.0065896883606910706
1.2949647903442383,0.2294461727142334,0.5532189607620239,8.503555297851562,False,family-00321-sum_mod_10,family-00321,False,0.071510910987854,0.0,low,3,0.5553176403045654,False,0.0,55,0.08913826942443848,sum_mod_10,-0.017627358436584473
6.732143402099609,1.5441454648971558,-0.5021525621414185,5.222961902618408,False,family-00322-maximum,family-00322,True,0.9481338858604431,0.5,medium,0,0.5596843957901001,False,0.0,55,0.8658649921417236,maximum,0.08226889371871948
5.7891082763671875,1.3536972999572754,-0.256426066160202,5.939587116241455,False,family-00322-maximum,family-00322,True,0.9481338858604431,0.5,medium,1,0.7343760132789612,False,0.0,55,0.936345100402832,maximum,0.011788785457611084
7.782366752624512,1.855839490890503,0.32191741466522217,6.5045166015625,False,family-00322-maximum,family-00322,True,0.9481338858604431,0.5,medium,2,0.7458419799804688,False,0.0,55,0.6668297052383423,maximum,0.28130418062210083
7.072403907775879,1.285420298576355,0.13998326659202576,12.540088653564453,False,family-00322-maximum,family-00322,True,0.9481338858604431,0.5,medium,3,1.0076097249984741,False,0.0,55,0.4080733060836792,maximum,0.5400605797767639
3.7145590782165527,0.8383633494377136,-0.5619348287582397,7.452311992645264,False,family-00322-minimum,family-00322,False,0.22995328903198242,0.0,low,0,0.7067871689796448,False,0.0,55,0.30230188369750977,minimum,-0.07234859466552734
11.406484603881836,2.217324733734131,-0.23168113827705383,4.825397491455078,False,family-00322-minimum,family-00322,False,0.22995328903198242,0.0,low,1,0.5449681282043457,False,0.0,55,0.18103715777397156,minimum,0.048916131258010864
18.108617782592773,2.807375431060791,0.15781092643737793,4.377284526824951,False,family-00322-minimum,family-00322,False,0.22995328903198242,0.0,low,2,0.48372024297714233,False,0.0,55,0.2870526611804962,minimum,-0.057099372148513794
16.446535110473633,2.6195571422576904,0.27496087551116943,5.574240684509277,False,family-00322-minimum,family-00322,False,0.22995328903198242,0.0,low,3,0.5231069922447205,False,0.0,55,0.18224245309829712,minimum,0.0477108359336853
4.4860687255859375,1.2742946147918701,-0.5130345225334167,7.145284175872803,False,family-00322-sum_mod_10,family-00322,False,0.030725495889782906,1.0,high,0,0.5641109347343445,False,0.0,55,0.05300343409180641,sum_mod_10,-0.022277938202023506
3.775386333465576,1.1495364904403687,-0.2975296974182129,5.331385135650635,False,family-00322-sum_mod_10,family-00322,False,0.030725495889782906,1.0,high,1,0.4894903004169464,False,0.0,55,0.035292863845825195,sum_mod_10,-0.00456736795604229
11.715448379516602,2.086306095123291,0.12150900065898895,5.612586975097656,False,family-00322-sum_mod_10,family-00322,False,0.030725495889782906,1.0,high,2,0.529161810874939,False,0.0,55,0.038341306149959564,sum_mod_10,-0.007615810260176659
2.697338104248047,0.8777488470077515,0.3184458613395691,14.021588325500488,False,family-00322-sum_mod_10,family-00322,False,0.030725495889782906,1.0,high,3,1.1138522624969482,False,0.0,55,0.008417094126343727,sum_mod_10,0.02230840176343918
17.55377197265625,2.7414937019348145,-0.2866870164871216,6.69834041595459,True,family-00323-maximum,family-00323,True,0.4262961149215698,0.0,low,0,0.7111476063728333,False,0.0,55,0.6142682433128357,maximum,-0.18797212839126587
12.268671035766602,2.2418150901794434,0.0956040695309639,4.158313274383545,True,family-00323-maximum,family-00323,True,0.4262961149215698,0.0,low,1,0.42132091522216797,False,0.0,55,0.39342817664146423,maximum,0.03286793828010559
2.321943521499634,0.5874425172805786,-0.04052937775850296,9.24101448059082,True,family-00323-maximum,family-00323,True,0.4262961149215698,0.0,low,2,0.8347623348236084,False,0.0,55,0.013758447952568531,maximum,0.41253766417503357
2.2801029682159424,0.6296813488006592,-0.042548879981040955,7.811427116394043,True,family-00323-maximum,family-00323,True,0.4262961149215698,0.0,low,3,0.5528295636177063,False,0.0,55,0.15600289404392242,maximum,0.2702932357788086
6.114573001861572,1.7035013437271118,-0.5992562174797058,5.682390213012695,False,family-00323-minimum,family-00323,True,0.8860628008842468,1.0,high,0,0.5364551544189453,False,0.0,55,0.7764202952384949,minimum,0.10964250564575195
5.222716808319092,1.5675945281982422,-0.2618751525878906,4.103986740112305,False,family-00323-minimum,family-00323,True,0.8860628008842468,1.0,high,1,0.4824848771095276,False,0.0,55,0.8372324705123901,minimum,0.04883033037185669
1.4876997470855713,0.3336337208747864,-0.10677777975797653,10.69402027130127,False,family-00323-minimum,family-00323,True,0.8860628008842468,1.0,high,2,1.2699475288391113,False,0.0,55,0.874399721622467,minimum,0.011663079261779785
9.430347442626953,1.7044026851654053,0.4873714745044708,9.265874862670898,False,family-00323-minimum,family-00323,True,0.8860628008842468,1.0,high,3,0.7190818786621094,False,0.0,55,0.5365247130393982,minimum,0.34953808784484863
8.61092472076416,1.9601500034332275,-0.47877243161201477,7.158600807189941,True,family-00323-sum_mod_10,family-00323,False,0.024169117212295532,0.5,medium,0,0.7161032557487488,False,0.0333309042746149,55,0.021735617890954018,sum_mod_10,0.0024334993213415146
9.46554946899414,2.204995632171631,0.026800701394677162,3.9293951988220215,True,family-00323-sum_mod_10,family-00323,False,0.024169117212295532,0.5,medium,1,0.4322086274623871,False,0.0,55,0.019780321046710014,sum_mod_10,0.004388796165585518
4.08156681060791,1.2042577266693115,0.14134283363819122,8.341443061828613,True,family-00323-sum_mod_10,family-00323,False,0.024169117212295532,0.5,medium,2,0.8341062664985657,False,0.0,55,0.03395366296172142,sum_mod_10,-0.009784545749425888
2.1663641929626465,0.6244603395462036,0.6287285685539246,12.645505905151367,True,family-00323-sum_mod_10,family-00323,False,0.024169117212295532,0.5,medium,3,0.9098429679870605,False,0.0,55,0.024424443021416664,sum_mod_10,-0.0002553258091211319
5.275156497955322,1.333852767944336,-0.5680834054946899,7.490769386291504,False,family-00324-maximum,family-00324,True,0.698402464389801,1.0,high,0,0.802699089050293,False,0.0,55,0.31415754556655884,maximum,0.3842449188232422
7.334378719329834,1.93751060962677,-0.19651959836483002,3.3730101585388184,False,family-00324-maximum,family-00324,True,0.698402464389801,1.0,high,1,0.4223687946796417,False,0.0,55,0.8017277121543884,maximum,-0.1033252477645874
6.868825912475586,1.576287031173706,0.2832351624965668,6.776928424835205,False,family-00324-maximum,family-00324,True,0.698402464389801,1.0,high,2,0.8433999419212341,False,0.0,55,0.8594950437545776,maximum,-0.1610925793647766
8.18818187713623,1.3564882278442383,0.46763938665390015,9.010586738586426,False,family-00324-maximum,family-00324,True,0.698402464389801,1.0,high,3,0.7579184770584106,False,0.0,55,0.6108806133270264,maximum,0.08752185106277466
9.421710968017578,1.8103160858154297,-0.6303582191467285,7.846525192260742,False,family-00324-minimum,family-00324,False,0.09113942086696625,0.5,medium,0,0.7327233552932739,False,0.0,55,0.024144234135746956,minimum,0.06699518859386444
3.849270820617676,1.2271389961242676,-0.4182897210121155,6.914048671722412,False,family-00324-minimum,family-00324,False,0.09113942086696625,0.5,medium,1,0.8245554566383362,False,0.0,55,0.008884072303771973,minimum,0.08225534856319427
7.909135818481445,1.450229287147522,0.13667109608650208,7.081000804901123,False,family-00324-minimum,family-00324,False,0.09113942086696625,0.5,medium,2,0.8486834168434143,False,0.0,55,0.07725529372692108,minimum,0.013884127140045166
14.360051155090332,2.2408552169799805,0.013312995433807373,8.738720893859863,False,family-00324-minimum,family-00324,False,0.09113942086696625,0.5,medium,3,0.7496039271354675,False,0.0,55,0.037259023636579514,minimum,0.053880397230386734
5.797574996948242,1.5395491123199463,-0.5765066146850586,7.189393520355225,False,family-00324-sum_mod_10,family-00324,False,0.011994213797152042,0.0,low,0,0.5675932765007019,False,0.0,55,0.009596593677997589,sum_mod_10,0.0023976201191544533
5.415884971618652,1.6541836261749268,-0.019661761820316315,4.894077301025391,False,family-00324-sum_mod_10,family-00324,False,0.011994213797152042,0.0,low,1,0.47284504771232605,False,0.0,55,0.009674139320850372,sum_mod_10,0.00232007447630167
4.256426811218262,1.3375858068466187,0.12213052809238434,7.771718978881836,False,family-00324-sum_mod_10,family-00324,False,0.011994213797152042,0.0,low,2,0.6840276718139648,False,0.0,55,0.02560325153172016,sum_mod_10,-0.013609037734568119
2.0533926486968994,0.6055404543876648,0.5099351406097412,8.701360702514648,False,family-00324-sum_mod_10,family-00324,False,0.011994213797152042,0.0,low,3,0.5989466905593872,False,0.0,55,0.013704460114240646,sum_mod_10,-0.001710246317088604
16.311721801757812,2.6491568088531494,-0.5617479681968689,5.40200138092041,True,family-00325-maximum,family-00325,True,0.695767343044281,0.5,medium,0,0.5054762959480286,False,0.0,55,0.7813506722450256,maximum,-0.08558332920074463
2.7908995151519775,0.9117688536643982,-0.1452784240245819,7.897288799285889,True,family-00325-maximum,family-00325,True,0.695767343044281,0.5,medium,1,0.891157329082489,False,0.0,55,0.8645783066749573,maximum,-0.16881096363067627
8.435836791992188,1.6685717105865479,0.1893867701292038,9.223855018615723,True,family-00325-maximum,family-00325,True,0.695767343044281,0.5,medium,2,0.8400443196296692,False,0.0,55,0.8130005598068237,maximum,-0.11723321676254272
4.2796854972839355,1.1290497779846191,0.20701684057712555,13.024006843566895,True,family-00325-maximum,family-00325,True,0.695767343044281,0.5,medium,3,0.8337656259536743,False,0.0,55,0.12439063936471939,maximum,0.5713766813278198
7.340386390686035,1.8548288345336914,-0.5992542505264282,5.9521331787109375,False,family-00325-minimum,family-00325,True,0.9635798335075378,0.0,low,0,0.48561498522758484,False,0.0,55,0.7300444841384888,minimum,0.23353534936904907
6.674060821533203,1.3955110311508179,0.11004912853240967,7.918169975280762,False,family-00325-minimum,family-00325,True,0.9635798335075378,0.0,low,1,0.798949122428894,False,0.0,55,0.9135900735855103,minimum,0.04998975992202759
11.150310516357422,2.039201021194458,0.15617583692073822,6.324708938598633,False,family-00325-minimum,family-00325,True,0.9635798335075378,0.0,low,2,0.47380122542381287,False,0.0,55,0.9022807478904724,minimum,0.06129908561706543
11.202415466308594,2.078397035598755,0.4125460386276245,6.982835292816162,False,family-00325-minimum,family-00325,True,0.9635798335075378,0.0,low,3,0.446513295173645,False,0.0,55,0.9399766325950623,minimum,0.023603200912475586
8.658697128295898,1.9051212072372437,-0.5907288193702698,5.76584005355835,False,family-00325-sum_mod_10,family-00325,False,0.1306958794593811,1.0,high,0,0.4704159200191498,False,0.0,55,0.05286987125873566,sum_mod_10,0.07782600820064545
5.850469589233398,1.5418922901153564,-0.021467702463269234,6.596642017364502,False,family-00325-sum_mod_10,family-00325,False,0.1306958794593811,1.0,high,1,0.6597259640693665,False,0.0,55,0.12446938455104828,sum_mod_10,0.006226494908332825
6.392685413360596,1.7024725675582886,0.1653822660446167,5.518599033355713,False,family-00325-sum_mod_10,family-00325,False,0.1306958794593811,1.0,high,2,0.46530306339263916,False,0.0,55,0.07807464897632599,sum_mod_10,0.052621230483055115
1.3926217555999756,0.309592604637146,0.4461691975593567,12.830219268798828,False,family-00325-sum_mod_10,family-00325,False,0.1306958794593811,1.0,high,3,0.9240925908088684,False,0.0,55,0.0865628570318222,sum_mod_10,0.0441330224275589
9.086252212524414,2.10007381439209,-0.6533344984054565,6.193589210510254,False,family-00326-maximum,family-00326,True,0.6652752757072449,0.0,low,0,0.5053145885467529,False,0.0,55,0.5377883911132812,maximum,0.12748688459396362
4.2762298583984375,1.3508892059326172,-0.04971058666706085,6.742077350616455,False,family-00326-maximum,family-00326,True,0.6652752757072449,0.0,low,1,0.7130687832832336,False,0.0,55,0.4824499487876892,maximum,0.18282532691955566
6.544236183166504,1.5354400873184204,0.1056029200553894,8.224936485290527,False,family-00326-maximum,family-00326,True,0.6652752757072449,0.0,low,2,0.7255298495292664,False,0.027412174033630585,55,0.3515068292617798,maximum,0.3137684464454651
2.2577507495880127,0.6287036538124084,-0.043101780116558075,7.646194934844971,False,family-00326-maximum,family-00326,True,0.6652752757072449,0.0,low,3,0.5204288363456726,False,0.0,55,0.30447280406951904,maximum,0.36080247163772583
11.585641860961914,2.40425705909729,-0.6016578674316406,5.018852233886719,True,family-00326-minimum,family-00326,True,0.8585900664329529,1.0,high,0,0.45456263422966003,False,0.0,55,0.5493650436401367,minimum,0.30922502279281616
7.317765235900879,1.5762403011322021,-0.1102646216750145,6.345402240753174,True,family-00326-minimum,family-00326,True,0.8585900664329529,1.0,high,1,0.7076091766357422,False,0.0,55,0.30810317397117615,minimum,0.5504869222640991
9.057659149169922,1.4847155809402466,0.09100063145160675,10.199762344360352,True,family-00326-minimum,family-00326,True,0.8585900664329529,1.0,high,2,0.9808841943740845,False,0.0,55,0.6356995105743408,minimum,0.22289055585861206
3.3185172080993652,0.9762716293334961,0.4488545060157776,8.191012382507324,True,family-00326-minimum,family-00326,True,0.8585900664329529,1.0,high,3,0.5383836030960083,False,0.0,55,0.8741786479949951,minimum,-0.015588581562042236
16.075759887695312,2.5503311157226562,-0.5418550968170166,5.087594509124756,True,family-00326-sum_mod_10,family-00326,False,0.06554114818572998,0.5,medium,0,0.47605660557746887,False,0.0,55,0.08181818574666977,sum_mod_10,-0.01627703756093979
9.905725479125977,1.9217089414596558,-0.09730405360460281,6.867326259613037,True,family-00326-sum_mod_10,family-00326,False,0.06554114818572998,0.5,medium,1,0.7622260451316833,False,0.0,55,0.0761297345161438,sum_mod_10,-0.010588586330413818
10.004743576049805,2.0033860206604004,0.14811593294143677,5.028773307800293,True,family-00326-sum_mod_10,family-00326,False,0.06554114818572998,0.5,medium,2,0.4663238525390625,False,0.0,55,0.08924074470996857,sum_mod_10,-0.023699596524238586
1.95932936668396,0.5680230855941772,0.36828288435935974,14.453394889831543,True,family-00326-sum_mod_10,family-00326,False,0.06554114818572998,0.5,medium,3,1.1511448621749878,False,0.0,55,0.06744885444641113,sum_mod_10,-0.0019077062606811523
5.231379508972168,1.313174843788147,-0.4137839674949646,6.792852878570557,False,family-00327-maximum,family-00327,False,0.09100347757339478,1.0,high,0,0.7279114723205566,False,0.0,55,0.19816593825817108,maximum,-0.1071624606847763
4.132081985473633,1.1099727153778076,-0.07199941575527191,6.4179277420043945,False,family-00327-maximum,family-00327,False,0.09100347757339478,1.0,high,1,0.7141242623329163,False,0.0,55,0.06593384593725204,maximum,0.02506963163614273
5.337226867675781,1.3140475749969482,-0.014932967722415924,6.503067493438721,False,family-00327-maximum,family-00327,False,0.09100347757339478,1.0,high,2,0.6099981069564819,False,0.0,55,0.012270855717360973,maximum,0.07873262465000153
7.511528491973877,1.5790528059005737,0.2316768318414688,7.198586940765381,False,family-00327-maximum,family-00327,False,0.09100347757339478,1.0,high,3,0.5803199410438538,False,0.0,55,0.056355468928813934,maximum,0.03464800864458084
10.829217910766602,2.142944574356079,-0.42319217324256897,5.428306579589844,False,family-00327-minimum,family-00327,True,0.73902428150177,0.5,medium,0,0.5686863660812378,False,0.0,55,0.39228305220603943,minimum,0.3467412292957306
2.540314197540283,0.8149099349975586,-0.3048210144042969,7.923177242279053,False,family-00327-minimum,family-00327,True,0.73902428150177,0.5,medium,1,0.9045485854148865,False,0.0,55,0.12710748612880707,minimum,0.6119167804718018
6.961566925048828,1.4534788131713867,0.3754207193851471,8.17395305633545,False,family-00327-minimum,family-00327,True,0.73902428150177,0.5,medium,2,0.8291210532188416,False,0.0,55,0.432235985994339,minimum,0.30678829550743103
7.363030433654785,1.7949585914611816,0.38916414976119995,6.301024436950684,False,family-00327-minimum,family-00327,True,0.73902428150177,0.5,medium,3,0.42052599787712097,False,0.0,55,0.6674589514732361,minimum,0.07156533002853394
8.242718696594238,1.9290885925292969,-0.14716379344463348,5.527523040771484,False,family-00327-sum_mod_10,family-00327,False,0.029162555932998657,0.0,low,0,0.5189411044120789,False,0.0,55,0.041766583919525146,sum_mod_10,-0.01260402798652649
10.785604476928711,1.946878433227539,0.10219547152519226,5.34673547744751,False,family-00327-sum_mod_10,family-00327,False,0.029162555932998657,0.0,low,1,0.47504517436027527,False,0.0,55,0.042605627328157425,sum_mod_10,-0.013443071395158768
7.334112644195557,1.8097590208053589,0.2303432673215866,6.27571439743042,False,family-00327-sum_mod_10,family-00327,False,0.029162555932998657,0.0,low,2,0.48480644822120667,False,0.0,55,0.03404728323221207,sum_mod_10,-0.004884727299213409
1.394149899482727,0.2803272008895874,0.415668785572052,8.940094947814941,False,family-00327-sum_mod_10,family-00327,False,0.029162555932998657,0.0,low,3,0.5718891620635986,False,0.0,55,0.03202782943844795,sum_mod_10,-0.002865273505449295
7.156974792480469,1.3906728029251099,-0.49843594431877136,5.507293701171875,False,family-00328-maximum,family-00328,True,0.8712713122367859,0.5,medium,0,0.5901529788970947,False,0.0,55,0.4292263388633728,maximum,0.4420449733734131
5.312226295471191,1.1998823881149292,-0.006688656285405159,5.987598419189453,False,family-00328-maximum,family-00328,True,0.8712713122367859,0.5,medium,1,0.7360032200813293,False,0.0,55,0.9098832607269287,maximum,-0.03861194849014282
7.411301612854004,1.554785966873169,-0.13141289353370667,6.389460563659668,False,family-00328-maximum,family-00328,True,0.8712713122367859,0.5,medium,2,0.6345741748809814,False,0.0,55,0.025751357898116112,maximum,0.8455199599266052
3.347224473953247,0.938611626625061,0.2806077003479004,9.657292366027832,False,family-00328-maximum,family-00328,True,0.8712713122367859,0.5,medium,3,0.8627433180809021,False,0.0,55,0.37172046303749084,maximum,0.49955084919929504
7.626738548278809,1.7122390270233154,-0.6808353662490845,5.774090766906738,False,family-00328-minimum,family-00328,True,0.9649121165275574,0.0,low,0,0.47108906507492065,False,0.0,55,0.920515775680542,minimum,0.04439634084701538
4.078103065490723,1.1635644435882568,-0.015141671523451805,6.9721574783325195,False,family-00328-minimum,family-00328,True,0.9649121165275574,0.0,low,1,0.7466236352920532,False,0.0,55,0.9161384701728821,minimum,0.04877364635467529
7.682534217834473,1.5749436616897583,0.1787063479423523,7.991750240325928,False,family-00328-minimum,family-00328,True,0.9649121165275574,0.0,low,2,0.690788984298706,False,0.0,55,0.9383359551429749,minimum,0.02657616138458252
11.744976043701172,2.2057418823242188,0.3077772855758667,7.1367058753967285,False,family-00328-minimum,family-00328,True,0.9649121165275574,0.0,low,3,0.46980950236320496,False,0.0,55,0.9103672504425049,minimum,0.05454486608505249
7.117038726806641,1.3525582551956177,-0.587964653968811,6.606812477111816,True,family-00328-sum_mod_10,family-00328,False,0.08064836263656616,1.0,high,0,0.6609057188034058,False,0.0,55,0.08648937195539474,sum_mod_10,-0.005841009318828583
6.708765029907227,1.5842031240463257,-0.13751555979251862,6.1788153648376465,True,family-00328-sum_mod_10,family-00328,False,0.08064836263656616,1.0,high,1,0.7610382437705994,False,0.0,55,0.09071237593889236,sum_mod_10,-0.010064013302326202
6.875495910644531,1.3392550945281982,0.14426657557487488,5.705616474151611,True,family-00328-sum_mod_10,family-00328,False,0.08064836263656616,1.0,high,2,0.6004325151443481,False,0.0,55,0.026850717142224312,sum_mod_10,0.053797647356987
2.5218117237091064,0.8793131113052368,0.4095742702484131,13.100164413452148,True,family-00328-sum_mod_10,family-00328,False,0.08064836263656616,1.0,high,3,1.1131638288497925,False,0.0,55,0.07045290619134903,sum_mod_10,0.010195456445217133
12.319673538208008,2.324866771697998,-0.3074656128883362,6.825247764587402,True,family-00329-maximum,family-00329,True,0.6659611463546753,0.0,low,0,0.5825726985931396,False,0.0,55,0.574253261089325,maximum,0.09170788526535034
5.818395137786865,1.471577525138855,-0.44350194931030273,5.934558868408203,True,family-00329-maximum,family-00329,True,0.6659611463546753,0.0,low,1,0.5113905668258667,False,0.0,55,0.7278133630752563,maximum,-0.061852216720581055
7.775094509124756,1.579775333404541,0.19158580899238586,9.581778526306152,True,family-00329-maximum,family-00329,True,0.6659611463546753,0.0,low,2,0.918602466583252,False,0.0,55,0.19823116064071655,maximum,0.46772998571395874
10.336856842041016,1.4872249364852905,0.2606617510318756,8.395153045654297,True,family-00329-maximum,family-00329,True,0.6659611463546753,0.0,low,3,0.5431408286094666,False,0.0,55,0.4168968200683594,maximum,0.24906432628631592
6.092144012451172,1.6156091690063477,-0.44174760580062866,7.54616641998291,True,family-00329-minimum,family-00329,True,0.7711496353149414,1.0,high,0,0.7051048278808594,False,0.0,55,0.5969016551971436,minimum,0.17424798011779785
3.4282121658325195,1.120051622390747,-0.08615751564502716,6.557827472686768,True,family-00329-minimum,family-00329,True,0.7711496353149414,1.0,high,1,0.6553570032119751,False,0.0,55,0.3367301821708679,minimum,0.4344194531440735
11.051047325134277,1.8787925243377686,0.033269964158535004,9.266427993774414,True,family-00329-minimum,family-00329,True,0.7711496353149414,1.0,high,2,0.8070662021636963,False,0.0,55,0.25537097454071045,minimum,0.515778660774231
12.115020751953125,2.3543620109558105,0.053453776985406876,7.849877834320068,True,family-00329-minimum,family-00329,True,0.7711496353149414,1.0,high,3,0.5235885381698608,False,0.0,55,0.38067626953125,minimum,0.3904733657836914
13.569000244140625,2.1632988452911377,-0.6236428022384644,6.532689571380615,True,family-00329-sum_mod_10,family-00329,False,0.02930380217730999,0.5,medium,0,0.6112771034240723,False,0.0,55,0.10834123194217682,sum_mod_10,-0.07903742790222168
4.90868616104126,1.3451802730560303,-0.2504449784755707,6.358888626098633,True,family-00329-sum_mod_10,family-00329,False,0.02930380217730999,0.5,medium,1,0.7610753178596497,False,0.0,55,0.05395256355404854,sum_mod_10,-0.02464876137673855
7.060062408447266,1.5837842226028442,0.14240801334381104,5.971206188201904,True,family-00329-sum_mod_10,family-00329,False,0.02930380217730999,0.5,medium,2,0.6529446244239807,False,0.0,55,0.022199368104338646,sum_mod_10,0.007104434072971344
4.922724723815918,1.2206450700759888,0.4437870979309082,14.016770362854004,True,family-00329-sum_mod_10,family-00329,False,0.02930380217730999,0.5,medium,3,1.2070869207382202,False,0.0,55,0.01692320592701435,sum_mod_10,0.012380596250295639
4.31671667098999,1.237830400466919,-0.5734866857528687,6.264923095703125,True,family-00330-maximum,family-00330,True,0.9313084483146667,1.0,high,0,0.5853869915008545,False,0.0,55,0.6961127519607544,maximum,0.23519569635391235
11.448807716369629,2.328444480895996,-0.08156586438417435,4.360629081726074,True,family-00330-maximum,family-00330,True,0.9313084483146667,1.0,high,1,0.49731647968292236,False,0.0,55,0.9135310053825378,maximum,0.017777442932128906
13.847465515136719,2.255164384841919,0.3887656629085541,5.664522171020508,True,family-00330-maximum,family-00330,True,0.9313084483146667,1.0,high,2,0.5982204675674438,False,0.0,55,0.7399406433105469,maximum,0.19136780500411987
4.984537124633789,1.0599294900894165,0.16978932917118073,13.316246032714844,True,family-00330-maximum,family-00330,True,0.9313084483146667,1.0,high,3,1.0415644645690918,False,0.0,55,0.37089046835899353,maximum,0.5604180097579956
5.905630111694336,1.4531861543655396,-0.5182243585586548,5.369149208068848,False,family-00330-minimum,family-00330,False,0.042342495173215866,0.5,medium,0,0.5753496289253235,False,0.0,55,0.059654563665390015,minimum,-0.01731206849217415
7.078939437866211,1.7570104598999023,-0.30620554089546204,5.0898027420043945,False,family-00330-minimum,family-00330,False,0.042342495173215866,0.5,medium,1,0.6363121867179871,False,0.0,55,0.05955244600772858,minimum,-0.01720995083451271
5.634657859802246,1.4836885929107666,0.08281511813402176,5.890839099884033,False,family-00330-minimum,family-00330,False,0.042342495173215866,0.5,medium,2,0.730918288230896,False,0.0,55,0.08362988382577896,minimum,-0.041287388652563095
3.9340147972106934,1.2626045942306519,-0.16979220509529114,8.655729293823242,False,family-00330-minimum,family-00330,False,0.042342495173215866,0.5,medium,3,0.8347500562667847,False,0.0,55,0.23804788291454315,minimum,-0.195705384016037
6.84984016418457,1.6866888999938965,-0.25244399905204773,5.929683208465576,False,family-00330-sum_mod_10,family-00330,False,0.14336395263671875,0.0,low,0,0.5566971898078918,False,0.023175523967895968,55,0.08920317888259888,sum_mod_10,0.05416077375411987
14.86307144165039,2.600149631500244,0.1030176430940628,3.9581139087677,False,family-00330-sum_mod_10,family-00330,False,0.14336395263671875,0.0,low,1,0.36635443568229675,False,0.0,55,0.2072547972202301,sum_mod_10,-0.06389084458351135
8.735260963439941,2.08406925201416,0.2549123764038086,4.339349746704102,False,family-00330-sum_mod_10,family-00330,False,0.14336395263671875,0.0,low,2,0.3651736378669739,False,0.02700357956215609,55,0.12428606301546097,sum_mod_10,0.019077889621257782
2.011500120162964,0.6455954313278198,0.365752637386322,6.958186626434326,False,family-00330-sum_mod_10,family-00330,False,0.14336395263671875,0.0,low,3,0.5097553730010986,False,0.0,55,0.09826233237981796,sum_mod_10,0.04510162025690079
9.400728225708008,1.8428051471710205,-0.5305735468864441,5.242192268371582,False,family-00331-maximum,family-00331,True,0.8909711837768555,0.5,medium,0,0.48952582478523254,False,0.0,55,0.7731020450592041,maximum,0.11786913871765137
7.857738018035889,1.8899221420288086,-0.23510807752609253,5.567288398742676,False,family-00331-maximum,family-00331,True,0.8909711837768555,0.5,medium,1,0.6126139760017395,False,0.0,55,0.8443360924720764,maximum,0.04663509130477905
5.926266670227051,1.2451763153076172,0.25230324268341064,9.12379264831543,False,family-00331-maximum,family-00331,True,0.8909711837768555,0.5,medium,2,0.9628462195396423,False,0.0,55,0.5167073607444763,maximum,0.37426382303237915
8.211593627929688,1.8369390964508057,0.48664167523384094,7.585206031799316,False,family-00331-maximum,family-00331,True,0.8909711837768555,0.5,medium,3,0.515319287776947,False,0.0,55,0.7942696809768677,maximum,0.09670150279998779
17.053085327148438,2.757845401763916,-0.37108784914016724,5.279753684997559,True,family-00331-minimum,family-00331,True,0.5472675561904907,0.0,low,0,0.5605394840240479,False,0.0,55,0.49550125002861023,minimum,0.05176630616188049
9.104392051696777,2.0932092666625977,0.16218368709087372,4.784298419952393,True,family-00331-minimum,family-00331,True,0.5472675561904907,0.0,low,1,0.5359542965888977,False,0.0,55,0.35664018988609314,minimum,0.19062736630439758
3.8576877117156982,0.8608317971229553,0.3089796304702759,9.926044464111328,True,family-00331-minimum,family-00331,True,0.5472675561904907,0.0,low,2,0.9199129939079285,False,0.0,55,0.4081627428531647,minimum,0.13910481333732605
13.722097396850586,2.1736156940460205,0.07396447658538818,7.0123467445373535,True,family-00331-minimum,family-00331,True,0.5472675561904907,0.0,low,3,0.41821685433387756,False,0.0,55,0.34041133522987366,minimum,0.20685622096061707
10.618462562561035,2.2212929725646973,-0.2888238728046417,4.561097621917725,True,family-00331-sum_mod_10,family-00331,False,0.04408829286694527,1.0,high,0,0.467561811208725,False,0.0,55,0.051605019718408585,sum_mod_10,-0.007516726851463318
13.43769645690918,2.5711073875427246,-0.2207593023777008,3.303898811340332,True,family-00331-sum_mod_10,family-00331,False,0.04408829286694527,1.0,high,1,0.3477533757686615,False,0.0,55,0.04686473682522774,sum_mod_10,-0.0027764439582824707
2.349848985671997,0.8479787707328796,0.08818230032920837,8.767983436584473,True,family-00331-sum_mod_10,family-00331,False,0.04408829286694527,1.0,high,2,0.9383025169372559,False,0.0,55,0.04346492514014244,sum_mod_10,0.0006233677268028259
3.2144699096679688,1.063135027885437,0.530529797077179,10.740553855895996,True,family-00331-sum_mod_10,family-00331,False,0.04408829286694527,1.0,high,3,0.80357825756073,False,0.0,55,0.015150131657719612,sum_mod_10,0.028938161209225655
5.966933250427246,1.529870629310608,-0.6272875070571899,6.901374816894531,False,family-00332-maximum,family-00332,True,0.7997629642486572,0.0,low,0,0.563060462474823,False,0.0,55,0.6583040356636047,maximum,0.1414589285850525
6.644168376922607,1.8418296575546265,-0.37134701013565063,4.009077072143555,False,family-00332-maximum,family-00332,True,0.7997629642486572,0.0,low,1,0.41857457160949707,False,0.0,55,0.6931892037391663,maximum,0.10657376050949097
4.510956764221191,1.03656005859375,0.16302093863487244,12.014603614807129,False,family-00332-maximum,family-00332,True,0.7997629642486572,0.0,low,2,1.3492662906646729,False,0.0,55,0.7301473021507263,maximum,0.06961566209793091
3.886167287826538,1.1907753944396973,0.06162044778466225,7.614421844482422,False,family-00332-maximum,family-00332,True,0.7997629642486572,0.0,low,3,0.47357335686683655,False,0.0,55,0.4786246418952942,maximum,0.32113832235336304
9.713539123535156,2.2007932662963867,-0.484739750623703,6.190909385681152,True,family-00332-minimum,family-00332,True,0.6497765779495239,1.0,high,0,0.5302588939666748,False,0.0,55,0.2386636734008789,minimum,0.411112904548645
5.162385940551758,1.6047515869140625,-0.33962416648864746,4.595738410949707,True,family-00332-minimum,family-00332,True,0.6497765779495239,1.0,high,1,0.4494309723377228,False,0.0,55,0.7827697992324829,minimum,-0.13299322128295898
5.0364789962768555,1.1485345363616943,-0.11608046293258667,7.520912170410156,True,family-00332-minimum,family-00332,True,0.6497765779495239,1.0,high,2,0.7766968607902527,False,0.0,55,0.1767602562904358,minimum,0.47301632165908813
3.209367275238037,0.9907614588737488,0.2746959328651428,10.341530799865723,True,family-00332-minimum,family-00332,True,0.6497765779495239,1.0,high,3,0.8953083753585815,False,0.0,55,0.6586209535598755,minimum,-0.008844375610351562
7.560039520263672,1.820181131362915,-0.6173855066299438,6.483400821685791,True,family-00332-sum_mod_10,family-00332,False,0.12727110087871552,0.5,medium,0,0.5872083306312561,False,0.0,55,0.0750194638967514,sum_mod_10,0.05225163698196411
3.916675329208374,1.2670724391937256,-0.2658537030220032,5.299854755401611,True,family-00332-sum_mod_10,family-00332,False,0.12727110087871552,0.5,medium,1,0.6097425818443298,False,0.0,55,0.18800334632396698,sum_mod_10,-0.060732245445251465
6.592499256134033,1.3381329774856567,0.01622217707335949,6.599671363830566,True,family-00332-sum_mod_10,family-00332,False,0.12727110087871552,0.5,medium,2,0.7418412566184998,False,0.0,55,0.026413878425955772,sum_mod_10,0.1008572205901146
1.7494696378707886,0.48195281624794006,0.42056363821029663,13.496712684631348,True,family-00332-sum_mod_10,family-00332,False,0.12727110087871552,0.5,medium,3,1.2090924978256226,False,0.0,55,0.2599495053291321,sum_mod_10,-0.13267840445041656
9.996492385864258,1.9292612075805664,-0.3533834218978882,5.904265880584717,True,family-00333-maximum,family-00333,True,0.9112999439239502,1.0,high,0,0.5605717301368713,False,0.0,55,0.7222102284431458,maximum,0.18908971548080444
9.309042930603027,1.969078540802002,-0.2099410891532898,5.618467330932617,True,family-00333-maximum,family-00333,True,0.9112999439239502,1.0,high,1,0.5567377805709839,False,0.0,55,0.6310264468193054,maximum,0.2802734971046448
9.808722496032715,1.9184542894363403,0.11883633583784103,5.899210453033447,True,family-00333-maximum,family-00333,True,0.9112999439239502,1.0,high,2,0.5634841322898865,False,0.0,55,0.6595370769500732,maximum,0.25176286697387695
2.98299503326416,0.8115956783294678,0.282497763633728,10.925822257995605,True,family-00333-maximum,family-00333,True,0.9112999439239502,1.0,high,3,0.866248607635498,False,0.0,55,0.48715707659721375,maximum,0.42414286732673645
9.365118026733398,1.8732171058654785,-0.4518349766731262,6.775475025177002,True,family-00333-minimum,family-00333,True,0.8927139639854431,0.5,medium,0,0.5803276896476746,False,0.0,55,0.8115764260292053,minimum,0.08113753795623779
9.969181060791016,2.04606556892395,-0.26501989364624023,5.7122802734375,True,family-00333-minimum,family-00333,True,0.8927139639854431,0.5,medium,1,0.5428376793861389,False,0.0,55,0.5152873992919922,minimum,0.3774265646934509
4.979866981506348,1.1574642658233643,0.2111625224351883,7.838840484619141,True,family-00333-minimum,family-00333,True,0.8927139639854431,0.5,medium,2,0.7423503994941711,False,0.0,55,0.7812564969062805,minimum,0.1114574670791626
6.307570457458496,1.3297368288040161,0.4831967353820801,8.535761833190918,True,family-00333-minimum,family-00333,True,0.8927139639854431,0.5,medium,3,0.5919798016548157,False,0.0,55,0.6571996212005615,minimum,0.2355143427848816
3.4853014945983887,0.9721666574478149,-0.4447409510612488,6.079059600830078,False,family-00333-sum_mod_10,family-00333,False,0.09512940794229507,0.0,low,0,0.5952826142311096,False,0.0,55,0.06506495922803879,sum_mod_10,0.030064448714256287
17.195674896240234,2.790431499481201,-0.0577998124063015,4.562855243682861,False,family-00333-sum_mod_10,family-00333,False,0.09512940794229507,0.0,low,1,0.49196162819862366,False,0.09783181156861924,55,0.06802266091108322,sum_mod_10,0.027106747031211853
12.133110046386719,2.2889437675476074,0.11787799745798111,4.539987087249756,False,family-00333-sum_mod_10,family-00333,False,0.09512940794229507,0.0,low,2,0.44963642954826355,False,0.0,55,0.04817356541752815,sum_mod_10,0.04695584252476692
2.8386077880859375,0.6788425445556641,0.46911799907684326,7.6710052490234375,False,family-00333-sum_mod_10,family-00333,False,0.09512940794229507,0.0,low,3,0.6642412543296814,False,0.0,55,0.15881076455116272,sum_mod_10,-0.06368135660886765
13.920814514160156,2.5476975440979004,-0.2315276712179184,4.954677581787109,True,family-00334-maximum,family-00334,True,0.6226637959480286,0.5,medium,0,0.5079079866409302,False,0.0,55,0.6662466526031494,maximum,-0.04358285665512085
6.67534875869751,1.403658390045166,-0.12332327663898468,4.231760501861572,True,family-00334-maximum,family-00334,True,0.6226637959480286,0.5,medium,1,0.42894285917282104,False,0.0,55,0.4564231336116791,maximum,0.1662406623363495
6.914742946624756,1.4921443462371826,0.20666712522506714,9.825997352600098,True,family-00334-maximum,family-00334,True,0.6226637959480286,0.5,medium,2,0.9591938853263855,False,0.0,55,0.10079897195100784,maximum,0.5218648314476013
2.7450785636901855,0.8341681957244873,0.046203892678022385,6.784856796264648,True,family-00334-maximum,family-00334,True,0.6226637959480286,0.5,medium,3,0.43516337871551514,False,0.0,55,0.3212169110774994,maximum,0.3014468848705292
6.350351333618164,1.4941191673278809,-0.6362719535827637,5.584009170532227,True,family-00334-minimum,family-00334,True,0.6884395480155945,0.0,low,0,0.5585905909538269,False,0.0,55,0.6739275455474854,minimum,0.01451200246810913
10.849895477294922,1.9228850603103638,0.052465781569480896,6.2626729011535645,True,family-00334-minimum,family-00334,True,0.6884395480155945,0.0,low,1,0.8079798221588135,False,0.0,55,0.853192150592804,minimum,-0.16475260257720947
4.294668197631836,0.9350595474243164,-0.010263826698064804,6.124107837677002,True,family-00334-minimum,family-00334,True,0.6884395480155945,0.0,low,2,0.5993865132331848,False,0.0,55,0.4050121009349823,minimum,0.2834274470806122
6.115395545959473,0.8605275750160217,0.42216062545776367,7.805840969085693,True,family-00334-minimum,family-00334,True,0.6884395480155945,0.0,low,3,0.6582736372947693,False,0.0,55,0.3264094889163971,minimum,0.3620300590991974
7.697991371154785,1.5032497644424438,-0.4562825858592987,6.042689323425293,False,family-00334-sum_mod_10,family-00334,False,0.023233214393258095,1.0,high,0,0.5730966925621033,False,0.042123307290988524,55,0.02792520821094513,sum_mod_10,-0.004691993817687035
6.0619001388549805,1.5764493942260742,-0.3472609221935272,5.9490251541137695,False,family-00334-sum_mod_10,family-00334,False,0.023233214393258095,1.0,high,1,0.6286714673042297,False,0.0,55,0.04076332598924637,sum_mod_10,-0.017530111595988274
9.810962677001953,1.8232614994049072,0.2440088838338852,5.732299327850342,False,family-00334-sum_mod_10,family-00334,False,0.023233214393258095,1.0,high,2,0.6187107563018799,False,0.0,55,0.04640744626522064,sum_mod_10,-0.023174231871962547
1.304607629776001,0.24942955374717712,0.476438969373703,10.25037670135498,False,family-00334-sum_mod_10,family-00334,False,0.023233214393258095,1.0,high,3,0.8523766994476318,False,0.0,55,0.03738927096128464,sum_mod_10,-0.014156056568026543
9.83663558959961,1.8268518447875977,-0.37624460458755493,6.651981830596924,True,family-00335-maximum,family-00335,True,0.7280282378196716,0.0,low,0,0.5677834749221802,False,0.0,55,0.19373156130313873,maximum,0.5342966914176941
9.403831481933594,1.9628143310546875,-0.24017302691936493,5.365021228790283,True,family-00335-maximum,family-00335,True,0.7280282378196716,0.0,low,1,0.48401719331741333,False,0.0,55,0.753455400466919,maximum,-0.025427162647247314
13.27025032043457,1.9233354330062866,0.21687227487564087,8.36117935180664,True,family-00335-maximum,family-00335,True,0.7280282378196716,0.0,low,2,0.7536528706550598,False,0.0,55,0.3079114258289337,maximum,0.4201168119907379
3.774986982345581,1.0115036964416504,0.39469876885414124,7.355692386627197,True,family-00335-maximum,family-00335,True,0.7280282378196716,0.0,low,3,0.4816548228263855,False,0.0,55,0.455681711435318,maximum,0.27234652638435364
5.736667633056641,1.3490984439849854,-0.4913688600063324,6.774387359619141,True,family-00335-minimum,family-00335,True,0.9111072421073914,1.0,high,0,0.6329907178878784,False,0.0,55,0.7880052924156189,minimum,0.12310194969177246
4.768163681030273,1.284710168838501,0.09327109158039093,7.204892635345459,True,family-00335-minimum,family-00335,True,0.9111072421073914,1.0,high,1,0.7629462480545044,False,0.0,55,0.6928126215934753,minimum,0.21829462051391602
11.193170547485352,1.937026858329773,-0.025665119290351868,9.053812980651855,True,family-00335-minimum,family-00335,True,0.9111072421073914,1.0,high,2,0.730092465877533,False,0.0,55,0.5351466536521912,minimum,0.3759605884552002
13.912395477294922,2.514246940612793,0.30946648120880127,6.927945613861084,True,family-00335-minimum,family-00335,True,0.9111072421073914,1.0,high,3,0.45682409405708313,False,0.0,55,0.6837528944015503,minimum,0.22735434770584106
5.964242458343506,1.2210321426391602,-0.5892378091812134,7.698575496673584,True,family-00335-sum_mod_10,family-00335,False,0.006426472216844559,0.5,medium,0,0.7701190710067749,False,0.0,55,0.026035722345113754,sum_mod_10,-0.019609250128269196
7.483796119689941,1.680604338645935,-0.15844762325286865,6.835742950439453,True,family-00335-sum_mod_10,family-00335,False,0.006426472216844559,0.5,medium,1,0.8258938193321228,False,0.0,55,0.011224990710616112,sum_mod_10,-0.004798518493771553
9.737799644470215,1.9045085906982422,0.16227954626083374,6.3081746101379395,True,family-00335-sum_mod_10,family-00335,False,0.006426472216844559,0.5,medium,2,0.639499306678772,False,0.0,55,0.01212148368358612,sum_mod_10,-0.005695011466741562
6.684056758880615,1.4668551683425903,0.3441799283027649,12.767894744873047,True,family-00335-sum_mod_10,family-00335,False,0.006426472216844559,0.5,medium,3,1.0180423259735107,False,0.0,55,0.0026167628820985556,sum_mod_10,0.003809709334746003
6.12437629699707,1.6299195289611816,-0.44784489274024963,5.608255863189697,False,family-00336-maximum,family-00336,True,0.6830039024353027,1.0,high,0,0.6009718775749207,False,0.0,55,0.5850473046302795,maximum,0.0979565978050232
4.204530715942383,1.030483603477478,0.06665819138288498,7.0982232093811035,False,family-00336-maximum,family-00336,True,0.6830039024353027,1.0,high,1,0.8385075330734253,False,0.0,55,0.7948054671287537,maximum,-0.11180156469345093
5.205333709716797,1.4044791460037231,0.09842553734779358,7.818175792694092,False,family-00336-maximum,family-00336,True,0.6830039024353027,1.0,high,2,0.6855491399765015,False,0.0,55,0.19940181076526642,maximum,0.4836021065711975
8.497447967529297,1.775745153427124,0.22207456827163696,6.782502174377441,False,family-00336-maximum,family-00336,True,0.6830039024353027,1.0,high,3,0.46945637464523315,False,0.0,55,0.42386046051979065,maximum,0.2591434419155121
14.114283561706543,2.5747644901275635,-0.44380801916122437,5.5150909423828125,True,family-00336-minimum,family-00336,True,0.7373610138893127,0.5,medium,0,0.47237423062324524,False,0.0,55,0.30339378118515015,minimum,0.4339672327041626
2.5991201400756836,0.662756085395813,-0.33638980984687805,8.086380958557129,True,family-00336-minimum,family-00336,True,0.7373610138893127,0.5,medium,1,0.7725028395652771,False,0.0,55,0.03756648674607277,minimum,0.6997945308685303
3.5444207191467285,1.0530755519866943,0.14861172437667847,6.396640300750732,True,family-00336-minimum,family-00336,True,0.7373610138893127,0.5,medium,2,0.5888200402259827,False,0.0,55,0.5289677381515503,minimum,0.20839327573776245
4.396920204162598,1.2369935512542725,0.2194625437259674,8.052988052368164,True,family-00336-minimum,family-00336,True,0.7373610138893127,0.5,medium,3,0.6009250283241272,False,0.0,55,0.8049899339675903,minimum,-0.06762892007827759
13.066633224487305,2.315769672393799,-0.31005996465682983,4.240793704986572,True,family-00336-sum_mod_10,family-00336,False,0.22409231960773468,0.0,low,0,0.3792937695980072,False,0.0,55,0.3321340084075928,sum_mod_10,-0.1080416887998581
12.337985038757324,2.0854570865631104,-0.0929214209318161,5.379937171936035,True,family-00336-sum_mod_10,family-00336,False,0.22409231960773468,0.0,low,1,0.5047844648361206,False,0.0,55,0.09170401841402054,sum_mod_10,0.13238829374313354
3.9353420734405518,1.3388041257858276,0.06862388551235199,5.112259864807129,True,family-00336-sum_mod_10,family-00336,False,0.22409231960773468,0.0,low,2,0.4451703429222107,False,0.0,55,0.2189975082874298,sum_mod_10,0.005094811320304871
2.306772232055664,0.6730601191520691,0.3582742214202881,9.935741424560547,True,family-00336-sum_mod_10,family-00336,False,0.22409231960773468,0.0,low,3,0.7709980010986328,False,0.0,55,0.3974739909172058,sum_mod_10,-0.17338167130947113
10.386489868164062,2.100813388824463,-0.4554672837257385,7.0387492179870605,True,family-00337-maximum,family-00337,True,0.7631401419639587,0.5,medium,0,0.6028774380683899,False,0.0,55,0.30500850081443787,maximum,0.4581316411495209
6.889442443847656,1.7627651691436768,-0.19971898198127747,3.8193461894989014,True,family-00337-maximum,family-00337,True,0.7631401419639587,0.5,medium,1,0.36252325773239136,False,0.0,55,0.6377166509628296,maximum,0.12542349100112915
2.4322967529296875,0.6537235975265503,0.3823080062866211,9.851784706115723,True,family-00337-maximum,family-00337,True,0.7631401419639587,0.5,medium,2,0.9414284229278564,False,0.0,55,0.08639132231473923,maximum,0.6767488121986389
8.669047355651855,1.2785797119140625,0.17277412116527557,11.268869400024414,True,family-00337-maximum,family-00337,True,0.7631401419639587,0.5,medium,3,0.6670457720756531,False,0.0,55,0.5877104997634888,maximum,0.17542964220046997
11.745832443237305,2.1539459228515625,-0.4326976239681244,5.852168560028076,True,family-00337-minimum,family-00337,False,0.01739194616675377,0.0,low,0,0.49951499700546265,False,0.0,55,0.03369816392660141,minimum,-0.01630621775984764
16.572982788085938,2.7320303916931152,-0.3583967387676239,3.847318410873413,True,family-00337-minimum,family-00337,False,0.01739194616675377,0.0,low,1,0.3632584512233734,False,0.0,55,0.017916196957230568,minimum,-0.000524250790476799
4.57052755355835,1.0759809017181396,-0.061141934245824814,6.220817565917969,True,family-00337-minimum,family-00337,False,0.01739194616675377,0.0,low,2,0.6291477084159851,False,0.0,55,0.03981544077396393,minimum,-0.02242349460721016
9.235613822937012,1.4381064176559448,0.16240055859088898,9.513633728027344,True,family-00337-minimum,family-00337,False,0.01739194616675377,0.0,low,3,0.8378126621246338,False,0.0,55,0.0057370709255337715,minimum,0.011654875241219997
6.241632461547852,1.713861346244812,-0.5713995695114136,6.305114269256592,False,family-00337-sum_mod_10,family-00337,False,0.08492536097764969,1.0,high,0,0.49778059124946594,False,0.0,55,0.15022794902324677,sum_mod_10,-0.06530258804559708
5.476101875305176,1.6992403268814087,-0.26004087924957275,4.7393622398376465,False,family-00337-sum_mod_10,family-00337,False,0.08492536097764969,1.0,high,1,0.45410358905792236,False,0.0,55,0.07672461867332458,sum_mod_10,0.008200742304325104
5.100721836090088,1.1546869277954102,0.14409571886062622,6.849476337432861,False,family-00337-sum_mod_10,family-00337,False,0.08492536097764969,1.0,high,2,0.6663429141044617,False,0.0,55,0.14149078726768494,sum_mod_10,-0.05656542629003525
1.4906654357910156,0.3574294149875641,0.5049481987953186,12.845358848571777,False,family-00337-sum_mod_10,family-00337,False,0.08492536097764969,1.0,high,3,0.9769868850708008,False,0.0,55,0.049490395933389664,sum_mod_10,0.035434965044260025
6.844916343688965,1.591866374015808,-0.4131632447242737,6.654508113861084,False,family-00338-maximum,family-00338,True,0.8989298343658447,0.0,low,0,0.6311224102973938,False,0.0,55,0.9091364145278931,maximum,-0.01020658016204834
9.384023666381836,2.1632275581359863,-0.3983696401119232,4.841674327850342,False,family-00338-maximum,family-00338,True,0.8989298343658447,0.0,low,1,0.4903908669948578,False,0.0,55,0.8820153474807739,maximum,0.0169144868850708
4.607612609863281,1.0989162921905518,0.1782556027173996,9.181352615356445,False,family-00338-maximum,family-00338,True,0.8989298343658447,0.0,low,2,1.0087950229644775,False,0.0,55,0.8893035054206848,maximum,0.009626328945159912
2.108858346939087,0.6291159391403198,0.2200467884540558,12.467339515686035,False,family-00338-maximum,family-00338,True,0.8989298343658447,0.0,low,3,0.8884372115135193,False,0.0,55,0.3783014714717865,maximum,0.5206283330917358
6.348895072937012,1.765665054321289,-0.6151208877563477,5.3887810707092285,False,family-00338-minimum,family-00338,True,0.8939288854598999,1.0,high,0,0.5087364912033081,False,0.0,55,0.6616203188896179,minimum,0.23230856657028198
5.3183274269104,1.5818787813186646,-0.20230042934417725,5.081874370574951,False,family-00338-minimum,family-00338,True,0.8939288854598999,1.0,high,1,0.6030365824699402,False,0.0,55,0.7003055810928345,minimum,0.19362330436706543
4.832136154174805,1.10132896900177,0.0875261202454567,9.315925598144531,False,family-00338-minimum,family-00338,True,0.8939288854598999,1.0,high,2,1.0447248220443726,False,0.0,55,0.7432213425636292,minimum,0.15070754289627075
7.926914215087891,1.5333764553070068,0.11820237338542938,8.284087181091309,False,family-00338-minimum,family-00338,True,0.8939288854598999,1.0,high,3,0.6160184144973755,False,0.0,55,0.4702165126800537,minimum,0.4237123727798462
8.85272216796875,2.0282554626464844,-0.5188059210777283,5.173031330108643,False,family-00338-sum_mod_10,family-00338,False,0.177793949842453,0.5,medium,0,0.48306745290756226,False,0.0,55,0.280323326587677,sum_mod_10,-0.102529376745224
10.752742767333984,2.254220962524414,-0.13396114110946655,4.910890102386475,False,family-00338-sum_mod_10,family-00338,False,0.177793949842453,0.5,medium,1,0.5359601378440857,False,0.0,55,0.15045194327831268,sum_mod_10,0.02734200656414032
7.4481730461120605,1.7598187923431396,0.19053290784358978,4.563206195831299,False,family-00338-sum_mod_10,family-00338,False,0.177793949842453,0.5,medium,2,0.46568724513053894,False,0.0,55,0.17945998907089233,sum_mod_10,-0.001666039228439331
1.6073195934295654,0.4100469946861267,0.6117153167724609,12.999781608581543,False,family-00338-sum_mod_10,family-00338,False,0.177793949842453,0.5,medium,3,1.1235146522521973,False,0.0,55,0.3969046473503113,sum_mod_10,-0.21911069750785828
11.567358016967773,2.425288200378418,-0.39642202854156494,6.309875011444092,True,family-00339-maximum,family-00339,False,0.22501276433467865,1.0,high,0,0.5404484868049622,False,0.0,55,0.11359948664903641,maximum,0.11141327768564224
3.4753451347351074,1.2213046550750732,-0.0951928198337555,5.105175495147705,True,family-00339-maximum,family-00339,False,0.22501276433467865,1.0,high,1,0.47053250670433044,False,0.0,55,0.27345332503318787,maximum,-0.048440560698509216
4.193253517150879,1.1332120895385742,0.4330706000328064,7.987259864807129,True,family-00339-maximum,family-00339,False,0.22501276433467865,1.0,high,2,0.6919718980789185,False,0.0,55,0.103616863489151,maximum,0.12139590084552765
3.006767511367798,0.917209804058075,0.2983494699001312,7.004201889038086,True,family-00339-maximum,family-00339,False,0.22501276433467865,1.0,high,3,0.42092883586883545,False,0.0,55,0.26795727014541626,maximum,-0.04294450581073761
15.463800430297852,2.69447660446167,-0.25040048360824585,4.9937591552734375,True,family-00339-minimum,family-00339,True,0.6346631646156311,0.5,medium,0,0.5119143128395081,False,0.0,55,0.36725544929504395,minimum,0.26740771532058716
6.298478126525879,1.2831931114196777,-0.3345295488834381,6.133965492248535,True,family-00339-minimum,family-00339,True,0.6346631646156311,0.5,medium,1,0.6270167231559753,False,0.0,55,0.28211790323257446,minimum,0.35254526138305664
4.786377429962158,1.2683347463607788,0.2090960144996643,6.667262554168701,True,family-00339-minimum,family-00339,True,0.6346631646156311,0.5,medium,2,0.6906952261924744,False,0.0,55,0.6722964644432068,minimum,-0.037633299827575684
2.8041601181030273,0.8546386957168579,0.36905479431152344,8.45992660522461,True,family-00339-minimum,family-00339,True,0.6346631646156311,0.5,medium,3,0.6595109701156616,False,0.0,55,0.5879716277122498,minimum,0.04669153690338135
14.049985885620117,2.4559993743896484,-0.2856188416481018,4.370278358459473,True,family-00339-sum_mod_10,family-00339,False,0.00849921815097332,0.0,low,0,0.3908747732639313,False,0.0,55,0.024249477311968803,sum_mod_10,-0.015750259160995483
13.450864791870117,2.3943827152252197,-0.1000312864780426,4.305390357971191,True,family-00339-sum_mod_10,family-00339,False,0.00849921815097332,0.0,low,1,0.3994075059890747,False,0.0,55,0.01150720939040184,sum_mod_10,-0.00300799123942852
3.0132150650024414,0.837749719619751,0.15032140910625458,8.164371490478516,True,family-00339-sum_mod_10,family-00339,False,0.00849921815097332,0.0,low,2,0.7289386987686157,False,0.0,55,0.028845742344856262,sum_mod_10,-0.020346524193882942
1.7122368812561035,0.39661577343940735,0.4188946485519409,8.768440246582031,True,family-00339-sum_mod_10,family-00339,False,0.00849921815097332,0.0,low,3,0.5917105674743652,False,0.0,55,0.00827816128730774,sum_mod_10,0.00022105686366558075
11.105072021484375,2.2262375354766846,-0.3363572657108307,5.730207443237305,False,family-00340-maximum,family-00340,True,0.46370914578437805,0.5,medium,0,0.6003144383430481,False,0.0,55,0.3546298146247864,maximum,0.10907933115959167
2.4467411041259766,0.6825662851333618,-0.2718651294708252,6.623863697052002,False,family-00340-maximum,family-00340,True,0.46370914578437805,0.5,medium,1,0.7095269560813904,False,0.0,55,0.26092368364334106,maximum,0.202785462141037
3.080477714538574,0.7272329330444336,0.058994024991989136,9.330185890197754,False,family-00340-maximum,family-00340,True,0.46370914578437805,0.5,medium,2,0.9453603029251099,False,0.0,55,0.09202708303928375,maximum,0.3716820478439331
6.817612648010254,1.3127143383026123,0.1820315420627594,7.85343074798584,False,family-00340-maximum,family-00340,True,0.46370914578437805,0.5,medium,3,0.5619303584098816,False,0.0,55,0.20356880128383636,maximum,0.2601403594017029
5.904661178588867,1.4548285007476807,-0.4572190046310425,6.704294204711914,False,family-00340-minimum,family-00340,True,0.896057665348053,0.0,low,0,0.5292953252792358,False,0.0,55,0.6879271864891052,minimum,0.20813047885894775
4.484622478485107,0.9279022812843323,-0.09806718677282333,8.141884803771973,False,family-00340-minimum,family-00340,True,0.896057665348053,0.0,low,1,0.7203999757766724,False,0.0,55,0.13246774673461914,minimum,0.7635899186134338
7.8770551681518555,1.3272161483764648,0.3010571002960205,6.424682140350342,False,family-00340-minimum,family-00340,True,0.896057665348053,0.0,low,2,0.48431292176246643,False,0.0,55,0.7816820740699768,minimum,0.11437559127807617
5.127814292907715,1.4277812242507935,0.4349665343761444,7.323132038116455,False,family-00340-minimum,family-00340,True,0.896057665348053,0.0,low,3,0.4468581974506378,False,0.0,55,0.8525450825691223,minimum,0.043512582778930664
8.968430519104004,1.6386775970458984,-0.49242520332336426,6.673304557800293,True,family-00340-sum_mod_10,family-00340,False,0.05320696160197258,1.0,high,0,0.6675571799278259,False,0.0,55,0.05850328132510185,sum_mod_10,-0.0052963197231292725
9.017427444458008,1.6738336086273193,-0.28021398186683655,6.488056182861328,True,family-00340-sum_mod_10,family-00340,False,0.05320696160197258,1.0,high,1,0.7310500144958496,False,0.0,55,0.09814953804016113,sum_mod_10,-0.04494257643818855
4.529869556427002,0.847464919090271,0.10042175650596619,7.356324195861816,True,family-00340-sum_mod_10,family-00340,False,0.05320696160197258,1.0,high,2,0.7815712690353394,False,0.0,55,0.05649413540959358,sum_mod_10,-0.003287173807621002
1.278321623802185,0.21830710768699646,0.4904734492301941,11.337821006774902,True,family-00340-sum_mod_10,family-00340,False,0.05320696160197258,1.0,high,3,0.9059774875640869,False,0.0,55,0.05084959417581558,sum_mod_10,0.0023573674261569977
4.183002471923828,1.0279942750930786,-0.44199565052986145,8.074440956115723,False,family-00341-maximum,family-00341,True,0.8791564106941223,0.0,low,0,0.7657907009124756,False,0.0,55,0.7243160009384155,maximum,0.1548404097557068
9.110017776489258,2.0867466926574707,-0.31615158915519714,4.321308612823486,False,family-00341-maximum,family-00341,True,0.8791564106941223,0.0,low,1,0.4297497570514679,False,0.0,55,0.8996337652206421,maximum,-0.020477354526519775
10.540992736816406,1.7483134269714355,0.3560008108615875,8.93525505065918,False,family-00341-maximum,family-00341,True,0.8791564106941223,0.0,low,2,0.9300004243850708,False,0.0,55,0.7202260494232178,maximum,0.15893036127090454
10.091116905212402,1.599696159362793,0.37321698665618896,9.31236457824707,False,family-00341-maximum,family-00341,True,0.8791564106941223,0.0,low,3,0.6097168326377869,False,0.0,55,0.7159411311149597,maximum,0.1632152795791626
5.135812759399414,1.5759165287017822,-0.518273651599884,6.668891429901123,False,family-00341-minimum,family-00341,True,0.8382835388183594,1.0,high,0,0.6295873522758484,False,0.0,55,0.710909366607666,minimum,0.12737417221069336
5.958466529846191,1.7641304731369019,-0.2094649076461792,4.037623882293701,False,family-00341-minimum,family-00341,True,0.8382835388183594,1.0,high,1,0.4419824779033661,False,0.0,55,0.7318523526191711,minimum,0.10643118619918823
5.014379501342773,1.1034314632415771,-0.21385368704795837,9.57599925994873,False,family-00341-minimum,family-00341,True,0.8382835388183594,1.0,high,2,1.042946457862854,False,0.0,55,0.2895190119743347,minimum,0.5487645268440247
10.024852752685547,1.7921843528747559,-0.12879380583763123,8.745633125305176,False,family-00341-minimum,family-00341,True,0.8382835388183594,1.0,high,3,0.743408203125,False,0.0,55,0.18087436258792877,minimum,0.6574091911315918
12.171165466308594,2.051642417907715,-0.2506946921348572,5.353033542633057,True,family-00341-sum_mod_10,family-00341,False,0.04772678017616272,0.5,medium,0,0.47877174615859985,False,0.0,55,0.03554050251841545,sum_mod_10,0.012186277657747269
18.061168670654297,2.8217272758483887,-0.1490846872329712,3.9481921195983887,True,family-00341-sum_mod_10,family-00341,False,0.04772678017616272,0.5,medium,1,0.35505127906799316,False,0.0,55,0.029431406408548355,sum_mod_10,0.018295373767614365
7.033195972442627,1.7938131093978882,0.16410087049007416,4.94331693649292,True,family-00341-sum_mod_10,family-00341,False,0.04772678017616272,0.5,medium,2,0.44011837244033813,False,0.0,55,0.07393778860569,sum_mod_10,-0.026211008429527283
2.618201971054077,0.7925778031349182,0.4651508033275604,14.339032173156738,True,family-00341-sum_mod_10,family-00341,False,0.04772678017616272,0.5,medium,3,1.10361647605896,False,0.0,55,0.010063140653073788,sum_mod_10,0.03766363859176636
9.76045036315918,2.2671985626220703,-0.5909614562988281,5.493752956390381,True,family-00342-maximum,family-00342,True,0.7810734510421753,1.0,high,0,0.49757489562034607,False,0.0,55,0.7124099135398865,maximum,0.06866353750228882
5.492471218109131,1.5394866466522217,-0.23193904757499695,5.436831951141357,True,family-00342-maximum,family-00342,True,0.7810734510421753,1.0,high,1,0.6063628792762756,False,0.0,55,0.8821954131126404,maximum,-0.10112196207046509
7.629232406616211,1.4848942756652832,0.3452405631542206,6.576251029968262,True,family-00342-maximum,family-00342,True,0.7810734510421753,1.0,high,2,0.7036727070808411,False,0.0,55,0.8771105408668518,maximum,-0.09603708982467651
2.560701847076416,0.8192828893661499,0.03590071573853493,12.20296573638916,True,family-00342-maximum,family-00342,True,0.7810734510421753,1.0,high,3,0.9277103543281555,False,0.0,55,0.09676285088062286,maximum,0.6843106150627136
10.11508560180664,2.131692409515381,-0.5930283069610596,4.734475612640381,False,family-00342-minimum,family-00342,False,0.43490856885910034,0.5,medium,0,0.44211429357528687,False,0.0,55,0.7528077363967896,minimum,-0.3178991675376892
2.7986111640930176,0.8821231126785278,-0.40211978554725647,7.595749855041504,False,family-00342-minimum,family-00342,False,0.43490856885910034,0.5,medium,1,0.8658490180969238,False,0.0,55,0.4124144911766052,minimum,0.022494077682495117
6.676433563232422,1.4107530117034912,0.39953166246414185,7.688036918640137,False,family-00342-minimum,family-00342,False,0.43490856885910034,0.5,medium,2,0.8538897037506104,False,0.0,55,0.190343976020813,minimum,0.24456459283828735
7.940212249755859,1.5521628856658936,0.21534758806228638,10.092613220214844,False,family-00342-minimum,family-00342,False,0.43490856885910034,0.5,medium,3,0.7218579649925232,False,0.0,55,0.3543810546398163,minimum,0.08052751421928406
13.563301086425781,2.304889678955078,-0.2775460481643677,5.666342258453369,True,family-00342-sum_mod_10,family-00342,False,0.016232730820775032,0.0,low,0,0.5095732808113098,False,0.0,55,0.02142796851694584,sum_mod_10,-0.005195237696170807
13.812638282775879,2.4710726737976074,0.15441396832466125,4.542144775390625,True,family-00342-sum_mod_10,family-00342,False,0.016232730820775032,0.0,low,1,0.4132956862449646,False,0.0,55,0.023041337728500366,sum_mod_10,-0.006808606907725334
8.66915225982666,2.0167927742004395,0.32537391781806946,5.602806568145752,True,family-00342-sum_mod_10,family-00342,False,0.016232730820775032,0.0,low,2,0.44739675521850586,False,0.0,55,0.021005665883421898,sum_mod_10,-0.004772935062646866
3.34907603263855,0.9498767852783203,0.5197604298591614,8.938008308410645,True,family-00342-sum_mod_10,family-00342,False,0.016232730820775032,0.0,low,3,0.5844461917877197,False,0.0,55,0.02052800916135311,sum_mod_10,-0.004295278340578079
7.581498146057129,1.6505463123321533,-0.270794540643692,4.766912460327148,True,family-00343-maximum,family-00343,True,0.9189344644546509,0.5,medium,0,0.48866006731987,False,0.0,55,0.8292276859283447,maximum,0.08970677852630615
10.781585693359375,2.238518238067627,-0.257425993680954,4.1896138191223145,True,family-00343-maximum,family-00343,True,0.9189344644546509,0.5,medium,1,0.43514493107795715,False,0.0,55,0.9118024706840515,maximum,0.007131993770599365
8.594171524047852,1.857744812965393,0.29724135994911194,6.663620948791504,True,family-00343-maximum,family-00343,True,0.9189344644546509,0.5,medium,2,0.7044262290000916,False,0.0,55,0.8997220396995544,maximum,0.019212424755096436
1.492823839187622,0.2733205258846283,0.14051765203475952,12.91521167755127,True,family-00343-maximum,family-00343,True,0.9189344644546509,0.5,medium,3,0.9866065382957458,False,0.0,55,0.4008204936981201,maximum,0.5181139707565308
12.820554733276367,1.8556585311889648,-0.5074061751365662,5.855845928192139,True,family-00343-minimum,family-00343,True,0.8614023327827454,0.0,low,0,0.5083479881286621,False,0.0,55,0.748884916305542,minimum,0.11251741647720337
13.678525924682617,2.387220621109009,-0.2152794897556305,3.533325433731079,True,family-00343-minimum,family-00343,True,0.8614023327827454,0.0,low,1,0.3559550940990448,False,0.0,55,0.8545768857002258,minimum,0.006825447082519531
4.799124717712402,1.3008649349212646,0.12582135200500488,7.995927333831787,True,family-00343-minimum,family-00343,True,0.8614023327827454,0.0,low,2,0.8164410591125488,False,0.0,55,0.841980516910553,minimum,0.019421815872192383
4.870438575744629,0.9028972387313843,0.310995876789093,9.026752471923828,True,family-00343-minimum,family-00343,True,0.8614023327827454,0.0,low,3,0.6736454963684082,False,0.0,55,0.40047287940979004,minimum,0.4609294533729553
6.314478874206543,1.0819302797317505,-0.48036131262779236,7.236876964569092,False,family-00343-sum_mod_10,family-00343,False,0.09666380286216736,1.0,high,0,0.6863550543785095,False,0.0,55,0.10620545595884323,sum_mod_10,-0.009541653096675873
9.688237190246582,2.2115232944488525,-0.1253906488418579,4.177975177764893,False,family-00343-sum_mod_10,family-00343,False,0.09666380286216736,1.0,high,1,0.43981432914733887,False,0.0,55,0.10316949337720871,sum_mod_10,-0.006505690515041351
12.631800651550293,2.1823415756225586,0.26782357692718506,5.068763732910156,False,family-00343-sum_mod_10,family-00343,False,0.09666380286216736,1.0,high,2,0.5127000212669373,False,0.0,55,0.05058092623949051,sum_mod_10,0.04608287662267685
1.2526706457138062,0.2184133231639862,0.3977206349372864,11.154406547546387,False,family-00343-sum_mod_10,family-00343,False,0.09666380286216736,1.0,high,3,0.909917414188385,False,0.0,55,0.07895614206790924,sum_mod_10,0.017707660794258118
12.976296424865723,2.129810333251953,-0.3666907846927643,6.2125935554504395,True,family-00344-maximum,family-00344,True,0.8065050840377808,0.0,low,0,0.659576952457428,False,0.0,55,0.770072340965271,maximum,0.036432743072509766
15.861144065856934,2.4464359283447266,-0.0035841800272464752,4.367353916168213,True,family-00344-maximum,family-00344,True,0.8065050840377808,0.0,low,1,0.475387305021286,False,0.0,55,0.8873568773269653,maximum,-0.08085179328918457
3.792076349258423,1.2194148302078247,0.045752640813589096,8.79529857635498,True,family-00344-maximum,family-00344,True,0.8065050840377808,0.0,low,2,0.8658450245857239,False,0.0,55,0.4299875497817993,maximum,0.37651753425598145
3.158672571182251,0.580680251121521,0.18754586577415466,12.453192710876465,True,family-00344-maximum,family-00344,True,0.8065050840377808,0.0,low,3,0.9065114855766296,False,0.0,55,0.23058642446994781,maximum,0.5759186744689941
4.817503929138184,1.255634069442749,-0.3245859742164612,6.062490463256836,False,family-00344-minimum,family-00344,True,0.930682897567749,1.0,high,0,0.5786296129226685,False,0.0,55,0.8669058084487915,minimum,0.06377708911895752
9.251638412475586,2.1320395469665527,-0.25179722905158997,4.926856994628906,False,family-00344-minimum,family-00344,True,0.930682897567749,1.0,high,1,0.48014122247695923,False,0.0,55,0.45789065957069397,minimum,0.47279223799705505
5.903250694274902,1.384218692779541,-0.24162238836288452,9.330860137939453,False,family-00344-minimum,family-00344,True,0.930682897567749,1.0,high,2,0.9144918322563171,False,0.0,55,0.24066001176834106,minimum,0.690022885799408
6.692451477050781,1.4593217372894287,0.517123818397522,9.557159423828125,False,family-00344-minimum,family-00344,True,0.930682897567749,1.0,high,3,0.7932273149490356,False,0.0,55,0.7106561064720154,minimum,0.22002679109573364
12.736682891845703,2.0444459915161133,-0.5896852016448975,5.1467485427856445,True,family-00344-sum_mod_10,family-00344,True,0.33465641736984253,0.5,medium,0,0.4815917909145355,False,0.0,55,0.38001278042793274,sum_mod_10,-0.04535636305809021
10.729389190673828,2.085132598876953,-0.21744626760482788,4.873287677764893,True,family-00344-sum_mod_10,family-00344,True,0.33465641736984253,0.5,medium,1,0.5596269965171814,False,0.0,55,0.1661013960838318,sum_mod_10,0.16855502128601074
5.984396934509277,1.3332029581069946,0.0370640866458416,7.231539249420166,True,family-00344-sum_mod_10,family-00344,True,0.33465641736984253,0.5,medium,2,0.8028883337974548,False,0.0,55,0.3417070209980011,sum_mod_10,-0.007050603628158569
2.488924503326416,0.6663898229598999,0.5499698519706726,11.796479225158691,True,family-00344-sum_mod_10,family-00344,True,0.33465641736984253,0.5,medium,3,1.0032827854156494,False,0.0,55,0.17969320714473724,sum_mod_10,0.15496321022510529
7.0192365646362305,1.8362632989883423,-0.29610490798950195,6.415844917297363,False,family-00345-maximum,family-00345,True,0.7477442622184753,1.0,high,0,0.6123552322387695,False,0.01322557136832233,55,0.618198037147522,maximum,0.12954622507095337
4.84219217300415,1.2378404140472412,-0.08450297266244888,5.617518901824951,False,family-00345-maximum,family-00345,True,0.7477442622184753,1.0,high,1,0.5328828692436218,False,0.0,55,0.47667551040649414,maximum,0.2710687518119812
3.4109129905700684,0.9505593180656433,0.2361411452293396,6.784521579742432,False,family-00345-maximum,family-00345,True,0.7477442622184753,1.0,high,2,0.5890087485313416,False,0.0,55,0.44565093517303467,maximum,0.3020933270454407
1.738806962966919,0.3620571792125702,0.17052075266838074,7.706456184387207,False,family-00345-maximum,family-00345,True,0.7477442622184753,1.0,high,3,0.5248266458511353,False,0.0,55,0.3734198212623596,maximum,0.3743244409561157
11.397777557373047,2.287198066711426,-0.41643238067626953,5.298404693603516,False,family-00345-minimum,family-00345,True,0.8397757411003113,0.5,medium,0,0.5550774335861206,False,0.0,55,0.32409605383872986,minimum,0.5156797170639038
3.0068745613098145,1.0319948196411133,-0.25628840923309326,5.857387065887451,False,family-00345-minimum,family-00345,True,0.8397757411003113,0.5,medium,1,0.6672319769859314,False,0.0,55,0.8011680841445923,minimum,0.038607656955718994
5.04048490524292,1.1193903684616089,0.16612493991851807,6.355345249176025,False,family-00345-minimum,family-00345,True,0.8397757411003113,0.5,medium,2,0.6892658472061157,False,0.0,55,0.7631203532218933,minimum,0.07665538787841797
3.7456350326538086,1.1635549068450928,0.4880112409591675,7.8631110191345215,False,family-00345-minimum,family-00345,True,0.8397757411003113,0.5,medium,3,0.6532734036445618,False,0.0,55,0.6794527173042297,minimum,0.16032302379608154
6.2227020263671875,1.6398696899414062,-0.46866416931152344,6.2554144859313965,False,family-00345-sum_mod_10,family-00345,False,0.07373329997062683,0.0,low,0,0.49385687708854675,False,0.0,55,0.09906268864870071,sum_mod_10,-0.025329388678073883
4.05384635925293,1.2381341457366943,0.04402726888656616,5.628117084503174,False,family-00345-sum_mod_10,family-00345,False,0.07373329997062683,0.0,low,1,0.5027890205383301,False,0.04494873560339563,55,0.06687425822019577,sum_mod_10,0.006859041750431061
5.1372575759887695,1.4720669984817505,0.29561012983322144,6.63324499130249,False,family-00345-sum_mod_10,family-00345,False,0.07373329997062683,0.0,low,2,0.5203158855438232,False,0.0,55,0.1285049319267273,sum_mod_10,-0.054771631956100464
1.2952549457550049,0.21127420663833618,0.43562424182891846,9.290909767150879,False,family-00345-sum_mod_10,family-00345,False,0.07373329997062683,0.0,low,3,0.5800930261611938,False,0.0,55,0.14093050360679626,sum_mod_10,-0.06719720363616943
11.039494514465332,2.2588887214660645,-0.409024715423584,4.809416770935059,False,family-00346-maximum,family-00346,True,0.7665305733680725,0.5,medium,0,0.5038495063781738,False,0.0,55,0.5939156413078308,maximum,0.1726149320602417
3.41597318649292,0.9460623264312744,-0.1606469452381134,5.594048976898193,False,family-00346-maximum,family-00346,True,0.7665305733680725,0.5,medium,1,0.6387905478477478,False,0.0,55,0.6757969856262207,maximum,0.0907335877418518
6.262052059173584,1.297684907913208,0.017820000648498535,6.161356449127197,False,family-00346-maximum,family-00346,True,0.7665305733680725,0.5,medium,2,0.6415187120437622,False,0.020577494479851525,55,0.5456050038337708,maximum,0.22092556953430176
7.305384635925293,1.653990626335144,0.15197457373142242,8.96060562133789,False,family-00346-maximum,family-00346,True,0.7665305733680725,0.5,medium,3,0.7789933085441589,False,0.0,55,0.307372510433197,maximum,0.4591580629348755
6.9576416015625,1.544767141342163,-0.6113172769546509,7.703271865844727,False,family-00346-minimum,family-00346,True,0.9350875020027161,0.0,low,0,0.6081633567810059,False,0.0,55,0.7092782258987427,minimum,0.2258092761039734
2.182889461517334,0.7103068828582764,-0.07725927233695984,7.1611647605896,False,family-00346-minimum,family-00346,True,0.9350875020027161,0.0,low,1,0.7143928408622742,False,0.0,55,0.7842150330543518,minimum,0.15087246894836426
8.96934700012207,1.6721904277801514,0.3630627691745758,7.725560665130615,False,family-00346-minimum,family-00346,True,0.9350875020027161,0.0,low,2,0.6513643860816956,False,0.0,55,0.8671517968177795,minimum,0.06793570518493652
8.163063049316406,1.8384642601013184,0.1969844549894333,7.624944686889648,False,family-00346-minimum,family-00346,True,0.9350875020027161,0.0,low,3,0.4667331576347351,False,0.0,55,0.8436342477798462,minimum,0.09145325422286987
15.286582946777344,2.459134578704834,-0.24967873096466064,6.6575517654418945,True,family-00346-sum_mod_10,family-00346,False,0.12511660158634186,1.0,high,0,0.7068171501159668,False,0.0,55,0.18615247309207916,sum_mod_10,-0.061035871505737305
13.498687744140625,2.3284764289855957,-0.03853108733892441,4.046839714050293,True,family-00346-sum_mod_10,family-00346,False,0.12511660158634186,1.0,high,1,0.40123218297958374,False,0.0,55,0.037646278738975525,sum_mod_10,0.08747032284736633
7.465100288391113,1.7028722763061523,-0.0659731775522232,4.502629280090332,True,family-00346-sum_mod_10,family-00346,False,0.12511660158634186,1.0,high,2,0.4199462831020355,False,0.0,55,0.07257694005966187,sum_mod_10,0.05253966152667999
3.7592051029205322,1.1431725025177002,0.45593512058258057,10.459904670715332,True,family-00346-sum_mod_10,family-00346,False,0.12511660158634186,1.0,high,3,0.921431839466095,False,0.0,55,0.15045101940631866,sum_mod_10,-0.025334417819976807
7.345627784729004,1.7459677457809448,-0.5134022831916809,6.731321811676025,True,family-00347-maximum,family-00347,True,0.7857003211975098,0.0,low,0,0.6733608841896057,False,0.0,55,0.7173054218292236,maximum,0.06839489936828613
12.775912284851074,2.5216445922851562,-0.20655080676078796,4.033782958984375,True,family-00347-maximum,family-00347,True,0.7857003211975098,0.0,low,1,0.4622545540332794,False,0.0,55,0.764657735824585,maximum,0.021042585372924805
4.0702691078186035,0.6876847147941589,0.1633213311433792,13.335753440856934,True,family-00347-maximum,family-00347,True,0.7857003211975098,0.0,low,2,1.5111500024795532,False,0.0,55,0.13048821687698364,maximum,0.6552121043205261
2.4732556343078613,0.7817763090133667,0.08231408894062042,9.169849395751953,True,family-00347-maximum,family-00347,True,0.7857003211975098,0.0,low,3,0.5346485376358032,False,0.0,55,0.48557671904563904,maximum,0.3001236021518707
8.682500839233398,2.1088011264801025,-0.4852288067340851,5.732203960418701,True,family-00347-minimum,family-00347,True,0.87545245885849,1.0,high,0,0.5356103777885437,False,0.0,55,0.8139405250549316,minimum,0.06151193380355835
7.761848449707031,1.9361155033111572,-0.037879835814237595,4.597858905792236,True,family-00347-minimum,family-00347,True,0.87545245885849,1.0,high,1,0.490523099899292,False,0.0,55,0.7808971405029297,minimum,0.0945553183555603
6.977486610412598,1.4778555631637573,0.14735794067382812,7.77578067779541,True,family-00347-minimum,family-00347,True,0.87545245885849,1.0,high,2,0.7561947107315063,False,0.0,55,0.7829087376594543,minimum,0.09254372119903564
3.707376003265381,1.0108015537261963,0.4764236807823181,11.006539344787598,True,family-00347-minimum,family-00347,True,0.87545245885849,1.0,high,3,0.7989973425865173,False,0.0,55,0.6816909313201904,minimum,0.19376152753829956
16.030235290527344,2.6431963443756104,-0.46170273423194885,5.665680885314941,True,family-00347-sum_mod_10,family-00347,False,0.04873736575245857,0.5,medium,0,0.5301493406295776,False,0.0,55,0.0667838454246521,sum_mod_10,-0.018046479672193527
7.41540002822876,1.8858485221862793,-0.10342971980571747,4.343925952911377,True,family-00347-sum_mod_10,family-00347,False,0.04873736575245857,0.5,medium,1,0.4568764865398407,False,0.0,55,0.01870175637304783,sum_mod_10,0.030035609379410744
7.297603607177734,1.542830228805542,0.05739864706993103,6.536657333374023,True,family-00347-sum_mod_10,family-00347,False,0.04873736575245857,0.5,medium,2,0.6513062715530396,False,0.0,55,0.060220710933208466,sum_mod_10,-0.011483345180749893
1.5870641469955444,0.4038764238357544,0.5501854419708252,9.780150413513184,True,family-00347-sum_mod_10,family-00347,False,0.04873736575245857,0.5,medium,3,0.7959374189376831,False,0.0,55,0.05877680703997612,sum_mod_10,-0.010039441287517548
8.83728313446045,2.0254201889038086,-0.4549291133880615,7.3776397705078125,True,family-00348-maximum,family-00348,True,0.7543103098869324,1.0,high,0,0.6319038271903992,False,0.0,55,0.35719627141952515,maximum,0.3971140384674072
5.370081424713135,1.451153039932251,-0.09611868113279343,4.46219539642334,True,family-00348-maximum,family-00348,True,0.7543103098869324,1.0,high,1,0.4209434390068054,False,0.0,55,0.7930002212524414,maximum,-0.03868991136550903
6.1744208335876465,1.4610788822174072,0.34913456439971924,6.287644386291504,True,family-00348-maximum,family-00348,True,0.7543103098869324,1.0,high,2,0.5665052533149719,False,0.0,55,0.39503300189971924,maximum,0.35927730798721313
7.946593761444092,1.1081246137619019,0.20939746499061584,8.877372741699219,True,family-00348-maximum,family-00348,True,0.7543103098869324,1.0,high,3,0.6104897260665894,False,0.0,55,0.555408775806427,maximum,0.19890153408050537
9.950515747070312,1.968211054801941,-0.3479054570198059,6.685762882232666,False,family-00348-minimum,family-00348,True,0.9039239883422852,0.5,medium,0,0.7004213929176331,False,0.0,55,0.6164108514785767,minimum,0.2875131368637085
2.9344863891601562,1.018772006034851,-0.23376335203647614,5.936466693878174,False,family-00348-minimum,family-00348,True,0.9039239883422852,0.5,medium,1,0.6209210157394409,False,0.0,55,0.7886834740638733,minimum,0.11524051427841187
3.084341287612915,0.9232723712921143,0.1477639526128769,5.077524185180664,False,family-00348-minimum,family-00348,True,0.9039239883422852,0.5,medium,2,0.5074631571769714,False,0.0,55,0.8773542642593384,minimum,0.026569724082946777
7.635324478149414,1.6182584762573242,0.532087504863739,8.247079849243164,False,family-00348-minimum,family-00348,True,0.9039239883422852,0.5,medium,3,0.6947527527809143,False,0.0,55,0.7607816457748413,minimum,0.14314234256744385
6.9744343757629395,1.7774162292480469,-0.47958284616470337,6.333559036254883,False,family-00348-sum_mod_10,family-00348,False,0.041317474097013474,0.0,low,0,0.500026285648346,False,0.0,55,0.045306459069252014,sum_mod_10,-0.003988984972238541
3.064012050628662,0.9226905107498169,-0.02501286193728447,5.7910003662109375,False,family-00348-sum_mod_10,family-00348,False,0.041317474097013474,0.0,low,1,0.5208771824836731,False,0.0,55,0.02283512055873871,sum_mod_10,0.018482353538274765
4.793476104736328,1.330338716506958,0.14616231620311737,5.210886478424072,False,family-00348-sum_mod_10,family-00348,False,0.041317474097013474,0.0,low,2,0.42001432180404663,False,0.0034437162450288343,55,0.031675804406404495,sum_mod_10,0.009641669690608978
1.491420865058899,0.3224039077758789,0.3396542966365814,8.210986137390137,False,family-00348-sum_mod_10,family-00348,False,0.041317474097013474,0.0,low,3,0.5806455016136169,False,0.0,55,0.08365438133478165,sum_mod_10,-0.04233690723776817
8.424527168273926,1.7970924377441406,-0.48702406883239746,6.847841262817383,False,family-00349-maximum,family-00349,True,0.9155803918838501,0.5,medium,0,0.733803927898407,False,0.0,55,0.46578070521354675,maximum,0.44979968667030334
4.509681701660156,1.3990504741668701,-0.25892114639282227,5.102014064788818,False,family-00349-maximum,family-00349,True,0.9155803918838501,0.5,medium,1,0.6023949980735779,False,0.03590319061905685,55,0.8932532072067261,maximum,0.022327184677124023
7.454276084899902,1.563810110092163,0.2569699287414551,7.185879707336426,False,family-00349-maximum,family-00349,True,0.9155803918838501,0.5,medium,2,0.8276217579841614,False,0.0,55,0.8825787305831909,maximum,0.03300166130065918
6.775101184844971,1.0903345346450806,0.2860962450504303,8.186223983764648,False,family-00349-maximum,family-00349,True,0.9155803918838501,0.5,medium,3,0.6490272283554077,False,0.0,55,0.7959052920341492,maximum,0.11967509984970093
6.874316692352295,1.7402513027191162,-0.285713255405426,6.581057071685791,True,family-00349-minimum,family-00349,False,0.0414125956594944,0.0,low,0,0.6746295094490051,False,0.0,55,0.2360413670539856,minimum,-0.1946287751197815
13.315353393554688,2.5273630619049072,-0.3420324921607971,3.4673945903778076,True,family-00349-minimum,family-00349,False,0.0414125956594944,0.0,low,1,0.34368249773979187,False,0.0,55,0.0682392492890358,minimum,-0.026826653629541397
5.237815856933594,1.3280019760131836,-0.15828964114189148,5.2002973556518555,True,family-00349-minimum,family-00349,False,0.0414125956594944,0.0,low,2,0.5485268831253052,False,0.0,55,0.00986073724925518,minimum,0.03155186027288437
15.238744735717773,2.4069695472717285,0.08936135470867157,5.786645412445068,True,family-00349-minimum,family-00349,False,0.0414125956594944,0.0,low,3,0.5748975276947021,False,0.0,55,0.028831610456109047,minimum,0.012580985203385353
8.879589080810547,1.8426437377929688,-0.5582259893417358,6.676180839538574,False,family-00349-sum_mod_10,family-00349,False,0.15676714479923248,1.0,high,0,0.5446876287460327,False,0.0,55,0.17905136942863464,sum_mod_10,-0.02228422462940216
7.585987091064453,1.8072563409805298,-0.26967817544937134,4.245230197906494,False,family-00349-sum_mod_10,family-00349,False,0.15676714479923248,1.0,high,1,0.41739532351493835,False,0.0,55,0.07160965353250504,sum_mod_10,0.08515749126672745
5.768842697143555,1.5096101760864258,-0.10259909927845001,5.355922698974609,False,family-00349-sum_mod_10,family-00349,False,0.15676714479923248,1.0,high,2,0.5405377149581909,False,0.0,55,0.19915051758289337,sum_mod_10,-0.04238337278366089
1.3963091373443604,0.32751330733299255,0.554839015007019,13.149275779724121,False,family-00349-sum_mod_10,family-00349,False,0.15676714479923248,1.0,high,3,1.2210125923156738,False,0.0,55,0.15168063342571259,sum_mod_10,0.0050865113735198975
8.549556732177734,1.9555463790893555,-0.31713858246803284,7.054724216461182,True,family-00350-maximum,family-00350,True,0.4457129240036011,0.0,low,0,0.6021597981452942,False,0.0,55,0.14590071141719818,maximum,0.2998121976852417
9.005786895751953,2.1069834232330322,-0.2494756281375885,5.580284118652344,True,family-00350-maximum,family-00350,True,0.4457129240036011,0.0,low,1,0.4809819161891937,False,0.0,55,0.6003559231758118,maximum,-0.1546429991722107
9.778358459472656,1.7424893379211426,0.19900131225585938,8.530714988708496,True,family-00350-maximum,family-00350,True,0.4457129240036011,0.0,low,2,0.7384869456291199,False,0.011784101312192827,55,0.3052370250225067,maximum,0.14047589898109436
3.213963747024536,1.0276474952697754,0.15611177682876587,8.831343650817871,True,family-00350-maximum,family-00350,True,0.4457129240036011,0.0,low,3,0.5637154579162598,False,0.0,55,0.08694543689489365,maximum,0.35876747965812683
5.491543769836426,1.6924142837524414,-0.6150708794593811,5.809611797332764,True,family-00350-minimum,family-00350,True,0.9454983472824097,1.0,high,0,0.5811585187911987,False,0.0,55,0.6996533870697021,minimum,0.24584496021270752
9.674087524414062,1.6367754936218262,-0.21365252137184143,7.70222282409668,True,family-00350-minimum,family-00350,True,0.9454983472824097,1.0,high,1,0.976283848285675,False,0.0,55,0.40513738989830017,minimum,0.5403609275817871
8.436206817626953,1.5911407470703125,0.2127552628517151,9.213788032531738,True,family-00350-minimum,family-00350,True,0.9454983472824097,1.0,high,2,0.9423417448997498,False,0.0,55,0.6066076159477234,minimum,0.3388907313346863
6.303540229797363,1.4221458435058594,0.3454281687736511,8.395593643188477,True,family-00350-minimum,family-00350,True,0.9454983472824097,1.0,high,3,0.5675448775291443,False,0.0,55,0.9140284657478333,minimum,0.031469881534576416
8.635902404785156,1.833400011062622,-0.3567652106285095,6.994455814361572,False,family-00350-sum_mod_10,family-00350,False,0.022548092529177666,0.5,medium,0,0.5522032380104065,False,0.0,55,0.04693141207098961,sum_mod_10,-0.024383319541811943
3.197941541671753,0.9842448234558105,-0.0759049654006958,6.764633655548096,False,family-00350-sum_mod_10,family-00350,False,0.022548092529177666,0.5,medium,1,0.5595649480819702,False,0.0,55,0.050960004329681396,sum_mod_10,-0.02841191180050373
7.520110130310059,1.7759368419647217,0.32743653655052185,6.177812099456787,False,family-00350-sum_mod_10,family-00350,False,0.022548092529177666,0.5,medium,2,0.4611184298992157,False,0.0,55,0.020055675879120827,sum_mod_10,0.002492416650056839
2.0294108390808105,0.6481285095214844,0.4713015854358673,14.502642631530762,False,family-00350-sum_mod_10,family-00350,False,0.022548092529177666,0.5,medium,3,0.8795800805091858,False,0.0,55,0.020572029054164886,sum_mod_10,0.0019760634750127792
4.7525739669799805,1.4585981369018555,-0.41378891468048096,7.847909927368164,True,family-00351-maximum,family-00351,True,0.5032788515090942,1.0,high,0,0.7332994341850281,False,0.0,55,0.09598123282194138,maximum,0.40729761123657227
4.466612339019775,1.3976027965545654,-0.01296958513557911,6.401026725769043,True,family-00351-maximum,family-00351,True,0.5032788515090942,1.0,high,1,0.6199168562889099,False,0.0,55,0.7315848469734192,maximum,-0.22830599546432495
13.496002197265625,2.1643307209014893,0.2801363468170166,5.516142845153809,True,family-00351-maximum,family-00351,True,0.5032788515090942,1.0,high,2,0.45671138167381287,False,0.0,55,0.3524922728538513,maximum,0.15078657865524292
11.346742630004883,1.8020151853561401,0.47880253195762634,7.404399871826172,True,family-00351-maximum,family-00351,True,0.5032788515090942,1.0,high,3,0.5065895915031433,False,0.0,55,0.4994082450866699,maximum,0.0038706064224243164
9.626021385192871,2.002519369125366,-0.43937674164772034,7.487139701843262,True,family-00351-minimum,family-00351,True,0.633894681930542,0.5,medium,0,0.6412826180458069,False,0.0,55,0.06461426615715027,minimum,0.5692803859710693
2.315800428390503,0.8080171942710876,-0.2828519642353058,8.290609359741211,True,family-00351-minimum,family-00351,True,0.633894681930542,0.5,medium,1,0.7712501883506775,False,0.0,55,0.018711775541305542,minimum,0.6151828765869141
8.310136795043945,1.51264488697052,0.20341476798057556,7.411517143249512,True,family-00351-minimum,family-00351,True,0.633894681930542,0.5,medium,2,0.6405643224716187,False,0.0,55,0.17546075582504272,minimum,0.45843392610549927
9.33477783203125,1.8713929653167725,0.1359708607196808,7.656266212463379,True,family-00351-minimum,family-00351,True,0.633894681930542,0.5,medium,3,0.5119109153747559,False,0.0,55,0.5631301999092102,minimum,0.07076448202133179
8.550281524658203,1.9331716299057007,-0.30236732959747314,6.0159149169921875,True,family-00351-sum_mod_10,family-00351,True,0.3029191493988037,0.0,low,0,0.513491690158844,False,0.0,55,0.17656132578849792,sum_mod_10,0.1263578236103058
9.691853523254395,2.1167805194854736,-0.1556667685508728,5.736680030822754,True,family-00351-sum_mod_10,family-00351,True,0.3029191493988037,0.0,low,1,0.5015477538108826,False,0.0,55,0.28897643089294434,sum_mod_10,0.013942718505859375
9.923182487487793,1.6540775299072266,0.13952051103115082,6.790071964263916,True,family-00351-sum_mod_10,family-00351,True,0.3029191493988037,0.0,low,2,0.5672041177749634,False,0.0,55,0.12728789448738098,sum_mod_10,0.17563125491142273
4.197501182556152,1.2515928745269775,0.516916036605835,8.740324974060059,True,family-00351-sum_mod_10,family-00351,True,0.3029191493988037,0.0,low,3,0.600153923034668,False,0.0,55,0.17726680636405945,sum_mod_10,0.12565234303474426
9.47268295288086,2.122513771057129,-0.30528688430786133,5.755499839782715,False,family-00352-maximum,family-00352,True,0.880220353603363,0.5,medium,0,0.6029641628265381,False,0.0,55,0.7829335331916809,maximum,0.09728682041168213
2.8677124977111816,0.9101599454879761,-0.011018812656402588,6.882635116577148,False,family-00352-maximum,family-00352,True,0.880220353603363,0.5,medium,1,0.7227061986923218,False,0.0,55,0.9037436246871948,maximum,-0.023523271083831787
3.0073602199554443,0.9354037642478943,0.3223097324371338,7.320650100708008,False,family-00352-maximum,family-00352,True,0.880220353603363,0.5,medium,2,0.6263106465339661,False,0.0,55,0.8082820177078247,maximum,0.07193833589553833
6.074477195739746,1.2244867086410522,0.3183228373527527,10.62182331085205,False,family-00352-maximum,family-00352,True,0.880220353603363,0.5,medium,3,0.6780885457992554,False,0.0,55,0.40404021739959717,maximum,0.47618013620376587
6.293849468231201,1.641486406326294,-0.5650095343589783,6.256052494049072,False,family-00352-minimum,family-00352,True,0.636669397354126,0.0,low,0,0.510410726070404,False,0.0,55,0.4479994475841522,minimum,0.18866994976997375
6.993190288543701,1.61431086063385,-0.1114501804113388,7.5444111824035645,False,family-00352-minimum,family-00352,True,0.636669397354126,0.0,low,1,0.7443850636482239,False,0.0,55,0.8459972739219666,minimum,-0.20932787656784058
7.643393039703369,1.5803086757659912,0.18659847974777222,7.6620588302612305,False,family-00352-minimum,family-00352,True,0.636669397354126,0.0,low,2,0.6416438221931458,False,0.0,55,0.600847601890564,minimum,0.03582179546356201
6.894556522369385,1.293515920639038,0.5827722549438477,7.96851110458374,False,family-00352-minimum,family-00352,True,0.636669397354126,0.0,low,3,0.5193143486976624,False,0.0,55,0.2908277213573456,minimum,0.3458416759967804
8.498189926147461,1.8270263671875,-0.5632377862930298,6.048376560211182,False,family-00352-sum_mod_10,family-00352,False,0.043675679713487625,1.0,high,0,0.49346715211868286,False,0.011687222813282336,55,0.077269047498703,sum_mod_10,-0.03359336778521538
7.532958030700684,1.7401454448699951,-0.18000498414039612,6.998483180999756,False,family-00352-sum_mod_10,family-00352,False,0.043675679713487625,1.0,high,1,0.6885660886764526,False,0.0,55,0.04068144038319588,sum_mod_10,0.002994239330291748
5.626728534698486,1.522423505783081,0.26036036014556885,6.315207481384277,False,family-00352-sum_mod_10,family-00352,False,0.043675679713487625,1.0,high,2,0.5611034035682678,False,0.024283087749500717,55,0.05329352617263794,sum_mod_10,-0.009617846459150314
1.7222539186477661,0.42655134201049805,0.603164553642273,10.233468055725098,False,family-00352-sum_mod_10,family-00352,False,0.043675679713487625,1.0,high,3,0.7172459363937378,False,0.0,55,0.024632221087813377,sum_mod_10,0.019043458625674248
13.345882415771484,2.198462963104248,-0.3509541451931,5.9547295570373535,True,family-00353-maximum,family-00353,True,0.850590705871582,0.0,low,0,0.6322001218795776,False,0.0,55,0.5699859261512756,maximum,0.2806047797203064
15.814783096313477,2.55517578125,-0.08939362317323685,3.397235155105591,True,family-00353-maximum,family-00353,True,0.850590705871582,0.0,low,1,0.3688969016075134,False,0.0,55,0.8196945190429688,maximum,0.03089618682861328
4.739175319671631,1.373151183128357,0.04952982813119888,11.398128509521484,True,family-00353-maximum,family-00353,True,0.850590705871582,0.0,low,2,1.196449875831604,False,0.0,55,0.22572800517082214,maximum,0.6248626708984375
5.689310550689697,0.7608900666236877,0.06168350204825401,12.063105583190918,True,family-00353-maximum,family-00353,True,0.850590705871582,0.0,low,3,0.7929556965827942,False,0.0,55,0.12573249638080597,maximum,0.7248582243919373
4.078569412231445,1.2028104066848755,-0.6048925518989563,6.653409004211426,False,family-00353-minimum,family-00353,False,0.2863491475582123,1.0,high,0,0.6281257271766663,False,0.0,55,0.39014995098114014,minimum,-0.10380080342292786
8.548678398132324,2.0861005783081055,-0.12461366504430771,4.140722274780273,False,family-00353-minimum,family-00353,False,0.2863491475582123,1.0,high,1,0.4906966984272003,False,0.0,55,0.6726157069206238,minimum,-0.3862665593624115
4.395211219787598,1.1882050037384033,-0.10571831464767456,6.653454303741455,False,family-00353-minimum,family-00353,False,0.2863491475582123,1.0,high,2,0.7455357909202576,False,0.0,55,0.23285135626792908,minimum,0.0534977912902832
4.758349418640137,1.216667890548706,0.4366641640663147,6.84158992767334,False,family-00353-minimum,family-00353,False,0.2863491475582123,1.0,high,3,0.6483287215232849,False,0.0,55,0.1426093429327011,minimum,0.14373980462551117
3.3090388774871826,1.0736403465270996,-0.40030744671821594,6.9300127029418945,False,family-00353-sum_mod_10,family-00353,False,0.05069815739989281,0.5,medium,0,0.5471155047416687,False,0.06097359923320872,55,0.03250930458307266,sum_mod_10,0.018188852816820145
4.985187530517578,1.3414392471313477,-0.14882904291152954,5.355902671813965,False,family-00353-sum_mod_10,family-00353,False,0.05069815739989281,0.5,medium,1,0.4556158483028412,False,0.0,55,0.024400195106863976,sum_mod_10,0.02629796229302883
5.958179950714111,1.6034526824951172,0.13926902413368225,5.154363632202148,False,family-00353-sum_mod_10,family-00353,False,0.05069815739989281,0.5,medium,2,0.42349696159362793,False,0.0,55,0.020729046314954758,sum_mod_10,0.02996911108493805
1.8524529933929443,0.49887096881866455,0.4737064838409424,11.807531356811523,False,family-00353-sum_mod_10,family-00353,False,0.05069815739989281,0.5,medium,3,0.8517506718635559,False,0.0,55,0.06272055953741074,sum_mod_10,-0.012022402137517929
7.684830665588379,1.759937047958374,-0.4937386214733124,7.686276912689209,True,family-00354-maximum,family-00354,True,0.6377429962158203,1.0,high,0,0.6583389639854431,False,0.0,55,0.17851078510284424,maximum,0.4592322111129761
2.437192678451538,0.8079112768173218,-0.35821568965911865,6.273592948913574,True,family-00354-maximum,family-00354,True,0.6377429962158203,1.0,high,1,0.6071298122406006,False,0.0,55,0.4883047640323639,maximum,0.14943823218345642
8.140022277832031,1.790677785873413,0.12175647914409637,5.2983527183532715,True,family-00354-maximum,family-00354,True,0.6377429962158203,1.0,high,2,0.5306600332260132,False,0.0,55,0.23779572546482086,maximum,0.39994728565216064
8.330862998962402,1.3616249561309814,0.3678959012031555,11.066519737243652,True,family-00354-maximum,family-00354,True,0.6377429962158203,1.0,high,3,0.933147668838501,False,0.0,55,0.5550008416175842,maximum,0.08274215459823608
7.346307277679443,1.6237865686416626,-0.5908545255661011,7.808518409729004,False,family-00354-minimum,family-00354,True,0.8986966609954834,0.5,medium,0,0.7291741967201233,False,0.030232830283802033,55,0.8254978656768799,minimum,0.07319879531860352
2.296894073486328,0.7382158637046814,-0.35380247235298157,8.304706573486328,False,family-00354-minimum,family-00354,True,0.8986966609954834,0.5,medium,1,0.9474189281463623,False,0.0,55,0.07442332804203033,minimum,0.8242733478546143
8.989845275878906,1.7271811962127686,0.13467630743980408,6.82265567779541,False,family-00354-minimum,family-00354,True,0.8986966609954834,0.5,medium,2,0.7026074528694153,False,0.0,55,0.7364565134048462,minimum,0.1622401475906372
13.594179153442383,2.2478137016296387,0.21859242022037506,7.690892696380615,False,family-00354-minimum,family-00354,True,0.8986966609954834,0.5,medium,3,0.6105286478996277,False,0.0,55,0.8119525909423828,minimum,0.08674407005310059
10.489645957946777,2.15720272064209,-0.3501453995704651,4.6417717933654785,True,family-00354-sum_mod_10,family-00354,False,0.0420643649995327,0.0,low,0,0.4151569604873657,False,0.0,55,0.0263503585010767,sum_mod_10,0.015714006498456
12.7421875,2.16520094871521,-0.15479668974876404,5.4622931480407715,True,family-00354-sum_mod_10,family-00354,False,0.0420643649995327,0.0,low,1,0.5203094482421875,False,0.0,55,0.02706626057624817,sum_mod_10,0.01499810442328453
4.71699333190918,1.3952209949493408,0.051276128739118576,6.186501979827881,True,family-00354-sum_mod_10,family-00354,False,0.0420643649995327,0.0,low,2,0.5594242215156555,False,0.0,55,0.07438459992408752,sum_mod_10,-0.032320234924554825
4.50004243850708,1.1673526763916016,0.4426255226135254,9.43423843383789,True,family-00354-sum_mod_10,family-00354,False,0.0420643649995327,0.0,low,3,0.7287709712982178,False,0.0,55,0.014969078823924065,sum_mod_10,0.027095286175608635
7.028841018676758,1.7153637409210205,-0.3829469680786133,6.498164176940918,False,family-00355-maximum,family-00355,True,0.9291083216667175,0.5,medium,0,0.6963330507278442,False,0.0,55,0.607466995716095,maximum,0.32164132595062256
5.195801734924316,1.454256534576416,-0.17001286149024963,6.734296798706055,False,family-00355-maximum,family-00355,True,0.9291083216667175,0.5,medium,1,0.7397754788398743,False,0.0,55,0.9382786750793457,maximum,-0.009170353412628174
4.24899435043335,1.2418572902679443,-0.018551792949438095,6.984664440155029,False,family-00355-maximum,family-00355,True,0.9291083216667175,0.5,medium,2,0.6740572452545166,False,0.0,55,0.8307557702064514,maximum,0.09835255146026611
3.37048077583313,1.071746587753296,0.3693608045578003,12.263223648071289,False,family-00355-maximum,family-00355,True,0.9291083216667175,0.5,medium,3,0.9898915886878967,False,0.0,55,0.5391066670417786,maximum,0.39000165462493896
4.75180721282959,1.1632856130599976,-0.4892517328262329,6.399531841278076,False,family-00355-minimum,family-00355,True,0.6417694091796875,0.0,low,0,0.6069400906562805,False,0.0,55,0.5878499150276184,minimum,0.05391949415206909
10.668098449707031,1.9257428646087646,-0.3058665096759796,7.723221302032471,False,family-00355-minimum,family-00355,True,0.6417694091796875,0.0,low,1,0.8323195576667786,False,0.0,55,0.02258639968931675,minimum,0.6191830039024353
8.383241653442383,1.7175781726837158,0.08572639524936676,7.255140781402588,False,family-00355-minimum,family-00355,True,0.6417694091796875,0.0,low,2,0.7186794877052307,False,0.0,55,0.5573247671127319,minimum,0.08444464206695557
9.399824142456055,1.7804923057556152,-0.0028969496488571167,7.103232383728027,False,family-00355-minimum,family-00355,True,0.6417694091796875,0.0,low,3,0.5494910478591919,False,0.0,55,0.4658101797103882,minimum,0.17595922946929932
13.990890502929688,2.394824981689453,-0.4250279664993286,5.7529473304748535,True,family-00355-sum_mod_10,family-00355,True,0.2952862083911896,1.0,high,0,0.4994153082370758,False,0.0,55,0.37411367893218994,sum_mod_10,-0.07882747054100037
9.931071281433105,1.8835060596466064,0.10841257125139236,5.888983726501465,True,family-00355-sum_mod_10,family-00355,True,0.2952862083911896,1.0,high,1,0.5628791451454163,False,0.0,55,0.09056082367897034,sum_mod_10,0.20472538471221924
3.4437978267669678,1.1262397766113281,0.05815194547176361,7.67232084274292,True,family-00355-sum_mod_10,family-00355,True,0.2952862083911896,1.0,high,2,0.6113492846488953,False,0.0,55,0.45722901821136475,sum_mod_10,-0.16194280982017517
1.4449341297149658,0.3395195007324219,0.41749054193496704,12.207026481628418,True,family-00355-sum_mod_10,family-00355,True,0.2952862083911896,1.0,high,3,0.8092097640037537,False,0.0,55,0.6298650503158569,sum_mod_10,-0.33457884192466736
5.992260932922363,1.4285951852798462,-0.5710479617118835,7.370291709899902,False,family-00356-maximum,family-00356,True,0.8699782490730286,0.0,low,0,0.6013178825378418,False,0.0,55,0.548552930355072,maximum,0.32142531871795654
6.068404674530029,1.408987283706665,-0.04184025898575783,6.358475208282471,False,family-00356-maximum,family-00356,True,0.8699782490730286,0.0,low,1,0.6315072178840637,False,0.0,55,0.7934459447860718,maximum,0.07653230428695679
8.868387222290039,1.7230472564697266,0.15356896817684174,7.524456977844238,False,family-00356-maximum,family-00356,True,0.8699782490730286,0.0,low,2,0.6441469788551331,False,0.0,55,0.5431626439094543,maximum,0.3268156051635742
2.3972885608673096,0.5344322919845581,0.2723595201969147,11.4850435256958,False,family-00356-maximum,family-00356,True,0.8699782490730286,0.0,low,3,0.7742061018943787,False,0.0,55,0.39092183113098145,maximum,0.4790564179420471
4.316641330718994,1.1929104328155518,-0.6226138472557068,6.966575622558594,False,family-00356-minimum,family-00356,True,0.9538294076919556,1.0,high,0,0.657690703868866,False,0.0,55,0.8892555236816406,minimum,0.06457388401031494
5.889726638793945,1.2304115295410156,-0.2214640974998474,7.086896896362305,False,family-00356-minimum,family-00356,True,0.9538294076919556,1.0,high,1,0.8541263341903687,False,0.0,55,0.47093093395233154,minimum,0.482898473739624
5.521673202514648,1.4286386966705322,0.06034019589424133,8.481226921081543,False,family-00356-minimum,family-00356,True,0.9538294076919556,1.0,high,2,0.8793512582778931,False,0.0,55,0.7673832774162292,minimum,0.18644613027572632
10.526229858398438,2.2154674530029297,0.3550378084182739,7.753312110900879,False,family-00356-minimum,family-00356,True,0.9538294076919556,1.0,high,3,0.5863862633705139,False,0.0,55,0.8849358558654785,minimum,0.06889355182647705
12.381690979003906,1.8697962760925293,-0.607134222984314,5.613589763641357,True,family-00356-sum_mod_10,family-00356,False,0.01647002249956131,0.5,medium,0,0.5252750515937805,False,0.0,55,0.03218257054686546,sum_mod_10,-0.015712548047304153
11.308830261230469,1.7369869947433472,-0.14228548109531403,7.3985090255737305,True,family-00356-sum_mod_10,family-00356,False,0.01647002249956131,0.5,medium,1,0.8666619062423706,False,0.0,55,0.015614941716194153,sum_mod_10,0.000855080783367157
8.409431457519531,1.8968780040740967,0.1636047661304474,6.505128860473633,True,family-00356-sum_mod_10,family-00356,False,0.01647002249956131,0.5,medium,2,0.6212533712387085,False,0.0,55,0.05431491136550903,sum_mod_10,-0.03784488886594772
4.934612274169922,1.1325736045837402,0.28463590145111084,13.901897430419922,True,family-00356-sum_mod_10,family-00356,False,0.01647002249956131,0.5,medium,3,1.0531561374664307,False,0.0,55,0.008144744671881199,sum_mod_10,0.008325277827680111
8.014286994934082,1.7286100387573242,-0.5300889015197754,6.037391662597656,True,family-00357-maximum,family-00357,True,0.8364792466163635,1.0,high,0,0.5468128323554993,False,0.0,55,0.3190106451511383,maximum,0.5174685716629028
5.587695121765137,1.5001076459884644,-0.06627165526151657,5.124312877655029,True,family-00357-maximum,family-00357,True,0.8364792466163635,1.0,high,1,0.5472356081008911,False,0.0,55,0.8434876799583435,maximum,-0.0070084333419799805
8.689615249633789,1.4502544403076172,0.12508897483348846,7.912847518920898,True,family-00357-maximum,family-00357,True,0.8364792466163635,1.0,high,2,0.7628880739212036,False,0.0,55,0.4128619432449341,maximum,0.42361730337142944
3.780467987060547,0.9625273942947388,0.14558883011341095,11.649633407592773,True,family-00357-maximum,family-00357,True,0.8364792466163635,1.0,high,3,0.8435359001159668,False,0.0,55,0.16122056543827057,maximum,0.6752586960792542
4.604997158050537,1.3399003744125366,-0.31551361083984375,5.141092777252197,True,family-00357-minimum,family-00357,True,0.9625886678695679,0.5,medium,0,0.5270175933837891,False,0.0,55,0.9036648869514465,minimum,0.05892378091812134
4.266499996185303,0.974915623664856,-0.13757163286209106,7.935815811157227,True,family-00357-minimum,family-00357,True,0.9625886678695679,0.5,medium,1,0.8367636799812317,False,0.0,55,0.3711766302585602,minimum,0.5914120674133301
16.79791259765625,2.3451974391937256,0.19371289014816284,6.038822650909424,True,family-00357-minimum,family-00357,True,0.9625886678695679,0.5,medium,2,0.5251860618591309,False,0.0,55,0.9093046188354492,minimum,0.05328404903411865
11.553443908691406,1.859010100364685,0.19856227934360504,7.412998676300049,True,family-00357-minimum,family-00357,True,0.9625886678695679,0.5,medium,3,0.5300636291503906,False,0.0,55,0.9093559980392456,minimum,0.053232669830322266
4.202930450439453,1.1165333986282349,-0.41993141174316406,6.267232894897461,False,family-00357-sum_mod_10,family-00357,False,0.26847460865974426,0.0,low,0,0.6137092113494873,False,0.0,55,0.17518417537212372,sum_mod_10,0.09329043328762054
13.495372772216797,2.4107587337493896,0.3169354796409607,4.7953104972839355,False,family-00357-sum_mod_10,family-00357,False,0.26847460865974426,0.0,low,1,0.5059990286827087,False,0.0,55,0.21650414168834686,sum_mod_10,0.0519704669713974
15.812838554382324,2.6632113456726074,0.3289334177970886,4.0189433097839355,False,family-00357-sum_mod_10,family-00357,False,0.26847460865974426,0.0,low,2,0.33772265911102295,False,0.0,55,0.33744123578071594,sum_mod_10,-0.06896662712097168
5.7596845626831055,1.2959792613983154,0.437958300113678,7.838100433349609,False,family-00357-sum_mod_10,family-00357,False,0.26847460865974426,0.0,low,3,0.5697941780090332,False,0.0,55,0.19571982324123383,sum_mod_10,0.07275478541851044
13.50739860534668,2.316990852355957,-0.412340372800827,3.773106575012207,True,family-00358-maximum,family-00358,False,0.08486130088567734,0.5,medium,0,0.3374641239643097,False,0.0,55,0.11140042543411255,maximum,-0.02653912454843521
15.251626968383789,2.677802562713623,-0.084091417491436,3.8775041103363037,True,family-00358-maximum,family-00358,False,0.08486130088567734,0.5,medium,1,0.3793903887271881,False,0.0,55,0.1765163689851761,maximum,-0.09165506809949875
4.464720726013184,1.239742636680603,0.03566144406795502,8.037856101989746,True,family-00358-maximum,family-00358,False,0.08486130088567734,0.5,medium,2,0.7567217946052551,False,0.0,55,0.14251340925693512,maximum,-0.05765210837125778
3.4585821628570557,1.1115052700042725,0.36830079555511475,7.7948994636535645,True,family-00358-maximum,family-00358,False,0.08486130088567734,0.5,medium,3,0.5753951668739319,False,0.0,55,0.07530539482831955,maximum,0.009555906057357788
6.553258895874023,1.5796270370483398,-0.6945879459381104,6.030643939971924,False,family-00358-minimum,family-00358,False,0.20063789188861847,0.0,low,0,0.4920203983783722,False,0.0,55,0.099587582051754,minimum,0.10105030983686447
8.494461059570312,2.070167064666748,-0.431124210357666,4.354714393615723,False,family-00358-minimum,family-00358,False,0.20063789188861847,0.0,low,1,0.47537463903427124,False,0.0,55,0.06482704728841782,minimum,0.13581085205078125
4.134463787078857,1.0351850986480713,-0.24384044110774994,5.875646591186523,False,family-00358-minimum,family-00358,False,0.20063789188861847,0.0,low,2,0.7100074291229248,False,0.0,55,0.05837387591600418,minimum,0.1422640085220337
4.323855876922607,1.0816423892974854,0.12951676547527313,6.776037216186523,False,family-00358-minimum,family-00358,False,0.20063789188861847,0.0,low,3,0.7609502077102661,False,0.0,55,0.09083296358585358,minimum,0.10980492830276489
8.310855865478516,1.5620877742767334,-0.459137886762619,6.3115715980529785,False,family-00358-sum_mod_10,family-00358,False,0.10635871440172195,1.0,high,0,0.5985978245735168,False,0.0,55,0.15993572771549225,sum_mod_10,-0.053577013313770294
5.901734828948975,1.6612528562545776,-0.16572730243206024,5.707320213317871,False,family-00358-sum_mod_10,family-00358,False,0.10635871440172195,1.0,high,1,0.6019381880760193,False,0.0,55,0.2460058033466339,sum_mod_10,-0.13964709639549255
10.908824920654297,2.2353930473327637,0.3402566909790039,5.111621856689453,False,family-00358-sum_mod_10,family-00358,False,0.10635871440172195,1.0,high,2,0.49994608759880066,False,0.0,55,0.0665355995297432,sum_mod_10,0.03982311487197876
4.90855073928833,1.1709367036819458,0.4894026517868042,9.860369682312012,False,family-00358-sum_mod_10,family-00358,False,0.10635871440172195,1.0,high,3,0.764779806137085,False,0.0,55,0.040801409631967545,sum_mod_10,0.06555730104446411
14.46446418762207,2.5721964836120605,-0.2747112810611725,6.8058319091796875,True,family-00359-maximum,family-00359,False,0.3449091911315918,0.0,low,0,0.7225597500801086,False,0.0,55,0.2970295250415802,maximum,0.0478796660900116
9.684100151062012,1.9754530191421509,0.1671493649482727,4.909732341766357,True,family-00359-maximum,family-00359,False,0.3449091911315918,0.0,low,1,0.49142181873321533,False,0.0,55,0.37978869676589966,maximum,-0.03487950563430786
3.877448320388794,0.9564650058746338,-0.03782327473163605,11.940652847290039,True,family-00359-maximum,family-00359,False,0.3449091911315918,0.0,low,2,1.0080137252807617,False,0.0,55,0.008939873427152634,maximum,0.33596932888031006
9.22722339630127,1.4644203186035156,0.16550517082214355,7.852531909942627,True,family-00359-maximum,family-00359,False,0.3449091911315918,0.0,low,3,0.4759542644023895,False,0.0,55,0.2072482705116272,maximum,0.1376609206199646
5.13722038269043,1.3995832204818726,-0.43348604440689087,5.984683990478516,False,family-00359-minimum,family-00359,True,0.7456581592559814,1.0,high,0,0.6413093209266663,False,0.0,55,0.5375418663024902,minimum,0.2081162929534912
4.322052001953125,1.232306718826294,-0.30517327785491943,7.033642768859863,False,family-00359-minimum,family-00359,True,0.7456581592559814,1.0,high,1,0.8149901032447815,False,0.0,55,0.8528346419334412,minimum,-0.10717648267745972
5.5534563064575195,1.1378880739212036,0.2834857702255249,6.597918510437012,False,family-00359-minimum,family-00359,True,0.7456581592559814,1.0,high,2,0.7077568173408508,False,0.014392450066987849,55,0.8005789518356323,minimum,-0.05492079257965088
9.611551284790039,1.8770368099212646,0.5470965504646301,9.600642204284668,False,family-00359-minimum,family-00359,True,0.7456581592559814,1.0,high,3,0.7467058300971985,False,0.0,55,0.5288051962852478,minimum,0.21685296297073364
6.767914772033691,1.602059245109558,-0.24753662943840027,7.033369541168213,False,family-00359-sum_mod_10,family-00359,False,0.01499283965677023,0.5,medium,0,0.6712943911552429,False,0.02154447664396956,55,0.018426232039928436,sum_mod_10,-0.003433392383158207
8.739030838012695,1.786431908607483,0.012286573648452759,6.068953514099121,False,family-00359-sum_mod_10,family-00359,False,0.01499283965677023,0.5,medium,1,0.5477532148361206,False,0.0,55,0.026750681921839714,sum_mod_10,-0.011757842265069485
5.751443386077881,1.6349166631698608,0.05811695754528046,5.367932319641113,False,family-00359-sum_mod_10,family-00359,False,0.01499283965677023,0.5,medium,2,0.42273107171058655,False,0.0,55,0.013316143304109573,sum_mod_10,0.001676696352660656
1.7628732919692993,0.49200475215911865,0.4167054295539856,10.341626167297363,False,family-00359-sum_mod_10,family-00359,False,0.01499283965677023,0.5,medium,3,0.7349801063537598,False,0.0,55,0.0313287079334259,sum_mod_10,-0.0163358673453331
6.078402519226074,1.5024852752685547,-0.4214218258857727,6.757623672485352,False,family-00360-maximum,family-00360,True,0.9308677911758423,1.0,high,0,0.644976019859314,False,0.0,55,0.4977661371231079,maximum,0.4331016540527344
7.643627166748047,1.8514779806137085,-0.1968361735343933,4.95700740814209,False,family-00360-maximum,family-00360,True,0.9308677911758423,1.0,high,1,0.5065429210662842,False,0.0,55,0.9230391979217529,maximum,0.007828593254089355
5.853941917419434,1.5523778200149536,0.17191055417060852,5.343116283416748,False,family-00360-maximum,family-00360,True,0.9308677911758423,1.0,high,2,0.5310288667678833,False,0.0,55,0.9000222682952881,maximum,0.0308455228805542
2.0920615196228027,0.526165246963501,0.35504788160324097,13.148119926452637,False,family-00360-maximum,family-00360,True,0.9308677911758423,1.0,high,3,1.079771876335144,False,0.0,55,0.6015142202377319,maximum,0.32935357093811035
9.86807632446289,2.011631488800049,-0.44834986329078674,5.053180694580078,False,family-00360-minimum,family-00360,False,0.3321596384048462,0.5,medium,0,0.5293869972229004,False,0.0,55,0.795220673084259,minimum,-0.46306103467941284
9.647796630859375,2.1441903114318848,-0.13939891755580902,4.186158657073975,False,family-00360-minimum,family-00360,False,0.3321596384048462,0.5,medium,1,0.4886276125907898,False,0.0,55,0.46408534049987793,minimum,-0.13192570209503174
8.193807601928711,1.7916605472564697,0.06677773594856262,5.294250965118408,False,family-00360-minimum,family-00360,False,0.3321596384048462,0.5,medium,2,0.5885344743728638,False,0.0,55,0.11086855083703995,minimum,0.22129109501838684
9.875022888183594,2.0693557262420654,0.01435815542936325,7.764832973480225,False,family-00360-minimum,family-00360,False,0.3321596384048462,0.5,medium,3,0.7230958938598633,False,0.0,55,0.24987682700157166,minimum,0.08228281140327454
5.817841053009033,1.2797057628631592,-0.4760356545448303,6.265373706817627,False,family-00360-sum_mod_10,family-00360,True,0.6788661479949951,0.0,low,0,0.6135271787643433,False,0.0,55,0.3320258557796478,sum_mod_10,0.3468402922153473
20.083358764648438,2.9878273010253906,0.03249892592430115,3.895883560180664,False,family-00360-sum_mod_10,family-00360,True,0.6788661479949951,0.0,low,1,0.42859750986099243,False,0.012655161070864321,55,0.6308014988899231,sum_mod_10,0.04806464910507202
12.7703218460083,2.376260995864868,-0.05065954476594925,4.620372772216797,False,family-00360-sum_mod_10,family-00360,True,0.6788661479949951,0.0,low,2,0.4617950916290283,False,0.0,55,0.5930830240249634,sum_mod_10,0.08578312397003174
4.706606864929199,1.1631876230239868,0.4563339352607727,7.486419677734375,False,family-00360-sum_mod_10,family-00360,True,0.6788661479949951,0.0,low,3,0.6928040981292725,False,0.0,55,0.6365082859992981,sum_mod_10,0.04235786199569702
9.123214721679688,1.675794005393982,-0.46718859672546387,8.501914024353027,True,family-00361-maximum,family-00361,True,0.9391016364097595,0.5,medium,0,0.7700271606445312,False,0.0,55,0.6097817420959473,maximum,0.32931989431381226
10.069868087768555,2.129805088043213,-0.0525888130068779,3.3557844161987305,True,family-00361-maximum,family-00361,True,0.9391016364097595,0.5,medium,1,0.3252111077308655,False,0.0,55,0.932671070098877,maximum,0.006430566310882568
8.14840030670166,1.2796226739883423,0.20266863703727722,8.121811866760254,True,family-00361-maximum,family-00361,True,0.9391016364097595,0.5,medium,2,0.7603552341461182,False,0.0,55,0.9204666018486023,maximum,0.018635034561157227
13.990486145019531,1.8741557598114014,0.39598995447158813,9.549991607666016,True,family-00361-maximum,family-00361,True,0.9391016364097595,0.5,medium,3,0.6509634256362915,False,0.0,55,0.8592455387115479,maximum,0.07985609769821167
14.08883285522461,2.326284408569336,-0.4379011392593384,5.5431036949157715,True,family-00361-minimum,family-00361,False,0.25172334909439087,0.0,low,0,0.4731346070766449,False,0.0,55,0.611511766910553,minimum,-0.3597884178161621
14.485361099243164,2.574585437774658,-0.21444687247276306,4.22204065322876,True,family-00361-minimum,family-00361,False,0.25172334909439087,0.0,low,1,0.400543749332428,False,0.0,55,0.20816408097743988,minimum,0.04355926811695099
7.022731781005859,1.4295456409454346,0.011800803244113922,7.606954097747803,True,family-00361-minimum,family-00361,False,0.25172334909439087,0.0,low,2,0.7258021831512451,False,0.0,55,0.231816828250885,minimum,0.01990652084350586
9.230511665344238,1.7451375722885132,0.13640452921390533,8.233566284179688,True,family-00361-minimum,family-00361,False,0.25172334909439087,0.0,low,3,0.6322418451309204,False,0.0,55,0.38746434450149536,minimum,-0.1357409954071045
10.191855430603027,1.9265214204788208,-0.5666618347167969,6.876942157745361,True,family-00361-sum_mod_10,family-00361,False,0.16413474082946777,1.0,high,0,0.5969896912574768,False,0.0,55,0.11208033561706543,sum_mod_10,0.052054405212402344
10.23513126373291,2.219421625137329,-0.08305107057094574,3.0978262424468994,True,family-00361-sum_mod_10,family-00361,False,0.16413474082946777,1.0,high,1,0.3261620104312897,False,0.0,55,0.15072637796401978,sum_mod_10,0.013408362865447998
1.876655101776123,0.6019113659858704,0.12374827265739441,7.8649821281433105,True,family-00361-sum_mod_10,family-00361,False,0.16413474082946777,1.0,high,2,0.8072792291641235,False,0.0,55,0.09051305055618286,sum_mod_10,0.07362169027328491
1.4138588905334473,0.33964258432388306,0.5143898725509644,11.80147647857666,True,family-00361-sum_mod_10,family-00361,False,0.16413474082946777,1.0,high,3,0.8902269005775452,False,0.0,55,0.18797194957733154,sum_mod_10,-0.02383720874786377
6.10691499710083,1.229109764099121,-0.6124422550201416,6.599306106567383,True,family-00362-maximum,family-00362,True,0.9384194016456604,0.0,low,0,0.6601548194885254,False,0.0,55,0.7574902176856995,maximum,0.18092918395996094
8.827892303466797,2.021040439605713,-0.3313344717025757,4.2471208572387695,True,family-00362-maximum,family-00362,True,0.9384194016456604,0.0,low,1,0.5364660620689392,False,0.0,55,0.9270020127296448,maximum,0.011417388916015625
5.6130876541137695,1.2824037075042725,-0.02137543261051178,8.943758964538574,True,family-00362-maximum,family-00362,True,0.9384194016456604,0.0,low,2,1.1700130701065063,False,0.0,55,0.4885163903236389,maximum,0.4499030113220215
1.635519027709961,0.34260377287864685,0.13772843778133392,12.199274063110352,True,family-00362-maximum,family-00362,True,0.9384194016456604,0.0,low,3,1.0480029582977295,False,0.0,55,0.4314928650856018,maximum,0.5069265365600586
6.905252456665039,1.698798656463623,-0.49462687969207764,6.173667907714844,True,family-00362-minimum,family-00362,False,0.1509920060634613,1.0,high,0,0.5287821292877197,False,0.0,55,0.038540247827768326,minimum,0.11245176196098328
7.21273136138916,1.8656553030014038,-0.3776712417602539,4.518360137939453,True,family-00362-minimum,family-00362,False,0.1509920060634613,1.0,high,1,0.44494548439979553,False,0.0,55,0.022161463275551796,minimum,0.12883053719997406
6.665846347808838,1.609018087387085,-0.0511261448264122,8.058976173400879,True,family-00362-minimum,family-00362,False,0.1509920060634613,1.0,high,2,0.8548302054405212,False,0.0,55,0.1787078082561493,minimum,-0.02771580219268799
6.770051956176758,1.4514250755310059,0.08034129440784454,8.867827415466309,True,family-00362-minimum,family-00362,False,0.1509920060634613,1.0,high,3,0.7337621450424194,False,0.0,55,0.16581502556800842,minimum,-0.01482301950454712
12.237491607666016,1.9459125995635986,-0.6146177053451538,5.309760093688965,True,family-00362-sum_mod_10,family-00362,False,0.1693740040063858,0.5,medium,0,0.4968450963497162,False,0.0,55,0.1262190043926239,sum_mod_10,0.0431549996137619
8.338032722473145,1.8864479064941406,-0.17802679538726807,4.941508769989014,True,family-00362-sum_mod_10,family-00362,False,0.1693740040063858,0.5,medium,1,0.5797459483146667,False,0.0,55,0.09970949590206146,sum_mod_10,0.06966450810432434
10.676935195922852,2.1649997234344482,0.14403900504112244,6.170650482177734,True,family-00362-sum_mod_10,family-00362,False,0.1693740040063858,0.5,medium,2,0.6811307668685913,False,0.0,55,0.1414080262184143,sum_mod_10,0.027965977787971497
2.4105920791625977,0.5444526672363281,0.5255872011184692,14.985527992248535,True,family-00362-sum_mod_10,family-00362,False,0.1693740040063858,0.5,medium,3,1.2837985754013062,False,0.0,55,0.33168718218803406,sum_mod_10,-0.16231317818164825
8.708488464355469,2.109529972076416,-0.4089946150779724,5.635523796081543,False,family-00363-maximum,family-00363,True,0.8672654628753662,1.0,high,0,0.5378780961036682,False,0.0,55,0.7815186381340027,maximum,0.08574682474136353
2.992936134338379,0.8764089345932007,-0.2683256268501282,6.683594703674316,False,family-00363-maximum,family-00363,True,0.8672654628753662,1.0,high,1,0.6921820640563965,False,0.0,55,0.8886717557907104,maximum,-0.02140629291534424
3.3674283027648926,0.8812373876571655,0.12384462356567383,6.6506500244140625,False,family-00363-maximum,family-00363,True,0.8672654628753662,1.0,high,2,0.6544431447982788,False,0.0,55,0.8690645098686218,maximum,-0.0017990469932556152
2.5973315238952637,0.8053935766220093,0.15267853438854218,12.339988708496094,False,family-00363-maximum,family-00363,True,0.8672654628753662,1.0,high,3,0.9628756046295166,False,0.0,55,0.18480652570724487,maximum,0.6824589371681213
10.545255661010742,2.16109561920166,-0.32054460048675537,5.333379745483398,False,family-00363-minimum,family-00363,True,0.8839909434318542,0.5,medium,0,0.5587415099143982,False,0.0,55,0.6470302939414978,minimum,0.23696064949035645
2.3628292083740234,0.7210424542427063,-0.25208160281181335,8.189826965332031,False,family-00363-minimum,family-00363,True,0.8839909434318542,0.5,medium,1,0.8784387707710266,False,0.0,55,0.14666999876499176,minimum,0.7373209595680237
6.556632041931152,1.3309814929962158,0.3934246599674225,7.417693138122559,False,family-00363-minimum,family-00363,True,0.8839909434318542,0.5,medium,2,0.6902070045471191,False,0.0,55,0.7951579093933105,minimum,0.0888330340385437
8.697487831115723,1.7629456520080566,0.16205617785453796,7.789809226989746,False,family-00363-minimum,family-00363,True,0.8839909434318542,0.5,medium,3,0.5100563168525696,False,0.0,55,0.7872470021247864,minimum,0.09674394130706787
10.22286319732666,2.0421900749206543,-0.31238776445388794,5.715043544769287,True,family-00363-sum_mod_10,family-00363,False,0.15973709523677826,0.0,low,0,0.4878106415271759,False,0.0,55,0.2027188241481781,sum_mod_10,-0.04298172891139984
9.526569366455078,1.9840527772903442,-0.10764192044734955,5.195516109466553,True,family-00363-sum_mod_10,family-00363,False,0.15973709523677826,0.0,low,1,0.4590669870376587,False,0.0,55,0.0562911257147789,sum_mod_10,0.10344596952199936
6.497264862060547,1.5067126750946045,0.20051570236682892,6.037468433380127,True,family-00363-sum_mod_10,family-00363,False,0.15973709523677826,0.0,low,2,0.5059025287628174,False,0.0,55,0.20453396439552307,sum_mod_10,-0.04479686915874481
2.612828254699707,0.6335524916648865,0.46738263964653015,9.381051063537598,True,family-00363-sum_mod_10,family-00363,False,0.15973709523677826,0.0,low,3,0.6508225798606873,False,0.0,55,0.2990695536136627,sum_mod_10,-0.13933245837688446
12.592069625854492,2.481541395187378,-0.36575841903686523,6.3235602378845215,True,family-00364-maximum,family-00364,True,0.7901976108551025,0.5,medium,0,0.5416206121444702,False,0.0,55,0.7295629382133484,maximum,0.06063467264175415
3.074331760406494,1.074634075164795,-0.32712867856025696,6.301870346069336,True,family-00364-maximum,family-00364,True,0.7901976108551025,0.5,medium,1,0.5698635578155518,False,0.0,55,0.5550879836082458,maximum,0.2351096272468567
6.321352958679199,1.3278985023498535,0.275210976600647,6.375275135040283,True,family-00364-maximum,family-00364,True,0.7901976108551025,0.5,medium,2,0.5908851623535156,False,0.0,55,0.6399359703063965,maximum,0.15026164054870605
1.9234035015106201,0.4690904915332794,0.1852416694164276,8.016393661499023,True,family-00364-maximum,family-00364,True,0.7901976108551025,0.5,medium,3,0.5741904973983765,False,0.0,55,0.6020500659942627,maximum,0.18814754486083984
9.092259407043457,2.042672634124756,-0.6341972947120667,5.589618682861328,False,family-00364-minimum,family-00364,True,0.9647735953330994,0.0,low,0,0.45603862404823303,False,0.0,55,0.8204095959663391,minimum,0.14436399936676025
5.881348609924316,1.3564038276672363,0.1302495300769806,8.094197273254395,False,family-00364-minimum,family-00364,True,0.9647735953330994,0.0,low,1,0.8323070406913757,False,0.0,55,0.8370989561080933,minimum,0.1276746392250061
9.611163139343262,1.849501132965088,0.22211170196533203,7.518031597137451,False,family-00364-minimum,family-00364,True,0.9647735953330994,0.0,low,2,0.5594334006309509,False,0.0,55,0.9088991284370422,minimum,0.05587446689605713
10.116844177246094,2.057210922241211,0.40104591846466064,6.574756145477295,False,family-00364-minimum,family-00364,True,0.9647735953330994,0.0,low,3,0.391521692276001,False,0.0,55,0.9365473985671997,minimum,0.028226196765899658
8.565791130065918,1.5686718225479126,-0.4496976137161255,6.102838039398193,False,family-00364-sum_mod_10,family-00364,False,0.16022154688835144,1.0,high,0,0.5788012742996216,False,0.0,55,0.11103302240371704,sum_mod_10,0.0491885244846344
5.897507667541504,1.6178176403045654,-0.03616640344262123,6.927548408508301,False,family-00364-sum_mod_10,family-00364,False,0.16022154688835144,1.0,high,1,0.7280274033546448,False,0.0,55,0.10475371032953262,sum_mod_10,0.05546783655881882
10.998987197875977,1.9848963022232056,0.18881724774837494,5.457730293273926,False,family-00364-sum_mod_10,family-00364,False,0.16022154688835144,1.0,high,2,0.47188541293144226,False,0.0,55,0.2537234425544739,sum_mod_10,-0.09350189566612244
3.3207077980041504,1.0952413082122803,0.4219958186149597,11.198572158813477,False,family-00364-sum_mod_10,family-00364,False,0.16022154688835144,1.0,high,3,0.8180639743804932,False,0.0,55,0.22816810011863708,sum_mod_10,-0.06794655323028564
5.357437610626221,1.406158208847046,-0.368387907743454,6.913315773010254,False,family-00365-maximum,family-00365,True,0.9338599443435669,0.0,low,0,0.6556680798530579,False,0.0,55,0.8671966195106506,maximum,0.06666332483291626
9.08150577545166,2.1217052936553955,-0.3503386378288269,5.187886714935303,False,family-00365-maximum,family-00365,True,0.9338599443435669,0.0,low,1,0.5056551098823547,False,0.0,55,0.9043867588043213,maximum,0.029473185539245605
4.718480110168457,1.1575509309768677,0.1808685064315796,8.327348709106445,False,family-00365-maximum,family-00365,True,0.9338599443435669,0.0,low,2,0.8548998236656189,False,0.0,55,0.7788212895393372,maximum,0.15503865480422974
1.7154916524887085,0.457302063703537,0.14642155170440674,11.241082191467285,False,family-00365-maximum,family-00365,True,0.9338599443435669,0.0,low,3,0.8079614043235779,False,0.0,55,0.626467227935791,maximum,0.3073927164077759
5.997237205505371,1.633044719696045,-0.35151785612106323,5.838874340057373,False,family-00365-minimum,family-00365,True,0.7431663870811462,1.0,high,0,0.6256846189498901,False,0.0,55,0.7483996152877808,minimum,-0.0052332282066345215
5.178532600402832,1.4530025720596313,-0.15217509865760803,6.073153972625732,False,family-00365-minimum,family-00365,True,0.7431663870811462,1.0,high,1,0.667133629322052,False,0.0,55,0.8328637480735779,minimum,-0.08969736099243164
5.3188347816467285,1.1617271900177002,0.38125118613243103,9.562638282775879,False,family-00365-minimum,family-00365,True,0.7431663870811462,1.0,high,2,0.9425644874572754,False,0.0,55,0.8029855489730835,minimum,-0.059819161891937256
9.302682876586914,1.682305097579956,0.49885281920433044,8.43979549407959,False,family-00365-minimum,family-00365,True,0.7431663870811462,1.0,high,3,0.5152090787887573,False,0.0,55,0.4269038140773773,minimum,0.3162625730037689
12.196130752563477,2.222034215927124,-0.2006177306175232,6.150482654571533,True,family-00365-sum_mod_10,family-00365,False,0.010783428326249123,0.5,medium,0,0.5500950813293457,False,0.0,55,0.04628637805581093,sum_mod_10,-0.035502947866916656
22.764312744140625,3.1159615516662598,0.06461963802576065,3.600229501724243,True,family-00365-sum_mod_10,family-00365,False,0.010783428326249123,0.5,medium,1,0.3095763623714447,False,0.0,55,0.013091540895402431,sum_mod_10,-0.002308112569153309
5.750981330871582,1.4515509605407715,0.18373583257198334,5.452861785888672,True,family-00365-sum_mod_10,family-00365,False,0.010783428326249123,0.5,medium,2,0.4399488568305969,False,0.0,55,0.025800758972764015,sum_mod_10,-0.015017330646514893
2.2220888137817383,0.6983739137649536,0.5207541584968567,10.742764472961426,True,family-00365-sum_mod_10,family-00365,False,0.010783428326249123,0.5,medium,3,0.7445403933525085,False,0.0,55,0.010440273210406303,sum_mod_10,0.0003431551158428192
5.13046932220459,1.5982530117034912,-0.5536671280860901,6.171866416931152,True,family-00366-maximum,family-00366,True,0.7967215776443481,1.0,high,0,0.6173962950706482,False,0.0,55,0.6246381998062134,maximum,0.17208337783813477
4.810170650482178,1.1070038080215454,-0.14372487366199493,6.867242813110352,True,family-00366-maximum,family-00366,True,0.7967215776443481,1.0,high,1,0.8225332498550415,False,0.0,55,0.7430290579795837,maximum,0.053692519664764404
4.612987518310547,1.1041076183319092,0.10642355680465698,8.10230541229248,True,family-00366-maximum,family-00366,True,0.7967215776443481,1.0,high,2,0.8086856007575989,False,0.0,55,0.36286625266075134,maximum,0.4338553249835968
4.1454877853393555,1.2461426258087158,0.3552846908569336,8.38502025604248,True,family-00366-maximum,family-00366,True,0.7967215776443481,1.0,high,3,0.6193171143531799,False,0.0,55,0.5132995247840881,maximum,0.28342205286026
14.150158882141113,2.318582534790039,-0.5482545495033264,5.386451244354248,True,family-00366-minimum,family-00366,True,0.9304060339927673,0.5,medium,0,0.5040212273597717,False,0.0,55,0.7660775184631348,minimum,0.16432851552963257
3.529775381088257,0.7168902158737183,-0.19768239557743073,8.895353317260742,True,family-00366-minimum,family-00366,True,0.9304060339927673,0.5,medium,1,0.9938815236091614,False,0.0,55,0.19844681024551392,minimum,0.7319592237472534
6.229287147521973,1.459458827972412,0.3028312027454376,7.618023872375488,True,family-00366-minimum,family-00366,True,0.9304060339927673,0.5,medium,2,0.6739895939826965,False,0.0,55,0.8823184967041016,minimum,0.04808753728866577
6.779502868652344,1.6253752708435059,0.20260119438171387,7.197057247161865,True,family-00366-minimum,family-00366,True,0.9304060339927673,0.5,medium,3,0.46657440066337585,False,0.0,55,0.8929603695869446,minimum,0.037445664405822754
8.290708541870117,1.8963239192962646,-0.10299557447433472,5.526408672332764,False,family-00366-sum_mod_10,family-00366,False,0.06899484246969223,0.0,low,0,0.518836498260498,False,0.0012726796913712921,55,0.056286733597517014,sum_mod_10,0.012708108872175217
9.738330841064453,1.6377609968185425,0.16626109182834625,6.614985942840576,False,family-00366-sum_mod_10,family-00366,False,0.06899484246969223,0.0,low,1,0.5760423541069031,False,0.0,55,0.06582460552453995,sum_mod_10,0.0031702369451522827
8.736823081970215,1.9092614650726318,0.25499942898750305,7.087032794952393,False,family-00366-sum_mod_10,family-00366,False,0.06899484246969223,0.0,low,2,0.5000195503234863,False,0.0,55,0.2011609971523285,sum_mod_10,-0.13216614723205566
3.712858200073242,1.0626897811889648,0.4204656183719635,8.145222663879395,False,family-00366-sum_mod_10,family-00366,False,0.06899484246969223,0.0,low,3,0.4684390425682068,False,0.0,55,0.07542387396097183,sum_mod_10,-0.006429031491279602
9.361583709716797,2.0118114948272705,-0.590756893157959,5.424097061157227,False,family-00367-maximum,family-00367,True,0.7231021523475647,0.5,medium,0,0.506512463092804,False,0.0,55,0.5697407722473145,maximum,0.15336138010025024
6.196442604064941,1.560403823852539,-0.2551102042198181,5.8225908279418945,False,family-00367-maximum,family-00367,True,0.7231021523475647,0.5,medium,1,0.6702423691749573,False,0.0,55,0.7431540489196777,maximum,-0.020051896572113037
7.3291168212890625,1.5603501796722412,0.11343348026275635,8.26700496673584,False,family-00367-maximum,family-00367,True,0.7231021523475647,0.5,medium,2,0.9043577909469604,False,0.0,55,0.3006567358970642,maximum,0.4224454164505005
5.357272148132324,1.468437671661377,0.2344907820224762,7.398809432983398,False,family-00367-maximum,family-00367,True,0.7231021523475647,0.5,medium,3,0.5690527558326721,False,0.0,55,0.7617943286895752,maximum,-0.0386921763420105
9.40359878540039,1.9330635070800781,-0.4770745038986206,6.404957294464111,False,family-00367-minimum,family-00367,True,0.9194700717926025,0.0,low,0,0.5056630969047546,False,0.0,55,0.7923071980476379,minimum,0.1271628737449646
1.8463265895843506,0.5098900198936462,-0.021097183227539062,8.398823738098145,False,family-00367-minimum,family-00367,True,0.9194700717926025,0.0,low,1,0.7540718913078308,False,0.0,55,0.6625569462776184,minimum,0.25691312551498413
9.715057373046875,1.9284765720367432,0.38374167680740356,5.5171380043029785,False,family-00367-minimum,family-00367,True,0.9194700717926025,0.0,low,2,0.3995751440525055,False,0.0,55,0.8928726315498352,minimum,0.026597440242767334
7.14854621887207,1.7986119985580444,0.2615458369255066,8.018821716308594,False,family-00367-minimum,family-00367,True,0.9194700717926025,0.0,low,3,0.47960057854652405,False,0.0,55,0.8688313961029053,minimum,0.050638675689697266
7.976744651794434,1.4793251752853394,-0.45797300338745117,6.523498058319092,False,family-00367-sum_mod_10,family-00367,False,0.22891345620155334,1.0,high,0,0.6186972260475159,False,0.0,55,0.2083510011434555,sum_mod_10,0.02056245505809784
4.467287063598633,1.2531485557556152,-0.04825887084007263,6.636936664581299,False,family-00367-sum_mod_10,family-00367,False,0.22891345620155334,1.0,high,1,0.6967797875404358,False,0.0,55,0.06665360927581787,sum_mod_10,0.16225984692573547
12.964805603027344,2.217074394226074,0.28067517280578613,4.957578659057617,False,family-00367-sum_mod_10,family-00367,False,0.22891345620155334,1.0,high,2,0.4370397627353668,False,0.0,55,0.3160567581653595,sum_mod_10,-0.08714330196380615
4.784922122955322,1.3986527919769287,0.44281095266342163,10.370609283447266,False,family-00367-sum_mod_10,family-00367,False,0.22891345620155334,1.0,high,3,0.7628296613693237,False,0.0,55,0.30964359641075134,sum_mod_10,-0.080730140209198
17.78093147277832,2.735380172729492,-0.3595431447029114,4.14778995513916,True,family-00368-maximum,family-00368,True,0.4033336639404297,0.0,low,0,0.3709755539894104,False,0.0,55,0.41441482305526733,maximum,-0.011081159114837646
13.215561866760254,2.5217723846435547,-0.23702719807624817,4.321359634399414,True,family-00368-maximum,family-00368,True,0.4033336639404297,0.0,low,1,0.41416648030281067,False,0.0,55,0.6267350316047668,maximum,-0.22340136766433716
2.2537412643432617,0.6446774005889893,0.07786274701356888,11.987966537475586,True,family-00368-maximum,family-00368,True,0.4033336639404297,0.0,low,2,1.1634669303894043,False,0.07512680292123637,55,0.17158040404319763,maximum,0.23175325989723206
3.1996231079101562,0.9738339185714722,0.1046704351902008,7.915060043334961,True,family-00368-maximum,family-00368,True,0.4033336639404297,0.0,low,3,0.48248931765556335,False,0.0,55,0.30863237380981445,maximum,0.09470129013061523
6.0703630447387695,1.7242563962936401,-0.6123585104942322,4.349654197692871,False,family-00368-minimum,family-00368,True,0.6812675595283508,1.0,high,0,0.46610212326049805,False,0.0,55,0.5446411967277527,minimum,0.13662636280059814
5.037518501281738,1.2696417570114136,-0.2637072205543518,5.840351104736328,False,family-00368-minimum,family-00368,True,0.6812675595283508,1.0,high,1,0.7784162759780884,False,0.0,55,0.39503446221351624,minimum,0.2862330973148346
3.5928354263305664,0.8414217233657837,-0.13789530098438263,7.017238140106201,False,family-00368-minimum,family-00368,True,0.6812675595283508,1.0,high,2,0.8554319739341736,False,0.0,55,0.16212262213230133,minimum,0.5191449522972107
3.045477867126465,0.9769744873046875,0.11317025125026703,9.451676368713379,False,family-00368-minimum,family-00368,True,0.6812675595283508,1.0,high,3,0.9420738816261292,False,0.0,55,0.4133097231388092,minimum,0.2679578363895416
8.349912643432617,1.8262916803359985,-0.3660169839859009,6.94681453704834,False,family-00368-sum_mod_10,family-00368,True,0.2669110894203186,0.5,medium,0,0.548442006111145,False,0.0,55,0.18281418085098267,sum_mod_10,0.08409690856933594
2.4119889736175537,0.8593645095825195,-0.011054456233978271,5.631579399108887,False,family-00368-sum_mod_10,family-00368,True,0.2669110894203186,0.5,medium,1,0.46883541345596313,False,0.0,55,0.14182640612125397,sum_mod_10,0.12508468329906464
5.165543079376221,1.4153738021850586,0.09143629670143127,6.1787848472595215,False,family-00368-sum_mod_10,family-00368,True,0.2669110894203186,0.5,medium,2,0.4677360951900482,False,0.0,55,0.18721839785575867,sum_mod_10,0.07969269156455994
1.5520188808441162,0.4051152467727661,0.43746232986450195,14.053023338317871,False,family-00368-sum_mod_10,family-00368,True,0.2669110894203186,0.5,medium,3,0.9314866662025452,False,0.0,55,0.13543574512004852,sum_mod_10,0.13147534430027008
5.97704553604126,1.707118272781372,-0.32288143038749695,7.488927841186523,False,family-00369-maximum,family-00369,True,0.6337029337882996,1.0,high,0,0.7147747874259949,False,0.0,55,0.44907745718955994,maximum,0.18462547659873962
5.499768257141113,1.4837218523025513,-0.06014679744839668,5.219746112823486,False,family-00369-maximum,family-00369,True,0.6337029337882996,1.0,high,1,0.48634371161460876,False,0.0,55,0.7914170026779175,maximum,-0.15771406888961792
5.233433723449707,1.2655502557754517,0.21916639804840088,6.336784362792969,False,family-00369-maximum,family-00369,True,0.6337029337882996,1.0,high,2,0.5439831018447876,False,0.0,55,0.47188133001327515,maximum,0.16182160377502441
3.521406650543213,0.9327159523963928,0.2805826663970947,7.568954944610596,False,family-00369-maximum,family-00369,True,0.6337029337882996,1.0,high,3,0.5245516896247864,False,0.0,55,0.45663201808929443,maximum,0.17707091569900513
8.078744888305664,1.7933915853500366,-0.4036175608634949,8.070993423461914,True,family-00369-minimum,family-00369,True,0.40954673290252686,0.5,medium,0,0.7541440725326538,False,0.014338857131703587,55,0.5113540887832642,minimum,-0.1018073558807373
8.334028244018555,1.8630893230438232,0.06486307084560394,5.651307582855225,True,family-00369-minimum,family-00369,True,0.40954673290252686,0.5,medium,1,0.5389510989189148,False,0.03017583773585108,55,0.4638870060443878,minimum,-0.05434027314186096
12.954776763916016,2.005486488342285,0.033415768295526505,6.187536239624023,True,family-00369-minimum,family-00369,True,0.40954673290252686,0.5,medium,2,0.5059264302253723,False,0.0,55,0.12668168544769287,minimum,0.282865047454834
10.950017929077148,1.852095603942871,0.3991817831993103,7.862470626831055,True,family-00369-minimum,family-00369,True,0.40954673290252686,0.5,medium,3,0.5660722851753235,False,0.0,55,0.2262275218963623,minimum,0.18331921100616455
7.58505916595459,1.772035837173462,-0.3375806212425232,6.647502899169922,False,family-00369-sum_mod_10,family-00369,False,0.015272234566509724,0.0,low,0,0.6509465575218201,False,0.0,55,0.039307042956352234,sum_mod_10,-0.024034809321165085
18.009347915649414,2.8358211517333984,0.110397569835186,4.729623317718506,False,family-00369-sum_mod_10,family-00369,False,0.015272234566509724,0.0,low,1,0.46683502197265625,False,0.03428419681171165,55,0.016297364607453346,sum_mod_10,-0.0010251300409436226
12.734014511108398,2.222149133682251,0.4069618582725525,4.443098545074463,False,family-00369-sum_mod_10,family-00369,False,0.015272234566509724,0.0,low,2,0.3815660774707794,False,0.008679895606863984,55,0.017971482127904892,sum_mod_10,-0.0026992475613951683
3.4945034980773926,0.874025285243988,0.4637482762336731,7.717541217803955,False,family-00369-sum_mod_10,family-00369,False,0.015272234566509724,0.0,low,3,0.5492353439331055,False,0.0,55,0.018799390643835068,sum_mod_10,-0.003527156077325344
10.408384323120117,2.0674564838409424,-0.5012955665588379,3.981889486312866,True,family-00370-maximum,family-00370,False,0.27303245663642883,0.5,medium,0,0.35613754391670227,False,0.0,55,0.04474910348653793,maximum,0.2282833456993103
11.578221321105957,2.1808218955993652,-0.08404046297073364,4.779727935791016,True,family-00370-maximum,family-00370,False,0.27303245663642883,0.5,medium,1,0.48724818229675293,False,0.0,55,0.06371469050645828,maximum,0.20931777358055115
7.858040809631348,1.6340690851211548,0.019444160163402557,6.139256477355957,True,family-00370-maximum,family-00370,False,0.27303245663642883,0.5,medium,2,0.5822041630744934,False,0.0,55,0.061172548681497574,maximum,0.21185991168022156
2.5162904262542725,0.819837749004364,0.14246207475662231,8.340907096862793,True,family-00370-maximum,family-00370,False,0.27303245663642883,0.5,medium,3,0.6778718829154968,False,0.0,55,0.09202935546636581,maximum,0.18100309371948242
4.041134834289551,0.9479283094406128,-0.5429149270057678,6.872134685516357,False,family-00370-minimum,family-00370,True,0.8544488549232483,0.0,low,0,0.6517624258995056,False,0.0,55,0.7680785059928894,minimum,0.08637034893035889
9.060699462890625,1.6683155298233032,0.10243289172649384,7.619339942932129,False,family-00370-minimum,family-00370,True,0.8544488549232483,0.0,low,1,0.8533511757850647,False,0.0,55,0.42355823516845703,minimum,0.43089061975479126
11.040781021118164,2.133514404296875,0.2189098596572876,5.3001203536987305,False,family-00370-minimum,family-00370,True,0.8544488549232483,0.0,low,2,0.4303019046783447,False,0.0,55,0.7878784537315369,minimum,0.06657040119171143
24.13947868347168,3.1368517875671387,0.5169357061386108,6.281885147094727,False,family-00370-minimum,family-00370,True,0.8544488549232483,0.0,low,3,0.435165673494339,False,0.0,55,0.7798261046409607,minimum,0.0746227502822876
5.17028284072876,1.3307199478149414,-0.492953896522522,6.848397731781006,False,family-00370-sum_mod_10,family-00370,False,0.010179920122027397,1.0,high,0,0.5406721234321594,False,0.0,55,0.03866444155573845,sum_mod_10,-0.028484521433711052
2.511901378631592,0.8178243041038513,-0.007524266839027405,8.11155891418457,False,family-00370-sum_mod_10,family-00370,False,0.010179920122027397,1.0,high,1,0.7349372506141663,False,0.0,55,0.03296755999326706,sum_mod_10,-0.022787639871239662
8.593744277954102,1.6388490200042725,0.16180720925331116,5.329479217529297,False,family-00370-sum_mod_10,family-00370,False,0.010179920122027397,1.0,high,2,0.39049598574638367,False,0.0,55,0.011543862521648407,sum_mod_10,-0.0013639423996210098
3.377655029296875,1.1167240142822266,0.38225069642066956,12.125922203063965,False,family-00370-sum_mod_10,family-00370,False,0.010179920122027397,1.0,high,3,0.7856615781784058,False,0.0,55,0.004764251410961151,sum_mod_10,0.005415668711066246
9.128515243530273,1.972433090209961,-0.49328163266181946,6.98713493347168,False,family-00371-maximum,family-00371,True,0.7811707258224487,0.0,low,0,0.5516252517700195,False,0.0,55,0.45328468084335327,maximum,0.32788604497909546
4.235024452209473,1.144240379333496,-0.1863262951374054,6.5518107414245605,False,family-00371-maximum,family-00371,True,0.7811707258224487,0.0,low,1,0.5933043360710144,False,0.0,55,0.7427731156349182,maximum,0.03839761018753052
7.065465927124023,1.3594872951507568,-0.018671106547117233,11.2003812789917,False,family-00371-maximum,family-00371,True,0.7811707258224487,0.0,low,2,0.9537492990493774,False,0.01967933622440078,55,0.41725268959999084,maximum,0.3639180362224579
2.6688132286071777,0.7906993627548218,0.0884355753660202,8.333675384521484,False,family-00371-maximum,family-00371,True,0.7811707258224487,0.0,low,3,0.5183828473091125,False,0.0,55,0.43893712759017944,maximum,0.3422335982322693
8.58864974975586,2.0092966556549072,-0.6129229664802551,5.553818225860596,True,family-00371-minimum,family-00371,True,0.8010979890823364,1.0,high,0,0.5030150413513184,False,0.0,55,0.5630501508712769,minimum,0.23804783821105957
6.913539409637451,1.6615524291992188,-0.18432076275348663,5.638462543487549,True,family-00371-minimum,family-00371,True,0.8010979890823364,1.0,high,1,0.6401521563529968,False,0.0,55,0.2644505202770233,minimum,0.5366474390029907
8.119355201721191,1.3227043151855469,0.10315084457397461,7.568519592285156,True,family-00371-minimum,family-00371,True,0.8010979890823364,1.0,high,2,0.7931126356124878,False,0.0,55,0.6487084031105042,minimum,0.15238958597183228
4.99375581741333,1.2866787910461426,0.4475293755531311,8.55482292175293,True,family-00371-minimum,family-00371,True,0.8010979890823364,1.0,high,3,0.6695567965507507,False,0.0,55,0.8013715744018555,minimum,-0.00027358531951904297
6.417008399963379,1.5944498777389526,-0.2977598011493683,6.630350112915039,False,family-00371-sum_mod_10,family-00371,False,0.019516190513968468,0.5,medium,0,0.6328284740447998,False,0.0,55,0.01675831712782383,sum_mod_10,0.002757873386144638
8.050745010375977,1.7008562088012695,-0.2781727910041809,5.674354553222656,False,family-00371-sum_mod_10,family-00371,False,0.019516190513968468,0.5,medium,1,0.5353018045425415,False,0.0,55,0.029512422159314156,sum_mod_10,-0.009996231645345688
6.625924587249756,1.5652611255645752,0.21030670404434204,6.438782215118408,False,family-00371-sum_mod_10,family-00371,False,0.019516190513968468,0.5,medium,2,0.6108660697937012,False,0.0,55,0.02794758975505829,sum_mod_10,-0.00843139924108982
1.4135621786117554,0.29050707817077637,0.4754643738269806,14.099150657653809,False,family-00371-sum_mod_10,family-00371,False,0.019516190513968468,0.5,medium,3,1.0476800203323364,False,0.0,55,0.018103554844856262,sum_mod_10,0.0014126356691122055
14.540477752685547,2.4540655612945557,-0.577092707157135,5.928079605102539,True,family-00372-maximum,family-00372,True,0.3879580795764923,1.0,high,0,0.5547025203704834,False,0.0,55,0.1495867520570755,maximum,0.2383713275194168
6.472140312194824,1.5482772588729858,-0.016392583027482033,6.620700359344482,True,family-00372-maximum,family-00372,True,0.3879580795764923,1.0,high,1,0.758290708065033,False,0.0,55,0.34114301204681396,maximum,0.046815067529678345
8.219425201416016,1.6579986810684204,0.13107222318649292,6.339942932128906,True,family-00372-maximum,family-00372,True,0.3879580795764923,1.0,high,2,0.5832182765007019,False,0.0,55,0.5501091480255127,maximum,-0.16215106844902039
4.50413703918457,1.2581682205200195,0.15995699167251587,6.778491973876953,True,family-00372-maximum,family-00372,True,0.3879580795764923,1.0,high,3,0.5103221535682678,False,0.0,55,0.07823633402585983,maximum,0.3097217381000519
10.388357162475586,2.1396617889404297,-0.3074263036251068,5.954698085784912,False,family-00372-minimum,family-00372,True,0.8505207300186157,0.5,medium,0,0.6238327622413635,False,0.0,55,0.5561006665229797,minimum,0.294420063495636
2.7058498859405518,0.97357577085495,-0.11397508531808853,7.507446765899658,False,family-00372-minimum,family-00372,True,0.8505207300186157,0.5,medium,1,0.7843097448348999,False,0.0,55,0.7948485016822815,minimum,0.05567222833633423
5.542291164398193,1.3052349090576172,0.3655410408973694,7.311389446258545,False,family-00372-minimum,family-00372,True,0.8505207300186157,0.5,medium,2,0.6373292803764343,False,0.0,55,0.754447877407074,minimum,0.09607285261154175
10.507637023925781,1.9547016620635986,0.5189571380615234,7.587655544281006,False,family-00372-minimum,family-00372,True,0.8505207300186157,0.5,medium,3,0.4833967685699463,False,0.0,55,0.7121720314025879,minimum,0.13834869861602783
6.0277533531188965,1.5465071201324463,-0.5486241579055786,6.389542102813721,True,family-00372-sum_mod_10,family-00372,False,0.06862717121839523,0.0,low,0,0.639171302318573,False,0.0,55,0.061126746237277985,sum_mod_10,0.0075004249811172485
12.208492279052734,2.4192891120910645,-0.1912347674369812,4.488958358764648,True,family-00372-sum_mod_10,family-00372,False,0.06862717121839523,0.0,low,1,0.5339723825454712,False,0.002814629401994555,55,0.07016480714082718,sum_mod_10,-0.0015376359224319458
4.493793964385986,1.1659855842590332,0.2914591431617737,5.913891792297363,True,family-00372-sum_mod_10,family-00372,False,0.06862717121839523,0.0,low,2,0.6766345500946045,False,0.0,55,0.030512575060129166,sum_mod_10,0.03811459615826607
1.1617541313171387,0.1341664046049118,0.5952798128128052,9.49082088470459,True,family-00372-sum_mod_10,family-00372,False,0.06862717121839523,0.0,low,3,0.797873318195343,False,0.0,55,0.09413214772939682,sum_mod_10,-0.025504976511001587
6.155460357666016,1.619145154953003,-0.2242140769958496,7.28269624710083,True,family-00373-maximum,family-00373,True,0.9083216786384583,0.5,medium,0,0.7465550899505615,False,0.0,55,0.45402756333351135,maximum,0.4542941153049469
6.696939468383789,1.6983834505081177,-0.11725113540887833,5.893475532531738,True,family-00373-maximum,family-00373,True,0.9083216786384583,0.5,medium,1,0.5463923215866089,False,0.0,55,0.9049820303916931,maximum,0.0033396482467651367
11.009817123413086,1.9601712226867676,0.1381414234638214,6.402101039886475,True,family-00373-maximum,family-00373,True,0.9083216786384583,0.5,medium,2,0.5486379265785217,False,0.0,55,0.7403939366340637,maximum,0.16792774200439453
11.158470153808594,1.680840015411377,0.38409432768821716,7.810563087463379,True,family-00373-maximum,family-00373,True,0.9083216786384583,0.5,medium,3,0.5553607940673828,False,0.0,55,0.829723060131073,maximum,0.07859861850738525
16.068248748779297,2.626683235168457,-0.5135082006454468,3.9713220596313477,True,family-00373-minimum,family-00373,True,0.8504231572151184,0.0,low,0,0.3551923930644989,False,0.0,55,0.4391824007034302,minimum,0.41124075651168823
12.524979591369629,2.2628583908081055,-0.046791400760412216,5.7335357666015625,True,family-00373-minimum,family-00373,True,0.8504231572151184,0.0,low,1,0.5876954197883606,False,0.0,55,0.5963464975357056,minimum,0.25407665967941284
7.449138641357422,1.596239447593689,0.23861560225486755,6.918690204620361,True,family-00373-minimum,family-00373,True,0.8504231572151184,0.0,low,2,0.6243003010749817,False,0.0,55,0.6315087080001831,minimum,0.2189144492149353
7.789193630218506,1.7800507545471191,0.29462042450904846,8.016928672790527,True,family-00373-minimum,family-00373,True,0.8504231572151184,0.0,low,3,0.5568417906761169,False,0.0,55,0.7786572575569153,minimum,0.07176589965820312
5.852112770080566,1.6532871723175049,-0.5750203728675842,6.6225409507751465,False,family-00373-sum_mod_10,family-00373,False,0.18908444046974182,1.0,high,0,0.5228410363197327,False,0.0,55,0.08517229557037354,sum_mod_10,0.10391214489936829
2.481509208679199,0.7893404960632324,-0.08989690244197845,8.249565124511719,False,family-00373-sum_mod_10,family-00373,False,0.18908444046974182,1.0,high,1,0.7944517135620117,False,0.0,55,0.22851119935512543,sum_mod_10,-0.039426758885383606
8.35515022277832,1.5689691305160522,0.20482970774173737,6.12865686416626,False,family-00373-sum_mod_10,family-00373,False,0.18908444046974182,1.0,high,2,0.483786940574646,False,0.0,55,0.09698451310396194,sum_mod_10,0.09209992736577988
2.277583122253418,0.7934597730636597,0.37739914655685425,12.72961711883545,False,family-00373-sum_mod_10,family-00373,False,0.18908444046974182,1.0,high,3,0.8396468162536621,False,0.0,55,0.10506659746170044,sum_mod_10,0.08401784300804138
8.529525756835938,1.940649151802063,-0.6246612668037415,6.462522029876709,False,family-00374-maximum,family-00374,True,0.5883844494819641,0.0,low,0,0.5272559523582458,False,0.0,55,0.5237010717391968,maximum,0.06468337774276733
7.906361103057861,2.0471200942993164,-0.3853428363800049,3.383277416229248,False,family-00374-maximum,family-00374,True,0.5883844494819641,0.0,low,1,0.3507610857486725,False,0.0,55,0.7155953645706177,maximum,-0.12721091508865356
5.27446174621582,0.9152374863624573,0.23581720888614655,12.671075820922852,False,family-00374-maximum,family-00374,True,0.5883844494819641,0.0,low,2,1.4226151704788208,False,0.0,55,0.1266900897026062,maximum,0.4616943597793579
1.700077772140503,0.5047094821929932,-0.044196195900440216,10.052315711975098,False,family-00374-maximum,family-00374,True,0.5883844494819641,0.0,low,3,0.5871449112892151,False,0.0,55,0.25193479657173157,maximum,0.33644965291023254
14.326700210571289,2.3198719024658203,-0.5852574706077576,6.512282371520996,True,family-00374-minimum,family-00374,False,0.34318751096725464,1.0,high,0,0.6093675494194031,False,0.0,55,0.5937607884407043,minimum,-0.2505732774734497
9.637935638427734,2.020681619644165,-0.09302421659231186,3.6545896530151367,True,family-00374-minimum,family-00374,False,0.34318751096725464,1.0,high,1,0.42155444622039795,False,0.0,55,0.44096580147743225,minimum,-0.09777829051017761
7.321157455444336,0.8656909465789795,0.1128678023815155,8.035094261169434,True,family-00374-minimum,family-00374,False,0.34318751096725464,1.0,high,2,0.8839996457099915,False,0.0,55,0.198884978890419,minimum,0.14430253207683563
3.212132692337036,0.9806537628173828,0.4357314109802246,8.004199028015137,True,family-00374-minimum,family-00374,False,0.34318751096725464,1.0,high,3,0.6256568431854248,False,0.0,55,0.22115236520767212,minimum,0.12203514575958252
11.542795181274414,2.074246883392334,-0.23034706711769104,5.487035274505615,True,family-00374-sum_mod_10,family-00374,False,0.04657033085823059,0.5,medium,0,0.4907567799091339,False,0.0,55,0.03632054850459099,sum_mod_10,0.010249782353639603
18.11783790588379,2.865880012512207,-0.08046472072601318,3.6791064739227295,True,family-00374-sum_mod_10,family-00374,False,0.04657033085823059,0.5,medium,1,0.3266560137271881,False,0.0,55,0.030265415087342262,sum_mod_10,0.01630491577088833
5.183246612548828,1.383287787437439,0.20047527551651,6.186706066131592,True,family-00374-sum_mod_10,family-00374,False,0.04657033085823059,0.5,medium,2,0.535007119178772,False,0.0,55,0.030462350696325302,sum_mod_10,0.01610798016190529
1.6615591049194336,0.4413805902004242,0.5316088199615479,10.609089851379395,True,family-00374-sum_mod_10,family-00374,False,0.04657033085823059,0.5,medium,3,0.7489018440246582,False,0.0,55,0.024525249376893044,sum_mod_10,0.022045081481337547
7.034725189208984,1.9084253311157227,-0.5529887080192566,5.898593425750732,True,family-00375-maximum,family-00375,True,0.6995052695274353,1.0,high,0,0.5511575937271118,False,0.0,55,0.6913504600524902,maximum,0.008154809474945068
7.671339988708496,1.7722729444503784,-0.15121644735336304,5.031257629394531,True,family-00375-maximum,family-00375,True,0.6995052695274353,1.0,high,1,0.56423419713974,False,0.0,55,0.7675656676292419,maximum,-0.06806039810180664
8.623395919799805,1.8817434310913086,0.24485719203948975,5.223489761352539,True,family-00375-maximum,family-00375,True,0.6995052695274353,1.0,high,2,0.5467970967292786,False,0.0,55,0.5373904705047607,maximum,0.16211479902267456
5.644333839416504,1.319442868232727,0.07268507778644562,10.36169719696045,True,family-00375-maximum,family-00375,True,0.6995052695274353,1.0,high,3,0.8665525317192078,False,0.0,55,0.0883481353521347,maximum,0.6111571192741394
7.664137840270996,1.8901439905166626,-0.534142017364502,5.3710222244262695,False,family-00375-minimum,family-00375,True,0.38544243574142456,0.5,medium,0,0.5755503177642822,False,0.0,55,0.7461410164833069,minimum,-0.3606985807418823
4.9239912033081055,1.2420858144760132,-0.12318561971187592,6.550712585449219,False,family-00375-minimum,family-00375,True,0.38544243574142456,0.5,medium,1,0.8293445110321045,False,0.0,55,0.48318445682525635,minimum,-0.09774202108383179
7.212715148925781,1.5356740951538086,0.33687543869018555,6.525096416473389,False,family-00375-minimum,family-00375,True,0.38544243574142456,0.5,medium,2,0.6782529950141907,False,0.0,55,0.082816943526268,minimum,0.30262547731399536
12.962406158447266,2.2147469520568848,-0.19815057516098022,8.10108757019043,False,family-00375-minimum,family-00375,True,0.38544243574142456,0.5,medium,3,0.6081867814064026,False,0.0,55,0.07415026426315308,minimum,0.3112921714782715
9.106014251708984,1.9679392576217651,-0.3106310963630676,5.860487937927246,True,family-00375-sum_mod_10,family-00375,False,0.06270341575145721,0.0,low,0,0.5002251267433167,False,0.0,55,0.06395665556192398,sum_mod_10,-0.0012532398104667664
14.792285919189453,2.5860166549682617,-0.20437756180763245,4.0817742347717285,True,family-00375-sum_mod_10,family-00375,False,0.06270341575145721,0.0,low,1,0.35945364832878113,False,0.0,55,0.09244131296873093,sum_mod_10,-0.029737897217273712
6.037356376647949,1.6935304403305054,0.12087631225585938,4.738009929656982,True,family-00375-sum_mod_10,family-00375,False,0.06270341575145721,0.0,low,2,0.4209907352924347,False,0.008458054973432336,55,0.06152242049574852,sum_mod_10,0.0011809952557086945
2.0943899154663086,0.5291181802749634,0.49791109561920166,8.855847358703613,True,family-00375-sum_mod_10,family-00375,False,0.06270341575145721,0.0,low,3,0.6957767605781555,False,0.0,55,0.06164821982383728,sum_mod_10,0.001055195927619934
9.147878646850586,1.810122013092041,-0.5675816535949707,6.117610931396484,False,family-00376-maximum,family-00376,True,0.8582070469856262,0.5,medium,0,0.5712741017341614,False,0.0,55,0.40002062916755676,maximum,0.45818641781806946
8.177468299865723,1.7736496925354004,-0.18385140597820282,5.735285758972168,False,family-00376-maximum,family-00376,True,0.8582070469856262,0.5,medium,1,0.6504984498023987,False,0.0038206665765788948,55,0.8609098196029663,maximum,-0.002702772617340088
11.22964859008789,1.8236110210418701,0.11741863936185837,6.955190181732178,False,family-00376-maximum,family-00376,True,0.8582070469856262,0.5,medium,2,0.7249900698661804,False,0.0,55,0.3587454557418823,maximum,0.4994615912437439
3.954002857208252,0.9911090135574341,0.1398477703332901,10.688546180725098,False,family-00376-maximum,family-00376,True,0.8582070469856262,0.5,medium,3,0.8555511832237244,False,0.0,55,0.1486760824918747,maximum,0.7095309495925903
3.5558109283447266,0.7363021373748779,-0.5683858394622803,7.838101863861084,False,family-00376-minimum,family-00376,True,0.86883544921875,0.0,low,0,0.7433760166168213,False,0.0,55,0.8208547234535217,minimum,0.04798072576522827
11.523805618286133,1.8739006519317627,0.13924840092658997,5.994415283203125,False,family-00376-minimum,family-00376,True,0.86883544921875,0.0,low,1,0.675869882106781,False,0.0,55,0.5924279689788818,minimum,0.27640748023986816
13.155110359191895,2.4311845302581787,0.27564147114753723,4.633569240570068,False,family-00376-minimum,family-00376,True,0.86883544921875,0.0,low,2,0.4073289930820465,False,0.0,55,0.7712350487709045,minimum,0.09760040044784546
22.595596313476562,3.064422607421875,0.4471108317375183,6.301828384399414,False,family-00376-minimum,family-00376,True,0.86883544921875,0.0,low,3,0.46980252861976624,False,0.0,55,0.784425675868988,minimum,0.08440977334976196
4.752695083618164,1.1787317991256714,-0.5014709234237671,7.690227031707764,False,family-00376-sum_mod_10,family-00376,False,0.05981875956058502,1.0,high,0,0.6071334481239319,False,0.0,55,0.06996463984251022,sum_mod_10,-0.010145880281925201
3.2731456756591797,0.9621661305427551,-0.026236459612846375,7.131336212158203,False,family-00376-sum_mod_10,family-00376,False,0.05981875956058502,1.0,high,1,0.6459476351737976,False,0.0,55,0.08013100177049637,sum_mod_10,-0.020312242209911346
10.604387283325195,1.918915867805481,0.17207938432693481,5.051650524139404,False,family-00376-sum_mod_10,family-00376,False,0.05981875956058502,1.0,high,2,0.38903895020484924,False,0.0,55,0.0658375471830368,sum_mod_10,-0.006018787622451782
2.630608558654785,0.86385178565979,0.2911706566810608,12.529212951660156,False,family-00376-sum_mod_10,family-00376,False,0.05981875956058502,1.0,high,3,0.8511204719543457,False,0.0,55,0.02691633626818657,sum_mod_10,0.03290242329239845
7.173232078552246,1.6728787422180176,-0.4465877115726471,7.322956085205078,False,family-00377-maximum,family-00377,True,0.5132007002830505,0.0,low,0,0.5781378746032715,False,0.0,55,0.4256262481212616,maximum,0.08757445216178894
4.425935745239258,1.1676559448242188,-0.24374261498451233,5.57435941696167,False,family-00377-maximum,family-00377,True,0.5132007002830505,0.0,low,1,0.486630380153656,False,0.0,55,0.33412814140319824,maximum,0.1790725588798523
3.7015233039855957,1.1236584186553955,0.11264587193727493,9.91912841796875,False,family-00377-maximum,family-00377,True,0.5132007002830505,0.0,low,2,0.8661001920700073,False,0.0,55,0.0694039911031723,maximum,0.44379669427871704
2.8049466609954834,0.7852033972740173,0.10125679522752762,7.780670642852783,False,family-00377-maximum,family-00377,True,0.5132007002830505,0.0,low,3,0.4871059060096741,False,0.0,55,0.23172403872013092,maximum,0.2814766764640808
5.762940883636475,1.4737329483032227,-0.43468618392944336,5.962191581726074,False,family-00377-minimum,family-00377,True,0.7390975952148438,1.0,high,0,0.6388990879058838,False,0.0,55,0.6284849047660828,minimum,0.11061269044876099
3.769059658050537,1.137380838394165,-0.24694614112377167,5.210536003112793,False,family-00377-minimum,family-00377,True,0.7390975952148438,1.0,high,1,0.6046410799026489,False,0.0,55,0.8507837057113647,minimum,-0.111686110496521
3.64935564994812,1.0543649196624756,0.26333051919937134,8.430505752563477,False,family-00377-minimum,family-00377,True,0.7390975952148438,1.0,high,2,0.9470963478088379,False,0.0,55,0.7736301422119141,minimum,-0.03453254699707031
12.226215362548828,2.0461227893829346,0.4924686849117279,8.85271167755127,False,family-00377-minimum,family-00377,True,0.7390975952148438,1.0,high,3,0.6425285935401917,False,0.0,55,0.49512624740600586,minimum,0.2439713478088379
8.024826049804688,1.7889647483825684,-0.4723447561264038,6.429201126098633,False,family-00377-sum_mod_10,family-00377,False,0.034283194690942764,0.5,medium,0,0.6003709435462952,False,0.0,55,0.08430426567792892,sum_mod_10,-0.05002107098698616
9.205607414245605,1.8745111227035522,-0.2195848524570465,5.744265556335449,False,family-00377-sum_mod_10,family-00377,False,0.034283194690942764,0.5,medium,1,0.6022594571113586,False,0.0,55,0.04315389320254326,sum_mod_10,-0.008870698511600494
5.21706485748291,1.2894716262817383,0.3481380343437195,6.497970104217529,False,family-00377-sum_mod_10,family-00377,False,0.034283194690942764,0.5,medium,2,0.6501023173332214,False,0.0,55,0.0328199528157711,sum_mod_10,0.0014632418751716614
2.2145986557006836,0.7187296152114868,0.6401618123054504,10.826024055480957,False,family-00377-sum_mod_10,family-00377,False,0.034283194690942764,0.5,medium,3,0.7909325957298279,False,0.0,55,0.040587324649095535,sum_mod_10,-0.006304129958152771
6.694005966186523,1.5502269268035889,-0.6161033511161804,6.065340042114258,True,family-00378-maximum,family-00378,True,0.9012831449508667,1.0,high,0,0.5493441224098206,False,0.0,55,0.661716639995575,maximum,0.23956650495529175
9.687962532043457,1.9812123775482178,-0.19589103758335114,4.867124557495117,True,family-00378-maximum,family-00378,True,0.9012831449508667,1.0,high,1,0.5576552748680115,False,0.0,55,0.8916038274765015,maximum,0.009679317474365234
12.045949935913086,2.0667176246643066,0.44085097312927246,6.382174968719482,True,family-00378-maximum,family-00378,True,0.9012831449508667,1.0,high,2,0.6996024250984192,False,0.0,55,0.8882936239242554,maximum,0.012989521026611328
3.928004741668701,1.0105526447296143,0.053620345890522,12.5880126953125,True,family-00378-maximum,family-00378,True,0.9012831449508667,1.0,high,3,0.9507827162742615,False,0.0,55,0.1904340535402298,maximum,0.7108491063117981
10.02702522277832,2.079186201095581,-0.46798044443130493,4.170077800750732,False,family-00378-minimum,family-00378,False,0.058744270354509354,0.5,medium,0,0.43687036633491516,False,0.0,55,0.11262181401252747,minimum,-0.05387754365801811
5.043998718261719,1.4480247497558594,-0.3396207094192505,5.079469680786133,False,family-00378-minimum,family-00378,False,0.058744270354509354,0.5,medium,1,0.6017747521400452,False,0.0,55,0.11710895597934723,minimum,-0.058364685624837875
9.950782775878906,1.8645267486572266,0.06568340212106705,5.2387776374816895,False,family-00378-minimum,family-00378,False,0.058744270354509354,0.5,medium,2,0.6356410384178162,False,0.0,55,0.03944799676537514,minimum,0.019296273589134216
7.323103427886963,1.685488224029541,0.016117721796035767,9.631440162658691,False,family-00378-minimum,family-00378,False,0.058744270354509354,0.5,medium,3,0.9581612944602966,False,0.0,55,0.20736661553382874,minimum,-0.14862234890460968
6.864694118499756,1.5895648002624512,-0.388441801071167,6.224732398986816,True,family-00378-sum_mod_10,family-00378,False,0.12230486422777176,0.0,low,0,0.5313153862953186,False,0.0,55,0.1128271222114563,sum_mod_10,0.00947774201631546
16.74081802368164,2.81219482421875,-0.13842588663101196,3.660123109817505,True,family-00378-sum_mod_10,family-00378,False,0.12230486422777176,0.0,low,1,0.3350319266319275,False,0.0,55,0.07298736274242401,sum_mod_10,0.04931750148534775
9.719291687011719,1.8942331075668335,0.1987794041633606,5.030934810638428,True,family-00378-sum_mod_10,family-00378,False,0.12230486422777176,0.0,low,2,0.45608648657798767,False,0.008230025965261806,55,0.0834779217839241,sum_mod_10,0.038826942443847656
2.2579915523529053,0.6969637274742126,0.4173814058303833,8.914647102355957,True,family-00378-sum_mod_10,family-00378,False,0.12230486422777176,0.0,low,3,0.6856445074081421,False,0.0,55,0.12819457054138184,sum_mod_10,-0.005889706313610077
9.61880111694336,1.8434200286865234,-0.5028609037399292,6.096942901611328,True,family-00379-maximum,family-00379,True,0.9020364284515381,0.5,medium,0,0.5222105383872986,False,0.0,55,0.6761309504508972,maximum,0.22590547800064087
5.64898157119751,1.669089913368225,-0.2746117115020752,4.483083724975586,True,family-00379-maximum,family-00379,True,0.9020364284515381,0.5,medium,1,0.44412294030189514,False,0.0,55,0.9159702658653259,maximum,-0.013933837413787842
2.496079444885254,0.8755216598510742,0.23650674521923065,9.8618745803833,True,family-00379-maximum,family-00379,True,0.9020364284515381,0.5,medium,2,1.000612497329712,False,0.0,55,0.8742733001708984,maximum,0.02776312828063965
2.7692813873291016,0.5591198801994324,-0.0036648139357566833,12.278226852416992,True,family-00379-maximum,family-00379,True,0.9020364284515381,0.5,medium,3,0.7919465899467468,False,0.0,55,0.17188258469104767,maximum,0.7301538586616516
7.049196243286133,1.6545289754867554,-0.6370621919631958,5.508139610290527,False,family-00379-minimum,family-00379,True,0.3688110113143921,0.0,low,0,0.4493910074234009,False,0.0,55,0.37097597122192383,minimum,-0.0021649599075317383
7.7672343254089355,1.9658093452453613,-0.3454888164997101,4.173849582672119,False,family-00379-minimum,family-00379,True,0.3688110113143921,0.0,low,1,0.4292422831058502,False,0.0,55,0.16041283309459686,minimum,0.20839817821979523
4.054208755493164,1.0275256633758545,-0.2603670656681061,6.3961944580078125,False,family-00379-minimum,family-00379,True,0.3688110113143921,0.0,low,2,0.6981776356697083,False,0.0,55,0.05298745632171631,minimum,0.3158235549926758
4.440040588378906,0.9520121812820435,0.28045356273651123,6.318783283233643,False,family-00379-minimum,family-00379,True,0.3688110113143921,0.0,low,3,0.6506034731864929,False,0.0,55,0.7066913843154907,minimum,-0.33788037300109863
8.76947021484375,1.779770851135254,-0.5866401195526123,5.546178817749023,False,family-00379-sum_mod_10,family-00379,False,0.017112107947468758,1.0,high,0,0.4524945020675659,False,0.0,55,0.04831627011299133,sum_mod_10,-0.031204162165522575
7.024656295776367,1.926700234413147,-0.2716960906982422,3.5823800563812256,False,family-00379-sum_mod_10,family-00379,False,0.017112107947468758,1.0,high,1,0.35604920983314514,False,0.0,55,0.03817182034254074,sum_mod_10,-0.021059712395071983
2.479199171066284,0.8303386569023132,0.08176393806934357,8.006559371948242,False,family-00379-sum_mod_10,family-00379,False,0.017112107947468758,1.0,high,2,0.8237101435661316,False,0.0,55,0.057589106261730194,sum_mod_10,-0.040477000176906586
1.4597786664962769,0.3588787913322449,0.42826810479164124,11.464822769165039,False,family-00379-sum_mod_10,family-00379,False,0.017112107947468758,1.0,high,3,0.8759377002716064,False,0.0,55,0.008555429987609386,sum_mod_10,0.008556677959859371
6.816764831542969,1.4224615097045898,-0.5881203413009644,6.6801838874816895,True,family-00380-maximum,family-00380,True,0.9292534589767456,0.0,low,0,0.6682453155517578,False,0.0,55,0.687486469745636,maximum,0.24176698923110962
16.277307510375977,2.7249979972839355,-0.15677793323993683,3.6987459659576416,True,family-00380-maximum,family-00380,True,0.9292534589767456,0.0,low,1,0.45525458455085754,False,0.0,55,0.9168444871902466,maximum,0.012408971786499023
3.9300153255462646,0.8403387069702148,0.15487362444400787,8.976597785949707,True,family-00380-maximum,family-00380,True,0.9292534589767456,0.0,low,2,1.0708703994750977,False,0.0,55,0.8969306945800781,maximum,0.03232276439666748
2.0059123039245605,0.5235542058944702,0.09595218300819397,11.42242431640625,True,family-00380-maximum,family-00380,True,0.9292534589767456,0.0,low,3,0.86555016040802,False,0.0,55,0.3178776204586029,maximum,0.6113758087158203
7.763571739196777,1.5618847608566284,-0.5809266567230225,5.731227397918701,True,family-00380-minimum,family-00380,False,0.023189732804894447,1.0,high,0,0.5190832018852234,False,0.0,55,0.009932866320014,minimum,0.013256866484880447
10.398580551147461,2.2409582138061523,-0.31803399324417114,4.383248329162598,True,family-00380-minimum,family-00380,False,0.023189732804894447,1.0,high,1,0.4863339960575104,False,0.0,55,0.005352039355784655,minimum,0.01783769391477108
7.310680389404297,1.2514617443084717,-0.30553245544433594,7.387251377105713,True,family-00380-minimum,family-00380,False,0.023189732804894447,1.0,high,2,0.8512155413627625,False,0.0,55,0.009710615500807762,minimum,0.013479117304086685
7.843863487243652,1.5131789445877075,-0.26900774240493774,8.87030029296875,True,family-00380-minimum,family-00380,False,0.023189732804894447,1.0,high,3,0.9313352108001709,False,0.0,55,0.005306487902998924,minimum,0.017883244901895523
2.8462975025177,0.8715100288391113,-0.40108799934387207,7.3310394287109375,False,family-00380-sum_mod_10,family-00380,False,0.1324501782655716,0.5,medium,0,0.5787760615348816,False,0.0,55,0.10246341675519943,sum_mod_10,0.029986761510372162
4.437129974365234,1.4452736377716064,-0.10435596108436584,4.991625785827637,False,family-00380-sum_mod_10,family-00380,False,0.1324501782655716,0.5,medium,1,0.42233049869537354,False,0.0,55,0.1381428837776184,sum_mod_10,-0.005692705512046814
5.578975200653076,1.4198344945907593,0.20224115252494812,5.4905524253845215,False,family-00380-sum_mod_10,family-00380,False,0.1324501782655716,0.5,medium,2,0.44490763545036316,False,0.0,55,0.14157222211360931,sum_mod_10,-0.00912204384803772
1.6788250207901,0.4306122660636902,0.5305373668670654,14.999577522277832,False,family-00380-sum_mod_10,family-00380,False,0.1324501782655716,0.5,medium,3,1.0354377031326294,False,0.0,55,0.04913175851106644,sum_mod_10,0.08331841975450516
3.776397228240967,1.106797456741333,-0.640986442565918,7.146464824676514,False,family-00381-maximum,family-00381,True,0.9134480357170105,1.0,high,0,0.6746734380722046,False,0.0,55,0.605827808380127,maximum,0.30762022733688354
4.150800704956055,1.123056173324585,-0.06221231445670128,6.311155796051025,False,family-00381-maximum,family-00381,True,0.9134480357170105,1.0,high,1,0.7755065560340881,False,0.0018864484653453115,55,0.9491915106773376,maximum,-0.03574347496032715
6.039285659790039,1.608694076538086,0.14804838597774506,6.252684593200684,False,family-00381-maximum,family-00381,True,0.9134480357170105,1.0,high,2,0.6263061165809631,False,0.0,55,0.7425163388252258,maximum,0.17093169689178467
3.387310028076172,0.8594505190849304,0.19375112652778625,12.445096969604492,False,family-00381-maximum,family-00381,True,0.9134480357170105,1.0,high,3,0.9924423098564148,False,0.0,55,0.2993912100791931,maximum,0.6140568256378174
10.021071434020996,2.0583066940307617,-0.4019443690776825,3.7316527366638184,False,family-00381-minimum,family-00381,True,0.9481501579284668,0.5,medium,0,0.3909395933151245,False,0.0,55,0.7204453945159912,minimum,0.22770476341247559
2.53549861907959,0.8247388601303101,-0.23040612041950226,8.172046661376953,False,family-00381-minimum,family-00381,True,0.9481501579284668,0.5,medium,1,0.9349140524864197,False,0.0,55,0.3907109797000885,minimum,0.5574392080307007
8.278945922851562,1.5657097101211548,0.3597361147403717,6.833861351013184,False,family-00381-minimum,family-00381,True,0.9481501579284668,0.5,medium,2,0.6507843136787415,False,0.0,55,0.9036163091659546,minimum,0.04453384876251221
5.860884666442871,1.5853543281555176,0.28832507133483887,7.867145538330078,False,family-00381-minimum,family-00381,True,0.9481501579284668,0.5,medium,3,0.5446997880935669,False,0.0,55,0.9095896482467651,minimum,0.03856050968170166
5.257073879241943,1.4323787689208984,-0.5190587043762207,6.684012413024902,False,family-00381-sum_mod_10,family-00381,False,0.011426703073084354,0.0,low,0,0.5276941061019897,False,0.0,55,0.10820107161998749,sum_mod_10,-0.09677436947822571
3.2465522289276123,0.9035719633102417,0.028892606496810913,6.6312456130981445,False,family-00381-sum_mod_10,family-00381,False,0.011426703073084354,0.0,low,1,0.6124698519706726,False,0.0,55,0.12046392261981964,sum_mod_10,-0.10903722047805786
6.4599151611328125,1.373576283454895,0.07470721006393433,5.399875164031982,False,family-00381-sum_mod_10,family-00381,False,0.011426703073084354,0.0,low,2,0.4199378788471222,False,0.0,55,0.010125449858605862,sum_mod_10,0.0013012532144784927
2.574742317199707,0.7985517978668213,0.37012341618537903,8.70588207244873,False,family-00381-sum_mod_10,family-00381,False,0.011426703073084354,0.0,low,3,0.6082221865653992,False,0.0,55,0.017915872856974602,sum_mod_10,-0.006489169783890247
5.4764227867126465,1.326796531677246,-0.4898773431777954,7.358434200286865,False,family-00382-maximum,family-00382,True,0.6264898180961609,0.5,medium,0,0.7885182499885559,False,0.0,55,0.44381240010261536,maximum,0.18267741799354553
5.134050369262695,1.5604760646820068,-0.23583990335464478,5.032106876373291,False,family-00382-maximum,family-00382,True,0.6264898180961609,0.5,medium,1,0.5851531624794006,False,0.0,55,0.5914523005485535,maximum,0.03503751754760742
6.741688251495361,1.4799422025680542,0.25747212767601013,6.53330135345459,False,family-00382-maximum,family-00382,True,0.6264898180961609,0.5,medium,2,0.7356858849525452,False,0.0,55,0.5904858708381653,maximum,0.036003947257995605
6.520130157470703,0.9679384827613831,0.4270370304584503,11.856450080871582,False,family-00382-maximum,family-00382,True,0.6264898180961609,0.5,medium,3,0.9635090231895447,False,0.0,55,0.6814378499984741,maximum,-0.05494803190231323
11.092287063598633,2.113232135772705,-0.41418689489364624,5.818078994750977,True,family-00382-minimum,family-00382,False,0.22306512296199799,0.0,low,0,0.4966052770614624,False,0.0,55,0.4872697591781616,minimum,-0.26420462131500244
13.903680801391602,2.5573010444641113,-0.2145320475101471,4.387861251831055,True,family-00382-minimum,family-00382,False,0.22306512296199799,0.0,low,1,0.40980613231658936,False,0.0,55,0.21732255816459656,minimum,0.005742564797401428
6.784087181091309,1.1418802738189697,-0.003479093313217163,8.303383827209473,True,family-00382-minimum,family-00382,False,0.22306512296199799,0.0,low,2,0.7785762548446655,False,0.0,55,0.2528538405895233,minimum,-0.02978871762752533
10.397442817687988,1.8698265552520752,0.11247988045215607,8.280840873718262,True,family-00382-minimum,family-00382,False,0.22306512296199799,0.0,low,3,0.6137011051177979,False,0.0,55,0.33435964584350586,minimum,-0.11129452288150787
8.289438247680664,1.7481294870376587,-0.6004458665847778,5.9496684074401855,False,family-00382-sum_mod_10,family-00382,True,0.3137739598751068,1.0,high,0,0.48541387915611267,False,0.0,55,0.25251781940460205,sum_mod_10,0.06125614047050476
7.742993354797363,1.9326372146606445,-0.23966580629348755,4.662810325622559,False,family-00382-sum_mod_10,family-00382,True,0.3137739598751068,1.0,high,1,0.4708811938762665,False,0.0,55,0.31462621688842773,sum_mod_10,-0.0008522570133209229
2.3606064319610596,0.8356393575668335,-0.017652440816164017,6.875644683837891,False,family-00382-sum_mod_10,family-00382,True,0.3137739598751068,1.0,high,2,0.6957333087921143,False,0.0,55,0.2774443030357361,sum_mod_10,0.03632965683937073
1.2893881797790527,0.23065033555030823,0.5317062139511108,11.907247543334961,False,family-00382-sum_mod_10,family-00382,True,0.3137739598751068,1.0,high,3,0.9973357319831848,False,0.0,55,0.24998173117637634,sum_mod_10,0.06379222869873047
4.41886568069458,1.1534502506256104,-0.392621248960495,7.460808277130127,False,family-00383-maximum,family-00383,True,0.6352051496505737,0.0,low,0,0.7075929641723633,False,0.0,55,0.1669437438249588,maximum,0.4682614207267761
7.451749324798584,1.7002613544464111,-0.3064168691635132,5.906433582305908,False,family-00383-maximum,family-00383,True,0.6352051496505737,0.0,low,1,0.5762279033660889,False,0.0,55,0.4679344892501831,maximum,0.16727066040039062
10.033702850341797,1.8144350051879883,-0.009559258818626404,7.187072277069092,False,family-00383-maximum,family-00383,True,0.6352051496505737,0.0,low,2,0.7086801528930664,False,0.0,55,0.5519807934761047,maximum,0.083224356174469
6.212830543518066,1.2099560499191284,0.23386141657829285,8.908685684204102,False,family-00383-maximum,family-00383,True,0.6352051496505737,0.0,low,3,0.7199651002883911,False,0.0,55,0.26932600140571594,maximum,0.3658791482448578
14.209197998046875,2.4346368312835693,-0.5327535271644592,5.910796165466309,True,family-00383-minimum,family-00383,True,0.8686425685882568,1.0,high,0,0.5530852675437927,False,0.0,55,0.6652289628982544,minimum,0.20341360569000244
5.753520965576172,1.1631215810775757,-0.1609487533569336,5.795369625091553,True,family-00383-minimum,family-00383,True,0.8686425685882568,1.0,high,1,0.6406086683273315,False,0.0,55,0.5494687557220459,minimum,0.31917381286621094
6.832038879394531,1.3065025806427002,0.12608453631401062,9.326486587524414,True,family-00383-minimum,family-00383,True,0.8686425685882568,1.0,high,2,0.9394766688346863,False,0.0,55,0.6148240566253662,minimum,0.2538185119628906
9.59465217590332,1.7044559717178345,0.46348148584365845,7.202305793762207,True,family-00383-minimum,family-00383,True,0.8686425685882568,1.0,high,3,0.4983338415622711,False,0.0,55,0.8299424052238464,minimum,0.0387001633644104
8.545552253723145,2.0737664699554443,-0.26509442925453186,6.288623809814453,True,family-00383-sum_mod_10,family-00383,False,0.10442498326301575,0.5,medium,0,0.6446518898010254,False,0.03444086427646493,55,0.13337311148643494,sum_mod_10,-0.02894812822341919
10.187702178955078,2.0123140811920166,-0.10481763631105423,4.471084117889404,True,family-00383-sum_mod_10,family-00383,False,0.10442498326301575,0.5,medium,1,0.442306250333786,False,0.0,55,0.06599190086126328,sum_mod_10,0.03843308240175247
8.085187911987305,1.700255036354065,0.13433746993541718,4.574024200439453,True,family-00383-sum_mod_10,family-00383,False,0.10442498326301575,0.5,medium,2,0.43086209893226624,False,0.0,55,0.07768787443637848,sum_mod_10,0.026737108826637268
2.1578216552734375,0.7029411792755127,0.5518970489501953,11.278491020202637,True,family-00383-sum_mod_10,family-00383,False,0.10442498326301575,0.5,medium,3,0.9312896728515625,False,0.0,55,0.07736940681934357,sum_mod_10,0.02705557644367218
4.096614837646484,1.159121036529541,-0.3631852865219116,6.582767486572266,False,family-00384-maximum,family-00384,True,0.9288974404335022,1.0,high,0,0.6282870173454285,False,0.0,55,0.5875017046928406,maximum,0.3413957357406616
4.705999374389648,1.3837952613830566,-0.09259968250989914,5.893246650695801,False,family-00384-maximum,family-00384,True,0.9288974404335022,1.0,high,1,0.5806518793106079,False,0.0,55,0.808134138584137,maximum,0.12076330184936523
7.3751020431518555,1.6048588752746582,0.05776621028780937,6.704204559326172,False,family-00384-maximum,family-00384,True,0.9288974404335022,1.0,high,2,0.5956937074661255,False,0.0,55,0.85923171043396,maximum,0.06966572999954224
2.7765426635742188,0.8264908790588379,0.40855276584625244,11.10575008392334,False,family-00384-maximum,family-00384,True,0.9288974404335022,1.0,high,3,0.8270248174667358,False,0.0,55,0.631401002407074,maximum,0.2974964380264282
7.543921947479248,1.525203824043274,-0.6505111455917358,6.727537155151367,False,family-00384-minimum,family-00384,True,0.9251161217689514,0.5,medium,0,0.6282301545143127,False,0.0,55,0.7948569655418396,minimum,0.13025915622711182
3.5909500122070312,1.2449580430984497,-0.3175393342971802,7.415168762207031,False,family-00384-minimum,family-00384,True,0.9251161217689514,0.5,medium,1,0.9113203883171082,False,0.0,55,0.2575175166130066,minimum,0.6675986051559448
7.406246185302734,1.6989257335662842,-0.03823128715157509,6.532430648803711,False,family-00384-minimum,family-00384,True,0.9251161217689514,0.5,medium,2,0.717574417591095,False,0.0,55,0.7290747165679932,minimum,0.19604140520095825
10.223895072937012,1.9480164051055908,-0.050631918013095856,8.044815063476562,False,family-00384-minimum,family-00384,True,0.9251161217689514,0.5,medium,3,0.7313495874404907,False,0.0,55,0.6228594779968262,minimum,0.30225664377212524
4.3349504470825195,1.2144591808319092,-0.45753198862075806,6.664206027984619,False,family-00384-sum_mod_10,family-00384,False,0.04123538359999657,0.0,low,0,0.6525821685791016,False,0.0,55,0.02928873710334301,sum_mod_10,0.011946646496653557
16.537494659423828,2.7862839698791504,-0.09066992998123169,4.132895469665527,False,family-00384-sum_mod_10,family-00384,False,0.04123538359999657,0.0,low,1,0.44457003474235535,False,0.0,55,0.038185056298971176,sum_mod_10,0.0030503273010253906
15.354240417480469,2.6198203563690186,-0.02496509440243244,4.023055553436279,False,family-00384-sum_mod_10,family-00384,False,0.04123538359999657,0.0,low,2,0.40945908427238464,False,0.0,55,0.024545496329665184,sum_mod_10,0.016689887270331383
4.586503982543945,1.1504762172698975,0.4096689224243164,7.19464111328125,False,family-00384-sum_mod_10,family-00384,False,0.04123538359999657,0.0,low,3,0.6836624145507812,False,0.0,55,0.022143715992569923,sum_mod_10,0.019091667607426643
9.863180160522461,1.8880832195281982,-0.3953571021556854,6.983161449432373,False,family-00385-maximum,family-00385,True,0.8843680024147034,0.5,medium,0,0.7315778136253357,False,0.0,55,0.5220382213592529,maximum,0.36232978105545044
7.716924667358398,1.8565837144851685,-0.0012041479349136353,3.6599674224853516,False,family-00385-maximum,family-00385,True,0.8843680024147034,0.5,medium,1,0.3920029401779175,False,0.0,55,0.8573535680770874,maximum,0.027014434337615967
8.025341033935547,1.5701559782028198,0.3174280524253845,5.901394844055176,False,family-00385-maximum,family-00385,True,0.8843680024147034,0.5,medium,2,0.5887141227722168,False,0.0,55,0.8408601880073547,maximum,0.04350781440734863
7.999466419219971,1.27094304561615,0.4007110595703125,9.771285057067871,False,family-00385-maximum,family-00385,True,0.8843680024147034,0.5,medium,3,0.7431820034980774,False,0.0,55,0.7599568963050842,maximum,0.12441110610961914
4.663289546966553,1.160075068473816,-0.4971124529838562,7.386064529418945,False,family-00385-minimum,family-00385,True,0.5324124693870544,0.0,low,0,0.7005041837692261,False,0.0,55,0.7656570076942444,minimum,-0.23324453830718994
10.497737884521484,2.2959017753601074,-0.37543195486068726,4.534201145172119,False,family-00385-minimum,family-00385,True,0.5324124693870544,0.0,low,1,0.4825257956981659,False,0.0,55,0.40271487832069397,minimum,0.12969759106636047
9.399114608764648,1.558121681213379,-0.11023356020450592,5.934355735778809,False,family-00385-minimum,family-00385,True,0.5324124693870544,0.0,low,2,0.6768680214881897,False,0.0,55,0.10149834305047989,minimum,0.43091413378715515
10.882572174072266,1.6540019512176514,0.45469725131988525,7.785850524902344,False,family-00385-minimum,family-00385,True,0.5324124693870544,0.0,low,3,0.7762102484703064,False,0.0,55,0.2818186283111572,minimum,0.2505938410758972
6.979598045349121,1.3160827159881592,-0.4526125490665436,7.28343391418457,False,family-00385-sum_mod_10,family-00385,False,0.0040921843610703945,1.0,high,0,0.6907705664634705,False,0.0,55,0.02012113854289055,sum_mod_10,-0.016028953716158867
8.949132919311523,2.167426109313965,-0.3103691637516022,4.085320949554443,False,family-00385-sum_mod_10,family-00385,False,0.0040921843610703945,1.0,high,1,0.4197970926761627,False,0.0,55,0.004600833635777235,sum_mod_10,-0.0005086492747068405
10.768627166748047,1.8517324924468994,0.23519007861614227,5.241552352905273,False,family-00385-sum_mod_10,family-00385,False,0.0040921843610703945,1.0,high,2,0.5628718137741089,False,0.0,55,0.00235308357514441,sum_mod_10,0.0017391007859259844
2.4474592208862305,0.5757327079772949,0.6041762828826904,9.952173233032227,False,family-00385-sum_mod_10,family-00385,False,0.0040921843610703945,1.0,high,3,0.8498079180717468,False,0.0,55,0.002568572061136365,sum_mod_10,0.0015236122999340296
15.212469100952148,2.5999808311462402,-0.26078420877456665,6.522792339324951,True,family-00386-maximum,family-00386,True,0.8241327404975891,0.0,low,0,0.6925100684165955,False,0.0,55,0.7810009121894836,maximum,0.04313182830810547
11.705965042114258,2.428361654281616,0.09515801072120667,4.094318389892578,True,family-00386-maximum,family-00386,True,0.8241327404975891,0.0,low,1,0.41103583574295044,False,0.0,55,0.9080916047096252,maximum,-0.08395886421203613
5.231171131134033,1.3853682279586792,0.06564405560493469,9.262336730957031,True,family-00386-maximum,family-00386,True,0.8241327404975891,0.0,low,2,0.8326348066329956,False,0.0,55,0.22670455276966095,maximum,0.5974282026290894
10.879753112792969,1.3785096406936646,0.3843872547149658,10.12317180633545,True,family-00386-maximum,family-00386,True,0.8241327404975891,0.0,low,3,0.6777998208999634,False,0.0,55,0.791989803314209,maximum,0.03214293718338013
7.700380325317383,1.8347907066345215,-0.5532734394073486,6.87039852142334,True,family-00386-minimum,family-00386,True,0.7826961874961853,1.0,high,0,0.6222590804100037,False,0.0,55,0.6881939172744751,minimum,0.0945022702217102
9.154146194458008,2.1351404190063477,-0.3326020836830139,4.177742004394531,True,family-00386-minimum,family-00386,True,0.7826961874961853,1.0,high,1,0.45269104838371277,False,0.0,55,0.8327535390853882,minimum,-0.05005735158920288
6.733216285705566,1.3135616779327393,-0.08147811889648438,7.513149738311768,True,family-00386-minimum,family-00386,True,0.7826961874961853,1.0,high,2,0.8563411831855774,False,0.0,55,0.4213166832923889,minimum,0.3613795042037964
8.17898941040039,1.7414250373840332,0.6464816331863403,9.624273300170898,True,family-00386-minimum,family-00386,True,0.7826961874961853,1.0,high,3,0.8689190745353699,False,0.0,55,0.651910662651062,minimum,0.1307855248451233
9.275228500366211,1.804093360900879,-0.37623366713523865,6.856323719024658,True,family-00386-sum_mod_10,family-00386,False,0.07827308028936386,0.5,medium,0,0.5852252244949341,False,0.0,55,0.06277919560670853,sum_mod_10,0.015493884682655334
16.23153305053711,2.7720842361450195,-0.023139700293540955,3.7773194313049316,True,family-00386-sum_mod_10,family-00386,False,0.07827308028936386,0.5,medium,1,0.3394547402858734,False,0.0,55,0.0672394335269928,sum_mod_10,0.011033646762371063
5.73463249206543,1.485144019126892,0.21617545187473297,5.642789840698242,True,family-00386-sum_mod_10,family-00386,False,0.07827308028936386,0.5,medium,2,0.48360469937324524,False,0.009174661570749788,55,0.03890470042824745,sum_mod_10,0.03936837986111641
2.443634510040283,0.7985588312149048,0.5361524820327759,10.364806175231934,True,family-00386-sum_mod_10,family-00386,False,0.07827308028936386,0.5,medium,3,0.7394871711730957,False,0.0,55,0.08684391528367996,sum_mod_10,-0.008570834994316101
8.707666397094727,2.008068561553955,-0.6064964532852173,6.177575588226318,True,family-00387-maximum,family-00387,True,0.4473319351673126,1.0,high,0,0.5595093965530396,False,0.0,55,0.15796491503715515,maximum,0.28936702013015747
4.621127128601074,1.3016314506530762,-0.1901976466178894,5.3577070236206055,True,family-00387-maximum,family-00387,True,0.4473319351673126,1.0,high,1,0.6092521548271179,False,0.0,55,0.18728600442409515,maximum,0.26004594564437866
8.354243278503418,1.559327483177185,-0.09679704904556274,5.485564231872559,True,family-00387-maximum,family-00387,True,0.4473319351673126,1.0,high,2,0.5843799114227295,False,0.0,55,0.41956713795661926,maximum,0.02776479721069336
5.789769172668457,1.7068965435028076,-0.007048651576042175,6.283432483673096,True,family-00387-maximum,family-00387,True,0.4473319351673126,1.0,high,3,0.6039580702781677,False,0.0,55,0.12768518924713135,maximum,0.3196467459201813
9.278035163879395,2.1164462566375732,-0.5034593939781189,6.311556816101074,True,family-00387-minimum,family-00387,True,0.6767095327377319,0.5,medium,0,0.5897443890571594,False,0.0,55,0.33950984477996826,minimum,0.33719968795776367
3.6962504386901855,1.135473370552063,-0.16305086016654968,7.0951924324035645,True,family-00387-minimum,family-00387,True,0.6767095327377319,0.5,medium,1,0.7635077238082886,False,0.0,55,0.15488240122795105,minimum,0.5218271017074585
10.097896575927734,1.8786988258361816,0.2755792737007141,8.342016220092773,True,family-00387-minimum,family-00387,True,0.6767095327377319,0.5,medium,2,0.7772279381752014,False,0.0,55,0.4314104914665222,minimum,0.24529904127120972
9.917617797851562,1.9132049083709717,0.0777241587638855,6.97537088394165,True,family-00387-minimum,family-00387,True,0.6767095327377319,0.5,medium,3,0.4558624029159546,False,0.0,55,0.5001615881919861,minimum,0.17654794454574585
13.10981559753418,2.34696888923645,-0.3060230612754822,4.246297836303711,True,family-00387-sum_mod_10,family-00387,False,0.01990470476448536,0.0,low,0,0.37978604435920715,False,0.0,55,0.03328389301896095,sum_mod_10,-0.013379188254475594
13.333045959472656,2.4043283462524414,-0.08559756726026535,5.185025691986084,True,family-00387-sum_mod_10,family-00387,False,0.01990470476448536,0.0,low,1,0.4856594502925873,False,0.0,55,0.042975667864084244,sum_mod_10,-0.023070963099598885
4.90330171585083,1.4510674476623535,0.08875323832035065,4.803793430328369,True,family-00387-sum_mod_10,family-00387,False,0.01990470476448536,0.0,low,2,0.4190857410430908,False,0.0,55,0.044815316796302795,sum_mod_10,-0.024910612031817436
3.7488460540771484,1.0025700330734253,0.39275217056274414,8.975920677185059,True,family-00387-sum_mod_10,family-00387,False,0.01990470476448536,0.0,low,3,0.7003876566886902,False,0.0,55,0.01523066870868206,sum_mod_10,0.004674036055803299
12.319055557250977,2.3953375816345215,-0.3985136151313782,5.010861396789551,False,family-00388-maximum,family-00388,True,0.6874239444732666,0.5,medium,0,0.5249534845352173,False,0.0,55,0.39030081033706665,maximum,0.29712313413619995
3.356961727142334,0.8726082444190979,-0.18420374393463135,6.698748588562012,False,family-00388-maximum,family-00388,True,0.6874239444732666,0.5,medium,1,0.7579972743988037,False,0.0,55,0.494712233543396,maximum,0.1927117109298706
5.0684967041015625,1.3182523250579834,0.19083845615386963,7.52313232421875,False,family-00388-maximum,family-00388,True,0.6874239444732666,0.5,medium,2,0.7479733824729919,False,0.0,55,0.5658073425292969,maximum,0.12161660194396973
12.072857856750488,2.0043201446533203,0.3446515202522278,8.908477783203125,False,family-00388-maximum,family-00388,True,0.6874239444732666,0.5,medium,3,0.6520769596099854,False,0.0,55,0.36003315448760986,maximum,0.32739078998565674
6.333714008331299,1.2431975603103638,-0.6062203049659729,7.512502670288086,True,family-00388-minimum,family-00388,True,0.8359295129776001,0.0,low,0,0.7515054941177368,False,0.0020754082804635395,55,0.7241590023040771,minimum,0.11177051067352295
15.61725902557373,2.2567296028137207,-0.1299312561750412,6.255703926086426,True,family-00388-minimum,family-00388,True,0.8359295129776001,0.0,low,1,0.7740448117256165,False,0.0,55,0.20587563514709473,minimum,0.6300538778305054
8.487260818481445,1.3028173446655273,0.10448553413152695,8.168742179870605,True,family-00388-minimum,family-00388,True,0.8359295129776001,0.0,low,2,0.8548532128334045,False,0.0,55,0.6624675989151001,minimum,0.1734619140625
21.181425094604492,2.832522392272949,0.12612585723400116,7.031795024871826,True,family-00388-minimum,family-00388,True,0.8359295129776001,0.0,low,3,0.5325403809547424,False,0.0,55,0.6653200387954712,minimum,0.1706094741821289
4.9592108726501465,1.3607335090637207,-0.6262049078941345,7.7603912353515625,False,family-00388-sum_mod_10,family-00388,False,0.007134880870580673,1.0,high,0,0.6126728057861328,False,0.0,55,0.027255753055214882,sum_mod_10,-0.02012087218463421
3.050340175628662,0.794052243232727,-0.1516234129667282,7.51212739944458,False,family-00388-sum_mod_10,family-00388,False,0.007134880870580673,1.0,high,1,0.7605682611465454,False,0.0,55,0.019365644082427025,sum_mod_10,-0.012230763211846352
7.678049087524414,1.6870701313018799,0.15621384978294373,5.54122257232666,False,family-00388-sum_mod_10,family-00388,False,0.007134880870580673,1.0,high,2,0.483241468667984,False,0.0,55,0.005942700430750847,sum_mod_10,0.0011921804398298264
2.433433771133423,0.8493651151657104,0.41317594051361084,11.456151008605957,False,family-00388-sum_mod_10,family-00388,False,0.007134880870580673,1.0,high,3,0.8490843772888184,False,0.0,55,0.005025510210543871,sum_mod_10,0.0021093706600368023
8.333547592163086,2.007005214691162,-0.6524726152420044,6.0728302001953125,False,family-00389-maximum,family-00389,False,0.14885804057121277,0.0,low,0,0.49546223878860474,False,0.0,55,0.06833676993846893,maximum,0.08052127063274384
8.032773971557617,1.8418461084365845,-0.2057861089706421,4.790547847747803,False,family-00389-maximum,family-00389,False,0.14885804057121277,0.0,low,1,0.5050286054611206,False,0.0,55,0.04683176800608635,maximum,0.10202626883983612
2.111368417739868,0.6392967700958252,0.09239965677261353,11.789041519165039,False,family-00389-maximum,family-00389,False,0.14885804057121277,0.0,low,2,1.214492678642273,False,0.062121927183836925,55,0.5212075114250183,maximum,-0.37234947085380554
3.7788422107696533,1.0929797887802124,-0.11212796717882156,6.013258457183838,False,family-00389-maximum,family-00389,False,0.14885804057121277,0.0,low,3,0.37704241275787354,False,0.0,55,0.04826175794005394,maximum,0.10059627890586853
5.574881553649902,1.6804523468017578,-0.5880200862884521,6.156630992889404,True,family-00389-minimum,family-00389,True,0.6964074373245239,1.0,high,0,0.6158722639083862,False,0.0,55,0.24734541773796082,minimum,0.4490620195865631
8.495576858520508,1.9648598432540894,-0.23296715319156647,4.578237533569336,True,family-00389-minimum,family-00389,True,0.6964074373245239,1.0,high,1,0.5658776164054871,False,0.0,55,0.6016897559165955,minimum,0.09471768140792847
1.8881827592849731,0.49921631813049316,0.021881084889173508,10.562629699707031,True,family-00389-minimum,family-00389,True,0.6964074373245239,1.0,high,2,1.270135521888733,False,0.0,55,0.2981368601322174,minimum,0.3982705771923065
10.604957580566406,1.9102203845977783,0.021767914295196533,8.102044105529785,True,family-00389-minimum,family-00389,True,0.6964074373245239,1.0,high,3,0.596365213394165,False,0.0,55,0.49562039971351624,minimum,0.2007870376110077
8.457084655761719,2.0583534240722656,-0.5708496570587158,5.362222671508789,False,family-00389-sum_mod_10,family-00389,False,0.05059526488184929,0.5,medium,0,0.5007345080375671,False,0.0,55,0.13540904223918915,sum_mod_10,-0.08481377363204956
9.827380180358887,2.1188180446624756,-0.27320170402526855,5.608922958374023,False,family-00389-sum_mod_10,family-00389,False,0.05059526488184929,0.5,medium,1,0.6356123685836792,False,0.0,55,0.07447285950183868,sum_mod_10,-0.023877594619989395
8.122794151306152,1.8787349462509155,0.04948098957538605,5.984742641448975,False,family-00389-sum_mod_10,family-00389,False,0.05059526488184929,0.5,medium,2,0.6597539186477661,False,0.0,55,0.07919248193502426,sum_mod_10,-0.028597217053174973
1.5614064931869507,0.3917788863182068,0.6643362641334534,14.295659065246582,False,family-00389-sum_mod_10,family-00389,False,0.05059526488184929,0.5,medium,3,1.2865101099014282,False,0.0,55,0.07433921098709106,sum_mod_10,-0.023743946105241776
