attention_effective_support,attention_entropy,candidate_cosine,candidate_update_norm,distractor,example_id,family_id,full_correct,full_probability,goal_identifiability,identifiability,layer,relative_update_norm,repair_detected,repair_score,seed,skipped_probability,task,utility
13.251472473144531,2.0600333213806152,-0.5453798770904541,5.57072639465332,True,family-00300-maximum,family-00300,True,0.8175848126411438,1.0,high,0,0.4594157338142395,False,0.0,33,0.49216753244400024,maximum,0.32541728019714355
5.057138919830322,1.1570613384246826,-0.43616795539855957,9.416173934936523,True,family-00300-maximum,family-00300,True,0.8175848126411438,1.0,high,1,0.9216253161430359,False,0.0,33,0.03034380078315735,maximum,0.7872409820556641
15.55728816986084,2.552982807159424,0.04062305763363838,4.5301008224487305,True,family-00300-maximum,family-00300,True,0.8175848126411438,1.0,high,2,0.43365171551704407,False,0.0,33,0.7143071889877319,maximum,0.10327762365341187
10.325243949890137,1.7478055953979492,0.21839314699172974,8.749442100524902,True,family-00300-maximum,family-00300,True,0.8175848126411438,1.0,high,3,0.7572678327560425,False,0.0,33,0.19178378582000732,maximum,0.6258010268211365
7.504186630249023,1.553818702697754,-0.4088885486125946,5.406283855438232,True,family-00300-minimum,family-00300,True,0.9074928760528564,0.5,medium,0,0.511440098285675,False,0.0,33,0.8264141082763672,minimum,0.08107876777648926
11.494040489196777,2.175875186920166,0.1146198958158493,6.259873390197754,True,family-00300-minimum,family-00300,True,0.9074928760528564,0.5,medium,1,0.6448571085929871,False,0.0,33,0.7064538598060608,minimum,0.20103901624679565
1.561009407043457,0.38319092988967896,0.09495357424020767,10.684061050415039,True,family-00300-minimum,family-00300,True,0.9074928760528564,0.5,medium,2,0.880160927772522,False,0.0,33,0.5467257499694824,minimum,0.360767126083374
5.673213005065918,1.302743673324585,0.5953474640846252,9.305868148803711,True,family-00300-minimum,family-00300,True,0.9074928760528564,0.5,medium,3,0.5501444935798645,False,0.0,33,0.833260178565979,minimum,0.07423269748687744
9.869072914123535,1.830255150794983,-0.3230905830860138,5.606807708740234,False,family-00300-sum_mod_10,family-00300,False,0.0879921019077301,0.0,low,0,0.46767961978912354,False,0.0,33,0.24526917934417725,sum_mod_10,-0.15727707743644714
4.473541259765625,1.0199432373046875,0.2637020945549011,6.214542388916016,False,family-00300-sum_mod_10,family-00300,False,0.0879921019077301,0.0,low,1,0.5414661765098572,False,0.0,33,0.07238739728927612,sum_mod_10,0.01560470461845398
1.9692919254302979,0.5815639495849609,0.21625983715057373,7.507444858551025,False,family-00300-sum_mod_10,family-00300,False,0.0879921019077301,0.0,low,2,0.5205909609794617,False,0.0,33,0.049296025186777115,sum_mod_10,0.03869607672095299
6.746194839477539,1.5648047924041748,0.24650722742080688,8.990018844604492,False,family-00300-sum_mod_10,family-00300,False,0.0879921019077301,0.0,low,3,0.509651243686676,False,0.0,33,0.11837877333164215,sum_mod_10,-0.03038667142391205
8.858692169189453,1.5703957080841064,-0.4772931933403015,6.41404390335083,True,family-00301-maximum,family-00301,True,0.9415175914764404,0.5,medium,0,0.5289638042449951,False,0.0,33,0.8974332809448242,maximum,0.04408431053161621
5.519484996795654,0.8933335542678833,-0.1882266104221344,7.4001054763793945,True,family-00301-maximum,family-00301,True,0.9415175914764404,0.5,medium,1,0.6932981610298157,False,0.0,33,0.9607903957366943,maximum,-0.019272804260253906
16.950952529907227,2.57175612449646,0.32758116722106934,6.7806878089904785,True,family-00301-maximum,family-00301,True,0.9415175914764404,0.5,medium,2,0.5752213597297668,False,0.0,33,0.7046276926994324,maximum,0.23688989877700806
9.831254959106445,2.0210657119750977,0.377561092376709,6.77375602722168,True,family-00301-maximum,family-00301,True,0.9415175914764404,0.5,medium,3,0.439723402261734,False,0.0,33,0.8565894365310669,maximum,0.08492815494537354
5.248195648193359,1.0576848983764648,-0.44805002212524414,6.638233661651611,False,family-00301-minimum,family-00301,False,0.0714668408036232,0.0,low,0,0.5612787008285522,False,0.0,33,0.12233128398656845,minimum,-0.05086444318294525
4.332730293273926,0.9328957796096802,-0.3175814151763916,6.479794979095459,False,family-00301-minimum,family-00301,False,0.0714668408036232,0.0,low,1,0.6079810857772827,False,0.0,33,0.07504590600728989,minimum,-0.003579065203666687
7.241582870483398,1.8951997756958008,-0.20503109693527222,5.522223472595215,False,family-00301-minimum,family-00301,False,0.0714668408036232,0.0,low,2,0.5224699974060059,False,0.0,33,0.0633757933974266,minimum,0.008091047406196594
8.844165802001953,1.9908885955810547,0.07610031217336655,6.218559265136719,False,family-00301-minimum,family-00301,False,0.0714668408036232,0.0,low,3,0.5718005895614624,False,0.0,33,0.025348087772727013,minimum,0.04611875116825104
7.698760986328125,1.8353257179260254,-0.2999458909034729,4.751601696014404,False,family-00301-sum_mod_10,family-00301,False,0.09039567410945892,1.0,high,0,0.4296686053276062,False,0.09256898762671469,33,0.09447499364614487,sum_mod_10,-0.004079319536685944
4.822197914123535,0.8299492001533508,-0.3020828366279602,6.897149085998535,False,family-00301-sum_mod_10,family-00301,False,0.09039567410945892,1.0,high,1,0.6478224396705627,False,0.0,33,0.042076461017131805,sum_mod_10,0.04831921309232712
13.980766296386719,2.512450695037842,0.14968541264533997,4.6798481941223145,False,family-00301-sum_mod_10,family-00301,False,0.09039567410945892,1.0,high,2,0.43347299098968506,False,0.0,33,0.11675550043582916,sum_mod_10,-0.02635982632637024
7.735624313354492,1.5687286853790283,0.4079897999763489,6.974340438842773,False,family-00301-sum_mod_10,family-00301,False,0.09039567410945892,1.0,high,3,0.56276935338974,False,0.0,33,0.0380125418305397,sum_mod_10,0.05238313227891922
2.740205764770508,0.7665873765945435,-0.4629431366920471,7.074779987335205,False,family-00302-maximum,family-00302,True,0.787304699420929,0.0,low,0,0.5545884966850281,False,0.0,33,0.1458100527524948,maximum,0.641494631767273
3.6072940826416016,1.000753402709961,-0.4290415644645691,8.786596298217773,False,family-00302-maximum,family-00302,True,0.787304699420929,0.0,low,1,0.7729400396347046,False,0.0,33,0.054803118109703064,maximum,0.7325015664100647
9.153306007385254,1.9737780094146729,0.047789935022592545,5.864572048187256,False,family-00302-maximum,family-00302,True,0.787304699420929,0.0,low,2,0.5337574481964111,False,0.0,33,0.7885109782218933,maximum,-0.0012062788009643555
13.64526081085205,2.0244760513305664,0.33604300022125244,8.199895858764648,False,family-00302-maximum,family-00302,True,0.787304699420929,0.0,low,3,0.6456940770149231,False,0.0,33,0.33555877208709717,maximum,0.4517459273338318
7.625782012939453,1.5842077732086182,-0.4800100326538086,4.996800422668457,True,family-00302-minimum,family-00302,True,0.7734059691429138,1.0,high,0,0.4568431079387665,False,0.0,33,0.4983675181865692,minimum,0.2750384509563446
7.89873743057251,1.6851671934127808,0.02202664315700531,5.4286723136901855,True,family-00302-minimum,family-00302,True,0.7734059691429138,1.0,high,1,0.5655714869499207,False,0.0,33,0.43626055121421814,minimum,0.3371454179286957
3.075601577758789,1.026180624961853,-0.05045100301504135,8.001704216003418,True,family-00302-minimum,family-00302,True,0.7734059691429138,1.0,high,2,0.7188689708709717,False,0.0,33,0.6539474129676819,minimum,0.11945855617523193
9.383735656738281,2.1070380210876465,0.4192101061344147,8.47104549407959,True,family-00302-minimum,family-00302,True,0.7734059691429138,1.0,high,3,0.6332642436027527,False,0.0,33,0.6325663328170776,minimum,0.14083963632583618
5.447177886962891,1.4935081005096436,-0.5450369119644165,6.1628217697143555,False,family-00302-sum_mod_10,family-00302,False,0.1706383377313614,0.5,medium,0,0.483100563287735,False,0.0,33,0.12140898406505585,sum_mod_10,0.04922935366630554
2.727245807647705,0.6983802318572998,-0.03624746948480606,7.913948059082031,False,family-00302-sum_mod_10,family-00302,False,0.1706383377313614,0.5,medium,1,0.7379242777824402,False,0.0,33,0.08653701841831207,sum_mod_10,0.08410131931304932
1.6329832077026367,0.4858339726924896,-0.07712338119745255,8.119424819946289,False,family-00302-sum_mod_10,family-00302,False,0.1706383377313614,0.5,medium,2,0.6200115084648132,False,0.0,33,0.20286431908607483,sum_mod_10,-0.03222598135471344
4.141283988952637,1.1232333183288574,0.3691444993019104,11.242755889892578,False,family-00302-sum_mod_10,family-00302,False,0.1706383377313614,0.5,medium,3,0.7562370300292969,False,0.0,33,0.13835060596466064,sum_mod_10,0.032287731766700745
7.813767433166504,1.6262993812561035,-0.5662994384765625,6.265175819396973,False,family-00303-maximum,family-00303,False,0.1355026513338089,1.0,high,0,0.48084092140197754,False,0.015408067538644037,33,0.3640311062335968,maximum,-0.2285284548997879
4.159862995147705,1.3581960201263428,-0.5813062787055969,9.65063190460205,False,family-00303-maximum,family-00303,False,0.1355026513338089,1.0,high,1,0.8938599228858948,False,0.0,33,0.003575575305148959,maximum,0.13192707300186157
10.868640899658203,2.364691734313965,-0.055390045046806335,5.4401750564575195,False,family-00303-maximum,family-00303,False,0.1355026513338089,1.0,high,2,0.5780757069587708,False,0.0,33,0.16790743172168732,maximum,-0.03240478038787842
10.436049461364746,2.0035176277160645,0.23088553547859192,7.905960559844971,False,family-00303-maximum,family-00303,False,0.1355026513338089,1.0,high,3,0.7454216480255127,False,0.0,33,0.013828132301568985,maximum,0.12167452275753021
8.095516204833984,1.6379979848861694,-0.3951994776725769,5.679547309875488,False,family-00303-minimum,family-00303,True,0.9227265119552612,0.5,medium,0,0.5180361270904541,False,0.0,33,0.6480288505554199,minimum,0.2746976613998413
8.470710754394531,1.8332695960998535,-0.02331925928592682,4.83974552154541,False,family-00303-minimum,family-00303,True,0.9227265119552612,0.5,medium,1,0.4763168692588806,False,0.0,33,0.8067165613174438,minimum,0.11600995063781738
2.639591932296753,0.8443164229393005,-0.016326818615198135,6.425966262817383,False,family-00303-minimum,family-00303,True,0.9227265119552612,0.5,medium,2,0.5762077569961548,False,0.0,33,0.8886753916740417,minimum,0.03405112028121948
3.5869946479797363,1.1178350448608398,0.41833341121673584,8.763461112976074,False,family-00303-minimum,family-00303,True,0.9227265119552612,0.5,medium,3,0.6857263445854187,False,0.0,33,0.7076933979988098,minimum,0.21503311395645142
14.561546325683594,2.205432891845703,-0.42105528712272644,4.9809041023254395,True,family-00303-sum_mod_10,family-00303,False,0.00442194240167737,0.0,low,0,0.45457732677459717,False,0.0,33,0.00402443204075098,sum_mod_10,0.0003975103609263897
4.235257148742676,1.2142620086669922,0.3184901475906372,5.964737415313721,True,family-00303-sum_mod_10,family-00303,False,0.00442194240167737,0.0,low,1,0.599750280380249,False,0.0,33,0.007147408556193113,sum_mod_10,-0.0027254661545157433
3.478759765625,1.1819913387298584,0.2959252595901489,8.848114967346191,True,family-00303-sum_mod_10,family-00303,False,0.00442194240167737,0.0,low,2,0.6741236448287964,False,0.0,33,0.014135569334030151,sum_mod_10,-0.009713627398014069
14.25577449798584,2.1945583820343018,0.4576987326145172,8.012201309204102,True,family-00303-sum_mod_10,family-00303,False,0.00442194240167737,0.0,low,3,0.44838738441467285,False,0.0,33,0.006808433216065168,sum_mod_10,-0.0023864908143877983
5.903693675994873,1.3448586463928223,-0.5330901145935059,6.596043586730957,True,family-00304-maximum,family-00304,True,0.8374841213226318,0.5,medium,0,0.6239926218986511,False,0.0,33,0.11078248172998428,maximum,0.7267016172409058
5.6797614097595215,0.9736983776092529,-0.46861061453819275,9.294092178344727,True,family-00304-maximum,family-00304,True,0.8374841213226318,0.5,medium,1,1.0332612991333008,False,0.0,33,0.0046179816126823425,maximum,0.8328661322593689
23.881595611572266,3.1612861156463623,-0.019081614911556244,3.3751933574676514,True,family-00304-maximum,family-00304,True,0.8374841213226318,0.5,medium,2,0.3578959107398987,False,0.0,33,0.8602738976478577,maximum,-0.02278977632522583
18.230072021484375,2.6550586223602295,0.2960425019264221,5.560652732849121,True,family-00304-maximum,family-00304,True,0.8374841213226318,0.5,medium,3,0.5585438013076782,False,0.0,33,0.725283145904541,maximum,0.11220097541809082
9.740102767944336,1.8997787237167358,-0.4371248483657837,4.875164031982422,False,family-00304-minimum,family-00304,True,0.6725209951400757,0.0,low,0,0.4408418536186218,False,0.0,33,0.5462043285369873,minimum,0.12631666660308838
4.637612819671631,0.857537031173706,-0.17450259625911713,9.179784774780273,False,family-00304-minimum,family-00304,True,0.6725209951400757,0.0,low,1,0.9229305982589722,False,0.0,33,0.2453639954328537,minimum,0.4271569848060608
13.62937068939209,2.568101406097412,0.043040454387664795,4.089839458465576,False,family-00304-minimum,family-00304,True,0.6725209951400757,0.0,low,2,0.3324609696865082,False,0.0,33,0.6282593607902527,minimum,0.044261634349823
8.285751342773438,1.8349201679229736,0.014630112797021866,8.864513397216797,False,family-00304-minimum,family-00304,True,0.6725209951400757,0.0,low,3,0.675148069858551,False,0.0,33,0.18272091448307037,minimum,0.4898000955581665
13.94886589050293,2.4170637130737305,-0.4698646664619446,5.005337715148926,True,family-00304-sum_mod_10,family-00304,False,0.052247319370508194,1.0,high,0,0.43824833631515503,False,0.0,33,0.022273611277341843,sum_mod_10,0.02997370809316635
5.035959243774414,0.9067506194114685,-0.053028419613838196,7.980843544006348,True,family-00304-sum_mod_10,family-00304,False,0.052247319370508194,1.0,high,1,0.791088879108429,False,0.0,33,0.13267932832241058,sum_mod_10,-0.08043201267719269
2.5648961067199707,0.7420404553413391,0.005381181836128235,8.329129219055176,True,family-00304-sum_mod_10,family-00304,False,0.052247319370508194,1.0,high,2,0.6648826003074646,False,0.0,33,0.039183277636766434,sum_mod_10,0.01306404173374176
2.9389142990112305,0.8074572682380676,0.49507540464401245,8.712965965270996,True,family-00304-sum_mod_10,family-00304,False,0.052247319370508194,1.0,high,3,0.5777547955513,False,0.0,33,0.04033772647380829,sum_mod_10,0.011909592896699905
2.2171757221221924,0.6600594520568848,-0.504387378692627,6.92292594909668,False,family-00305-maximum,family-00305,True,0.9139609932899475,0.0,low,0,0.5426847338676453,False,0.0,33,0.3798297941684723,maximum,0.5341311693191528
3.036067008972168,0.8282307982444763,-0.5367777347564697,10.33448314666748,False,family-00305-maximum,family-00305,True,0.9139609932899475,0.0,low,1,0.9372791051864624,False,0.0,33,0.00406357366591692,maximum,0.9098974466323853
18.625316619873047,2.9067203998565674,-0.34010806679725647,3.6246750354766846,False,family-00305-maximum,family-00305,True,0.9139609932899475,0.0,low,2,0.35198450088500977,False,0.0,33,0.7543677091598511,maximum,0.15959328413009644
19.019023895263672,2.829098701477051,0.011973387561738491,6.174890518188477,False,family-00305-maximum,family-00305,True,0.9139609932899475,0.0,low,3,0.6375918388366699,False,0.0,33,0.515677809715271,maximum,0.3982831835746765
5.27787971496582,1.3815243244171143,-0.519692063331604,5.100728511810303,False,family-00305-minimum,family-00305,True,0.9081428647041321,1.0,high,0,0.40782108902931213,False,0.0,33,0.6741794943809509,minimum,0.23396337032318115
5.160012722015381,1.3188807964324951,-0.15900908410549164,7.930314540863037,False,family-00305-minimum,family-00305,True,0.9081428647041321,1.0,high,1,0.7358658313751221,False,0.0,33,0.8913396596908569,minimum,0.016803205013275146
2.393190622329712,0.7330134510993958,-0.08820419013500214,7.104287147521973,False,family-00305-minimum,family-00305,True,0.9081428647041321,1.0,high,2,0.576515793800354,False,0.0,33,0.843537449836731,minimum,0.06460541486740112
1.1929538249969482,0.1642080694437027,0.26087337732315063,11.881707191467285,False,family-00305-minimum,family-00305,True,0.9081428647041321,1.0,high,3,0.8691586256027222,False,0.0,33,0.4216728210449219,minimum,0.4864700436592102
6.783520698547363,1.763540506362915,-0.26463428139686584,5.146666526794434,True,family-00305-sum_mod_10,family-00305,False,0.013631241396069527,0.5,medium,0,0.4410555958747864,False,0.0,33,0.01921258121728897,sum_mod_10,-0.005581339821219444
5.309356689453125,1.4235209226608276,-0.10572641342878342,6.758419990539551,True,family-00305-sum_mod_10,family-00305,False,0.013631241396069527,0.5,medium,1,0.5907853245735168,False,0.0,33,0.05334167927503586,sum_mod_10,-0.03971043974161148
2.9777719974517822,0.939964771270752,0.10161653161048889,5.729935646057129,True,family-00305-sum_mod_10,family-00305,False,0.013631241396069527,0.5,medium,2,0.4527152180671692,False,0.0,33,0.018019001930952072,sum_mod_10,-0.0043877605348825455
3.7924623489379883,0.9425216913223267,0.3463783264160156,11.277750015258789,True,family-00305-sum_mod_10,family-00305,False,0.013631241396069527,0.5,medium,3,0.7824109196662903,False,0.0,33,0.023613519966602325,sum_mod_10,-0.009982278570532799
6.994495391845703,1.3463103771209717,-0.5025653839111328,7.6753339767456055,True,family-00306-maximum,family-00306,True,0.7839277386665344,1.0,high,0,0.726094663143158,False,0.0,33,0.7638242244720459,maximum,0.020103514194488525
8.07677936553955,1.963850975036621,-0.3111419677734375,5.151710510253906,True,family-00306-maximum,family-00306,True,0.7839277386665344,1.0,high,1,0.5457717776298523,False,0.0,33,0.023341134190559387,maximum,0.7605866193771362
9.227951049804688,1.797729253768921,-0.0437278151512146,6.578257083892822,True,family-00306-maximum,family-00306,True,0.7839277386665344,1.0,high,2,0.711922824382782,False,0.0,33,0.3522483706474304,maximum,0.431679368019104
14.468583106994629,2.5729784965515137,0.3349645137786865,6.287493705749512,True,family-00306-maximum,family-00306,True,0.7839277386665344,1.0,high,3,0.5661479830741882,False,0.0,33,0.7059261798858643,maximum,0.07800155878067017
8.14285659790039,1.2512205839157104,-0.4655514061450958,8.072028160095215,True,family-00306-minimum,family-00306,True,0.9311749935150146,0.5,medium,0,0.6828105449676514,False,0.0,33,0.8464085459709167,minimum,0.0847664475440979
13.5321683883667,2.3866384029388428,0.08168532699346542,5.900926113128662,True,family-00306-minimum,family-00306,True,0.9311749935150146,0.5,medium,1,0.5477437973022461,False,0.0,33,0.7075058817863464,minimum,0.2236691117286682
1.6346254348754883,0.4538692235946655,-0.06366614997386932,12.801435470581055,True,family-00306-minimum,family-00306,True,0.9311749935150146,0.5,medium,2,1.0080575942993164,False,0.0,33,0.2207365334033966,minimum,0.7104384899139404
3.1414554119110107,0.939078688621521,0.38885629177093506,9.081019401550293,True,family-00306-minimum,family-00306,True,0.9311749935150146,0.5,medium,3,0.5204521417617798,False,0.0,33,0.8735886812210083,minimum,0.05758631229400635
4.956136226654053,1.2651071548461914,-0.4677980840206146,7.054087162017822,False,family-00306-sum_mod_10,family-00306,False,0.006601769011467695,0.0,low,0,0.5529664158821106,False,0.0,33,0.003649165853857994,sum_mod_10,0.002952603157609701
4.5821943283081055,1.3216913938522339,-0.12879565358161926,6.252288818359375,False,family-00306-sum_mod_10,family-00306,False,0.006601769011467695,0.0,low,1,0.5519738793373108,False,0.0,33,0.0051153479143977165,sum_mod_10,0.0014864210970699787
1.253405213356018,0.2047100067138672,0.01764936000108719,13.111822128295898,False,family-00306-sum_mod_10,family-00306,False,0.006601769011467695,0.0,low,2,1.0736128091812134,False,0.0,33,0.03257787227630615,sum_mod_10,-0.02597610279917717
9.292494773864746,1.8530302047729492,0.4325297474861145,6.816433906555176,False,family-00306-sum_mod_10,family-00306,False,0.006601769011467695,0.0,low,3,0.37710827589035034,False,0.0,33,0.0033151383977383375,sum_mod_10,0.0032866306137293577
8.187725067138672,1.6041505336761475,-0.45016637444496155,6.725371360778809,False,family-00307-maximum,family-00307,False,0.01915493607521057,0.5,medium,0,0.6134265661239624,False,0.0,33,0.14099766314029694,maximum,-0.12184272706508636
5.4430060386657715,1.4703176021575928,-0.4285215139389038,6.8855881690979,False,family-00307-maximum,family-00307,False,0.01915493607521057,0.5,medium,1,0.6918670535087585,False,0.0,33,0.001172478310763836,maximum,0.01798245683312416
17.255535125732422,2.7472169399261475,-0.2504863142967224,3.6234426498413086,False,family-00307-maximum,family-00307,False,0.01915493607521057,0.5,medium,2,0.38686081767082214,False,0.0,33,0.013494433835148811,maximum,0.00566050224006176
17.163358688354492,2.7784006595611572,0.18238772451877594,5.600311279296875,False,family-00307-maximum,family-00307,False,0.01915493607521057,0.5,medium,3,0.6115748286247253,False,0.0,33,0.01216504443436861,maximum,0.006989891640841961
10.11522388458252,1.8117923736572266,-0.5260942578315735,6.032224178314209,True,family-00307-minimum,family-00307,True,0.6544572710990906,0.0,low,0,0.5162513256072998,False,0.0,33,0.5185027718544006,minimum,0.13595449924468994
5.105356216430664,1.1691184043884277,0.009646996855735779,8.985493659973145,True,family-00307-minimum,family-00307,True,0.6544572710990906,0.0,low,1,0.9041903614997864,False,0.0,33,0.14599362015724182,minimum,0.5084636211395264
3.305990219116211,0.7376439571380615,0.16505202651023865,9.729174613952637,True,family-00307-minimum,family-00307,True,0.6544572710990906,0.0,low,2,0.7227286100387573,False,0.0,33,0.2045101523399353,minimum,0.4499471187591553
4.487656116485596,1.1718815565109253,0.136378213763237,8.706618309020996,True,family-00307-minimum,family-00307,True,0.6544572710990906,0.0,low,3,0.48739364743232727,False,0.0,33,0.6719774603843689,minimum,-0.01752018928527832
7.412139892578125,1.7270675897598267,-0.34733688831329346,5.892526626586914,False,family-00307-sum_mod_10,family-00307,False,0.04938718304038048,1.0,high,0,0.5328379273414612,False,0.0,33,0.04289036989212036,sum_mod_10,0.006496813148260117
7.126445770263672,1.4179350137710571,-0.057725079357624054,7.368072032928467,False,family-00307-sum_mod_10,family-00307,False,0.04938718304038048,1.0,high,1,0.6969947814941406,False,0.0,33,0.03741438314318657,sum_mod_10,0.011972799897193909
2.538853168487549,0.6930856704711914,0.24081794917583466,7.919666767120361,False,family-00307-sum_mod_10,family-00307,False,0.04938718304038048,1.0,high,2,0.6319647431373596,False,0.0,33,0.06789407879114151,sum_mod_10,-0.018506895750761032
7.657675743103027,1.339086651802063,0.237074077129364,8.724198341369629,False,family-00307-sum_mod_10,family-00307,False,0.04938718304038048,1.0,high,3,0.5333443880081177,False,0.0,33,0.01680757664144039,sum_mod_10,0.032579608261585236
11.354049682617188,1.8118298053741455,-0.6210915446281433,5.173094749450684,True,family-00308-maximum,family-00308,True,0.7430509924888611,0.0,low,0,0.4529365003108978,False,0.0,33,0.4886758625507355,maximum,0.2543751299381256
5.076345920562744,1.1829149723052979,-0.13346809148788452,6.734470844268799,True,family-00308-maximum,family-00308,True,0.7430509924888611,0.0,low,1,0.7356082201004028,False,0.0,33,0.8451105356216431,maximum,-0.10205954313278198
1.611271619796753,0.4183799624443054,0.10073647648096085,10.949628829956055,True,family-00308-maximum,family-00308,True,0.7430509924888611,0.0,low,2,1.031383752822876,False,0.0,33,0.30244871973991394,maximum,0.44060227274894714
16.327621459960938,2.3014612197875977,0.4105105996131897,5.431262969970703,True,family-00308-maximum,family-00308,True,0.7430509924888611,0.0,low,3,0.33943819999694824,False,0.0,33,0.6635803580284119,maximum,0.07947063446044922
11.767816543579102,2.050039529800415,-0.5304498672485352,4.4615702629089355,True,family-00308-minimum,family-00308,True,0.2800992429256439,1.0,high,0,0.38183122873306274,False,0.0,33,0.178766667842865,minimum,0.10133257508277893
3.32157039642334,0.9266939163208008,-0.18740065395832062,7.858163833618164,True,family-00308-minimum,family-00308,True,0.2800992429256439,1.0,high,1,0.7814128398895264,False,0.0,33,0.3346426784992218,minimum,-0.05454343557357788
2.6173815727233887,0.6448904275894165,-0.30351459980010986,7.770292282104492,True,family-00308-minimum,family-00308,True,0.2800992429256439,1.0,high,2,0.6731058359146118,False,0.0,33,0.02495708502829075,minimum,0.2551421523094177
13.79475212097168,2.528134346008301,0.11862059682607651,5.279874324798584,True,family-00308-minimum,family-00308,True,0.2800992429256439,1.0,high,3,0.44752806425094604,False,0.0,33,0.0998440682888031,minimum,0.18025517463684082
10.74182415008545,2.256646156311035,-0.298382967710495,4.098182678222656,False,family-00308-sum_mod_10,family-00308,False,0.03743385896086693,0.5,medium,0,0.38910073041915894,False,0.0,33,0.024202542379498482,sum_mod_10,0.013231316581368446
5.904968738555908,1.0092447996139526,-0.2539766728878021,6.883479595184326,False,family-00308-sum_mod_10,family-00308,False,0.03743385896086693,0.5,medium,1,0.6816703677177429,False,0.0,33,0.03915021941065788,sum_mod_10,-0.0017163604497909546
1.7142245769500732,0.4721866548061371,0.05478464812040329,10.82801342010498,False,family-00308-sum_mod_10,family-00308,False,0.03743385896086693,0.5,medium,2,1.013942003250122,False,0.0,33,0.14905206859111786,sum_mod_10,-0.11161820590496063
6.841485977172852,1.6495275497436523,0.3541269898414612,8.355022430419922,False,family-00308-sum_mod_10,family-00308,False,0.03743385896086693,0.5,medium,3,0.5349199175834656,False,0.0,33,0.045543111860752106,sum_mod_10,-0.008109252899885178
4.796391487121582,1.1876435279846191,-0.4546434283256531,8.448122024536133,False,family-00309-maximum,family-00309,True,0.844921350479126,1.0,high,0,0.6754569411277771,False,0.0,33,0.7839739918708801,maximum,0.06094735860824585
7.190918445587158,1.6507277488708496,0.14783406257629395,5.204163551330566,False,family-00309-maximum,family-00309,True,0.844921350479126,1.0,high,1,0.453437477350235,False,0.0,33,0.9049604535102844,maximum,-0.06003910303115845
1.2110146284103394,0.18603190779685974,0.14725831151008606,13.775882720947266,False,family-00309-maximum,family-00309,True,0.844921350479126,1.0,high,2,1.0370187759399414,False,0.0,33,0.9027851223945618,maximum,-0.05786377191543579
10.353132247924805,1.8333759307861328,0.5311936736106873,7.084580898284912,False,family-00309-maximum,family-00309,True,0.844921350479126,1.0,high,3,0.345634788274765,False,0.0,33,0.7983730435371399,maximum,0.046548306941986084
6.998813629150391,1.277895212173462,-0.4574517607688904,7.398134708404541,True,family-00309-minimum,family-00309,True,0.830790638923645,0.5,medium,0,0.6523104906082153,False,0.0,33,0.4897348880767822,minimum,0.3410557508468628
14.206836700439453,2.197587490081787,-0.040585413575172424,5.448309421539307,True,family-00309-minimum,family-00309,True,0.830790638923645,0.5,medium,1,0.5277073979377747,False,0.0,33,0.8681662082672119,minimum,-0.037375569343566895
3.0862417221069336,0.888911247253418,-0.07534005492925644,5.550530910491943,True,family-00309-minimum,family-00309,True,0.830790638923645,0.5,medium,2,0.48363736271858215,False,0.0,33,0.8152689337730408,minimum,0.015521705150604248
2.7595455646514893,0.9718849062919617,0.47166532278060913,9.306414604187012,True,family-00309-minimum,family-00309,True,0.830790638923645,0.5,medium,3,0.7525683045387268,False,0.0,33,0.6073297262191772,minimum,0.22346091270446777
9.851781845092773,1.889388084411621,-0.19427481293678284,5.751402854919434,False,family-00309-sum_mod_10,family-00309,True,0.6163064241409302,0.0,low,0,0.529268741607666,False,0.0,33,0.28386831283569336,sum_mod_10,0.3324381113052368
7.285344123840332,1.3900859355926514,0.17223575711250305,4.799495220184326,False,family-00309-sum_mod_10,family-00309,True,0.6163064241409302,0.0,low,1,0.4260879158973694,False,0.0,33,0.6332753896713257,sum_mod_10,-0.016968965530395508
1.508819580078125,0.36845463514328003,0.0275120809674263,11.150565147399902,False,family-00309-sum_mod_10,family-00309,True,0.6163064241409302,0.0,low,2,0.8589110374450684,False,0.0,33,0.11205689609050751,sum_mod_10,0.5042495131492615
9.986579895019531,1.5540828704833984,0.48897838592529297,7.951846599578857,False,family-00309-sum_mod_10,family-00309,True,0.6163064241409302,0.0,low,3,0.4584600329399109,False,0.0,33,0.49293532967567444,sum_mod_10,0.12337109446525574
6.766995906829834,1.4589697122573853,-0.4254900813102722,5.9688639640808105,False,family-00310-maximum,family-00310,True,0.9048603177070618,0.5,medium,0,0.5667120218276978,False,0.0,33,0.7968841195106506,maximum,0.10797619819641113
4.845753192901611,1.2798025608062744,-0.4273584485054016,6.782804489135742,False,family-00310-maximum,family-00310,True,0.9048603177070618,0.5,medium,1,0.7031119465827942,False,0.0,33,0.12979349493980408,maximum,0.7750668525695801
9.038007736206055,2.106677532196045,0.2604858875274658,4.645744323730469,False,family-00310-maximum,family-00310,True,0.9048603177070618,0.5,medium,2,0.5095025300979614,False,0.0,33,0.8756988048553467,maximum,0.029161512851715088
9.596680641174316,1.556939721107483,0.4858105480670929,10.081868171691895,False,family-00310-maximum,family-00310,True,0.9048603177070618,0.5,medium,3,0.8953502774238586,False,0.0,33,0.6687469482421875,maximum,0.23611336946487427
13.617776870727539,2.3076295852661133,-0.5189080834388733,5.337543964385986,True,family-00310-minimum,family-00310,True,0.8783009052276611,0.0,low,0,0.467335045337677,False,0.0,33,0.790473997592926,minimum,0.08782690763473511
4.637176036834717,1.0759621858596802,0.03880682960152626,9.2697172164917,True,family-00310-minimum,family-00310,True,0.8783009052276611,0.0,low,1,0.9477300047874451,False,0.0,33,0.7383823394775391,minimum,0.13991856575012207
3.1477291584014893,0.8759071230888367,0.18918880820274353,12.639650344848633,True,family-00310-minimum,family-00310,True,0.8783009052276611,0.0,low,2,0.9202957153320312,False,0.0,33,0.3698234558105469,minimum,0.5084774494171143
3.0889084339141846,1.001805305480957,0.5169150829315186,8.908284187316895,True,family-00310-minimum,family-00310,True,0.8783009052276611,0.0,low,3,0.43777701258659363,False,0.0,33,0.8040274381637573,minimum,0.07427346706390381
4.286945819854736,1.264440894126892,-0.6312228441238403,6.077437877655029,False,family-00310-sum_mod_10,family-00310,False,0.02017803117632866,1.0,high,0,0.47640737891197205,False,0.0,33,0.043120916932821274,sum_mod_10,-0.022942885756492615
4.606833457946777,0.9943943023681641,-0.08793674409389496,7.3096394538879395,False,family-00310-sum_mod_10,family-00310,False,0.02017803117632866,1.0,high,1,0.7244882583618164,False,0.0,33,0.008662034757435322,sum_mod_10,0.011515996418893337
2.066659927368164,0.6879051327705383,0.13171841204166412,9.452046394348145,False,family-00310-sum_mod_10,family-00310,False,0.02017803117632866,1.0,high,2,0.7924844622612,False,0.0,33,0.11824458837509155,sum_mod_10,-0.0980665534734726
10.460466384887695,2.0084047317504883,0.42110610008239746,8.171526908874512,False,family-00310-sum_mod_10,family-00310,False,0.02017803117632866,1.0,high,3,0.5055184960365295,False,0.0,33,0.041136808693408966,sum_mod_10,-0.020958777517080307
9.844670295715332,1.550166368484497,-0.5572221279144287,6.794968128204346,True,family-00311-maximum,family-00311,True,0.9343383312225342,0.0,low,0,0.5815286636352539,False,0.0,33,0.29616084694862366,maximum,0.6381775140762329
3.405099391937256,0.8949276208877563,-0.4327250123023987,10.67281723022461,True,family-00311-maximum,family-00311,True,0.9343383312225342,0.0,low,1,1.0995337963104248,False,0.0,33,0.005173702258616686,maximum,0.9291646480560303
28.544343948364258,3.34274959564209,0.21013018488883972,5.134720802307129,True,family-00311-maximum,family-00311,True,0.9343383312225342,0.0,low,2,0.4717506468296051,False,0.0,33,0.8174899816513062,maximum,0.11684834957122803
13.152613639831543,2.2107033729553223,0.3739762604236603,6.597469806671143,True,family-00311-maximum,family-00311,True,0.9343383312225342,0.0,low,3,0.5085170865058899,False,0.0,33,0.8404797911643982,maximum,0.09385854005813599
7.613903045654297,1.620098352432251,-0.6170850992202759,5.493499279022217,False,family-00311-minimum,family-00311,True,0.8531046509742737,1.0,high,0,0.4216161370277405,False,0.0,33,0.6021685600280762,minimum,0.2509360909461975
6.193769454956055,1.691705346107483,-0.12804612517356873,5.753664493560791,False,family-00311-minimum,family-00311,True,0.8531046509742737,1.0,high,1,0.5446194410324097,False,0.0,33,0.8108384013175964,minimum,0.042266249656677246
2.384570598602295,0.7216185331344604,-0.04784778878092766,11.302324295043945,False,family-00311-minimum,family-00311,True,0.8531046509742737,1.0,high,2,0.9945437908172607,False,0.0,33,0.08998043090105057,minimum,0.7631242275238037
4.90908145904541,1.108803391456604,0.5428217053413391,7.448177814483643,False,family-00311-minimum,family-00311,True,0.8531046509742737,1.0,high,3,0.4762364625930786,False,0.0,33,0.7762786149978638,minimum,0.07682603597640991
11.167262077331543,2.3024892807006836,-0.27638623118400574,4.195407390594482,False,family-00311-sum_mod_10,family-00311,False,0.02321706712245941,0.5,medium,0,0.3983317017555237,False,0.0,33,0.06499066948890686,sum_mod_10,-0.04177360236644745
7.13803768157959,1.5598770380020142,0.10995114594697952,5.0423431396484375,False,family-00311-sum_mod_10,family-00311,False,0.02321706712245941,0.5,medium,1,0.49418583512306213,False,0.0,33,0.014491107314825058,sum_mod_10,0.008725959807634354
1.4290001392364502,0.3261525630950928,0.06849709153175354,11.56332778930664,False,family-00311-sum_mod_10,family-00311,False,0.02321706712245941,0.5,medium,2,0.9743368625640869,False,0.0,33,0.12993845343589783,sum_mod_10,-0.10672138631343842
2.3648529052734375,0.7460973858833313,0.3830113708972931,8.062273979187012,False,family-00311-sum_mod_10,family-00311,False,0.02321706712245941,0.5,medium,3,0.4707159996032715,False,0.0,33,0.013445950113236904,sum_mod_10,0.009771117009222507
7.8776350021362305,1.5807064771652222,-0.43578246235847473,6.363583564758301,True,family-00312-maximum,family-00312,True,0.7777228355407715,1.0,high,0,0.5610917210578918,False,0.0,33,0.6123614311218262,maximum,0.1653614044189453
5.898482799530029,1.6245720386505127,-0.2470661699771881,6.673219680786133,True,family-00312-maximum,family-00312,True,0.7777228355407715,1.0,high,1,0.6474871635437012,False,0.0,33,0.3363823890686035,maximum,0.44134044647216797
13.055831909179688,2.201129198074341,-0.004728805273771286,7.430912017822266,True,family-00312-maximum,family-00312,True,0.7777228355407715,1.0,high,2,0.687670886516571,False,0.0,33,0.17235372960567474,maximum,0.6053690910339355
13.161855697631836,2.1860098838806152,0.14294478297233582,9.229872703552246,True,family-00312-maximum,family-00312,True,0.7777228355407715,1.0,high,3,0.7053584456443787,False,0.0,33,0.39791184663772583,maximum,0.37981098890304565
8.57992935180664,1.7579269409179688,-0.36462539434432983,5.165935039520264,False,family-00312-minimum,family-00312,True,0.6767335534095764,0.5,medium,0,0.49047815799713135,False,0.0,33,0.5598469972610474,minimum,0.11688655614852905
9.177393913269043,1.9602322578430176,0.10235725343227386,6.020434379577637,False,family-00312-minimum,family-00312,True,0.6767335534095764,0.5,medium,1,0.6083394289016724,False,0.0,33,0.13064856827259064,minimum,0.546085000038147
1.4174456596374512,0.3198273777961731,0.06582558155059814,10.958852767944336,False,family-00312-minimum,family-00312,True,0.6767335534095764,0.5,medium,2,0.9057719707489014,False,0.0,33,0.3535865247249603,minimum,0.3231470286846161
3.98647403717041,1.3187792301177979,0.49806004762649536,9.329306602478027,False,family-00312-minimum,family-00312,True,0.6767335534095764,0.5,medium,3,0.5536551475524902,False,0.0,33,0.5486732125282288,minimum,0.12806034088134766
10.412126541137695,1.9199345111846924,-0.17888368666172028,5.545355319976807,True,family-00312-sum_mod_10,family-00312,False,0.07773976773023605,0.0,low,0,0.4752221405506134,False,0.0,33,0.1372125744819641,sum_mod_10,-0.05947280675172806
8.929224014282227,1.7221834659576416,0.20890016853809357,6.22020959854126,True,family-00312-sum_mod_10,family-00312,False,0.07773976773023605,0.0,low,1,0.5187737345695496,False,0.0,33,0.04124334082007408,sum_mod_10,0.03649642691016197
1.8206640481948853,0.5354399085044861,-0.03617017716169357,9.632972717285156,True,family-00312-sum_mod_10,family-00312,False,0.07773976773023605,0.0,low,2,0.6590871214866638,False,0.0,33,0.12729106843471527,sum_mod_10,-0.04955130070447922
9.833757400512695,1.9201085567474365,0.23185281455516815,9.202823638916016,True,family-00312-sum_mod_10,family-00312,False,0.07773976773023605,0.0,low,3,0.5346993207931519,False,0.0,33,0.09305081516504288,sum_mod_10,-0.015311047434806824
6.847684860229492,1.4000333547592163,-0.35132724046707153,5.704116344451904,True,family-00313-maximum,family-00313,True,0.37073731422424316,0.5,medium,0,0.5215109586715698,False,0.0,33,0.12477515637874603,maximum,0.24596215784549713
10.245179176330566,2.0786309242248535,-0.32115116715431213,5.909428596496582,True,family-00313-maximum,family-00313,True,0.37073731422424316,0.5,medium,1,0.5677651762962341,False,0.0,33,0.0038450690917670727,maximum,0.3668922483921051
9.785261154174805,2.1024322509765625,0.07700527459383011,5.457644939422607,True,family-00313-maximum,family-00313,True,0.37073731422424316,0.5,medium,2,0.5358191132545471,False,0.0,33,0.3956790268421173,maximum,-0.024941712617874146
9.717597007751465,1.7205339670181274,0.36429351568222046,7.41377592086792,True,family-00313-maximum,family-00313,True,0.37073731422424316,0.5,medium,3,0.6219446659088135,False,0.0,33,0.20568940043449402,maximum,0.16504791378974915
16.982818603515625,2.655097246170044,-0.5563967227935791,4.493035793304443,True,family-00313-minimum,family-00313,True,0.8827271461486816,0.0,low,0,0.41005247831344604,False,0.0,33,0.7150499224662781,minimum,0.16767722368240356
10.359574317932129,1.9162791967391968,0.17161794006824493,7.485127925872803,True,family-00313-minimum,family-00313,True,0.8827271461486816,0.0,low,1,0.809669554233551,False,0.0,33,0.2548949420452118,minimum,0.6278321743011475
3.9048867225646973,1.1769299507141113,-0.1436600685119629,8.162052154541016,True,family-00313-minimum,family-00313,True,0.8827271461486816,0.0,low,2,0.6349491477012634,False,0.0,33,0.5177812576293945,minimum,0.3649458885192871
12.968415260314941,2.518450975418091,0.5483331680297852,7.300414562225342,True,family-00313-minimum,family-00313,True,0.8827271461486816,0.0,low,3,0.5140175223350525,False,0.0,33,0.7684604525566101,minimum,0.11426669359207153
13.475820541381836,2.349393129348755,-0.4873516261577606,5.119772434234619,True,family-00313-sum_mod_10,family-00313,False,0.12724749743938446,1.0,high,0,0.4482678174972534,False,0.0,33,0.06374108046293259,sum_mod_10,0.06350641697645187
7.621018886566162,1.614341139793396,0.12129924446344376,7.038142681121826,True,family-00313-sum_mod_10,family-00313,False,0.12724749743938446,1.0,high,1,0.7050074934959412,False,0.0,33,0.0803363248705864,sum_mod_10,0.046911172568798065
2.173529863357544,0.7138069868087769,0.18707188963890076,6.421774387359619,True,family-00313-sum_mod_10,family-00313,False,0.12724749743938446,1.0,high,2,0.49806228280067444,False,0.0,33,0.09768979996442795,sum_mod_10,0.029557697474956512
2.4480552673339844,0.6814777851104736,0.5469856262207031,8.026086807250977,True,family-00313-sum_mod_10,family-00313,False,0.12724749743938446,1.0,high,3,0.5197510719299316,False,0.0,33,0.08621057868003845,sum_mod_10,0.04103691875934601
5.858951568603516,0.9556318521499634,-0.427528440952301,6.565227508544922,False,family-00314-maximum,family-00314,True,0.8803017735481262,0.0,low,0,0.5551058650016785,False,0.0,33,0.6325650811195374,maximum,0.24773669242858887
5.378255367279053,1.157691240310669,-0.083844393491745,5.908064842224121,False,family-00314-maximum,family-00314,True,0.8803017735481262,0.0,low,1,0.5471667051315308,False,0.0,33,0.9115723967552185,maximum,-0.031270623207092285
2.330796241760254,0.7535908222198486,0.10790438950061798,10.802569389343262,False,family-00314-maximum,family-00314,True,0.8803017735481262,0.0,low,2,0.9104018807411194,False,0.0,33,0.7029767632484436,maximum,0.17732501029968262
9.395370483398438,1.8084537982940674,0.3652110695838928,6.705470561981201,False,family-00314-maximum,family-00314,True,0.8803017735481262,0.0,low,3,0.3970911502838135,False,0.0,33,0.7737007737159729,maximum,0.10660099983215332
7.014096260070801,1.4057884216308594,-0.4872777760028839,5.272707462310791,True,family-00314-minimum,family-00314,True,0.4704509973526001,1.0,high,0,0.4820685088634491,False,0.0,33,0.6012588143348694,minimum,-0.1308078169822693
8.308673858642578,1.5639598369598389,0.1348295956850052,5.6371684074401855,True,family-00314-minimum,family-00314,True,0.4704509973526001,1.0,high,1,0.5901891589164734,False,0.0,33,0.5660598278045654,minimum,-0.09560883045196533
3.038761615753174,0.9896405935287476,0.08412598073482513,9.215206146240234,True,family-00314-minimum,family-00314,True,0.4704509973526001,1.0,high,2,0.7857972383499146,False,0.0,33,0.30944424867630005,minimum,0.16100674867630005
17.566953659057617,2.787533760070801,0.27014586329460144,6.286415100097656,True,family-00314-minimum,family-00314,True,0.4704509973526001,1.0,high,3,0.40525466203689575,False,0.0,33,0.23774969577789307,minimum,0.23270130157470703
9.201093673706055,1.8469451665878296,-0.24666240811347961,6.035315036773682,True,family-00314-sum_mod_10,family-00314,False,0.06795725971460342,0.5,medium,0,0.5172103643417358,False,0.0,33,0.10455597192049026,sum_mod_10,-0.03659871220588684
4.3303542137146,1.218254804611206,0.024262845516204834,5.5413641929626465,True,family-00314-sum_mod_10,family-00314,False,0.06795725971460342,0.5,medium,1,0.471973717212677,False,0.0,33,0.061215370893478394,sum_mod_10,0.0067418888211250305
1.9219920635223389,0.5760972499847412,-0.12503960728645325,9.66083812713623,True,family-00314-sum_mod_10,family-00314,False,0.06795725971460342,0.5,medium,2,0.7372517585754395,False,0.0,33,0.07582379877567291,sum_mod_10,-0.007866539061069489
7.061356544494629,1.2171430587768555,0.39937952160835266,9.376777648925781,True,family-00314-sum_mod_10,family-00314,False,0.06795725971460342,0.5,medium,3,0.6137873530387878,False,0.0,33,0.07193645089864731,sum_mod_10,-0.003979191184043884
7.259152889251709,1.6084619760513306,-0.5816068649291992,6.202775001525879,False,family-00315-maximum,family-00315,True,0.9614555239677429,1.0,high,0,0.5806209444999695,False,0.0,33,0.8773642778396606,maximum,0.08409124612808228
4.2465410232543945,0.9935860633850098,0.00010848790407180786,6.403141975402832,False,family-00315-maximum,family-00315,True,0.9614555239677429,1.0,high,1,0.7368140816688538,False,0.0,33,0.9601494669914246,maximum,0.0013060569763183594
4.738293170928955,1.086927056312561,0.3876199424266815,10.60710620880127,False,family-00315-maximum,family-00315,True,0.9614555239677429,1.0,high,2,0.9825869798660278,False,0.0,33,0.8450099229812622,maximum,0.11644560098648071
12.115385055541992,2.209717035293579,0.5062439441680908,6.534855842590332,False,family-00315-maximum,family-00315,True,0.9614555239677429,1.0,high,3,0.3665643036365509,False,0.0,33,0.9249135255813599,maximum,0.03654199838638306
9.232532501220703,1.8280341625213623,-0.5474041700363159,4.56784725189209,False,family-00315-minimum,family-00315,True,0.8475701808929443,0.5,medium,0,0.4166370630264282,False,0.0,33,0.44282782077789307,minimum,0.40474236011505127
4.32152795791626,1.0940638780593872,-0.04514547437429428,6.69847297668457,False,family-00315-minimum,family-00315,True,0.8475701808929443,0.5,medium,1,0.7213178873062134,False,0.0,33,0.4995591938495636,minimum,0.34801098704338074
2.681914806365967,0.6966768503189087,-0.17699705064296722,6.848330020904541,False,family-00315-minimum,family-00315,True,0.8475701808929443,0.5,medium,2,0.6113340258598328,False,0.0,33,0.7194965481758118,minimum,0.12807363271713257
10.051712036132812,2.1420741081237793,0.134902223944664,7.008163928985596,False,family-00315-minimum,family-00315,True,0.8475701808929443,0.5,medium,3,0.5815288424491882,False,0.0,33,0.5670055747032166,minimum,0.2805646061897278
15.98471450805664,2.2854413986206055,-0.020181719213724136,5.838851451873779,True,family-00315-sum_mod_10,family-00315,False,0.23219509422779083,0.0,low,0,0.5240063667297363,False,0.0,33,0.5488353371620178,sum_mod_10,-0.3166402578353882
8.992751121520996,1.7136874198913574,0.411446213722229,5.667966365814209,True,family-00315-sum_mod_10,family-00315,False,0.23219509422779083,0.0,low,1,0.4543452858924866,False,0.0,33,0.09265322983264923,sum_mod_10,0.1395418643951416
2.5292892456054688,0.613630473613739,0.17327505350112915,7.023284435272217,True,family-00315-sum_mod_10,family-00315,False,0.23219509422779083,0.0,low,2,0.44784560799598694,False,0.0,33,0.06287019699811935,sum_mod_10,0.16932490468025208
4.975625991821289,1.1787562370300293,0.37422993779182434,8.38573169708252,True,family-00315-sum_mod_10,family-00315,False,0.23219509422779083,0.0,low,3,0.45923662185668945,False,0.0,33,0.3763999342918396,sum_mod_10,-0.14420484006404877
8.171050071716309,1.5944969654083252,-0.4746982753276825,6.216397762298584,False,family-00316-maximum,family-00316,True,0.8029894232749939,0.5,medium,0,0.5670027136802673,False,0.0,33,0.061172571033239365,maximum,0.7418168783187866
4.141671180725098,1.2478113174438477,-0.4213334023952484,6.26251745223999,False,family-00316-maximum,family-00316,True,0.8029894232749939,0.5,medium,1,0.645452082157135,False,0.0,33,0.01031060703098774,maximum,0.7926788330078125
16.73394203186035,2.646409273147583,-0.1813182532787323,4.045284271240234,False,family-00316-maximum,family-00316,True,0.8029894232749939,0.5,medium,2,0.44630300998687744,False,0.0,33,0.643829345703125,maximum,0.1591600775718689
10.450599670410156,1.797929048538208,0.18779592216014862,8.203821182250977,False,family-00316-maximum,family-00316,True,0.8029894232749939,0.5,medium,3,0.88866126537323,False,0.0,33,0.13962239027023315,maximum,0.6633670330047607
7.917336463928223,1.76565682888031,-0.3667593002319336,5.499110221862793,True,family-00316-minimum,family-00316,True,0.9048852324485779,0.0,low,0,0.47125905752182007,False,0.0,33,0.8672655820846558,minimum,0.03761965036392212
8.99764347076416,1.8129336833953857,0.0871514230966568,7.871469020843506,True,family-00316-minimum,family-00316,True,0.9048852324485779,0.0,low,1,0.7205597162246704,False,0.0,33,0.1397627890110016,minimum,0.7651224136352539
2.4429523944854736,0.8350722789764404,-0.09034653007984161,9.549787521362305,True,family-00316-minimum,family-00316,True,0.9048852324485779,0.0,low,2,0.6816337704658508,False,0.0,33,0.3040832281112671,minimum,0.6008020043373108
3.7754104137420654,1.1501109600067139,0.40034326910972595,9.164849281311035,True,family-00316-minimum,family-00316,True,0.9048852324485779,0.0,low,3,0.5647993087768555,False,0.0,33,0.8350454568862915,minimum,0.06983977556228638
10.492347717285156,1.7581276893615723,-0.4900152087211609,6.367126941680908,True,family-00316-sum_mod_10,family-00316,False,0.029997188597917557,1.0,high,0,0.5385934114456177,False,0.0,33,0.2212887555360794,sum_mod_10,-0.19129157066345215
7.25445556640625,1.6157028675079346,-0.11248672008514404,6.027317047119141,True,family-00316-sum_mod_10,family-00316,False,0.029997188597917557,1.0,high,1,0.5839750170707703,False,0.0,33,0.031499557197093964,sum_mod_10,-0.0015023685991764069
2.711707353591919,0.8452079892158508,0.2167777121067047,6.528857707977295,True,family-00316-sum_mod_10,family-00316,False,0.029997188597917557,1.0,high,2,0.5751457810401917,False,0.0,33,0.03173931688070297,sum_mod_10,-0.0017421282827854156
5.121685981750488,1.3112752437591553,0.33324843645095825,7.337690830230713,True,family-00316-sum_mod_10,family-00316,False,0.029997188597917557,1.0,high,3,0.5142223834991455,False,0.0,33,0.03306097164750099,sum_mod_10,-0.003063783049583435
10.376338005065918,1.5967297554016113,-0.538253903388977,6.858309745788574,True,family-00317-maximum,family-00317,True,0.8838189244270325,0.0,low,0,0.5869495868682861,False,0.0,33,0.6597119569778442,maximum,0.22410696744918823
7.242587566375732,1.3342229127883911,-0.47024673223495483,11.284965515136719,True,family-00317-maximum,family-00317,True,0.8838189244270325,0.0,low,1,1.144048810005188,False,0.0,33,0.00627564825117588,maximum,0.8775432705879211
19.379165649414062,2.7430620193481445,-0.03870183229446411,5.759579181671143,True,family-00317-maximum,family-00317,True,0.8838189244270325,0.0,low,2,0.5258660316467285,False,0.0,33,0.9515087604522705,maximum,-0.06768983602523804
24.87720489501953,2.98650860786438,0.404049813747406,6.833085536956787,True,family-00317-maximum,family-00317,True,0.8838189244270325,0.0,low,3,0.5612052083015442,False,0.0,33,0.7069625854492188,maximum,0.17685633897781372
7.248014450073242,1.5905845165252686,-0.48820939660072327,5.589370250701904,False,family-00317-minimum,family-00317,True,0.6746950149536133,1.0,high,0,0.5232021808624268,False,0.0,33,0.8139515519142151,minimum,-0.1392565369606018
5.8902740478515625,1.2685561180114746,0.0363195538520813,7.665109634399414,False,family-00317-minimum,family-00317,True,0.6746950149536133,1.0,high,1,0.8214818835258484,False,0.0,33,0.6636576056480408,minimum,0.01103740930557251
2.905757427215576,0.9665546417236328,-0.10792209953069687,6.195836067199707,False,family-00317-minimum,family-00317,True,0.6746950149536133,1.0,high,2,0.5041872262954712,False,0.0,33,0.7473709583282471,minimum,-0.07267594337463379
2.754756212234497,0.9690386652946472,0.23016345500946045,11.480358123779297,False,family-00317-minimum,family-00317,True,0.6746950149536133,1.0,high,3,0.8729166388511658,False,0.0,33,0.07046040892601013,minimum,0.6042345762252808
9.355355262756348,2.063913345336914,-0.22696071863174438,5.442336559295654,True,family-00317-sum_mod_10,family-00317,False,0.02315375953912735,0.5,medium,0,0.46639370918273926,False,0.0,33,0.05504995957016945,sum_mod_10,-0.0318962000310421
4.588027000427246,1.2480618953704834,-0.0277956984937191,6.8331685066223145,True,family-00317-sum_mod_10,family-00317,False,0.02315375953912735,0.5,medium,1,0.5838885307312012,False,0.0,33,0.08611981570720673,sum_mod_10,-0.06296605616807938
4.285268783569336,1.356053352355957,-0.008325528353452682,8.294394493103027,True,family-00317-sum_mod_10,family-00317,False,0.02315375953912735,0.5,medium,2,0.6195996999740601,False,0.0,33,0.04453406110405922,sum_mod_10,-0.02138030156493187
4.075376510620117,0.8892062902450562,0.13652750849723816,12.074691772460938,True,family-00317-sum_mod_10,family-00317,False,0.02315375953912735,0.5,medium,3,0.7696166634559631,False,0.0,33,0.014350472949445248,sum_mod_10,0.008803286589682102
7.655516624450684,1.654246211051941,-0.47847121953964233,5.294772624969482,False,family-00318-maximum,family-00318,True,0.9048717617988586,1.0,high,0,0.40636423230171204,False,0.0,33,0.7782788276672363,maximum,0.12659293413162231
2.7287333011627197,0.7980050444602966,0.020995628088712692,7.677371025085449,False,family-00318-maximum,family-00318,True,0.9048717617988586,1.0,high,1,0.6687684059143066,False,0.008407218819731282,33,0.9473363161087036,maximum,-0.04246455430984497
14.971811294555664,2.4011802673339844,0.2405371069908142,9.300281524658203,False,family-00318-maximum,family-00318,True,0.9048717617988586,1.0,high,2,0.6669821739196777,False,0.0,33,0.6065813899040222,maximum,0.2982903718948364
19.276010513305664,2.9303157329559326,0.40097177028656006,5.2527899742126465,False,family-00318-maximum,family-00318,True,0.9048717617988586,1.0,high,3,0.283495157957077,False,0.0,33,0.7870985865592957,maximum,0.11777317523956299
8.171526908874512,1.6457226276397705,-0.4116525948047638,5.361102104187012,True,family-00318-minimum,family-00318,True,0.7407748103141785,0.5,medium,0,0.49015018343925476,False,0.0017225343909134173,33,0.6036069989204407,minimum,0.1371678113937378
7.595418453216553,1.2164973020553589,0.05173564329743385,7.341979026794434,True,family-00318-minimum,family-00318,True,0.7407748103141785,0.5,medium,1,0.7338415384292603,False,0.014480764849870523,33,0.7466439008712769,minimum,-0.005869090557098389
9.478797912597656,2.0390968322753906,0.22333970665931702,5.811119556427002,True,family-00318-minimum,family-00318,True,0.7407748103141785,0.5,medium,2,0.45712608098983765,False,0.0,33,0.6380164623260498,minimum,0.10275834798812866
18.171783447265625,2.693345546722412,0.20981308817863464,6.84560489654541,True,family-00318-minimum,family-00318,True,0.7407748103141785,0.5,medium,3,0.4529950022697449,False,0.0,33,0.4157578945159912,minimum,0.32501691579818726
10.275580406188965,1.8410327434539795,-0.23775434494018555,5.0767903327941895,True,family-00318-sum_mod_10,family-00318,False,0.04355349764227867,0.0,low,0,0.43506738543510437,False,0.0,33,0.04942460358142853,sum_mod_10,-0.005871105939149857
5.494206428527832,1.238053321838379,-0.16632385551929474,6.600466251373291,True,family-00318-sum_mod_10,family-00318,False,0.04355349764227867,0.0,low,1,0.5706851482391357,False,0.0,33,0.017975816503167152,sum_mod_10,0.02557768113911152
3.803304672241211,1.2003557682037354,-0.0015603303909301758,7.661133766174316,True,family-00318-sum_mod_10,family-00318,False,0.04355349764227867,0.0,low,2,0.6215206384658813,False,0.0,33,0.027783529832959175,sum_mod_10,0.015769967809319496
10.034984588623047,1.831526756286621,0.4224186837673187,8.563363075256348,True,family-00318-sum_mod_10,family-00318,False,0.04355349764227867,0.0,low,3,0.5904514193534851,False,0.0,33,0.07585697621107101,sum_mod_10,-0.03230347856879234
7.541654109954834,1.2939239740371704,-0.49362367391586304,6.614805698394775,True,family-00319-maximum,family-00319,True,0.8970301747322083,0.5,medium,0,0.5832425951957703,False,0.0,33,0.7506247162818909,maximum,0.14640545845031738
7.369112968444824,1.8728679418563843,-0.32212772965431213,4.913072109222412,True,family-00319-maximum,family-00319,True,0.8970301747322083,0.5,medium,1,0.495489239692688,False,0.0,33,0.2833229601383209,maximum,0.6137071847915649
6.100768566131592,1.645503282546997,-0.08513323962688446,7.607393741607666,True,family-00319-maximum,family-00319,True,0.8970301747322083,0.5,medium,2,0.7971572279930115,False,0.0,33,0.8527933359146118,maximum,0.044236838817596436
14.376819610595703,1.7677229642868042,0.5161464214324951,9.779426574707031,True,family-00319-maximum,family-00319,True,0.8970301747322083,0.5,medium,3,0.8367869257926941,False,0.0,33,0.6215149760246277,maximum,0.27551519870758057
9.309159278869629,1.4848824739456177,-0.6261720657348633,6.070728302001953,True,family-00319-minimum,family-00319,True,0.7317365407943726,0.0,low,0,0.513521134853363,False,0.0,33,0.6576244831085205,minimum,0.07411205768585205
10.060173034667969,1.8994338512420654,0.07058361172676086,7.326679706573486,True,family-00319-minimum,family-00319,True,0.7317365407943726,0.0,low,1,0.7867183685302734,False,0.0,33,0.2829962968826294,minimum,0.44874024391174316
1.979050874710083,0.5679788589477539,0.08775368332862854,10.730683326721191,True,family-00319-minimum,family-00319,True,0.7317365407943726,0.0,low,2,0.8760287165641785,False,0.0,33,0.681689441204071,minimum,0.050047099590301514
7.396596431732178,1.4888007640838623,0.5566262006759644,8.435075759887695,True,family-00319-minimum,family-00319,True,0.7317365407943726,0.0,low,3,0.4968169331550598,False,0.0,33,0.5227919816970825,minimum,0.20894455909729004
15.160143852233887,2.3774378299713135,-0.45484116673469543,4.99147367477417,True,family-00319-sum_mod_10,family-00319,False,0.004712211899459362,1.0,high,0,0.4555419385433197,False,0.0,33,0.008457023650407791,sum_mod_10,-0.003744811750948429
7.400137901306152,1.6092084646224976,0.24478361010551453,7.378312110900879,True,family-00319-sum_mod_10,family-00319,False,0.004712211899459362,1.0,high,1,0.7561137676239014,False,0.0,33,0.018435362726449966,sum_mod_10,-0.013723150826990604
1.504608154296875,0.35753172636032104,0.10002149641513824,10.633552551269531,True,family-00319-sum_mod_10,family-00319,False,0.004712211899459362,1.0,high,2,0.7819836139678955,False,0.0,33,0.03202405944466591,sum_mod_10,-0.027311846613883972
7.062164783477783,1.549915075302124,0.48760533332824707,7.154553413391113,True,family-00319-sum_mod_10,family-00319,False,0.004712211899459362,1.0,high,3,0.39570310711860657,False,0.0,33,0.0027284640818834305,sum_mod_10,0.0019837478175759315
6.348864555358887,1.1520869731903076,-0.43754658102989197,6.8187103271484375,False,family-00320-maximum,family-00320,True,0.9447852969169617,0.0,low,0,0.5765384435653687,False,0.0,33,0.8344029784202576,maximum,0.1103823184967041
4.576467514038086,1.0756781101226807,-0.1816602349281311,6.259214401245117,False,family-00320-maximum,family-00320,True,0.9447852969169617,0.0,low,1,0.5816534757614136,False,0.0,33,0.9380643963813782,maximum,0.006720900535583496
2.8743529319763184,0.6894068717956543,0.21559873223304749,11.161130905151367,False,family-00320-maximum,family-00320,True,0.9447852969169617,0.0,low,2,0.9769939184188843,False,0.0,33,0.6043494939804077,maximum,0.34043580293655396
9.950374603271484,1.7545013427734375,0.5843104720115662,7.895323276519775,False,family-00320-maximum,family-00320,True,0.9447852969169617,0.0,low,3,0.44838303327560425,False,0.0,33,0.9285186529159546,maximum,0.01626664400100708
4.9527740478515625,1.277495265007019,-0.4335128962993622,6.501480579376221,False,family-00320-minimum,family-00320,True,0.8170307874679565,1.0,high,0,0.5198161005973816,False,0.0,33,0.27172818779945374,minimum,0.5453026294708252
6.033708572387695,1.3864586353302002,-0.07940740883350372,4.972631931304932,False,family-00320-minimum,family-00320,True,0.8170307874679565,1.0,high,1,0.4391828775405884,False,0.0,33,0.4104888141155243,minimum,0.40654197335243225
1.8415330648422241,0.46346229314804077,-0.08877605199813843,5.695008277893066,False,family-00320-minimum,family-00320,True,0.8170307874679565,1.0,high,2,0.4746111035346985,False,0.0,33,0.6250720620155334,minimum,0.1919587254524231
4.3943328857421875,1.227623462677002,0.29027417302131653,9.063892364501953,False,family-00320-minimum,family-00320,True,0.8170307874679565,1.0,high,3,0.707160234451294,False,0.0,33,0.6821164488792419,minimum,0.1349143385887146
3.7075600624084473,1.289488434791565,-0.4698105454444885,6.979476451873779,False,family-00320-sum_mod_10,family-00320,False,0.05340297520160675,0.5,medium,0,0.5471177101135254,False,0.04731713532919147,33,0.05742676183581352,sum_mod_10,-0.004023786634206772
3.221184253692627,0.7605298161506653,-0.02973686158657074,7.683717727661133,False,family-00320-sum_mod_10,family-00320,False,0.05340297520160675,0.5,medium,1,0.6797107458114624,False,0.0,33,0.017133057117462158,sum_mod_10,0.03626991808414459
3.5792765617370605,1.0507818460464478,0.21366706490516663,6.678162574768066,False,family-00320-sum_mod_10,family-00320,False,0.05340297520160675,0.5,medium,2,0.4954773485660553,False,0.0,33,0.097529835999012,sum_mod_10,-0.04412686079740524
4.575910568237305,1.2989118099212646,0.44931477308273315,8.635478019714355,False,family-00320-sum_mod_10,family-00320,False,0.05340297520160675,0.5,medium,3,0.5307486057281494,False,0.0,33,0.07234018296003342,sum_mod_10,-0.018937207758426666
7.981349945068359,1.6774494647979736,-0.5484033823013306,6.018169403076172,False,family-00321-maximum,family-00321,True,0.966241717338562,1.0,high,0,0.4618836045265198,False,0.0,33,0.9118149280548096,maximum,0.05442678928375244
4.57617712020874,1.3391880989074707,-0.0309642031788826,6.172879219055176,False,family-00321-maximum,family-00321,True,0.966241717338562,1.0,high,1,0.5635420083999634,False,0.0,33,0.9625873565673828,maximum,0.0036543607711791992
3.24078106880188,0.9284830093383789,0.4668804407119751,9.99521255493164,False,family-00321-maximum,family-00321,True,0.966241717338562,1.0,high,2,0.8056961894035339,False,0.0,33,0.9391725063323975,maximum,0.02706921100616455
7.5703935623168945,1.4705257415771484,0.5922427773475647,8.090002059936523,False,family-00321-maximum,family-00321,True,0.966241717338562,1.0,high,3,0.42081284523010254,False,0.0,33,0.9610695242881775,maximum,0.0051721930503845215
8.436031341552734,1.6615383625030518,-0.4187416434288025,5.817655563354492,False,family-00321-minimum,family-00321,True,0.905227780342102,0.5,medium,0,0.5306330919265747,False,0.0,33,0.8155534863471985,minimum,0.08967429399490356
8.860832214355469,1.6125710010528564,0.03592650592327118,5.156179904937744,False,family-00321-minimum,family-00321,True,0.905227780342102,0.5,medium,1,0.5140036940574646,False,0.0,33,0.6910786032676697,minimum,0.21414917707443237
2.2963151931762695,0.7082266211509705,-0.032751038670539856,6.265325546264648,False,family-00321-minimum,family-00321,True,0.905227780342102,0.5,medium,2,0.5475465059280396,False,0.0,33,0.8848055601119995,minimum,0.02042222023010254
5.241959095001221,1.3419580459594727,0.4852471351623535,8.596068382263184,False,family-00321-minimum,family-00321,True,0.905227780342102,0.5,medium,3,0.6682111620903015,False,0.0,33,0.7775455713272095,minimum,0.12768220901489258
9.442749977111816,1.8718688488006592,-0.1717805564403534,5.740808963775635,False,family-00321-sum_mod_10,family-00321,False,0.06017347052693367,0.0,low,0,0.5282938480377197,False,0.0,33,0.0407085120677948,sum_mod_10,0.01946495845913887
5.871707439422607,1.3944079875946045,0.2700774669647217,5.476345062255859,False,family-00321-sum_mod_10,family-00321,False,0.06017347052693367,0.0,low,1,0.4810304045677185,False,0.0,33,0.08475608378648758,sum_mod_10,-0.02458261325955391
3.365206241607666,0.9992517232894897,0.32104384899139404,6.593366622924805,False,family-00321-sum_mod_10,family-00321,False,0.06017347052693367,0.0,low,2,0.4742615520954132,False,0.0,33,0.036756739020347595,sum_mod_10,0.023416731506586075
5.867465972900391,1.428133249282837,0.5323649644851685,5.659898281097412,False,family-00321-sum_mod_10,family-00321,False,0.06017347052693367,0.0,low,3,0.3291947543621063,False,0.0,33,0.07149515300989151,sum_mod_10,-0.01132168248295784
6.273716449737549,1.1335095167160034,-0.5893129110336304,6.985843181610107,False,family-00322-maximum,family-00322,True,0.9625043869018555,0.5,medium,0,0.6539213061332703,False,0.0,33,0.8529160022735596,maximum,0.1095883846282959
4.197673797607422,1.0404958724975586,0.03188987076282501,6.173667907714844,False,family-00322-maximum,family-00322,True,0.9625043869018555,0.5,medium,1,0.7130260467529297,False,0.0,33,0.9567455053329468,maximum,0.005758881568908691
8.898308753967285,1.648539662361145,0.4931331276893616,10.780094146728516,False,family-00322-maximum,family-00322,True,0.9625043869018555,0.5,medium,2,0.9987931251525879,False,0.0,33,0.8347155451774597,maximum,0.12778884172439575
10.446857452392578,1.8525049686431885,0.6029888987541199,7.577181816101074,False,family-00322-maximum,family-00322,True,0.9625043869018555,0.5,medium,3,0.40649813413619995,False,0.0,33,0.9444372653961182,maximum,0.018067121505737305
9.888619422912598,1.9482901096343994,-0.46589457988739014,4.612446308135986,False,family-00322-minimum,family-00322,False,0.20900298655033112,0.0,low,0,0.41708531975746155,False,0.0,33,0.203126460313797,minimum,0.005876526236534119
7.873979568481445,1.8091599941253662,0.05069220811128616,6.033276557922363,False,family-00322-minimum,family-00322,False,0.20900298655033112,0.0,low,1,0.6156334280967712,False,0.0,33,0.26071345806121826,minimum,-0.051710471510887146
3.476722240447998,1.1686058044433594,0.13718774914741516,6.988978862762451,False,family-00322-minimum,family-00322,False,0.20900298655033112,0.0,low,2,0.594001293182373,False,0.0,33,0.5968742370605469,minimum,-0.38787126541137695
9.150577545166016,1.8914506435394287,0.21878297626972198,9.380616188049316,False,family-00322-minimum,family-00322,False,0.20900298655033112,0.0,low,3,0.6475624442100525,False,0.0,33,0.017170308157801628,minimum,0.19183267652988434
4.239340782165527,1.269569754600525,-0.663789689540863,5.940546035766602,False,family-00322-sum_mod_10,family-00322,False,0.005931500811129808,1.0,high,0,0.465676486492157,False,0.0,33,0.008332262746989727,sum_mod_10,-0.0024007619358599186
4.404635429382324,1.0604121685028076,-0.09849467873573303,5.542538166046143,False,family-00322-sum_mod_10,family-00322,False,0.005931500811129808,1.0,high,1,0.5615476965904236,False,0.0,33,0.012796510942280293,sum_mod_10,-0.006865010131150484
2.43673038482666,0.7925640940666199,0.12652140855789185,7.1044793128967285,False,family-00322-sum_mod_10,family-00322,False,0.005931500811129808,1.0,high,2,0.6557944416999817,False,0.0,33,0.00674079405143857,sum_mod_10,-0.0008092932403087616
7.670253753662109,1.5121331214904785,0.38518184423446655,6.60401725769043,False,family-00322-sum_mod_10,family-00322,False,0.005931500811129808,1.0,high,3,0.4825316369533539,False,0.0,33,0.0035517457872629166,sum_mod_10,0.002379755023866892
8.483718872070312,1.504068374633789,-0.17849725484848022,7.075943946838379,True,family-00323-maximum,family-00323,False,0.07901924103498459,0.0,low,0,0.7176735997200012,False,0.028403403996304952,33,0.03057960607111454,maximum,0.0484396368265152
20.967411041259766,2.708998680114746,-0.37451907992362976,6.731941223144531,True,family-00323-maximum,family-00323,False,0.07901924103498459,0.0,low,1,0.6085494756698608,False,0.0,33,0.003048186656087637,maximum,0.07597105205059052
12.332281112670898,2.2959580421447754,-0.3894408345222473,4.986773490905762,True,family-00323-maximum,family-00323,False,0.07901924103498459,0.0,low,2,0.47139182686805725,False,0.0,33,0.0057953218929469585,maximum,0.07322391867637634
19.908863067626953,2.8610806465148926,-0.008016131818294525,7.315211772918701,True,family-00323-maximum,family-00323,False,0.07901924103498459,0.0,low,3,0.7478131055831909,False,0.0,33,0.034327950328588486,maximum,0.0446912907063961
4.77699613571167,1.1398422718048096,-0.3840886354446411,7.779237270355225,False,family-00323-minimum,family-00323,True,0.9326526522636414,1.0,high,0,0.6219772696495056,False,0.0,33,0.5063049793243408,minimum,0.42634767293930054
8.621517181396484,1.8360987901687622,0.07573124021291733,6.6514973640441895,False,family-00323-minimum,family-00323,True,0.9326526522636414,1.0,high,1,0.5577749013900757,False,0.0,33,0.7721205353736877,minimum,0.1605321168899536
1.7913997173309326,0.4497542083263397,-0.1679248809814453,6.019712924957275,False,family-00323-minimum,family-00323,True,0.9326526522636414,1.0,high,2,0.4273027181625366,False,0.0,33,0.8957674503326416,minimum,0.036885201930999756
1.5917630195617676,0.36652976274490356,0.24243995547294617,12.278935432434082,False,family-00323-minimum,family-00323,True,0.9326526522636414,1.0,high,3,0.8550598621368408,False,0.0,33,0.730852484703064,minimum,0.2018001675605774
8.738763809204102,2.0172951221466064,-0.4018237292766571,5.849722862243652,True,family-00323-sum_mod_10,family-00323,False,0.07098253071308136,0.5,medium,0,0.5006324648857117,False,0.0,33,0.12334650754928589,sum_mod_10,-0.05236397683620453
3.4983274936676025,1.1415777206420898,0.13281714916229248,7.295395851135254,True,family-00323-sum_mod_10,family-00323,False,0.07098253071308136,0.5,medium,1,0.6778874397277832,False,0.0,33,0.08000840991735458,sum_mod_10,-0.009025879204273224
2.1507956981658936,0.6074158549308777,0.02621285617351532,7.695758819580078,True,family-00323-sum_mod_10,family-00323,False,0.07098253071308136,0.5,medium,2,0.558458685874939,False,0.0,33,0.08390412479639053,sum_mod_10,-0.012921594083309174
2.623699188232422,0.5932714343070984,0.3620526194572449,10.22936725616455,True,family-00323-sum_mod_10,family-00323,False,0.07098253071308136,0.5,medium,3,0.6409868001937866,False,0.0,33,0.09707017242908478,sum_mod_10,-0.026087641716003418
7.233961582183838,1.6003680229187012,-0.5745053291320801,6.2630791664123535,False,family-00324-maximum,family-00324,True,0.6856514811515808,1.0,high,0,0.5862658023834229,False,0.0,33,0.6633254885673523,maximum,0.022325992584228516
4.33307409286499,0.9669216275215149,-0.4082931578159332,8.917574882507324,False,family-00324-maximum,family-00324,True,0.6856514811515808,1.0,high,1,1.0197398662567139,False,0.0,33,0.0047820075415074825,maximum,0.680869460105896
15.502815246582031,2.653568744659424,-0.15256591141223907,4.41842794418335,False,family-00324-maximum,family-00324,True,0.6856514811515808,1.0,high,2,0.45986178517341614,False,0.0,33,0.8241623640060425,maximum,-0.13851088285446167
14.425193786621094,2.432244300842285,0.13820189237594604,5.878261566162109,False,family-00324-maximum,family-00324,True,0.6856514811515808,1.0,high,3,0.5911292433738708,False,0.0,33,0.5326782464981079,maximum,0.1529732346534729
8.449810028076172,1.7671165466308594,-0.37023669481277466,5.024894714355469,False,family-00324-minimum,family-00324,True,0.7419382333755493,0.5,medium,0,0.4770871102809906,False,0.0,33,0.6722645163536072,minimum,0.06967371702194214
6.460226535797119,1.1965584754943848,-0.22361737489700317,7.248988628387451,False,family-00324-minimum,family-00324,True,0.7419382333755493,0.5,medium,1,0.7360503673553467,False,0.0,33,0.4939988851547241,minimum,0.2479393482208252
2.7098824977874756,0.82407546043396,0.029212016612291336,6.366825580596924,False,family-00324-minimum,family-00324,True,0.7419382333755493,0.5,medium,2,0.5870801210403442,False,0.0,33,0.7526838183403015,minimum,-0.010745584964752197
5.553274631500244,1.3271350860595703,0.1714751124382019,8.009878158569336,False,family-00324-minimum,family-00324,True,0.7419382333755493,0.5,medium,3,0.6289615035057068,False,0.0,33,0.399585098028183,minimum,0.34235313534736633
6.951681613922119,1.5805555582046509,-0.5901601910591125,5.484421730041504,False,family-00324-sum_mod_10,family-00324,False,0.007965799421072006,0.0,low,0,0.42992112040519714,False,0.0,33,0.006148349493741989,sum_mod_10,0.001817449927330017
5.535462379455566,0.8761211633682251,-0.22663402557373047,9.034181594848633,False,family-00324-sum_mod_10,family-00324,False,0.007965799421072006,0.0,low,1,0.8604549765586853,False,0.0,33,0.02103285863995552,sum_mod_10,-0.013067059218883514
2.5311524868011475,0.8343284726142883,0.0683806985616684,9.738480567932129,False,family-00324-sum_mod_10,family-00324,False,0.007965799421072006,0.0,low,2,0.7981871962547302,False,0.0,33,0.009645326063036919,sum_mod_10,-0.0016795266419649124
7.7810821533203125,1.8846161365509033,0.3007178008556366,8.786277770996094,False,family-00324-sum_mod_10,family-00324,False,0.007965799421072006,0.0,low,3,0.5449585914611816,False,0.0,33,0.023585120216012,sum_mod_10,-0.015619320794939995
7.066132545471191,1.1822242736816406,-0.510136067867279,6.633568286895752,True,family-00325-maximum,family-00325,True,0.5828637480735779,0.5,medium,0,0.5848969221115112,False,0.0,33,0.3421437740325928,maximum,0.2407199740409851
5.240257740020752,1.4223566055297852,-0.1812855750322342,6.9200215339660645,True,family-00325-maximum,family-00325,True,0.5828637480735779,0.5,medium,1,0.7067394852638245,False,0.0,33,0.03833778575062752,maximum,0.5445259809494019
14.66388988494873,2.581200122833252,0.14701999723911285,5.76249885559082,True,family-00325-maximum,family-00325,True,0.5828637480735779,0.5,medium,2,0.527819812297821,False,0.0,33,0.5281107425689697,maximum,0.054753005504608154
9.343799591064453,1.662468671798706,0.46393823623657227,8.213156700134277,True,family-00325-maximum,family-00325,True,0.5828637480735779,0.5,medium,3,0.6282631754875183,False,0.0,33,0.7797714471817017,maximum,-0.19690769910812378
7.086588382720947,1.4535077810287476,-0.4674411714076996,5.861555099487305,False,family-00325-minimum,family-00325,True,0.957740843296051,0.0,low,0,0.49560868740081787,False,0.0,33,0.9461307525634766,minimum,0.011610090732574463
4.185147285461426,1.1053578853607178,-0.017998097464442253,7.752800941467285,False,family-00325-minimum,family-00325,True,0.957740843296051,0.0,low,1,0.7411398887634277,False,0.0,33,0.9097242951393127,minimum,0.04801654815673828
1.6710569858551025,0.35976967215538025,0.24602892994880676,14.05421257019043,False,family-00325-minimum,family-00325,True,0.957740843296051,0.0,low,2,1.0888140201568604,False,0.0,33,0.8721782565116882,minimum,0.08556258678436279
7.171594619750977,1.3587888479232788,0.5872199535369873,9.230846405029297,False,family-00325-minimum,family-00325,True,0.957740843296051,0.0,low,3,0.433513343334198,False,0.0,33,0.933735728263855,minimum,0.024005115032196045
6.459926605224609,1.5204710960388184,-0.38515588641166687,5.6796064376831055,False,family-00325-sum_mod_10,family-00325,False,0.03996070474386215,1.0,high,0,0.48022446036338806,False,0.0,33,0.08454866707324982,sum_mod_10,-0.044587962329387665
4.0636091232299805,0.9334718585014343,-0.11340862512588501,7.56439208984375,False,family-00325-sum_mod_10,family-00325,False,0.03996070474386215,1.0,high,1,0.6894073486328125,False,0.0,33,0.06813355535268784,sum_mod_10,-0.028172850608825684
2.231971502304077,0.7106372714042664,0.06350565701723099,7.684154033660889,False,family-00325-sum_mod_10,family-00325,False,0.03996070474386215,1.0,high,2,0.6098034381866455,False,0.0,33,0.03393261507153511,sum_mod_10,0.006028089672327042
6.852575778961182,1.5618727207183838,0.39481860399246216,7.97561502456665,False,family-00325-sum_mod_10,family-00325,False,0.03996070474386215,1.0,high,3,0.5257472395896912,False,0.0,33,0.026245173066854477,sum_mod_10,0.013715531677007675
6.40940523147583,1.2149027585983276,-0.40761667490005493,6.457828521728516,False,family-00326-maximum,family-00326,True,0.6444814801216125,0.0,low,0,0.5460250377655029,False,0.0,33,0.4413526952266693,maximum,0.20312878489494324
4.77639102935791,1.274875521659851,-0.12136638164520264,6.449676990509033,False,family-00326-maximum,family-00326,True,0.6444814801216125,0.0,low,1,0.5904567241668701,False,0.0,33,0.24529585242271423,maximum,0.3991856276988983
4.378009796142578,1.3282110691070557,0.017320148646831512,8.137163162231445,False,family-00326-maximum,family-00326,True,0.6444814801216125,0.0,low,2,0.6785356402397156,False,0.0,33,0.2805286645889282,maximum,0.3639528155326843
13.389554977416992,2.1679282188415527,0.0405915342271328,8.762561798095703,False,family-00326-maximum,family-00326,True,0.6444814801216125,0.0,low,3,0.599827229976654,False,0.0,33,0.25757136940956116,maximum,0.3869101107120514
13.305017471313477,2.08021879196167,-0.6482067108154297,5.210212230682373,True,family-00326-minimum,family-00326,True,0.9385915994644165,1.0,high,0,0.42968425154685974,False,0.0,33,0.8583056926727295,minimum,0.08028590679168701
6.092233180999756,1.2982373237609863,0.257813423871994,5.852939605712891,True,family-00326-minimum,family-00326,True,0.9385915994644165,1.0,high,1,0.6093032360076904,False,0.0,33,0.905771017074585,minimum,0.03282058238983154
1.4213485717773438,0.2998080253601074,0.018024861812591553,13.912960052490234,True,family-00326-minimum,family-00326,True,0.9385915994644165,1.0,high,2,1.1156409978866577,False,0.0,33,0.5627735257148743,minimum,0.37581807374954224
6.766840934753418,1.1943070888519287,0.5934516191482544,9.107319831848145,True,family-00326-minimum,family-00326,True,0.9385915994644165,1.0,high,3,0.4831305146217346,False,0.0,33,0.8969202637672424,minimum,0.04167133569717407
10.73033332824707,2.1684257984161377,-0.4381614029407501,5.016003608703613,True,family-00326-sum_mod_10,family-00326,False,0.03894226998090744,0.5,medium,0,0.44227251410484314,False,0.01419269593758722,33,0.033824026584625244,sum_mod_10,0.005118243396282196
6.835188388824463,1.4984211921691895,0.0294423159211874,6.318155765533447,True,family-00326-sum_mod_10,family-00326,False,0.03894226998090744,0.5,medium,1,0.6197382807731628,False,0.0,33,0.05421988293528557,sum_mod_10,-0.015277612954378128
1.97605299949646,0.5679904818534851,0.17038346827030182,10.584137916564941,True,family-00326-sum_mod_10,family-00326,False,0.03894226998090744,0.5,medium,2,0.8710485696792603,False,0.0,33,0.1624973863363266,sum_mod_10,-0.12355511635541916
4.153969764709473,0.8370705842971802,0.3195551931858063,9.177885055541992,True,family-00326-sum_mod_10,family-00326,False,0.03894226998090744,0.5,medium,3,0.526823878288269,False,0.0,33,0.02806403860449791,sum_mod_10,0.01087823137640953
6.820476531982422,1.545069932937622,-0.6088771820068359,6.638199806213379,False,family-00327-maximum,family-00327,False,0.05730891227722168,1.0,high,0,0.6213796138763428,False,0.05498784094662328,33,0.1308099925518036,maximum,-0.07350108027458191
6.015425205230713,1.5544639825820923,-0.4603499174118042,6.19111967086792,False,family-00327-maximum,family-00327,False,0.05730891227722168,1.0,high,1,0.7304725050926208,False,0.0,33,0.010522455908358097,maximum,0.04678645730018616
5.391900062561035,1.4697449207305908,-0.10631167888641357,7.4562296867370605,False,family-00327-maximum,family-00327,False,0.05730891227722168,1.0,high,2,0.9480718374252319,False,0.0,33,0.06955526769161224,maximum,-0.012246355414390564
7.8379364013671875,1.7496836185455322,0.2704349756240845,7.284912586212158,False,family-00327-maximum,family-00327,False,0.05730891227722168,1.0,high,3,0.7110045552253723,False,0.0,33,0.01392139308154583,maximum,0.0433875173330307
8.756555557250977,1.7788569927215576,-0.5167593359947205,4.510227680206299,False,family-00327-minimum,family-00327,True,0.8343159556388855,0.5,medium,0,0.4113815128803253,False,0.0,33,0.8573969602584839,minimum,-0.02308100461959839
6.687093257904053,1.5150790214538574,-0.0645219013094902,5.611984729766846,False,family-00327-minimum,family-00327,True,0.8343159556388855,0.5,medium,1,0.5934137105941772,False,0.0,33,0.12920908629894257,minimum,0.7051068544387817
1.737060308456421,0.48563218116760254,0.09303359687328339,11.363964080810547,False,family-00327-minimum,family-00327,True,0.8343159556388855,0.5,medium,2,1.0639468431472778,False,0.0,33,0.027746807783842087,minimum,0.8065691590309143
2.3466053009033203,0.7616816759109497,0.34609782695770264,7.915618419647217,False,family-00327-minimum,family-00327,True,0.8343159556388855,0.5,medium,3,0.4855140447616577,False,0.0,33,0.875921368598938,minimum,-0.04160541296005249
10.654475212097168,1.9501312971115112,-0.16884088516235352,5.723136901855469,False,family-00327-sum_mod_10,family-00327,False,0.02025948092341423,0.0,low,0,0.526667594909668,False,0.0,33,0.041466519236564636,sum_mod_10,-0.021207038313150406
7.619265556335449,1.4664626121520996,0.18789027631282806,5.346170902252197,False,family-00327-sum_mod_10,family-00327,False,0.02025948092341423,0.0,low,1,0.4691818058490753,False,0.0,33,0.04006431996822357,sum_mod_10,-0.01980483904480934
1.8344550132751465,0.527184009552002,0.0034521296620368958,10.181845664978027,False,family-00327-sum_mod_10,family-00327,False,0.02025948092341423,0.0,low,2,0.756159782409668,False,0.0,33,0.13725438714027405,sum_mod_10,-0.11699490249156952
3.667239189147949,1.12873375415802,0.43833428621292114,7.748421669006348,False,family-00327-sum_mod_10,family-00327,False,0.02025948092341423,0.0,low,3,0.45823124051094055,False,0.0,33,0.008410505950450897,sum_mod_10,0.011848974972963333
5.9650163650512695,1.11443293094635,-0.5985890626907349,6.9451727867126465,False,family-00328-maximum,family-00328,True,0.9056819081306458,0.5,medium,0,0.6501142978668213,False,0.0,33,0.4194231927394867,maximum,0.48625871539115906
4.616399765014648,1.1108744144439697,0.05372956395149231,7.561323642730713,False,family-00328-maximum,family-00328,True,0.9056819081306458,0.5,medium,1,0.8817487955093384,False,0.0,33,0.9275363087654114,maximum,-0.021854400634765625
7.557450771331787,1.2947338819503784,0.3698089122772217,13.082194328308105,False,family-00328-maximum,family-00328,True,0.9056819081306458,0.5,medium,2,1.1149303913116455,False,0.0,33,0.9070664048194885,maximum,-0.0013844966888427734
11.537396430969238,2.0824053287506104,0.628412127494812,6.6446685791015625,False,family-00328-maximum,family-00328,True,0.9056819081306458,0.5,medium,3,0.32332149147987366,False,0.0,33,0.8734080791473389,maximum,0.032273828983306885
7.226733207702637,1.472904086112976,-0.482629656791687,5.778701305389404,False,family-00328-minimum,family-00328,True,0.9585716128349304,0.0,low,0,0.4886031746864319,False,0.0,33,0.9320459961891174,minimum,0.02652561664581299
4.5156707763671875,1.3077518939971924,0.06129033863544464,6.877527713775635,False,family-00328-minimum,family-00328,True,0.9585716128349304,0.0,low,1,0.6639435887336731,False,0.0,33,0.8766751289367676,minimum,0.08189648389816284
1.5688395500183105,0.38316574692726135,0.21512079238891602,11.623811721801758,False,family-00328-minimum,family-00328,True,0.9585716128349304,0.0,low,2,0.9095160961151123,False,0.0,33,0.29187774658203125,minimum,0.6666938662528992
3.973978281021118,1.2048804759979248,0.3714609444141388,8.749176025390625,False,family-00328-minimum,family-00328,True,0.9585716128349304,0.0,low,3,0.45961713790893555,False,0.0,33,0.9433015584945679,minimum,0.015270054340362549
8.7136812210083,2.047046184539795,-0.535126268863678,5.54248046875,True,family-00328-sum_mod_10,family-00328,False,0.04613521322607994,1.0,high,0,0.47433796525001526,False,0.0,33,0.07651852071285248,sum_mod_10,-0.030383307486772537
6.3638105392456055,1.502880334854126,0.03919147700071335,5.634027004241943,True,family-00328-sum_mod_10,family-00328,False,0.04613521322607994,1.0,high,1,0.5693005323410034,False,0.0,33,0.13304565846920013,sum_mod_10,-0.0869104415178299
1.43503999710083,0.33794349431991577,-0.04087835177779198,9.911663055419922,True,family-00328-sum_mod_10,family-00328,False,0.04613521322607994,1.0,high,2,0.8560730814933777,False,0.0,33,0.04763394594192505,sum_mod_10,-0.001498732715845108
4.159507751464844,1.135772705078125,0.44814199209213257,7.019388198852539,True,family-00328-sum_mod_10,family-00328,False,0.04613521322607994,1.0,high,3,0.47014760971069336,False,0.0,33,0.027106666937470436,sum_mod_10,0.019028546288609505
12.254682540893555,2.1731343269348145,-0.37742888927459717,5.522224426269531,True,family-00329-maximum,family-00329,True,0.82047039270401,0.0,low,0,0.5039803981781006,False,0.0,33,0.22028176486492157,maximum,0.6001886129379272
8.031312942504883,1.513545274734497,-0.38963091373443604,9.71109390258789,True,family-00329-maximum,family-00329,True,0.82047039270401,0.0,low,1,0.9482452869415283,False,0.0,33,0.011950763873755932,maximum,0.8085196018218994
21.82399559020996,3.080960273742676,-0.12831750512123108,3.8786628246307373,True,family-00329-maximum,family-00329,True,0.82047039270401,0.0,low,2,0.35160985589027405,False,0.0,33,0.886136531829834,maximum,-0.06566613912582397
16.947322845458984,2.4920198917388916,0.3043767511844635,7.090001106262207,True,family-00329-maximum,family-00329,True,0.82047039270401,0.0,low,3,0.6322551369667053,False,0.0,33,0.7828745245933533,maximum,0.03759586811065674
6.946967124938965,1.4193767309188843,-0.48475950956344604,5.280639171600342,True,family-00329-minimum,family-00329,True,0.9250693321228027,1.0,high,0,0.4827936887741089,False,0.0,33,0.8504191637039185,minimum,0.07465016841888428
10.051230430603027,2.038060188293457,0.11219985783100128,5.414963245391846,True,family-00329-minimum,family-00329,True,0.9250693321228027,1.0,high,1,0.5660260915756226,False,0.0,33,0.6442031860351562,minimum,0.2808661460876465
2.0257089138031006,0.5435365438461304,0.23248758912086487,12.779070854187012,True,family-00329-minimum,family-00329,True,0.9250693321228027,1.0,high,2,1.1103136539459229,False,0.0,33,0.16334788501262665,minimum,0.7617214322090149
10.771778106689453,2.0092809200286865,0.5872689485549927,7.869060516357422,True,family-00329-minimum,family-00329,True,0.9250693321228027,1.0,high,3,0.412360280752182,False,0.0,33,0.904568076133728,minimum,0.020501255989074707
10.848214149475098,2.1495718955993652,-0.42238521575927734,4.602755546569824,True,family-00329-sum_mod_10,family-00329,False,0.011769567616283894,0.5,medium,0,0.40583550930023193,False,0.0,33,0.024679215624928474,sum_mod_10,-0.01290964800864458
5.82131290435791,1.375401258468628,-0.26234525442123413,6.001467704772949,True,family-00329-sum_mod_10,family-00329,False,0.011769567616283894,0.5,medium,1,0.583699643611908,False,0.0,33,0.029572807252407074,sum_mod_10,-0.017803240567445755
2.1353776454925537,0.662804901599884,0.17564848065376282,11.078442573547363,True,family-00329-sum_mod_10,family-00329,False,0.011769567616283894,0.5,medium,2,1.0593934059143066,False,0.0,33,0.009605440311133862,sum_mod_10,0.002164127305150032
5.917759895324707,1.0972195863723755,0.2603582441806793,11.1474027633667,True,family-00329-sum_mod_10,family-00329,False,0.011769567616283894,0.5,medium,3,0.6749359965324402,False,0.0,33,0.007401123642921448,sum_mod_10,0.004368443973362446
8.2180814743042,1.7295660972595215,-0.36964109539985657,5.208660125732422,True,family-00330-maximum,family-00330,True,0.9237701296806335,1.0,high,0,0.47621282935142517,False,0.0,33,0.8458355665206909,maximum,0.07793456315994263
8.668085098266602,1.7455129623413086,0.11678434908390045,5.111765384674072,True,family-00330-maximum,family-00330,True,0.9237701296806335,1.0,high,1,0.499701589345932,False,0.0,33,0.8913693428039551,maximum,0.03240078687667847
4.84376859664917,1.2185758352279663,0.38131582736968994,9.974631309509277,True,family-00330-maximum,family-00330,True,0.9237701296806335,1.0,high,2,0.8341519236564636,False,0.0,33,0.7051653265953064,maximum,0.21860480308532715
13.942808151245117,2.232243061065674,0.4426964223384857,6.200642108917236,True,family-00330-maximum,family-00330,True,0.9237701296806335,1.0,high,3,0.339566171169281,False,0.0,33,0.8719303011894226,maximum,0.05183982849121094
7.1666765213012695,1.452473521232605,-0.46301960945129395,5.392702102661133,False,family-00330-minimum,family-00330,True,0.47415924072265625,0.5,medium,0,0.5047927498817444,False,0.0,33,0.7217586040496826,minimum,-0.24759936332702637
9.97022533416748,1.8874566555023193,0.11435529589653015,5.627890586853027,False,family-00330-minimum,family-00330,True,0.47415924072265625,0.5,medium,1,0.5936988592147827,False,0.0,33,0.35682669281959534,minimum,0.11733254790306091
1.7673637866973877,0.5287742614746094,-0.36152002215385437,7.772629737854004,False,family-00330-minimum,family-00330,True,0.47415924072265625,0.5,medium,2,0.6721227765083313,False,0.0,33,0.7122477293014526,minimum,-0.2380884885787964
2.1306650638580322,0.7216504812240601,-0.027262277901172638,12.914652824401855,False,family-00330-minimum,family-00330,True,0.47415924072265625,0.5,medium,3,1.136383295059204,False,0.0,33,0.022102389484643936,minimum,0.4520568549633026
7.382430553436279,1.5742231607437134,-0.1395367681980133,5.706576824188232,False,family-00330-sum_mod_10,family-00330,False,0.03049282915890217,0.0,low,0,0.5251436829566956,False,0.0,33,0.11200116574764252,sum_mod_10,-0.0815083384513855
7.471612930297852,1.3915669918060303,0.2464277446269989,5.03278112411499,False,family-00330-sum_mod_10,family-00330,False,0.03049282915890217,0.0,low,1,0.4358336925506592,False,0.0,33,0.008528871461749077,sum_mod_10,0.02196395769715309
1.4789717197418213,0.3654879629611969,0.09609344601631165,7.5465474128723145,False,family-00330-sum_mod_10,family-00330,False,0.03049282915890217,0.0,low,2,0.5513926148414612,False,0.0,33,0.043930184096097946,sum_mod_10,-0.013437354937195778
3.8052778244018555,0.9560302495956421,0.21167191863059998,7.31844425201416,False,family-00330-sum_mod_10,family-00330,False,0.03049282915890217,0.0,low,3,0.45031997561454773,False,0.0,33,0.03512048348784447,sum_mod_10,-0.004627654328942299
6.4629316329956055,1.5031654834747314,-0.4385550618171692,5.784621238708496,False,family-00331-maximum,family-00331,True,0.8767791986465454,0.5,medium,0,0.5492191314697266,False,0.0,33,0.6041220426559448,maximum,0.2726571559906006
6.169163703918457,1.4910409450531006,-0.4093318283557892,5.994960784912109,False,family-00331-maximum,family-00331,True,0.8767791986465454,0.5,medium,1,0.6285971403121948,False,0.0,33,0.2513604462146759,maximum,0.6254187822341919
4.663266181945801,1.1505990028381348,-0.010722070932388306,10.53097152709961,False,family-00331-maximum,family-00331,True,0.8767791986465454,0.5,medium,2,1.1767486333847046,False,0.0,33,0.42318928241729736,maximum,0.45358991622924805
12.273670196533203,2.2751331329345703,0.218450129032135,7.747035503387451,False,family-00331-maximum,family-00331,True,0.8767791986465454,0.5,medium,3,0.5635604858398438,False,0.0,33,0.5992724299430847,maximum,0.2775067687034607
10.570561408996582,1.9237258434295654,-0.18339112401008606,3.977761745452881,True,family-00331-minimum,family-00331,True,0.78375643491745,0.0,low,0,0.40344223380088806,False,0.0,33,0.5489302277565002,minimum,0.2348262071609497
19.964460372924805,2.385521411895752,-0.004370495676994324,7.213612079620361,True,family-00331-minimum,family-00331,True,0.78375643491745,0.0,low,1,0.7262852787971497,False,0.0,33,0.0666680634021759,minimum,0.7170883417129517
2.551067352294922,0.8918170928955078,-0.30088502168655396,9.648594856262207,True,family-00331-minimum,family-00331,True,0.78375643491745,0.0,low,2,0.7876507043838501,False,0.0,33,0.08851657807826996,minimum,0.6952398419380188
3.6440625190734863,1.0924144983291626,0.36383914947509766,9.774279594421387,True,family-00331-minimum,family-00331,True,0.78375643491745,0.0,low,3,0.7452200651168823,False,0.0,33,0.567781925201416,minimum,0.21597450971603394
10.52674674987793,1.7692055702209473,-0.48081058263778687,6.439629554748535,True,family-00331-sum_mod_10,family-00331,False,0.045451465994119644,1.0,high,0,0.5447263717651367,False,0.0,33,0.1982264369726181,sum_mod_10,-0.15277497470378876
9.087368965148926,1.934518575668335,0.013254113495349884,5.843268394470215,True,family-00331-sum_mod_10,family-00331,False,0.045451465994119644,1.0,high,1,0.5622246861457825,False,0.0,33,0.03713846951723099,sum_mod_10,0.008312996476888657
1.4622385501861572,0.3425123989582062,0.07038476318120956,11.680415153503418,True,family-00331-sum_mod_10,family-00331,False,0.045451465994119644,1.0,high,2,0.9741442799568176,False,0.0,33,0.18018758296966553,sum_mod_10,-0.13473612070083618
7.8991875648498535,1.3425602912902832,0.3648219704627991,7.729936122894287,True,family-00331-sum_mod_10,family-00331,False,0.045451465994119644,1.0,high,3,0.4463491439819336,False,0.0,33,0.04209427535533905,sum_mod_10,0.003357190638780594
6.052535533905029,1.1474084854125977,-0.4106970429420471,6.5168023109436035,False,family-00332-maximum,family-00332,True,0.8770068287849426,0.0,low,0,0.5510113835334778,False,0.0,33,0.7878970503807068,maximum,0.08910977840423584
3.4159512519836426,0.8837001323699951,-0.29706504940986633,8.661223411560059,False,family-00332-maximum,family-00332,True,0.8770068287849426,0.0,low,1,0.7938463091850281,False,0.0,33,0.05276121944189072,maximum,0.8242456316947937
5.57603120803833,1.5807682275772095,0.09118388593196869,6.4834160804748535,False,family-00332-maximum,family-00332,True,0.8770068287849426,0.0,low,2,0.5520835518836975,False,0.0,33,0.813561737537384,maximum,0.0634450912475586
12.850767135620117,1.8393969535827637,0.41393348574638367,9.569588661193848,False,family-00332-maximum,family-00332,True,0.8770068287849426,0.0,low,3,0.6873565316200256,False,0.0,33,0.5613034963607788,maximum,0.3157033324241638
8.025535583496094,1.5347888469696045,-0.4038231670856476,4.760956764221191,True,family-00332-minimum,family-00332,True,0.8271335363388062,1.0,high,0,0.4503915011882782,False,0.0,33,0.7288975715637207,minimum,0.09823596477508545
6.365171432495117,1.4293789863586426,-0.22751450538635254,6.628842830657959,True,family-00332-minimum,family-00332,True,0.8271335363388062,1.0,high,1,0.6845859289169312,False,0.0,33,0.5613883137702942,minimum,0.26574522256851196
2.834414482116699,0.9323550462722778,-0.19789686799049377,8.229684829711914,True,family-00332-minimum,family-00332,True,0.8271335363388062,1.0,high,2,0.7900932431221008,False,0.0,33,0.5204870104789734,minimum,0.30664652585983276
6.873344898223877,1.6712310314178467,0.4544999599456787,9.268627166748047,True,family-00332-minimum,family-00332,True,0.8271335363388062,1.0,high,3,0.7769997715950012,False,0.0,33,0.7518045902252197,minimum,0.07532894611358643
14.978548049926758,2.5192131996154785,-0.506481409072876,4.633005619049072,True,family-00332-sum_mod_10,family-00332,False,0.11892920732498169,0.5,medium,0,0.3820822536945343,False,0.0,33,0.08729320764541626,sum_mod_10,0.03163599967956543
6.176806449890137,0.9881985187530518,0.12515738606452942,6.5435590744018555,True,family-00332-sum_mod_10,family-00332,False,0.11892920732498169,0.5,medium,1,0.6194425225257874,False,0.0,33,0.053620707243680954,sum_mod_10,0.06530849635601044
2.6659603118896484,0.9192984104156494,0.12876956164836884,6.612602233886719,True,family-00332-sum_mod_10,family-00332,False,0.11892920732498169,0.5,medium,2,0.5046302080154419,False,0.008457030842970822,33,0.1981498748064041,sum_mod_10,-0.07922066748142242
3.245610237121582,0.6583122611045837,0.3079290986061096,10.74361515045166,True,family-00332-sum_mod_10,family-00332,False,0.11892920732498169,0.5,medium,3,0.6967660784721375,False,0.0,33,0.05552227050065994,sum_mod_10,0.06340693682432175
14.603960990905762,2.2812447547912598,-0.3511405885219574,4.440791130065918,True,family-00333-maximum,family-00333,True,0.9543405771255493,1.0,high,0,0.4189818203449249,False,0.0,33,0.8880675435066223,maximum,0.066273033618927
7.673701763153076,1.6241657733917236,-0.06998761743307114,4.931216239929199,True,family-00333-maximum,family-00333,True,0.9543405771255493,1.0,high,1,0.4955943524837494,False,0.0,33,0.9063002467155457,maximum,0.04804033041000366
8.312414169311523,1.8236465454101562,0.3158939480781555,9.152732849121094,True,family-00333-maximum,family-00333,True,0.9543405771255493,1.0,high,2,0.8481537103652954,False,0.0,33,0.803991436958313,maximum,0.15034914016723633
14.540520668029785,2.306478500366211,0.44571447372436523,7.355859756469727,True,family-00333-maximum,family-00333,True,0.9543405771255493,1.0,high,3,0.45390287041664124,False,0.0,33,0.9014689922332764,maximum,0.05287158489227295
6.400954723358154,1.361678123474121,-0.46253877878189087,6.928767204284668,True,family-00333-minimum,family-00333,True,0.9288054704666138,0.5,medium,0,0.6554686427116394,False,0.0,33,0.5276687145233154,minimum,0.40113675594329834
12.835723876953125,2.1013009548187256,-0.23654431104660034,5.05828857421875,True,family-00333-minimum,family-00333,True,0.9288054704666138,0.5,medium,1,0.5273826122283936,False,0.0,33,0.8840063810348511,minimum,0.044799089431762695
3.0402140617370605,0.8635345697402954,0.003014206886291504,5.595457077026367,True,family-00333-minimum,family-00333,True,0.9288054704666138,0.5,medium,2,0.5752112865447998,False,0.0,33,0.8785193562507629,minimum,0.05028611421585083
2.3599045276641846,0.8147425055503845,0.4163746237754822,11.448667526245117,True,family-00333-minimum,family-00333,True,0.9288054704666138,0.5,medium,3,1.0188593864440918,False,0.0,33,0.8223252296447754,minimum,0.10648024082183838
9.650360107421875,1.7959901094436646,-0.32999494671821594,5.978505611419678,False,family-00333-sum_mod_10,family-00333,False,0.05312220752239227,0.0,low,0,0.49868398904800415,False,0.0,33,0.03814975172281265,sum_mod_10,0.01497245579957962
5.004930019378662,1.1536040306091309,0.11534962058067322,5.739177227020264,False,family-00333-sum_mod_10,family-00333,False,0.05312220752239227,0.0,low,1,0.4992206394672394,False,0.0,33,0.11671555787324905,sum_mod_10,-0.06359335035085678
3.567582130432129,1.0666226148605347,0.30027061700820923,6.27097749710083,False,family-00333-sum_mod_10,family-00333,False,0.05312220752239227,0.0,low,2,0.46699121594429016,False,0.0,33,0.09298571944236755,sum_mod_10,-0.03986351191997528
7.620180130004883,1.5030367374420166,0.3261943757534027,6.944921970367432,False,family-00333-sum_mod_10,family-00333,False,0.05312220752239227,0.0,low,3,0.4224821627140045,False,0.0,33,0.14264971017837524,sum_mod_10,-0.08952750265598297
8.288820266723633,1.2455331087112427,-0.4780769348144531,6.713916778564453,True,family-00334-maximum,family-00334,True,0.691815972328186,0.5,medium,0,0.5679282546043396,False,0.0,33,0.19948461651802063,maximum,0.4923313558101654
9.21467399597168,1.9722044467926025,-0.3754020035266876,6.4098591804504395,True,family-00334-maximum,family-00334,True,0.691815972328186,0.5,medium,1,0.6141204833984375,False,0.0,33,0.007229193579405546,maximum,0.684586763381958
4.818941116333008,1.333482265472412,0.056198690086603165,6.01539945602417,True,family-00334-maximum,family-00334,True,0.691815972328186,0.5,medium,2,0.6021541357040405,False,0.0,33,0.4887452721595764,maximum,0.20307070016860962
8.551729202270508,1.6902236938476562,0.33703458309173584,6.712981700897217,True,family-00334-maximum,family-00334,True,0.691815972328186,0.5,medium,3,0.561887800693512,False,0.0,33,0.2211122363805771,maximum,0.47070372104644775
11.389565467834473,1.9557726383209229,-0.5932185649871826,5.2431416511535645,True,family-00334-minimum,family-00334,False,0.3896658718585968,0.0,low,0,0.44871985912323,False,0.0,33,0.5169098973274231,minimum,-0.1272440254688263
9.327354431152344,1.65436589717865,0.04486146569252014,7.936553478240967,True,family-00334-minimum,family-00334,False,0.3896658718585968,0.0,low,1,0.830446720123291,False,0.0,33,0.02492569573223591,minimum,0.36474016308784485
1.8016384840011597,0.5329012274742126,-0.08733807504177094,10.164236068725586,True,family-00334-minimum,family-00334,False,0.3896658718585968,0.0,low,2,0.8007309436798096,False,0.0,33,0.834978461265564,minimum,-0.44531258940696716
6.458436012268066,1.569882869720459,0.5810807943344116,8.467022895812988,True,family-00334-minimum,family-00334,False,0.3896658718585968,0.0,low,3,0.5443881750106812,False,0.0,33,0.16627588868141174,minimum,0.22338998317718506
8.364234924316406,1.862938404083252,-0.3082384467124939,5.149904727935791,False,family-00334-sum_mod_10,family-00334,True,0.4709111750125885,1.0,high,0,0.46568557620048523,False,0.0,33,0.6155808568000793,sum_mod_10,-0.14466968178749084
8.353976249694824,1.7214857339859009,-0.0031476449221372604,6.6494140625,False,family-00334-sum_mod_10,family-00334,True,0.4709111750125885,1.0,high,1,0.6235727667808533,False,0.0,33,0.09127805382013321,sum_mod_10,0.3796331286430359
1.9948158264160156,0.5993197560310364,0.3291621804237366,6.787978649139404,False,family-00334-sum_mod_10,family-00334,True,0.4709111750125885,1.0,high,2,0.5409190654754639,False,0.0,33,0.25286027789115906,sum_mod_10,0.21805089712142944
4.687067985534668,1.2247729301452637,0.48756933212280273,7.591691970825195,False,family-00334-sum_mod_10,family-00334,True,0.4709111750125885,1.0,high,3,0.47115129232406616,False,0.0,33,0.7079963088035583,sum_mod_10,-0.23708513379096985
12.234189987182617,2.1711559295654297,-0.3730658292770386,5.54245138168335,True,family-00335-maximum,family-00335,True,0.853759229183197,0.0,low,0,0.5058263540267944,False,0.0,33,0.4938287138938904,maximum,0.35993051528930664
8.77782154083252,1.500651240348816,-0.0073143839836120605,6.109786510467529,True,family-00335-maximum,family-00335,True,0.853759229183197,0.0,low,1,0.5949325561523438,False,0.04762140272364365,33,0.877874493598938,maximum,-0.024115264415740967
10.67893123626709,1.8513686656951904,0.11978729814291,7.229098796844482,True,family-00335-maximum,family-00335,True,0.853759229183197,0.0,low,2,0.6069120168685913,False,0.0,33,0.48731163144111633,maximum,0.3664475977420807
19.131595611572266,2.764045476913452,0.3838960528373718,5.120634078979492,True,family-00335-maximum,family-00335,True,0.853759229183197,0.0,low,3,0.3494131565093994,False,0.0,33,0.7555025219917297,maximum,0.09825670719146729
6.974081993103027,1.4025087356567383,-0.4848955273628235,5.311484336853027,True,family-00335-minimum,family-00335,True,0.9343258142471313,1.0,high,0,0.48561376333236694,False,0.0,33,0.8975207805633545,minimum,0.036805033683776855
8.06209659576416,1.5060093402862549,0.15831080079078674,5.559616565704346,True,family-00335-minimum,family-00335,True,0.9343258142471313,1.0,high,1,0.5811980962753296,False,0.0,33,0.8677016496658325,minimum,0.06662416458129883
1.2321131229400635,0.19617079198360443,0.1993366777896881,14.6904878616333,True,family-00335-minimum,family-00335,True,0.9343258142471313,1.0,high,2,1.2449020147323608,False,0.0,33,0.7714664936065674,minimum,0.16285932064056396
10.196547508239746,1.7091588973999023,0.5898026823997498,8.904972076416016,True,family-00335-minimum,family-00335,True,0.9343258142471313,1.0,high,3,0.4323745369911194,False,0.0,33,0.8915153741836548,minimum,0.04281044006347656
9.144546508789062,2.0785300731658936,-0.5642456412315369,4.2973127365112305,True,family-00335-sum_mod_10,family-00335,False,0.0008498527458868921,0.5,medium,0,0.36777371168136597,False,0.0,33,0.0019418266601860523,sum_mod_10,-0.0010919738560914993
2.5335187911987305,0.8137108087539673,-0.0955047681927681,6.310044288635254,True,family-00335-sum_mod_10,family-00335,False,0.0008498527458868921,0.5,medium,1,0.6363281011581421,False,0.0,33,0.002702755155041814,sum_mod_10,-0.0018529023509472609
2.3906049728393555,0.536102294921875,0.04760471358895302,13.644057273864746,True,family-00335-sum_mod_10,family-00335,False,0.0008498527458868921,0.5,medium,2,1.2145531177520752,False,0.0,33,0.009255018085241318,sum_mod_10,-0.008405165746808052
4.764925956726074,1.0269503593444824,0.5227233171463013,7.882211208343506,True,family-00335-sum_mod_10,family-00335,False,0.0008498527458868921,0.5,medium,3,0.43591928482055664,False,0.0,33,0.0009269582224078476,sum_mod_10,-7.710547652095556e-05
7.155007839202881,1.6003977060317993,-0.5752074718475342,6.091841220855713,False,family-00336-maximum,family-00336,True,0.7980606555938721,1.0,high,0,0.5702368021011353,False,0.0,33,0.6831097602844238,maximum,0.11495089530944824
5.4113616943359375,1.383960247039795,-0.3991275429725647,6.809587001800537,False,family-00336-maximum,family-00336,True,0.7980606555938721,1.0,high,1,0.779223620891571,False,0.0,33,0.04181252419948578,maximum,0.7562481164932251
9.548974990844727,1.8327927589416504,-0.029873274266719818,7.0167951583862305,False,family-00336-maximum,family-00336,True,0.7980606555938721,1.0,high,2,0.808955192565918,False,0.0,33,0.8464740514755249,maximum,-0.04841339588165283
8.26923942565918,1.484167456626892,0.30406567454338074,8.414844512939453,False,family-00336-maximum,family-00336,True,0.7980606555938721,1.0,high,3,0.7655062079429626,False,0.0,33,0.268293559551239,maximum,0.5297670960426331
6.198694705963135,1.4640685319900513,-0.42355942726135254,5.497872829437256,True,family-00336-minimum,family-00336,True,0.9408820271492004,0.5,medium,0,0.5201045274734497,False,0.0,33,0.815423309803009,minimum,0.1254587173461914
13.510366439819336,2.317612409591675,0.023692667484283447,6.480378150939941,True,family-00336-minimum,family-00336,True,0.9408820271492004,0.5,medium,1,0.6729435324668884,False,0.0,33,0.7085952162742615,minimum,0.23228681087493896
1.7705048322677612,0.45733994245529175,0.18690979480743408,11.957175254821777,True,family-00336-minimum,family-00336,True,0.9408820271492004,0.5,medium,2,1.0190173387527466,False,0.0,33,0.453695684671402,minimum,0.48718634247779846
4.651456832885742,1.1042732000350952,0.4587910771369934,8.557360649108887,True,family-00336-minimum,family-00336,True,0.9408820271492004,0.5,medium,3,0.46886271238327026,False,0.0,33,0.8987941145896912,minimum,0.04208791255950928
9.906805992126465,1.8180099725723267,-0.25456589460372925,5.221546649932861,True,family-00336-sum_mod_10,family-00336,False,0.2456975132226944,0.0,low,0,0.44747260212898254,False,0.0,33,0.42921143770217896,sum_mod_10,-0.18351392447948456
7.713989734649658,1.7322808504104614,0.08401229977607727,6.005184173583984,True,family-00336-sum_mod_10,family-00336,False,0.2456975132226944,0.0,low,1,0.5218781232833862,False,0.0,33,0.12303149700164795,sum_mod_10,0.12266601622104645
1.5818101167678833,0.41380223631858826,0.0940869003534317,10.003427505493164,True,family-00336-sum_mod_10,family-00336,False,0.2456975132226944,0.0,low,2,0.7454438805580139,False,0.0,33,0.058416225016117096,sum_mod_10,0.1872812807559967
7.4043684005737305,1.5149083137512207,0.30955618619918823,7.6038713455200195,True,family-00336-sum_mod_10,family-00336,False,0.2456975132226944,0.0,low,3,0.43510404229164124,False,0.0,33,0.2881369888782501,sum_mod_10,-0.042439475655555725
5.900393962860107,1.3675225973129272,-0.5444127321243286,6.536720275878906,True,family-00337-maximum,family-00337,True,0.9386166930198669,0.5,medium,0,0.618380606174469,False,0.0,33,0.645534336566925,maximum,0.2930823564529419
6.493175983428955,1.2428866624832153,-0.41684427857398987,10.648581504821777,True,family-00337-maximum,family-00337,True,0.9386166930198669,0.5,medium,1,1.196294903755188,False,0.0,33,0.003149941563606262,maximum,0.9354667663574219
21.240982055664062,3.025667905807495,-0.09643366932868958,2.9144725799560547,True,family-00337-maximum,family-00337,True,0.9386166930198669,0.5,medium,2,0.2734415829181671,False,0.0,33,0.8951500058174133,maximum,0.04346668720245361
21.356395721435547,2.8168041706085205,0.219669371843338,5.986151695251465,True,family-00337-maximum,family-00337,True,0.9386166930198669,0.5,medium,3,0.5555459856987,False,0.0,33,0.7734085321426392,maximum,0.16520816087722778
16.88595199584961,2.6205949783325195,-0.5419985055923462,4.808481216430664,True,family-00337-minimum,family-00337,False,0.006571477744728327,0.0,low,0,0.438841313123703,False,0.0,33,0.0094170356169343,minimum,-0.0028455578722059727
4.90811824798584,1.0968531370162964,-0.007733769714832306,7.566402912139893,True,family-00337-minimum,family-00337,False,0.006571477744728327,0.0,low,1,0.8155791163444519,False,0.0,33,0.3325823247432709,minimum,-0.3260108530521393
15.011119842529297,2.6121716499328613,-0.26977962255477905,4.964756011962891,True,family-00337-minimum,family-00337,False,0.006571477744728327,0.0,low,2,0.41629067063331604,False,0.0,33,0.004093291703611612,minimum,0.0024781860411167145
22.131576538085938,3.0603737831115723,0.20676708221435547,7.204086780548096,True,family-00337-minimum,family-00337,False,0.006571477744728327,0.0,low,3,0.6201786398887634,False,0.0,33,0.011811506934463978,minimum,-0.005240029189735651
4.068556308746338,1.2148332595825195,-0.6489170789718628,6.070915222167969,False,family-00337-sum_mod_10,family-00337,False,0.010079904459416866,1.0,high,0,0.47589606046676636,False,0.0,33,0.0904412642121315,sum_mod_10,-0.08036135882139206
4.568480968475342,0.882203221321106,-0.38932496309280396,7.6642231941223145,False,family-00337-sum_mod_10,family-00337,False,0.010079904459416866,1.0,high,1,0.7699693441390991,False,0.0,33,0.004383954685181379,sum_mod_10,0.005695949774235487
2.4283814430236816,0.7549538612365723,-0.01798989064991474,6.80479097366333,False,family-00337-sum_mod_10,family-00337,False,0.010079904459416866,1.0,high,2,0.6859245300292969,False,0.0,33,0.0261043980717659,sum_mod_10,-0.01602449268102646
16.11443328857422,2.2925353050231934,0.3580554127693176,8.214096069335938,False,family-00337-sum_mod_10,family-00337,False,0.010079904459416866,1.0,high,3,0.6885972023010254,False,0.0,33,0.0057969242334365845,sum_mod_10,0.004282980225980282
8.600080490112305,1.5341130495071411,-0.29141223430633545,6.592681884765625,False,family-00338-maximum,family-00338,True,0.46701133251190186,0.0,low,0,0.5961502194404602,False,0.0,33,0.23654219508171082,maximum,0.23046913743019104
6.595492362976074,1.55943763256073,-0.24097099900245667,7.366404056549072,False,family-00338-maximum,family-00338,True,0.46701133251190186,0.0,low,1,0.6634845733642578,False,0.0,33,0.010208811610937119,maximum,0.45680251717567444
20.246143341064453,2.993680953979492,-0.1938403993844986,4.463295936584473,False,family-00338-maximum,family-00338,True,0.46701133251190186,0.0,low,2,0.37978222966194153,False,0.0,33,0.2601194679737091,maximum,0.20689186453819275
15.806143760681152,2.5916621685028076,0.20897269248962402,6.2074198722839355,False,family-00338-maximum,family-00338,True,0.46701133251190186,0.0,low,3,0.5289838910102844,False,0.0,33,0.2200978845357895,maximum,0.24691344797611237
5.671006202697754,1.4495971202850342,-0.5421822667121887,4.585719585418701,False,family-00338-minimum,family-00338,True,0.8264688849449158,1.0,high,0,0.36664432287216187,False,0.0,33,0.4662740230560303,minimum,0.3601948618888855
4.6890997886657715,1.3059616088867188,-0.018124334514141083,5.983413219451904,False,family-00338-minimum,family-00338,True,0.8264688849449158,1.0,high,1,0.5573093891143799,False,0.0,33,0.5077391266822815,minimum,0.3187297582626343
1.061291217803955,0.058923058211803436,-0.3378226161003113,10.176608085632324,False,family-00338-minimum,family-00338,True,0.8264688849449158,1.0,high,2,0.8344293236732483,False,0.0,33,0.055364783853292465,minimum,0.771104097366333
4.721029281616211,1.3153775930404663,0.4081439673900604,8.147416114807129,False,family-00338-minimum,family-00338,True,0.8264688849449158,1.0,high,3,0.6277524828910828,False,0.0,33,0.7811720371246338,minimum,0.04529684782028198
11.140401840209961,2.2858078479766846,-0.28005582094192505,4.1743292808532715,False,family-00338-sum_mod_10,family-00338,True,0.5342786312103271,0.5,medium,0,0.39633044600486755,False,0.0,33,0.25610843300819397,sum_mod_10,0.2781701982021332
7.199920177459717,1.5706977844238281,0.13558106124401093,4.877005577087402,False,family-00338-sum_mod_10,family-00338,True,0.5342786312103271,0.5,medium,1,0.4788479208946228,False,0.0,33,0.265811026096344,sum_mod_10,0.26846760511398315
1.842852234840393,0.5149799585342407,0.014948295429348946,8.949203491210938,False,family-00338-sum_mod_10,family-00338,True,0.5342786312103271,0.5,medium,2,0.7536965608596802,False,0.0,33,0.16658581793308258,sum_mod_10,0.36769282817840576
3.9404642581939697,0.9968091249465942,0.40011247992515564,8.895724296569824,False,family-00338-sum_mod_10,family-00338,True,0.5342786312103271,0.5,medium,3,0.5940378904342651,False,0.0,33,0.6534161567687988,sum_mod_10,-0.11913752555847168
7.702667236328125,1.5170559883117676,-0.4975897967815399,7.2140398025512695,True,family-00339-maximum,family-00339,True,0.6680605411529541,1.0,high,0,0.6824557185173035,False,0.002292086168776316,33,0.62428879737854,maximum,0.04377174377441406
6.330004692077637,1.6704070568084717,-0.24323464930057526,6.364274024963379,True,family-00339-maximum,family-00339,True,0.6680605411529541,1.0,high,1,0.6788493394851685,False,0.0,33,0.02593865804374218,maximum,0.6421219110488892
3.977674722671509,1.182420253753662,0.060110367834568024,8.727516174316406,True,family-00339-maximum,family-00339,True,0.6680605411529541,1.0,high,2,0.8755103945732117,False,0.0,33,0.5777658224105835,maximum,0.0902947187423706
10.94571304321289,1.660961389541626,0.24605503678321838,8.378575325012207,True,family-00339-maximum,family-00339,True,0.6680605411529541,1.0,high,3,0.6143476963043213,False,0.0,33,0.17907395958900452,maximum,0.4889865815639496
8.808650970458984,1.4405499696731567,-0.5700550079345703,6.491950035095215,True,family-00339-minimum,family-00339,True,0.4642769396305084,0.5,medium,0,0.5491521954536438,False,0.0,33,0.34193193912506104,minimum,0.12234500050544739
12.104791641235352,2.1227805614471436,0.10085926949977875,6.252148151397705,True,family-00339-minimum,family-00339,True,0.4642769396305084,0.5,medium,1,0.6434908509254456,False,0.0,33,0.0641632154583931,minimum,0.4001137316226959
2.7945876121520996,0.698138952255249,-0.18968340754508972,8.290199279785156,True,family-00339-minimum,family-00339,True,0.4642769396305084,0.5,medium,2,0.6867057681083679,False,0.0,33,0.8537675142288208,minimum,-0.3894905745983124
4.453394889831543,1.2761316299438477,0.2823066711425781,8.18140697479248,True,family-00339-minimum,family-00339,True,0.4642769396305084,0.5,medium,3,0.6158180236816406,False,0.0,33,0.45958608388900757,minimum,0.0046908557415008545
9.312325477600098,1.7813979387283325,-0.19368700683116913,5.695651531219482,True,family-00339-sum_mod_10,family-00339,False,0.013350572437047958,0.0,low,0,0.48810213804244995,False,0.0,33,0.019086983054876328,sum_mod_10,-0.005736410617828369
7.830833435058594,1.6875076293945312,0.1268305778503418,6.635970115661621,True,family-00339-sum_mod_10,family-00339,False,0.013350572437047958,0.0,low,1,0.5552002787590027,False,0.0,33,0.013033912517130375,sum_mod_10,0.00031665991991758347
1.882866621017456,0.5235913991928101,-0.0617750808596611,8.335392951965332,True,family-00339-sum_mod_10,family-00339,False,0.013350572437047958,0.0,low,2,0.5793288350105286,False,0.0,33,0.020916908979415894,sum_mod_10,-0.007566336542367935
8.046063423156738,1.2212705612182617,0.25350421667099,9.320052146911621,True,family-00339-sum_mod_10,family-00339,False,0.013350572437047958,0.0,low,3,0.5761505961418152,False,0.0,33,0.0467538982629776,sum_mod_10,-0.03340332582592964
8.113763809204102,1.6300783157348633,-0.525422215461731,5.661951541900635,False,family-00340-maximum,family-00340,True,0.8669707775115967,0.5,medium,0,0.5164312124252319,False,0.0,33,0.36932146549224854,maximum,0.49764931201934814
5.0237627029418945,1.4207228422164917,-0.4739472270011902,6.031792163848877,False,family-00340-maximum,family-00340,True,0.8669707775115967,0.5,medium,1,0.6465762257575989,False,0.0,33,0.006400838494300842,maximum,0.860569953918457
13.049656867980957,2.2949371337890625,-0.2211989164352417,4.513117790222168,False,family-00340-maximum,family-00340,True,0.8669707775115967,0.5,medium,2,0.5391441583633423,False,0.0,33,0.5742530226707458,maximum,0.29271775484085083
9.777765274047852,1.6715492010116577,0.4042823612689972,9.511696815490723,False,family-00340-maximum,family-00340,True,0.8669707775115967,0.5,medium,3,1.1077589988708496,False,0.0,33,0.3927704691886902,maximum,0.4742003083229065
2.2976741790771484,0.7632539868354797,-0.5277356505393982,6.9804768562316895,False,family-00340-minimum,family-00340,True,0.9460628628730774,0.0,low,0,0.5471961498260498,False,0.0,33,0.8828912973403931,minimum,0.06317156553268433
4.739732265472412,1.1001672744750977,0.11103630065917969,9.207276344299316,False,family-00340-minimum,family-00340,True,0.9460628628730774,0.0,low,1,0.8494904041290283,False,0.0,33,0.9230104684829712,minimum,0.0230523943901062
3.126434326171875,0.9469823241233826,0.3753587007522583,12.530206680297852,False,family-00340-minimum,family-00340,True,0.9460628628730774,0.0,low,2,0.8364437818527222,False,0.0,33,0.7293338775634766,minimum,0.21672898530960083
3.3010435104370117,0.8230884075164795,0.3894649147987366,8.115411758422852,False,family-00340-minimum,family-00340,True,0.9460628628730774,0.0,low,3,0.3550892770290375,False,0.0,33,0.927559494972229,minimum,0.01850336790084839
10.193395614624023,1.9278877973556519,-0.5836594104766846,5.799613952636719,True,family-00340-sum_mod_10,family-00340,False,0.011612804606556892,1.0,high,0,0.49634402990341187,False,0.0,33,0.005271588917821646,sum_mod_10,0.006341215688735247
6.846609592437744,1.2997994422912598,0.09973335266113281,7.132142066955566,True,family-00340-sum_mod_10,family-00340,False,0.011612804606556892,1.0,high,1,0.7473980188369751,False,0.0,33,0.013092909008264542,sum_mod_10,-0.0014801044017076492
2.839641809463501,0.7954193949699402,-0.20682379603385925,7.54526948928833,True,family-00340-sum_mod_10,family-00340,False,0.011612804606556892,1.0,high,2,0.605066180229187,False,0.0,33,0.02566252090036869,sum_mod_10,-0.014049716293811798
2.731813907623291,0.8556622266769409,0.3759555220603943,7.786520481109619,True,family-00340-sum_mod_10,family-00340,False,0.011612804606556892,1.0,high,3,0.5911181569099426,False,0.0,33,0.005294645205140114,sum_mod_10,0.0063181594014167786
6.8656697273254395,1.3432974815368652,-0.29728418588638306,6.557068824768066,False,family-00341-maximum,family-00341,True,0.8836938738822937,0.0,low,0,0.5929298400878906,False,0.0,33,0.63246089220047,maximum,0.25123298168182373
6.904488563537598,1.390416145324707,-0.23401771485805511,10.133153915405273,False,family-00341-maximum,family-00341,True,0.8836938738822937,0.0,low,1,0.9167465567588806,False,0.0,33,0.006462318357080221,maximum,0.8772315382957458
17.97283363342285,2.7386715412139893,-0.2900501489639282,4.921143054962158,False,family-00341-maximum,family-00341,True,0.8836938738822937,0.0,low,2,0.3747594356536865,False,0.0,33,0.9023023843765259,maximum,-0.018608510494232178
13.19185733795166,2.2117719650268555,0.26212722063064575,7.177396774291992,False,family-00341-maximum,family-00341,True,0.8836938738822937,0.0,low,3,0.568907618522644,False,0.0,33,0.6693369150161743,maximum,0.21435695886611938
4.679051876068115,1.165435552597046,-0.4799562096595764,5.040481090545654,False,family-00341-minimum,family-00341,True,0.7996034026145935,1.0,high,0,0.40300410985946655,False,0.0,33,0.6777669191360474,minimum,0.12183648347854614
5.209455490112305,1.3166685104370117,-0.03303539380431175,6.973295211791992,False,family-00341-minimum,family-00341,True,0.7996034026145935,1.0,high,1,0.6330919861793518,False,0.0,33,0.5631529688835144,minimum,0.2364504337310791
1.4732154607772827,0.3644118309020996,-0.41478824615478516,10.478650093078613,False,family-00341-minimum,family-00341,True,0.7996034026145935,1.0,high,2,0.8160713315010071,False,0.0,33,0.06485462933778763,minimum,0.7347487807273865
4.434267044067383,1.2735252380371094,0.38965681195259094,7.510183811187744,False,family-00341-minimum,family-00341,True,0.7996034026145935,1.0,high,3,0.5881388187408447,False,0.0,33,0.5335727334022522,minimum,0.2660306692123413
9.48298168182373,1.9032399654388428,-0.26049450039863586,5.818674564361572,True,family-00341-sum_mod_10,family-00341,True,0.39234304428100586,0.5,medium,0,0.4986448884010315,False,0.0,33,0.2775633633136749,sum_mod_10,0.11477968096733093
4.730555534362793,1.3396108150482178,0.03392666578292847,6.421788215637207,True,family-00341-sum_mod_10,family-00341,True,0.39234304428100586,0.5,medium,1,0.5534217953681946,False,0.0,33,0.28491660952568054,sum_mod_10,0.10742643475532532
2.3531060218811035,0.7168158292770386,-0.0641922652721405,10.101152420043945,True,family-00341-sum_mod_10,family-00341,True,0.39234304428100586,0.5,medium,2,0.7509300708770752,False,0.0,33,0.06845355778932571,sum_mod_10,0.32388949394226074
5.7827982902526855,1.1709463596343994,0.279146283864975,10.899221420288086,True,family-00341-sum_mod_10,family-00341,True,0.39234304428100586,0.5,medium,3,0.6688623428344727,False,0.0,33,0.17846399545669556,sum_mod_10,0.2138790488243103
10.989937782287598,1.9400842189788818,-0.5341807007789612,5.256831645965576,True,family-00342-maximum,family-00342,True,0.6346468925476074,1.0,high,0,0.43352895975112915,False,0.0,33,0.5003140568733215,maximum,0.1343328356742859
4.660932540893555,1.2479736804962158,-0.25528931617736816,10.284002304077148,True,family-00342-maximum,family-00342,True,0.6346468925476074,1.0,high,1,0.9962137937545776,False,0.0,33,0.037381045520305634,maximum,0.5972658395767212
6.904332160949707,1.4622399806976318,0.10080469399690628,8.863212585449219,True,family-00342-maximum,family-00342,True,0.6346468925476074,1.0,high,2,0.7048462629318237,False,0.0,33,0.7336357235908508,maximum,-0.09898883104324341
10.55026626586914,1.6667523384094238,0.47772079706192017,8.1762113571167,True,family-00342-maximum,family-00342,True,0.6346468925476074,1.0,high,3,0.5078992247581482,False,0.0,33,0.5256335735321045,maximum,0.10901331901550293
8.6124906539917,1.766547441482544,-0.3673959970474243,5.074802875518799,False,family-00342-minimum,family-00342,True,0.492672860622406,0.5,medium,0,0.4818256199359894,False,0.0,33,0.507330596446991,minimum,-0.014657735824584961
8.986553192138672,1.9283263683319092,-0.07629077881574631,5.599867820739746,False,family-00342-minimum,family-00342,True,0.492672860622406,0.5,medium,1,0.5673786401748657,False,0.0,33,0.3471721410751343,minimum,0.14550071954727173
1.548309326171875,0.37854400277137756,0.06557181477546692,9.94216251373291,False,family-00342-minimum,family-00342,True,0.492672860622406,0.5,medium,2,0.9063200354576111,False,0.0,33,0.3695514500141144,minimum,0.12312141060829163
4.633172035217285,1.4358315467834473,0.4714042544364929,8.17040729522705,False,family-00342-minimum,family-00342,True,0.492672860622406,0.5,medium,3,0.5347033143043518,False,0.0,33,0.5290303826332092,minimum,-0.03635752201080322
16.156124114990234,2.2952942848205566,-0.014552101492881775,5.899657249450684,True,family-00342-sum_mod_10,family-00342,False,0.023680804297327995,0.0,low,0,0.5294633507728577,False,0.0,33,0.04303095489740372,sum_mod_10,-0.019350150600075722
9.224431037902832,1.7993652820587158,0.5030447244644165,6.3032450675964355,True,family-00342-sum_mod_10,family-00342,False,0.023680804297327995,0.0,low,1,0.5029693245887756,False,0.0,33,0.026372035965323448,sum_mod_10,-0.002691231667995453
1.6689246892929077,0.44307371973991394,0.13506053388118744,10.82956600189209,True,family-00342-sum_mod_10,family-00342,False,0.023680804297327995,0.0,low,2,0.651559591293335,False,0.0,33,0.08318200707435608,sum_mod_10,-0.059501200914382935
9.69434928894043,1.1676392555236816,0.3112252354621887,10.138025283813477,True,family-00342-sum_mod_10,family-00342,False,0.023680804297327995,0.0,low,3,0.4821304678916931,False,0.0,33,0.005820374004542828,sum_mod_10,0.017860431224107742
7.179818153381348,1.276529312133789,-0.4888588488101959,7.003384590148926,True,family-00343-maximum,family-00343,True,0.9550743699073792,0.5,medium,0,0.5924142599105835,False,0.0,33,0.9328610897064209,maximum,0.022213280200958252
7.953620910644531,1.6076200008392334,-0.2878466844558716,5.303802490234375,True,family-00343-maximum,family-00343,True,0.9550743699073792,0.5,medium,1,0.5107038617134094,False,0.0,33,0.9282696843147278,maximum,0.026804685592651367
5.608334541320801,1.2285706996917725,0.32773685455322266,10.99221420288086,True,family-00343-maximum,family-00343,True,0.9550743699073792,0.5,medium,2,1.0764565467834473,False,0.0,33,0.8623219132423401,maximum,0.09275245666503906
13.764564514160156,2.0292482376098633,0.6176007986068726,7.93083381652832,True,family-00343-maximum,family-00343,True,0.9550743699073792,0.5,medium,3,0.45889922976493835,False,0.0,33,0.9337709546089172,maximum,0.021303415298461914
12.97465991973877,2.202601432800293,-0.5255721807479858,6.418635845184326,True,family-00343-minimum,family-00343,False,0.28641700744628906,0.0,low,0,0.5619913339614868,False,0.0,33,0.07716590911149979,minimum,0.20925110578536987
9.883871078491211,1.7145376205444336,0.13388891518115997,7.651943206787109,True,family-00343-minimum,family-00343,False,0.28641700744628906,0.0,low,1,0.7867914438247681,False,0.0,33,0.11515981703996658,minimum,0.17125719785690308
4.233438491821289,0.9993099570274353,-0.11793994903564453,6.411441326141357,True,family-00343-minimum,family-00343,False,0.28641700744628906,0.0,low,2,0.4873606860637665,False,0.0,33,0.42754417657852173,minimum,-0.14112716913223267
3.648350477218628,1.2567601203918457,0.16526499390602112,8.170268058776855,True,family-00343-minimum,family-00343,False,0.28641700744628906,0.0,low,3,0.5861732363700867,False,0.0,33,0.10076998174190521,minimum,0.18564702570438385
7.574420928955078,1.732675313949585,-0.34750649333000183,5.925789833068848,False,family-00343-sum_mod_10,family-00343,False,0.030818896368145943,1.0,high,0,0.5358458161354065,False,0.0,33,0.13325469195842743,sum_mod_10,-0.10243579745292664
7.7154765129089355,1.5004525184631348,-0.037247005850076675,5.635315895080566,False,family-00343-sum_mod_10,family-00343,False,0.030818896368145943,1.0,high,1,0.532806932926178,False,0.0,33,0.013254827819764614,sum_mod_10,0.017564069479703903
4.225190162658691,0.9835664629936218,0.24544712901115417,4.708742141723633,False,family-00343-sum_mod_10,family-00343,False,0.030818896368145943,1.0,high,2,0.3991285264492035,False,0.0,33,0.05763466656208038,sum_mod_10,-0.02681577019393444
8.025402069091797,1.45457124710083,0.5028665661811829,7.566826820373535,False,family-00343-sum_mod_10,family-00343,False,0.030818896368145943,1.0,high,3,0.5509530901908875,False,0.0,33,0.03745168447494507,sum_mod_10,-0.006632788106799126
9.141273498535156,1.4992585182189941,-0.17568039894104004,7.143162250518799,True,family-00344-maximum,family-00344,True,0.8152142763137817,0.0,low,0,0.7244911789894104,False,0.0,33,0.8898553848266602,maximum,-0.07464110851287842
17.84563446044922,2.0074615478515625,-0.21882377564907074,5.194372653961182,True,family-00344-maximum,family-00344,True,0.8152142763137817,0.0,low,1,0.4674309194087982,False,0.0,33,0.7966814637184143,maximum,0.01853281259536743
14.340852737426758,2.6327552795410156,0.3157055974006653,5.458946704864502,True,family-00344-maximum,family-00344,True,0.8152142763137817,0.0,low,2,0.4878552556037903,False,0.0,33,0.6944822072982788,maximum,0.12073206901550293
18.641172409057617,2.5089797973632812,0.4980815649032593,6.903942584991455,True,family-00344-maximum,family-00344,True,0.8152142763137817,0.0,low,3,0.4962139427661896,False,0.0,33,0.6853504180908203,maximum,0.12986385822296143
5.497723579406738,1.2443993091583252,-0.5297909379005432,8.016797065734863,False,family-00344-minimum,family-00344,True,0.9454067349433899,1.0,high,0,0.6152746677398682,False,0.0,33,0.46163561940193176,minimum,0.48377111554145813
4.697824954986572,1.2600739002227783,-0.16210567951202393,6.787779808044434,False,family-00344-minimum,family-00344,True,0.9454067349433899,1.0,high,1,0.6111383438110352,False,0.0,33,0.936980128288269,minimum,0.00842660665512085
3.082920551300049,0.8471548557281494,-0.21738114953041077,6.412626266479492,False,family-00344-minimum,family-00344,True,0.9454067349433899,1.0,high,2,0.5325540900230408,False,0.0,33,0.8321784138679504,minimum,0.11322832107543945
1.6991572380065918,0.522392749786377,0.3616945147514343,12.2033109664917,False,family-00344-minimum,family-00344,True,0.9454067349433899,1.0,high,3,0.9880552291870117,False,0.0,33,0.8046176433563232,minimum,0.14078909158706665
9.023831367492676,1.9742484092712402,-0.3800951838493347,6.666934490203857,True,family-00344-sum_mod_10,family-00344,True,0.507552981376648,0.5,medium,0,0.587838888168335,False,0.0,33,0.22901885211467743,sum_mod_10,0.2785341143608093
6.329413414001465,1.2677637338638306,0.03732488304376602,6.314754009246826,True,family-00344-sum_mod_10,family-00344,True,0.507552981376648,0.5,medium,1,0.5873335003852844,False,0.0,33,0.39752113819122314,sum_mod_10,0.1100318431854248
3.551769256591797,1.0289676189422607,0.15592314302921295,6.138465881347656,True,family-00344-sum_mod_10,family-00344,True,0.507552981376648,0.5,medium,2,0.4844707250595093,False,0.0,33,0.30724284052848816,sum_mod_10,0.2003101408481598
3.8702051639556885,1.0948631763458252,0.48738977313041687,7.915958881378174,True,family-00344-sum_mod_10,family-00344,True,0.507552981376648,0.5,medium,3,0.5307160019874573,False,0.0,33,0.5044773817062378,sum_mod_10,0.0030755996704101562
7.888160705566406,1.6346396207809448,-0.576377272605896,6.256764888763428,False,family-00345-maximum,family-00345,True,0.8276892900466919,1.0,high,0,0.48019537329673767,False,0.0,33,0.47688356041908264,maximum,0.35080572962760925
4.051897048950195,1.3067841529846191,-0.5926718711853027,9.607029914855957,False,family-00345-maximum,family-00345,True,0.8276892900466919,1.0,high,1,0.8960868120193481,False,0.0,33,0.1282113939523697,maximum,0.6994779109954834
5.009501934051514,1.4005916118621826,-0.224197119474411,9.419757843017578,False,family-00345-maximum,family-00345,True,0.8276892900466919,1.0,high,2,1.0208219289779663,False,0.0,33,0.11903402209281921,maximum,0.7086552381515503
12.074725151062012,2.254732370376587,0.22545644640922546,8.376934051513672,False,family-00345-maximum,family-00345,True,0.8276892900466919,1.0,high,3,0.7212241291999817,False,0.0,33,0.5997795462608337,maximum,0.22790974378585815
8.088958740234375,1.64876127243042,-0.40059882402420044,5.992648601531982,False,family-00345-minimum,family-00345,True,0.8275559544563293,0.5,medium,0,0.5465943217277527,False,0.0,33,0.5853273868560791,minimum,0.24222856760025024
7.186426639556885,1.6285706758499146,0.00599563866853714,5.4049835205078125,False,family-00345-minimum,family-00345,True,0.8275559544563293,0.5,medium,1,0.5313500165939331,False,0.0,33,0.6092244982719421,minimum,0.2183314561843872
2.544144630432129,0.6810557842254639,-0.09834855794906616,7.128679275512695,False,family-00345-minimum,family-00345,True,0.8275559544563293,0.5,medium,2,0.6173319220542908,False,0.0,33,0.8597302436828613,minimum,-0.03217428922653198
5.158989906311035,1.2875077724456787,0.29258596897125244,9.657219886779785,False,family-00345-minimum,family-00345,True,0.8275559544563293,0.5,medium,3,0.7451319098472595,False,0.0,33,0.7570896148681641,minimum,0.07046633958816528
6.800106048583984,1.5554543733596802,-0.5368744730949402,6.2706804275512695,False,family-00345-sum_mod_10,family-00345,False,0.058847490698099136,0.0,low,0,0.4915555417537689,False,0.0,33,0.27469149231910706,sum_mod_10,-0.21584400534629822
6.672430038452148,1.23074471950531,0.057238493114709854,7.1336989402771,False,family-00345-sum_mod_10,family-00345,False,0.058847490698099136,0.0,low,1,0.6618788242340088,False,0.0,33,0.045866794884204865,sum_mod_10,0.012980695813894272
1.7401947975158691,0.4727521240711212,0.09616544097661972,10.232738494873047,False,family-00345-sum_mod_10,family-00345,False,0.058847490698099136,0.0,low,2,0.771638035774231,False,0.0,33,0.07864685356616974,sum_mod_10,-0.019799362868070602
6.557474613189697,1.7264944314956665,0.2955504059791565,8.594803810119629,False,family-00345-sum_mod_10,family-00345,False,0.058847490698099136,0.0,low,3,0.49080052971839905,False,0.0,33,0.08826597034931183,sum_mod_10,-0.029418479651212692
8.458878517150879,1.6788856983184814,-0.4809401035308838,6.022579669952393,False,family-00346-maximum,family-00346,True,0.9196586012840271,0.5,medium,0,0.5493243932723999,False,0.0,33,0.6232352256774902,maximum,0.29642337560653687
3.3081235885620117,0.9309508204460144,-0.425033837556839,9.704656600952148,False,family-00346-maximum,family-00346,True,0.9196586012840271,0.5,medium,1,1.0065422058105469,False,0.0,33,0.005243975669145584,maximum,0.914414644241333
17.20009994506836,2.807799816131592,-0.024172969162464142,3.7967705726623535,False,family-00346-maximum,family-00346,True,0.9196586012840271,0.5,medium,2,0.3660210072994232,False,0.0,33,0.8929045796394348,maximum,0.026754021644592285
16.613441467285156,2.4036507606506348,0.3525235950946808,5.958940505981445,False,family-00346-maximum,family-00346,True,0.9196586012840271,0.5,medium,3,0.5437195897102356,False,0.0,33,0.7656485438346863,maximum,0.15401005744934082
3.2343430519104004,1.02034330368042,-0.5220176577568054,6.3883233070373535,False,family-00346-minimum,family-00346,True,0.9484850764274597,0.0,low,0,0.500777542591095,False,0.0,33,0.9356918931007385,minimum,0.012793183326721191
5.551471710205078,1.2360037565231323,-0.10567495971918106,8.368837356567383,False,family-00346-minimum,family-00346,True,0.9484850764274597,0.0,low,1,0.7689049243927002,False,0.0,33,0.83046954870224,minimum,0.11801552772521973
5.49174690246582,1.2698533535003662,0.3378441333770752,10.651878356933594,False,family-00346-minimum,family-00346,True,0.9484850764274597,0.0,low,2,0.8187704682350159,False,0.0,33,0.8824379444122314,minimum,0.06604713201522827
5.743671417236328,1.0851283073425293,0.5118680000305176,9.306612968444824,False,family-00346-minimum,family-00346,True,0.9484850764274597,0.0,low,3,0.47973063588142395,False,0.0,33,0.9225242733955383,minimum,0.025960803031921387
11.929780960083008,2.112356185913086,-0.1741744577884674,5.341122150421143,True,family-00346-sum_mod_10,family-00346,False,0.1901639699935913,1.0,high,0,0.5417202711105347,False,0.0,33,0.3583969175815582,sum_mod_10,-0.16823294758796692
12.81482219696045,1.8527252674102783,-0.010215677320957184,6.700605392456055,True,family-00346-sum_mod_10,family-00346,False,0.1901639699935913,1.0,high,1,0.6465824842453003,False,0.0,33,0.07802391052246094,sum_mod_10,0.11214005947113037
5.175273895263672,1.303227186203003,-0.03412055969238281,6.760149002075195,True,family-00346-sum_mod_10,family-00346,False,0.1901639699935913,1.0,high,2,0.5503638982772827,False,0.0,33,0.021245013922452927,sum_mod_10,0.16891895234584808
3.0259060859680176,0.8702763319015503,0.4352436363697052,8.19112491607666,True,family-00346-sum_mod_10,family-00346,False,0.1901639699935913,1.0,high,3,0.5928339958190918,False,0.0,33,0.18044932186603546,sum_mod_10,0.009714648127555847
8.369211196899414,1.3577122688293457,-0.4896792769432068,7.735883712768555,True,family-00347-maximum,family-00347,True,0.8838878870010376,0.0,low,0,0.6620543599128723,False,0.0,33,0.39322561025619507,maximum,0.49066227674484253
6.521594524383545,1.3484141826629639,-0.48515331745147705,9.516395568847656,True,family-00347-maximum,family-00347,True,0.8838878870010376,0.0,low,1,0.9163525104522705,False,0.0,33,0.014960852451622486,maximum,0.8689270615577698
13.391708374023438,2.3605213165283203,0.14767049252986908,4.720508575439453,True,family-00347-maximum,family-00347,True,0.8838878870010376,0.0,low,2,0.46621838212013245,False,0.0,33,0.756435751914978,maximum,0.12745213508605957
17.484569549560547,2.0471956729888916,0.3861102759838104,9.621530532836914,True,family-00347-maximum,family-00347,True,0.8838878870010376,0.0,low,3,0.8163316249847412,False,0.0,33,0.45114022493362427,maximum,0.43274766206741333
7.020256042480469,1.4336127042770386,-0.5080891847610474,6.725636005401611,True,family-00347-minimum,family-00347,True,0.5662444233894348,1.0,high,0,0.614905595779419,False,0.0,33,0.024296855553984642,minimum,0.5419475436210632
12.794160842895508,2.384984016418457,0.14164572954177856,5.253928184509277,True,family-00347-minimum,family-00347,True,0.5662444233894348,1.0,high,1,0.5534625053405762,False,0.0,33,0.46227002143859863,minimum,0.10397440195083618
2.827441692352295,0.8868090510368347,-0.13703006505966187,7.967539310455322,True,family-00347-minimum,family-00347,True,0.5662444233894348,1.0,high,2,0.6938881874084473,False,0.0,33,0.8018866777420044,minimum,-0.23564225435256958
2.9647011756896973,0.8250863552093506,0.15632383525371552,9.681678771972656,True,family-00347-minimum,family-00347,True,0.5662444233894348,1.0,high,3,0.7419934868812561,False,0.0,33,0.08911828696727753,minimum,0.4771261215209961
10.291932106018066,2.041538715362549,-0.3604803681373596,6.606673717498779,True,family-00347-sum_mod_10,family-00347,False,0.010403487831354141,0.5,medium,0,0.5825255513191223,False,0.0,33,0.01680167391896248,sum_mod_10,-0.006398186087608337
5.447325706481934,1.2124481201171875,-0.06366968154907227,6.869711875915527,True,family-00347-sum_mod_10,family-00347,False,0.010403487831354141,0.5,medium,1,0.6317253708839417,False,0.0,33,0.009886227548122406,sum_mod_10,0.0005172602832317352
2.392660617828369,0.812480628490448,-0.03860457241535187,7.205708026885986,True,family-00347-sum_mod_10,family-00347,False,0.010403487831354141,0.5,medium,2,0.577038049697876,False,0.0,33,0.011633162386715412,sum_mod_10,-0.001229674555361271
5.877452373504639,0.9066255688667297,0.4966692328453064,10.856124877929688,True,family-00347-sum_mod_10,family-00347,False,0.010403487831354141,0.5,medium,3,0.765903115272522,False,0.0,33,0.02606908790767193,sum_mod_10,-0.015665600076317787
7.264851093292236,1.4195373058319092,-0.5203429460525513,7.0143938064575195,True,family-00348-maximum,family-00348,True,0.847341001033783,1.0,high,0,0.6635690331459045,False,0.0,33,0.2126988023519516,maximum,0.6346421837806702
6.8321332931518555,1.6765875816345215,-0.3611433804035187,9.277450561523438,True,family-00348-maximum,family-00348,True,0.847341001033783,1.0,high,1,1.0135947465896606,False,0.0,33,0.004107920452952385,maximum,0.8432331085205078
16.90157699584961,2.7961997985839844,-0.16044706106185913,4.433383464813232,True,family-00348-maximum,family-00348,True,0.847341001033783,1.0,high,2,0.4255897104740143,False,0.0,33,0.9248007535934448,maximum,-0.07745975255966187
19.439605712890625,2.747012138366699,0.27792802453041077,7.646459579467773,True,family-00348-maximum,family-00348,True,0.847341001033783,1.0,high,3,0.7182077765464783,False,0.0,33,0.7424624562263489,maximum,0.10487854480743408
7.856926918029785,1.5692945718765259,-0.37652772665023804,6.5702223777771,False,family-00348-minimum,family-00348,True,0.8859831690788269,0.5,medium,0,0.5992752909660339,False,0.0,33,0.5307315587997437,minimum,0.35525161027908325
8.524077415466309,1.916258454322815,-0.039406079798936844,6.15994119644165,False,family-00348-minimum,family-00348,True,0.8859831690788269,0.5,medium,1,0.5896813869476318,False,0.0,33,0.787609875202179,minimum,0.09837329387664795
2.678264617919922,0.7750169038772583,-0.10118220001459122,7.052234649658203,False,family-00348-minimum,family-00348,True,0.8859831690788269,0.5,medium,2,0.5918166637420654,False,0.0,33,0.9370570778846741,minimum,-0.05107390880584717
2.233670711517334,0.7252340912818909,0.39499855041503906,12.461480140686035,False,family-00348-minimum,family-00348,True,0.8859831690788269,0.5,medium,3,0.942740261554718,False,0.0,33,0.7598111033439636,minimum,0.12617206573486328
5.288114070892334,1.3459182977676392,-0.5151477456092834,6.480717658996582,False,family-00348-sum_mod_10,family-00348,False,0.013562383130192757,0.0,low,0,0.508020281791687,False,0.0,33,0.08039165288209915,sum_mod_10,-0.06682927161455154
3.8105831146240234,1.1543750762939453,-0.26585373282432556,7.312811374664307,False,family-00348-sum_mod_10,family-00348,False,0.013562383130192757,0.0,low,1,0.6687982082366943,False,0.0,33,0.009975762106478214,sum_mod_10,0.0035866210237145424
1.7933070659637451,0.44484490156173706,0.05848105996847153,9.989892959594727,False,family-00348-sum_mod_10,family-00348,False,0.013562383130192757,0.0,low,2,0.8744252324104309,False,0.0,33,0.04674028605222702,sum_mod_10,-0.03317790478467941
10.06157112121582,2.1487114429473877,0.28771737217903137,8.939093589782715,False,family-00348-sum_mod_10,family-00348,False,0.013562383130192757,0.0,low,3,0.5726582407951355,False,0.0,33,0.005919860675930977,sum_mod_10,0.00764252245426178
5.953287124633789,1.1096312999725342,-0.6160315871238708,6.812391757965088,False,family-00349-maximum,family-00349,True,0.9034608006477356,0.5,medium,0,0.6376851201057434,False,0.0,33,0.4696873724460602,maximum,0.4337734282016754
3.93099045753479,0.8340027332305908,-0.42467212677001953,11.171833992004395,False,family-00349-maximum,family-00349,True,0.9034608006477356,0.5,medium,1,1.3270716667175293,False,0.0,33,0.002981725614517927,maximum,0.9004790782928467
14.955570220947266,2.691678285598755,-0.033171847462654114,4.1813130378723145,False,family-00349-maximum,family-00349,True,0.9034608006477356,0.5,medium,2,0.3885611891746521,False,0.0,33,0.9292370080947876,maximum,-0.025776207447052002
16.184396743774414,2.630160331726074,0.30317312479019165,7.392998218536377,False,family-00349-maximum,family-00349,True,0.9034608006477356,0.5,medium,3,0.6476677656173706,False,0.0,33,0.8266991376876831,maximum,0.07676166296005249
9.742931365966797,1.6164932250976562,-0.5959799885749817,6.165363311767578,True,family-00349-minimum,family-00349,True,0.8573340177536011,0.0,low,0,0.5215262770652771,False,0.0,33,0.6958556175231934,minimum,0.16147840023040771
6.879700183868408,1.322232961654663,-0.12812039256095886,8.163311958312988,True,family-00349-minimum,family-00349,True,0.8573340177536011,0.0,low,1,0.8562684655189514,False,0.0,33,0.7383667230606079,minimum,0.11896729469299316
2.5781989097595215,0.8846226334571838,-0.12405894696712494,10.496795654296875,True,family-00349-minimum,family-00349,True,0.8573340177536011,0.0,low,2,0.8948870897293091,False,0.0,33,0.640247642993927,minimum,0.21708637475967407
7.531060218811035,1.4532203674316406,0.5068951845169067,10.581525802612305,True,family-00349-minimum,family-00349,True,0.8573340177536011,0.0,low,3,0.7179567217826843,False,0.0,33,0.6509130597114563,minimum,0.20642095804214478
6.678985595703125,1.5567383766174316,-0.3947605788707733,5.574278831481934,False,family-00349-sum_mod_10,family-00349,True,0.3107583224773407,1.0,high,0,0.471318781375885,False,0.0,33,0.11592410504817963,sum_mod_10,0.19483421742916107
4.5573201179504395,1.0223238468170166,-0.18558838963508606,7.384255886077881,False,family-00349-sum_mod_10,family-00349,True,0.3107583224773407,1.0,high,1,0.6771999001502991,False,0.0,33,0.37164878845214844,sum_mod_10,-0.06089046597480774
1.7152098417282104,0.4432778060436249,0.0012041330337524414,9.619673728942871,False,family-00349-sum_mod_10,family-00349,True,0.3107583224773407,1.0,high,2,0.8029230237007141,False,0.0,33,0.04898316413164139,sum_mod_10,0.2617751657962799
4.90312385559082,1.2328708171844482,0.5011941194534302,8.02400016784668,False,family-00349-sum_mod_10,family-00349,True,0.3107583224773407,1.0,high,3,0.5219247937202454,False,0.0,33,0.21195866167545319,sum_mod_10,0.09879966080188751
14.644800186157227,2.3344271183013916,-0.34479576349258423,5.667239665985107,True,family-00350-maximum,family-00350,True,0.6242650151252747,0.0,low,0,0.5172150731086731,False,0.0,33,0.6288979053497314,maximum,-0.004632890224456787
6.82717227935791,1.5531102418899536,-0.3489348888397217,8.429729461669922,True,family-00350-maximum,family-00350,True,0.6242650151252747,0.0,low,1,0.8061041831970215,False,0.0,33,0.010346611961722374,maximum,0.6139184236526489
14.94801139831543,2.6811752319335938,0.021060913801193237,6.662477970123291,True,family-00350-maximum,family-00350,True,0.6242650151252747,0.0,low,2,0.6110109090805054,False,0.0,33,0.72081059217453,maximum,-0.09654557704925537
14.345705032348633,2.108485698699951,0.28761816024780273,8.164003372192383,True,family-00350-maximum,family-00350,True,0.6242650151252747,0.0,low,3,0.6329893469810486,False,0.0,33,0.6258071064949036,maximum,-0.0015420913696289062
11.485097885131836,2.0452535152435303,-0.5205764770507812,4.361995697021484,True,family-00350-minimum,family-00350,True,0.9482325911521912,1.0,high,0,0.3733094036579132,False,0.0,33,0.9051911234855652,minimum,0.04304146766662598
6.969570159912109,1.5410325527191162,0.0760519877076149,5.593070030212402,True,family-00350-minimum,family-00350,True,0.9482325911521912,1.0,high,1,0.5524643659591675,False,0.0,33,0.8955701589584351,minimum,0.052662432193756104
1.6259584426879883,0.3423847556114197,-0.06727155297994614,14.326142311096191,True,family-00350-minimum,family-00350,True,0.9482325911521912,1.0,high,2,1.200585961341858,False,0.0,33,0.32411709427833557,minimum,0.6241154670715332
7.79015588760376,1.4851683378219604,0.5590178966522217,8.231110572814941,True,family-00350-minimum,family-00350,True,0.9482325911521912,1.0,high,3,0.4568428695201874,False,0.0,33,0.9028942584991455,minimum,0.045338332653045654
3.6415138244628906,1.2694239616394043,-0.5117096900939941,6.414412498474121,False,family-00350-sum_mod_10,family-00350,False,0.008351361379027367,0.5,medium,0,0.5028226375579834,False,0.0,33,0.014848345890641212,sum_mod_10,-0.006496984511613846
3.680994987487793,0.9949548244476318,0.045134030282497406,7.464264392852783,False,family-00350-sum_mod_10,family-00350,False,0.008351361379027367,0.5,medium,1,0.6810020804405212,False,0.0,33,0.01116186287254095,sum_mod_10,-0.002810501493513584
1.9142439365386963,0.5897834897041321,-0.025747332721948624,10.304365158081055,False,family-00350-sum_mod_10,family-00350,False,0.008351361379027367,0.5,medium,2,0.7612268328666687,False,0.0,33,0.006913470569998026,sum_mod_10,0.0014378908090293407
6.158981800079346,1.1990402936935425,0.33819979429244995,10.970094680786133,False,family-00350-sum_mod_10,family-00350,False,0.008351361379027367,0.5,medium,3,0.6529880166053772,False,0.0,33,0.014100553467869759,sum_mod_10,-0.005749192088842392
7.843751907348633,1.6633355617523193,-0.3429207503795624,5.4962639808654785,True,family-00351-maximum,family-00351,True,0.6560299396514893,1.0,high,0,0.5025076270103455,False,0.0,33,0.6135572791099548,maximum,0.042472660541534424
9.224580764770508,1.8235254287719727,-0.17802412807941437,9.162532806396484,True,family-00351-maximum,family-00351,True,0.6560299396514893,1.0,high,1,0.879180371761322,False,0.0,33,0.0063293143175542355,maximum,0.6497006416320801
23.220407485961914,3.099823474884033,-0.1130923181772232,4.267446517944336,True,family-00351-maximum,family-00351,True,0.6560299396514893,1.0,high,2,0.338894784450531,False,0.0,33,0.8408518433570862,maximum,-0.18482190370559692
22.39887237548828,3.06369686126709,0.25458845496177673,6.214012622833252,True,family-00351-maximum,family-00351,True,0.6560299396514893,1.0,high,3,0.48431628942489624,False,0.0,33,0.4996378719806671,maximum,0.15639206767082214
7.078117370605469,1.5212585926055908,-0.3837513029575348,5.353893280029297,True,family-00351-minimum,family-00351,True,0.9192116856575012,0.5,medium,0,0.5064839124679565,False,0.0,33,0.8556574583053589,minimum,0.06355422735214233
12.046621322631836,2.0479395389556885,-0.06063053756952286,5.791024684906006,True,family-00351-minimum,family-00351,True,0.9192116856575012,0.5,medium,1,0.5880874991416931,False,0.0,33,0.8108112215995789,minimum,0.10840046405792236
1.7657259702682495,0.4343693256378174,0.20624615252017975,13.278129577636719,True,family-00351-minimum,family-00351,True,0.9192116856575012,0.5,medium,2,1.1943939924240112,False,0.0,33,0.5505068302154541,minimum,0.3687048554420471
7.699443817138672,1.4727580547332764,0.5927741527557373,8.613835334777832,True,family-00351-minimum,family-00351,True,0.9192116856575012,0.5,medium,3,0.4534936547279358,False,0.0,33,0.87019944190979,minimum,0.04901224374771118
14.838420867919922,2.208584785461426,-0.4518723487854004,5.096633434295654,True,family-00351-sum_mod_10,family-00351,False,0.08155813813209534,0.0,low,0,0.465139240026474,False,0.0,33,0.05947352573275566,sum_mod_10,0.022084612399339676
3.1235275268554688,0.8051906824111938,0.029885977506637573,7.340020656585693,True,family-00351-sum_mod_10,family-00351,False,0.08155813813209534,0.0,low,1,0.7508336901664734,False,0.0,33,0.04829278960824013,sum_mod_10,0.03326534852385521
3.4190728664398193,1.1796364784240723,-0.10741771757602692,10.669045448303223,True,family-00351-sum_mod_10,family-00351,False,0.08155813813209534,0.0,low,2,0.8604862689971924,False,0.0,33,0.05857319384813309,sum_mod_10,0.02298494428396225
16.83789825439453,2.489647626876831,0.3440355062484741,9.47841739654541,True,family-00351-sum_mod_10,family-00351,False,0.08155813813209534,0.0,low,3,0.6129271984100342,False,0.0,33,0.0627317875623703,sum_mod_10,0.018826350569725037
8.177654266357422,1.638283133506775,-0.4719604253768921,6.215908527374268,False,family-00352-maximum,family-00352,True,0.9348064064979553,0.5,medium,0,0.5669580698013306,False,0.0,33,0.6381567120552063,maximum,0.296649694442749
5.215667724609375,1.4949315786361694,-0.38269922137260437,7.55429744720459,False,family-00352-maximum,family-00352,True,0.9348064064979553,0.5,medium,1,0.7770561575889587,False,0.0,33,0.049339983612298965,maximum,0.8854663968086243
12.135879516601562,2.031904458999634,0.14904192090034485,8.259476661682129,False,family-00352-maximum,family-00352,True,0.9348064064979553,0.5,medium,2,0.8457705974578857,False,0.0,33,0.8695096969604492,maximum,0.0652967095375061
14.768547058105469,2.6599488258361816,0.5219178199768066,5.763303756713867,False,family-00352-maximum,family-00352,True,0.9348064064979553,0.5,medium,3,0.42074695229530334,False,0.0,33,0.8662744164466858,maximum,0.06853199005126953
6.5553741455078125,1.3541160821914673,-0.5067136883735657,5.913820743560791,False,family-00352-minimum,family-00352,True,0.8432362079620361,0.0,low,0,0.5000278353691101,False,0.0,33,0.7211945056915283,minimum,0.12204170227050781
4.558815002441406,0.9820770025253296,0.09276068210601807,9.8748779296875,False,family-00352-minimum,family-00352,True,0.8432362079620361,0.0,low,1,0.9684557914733887,False,0.0,33,0.45300281047821045,minimum,0.3902333974838257
2.82607102394104,0.9293782711029053,0.0937623530626297,9.851325035095215,False,family-00352-minimum,family-00352,True,0.8432362079620361,0.0,low,2,0.6639314293861389,False,0.0,33,0.925128698348999,minimum,-0.08189249038696289
1.3961247205734253,0.27155569195747375,0.25118210911750793,10.98122501373291,False,family-00352-minimum,family-00352,True,0.8432362079620361,0.0,low,3,0.5915336012840271,False,0.0,33,0.33299416303634644,minimum,0.5102420449256897
6.456643581390381,1.545601725578308,-0.3866272270679474,5.866436004638672,False,family-00352-sum_mod_10,family-00352,False,0.03126579150557518,1.0,high,0,0.4960213601589203,False,0.0,33,0.03182502090930939,sum_mod_10,-0.0005592294037342072
4.042330741882324,0.9623686075210571,-0.04254642128944397,7.307927131652832,False,family-00352-sum_mod_10,family-00352,False,0.03126579150557518,1.0,high,1,0.6653407216072083,False,0.0,33,0.016403531655669212,sum_mod_10,0.014862259849905968
2.47512149810791,0.7425293922424316,0.10180915892124176,5.675466060638428,False,family-00352-sum_mod_10,family-00352,False,0.03126579150557518,1.0,high,2,0.4388943612575531,False,0.0,33,0.01427951455116272,sum_mod_10,0.01698627695441246
3.266437530517578,0.7975032329559326,0.5317047834396362,7.989721298217773,False,family-00352-sum_mod_10,family-00352,False,0.03126579150557518,1.0,high,3,0.545691192150116,False,0.0,33,0.09702806919813156,sum_mod_10,-0.06576228141784668
9.245386123657227,1.592317819595337,-0.1724652498960495,5.935671806335449,True,family-00353-maximum,family-00353,True,0.9417636394500732,0.0,low,0,0.6020221710205078,False,0.0,33,0.8137868046760559,maximum,0.12797683477401733
18.790231704711914,2.358539581298828,0.01678583025932312,4.4224958419799805,True,family-00353-maximum,family-00353,True,0.9417636394500732,0.0,low,1,0.4174085557460785,False,0.0,33,0.8744151592254639,maximum,0.06734848022460938
5.013485908508301,1.460923194885254,0.2420451045036316,7.61205530166626,True,family-00353-maximum,family-00353,True,0.9417636394500732,0.0,low,2,0.6590877175331116,False,0.0,33,0.7886531949043274,maximum,0.15311044454574585
12.695877075195312,2.2500998973846436,0.5444584488868713,6.096911907196045,True,family-00353-maximum,family-00353,True,0.9417636394500732,0.0,low,3,0.39866116642951965,False,0.0,33,0.9229608774185181,maximum,0.018802762031555176
5.2321271896362305,1.3483085632324219,-0.4749073386192322,5.904984474182129,False,family-00353-minimum,family-00353,True,0.935360848903656,1.0,high,0,0.4721241891384125,False,0.0,33,0.6977874636650085,minimum,0.23757338523864746
5.797967910766602,1.3951215744018555,0.04864144325256348,5.399665832519531,False,family-00353-minimum,family-00353,True,0.935360848903656,1.0,high,1,0.490570992231369,False,0.0,33,0.7215538024902344,minimum,0.21380704641342163
1.7790563106536865,0.531339168548584,-0.37498098611831665,7.671300411224365,False,family-00353-minimum,family-00353,True,0.935360848903656,1.0,high,2,0.6140182614326477,False,0.0,33,0.7998496294021606,minimum,0.13551121950149536
1.1784061193466187,0.16271987557411194,0.07108432799577713,11.833991050720215,False,family-00353-minimum,family-00353,True,0.935360848903656,1.0,high,3,0.9893971681594849,False,0.0,33,0.3752879202365875,minimum,0.5600728988647461
6.414141654968262,1.622671127319336,-0.5178950428962708,6.551442623138428,False,family-00353-sum_mod_10,family-00353,False,0.030463173985481262,0.5,medium,0,0.5135643482208252,False,0.0,33,0.017849748954176903,sum_mod_10,0.01261342503130436
4.845855712890625,0.8740708231925964,0.09923745691776276,7.2867865562438965,False,family-00353-sum_mod_10,family-00353,False,0.030463173985481262,0.5,medium,1,0.6677236557006836,False,0.0,33,0.17192666232585907,sum_mod_10,-0.1414634883403778
3.1312108039855957,1.0781759023666382,-0.19682608544826508,6.840817928314209,False,family-00353-sum_mod_10,family-00353,False,0.030463173985481262,0.5,medium,2,0.4989566206932068,False,0.0,33,0.017366401851177216,sum_mod_10,0.013096772134304047
2.1114704608917236,0.596845269203186,0.3008289933204651,10.143095970153809,False,family-00353-sum_mod_10,family-00353,False,0.030463173985481262,0.5,medium,3,0.7211166024208069,False,0.0,33,0.044267117977142334,sum_mod_10,-0.013803943991661072
7.573041915893555,1.5090315341949463,-0.44537729024887085,6.28292179107666,True,family-00354-maximum,family-00354,True,0.8520060777664185,1.0,high,0,0.5943710207939148,False,0.0,33,0.2253822386264801,maximum,0.6266238689422607
5.6227707862854,1.4698683023452759,-0.3527238070964813,9.370145797729492,True,family-00354-maximum,family-00354,True,0.8520060777664185,1.0,high,1,0.9766104221343994,False,0.0,33,0.0023855948820710182,maximum,0.8496204614639282
24.37628936767578,3.184262275695801,-0.2155885547399521,3.015392541885376,True,family-00354-maximum,family-00354,True,0.8520060777664185,1.0,high,2,0.2794501781463623,False,0.0,33,0.8244895339012146,maximum,0.027516543865203857
15.092842102050781,2.306633472442627,0.12410932779312134,5.850421905517578,True,family-00354-maximum,family-00354,True,0.8520060777664185,1.0,high,3,0.5540585517883301,False,0.0,33,0.6731395125389099,maximum,0.17886656522750854
8.846355438232422,1.799764633178711,-0.36531662940979004,5.073300361633301,False,family-00354-minimum,family-00354,True,0.9603606462478638,0.5,medium,0,0.48168298602104187,False,0.0,33,0.9250397086143494,minimum,0.035320937633514404
6.635255336761475,1.2777281999588013,-0.4144388437271118,6.384037971496582,False,family-00354-minimum,family-00354,True,0.9603606462478638,0.5,medium,1,0.6461062431335449,False,0.0,33,0.9054626226425171,minimum,0.05489802360534668
1.3819841146469116,0.27290186285972595,0.15178200602531433,12.515443801879883,False,family-00354-minimum,family-00354,True,0.9603606462478638,0.5,medium,2,1.348784327507019,False,0.0,33,0.7313709855079651,minimum,0.22898966073989868
5.592566013336182,1.2115379571914673,0.5479350090026855,8.642298698425293,False,family-00354-minimum,family-00354,True,0.9603606462478638,0.5,medium,3,0.5183394551277161,False,0.0,33,0.9368844032287598,minimum,0.023476243019104004
10.053706169128418,1.8557043075561523,-0.25862276554107666,5.1499762535095215,True,family-00354-sum_mod_10,family-00354,False,0.07020451128482819,0.0,low,0,0.4413392245769501,False,0.0,33,0.14166180789470673,sum_mod_10,-0.07145729660987854
5.832831382751465,1.4027888774871826,-0.11872135102748871,6.4362640380859375,True,family-00354-sum_mod_10,family-00354,False,0.07020451128482819,0.0,low,1,0.5610483884811401,False,0.0,33,0.03836769238114357,sum_mod_10,0.031836818903684616
2.243417501449585,0.6744570732116699,0.09220215678215027,12.201859474182129,True,family-00354-sum_mod_10,family-00354,False,0.07020451128482819,0.0,low,2,0.9785091280937195,False,0.0,33,0.0333159975707531,sum_mod_10,0.03688851371407509
10.704965591430664,2.0394866466522217,0.5327976942062378,7.2683186531066895,True,family-00354-sum_mod_10,family-00354,False,0.07020451128482819,0.0,low,3,0.3986363708972931,False,0.0,33,0.05130516365170479,sum_mod_10,0.018899347633123398
5.837299346923828,1.1095539331436157,-0.6180800199508667,6.791861534118652,False,family-00355-maximum,family-00355,True,0.935896635055542,0.5,medium,0,0.6357633471488953,False,0.0,33,0.35754725337028503,maximum,0.5783493518829346
3.710538387298584,0.8583033680915833,-0.41692596673965454,8.923310279846191,False,family-00355-maximum,family-00355,True,0.935896635055542,0.5,medium,1,1.0622740983963013,False,0.0,33,0.022171488031744957,maximum,0.9137251377105713
19.401464462280273,2.950535774230957,0.1567554920911789,5.0855302810668945,False,family-00355-maximum,family-00355,True,0.935896635055542,0.5,medium,2,0.5430914163589478,False,0.0,33,0.893420934677124,maximum,0.04247570037841797
9.573362350463867,1.8464542627334595,0.169515460729599,8.425620079040527,False,family-00355-maximum,family-00355,True,0.935896635055542,0.5,medium,3,0.7433410882949829,False,0.0,33,0.8405000567436218,maximum,0.09539657831192017
8.166507720947266,1.7972345352172852,-0.45568016171455383,4.864732265472412,False,family-00355-minimum,family-00355,True,0.848967432975769,0.0,low,0,0.4398985505104065,False,0.0,33,0.77491694688797,minimum,0.07405048608779907
5.166069984436035,1.1307439804077148,-0.1898200809955597,6.863486289978027,False,family-00355-minimum,family-00355,True,0.848967432975769,0.0,low,1,0.6971240043640137,False,0.0,33,0.0888068899512291,minimum,0.7601605653762817
5.627613544464111,1.3669612407684326,-0.12095968425273895,9.646886825561523,False,family-00355-minimum,family-00355,True,0.848967432975769,0.0,low,2,0.8866183161735535,False,0.0,33,0.3422069251537323,minimum,0.5067604780197144
2.9057846069335938,0.9793221950531006,0.5864250063896179,9.402363777160645,False,family-00355-minimum,family-00355,True,0.848967432975769,0.0,low,3,0.689311146736145,False,0.0,33,0.6323251128196716,minimum,0.2166423201560974
12.911859512329102,2.3221664428710938,-0.4912613034248352,5.278651237487793,True,family-00355-sum_mod_10,family-00355,True,0.6505089998245239,1.0,high,0,0.46217861771583557,False,0.0,33,0.6529300808906555,sum_mod_10,-0.002421081066131592
7.97218656539917,1.5275914669036865,0.15545831620693207,7.123866558074951,True,family-00355-sum_mod_10,family-00355,True,0.6505089998245239,1.0,high,1,0.7157089710235596,False,0.0,33,0.2701663076877594,sum_mod_10,0.3803426921367645
3.5667195320129395,1.1028692722320557,0.16522328555583954,6.35473108291626,True,family-00355-sum_mod_10,family-00355,True,0.6505089998245239,1.0,high,2,0.48472732305526733,False,0.0,33,0.42630425095558167,sum_mod_10,0.22420474886894226
2.9838290214538574,0.8339025974273682,0.5871944427490234,8.670692443847656,True,family-00355-sum_mod_10,family-00355,True,0.6505089998245239,1.0,high,3,0.5599454045295715,False,0.0,33,0.6174792647361755,sum_mod_10,0.03302973508834839
5.8125152587890625,1.096375823020935,-0.40492022037506104,6.600970268249512,False,family-00356-maximum,family-00356,True,0.9442225098609924,0.0,low,0,0.5581279993057251,False,0.0,33,0.804456889629364,maximum,0.13976562023162842
4.483458518981934,1.21092689037323,-0.030031319707632065,5.264363765716553,False,family-00356-maximum,family-00356,True,0.9442225098609924,0.0,low,1,0.480115681886673,False,0.0,33,0.9107582569122314,maximum,0.033464252948760986
2.8186144828796387,0.9276410341262817,0.21771487593650818,10.714889526367188,False,family-00356-maximum,family-00356,True,0.9442225098609924,0.0,low,2,0.8914446234703064,False,0.0,33,0.6672331094741821,maximum,0.2769894003868103
13.000374794006348,1.851657509803772,0.4348953068256378,7.665136337280273,False,family-00356-maximum,family-00356,True,0.9442225098609924,0.0,low,3,0.43163445591926575,False,0.0,33,0.8994148969650269,maximum,0.044807612895965576
5.087680816650391,1.298008680343628,-0.4802842140197754,5.002852439880371,False,family-00356-minimum,family-00356,True,0.9606040120124817,1.0,high,0,0.3999955654144287,False,0.0,33,0.9226735830307007,minimum,0.037930428981781006
5.4941086769104,1.3052196502685547,-0.10063908249139786,5.440704345703125,False,family-00356-minimum,family-00356,True,0.9606040120124817,1.0,high,1,0.49388426542282104,False,0.0,33,0.9346334338188171,minimum,0.02597057819366455
1.264378309249878,0.2196168452501297,0.10157915949821472,14.162347793579102,False,family-00356-minimum,family-00356,True,0.9606040120124817,1.0,high,2,1.2016966342926025,False,0.0,33,0.5556235909461975,minimum,0.4049804210662842
6.5592265129089355,1.3109688758850098,0.5542930364608765,9.297962188720703,False,family-00356-minimum,family-00356,True,0.9606040120124817,1.0,high,3,0.481189101934433,False,0.0,33,0.9467284679412842,minimum,0.01387554407119751
9.99602222442627,2.126905679702759,-0.460483193397522,4.742960453033447,True,family-00356-sum_mod_10,family-00356,False,0.018197596073150635,0.5,medium,0,0.4181976914405823,False,0.0,33,0.017663931474089622,sum_mod_10,0.0005336645990610123
5.309455871582031,1.1942167282104492,0.04962494224309921,6.246768951416016,True,family-00356-sum_mod_10,family-00356,False,0.018197596073150635,0.5,medium,1,0.6197900176048279,False,0.0,33,0.04212252050638199,sum_mod_10,-0.023924924433231354
2.3925869464874268,0.7911539077758789,0.22717487812042236,11.150611877441406,True,family-00356-sum_mod_10,family-00356,False,0.018197596073150635,0.5,medium,2,0.9201438426971436,False,0.0,33,0.05392833426594734,sum_mod_10,-0.03573073819279671
6.140602111816406,1.0024423599243164,0.4076120853424072,7.482073783874512,True,family-00356-sum_mod_10,family-00356,False,0.018197596073150635,0.5,medium,3,0.4102707803249359,False,0.0,33,0.02388072945177555,sum_mod_10,-0.005683133378624916
13.047714233398438,2.043588876724243,-0.573939323425293,5.68485689163208,True,family-00357-maximum,family-00357,True,0.9224055409431458,1.0,high,0,0.468828022480011,False,0.0,33,0.7704815864562988,maximum,0.15192395448684692
5.38424015045166,1.1542003154754639,0.016349121928215027,6.474741458892822,True,family-00357-maximum,family-00357,True,0.9224055409431458,1.0,high,1,0.6467527747154236,False,0.0,33,0.8473694324493408,maximum,0.07503610849380493
4.765659809112549,1.1584938764572144,0.34500592947006226,10.227458000183105,True,family-00357-maximum,family-00357,True,0.9224055409431458,1.0,high,2,0.8515051603317261,False,0.0,33,0.8935808539390564,maximum,0.028824687004089355
14.364385604858398,2.0804357528686523,0.5339786410331726,6.872962951660156,True,family-00357-maximum,family-00357,True,0.9224055409431458,1.0,high,3,0.37628111243247986,False,0.0,33,0.9081251621246338,maximum,0.014280378818511963
7.8759989738464355,1.3552461862564087,-0.5495889782905579,6.730959415435791,True,family-00357-minimum,family-00357,True,0.9501315355300903,0.5,medium,0,0.569369912147522,False,0.0,33,0.8901907801628113,minimum,0.05994075536727905
9.495357513427734,1.765207290649414,-0.010955974459648132,5.094645023345947,True,family-00357-minimum,family-00357,True,0.9501315355300903,0.5,medium,1,0.5156998038291931,False,0.0,33,0.8873875141143799,minimum,0.06274402141571045
1.812767505645752,0.5454742312431335,0.09512779116630554,11.241981506347656,True,family-00357-minimum,family-00357,True,0.9501315355300903,0.5,medium,2,1.0159335136413574,False,0.0,33,0.8138759732246399,minimum,0.13625556230545044
9.577167510986328,1.5369682312011719,0.5179183483123779,8.909934997558594,True,family-00357-minimum,family-00357,True,0.9501315355300903,0.5,medium,3,0.5397493839263916,False,0.0,33,0.9075950384140015,minimum,0.04253649711608887
9.603092193603516,1.80245840549469,-0.35242557525634766,4.943670749664307,False,family-00357-sum_mod_10,family-00357,False,0.16082653403282166,0.0,low,0,0.41236549615859985,False,0.0,33,0.11627278476953506,sum_mod_10,0.04455374926328659
2.316018581390381,0.7067603468894958,0.10658928751945496,6.086707592010498,False,family-00357-sum_mod_10,family-00357,False,0.16082653403282166,0.0,low,1,0.5414080023765564,False,0.0,33,0.130608469247818,sum_mod_10,0.030218064785003662
1.5923489332199097,0.430512011051178,0.23811161518096924,8.317137718200684,False,family-00357-sum_mod_10,family-00357,False,0.16082653403282166,0.0,low,2,0.6233495473861694,False,0.0,33,0.03963092714548111,sum_mod_10,0.12119560688734055
5.680617332458496,1.0532426834106445,0.34511277079582214,7.149032115936279,False,family-00357-sum_mod_10,family-00357,False,0.16082653403282166,0.0,low,3,0.4127158522605896,False,0.0,33,0.27340495586395264,sum_mod_10,-0.11257842183113098
5.419209957122803,1.147463321685791,-0.4724046587944031,5.831700801849365,True,family-00358-maximum,family-00358,True,0.5394030809402466,0.5,medium,0,0.4997611939907074,False,0.0,33,0.2673560678958893,maximum,0.2720470130443573
7.844550609588623,1.747300148010254,-0.2121068239212036,6.95326566696167,True,family-00358-maximum,family-00358,True,0.5394030809402466,0.5,medium,1,0.6757452487945557,False,0.0,33,0.11660201847553253,maximum,0.42280107736587524
11.511758804321289,2.1439595222473145,0.3619268536567688,5.962299823760986,True,family-00358-maximum,family-00358,True,0.5394030809402466,0.5,medium,2,0.535698413848877,False,0.0,33,0.6049097180366516,maximum,-0.06550663709640503
15.611090660095215,2.0282161235809326,0.5928468108177185,8.434136390686035,True,family-00358-maximum,family-00358,True,0.5394030809402466,0.5,medium,3,0.5855628252029419,False,0.0,33,0.6090769171714783,maximum,-0.06967383623123169
6.834861755371094,1.399996042251587,-0.5059211850166321,5.8856306076049805,False,family-00358-minimum,family-00358,True,0.6181715130805969,0.0,low,0,0.497644305229187,False,0.0,33,0.7152758836746216,minimum,-0.09710437059402466
4.369861602783203,1.0548436641693115,-0.06011687219142914,8.133646011352539,False,family-00358-minimum,family-00358,True,0.6181715130805969,0.0,low,1,0.7972455024719238,False,0.0,33,0.034444261342287064,minimum,0.583727240562439
2.5184407234191895,0.914214015007019,-0.3221040368080139,6.348734378814697,False,family-00358-minimum,family-00358,True,0.6181715130805969,0.0,low,2,0.5014984607696533,False,0.0,33,0.6271723508834839,minimum,-0.009000837802886963
4.738314151763916,1.2928810119628906,-0.06455444544553757,12.465239524841309,False,family-00358-minimum,family-00358,True,0.6181715130805969,0.0,low,3,1.0218995809555054,False,0.0,33,0.02902083471417427,minimum,0.5891506671905518
8.120933532714844,1.7966399192810059,-0.27229997515678406,5.197362899780273,False,family-00358-sum_mod_10,family-00358,False,0.09160982072353363,1.0,high,0,0.4699770212173462,False,0.0,33,0.04632628709077835,sum_mod_10,0.04528353363275528
7.445393085479736,1.5677580833435059,-0.11003901064395905,6.7371320724487305,False,family-00358-sum_mod_10,family-00358,False,0.09160982072353363,1.0,high,1,0.620184600353241,False,0.0,33,0.08747392147779465,sum_mod_10,0.004135899245738983
3.7457714080810547,1.0865020751953125,0.2424871325492859,5.188009738922119,False,family-00358-sum_mod_10,family-00358,False,0.09160982072353363,1.0,high,2,0.42747923731803894,False,0.0,33,0.09798983484506607,sum_mod_10,-0.00638001412153244
5.648493766784668,1.3228569030761719,0.41192424297332764,8.248763084411621,False,family-00358-sum_mod_10,family-00358,False,0.09160982072353363,1.0,high,3,0.5764837861061096,False,0.0,33,0.07312081754207611,sum_mod_10,0.01848900318145752
9.366779327392578,1.6180095672607422,-0.17630881071090698,5.861087799072266,True,family-00359-maximum,family-00359,True,0.8460884094238281,0.0,low,0,0.5944575071334839,False,0.0,33,0.7354040741920471,maximum,0.110684335231781
19.346420288085938,2.6181228160858154,-0.3524235785007477,7.403553485870361,True,family-00359-maximum,family-00359,True,0.8460884094238281,0.0,low,1,0.7021253705024719,False,0.0,33,0.026406414806842804,maximum,0.8196820020675659
12.178466796875,2.0697896480560303,-0.25293928384780884,5.320034503936768,True,family-00359-maximum,family-00359,True,0.8460884094238281,0.0,low,2,0.5050150156021118,False,0.0,33,0.4883556365966797,maximum,0.35773277282714844
15.370231628417969,1.9034326076507568,0.41840219497680664,9.505708694458008,True,family-00359-maximum,family-00359,True,0.8460884094238281,0.0,low,3,0.9025453925132751,False,0.0,33,0.3376457691192627,maximum,0.5084426403045654
6.967201232910156,1.5461453199386597,-0.5201732516288757,5.84511661529541,False,family-00359-minimum,family-00359,True,0.9233006238937378,1.0,high,0,0.5471417307853699,False,0.0,33,0.6446006894111633,minimum,0.27869993448257446
7.318814277648926,1.6665997505187988,0.3343794345855713,7.139813423156738,False,family-00359-minimum,family-00359,True,0.9233006238937378,1.0,high,1,0.7821468710899353,False,0.0,33,0.8487441539764404,minimum,0.07455646991729736
1.9752718210220337,0.6332904696464539,0.06523758918046951,9.651935577392578,False,family-00359-minimum,family-00359,True,0.9233006238937378,1.0,high,2,0.7236608862876892,False,0.0,33,0.9523704051971436,minimum,-0.02906978130340576
1.439836025238037,0.3494669198989868,0.19936388731002808,12.58427906036377,False,family-00359-minimum,family-00359,True,0.9233006238937378,1.0,high,3,0.7417296767234802,False,0.0,33,0.5052424669265747,minimum,0.4180581569671631
9.48302936553955,2.1105031967163086,-0.5801796913146973,5.665038108825684,False,family-00359-sum_mod_10,family-00359,False,0.023338178172707558,0.5,medium,0,0.43478143215179443,False,0.0,33,0.13818980753421783,sum_mod_10,-0.11485163122415543
2.105672836303711,0.6397123336791992,0.10348910093307495,8.185375213623047,False,family-00359-sum_mod_10,family-00359,False,0.023338178172707558,0.5,medium,1,0.7592937350273132,False,0.0291007630442918,33,0.04585491493344307,sum_mod_10,-0.022516736760735512
2.6888444423675537,0.960036039352417,-0.11920449882745743,8.470783233642578,False,family-00359-sum_mod_10,family-00359,False,0.023338178172707558,0.5,medium,2,0.5967738628387451,False,0.0,33,0.08422471582889557,sum_mod_10,-0.06088653951883316
2.670764446258545,0.7476135492324829,0.3471265435218811,9.86053466796875,False,family-00359-sum_mod_10,family-00359,False,0.023338178172707558,0.5,medium,3,0.6305243968963623,False,0.0,33,0.02181062661111355,sum_mod_10,0.0015275515615940094
8.160136222839355,1.717409372329712,-0.551661491394043,5.222837924957275,False,family-00360-maximum,family-00360,True,0.9447444677352905,1.0,high,0,0.4008433520793915,False,0.0,33,0.8032432198524475,maximum,0.14150124788284302
5.042373180389404,1.3621877431869507,0.053505245596170425,6.2920989990234375,False,family-00360-maximum,family-00360,True,0.9447444677352905,1.0,high,1,0.5697387456893921,False,0.0,33,0.9458181858062744,maximum,-0.0010737180709838867
6.1792778968811035,1.533028244972229,0.34600427746772766,9.951379776000977,False,family-00360-maximum,family-00360,True,0.9447444677352905,1.0,high,2,0.765507161617279,False,0.0,33,0.7981190085411072,maximum,0.14662545919418335
7.163949966430664,1.5687777996063232,0.6221292018890381,6.6327362060546875,False,family-00360-maximum,family-00360,True,0.9447444677352905,1.0,high,3,0.35077419877052307,False,0.0,33,0.9398072957992554,maximum,0.004937171936035156
9.349136352539062,1.8417719602584839,-0.5561083555221558,4.438698768615723,False,family-00360-minimum,family-00360,True,0.8394330143928528,0.5,medium,0,0.4048573076725006,False,0.0,33,0.49600669741630554,minimum,0.34342631697654724
6.396052360534668,1.5780552625656128,0.02030927874147892,5.865794658660889,False,family-00360-minimum,family-00360,True,0.8394330143928528,0.5,medium,1,0.6333438754081726,False,0.0,33,0.4100077748298645,minimum,0.4294252395629883
1.5265809297561646,0.40829116106033325,-0.11282256990671158,9.36831283569336,False,family-00360-minimum,family-00360,True,0.8394330143928528,0.5,medium,2,0.8468079566955566,False,0.0,33,0.2700316607952118,minimum,0.5694013833999634
2.170971155166626,0.6005706191062927,0.1625167280435562,9.43295669555664,False,family-00360-minimum,family-00360,True,0.8394330143928528,0.5,medium,3,0.6902291178703308,False,0.0,33,0.8644531965255737,minimum,-0.025020182132720947
9.864974975585938,1.8251049518585205,-0.3145895004272461,5.580190181732178,False,family-00360-sum_mod_10,family-00360,False,0.15844178199768066,0.0,low,0,0.4654593765735626,False,0.0,33,0.13384218513965607,sum_mod_10,0.024599596858024597
4.64918327331543,1.0357215404510498,0.11021055281162262,5.826887130737305,False,family-00360-sum_mod_10,family-00360,False,0.15844178199768066,0.0,low,1,0.5056867003440857,False,0.0,33,0.10842728614807129,sum_mod_10,0.050014495849609375
2.876037120819092,0.9880980849266052,0.2674339711666107,6.894654273986816,False,family-00360-sum_mod_10,family-00360,False,0.15844178199768066,0.0,low,2,0.5117338299751282,False,0.0,33,0.10952521115541458,sum_mod_10,0.04891657084226608
5.421192646026611,0.9005113244056702,0.0036707380786538124,9.99162483215332,False,family-00360-sum_mod_10,family-00360,False,0.15844178199768066,0.0,low,3,0.5984547138214111,False,0.0,33,0.09374149888753891,sum_mod_10,0.06470028311014175
9.08338451385498,1.5913424491882324,-0.4827662408351898,6.334482192993164,True,family-00361-maximum,family-00361,True,0.948401153087616,0.5,medium,0,0.5224024057388306,False,0.0,33,0.7039221525192261,maximum,0.2444790005683899
5.373960494995117,0.9869067668914795,-0.4607338309288025,10.440448760986328,True,family-00361-maximum,family-00361,True,0.948401153087616,0.5,medium,1,0.9821754097938538,False,0.0,33,0.007572139147669077,maximum,0.9408290386199951
17.95094108581543,2.7821872234344482,0.023810967803001404,3.8683717250823975,True,family-00361-maximum,family-00361,True,0.948401153087616,0.5,medium,2,0.35352641344070435,False,0.0,33,0.9449893236160278,maximum,0.0034118294715881348
17.540252685546875,2.477778434753418,0.4170672297477722,6.521103382110596,True,family-00361-maximum,family-00361,True,0.948401153087616,0.5,medium,3,0.5577204823493958,False,0.0,33,0.9129951000213623,maximum,0.03540605306625366
16.216690063476562,2.5903048515319824,-0.5477242469787598,4.62396240234375,True,family-00361-minimum,family-00361,True,0.6585672497749329,0.0,low,0,0.4220013916492462,False,0.0,33,0.6009209752082825,minimum,0.05764627456665039
4.0366058349609375,0.8959333896636963,0.054122891277074814,9.018113136291504,True,family-00361-minimum,family-00361,True,0.6585672497749329,0.0,low,1,0.9727877378463745,False,0.0,33,0.43876156210899353,minimum,0.21980568766593933
7.494754314422607,1.8455251455307007,-0.2157047986984253,6.720944404602051,True,family-00361-minimum,family-00361,True,0.6585672497749329,0.0,low,2,0.5061562657356262,False,0.0,33,0.152977854013443,minimum,0.5055893659591675
15.784799575805664,2.4977738857269287,0.23752495646476746,7.529953479766846,True,family-00361-minimum,family-00361,True,0.6585672497749329,0.0,low,3,0.5566507577896118,False,0.0,33,0.4719192385673523,minimum,0.18664801120758057
12.979923248291016,2.280818223953247,-0.4936850070953369,5.090530872344971,True,family-00361-sum_mod_10,family-00361,False,0.25262996554374695,1.0,high,0,0.4457075297832489,False,0.0,33,0.13509832322597504,sum_mod_10,0.11753164231777191
6.918784141540527,1.3030177354812622,0.06916548311710358,7.629515647888184,True,family-00361-sum_mod_10,family-00361,False,0.25262996554374695,1.0,high,1,0.7669799327850342,False,0.0,33,0.041477978229522705,sum_mod_10,0.21115198731422424
2.125060558319092,0.671495258808136,-0.07029682397842407,6.731432914733887,True,family-00361-sum_mod_10,family-00361,False,0.25262996554374695,1.0,high,2,0.5198670625686646,False,0.0,33,0.48903363943099976,sum_mod_10,-0.2364036738872528
4.464418411254883,1.1203237771987915,0.5202927589416504,8.619105339050293,True,family-00361-sum_mod_10,family-00361,False,0.25262996554374695,1.0,high,3,0.6083713173866272,False,0.0,33,0.23218944668769836,sum_mod_10,0.020440518856048584
10.749302864074707,1.6006264686584473,-0.5340933799743652,6.913388252258301,True,family-00362-maximum,family-00362,True,0.9576037526130676,0.0,low,0,0.5916633605957031,False,0.0,33,0.8509057760238647,maximum,0.10669797658920288
4.408458709716797,1.1698284149169922,-0.004657387733459473,5.4252848625183105,True,family-00362-maximum,family-00362,True,0.9576037526130676,0.0,low,1,0.5479316115379333,False,0.0,33,0.9557732939720154,maximum,0.001830458641052246
7.474360466003418,1.3917932510375977,0.41947710514068604,9.523370742797852,True,family-00362-maximum,family-00362,True,0.9576037526130676,0.0,low,2,0.8451592922210693,False,0.0,33,0.7167217135429382,maximum,0.2408820390701294
13.86427116394043,2.055060863494873,0.5925735235214233,6.683506488800049,True,family-00362-maximum,family-00362,True,0.9576037526130676,0.0,low,3,0.3810173273086548,False,0.0,33,0.937096118927002,maximum,0.020507633686065674
8.103132247924805,1.5482995510101318,-0.40324968099594116,4.738990306854248,True,family-00362-minimum,family-00362,True,0.8686903119087219,1.0,high,0,0.448313444852829,False,0.0,33,0.8135038018226624,minimum,0.05518651008605957
6.878372669219971,1.4328672885894775,-0.12401765584945679,5.079319953918457,True,family-00362-minimum,family-00362,True,0.8686903119087219,1.0,high,1,0.5244593024253845,False,0.0,33,0.6466476917266846,minimum,0.22204262018203735
3.89787220954895,1.072880506515503,-0.2725667655467987,4.937307357788086,True,family-00362-minimum,family-00362,True,0.8686903119087219,1.0,high,2,0.4764295816421509,False,0.0,33,0.7355188727378845,minimum,0.1331714391708374
3.4325013160705566,0.8255655169487,0.22678476572036743,12.531336784362793,True,family-00362-minimum,family-00362,True,0.8686903119087219,1.0,high,3,1.2295116186141968,False,0.0,33,0.2277858406305313,minimum,0.6409044861793518
11.024802207946777,2.2183337211608887,-0.4371129870414734,4.826301097869873,True,family-00362-sum_mod_10,family-00362,False,0.08290796726942062,0.5,medium,0,0.4255460202693939,False,0.0,33,0.04950185492634773,sum_mod_10,0.03340611234307289
4.706545829772949,1.1219825744628906,-0.02598363533616066,5.971864223480225,True,family-00362-sum_mod_10,family-00362,False,0.08290796726942062,0.5,medium,1,0.585396409034729,False,0.0,33,0.04844149947166443,sum_mod_10,0.034466467797756195
3.1400814056396484,0.9712569713592529,0.26695021986961365,6.555087089538574,True,family-00362-sum_mod_10,family-00362,False,0.08290796726942062,0.5,medium,2,0.5609284043312073,False,0.0,33,0.024891212582588196,sum_mod_10,0.05801675468683243
4.317732810974121,0.9330622553825378,0.3423769176006317,9.317499160766602,True,family-00362-sum_mod_10,family-00362,False,0.08290796726942062,0.5,medium,3,0.6275672912597656,False,0.0,33,0.18716204166412354,sum_mod_10,-0.10425407439470291
8.517391204833984,1.764757513999939,-0.5544618368148804,5.297366142272949,False,family-00363-maximum,family-00363,True,0.8046194314956665,1.0,high,0,0.40656328201293945,False,0.0,33,0.07016367465257645,maximum,0.7344557642936707
3.628415107727051,1.1513718366622925,-0.596960723400116,9.692116737365723,False,family-00363-maximum,family-00363,True,0.8046194314956665,1.0,high,1,0.8800393342971802,False,0.0,33,0.0028725401498377323,maximum,0.8017469048500061
15.75822639465332,2.650930881500244,-0.30823197960853577,4.312446594238281,False,family-00363-maximum,family-00363,True,0.8046194314956665,1.0,high,2,0.4602634310722351,False,0.0,33,0.3924039602279663,maximum,0.4122154712677002
10.959466934204102,2.0200307369232178,0.19271138310432434,8.168970108032227,False,family-00363-maximum,family-00363,True,0.8046194314956665,1.0,high,3,0.9050052762031555,False,0.0,33,0.29672306776046753,maximum,0.507896363735199
9.064925193786621,1.7948559522628784,-0.5515551567077637,4.709604740142822,False,family-00363-minimum,family-00363,True,0.8522263765335083,0.5,medium,0,0.4295668601989746,False,0.0,33,0.7412312626838684,minimum,0.11099511384963989
6.770462989807129,1.4673242568969727,-0.041520148515701294,6.050537109375,False,family-00363-minimum,family-00363,True,0.8522263765335083,0.5,medium,1,0.6546465158462524,False,0.0,33,0.8153740167617798,minimum,0.036852359771728516
1.2978812456130981,0.23113632202148438,0.06367584317922592,10.128008842468262,False,family-00363-minimum,family-00363,True,0.8522263765335083,0.5,medium,2,0.9347856044769287,False,0.0,33,0.3375938832759857,minimum,0.5146324634552002
4.384613513946533,1.0690960884094238,0.4389645457267761,8.847332954406738,False,family-00363-minimum,family-00363,True,0.8522263765335083,0.5,medium,3,0.5784432888031006,False,0.0,33,0.7406212687492371,minimum,0.11160510778427124
13.924449920654297,2.159867525100708,-0.446004718542099,5.035869598388672,True,family-00363-sum_mod_10,family-00363,False,0.05633427947759628,0.0,low,0,0.45959368348121643,False,0.0,33,0.1970551609992981,sum_mod_10,-0.14072087407112122
3.6771903038024902,1.1094598770141602,0.26013749837875366,6.113593578338623,True,family-00363-sum_mod_10,family-00363,False,0.05633427947759628,0.0,low,1,0.6233159303665161,False,0.0,33,0.1495290994644165,sum_mod_10,-0.09319481998682022
1.308276891708374,0.23779447376728058,0.18678799271583557,10.59502124786377,True,family-00363-sum_mod_10,family-00363,False,0.05633427947759628,0.0,low,2,0.8253873586654663,False,0.0,33,0.007344518322497606,sum_mod_10,0.048989761620759964
13.257850646972656,2.4493117332458496,0.33733025193214417,7.598470211029053,True,family-00363-sum_mod_10,family-00363,False,0.05633427947759628,0.0,low,3,0.41966062784194946,False,0.0,33,0.12171825021505356,sum_mod_10,-0.06538397073745728
6.596479415893555,1.316421627998352,-0.5725864171981812,6.445319175720215,True,family-00364-maximum,family-00364,True,0.9093352556228638,0.5,medium,0,0.6097339391708374,False,0.0,33,0.7227095365524292,maximum,0.18662571907043457
7.52591609954834,1.5453975200653076,-0.2979907691478729,5.56787633895874,True,family-00364-maximum,family-00364,True,0.9093352556228638,0.5,medium,1,0.6418133974075317,False,0.0,33,0.39473214745521545,maximum,0.5146031379699707
8.961629867553711,2.0646982192993164,0.008239377290010452,7.588708877563477,True,family-00364-maximum,family-00364,True,0.9093352556228638,0.5,medium,2,0.8621677160263062,False,0.0,33,0.5420206785202026,maximum,0.36731457710266113
15.461334228515625,2.4465439319610596,0.2559943199157715,8.717405319213867,True,family-00364-maximum,family-00364,True,0.9093352556228638,0.5,medium,3,0.7470650672912598,False,0.0,33,0.75811368227005,maximum,0.15122157335281372
6.92240047454834,1.4245381355285645,-0.5175811052322388,5.786294460296631,False,family-00364-minimum,family-00364,True,0.9635850191116333,0.0,low,0,0.48924520611763,False,0.0,33,0.9500707387924194,minimum,0.013514280319213867
4.517257213592529,1.0698063373565674,0.03958872705698013,8.761672019958496,False,family-00364-minimum,family-00364,True,0.9635850191116333,0.0,low,1,0.8653402924537659,False,0.0,33,0.9325198531150818,minimum,0.031065165996551514
1.71060311794281,0.3895319700241089,0.1832202821969986,14.328292846679688,False,family-00364-minimum,family-00364,True,0.9635850191116333,0.0,low,2,1.0497299432754517,False,0.0,33,0.8351248502731323,minimum,0.12846016883850098
3.9677629470825195,0.9730920791625977,0.5376379489898682,9.21771240234375,False,family-00364-minimum,family-00364,True,0.9635850191116333,0.0,low,3,0.4282561242580414,False,0.0,33,0.9486744403839111,minimum,0.014910578727722168
8.669466972351074,1.9375722408294678,-0.30585235357284546,4.897967338562012,False,family-00364-sum_mod_10,family-00364,False,0.11370987445116043,1.0,high,0,0.4429038465023041,False,0.0,33,0.04945989325642586,sum_mod_10,0.06424997746944427
8.465036392211914,1.7206335067749023,-0.03268055245280266,6.981832981109619,False,family-00364-sum_mod_10,family-00364,False,0.11370987445116043,1.0,high,1,0.6563513875007629,False,0.0,33,0.46010521054267883,sum_mod_10,-0.346395343542099
3.144944906234741,0.9127164483070374,0.07295819371938705,9.218154907226562,False,family-00364-sum_mod_10,family-00364,False,0.11370987445116043,1.0,high,2,0.735584020614624,False,0.0,33,0.061975494027137756,sum_mod_10,0.051734380424022675
8.806869506835938,1.6651535034179688,0.47829878330230713,8.084878921508789,False,family-00364-sum_mod_10,family-00364,False,0.11370987445116043,1.0,high,3,0.5024909377098083,False,0.0,33,0.1268339306116104,sum_mod_10,-0.013124056160449982
7.236660957336426,1.3690156936645508,-0.3469609320163727,7.088959217071533,False,family-00365-maximum,family-00365,True,0.9095165133476257,0.0,low,0,0.6410266160964966,False,0.0,33,0.7512108683586121,maximum,0.15830564498901367
8.605236053466797,1.7888035774230957,-0.28339749574661255,8.780545234680176,False,family-00365-maximum,family-00365,True,0.9095165133476257,0.0,low,1,0.8078032732009888,False,0.0,33,0.03235531970858574,maximum,0.8771612048149109
23.804519653320312,3.155980110168457,0.11936002969741821,5.204033374786377,False,family-00365-maximum,family-00365,True,0.9095165133476257,0.0,low,2,0.438023179769516,False,0.0,33,0.813408613204956,maximum,0.09610790014266968
10.979278564453125,1.9965124130249023,0.2890554666519165,7.147916793823242,False,family-00365-maximum,family-00365,True,0.9095165133476257,0.0,low,3,0.5283991098403931,False,0.0,33,0.8190723657608032,maximum,0.09044414758682251
6.498950958251953,1.4315019845962524,-0.46305978298187256,6.742743015289307,False,family-00365-minimum,family-00365,True,0.7663321495056152,1.0,high,0,0.6311655640602112,False,0.0,33,0.20019857585430145,minimum,0.5661335587501526
9.580788612365723,1.981015920639038,0.10712110996246338,4.3761396408081055,False,family-00365-minimum,family-00365,True,0.7663321495056152,1.0,high,1,0.4540770947933197,False,0.0,33,0.7751596570014954,minimum,-0.008827507495880127
1.6007354259490967,0.39472007751464844,0.09529738128185272,10.25162410736084,False,family-00365-minimum,family-00365,True,0.7663321495056152,1.0,high,2,0.9317101836204529,False,0.0,33,0.8819214701652527,minimum,-0.11558932065963745
2.82212233543396,0.9771718382835388,0.1596584916114807,9.254528999328613,False,family-00365-minimum,family-00365,True,0.7663321495056152,1.0,high,3,0.5880651473999023,False,0.0,33,0.320112019777298,minimum,0.44622012972831726
6.07468318939209,1.6132725477218628,-0.19913199543952942,6.706284523010254,True,family-00365-sum_mod_10,family-00365,False,0.007783565204590559,0.5,medium,0,0.5747106671333313,False,0.0,33,0.010500980541110039,sum_mod_10,-0.0027174153365194798
6.088172435760498,1.6078622341156006,0.240567147731781,7.189246654510498,True,family-00365-sum_mod_10,family-00365,False,0.007783565204590559,0.5,medium,1,0.5870525240898132,False,0.0,33,0.00411446625366807,sum_mod_10,0.003669098950922489
3.743774890899658,1.1467134952545166,0.14334461092948914,6.598814010620117,True,family-00365-sum_mod_10,family-00365,False,0.007783565204590559,0.5,medium,2,0.4224300682544708,False,0.0,33,0.008219564333558083,sum_mod_10,-0.0004359991289675236
5.718985557556152,0.9448805451393127,0.5139139890670776,8.950335502624512,True,family-00365-sum_mod_10,family-00365,False,0.007783565204590559,0.5,medium,3,0.5026100873947144,False,0.0,33,0.016545722261071205,sum_mod_10,-0.008762156590819359
10.89881706237793,1.9892054796218872,-0.610997200012207,5.809671878814697,True,family-00366-maximum,family-00366,True,0.4828561544418335,1.0,high,0,0.49720481038093567,False,0.0,33,0.5911641120910645,maximum,-0.10830795764923096
5.108793258666992,1.3168803453445435,-0.2776855230331421,9.413860321044922,True,family-00366-maximum,family-00366,True,0.4828561544418335,1.0,high,1,1.0073645114898682,False,0.0,33,0.10967737436294556,maximum,0.37317878007888794
12.165996551513672,2.050842523574829,-0.2409437596797943,9.089408874511719,True,family-00366-maximum,family-00366,True,0.4828561544418335,1.0,high,2,0.8062597513198853,False,0.0,33,0.014517217874526978,maximum,0.4683389365673065
15.975109100341797,2.56386137008667,0.09823262691497803,6.4677534103393555,True,family-00366-maximum,family-00366,True,0.4828561544418335,1.0,high,3,0.5107922554016113,False,0.0,33,0.22626818716526031,maximum,0.2565879821777344
8.194292068481445,1.5515761375427246,-0.46619489789009094,5.863848686218262,True,family-00366-minimum,family-00366,True,0.9383483529090881,0.5,medium,0,0.5170289874076843,False,0.0,33,0.9376457929611206,minimum,0.0007025599479675293
11.044958114624023,2.2732388973236084,-0.04033732786774635,5.528361797332764,True,family-00366-minimum,family-00366,True,0.9383483529090881,0.5,medium,1,0.5500797033309937,False,0.0,33,0.9224695563316345,minimum,0.015878796577453613
2.264596462249756,0.7524125576019287,0.14544913172721863,9.293027877807617,True,family-00366-minimum,family-00366,True,0.9383483529090881,0.5,medium,2,0.8243465423583984,False,0.0,33,0.7985202074050903,minimum,0.1398281455039978
4.79803466796875,1.1055257320404053,0.4187467694282532,7.36909818649292,True,family-00366-minimum,family-00366,True,0.9383483529090881,0.5,medium,3,0.47183483839035034,False,0.0,33,0.8570383191108704,minimum,0.08131003379821777
7.729841709136963,1.6090664863586426,-0.1438027322292328,5.592106819152832,False,family-00366-sum_mod_10,family-00366,False,0.08028226345777512,0.0,low,0,0.5146096348762512,False,0.0,33,0.022998273372650146,sum_mod_10,0.05728399008512497
7.627020359039307,1.4599640369415283,0.2819378972053528,5.903275489807129,False,family-00366-sum_mod_10,family-00366,False,0.08028226345777512,0.0,low,1,0.5140486359596252,False,0.0,33,0.039551880210638046,sum_mod_10,0.04073038324713707
1.7500460147857666,0.521712064743042,0.12913298606872559,11.781808853149414,False,family-00366-sum_mod_10,family-00366,False,0.08028226345777512,0.0,low,2,0.8229678273200989,False,0.0,33,0.35735437273979187,sum_mod_10,-0.27707210183143616
6.001098155975342,1.2309975624084473,0.5072451233863831,8.054109573364258,False,family-00366-sum_mod_10,family-00366,False,0.08028226345777512,0.0,low,3,0.4092400372028351,False,0.0,33,0.09614035487174988,sum_mod_10,-0.015858091413974762
6.726491451263428,1.4288049936294556,-0.43539512157440186,5.951663970947266,False,family-00367-maximum,family-00367,True,0.9122647047042847,0.5,medium,0,0.5650789737701416,False,0.0,33,0.8174066543579102,maximum,0.09485805034637451
5.492452621459961,1.3759138584136963,-0.41752520203590393,5.835044860839844,False,family-00367-maximum,family-00367,True,0.9122647047042847,0.5,medium,1,0.609111487865448,False,0.0,33,0.04947642609477043,maximum,0.8627882599830627
10.624929428100586,2.3076696395874023,0.1599878966808319,5.118568420410156,False,family-00367-maximum,family-00367,True,0.9122647047042847,0.5,medium,2,0.5753767490386963,False,0.0,33,0.8982600569725037,maximum,0.014004647731781006
8.869220733642578,1.6775176525115967,0.4867756962776184,8.872722625732422,False,family-00367-maximum,family-00367,True,0.9122647047042847,0.5,medium,3,0.8102717995643616,False,0.0,33,0.7098072171211243,maximum,0.2024574875831604
2.2018773555755615,0.6995922327041626,-0.5025991797447205,7.218273162841797,False,family-00367-minimum,family-00367,True,0.9528363347053528,0.0,low,0,0.5658369064331055,False,0.0,33,0.9225249290466309,minimum,0.030311405658721924
4.427328586578369,1.1578867435455322,0.14056788384914398,8.768189430236816,False,family-00367-minimum,family-00367,True,0.9528363347053528,0.0,low,1,0.79292893409729,False,0.0,33,0.9269677996635437,minimum,0.025868535041809082
4.218969345092773,1.1297228336334229,0.4069015383720398,12.375797271728516,False,family-00367-minimum,family-00367,True,0.9528363347053528,0.0,low,2,0.8224647045135498,False,0.0,33,0.8268973231315613,minimum,0.1259390115737915
7.4291205406188965,1.3538984060287476,0.45518267154693604,8.48827838897705,False,family-00367-minimum,family-00367,True,0.9528363347053528,0.0,low,3,0.3683161437511444,False,0.0,33,0.9284436106681824,minimum,0.02439272403717041
8.034250259399414,1.7810841798782349,-0.2775724232196808,5.2266082763671875,False,family-00367-sum_mod_10,family-00367,False,0.22652974724769592,1.0,high,0,0.4726215600967407,False,0.0,33,0.35150206089019775,sum_mod_10,-0.12497231364250183
8.850053787231445,1.744003176689148,-0.04299955070018768,6.92924690246582,False,family-00367-sum_mod_10,family-00367,False,0.22652974724769592,1.0,high,1,0.6391730308532715,False,0.0,33,0.15349799394607544,sum_mod_10,0.07303175330162048
3.5585408210754395,1.0623191595077515,0.24904149770736694,6.856447696685791,False,family-00367-sum_mod_10,family-00367,False,0.22652974724769592,1.0,high,2,0.5436139106750488,False,0.0,33,0.052663207054138184,sum_mod_10,0.17386654019355774
6.483404159545898,1.313702940940857,0.47976288199424744,7.75616455078125,False,family-00367-sum_mod_10,family-00367,False,0.22652974724769592,1.0,high,3,0.4913642704486847,False,0.0,33,0.3018118143081665,sum_mod_10,-0.07528206706047058
6.576755046844482,1.3725769519805908,-0.4239872395992279,5.404694080352783,True,family-00368-maximum,family-00368,True,0.8206536173820496,0.0,low,0,0.46316784620285034,False,0.0,33,0.44761529564857483,maximum,0.37303832173347473
5.429040908813477,1.4193989038467407,-0.26041072607040405,8.171719551086426,True,family-00368-maximum,family-00368,True,0.8206536173820496,0.0,low,1,0.772512674331665,False,0.0,33,0.3061490058898926,maximum,0.514504611492157
9.63339900970459,1.9456889629364014,0.14307990670204163,5.403083801269531,True,family-00368-maximum,family-00368,True,0.8206536173820496,0.0,low,2,0.4673612415790558,False,0.0,33,0.7318903803825378,maximum,0.08876323699951172
15.755223274230957,2.0495710372924805,0.4564482867717743,9.63586711883545,True,family-00368-maximum,family-00368,True,0.8206536173820496,0.0,low,3,0.7167813181877136,False,0.0,33,0.49121084809303284,maximum,0.3294427692890167
7.014177322387695,1.5250864028930664,-0.48218977451324463,5.530383110046387,False,family-00368-minimum,family-00368,True,0.7181312441825867,1.0,high,0,0.5176805853843689,False,0.0,33,0.5713908076286316,minimum,0.14674043655395508
5.329107284545898,1.1183323860168457,0.08241865038871765,6.758438587188721,False,family-00368-minimum,family-00368,True,0.7181312441825867,1.0,high,1,0.721538782119751,False,0.0,33,0.5364992618560791,minimum,0.18163198232650757
1.8114677667617798,0.5364895462989807,-0.2848126292228699,8.553241729736328,False,family-00368-minimum,family-00368,True,0.7181312441825867,1.0,high,2,0.7131503224372864,False,0.0,33,0.6749313473701477,minimum,0.043199896812438965
3.5087697505950928,0.867876410484314,0.33447185158729553,11.438857078552246,False,family-00368-minimum,family-00368,True,0.7181312441825867,1.0,high,3,0.9083898067474365,False,0.0,33,0.5651571154594421,minimum,0.15297412872314453
5.484199523925781,1.4903665781021118,-0.540709376335144,6.250357627868652,False,family-00368-sum_mod_10,family-00368,True,0.23646900057792664,0.5,medium,0,0.48996245861053467,False,0.0,33,0.323431134223938,sum_mod_10,-0.08696213364601135
2.652507781982422,0.6391896605491638,-0.011212058365345001,7.963045597076416,False,family-00368-sum_mod_10,family-00368,True,0.23646900057792664,0.5,medium,1,0.7407031655311584,False,0.0,33,0.111571304500103,sum_mod_10,0.12489769607782364
2.135653018951416,0.6881974935531616,-0.04461200162768364,8.23801326751709,False,family-00368-sum_mod_10,family-00368,True,0.23646900057792664,0.5,medium,2,0.6190897226333618,False,0.0,33,0.27021437883377075,sum_mod_10,-0.033745378255844116
4.461986541748047,1.1506195068359375,0.294353723526001,10.898256301879883,False,family-00368-sum_mod_10,family-00368,True,0.23646900057792664,0.5,medium,3,0.7106953263282776,False,0.0,33,0.035433944314718246,sum_mod_10,0.2010350525379181
7.211443901062012,1.4301466941833496,-0.6155085563659668,5.191157817840576,False,family-00369-maximum,family-00369,True,0.8923924565315247,1.0,high,0,0.39841195940971375,False,0.0,33,0.2669707238674164,maximum,0.6254217624664307
3.6351332664489746,1.1783632040023804,-0.4812326431274414,10.92754077911377,False,family-00369-maximum,family-00369,True,0.8923924565315247,1.0,high,1,1.0259149074554443,False,0.0,33,0.004370479378849268,maximum,0.8880220055580139
16.014301300048828,2.6806564331054688,-0.19986480474472046,4.693410396575928,False,family-00369-maximum,family-00369,True,0.8923924565315247,1.0,high,2,0.42695632576942444,False,0.0,33,0.942552387714386,maximum,-0.05015993118286133
12.232183456420898,2.3181681632995605,0.21508458256721497,7.977237224578857,False,family-00369-maximum,family-00369,True,0.8923924565315247,1.0,high,3,0.7215023636817932,False,0.0,33,0.757877767086029,maximum,0.1345146894454956
7.674541473388672,1.5191876888275146,-0.47382670640945435,5.690728664398193,True,family-00369-minimum,family-00369,False,0.06375318765640259,0.5,medium,0,0.5202869772911072,False,0.0,33,0.1264442801475525,minimum,-0.0626910924911499
11.100977897644043,1.9242630004882812,0.10808232426643372,5.778487682342529,True,family-00369-minimum,family-00369,False,0.06375318765640259,0.5,medium,1,0.599098265171051,False,0.0,33,0.01956072635948658,minimum,0.04419246315956116
3.4037623405456543,1.0669615268707275,0.154556542634964,8.668466567993164,True,family-00369-minimum,family-00369,False,0.06375318765640259,0.5,medium,2,0.7366531491279602,False,0.0,33,0.21667806804180145,minimum,-0.15292488038539886
13.729111671447754,2.328383207321167,0.20748156309127808,8.535543441772461,True,family-00369-minimum,family-00369,False,0.06375318765640259,0.5,medium,3,0.5451553463935852,False,0.0,33,0.017328232526779175,minimum,0.04642495512962341
10.217764854431152,1.8381556272506714,-0.35106104612350464,5.088984966278076,False,family-00369-sum_mod_10,family-00369,False,0.02351214736700058,0.0,low,0,0.42448657751083374,False,0.0,33,0.03400172293186188,sum_mod_10,-0.010489575564861298
2.8888819217681885,0.934504508972168,0.1303495168685913,5.53372049331665,False,family-00369-sum_mod_10,family-00369,False,0.02351214736700058,0.0,low,1,0.49145007133483887,False,0.0,33,0.015303269028663635,sum_mod_10,0.008208878338336945
2.032325267791748,0.48065292835235596,0.02913612872362137,9.044328689575195,False,family-00369-sum_mod_10,family-00369,False,0.02351214736700058,0.0,low,2,0.6863327026367188,False,0.0,33,0.11072644591331482,sum_mod_10,-0.08721429854631424
6.087823867797852,1.3882594108581543,0.4008927047252655,9.886143684387207,False,family-00369-sum_mod_10,family-00369,False,0.02351214736700058,0.0,low,3,0.6103041768074036,False,0.0,33,0.009958858601748943,sum_mod_10,0.013553288765251637
6.277876377105713,1.2991570234298706,-0.5166622400283813,5.673327445983887,True,family-00370-maximum,family-00370,False,0.0461130291223526,0.5,medium,0,0.48618900775909424,False,0.0,33,0.029706185683608055,maximum,0.016406843438744545
5.5995306968688965,1.3441622257232666,-0.3040856122970581,6.51649284362793,True,family-00370-maximum,family-00370,False,0.0461130291223526,0.5,medium,1,0.6518332362174988,False,0.0,33,0.37507033348083496,maximum,-0.32895731925964355
2.101825714111328,0.621839165687561,0.05777424946427345,12.637659072875977,True,family-00370-maximum,family-00370,False,0.0461130291223526,0.5,medium,2,1.246509075164795,False,0.0,33,0.07329051941633224,maximum,-0.027177490293979645
16.296127319335938,2.7090656757354736,0.5070213675498962,5.697653770446777,True,family-00370-maximum,family-00370,False,0.0461130291223526,0.5,medium,3,0.3421516716480255,False,0.0,33,0.059965502470731735,maximum,-0.013852473348379135
8.340356826782227,1.8358004093170166,-0.43941017985343933,4.807841777801514,False,family-00370-minimum,family-00370,True,0.9303725957870483,0.0,low,0,0.4347541630268097,False,0.0,33,0.9224088191986084,minimum,0.007963776588439941
7.002229690551758,1.3803499937057495,-0.09144754707813263,7.36266565322876,False,family-00370-minimum,family-00370,True,0.9303725957870483,0.0,low,1,0.7411530613899231,False,0.0,33,0.8252237439155579,minimum,0.10514885187149048
2.994905471801758,0.9244597554206848,0.2651885151863098,13.103264808654785,False,family-00370-minimum,family-00370,True,0.9303725957870483,0.0,low,2,1.1093416213989258,False,0.0,33,0.6966210603713989,minimum,0.23375153541564941
11.51407527923584,1.7944164276123047,0.6307399272918701,9.283967018127441,False,family-00370-minimum,family-00370,True,0.9303725957870483,0.0,low,3,0.46813511848449707,False,0.0,33,0.8953896164894104,minimum,0.03498297929763794
4.074141502380371,1.2306668758392334,-0.6219377517700195,6.046800136566162,False,family-00370-sum_mod_10,family-00370,False,0.0006043935427442193,1.0,high,0,0.47400569915771484,False,0.0,33,0.0006220285431481898,sum_mod_10,-1.763500040397048e-05
3.8703882694244385,1.0031336545944214,-0.2458043098449707,6.6218180656433105,False,family-00370-sum_mod_10,family-00370,False,0.0006043935427442193,1.0,high,1,0.6513611674308777,False,0.0,33,0.0034043402411043644,sum_mod_10,-0.002799946814775467
1.5100979804992676,0.3909056484699249,0.22172749042510986,13.615683555603027,False,family-00370-sum_mod_10,family-00370,False,0.0006043935427442193,1.0,high,2,1.2746424674987793,False,0.0,33,0.0058747646398842335,sum_mod_10,-0.005270371213555336
6.348360061645508,1.4163477420806885,0.560871422290802,8.305831909179688,False,family-00370-sum_mod_10,family-00370,False,0.0006043935427442193,1.0,high,3,0.4353509247303009,False,0.0,33,0.0005237783771008253,sum_mod_10,8.0615165643394e-05
2.606564998626709,0.7490739226341248,-0.452668696641922,7.218015193939209,False,family-00371-maximum,family-00371,True,0.790307343006134,0.0,low,0,0.5658166408538818,False,0.0,33,0.1029093936085701,maximum,0.6873979568481445
3.3757197856903076,0.954484224319458,-0.4368610978126526,8.150909423828125,False,family-00371-maximum,family-00371,True,0.790307343006134,0.0,low,1,0.7108646631240845,False,0.0,33,0.07365701347589493,maximum,0.7166503071784973
13.782133102416992,2.3941714763641357,0.16043096780776978,5.060746192932129,False,family-00371-maximum,family-00371,True,0.790307343006134,0.0,low,2,0.46936720609664917,False,0.0,33,0.7556059956550598,maximum,0.03470134735107422
14.44136905670166,2.200382709503174,0.37754979729652405,7.340527534484863,False,family-00371-maximum,family-00371,True,0.790307343006134,0.0,low,3,0.581462025642395,False,0.0,33,0.4031864106655121,maximum,0.38712093234062195
10.952169418334961,1.896033763885498,-0.6713024377822876,5.0041303634643555,True,family-00371-minimum,family-00371,True,0.885054886341095,1.0,high,0,0.4126887619495392,False,0.0,33,0.7972500920295715,minimum,0.08780479431152344
6.242068290710449,1.3569471836090088,0.11641064286231995,6.421684265136719,True,family-00371-minimum,family-00371,True,0.885054886341095,1.0,high,1,0.6746369004249573,False,0.0,33,0.7047322988510132,minimum,0.1803225874900818
1.4057610034942627,0.2599395215511322,0.04015550762414932,11.805207252502441,True,family-00371-minimum,family-00371,True,0.885054886341095,1.0,high,2,0.9767528772354126,False,0.0,33,0.46513301134109497,minimum,0.419921875
2.981295585632324,0.904289722442627,0.4318223297595978,9.727919578552246,True,family-00371-minimum,family-00371,True,0.885054886341095,1.0,high,3,0.5645687580108643,False,0.0,33,0.8465794324874878,minimum,0.03847545385360718
8.795553207397461,1.999001145362854,-0.6376368403434753,5.225427150726318,False,family-00371-sum_mod_10,family-00371,False,0.0634814202785492,0.5,medium,0,0.40104207396507263,False,0.007549015537232919,33,0.1222226619720459,sum_mod_10,-0.058741241693496704
4.290768623352051,0.8699181079864502,0.1408001333475113,7.433849811553955,False,family-00371-sum_mod_10,family-00371,False,0.0634814202785492,0.5,medium,1,0.7079898715019226,False,0.0,33,0.04006370157003403,sum_mod_10,0.023417718708515167
1.8148467540740967,0.5256573557853699,0.0012068599462509155,9.481290817260742,False,family-00371-sum_mod_10,family-00371,False,0.0634814202785492,0.5,medium,2,0.6924319863319397,False,0.0,33,0.06857223808765411,sum_mod_10,-0.005090817809104919
2.582038640975952,0.8086684346199036,0.3231092691421509,10.493127822875977,False,family-00371-sum_mod_10,family-00371,False,0.0634814202785492,0.5,medium,3,0.6296765208244324,False,0.0,33,0.09173357486724854,sum_mod_10,-0.02825215458869934
10.19320011138916,1.8230903148651123,-0.5087103843688965,6.3253092765808105,True,family-00372-maximum,family-00372,True,0.5450723767280579,1.0,high,0,0.5577170252799988,False,0.0,33,0.15699321031570435,maximum,0.3880791664123535
5.570059776306152,1.5353245735168457,-0.2855605185031891,7.7699079513549805,True,family-00372-maximum,family-00372,True,0.5450723767280579,1.0,high,1,0.7944632768630981,False,0.0,33,0.09744016826152802,maximum,0.44763219356536865
26.289722442626953,3.259387731552124,-0.034134641289711,4.936448097229004,True,family-00372-maximum,family-00372,True,0.5450723767280579,1.0,high,2,0.46516138315200806,False,0.0,33,0.04796728864312172,maximum,0.49710509181022644
10.482972145080566,1.9484893083572388,0.10864722728729248,9.334969520568848,True,family-00372-maximum,family-00372,True,0.5450723767280579,1.0,high,3,0.8081884980201721,False,0.0,33,0.03843703866004944,maximum,0.506635308265686
8.433408737182617,1.6931155920028687,-0.4330673813819885,5.533851146697998,False,family-00372-minimum,family-00372,True,0.696241557598114,0.5,medium,0,0.5047470331192017,False,0.0,33,0.7851381897926331,minimum,-0.08889663219451904
5.904448509216309,1.5997217893600464,0.019485965371131897,6.017284870147705,False,family-00372-minimum,family-00372,True,0.696241557598114,0.5,medium,1,0.606986403465271,False,0.0,33,0.6726128458976746,minimum,0.023628711700439453
2.665428876876831,0.8918934464454651,0.07885272800922394,6.1160054206848145,False,family-00372-minimum,family-00372,True,0.696241557598114,0.5,medium,2,0.5228930711746216,False,0.0,33,0.5220854878425598,minimum,0.1741560697555542
2.839658737182617,0.6533613204956055,0.11308662593364716,12.337055206298828,False,family-00372-minimum,family-00372,True,0.696241557598114,0.5,medium,3,0.9058282375335693,False,0.0,33,0.7929325699806213,minimum,-0.09669101238250732
9.1829833984375,1.864809513092041,-0.4140061140060425,5.140936374664307,True,family-00372-sum_mod_10,family-00372,False,0.045319803059101105,0.0,low,0,0.4399729073047638,False,0.0,33,0.01691051386296749,sum_mod_10,0.028409289196133614
5.446828842163086,1.298430323600769,0.2313319742679596,6.088439464569092,True,family-00372-sum_mod_10,family-00372,False,0.045319803059101105,0.0,low,1,0.5721908211708069,False,0.0,33,0.07773955911397934,sum_mod_10,-0.032419756054878235
2.456444025039673,0.7254648208618164,0.2042168825864792,7.724452018737793,True,family-00372-sum_mod_10,family-00372,False,0.045319803059101105,0.0,low,2,0.5753242373466492,False,0.0,33,0.0441032350063324,sum_mod_10,0.0012165680527687073
6.359930038452148,1.398700475692749,0.14321810007095337,10.998467445373535,True,family-00372-sum_mod_10,family-00372,False,0.045319803059101105,0.0,low,3,0.6546122431755066,False,0.0,33,0.03775995597243309,sum_mod_10,0.0075598470866680145
8.008779525756836,1.1937745809555054,-0.49941563606262207,6.719710826873779,True,family-00373-maximum,family-00373,True,0.9431871175765991,0.5,medium,0,0.5684183835983276,False,0.0,33,0.6523820757865906,maximum,0.29080504179000854
6.134279251098633,1.2181864976882935,-0.37216055393218994,11.12330436706543,True,family-00373-maximum,family-00373,True,0.9431871175765991,0.5,medium,1,1.082626223564148,False,0.0,33,0.005986184813082218,maximum,0.9372009038925171
21.65166664123535,3.0492615699768066,-0.10134044289588928,3.8234384059906006,True,family-00373-maximum,family-00373,True,0.9431871175765991,0.5,medium,2,0.3183702528476715,False,0.0,33,0.9266323447227478,maximum,0.01655477285385132
19.09562110900879,2.7444863319396973,0.3284876346588135,6.798557758331299,True,family-00373-maximum,family-00373,True,0.9431871175765991,0.5,medium,3,0.5559567213058472,False,0.0,33,0.8463996648788452,maximum,0.0967874526977539
8.917948722839355,1.7919387817382812,-0.39605575799942017,5.427103042602539,True,family-00373-minimum,family-00373,True,0.9444870352745056,0.0,low,0,0.46508824825286865,False,0.0,33,0.9174906611442566,minimum,0.026996374130249023
5.785256385803223,1.4461637735366821,-0.06482534110546112,7.839771747589111,True,family-00373-minimum,family-00373,True,0.9444870352745056,0.0,low,1,0.7296205163002014,False,0.0,33,0.8860014081001282,minimum,0.05848562717437744
3.0701022148132324,0.7834380865097046,0.2004641592502594,13.896661758422852,True,family-00373-minimum,family-00373,True,0.9444870352745056,0.0,low,2,1.0786049365997314,False,0.0,33,0.7502825856208801,minimum,0.1942044496536255
9.553492546081543,1.4974361658096313,0.6224201917648315,9.412995338439941,True,family-00373-minimum,family-00373,True,0.9444870352745056,0.0,low,3,0.4534626007080078,False,0.0,33,0.9128618836402893,minimum,0.03162515163421631
4.235260963439941,1.2553176879882812,-0.6462609767913818,5.99839973449707,False,family-00373-sum_mod_10,family-00373,False,0.16335976123809814,1.0,high,0,0.47021159529685974,False,0.0,33,0.09273140132427216,sum_mod_10,0.07062835991382599
5.613560676574707,1.2367737293243408,-0.20433789491653442,7.2687530517578125,False,family-00373-sum_mod_10,family-00373,False,0.16335976123809814,1.0,high,1,0.7275572419166565,False,0.0,33,0.0973142609000206,sum_mod_10,0.06604550033807755
1.76045560836792,0.5437784790992737,0.040924593806266785,10.90198802947998,False,family-00373-sum_mod_10,family-00373,False,0.16335976123809814,1.0,high,2,0.9831205606460571,False,0.0,33,0.12688198685646057,sum_mod_10,0.03647777438163757
6.239492416381836,1.4936704635620117,0.46569550037384033,8.051237106323242,False,family-00373-sum_mod_10,family-00373,False,0.16335976123809814,1.0,high,3,0.5074642896652222,False,0.0,33,0.14093245565891266,sum_mod_10,0.022427305579185486
6.007997989654541,1.0255985260009766,-0.4397725462913513,6.425356864929199,False,family-00374-maximum,family-00374,False,0.4522102475166321,0.0,low,0,0.5432794690132141,False,0.0,33,0.5740016102790833,maximum,-0.12179136276245117
4.225741863250732,0.9669214487075806,-0.2899054288864136,11.099355697631836,False,family-00374-maximum,family-00374,False,0.4522102475166321,0.0,low,1,1.0380765199661255,False,0.0,33,0.012408463284373283,maximum,0.43980178236961365
10.989217758178711,2.232290267944336,-0.11722573637962341,4.930453777313232,False,family-00374-maximum,family-00374,False,0.4522102475166321,0.0,low,2,0.37959223985671997,False,0.0,33,0.8230475783348083,maximum,-0.37083733081817627
7.076817512512207,1.4100902080535889,0.1807529628276825,9.089651107788086,False,family-00374-maximum,family-00374,False,0.4522102475166321,0.0,low,3,0.6812899112701416,False,0.0,33,0.7820648550987244,maximum,-0.3298546075820923
6.72730016708374,1.4342210292816162,-0.5385981798171997,5.046850204467773,True,family-00374-minimum,family-00374,True,0.7934094071388245,1.0,high,0,0.444992333650589,False,0.0,33,0.44671866297721863,minimum,0.34669074416160583
6.560037612915039,1.6522445678710938,-0.23519733548164368,6.009702682495117,True,family-00374-minimum,family-00374,True,0.7934094071388245,1.0,high,1,0.625056266784668,False,0.0,33,0.018354764208197594,minimum,0.7750546336174011
3.1268362998962402,0.979183554649353,-0.44533616304397583,5.702351093292236,True,family-00374-minimum,family-00374,True,0.7934094071388245,1.0,high,2,0.5663458108901978,False,0.0,33,0.6158332824707031,minimum,0.17757612466812134
2.9960944652557373,0.9316031336784363,0.13756564259529114,10.263799667358398,True,family-00374-minimum,family-00374,True,0.7934094071388245,1.0,high,3,1.1282514333724976,False,0.0,33,0.2371819168329239,minimum,0.5562275052070618
8.824612617492676,1.881019115447998,-0.24643780291080475,5.793275833129883,True,family-00374-sum_mod_10,family-00374,False,0.17123882472515106,0.5,medium,0,0.49646827578544617,False,0.0,33,0.17989952862262726,sum_mod_10,-0.008660703897476196
4.647349834442139,1.2921375036239624,0.06753312051296234,6.555715084075928,True,family-00374-sum_mod_10,family-00374,False,0.17123882472515106,0.5,medium,1,0.5613069534301758,False,0.0,33,0.10085757821798325,sum_mod_10,0.07038124650716782
3.1258225440979004,0.8394126296043396,-0.03114215098321438,7.649003028869629,True,family-00374-sum_mod_10,family-00374,False,0.17123882472515106,0.5,medium,2,0.5553163886070251,False,0.0,33,0.08578039705753326,sum_mod_10,0.0854584276676178
4.649165153503418,1.068383812904358,0.3877294659614563,11.237469673156738,True,family-00374-sum_mod_10,family-00374,False,0.17123882472515106,0.5,medium,3,0.7228620648384094,False,0.0,33,0.059741608798503876,sum_mod_10,0.11149721592664719
7.9364423751831055,1.6946911811828613,-0.36085760593414307,5.384468078613281,True,family-00375-maximum,family-00375,False,0.04553452134132385,1.0,high,0,0.49228644371032715,False,0.0,33,0.4840427041053772,maximum,-0.43850818276405334
8.874834060668945,2.065046548843384,-0.4191661477088928,5.167013168334961,True,family-00375-maximum,family-00375,False,0.04553452134132385,1.0,high,1,0.5015789270401001,False,0.0,33,0.007875118404626846,maximum,0.037659402936697006
15.294633865356445,2.624814033508301,-8.274614810943604e-05,4.218655586242676,True,family-00375-maximum,family-00375,False,0.04553452134132385,1.0,high,2,0.44920989871025085,False,0.0,33,0.09524843841791153,maximum,-0.04971391707658768
8.800479888916016,1.7055177688598633,0.3457929491996765,11.675106048583984,True,family-00375-maximum,family-00375,False,0.04553452134132385,1.0,high,3,1.1340581178665161,False,0.0,33,0.1053895428776741,maximum,-0.05985502153635025
6.718337059020996,1.4003078937530518,-0.44513487815856934,5.814492702484131,False,family-00375-minimum,family-00375,True,0.7754338979721069,0.5,medium,0,0.544275164604187,False,0.0,33,0.3328626751899719,minimum,0.442571222782135
6.34409236907959,1.4648241996765137,-0.042602017521858215,5.700969696044922,False,family-00375-minimum,family-00375,True,0.7754338979721069,0.5,medium,1,0.5923275351524353,False,0.0,33,0.7539739608764648,minimum,0.02145993709564209
1.8019850254058838,0.5640749335289001,-0.14005160331726074,9.051613807678223,False,family-00375-minimum,family-00375,True,0.7754338979721069,0.5,medium,2,0.8247143626213074,False,0.0,33,0.052239175885915756,minimum,0.7231947183609009
4.430215358734131,1.2231812477111816,0.4686465561389923,7.284736633300781,False,family-00375-minimum,family-00375,True,0.7754338979721069,0.5,medium,3,0.5513595938682556,False,0.0,33,0.7376610636711121,minimum,0.03777283430099487
14.8302001953125,2.223787307739258,-0.43884381651878357,5.146242141723633,True,family-00375-sum_mod_10,family-00375,False,0.013732773251831532,0.0,low,0,0.4696667194366455,False,0.0,33,0.017417633906006813,sum_mod_10,-0.0036848606541752815
3.465254783630371,1.0807944536209106,0.31418418884277344,6.13299560546875,True,family-00375-sum_mod_10,family-00375,False,0.013732773251831532,0.0,low,1,0.6225413084030151,False,0.0,33,0.018680159002542496,sum_mod_10,-0.004947385750710964
3.0368475914001465,0.9690915942192078,0.21736446022987366,8.265602111816406,True,family-00375-sum_mod_10,family-00375,False,0.013732773251831532,0.0,low,2,0.6290909051895142,False,0.0,33,0.043404802680015564,sum_mod_10,-0.029672030359506607
6.320263385772705,1.364504337310791,0.2094874083995819,12.075885772705078,True,family-00375-sum_mod_10,family-00375,False,0.013732773251831532,0.0,low,3,0.7113749980926514,False,0.0,33,0.004784408491104841,sum_mod_10,0.008948365226387978
6.882645130157471,1.475018858909607,-0.42566585540771484,5.986631870269775,False,family-00376-maximum,family-00376,True,0.9388375282287598,0.5,medium,0,0.5683989524841309,False,0.0,33,0.7850303053855896,maximum,0.15380722284317017
5.215214729309082,1.2778429985046387,0.005920670926570892,6.956052303314209,False,family-00376-maximum,family-00376,True,0.9388375282287598,0.5,medium,1,0.7209509015083313,False,0.0,33,0.9198413491249084,maximum,0.01899617910385132
3.7556862831115723,1.063358187675476,0.43767619132995605,10.68321418762207,False,family-00376-maximum,family-00376,True,0.9388375282287598,0.5,medium,2,0.8956523537635803,False,0.0,33,0.8676219582557678,maximum,0.07121556997299194
11.569564819335938,1.7901322841644287,0.6082289814949036,8.25802230834961,False,family-00376-maximum,family-00376,True,0.9388375282287598,0.5,medium,3,0.43050891160964966,False,0.0,33,0.9335830807685852,maximum,0.0052544474601745605
8.936440467834473,1.8440160751342773,-0.4686822295188904,4.965611934661865,False,family-00376-minimum,family-00376,True,0.8478977680206299,0.0,low,0,0.4490206837654114,False,0.0,33,0.6156134009361267,minimum,0.23228436708450317
7.886030197143555,1.778662085533142,0.07744428515434265,6.571081638336182,False,family-00376-minimum,family-00376,True,0.8478977680206299,0.0,low,1,0.6724837422370911,False,0.0,33,0.47057831287384033,minimum,0.37731945514678955
3.2899274826049805,1.0112117528915405,0.3838067650794983,11.775592803955078,False,family-00376-minimum,family-00376,True,0.8478977680206299,0.0,low,2,0.9659793376922607,False,0.0,33,0.4986112713813782,minimum,0.3492864966392517
12.368139266967773,2.0641989707946777,0.5693657398223877,6.791864395141602,False,family-00376-minimum,family-00376,True,0.8478977680206299,0.0,low,3,0.34067749977111816,False,0.0,33,0.7860035300254822,minimum,0.061894237995147705
3.6696557998657227,1.0872703790664673,-0.6501795053482056,6.13926887512207,False,family-00376-sum_mod_10,family-00376,False,0.0818234533071518,1.0,high,0,0.4812542796134949,False,0.0,33,0.07067111879587173,sum_mod_10,0.01115233451128006
5.538153648376465,1.4856958389282227,0.0323893278837204,5.504796504974365,False,family-00376-sum_mod_10,family-00376,False,0.0818234533071518,1.0,high,1,0.554413378238678,False,0.0,33,0.07033950090408325,sum_mod_10,0.011483952403068542
1.982245683670044,0.59706050157547,0.24669049680233002,9.227859497070312,False,family-00376-sum_mod_10,family-00376,False,0.0818234533071518,1.0,high,2,0.8018789291381836,False,0.0,33,0.028539085760712624,sum_mod_10,0.05328436940908432
8.673938751220703,1.509821891784668,0.4734024405479431,6.24464225769043,False,family-00376-sum_mod_10,family-00376,False,0.0818234533071518,1.0,high,3,0.38005366921424866,False,0.0,33,0.07402865588665009,sum_mod_10,0.007794797420501709
2.5346078872680664,0.7559500336647034,-0.517683207988739,6.710906028747559,False,family-00377-maximum,family-00377,False,0.3428412079811096,0.0,low,0,0.5260646343231201,False,0.0,33,0.10880833864212036,maximum,0.23403286933898926
3.9710004329681396,1.1331334114074707,-0.5389516353607178,7.7637128829956055,False,family-00377-maximum,family-00377,False,0.3428412079811096,0.0,low,1,0.7112951278686523,False,0.0,33,0.06604711711406708,maximum,0.27679407596588135
5.70012092590332,1.5609960556030273,-0.047421254217624664,6.7822747230529785,False,family-00377-maximum,family-00377,False,0.3428412079811096,0.0,low,2,0.722711443901062,False,0.0,33,0.1184176653623581,maximum,0.22442354261875153
18.671194076538086,2.796497344970703,0.1377306878566742,9.555047035217285,False,family-00377-maximum,family-00377,False,0.3428412079811096,0.0,low,3,0.8444516658782959,False,0.0,33,0.2580702006816864,maximum,0.08477100729942322
6.757930278778076,1.4971396923065186,-0.5327999591827393,6.041844367980957,False,family-00377-minimum,family-00377,True,0.9372889995574951,1.0,high,0,0.5655567646026611,False,0.0,33,0.8273000121116638,minimum,0.1099889874458313
6.87086296081543,1.5056805610656738,0.31598472595214844,7.393940448760986,False,family-00377-minimum,family-00377,True,0.9372889995574951,1.0,high,1,0.8172656893730164,False,0.0,33,0.9100002646446228,minimum,0.027288734912872314
2.4525506496429443,0.8277350664138794,0.10266602784395218,6.813215255737305,False,family-00377-minimum,family-00377,True,0.9372889995574951,1.0,high,2,0.5095329880714417,False,0.0,33,0.9306974411010742,minimum,0.0065915584564208984
1.538689374923706,0.3381861746311188,0.3596717119216919,11.10598373413086,False,family-00377-minimum,family-00377,True,0.9372889995574951,1.0,high,3,0.7111000418663025,False,0.0,33,0.7161082625389099,minimum,0.2211807370185852
11.069267272949219,2.3241524696350098,-0.29527947306632996,4.522683143615723,False,family-00377-sum_mod_10,family-00377,False,0.07721436768770218,0.5,medium,0,0.4294047951698303,False,0.0,33,0.03811122477054596,sum_mod_10,0.03910314291715622
5.539151191711426,1.4015557765960693,0.302873432636261,5.676314830780029,False,family-00377-sum_mod_10,family-00377,False,0.07721436768770218,0.5,medium,1,0.5586104989051819,False,0.0,33,0.020716173574328423,sum_mod_10,0.05649819225072861
2.814527988433838,0.9332213401794434,0.28033047914505005,8.822806358337402,False,family-00377-sum_mod_10,family-00377,False,0.07721436768770218,0.5,medium,2,0.675852358341217,False,0.0,33,0.02998262271285057,sum_mod_10,0.04723174497485161
3.421309471130371,0.956820547580719,0.21489077806472778,11.041107177734375,False,family-00377-sum_mod_10,family-00377,False,0.07721436768770218,0.5,medium,3,0.6242474913597107,False,0.0,33,0.36181381344795227,sum_mod_10,-0.2845994532108307
10.569849967956543,1.8792535066604614,-0.5430592894554138,5.319798946380615,True,family-00378-maximum,family-00378,True,0.8942252397537231,1.0,high,0,0.43872183561325073,False,0.0,33,0.8569584488868713,maximum,0.03726679086685181
5.315995693206787,1.2130458354949951,0.05919454246759415,6.240819931030273,True,family-00378-maximum,family-00378,True,0.8942252397537231,1.0,high,1,0.6082573533058167,False,0.0,33,0.7924791574478149,maximum,0.1017460823059082
2.6136221885681152,0.7672454714775085,0.3106616139411926,11.328336715698242,True,family-00378-maximum,family-00378,True,0.8942252397537231,1.0,high,2,0.9194561839103699,False,0.0,33,0.8700563311576843,maximum,0.02416890859603882
13.61058235168457,1.9299273490905762,0.5065257549285889,6.363574981689453,True,family-00378-maximum,family-00378,True,0.8942252397537231,1.0,high,3,0.33224356174468994,False,0.0,33,0.8587096929550171,maximum,0.035515546798706055
8.872428894042969,1.7934019565582275,-0.5509148836135864,4.7146077156066895,False,family-00378-minimum,family-00378,False,0.19989661872386932,0.5,medium,0,0.430023193359375,False,0.0,33,0.5043260455131531,minimum,-0.30442941188812256
8.408769607543945,1.734721064567566,0.014681125059723854,4.736981391906738,False,family-00378-minimum,family-00378,False,0.19989661872386932,0.5,medium,1,0.5123660564422607,False,0.0,33,0.31202247738838196,minimum,-0.11212585866451263
2.060182571411133,0.5575248599052429,-0.256490558385849,8.060869216918945,False,family-00378-minimum,family-00378,False,0.19989661872386932,0.5,medium,2,0.7713817358016968,False,0.0,33,0.7160178422927856,minimum,-0.5161212086677551
4.65270471572876,1.2925951480865479,0.0731004923582077,9.961470603942871,False,family-00378-minimum,family-00378,False,0.19989661872386932,0.5,medium,3,0.870447039604187,False,0.0,33,0.008909370750188828,minimum,0.1909872442483902
13.945043563842773,2.15981125831604,-0.4420563578605652,5.030663967132568,True,family-00378-sum_mod_10,family-00378,False,0.00809209793806076,0.0,low,0,0.4591186046600342,False,0.0,33,0.008930533193051815,sum_mod_10,-0.0008384352549910545
3.5140726566314697,1.0434410572052002,0.2567128837108612,5.245169162750244,True,family-00378-sum_mod_10,family-00378,False,0.00809209793806076,0.0,low,1,0.5335734486579895,False,0.0,33,0.009162833914160728,sum_mod_10,-0.001070735976099968
2.1948206424713135,0.7083901166915894,0.09960047900676727,9.239630699157715,True,family-00378-sum_mod_10,family-00378,False,0.00809209793806076,0.0,low,2,0.7528612017631531,False,0.0,33,0.0176764614880085,sum_mod_10,-0.009584363549947739
4.792150020599365,1.041829228401184,0.19912010431289673,9.5413236618042,True,family-00378-sum_mod_10,family-00378,False,0.00809209793806076,0.0,low,3,0.5933525562286377,False,0.0,33,0.010751631110906601,sum_mod_10,-0.0026595331728458405
5.695344924926758,1.2696341276168823,-0.5405569076538086,6.792092800140381,True,family-00379-maximum,family-00379,True,0.9545334577560425,0.5,medium,0,0.6425390839576721,False,0.0,33,0.8248082995414734,maximum,0.1297251582145691
6.192258834838867,1.3387956619262695,-0.2006218135356903,5.424523830413818,True,family-00379-maximum,family-00379,True,0.9545334577560425,0.5,medium,1,0.6055294871330261,False,0.0,33,0.9524490237236023,maximum,0.0020844340324401855
3.7238359451293945,1.0529831647872925,0.39927423000335693,10.64228343963623,True,family-00379-maximum,family-00379,True,0.9545334577560425,0.5,medium,2,1.1206837892532349,False,0.0,33,0.928572952747345,maximum,0.02596050500869751
9.526386260986328,1.6633734703063965,0.547899603843689,8.978596687316895,True,family-00379-maximum,family-00379,True,0.9545334577560425,0.5,medium,3,0.532650887966156,False,0.0,33,0.9231418967247009,maximum,0.03139156103134155
6.892228126525879,1.4270646572113037,-0.4870908856391907,5.761103630065918,False,family-00379-minimum,family-00379,True,0.5515648722648621,0.0,low,0,0.4871152639389038,False,0.0,33,0.19390806555747986,minimum,0.3576568067073822
5.349372386932373,1.315327763557434,-0.19238817691802979,5.691916465759277,False,family-00379-minimum,family-00379,True,0.5515648722648621,0.0,low,1,0.5510558485984802,False,0.15887807249069977,33,0.7315365076065063,minimum,-0.1799716353416443
2.694319486618042,0.8236618041992188,-0.207519069314003,7.584001064300537,False,family-00379-minimum,family-00379,True,0.5515648722648621,0.0,low,2,0.7027451992034912,False,0.0,33,0.07372831553220749,minimum,0.477836549282074
8.79572868347168,1.540310263633728,0.38505819439888,6.94504976272583,False,family-00379-minimum,family-00379,True,0.5515648722648621,0.0,low,3,0.5869340300559998,False,0.0,33,0.27656686305999756,minimum,0.2749980092048645
6.401000022888184,1.4651821851730347,-0.37021106481552124,5.7161149978637695,False,family-00379-sum_mod_10,family-00379,False,0.022485777735710144,1.0,high,0,0.48331135511398315,False,0.0,33,0.03300902992486954,sum_mod_10,-0.010523252189159393
5.3800048828125,1.193329095840454,-0.1528174728155136,5.461652755737305,False,family-00379-sum_mod_10,family-00379,False,0.022485777735710144,1.0,high,1,0.4934732913970947,False,0.0,33,0.032795500010252,sum_mod_10,-0.010309722274541855
3.1108193397521973,1.0250575542449951,0.3125661611557007,5.6122355461120605,False,family-00379-sum_mod_10,family-00379,False,0.022485777735710144,1.0,high,2,0.48509448766708374,False,0.0,33,0.02539624646306038,sum_mod_10,-0.002910468727350235
3.710547924041748,0.9486510753631592,0.6003232002258301,6.815410614013672,False,family-00379-sum_mod_10,family-00379,False,0.022485777735710144,1.0,high,3,0.4749245047569275,False,0.0,33,0.016963716596364975,sum_mod_10,0.005522061139345169
7.593531608581543,1.5068180561065674,-0.5332301259040833,6.784196376800537,True,family-00380-maximum,family-00380,True,0.942974865436554,0.0,low,0,0.5806068181991577,False,0.0,33,0.8163252472877502,maximum,0.1266496181488037
3.236679792404175,0.6110385060310364,-0.2729223370552063,7.429818630218506,True,family-00380-maximum,family-00380,True,0.942974865436554,0.0,low,1,0.7504587769508362,False,0.0057243641254995465,33,0.9565497040748596,maximum,-0.013574838638305664
19.61330795288086,2.8032498359680176,0.37605521082878113,6.9081130027771,True,family-00380-maximum,family-00380,True,0.942974865436554,0.0,low,2,0.6496643424034119,False,0.0,33,0.7946230173110962,maximum,0.14835184812545776
21.654285430908203,2.654557704925537,0.4700666666030884,6.677659034729004,True,family-00380-maximum,family-00380,True,0.942974865436554,0.0,low,3,0.45431753993034363,False,0.0,33,0.8598098158836365,maximum,0.08316504955291748
11.976470947265625,1.9845995903015137,-0.6802897453308105,4.836243629455566,True,family-00380-minimum,family-00380,False,0.012109274044632912,1.0,high,0,0.3988431990146637,False,0.0,33,0.04533964395523071,minimum,-0.03323037177324295
5.06384801864624,0.8888442516326904,-0.2978266477584839,6.597979545593262,True,family-00380-minimum,family-00380,False,0.012109274044632912,1.0,high,1,0.6930544376373291,False,0.0,33,0.02013816311955452,minimum,-0.008028889074921608
5.752318382263184,1.5235439538955688,-0.4008963406085968,5.110027313232422,True,family-00380-minimum,family-00380,False,0.012109274044632912,1.0,high,2,0.5195110440254211,False,0.0,33,0.014784000813961029,minimum,-0.0026747267693281174
16.26616859436035,2.702003002166748,0.1584860384464264,5.239962100982666,True,family-00380-minimum,family-00380,False,0.012109274044632912,1.0,high,3,0.5766810774803162,False,0.0,33,0.004323541186749935,minimum,0.0077857328578829765
3.658313751220703,1.2782161235809326,-0.5602676868438721,5.722928524017334,False,family-00380-sum_mod_10,family-00380,False,0.15746203064918518,0.5,medium,0,0.448617547750473,False,0.0,33,0.27545568346977234,sum_mod_10,-0.11799365282058716
3.2540841102600098,0.8152498006820679,-0.38854485750198364,6.156224727630615,False,family-00380-sum_mod_10,family-00380,False,0.15746203064918518,0.5,medium,1,0.5773892402648926,False,0.0,33,0.10962077230215073,sum_mod_10,0.047841258347034454
5.882720947265625,1.7675491571426392,0.35705214738845825,5.49342155456543,False,family-00380-sum_mod_10,family-00380,False,0.15746203064918518,0.5,medium,2,0.5477726459503174,False,0.0,33,0.26932868361473083,sum_mod_10,-0.11186665296554565
8.316442489624023,1.6069297790527344,0.4303761124610901,8.364959716796875,False,family-00380-sum_mod_10,family-00380,False,0.15746203064918518,0.5,medium,3,0.6413882970809937,False,0.0,33,0.044659413397312164,sum_mod_10,0.11280261725187302
5.77272891998291,1.4351290464401245,-0.5360698699951172,6.179897785186768,False,family-00381-maximum,family-00381,True,0.7255650162696838,1.0,high,0,0.49410444498062134,False,0.0,33,0.4505617320537567,maximum,0.2750032842159271
3.463832139968872,0.9829320311546326,0.11870631575584412,6.538713455200195,False,family-00381-maximum,family-00381,True,0.7255650162696838,1.0,high,1,0.6185318231582642,False,0.0,33,0.5404934287071228,maximum,0.18507158756256104
1.4555208683013916,0.318655401468277,0.1768643856048584,13.52188491821289,False,family-00381-maximum,family-00381,True,0.7255650162696838,1.0,high,2,1.034290075302124,False,0.0,33,0.9083445072174072,maximum,-0.1827794909477234
11.256770133972168,1.8366868495941162,0.5452694296836853,6.3581624031066895,False,family-00381-maximum,family-00381,True,0.7255650162696838,1.0,high,3,0.3116251230239868,False,0.0,33,0.6170234680175781,maximum,0.10854154825210571
8.850024223327637,1.7377660274505615,-0.539145827293396,4.647672176361084,False,family-00381-minimum,family-00381,True,0.9343212246894836,0.5,medium,0,0.4239179491996765,False,0.0,33,0.8299782872200012,minimum,0.10434293746948242
7.5102128982543945,1.5604197978973389,-0.05630636215209961,5.188820838928223,False,family-00381-minimum,family-00381,True,0.9343212246894836,0.5,medium,1,0.5567576885223389,False,0.0,33,0.8598594069480896,minimum,0.07446181774139404
1.450105905532837,0.3487708866596222,0.01668360084295273,12.612344741821289,False,family-00381-minimum,family-00381,True,0.9343212246894836,0.5,medium,2,1.2117449045181274,False,0.0,33,0.5167896747589111,minimum,0.4175315499305725
4.21553373336792,0.9403924942016602,0.5796220898628235,9.51829719543457,False,family-00381-minimum,family-00381,True,0.9343212246894836,0.5,medium,3,0.577358067035675,False,0.0,33,0.8956267237663269,minimum,0.03869450092315674
7.016561508178711,1.5884281396865845,-0.5840381979942322,5.571052551269531,False,family-00381-sum_mod_10,family-00381,False,0.009051679633557796,0.0,low,0,0.4367120563983917,False,0.0,33,0.0196601003408432,sum_mod_10,-0.010608420707285404
6.4286322593688965,1.2807776927947998,-0.06304177641868591,5.954617023468018,False,family-00381-sum_mod_10,family-00381,False,0.009051679633557796,0.0,low,1,0.5658019185066223,False,0.0,33,0.00486311549320817,sum_mod_10,0.0041885641403496265
1.601669430732727,0.4295782148838043,0.05608396232128143,11.99825668334961,False,family-00381-sum_mod_10,family-00381,False,0.009051679633557796,0.0,low,2,1.020195484161377,False,0.0,33,0.08497191965579987,sum_mod_10,-0.0759202390909195
7.331698417663574,1.2788877487182617,0.2510106563568115,6.70531702041626,False,family-00381-sum_mod_10,family-00381,False,0.009051679633557796,0.0,low,3,0.38836273550987244,False,0.0,33,0.022284280508756638,sum_mod_10,-0.013232600875198841
6.356163024902344,1.1965632438659668,-0.6125264167785645,6.684626579284668,False,family-00382-maximum,family-00382,True,0.9593249559402466,0.5,medium,0,0.6257254481315613,False,0.0,33,0.7816465497016907,maximum,0.1776784062385559
4.234769821166992,0.9210035800933838,-0.44278818368911743,10.446619033813477,False,family-00382-maximum,family-00382,True,0.9593249559402466,0.5,medium,1,1.2369364500045776,False,0.0,33,0.004246971569955349,maximum,0.9550780057907104
14.972587585449219,2.68343186378479,-0.008470633998513222,3.598912477493286,False,family-00382-maximum,family-00382,True,0.9593249559402466,0.5,medium,2,0.3557754456996918,False,0.0,33,0.9286534190177917,maximum,0.030671536922454834
12.133569717407227,1.9828739166259766,0.3193649649620056,7.17042875289917,False,family-00382-maximum,family-00382,True,0.9593249559402466,0.5,medium,3,0.6696292161941528,False,0.0,33,0.8720892071723938,maximum,0.08723574876785278
16.17390251159668,2.5966200828552246,-0.542241096496582,4.605958938598633,True,family-00382-minimum,family-00382,True,0.8470607995986938,0.0,low,0,0.4203583002090454,False,0.0,33,0.3310251235961914,minimum,0.5160356760025024
5.127837181091309,1.197042465209961,0.008693747222423553,7.301653861999512,True,family-00382-minimum,family-00382,True,0.8470607995986938,0.0,low,1,0.7848820090293884,False,0.0,33,0.38079142570495605,minimum,0.4662693738937378
8.013187408447266,1.839182734489441,-0.17798608541488647,7.220393657684326,True,family-00382-minimum,family-00382,True,0.8470607995986938,0.0,low,2,0.6079837083816528,False,0.0,33,0.20392592251300812,minimum,0.6431348919868469
13.296304702758789,2.5150842666625977,0.4105414152145386,7.288564682006836,True,family-00382-minimum,family-00382,True,0.8470607995986938,0.0,low,3,0.5715012550354004,False,0.0,33,0.6911988258361816,minimum,0.1558619737625122
5.845454216003418,1.3273323774337769,-0.38954001665115356,5.634073734283447,False,family-00382-sum_mod_10,family-00382,False,0.24136260151863098,1.0,high,0,0.4763745665550232,False,0.0,33,0.18203116953372955,sum_mod_10,0.05933143198490143
4.539519309997559,0.9977370500564575,-0.2592708468437195,7.22119140625,False,family-00382-sum_mod_10,family-00382,False,0.24136260151863098,1.0,high,1,0.6600077748298645,False,0.0,33,0.6213684678077698,sum_mod_10,-0.3800058662891388
2.0196876525878906,0.6097444891929626,0.14792947471141815,6.999482154846191,False,family-00382-sum_mod_10,family-00382,False,0.24136260151863098,1.0,high,2,0.6118187308311462,False,0.0,33,0.22208096086978912,sum_mod_10,0.019281640648841858
4.135536193847656,1.06796395778656,0.5099627375602722,8.37820053100586,False,family-00382-sum_mod_10,family-00382,False,0.24136260151863098,1.0,high,3,0.5872130990028381,False,0.0,33,0.16329151391983032,sum_mod_10,0.07807108759880066
7.8321146965026855,1.480647325515747,-0.3232008218765259,6.543982028961182,False,family-00383-maximum,family-00383,True,0.7284247875213623,0.0,low,0,0.59174644947052,False,0.0,33,0.39813899993896484,maximum,0.33028578758239746
8.56661605834961,1.80892014503479,-0.2405332624912262,6.8180131912231445,False,family-00383-maximum,family-00383,True,0.7284247875213623,0.0,low,1,0.6267443299293518,False,0.0,33,0.3342718183994293,maximum,0.394152969121933
20.853271484375,3.0214426517486572,-0.04389162361621857,4.767257213592529,False,family-00383-maximum,family-00383,True,0.7284247875213623,0.0,low,2,0.41949671506881714,False,0.0,33,0.3589198887348175,maximum,0.3695048987865448
11.75028133392334,2.0773680210113525,-0.06550817936658859,12.160191535949707,False,family-00383-maximum,family-00383,True,0.7284247875213623,0.0,low,3,1.0025577545166016,False,0.0,33,0.01973775587975979,maximum,0.7086870074272156
7.531121253967285,1.5591094493865967,-0.4961322844028473,5.679029941558838,True,family-00383-minimum,family-00383,True,0.891480028629303,1.0,high,0,0.5007330775260925,False,0.0,33,0.8273324370384216,minimum,0.06414759159088135
7.132822036743164,1.7595325708389282,-0.041283994913101196,6.482372283935547,True,family-00383-minimum,family-00383,True,0.891480028629303,1.0,high,1,0.6582891941070557,False,0.0,33,0.42231467366218567,minimum,0.4691653549671173
1.5751385688781738,0.4243462085723877,0.04369400441646576,12.534931182861328,True,family-00383-minimum,family-00383,True,0.891480028629303,1.0,high,2,1.0839868783950806,False,0.0,33,0.020196029916405678,minimum,0.871284008026123
3.0195698738098145,1.0676177740097046,0.23601384460926056,8.406278610229492,True,family-00383-minimum,family-00383,True,0.891480028629303,1.0,high,3,0.4825211465358734,False,0.0,33,0.9266370534896851,minimum,-0.03515702486038208
8.762121200561523,1.7198033332824707,-0.3396713435649872,6.480469703674316,True,family-00383-sum_mod_10,family-00383,False,0.07244999706745148,0.5,medium,0,0.5481810569763184,False,0.0,33,0.12771248817443848,sum_mod_10,-0.055262491106987
7.451672554016113,1.6118040084838867,0.1325644552707672,6.65075159072876,True,family-00383-sum_mod_10,family-00383,False,0.07244999706745148,0.5,medium,1,0.5839704871177673,False,0.0,33,0.09533554315567017,sum_mod_10,-0.02288554608821869
2.7845544815063477,0.817274808883667,-0.19530081748962402,8.527750968933105,True,family-00383-sum_mod_10,family-00383,False,0.07244999706745148,0.5,medium,2,0.6122246980667114,False,0.0,33,0.03093843348324299,sum_mod_10,0.04151156544685364
1.645373821258545,0.4703633785247803,0.12431304156780243,10.312702178955078,True,family-00383-sum_mod_10,family-00383,False,0.07244999706745148,0.5,medium,3,0.694736659526825,False,0.0,33,0.044173333793878555,sum_mod_10,0.028276663273572922
6.238640785217285,1.3147767782211304,-0.5349012613296509,5.1689348220825195,False,family-00384-maximum,family-00384,True,0.9486779570579529,1.0,high,0,0.39670640230178833,False,0.0,33,0.9190763235092163,maximum,0.029601633548736572
3.863819122314453,1.1174010038375854,0.12887488305568695,6.66154146194458,False,family-00384-maximum,family-00384,True,0.9486779570579529,1.0,high,1,0.597169041633606,False,0.0,33,0.9560561776161194,maximum,-0.007378220558166504
14.835230827331543,2.4582786560058594,0.3050680160522461,8.172292709350586,False,family-00384-maximum,family-00384,True,0.9486779570579529,1.0,high,2,0.5960760116577148,False,0.0,33,0.8072322010993958,maximum,0.14144575595855713
13.075630187988281,2.4141058921813965,0.4575740098953247,6.137405872344971,False,family-00384-maximum,family-00384,True,0.9486779570579529,1.0,high,3,0.3414328992366791,False,0.0,33,0.8820810317993164,maximum,0.06659692525863647
8.471906661987305,1.7583293914794922,-0.3785586953163147,5.023252010345459,False,family-00384-minimum,family-00384,True,0.9359791278839111,0.5,medium,0,0.4769311547279358,False,0.0,33,0.5107198357582092,minimum,0.4252592921257019
7.233694076538086,1.3685952425003052,-0.19141468405723572,5.997573375701904,False,family-00384-minimum,family-00384,True,0.9359791278839111,0.5,medium,1,0.6117789149284363,False,0.0,33,0.8832409977912903,minimum,0.05273813009262085
1.5733373165130615,0.4288026690483093,-0.08967502415180206,9.464218139648438,False,family-00384-minimum,family-00384,True,0.9359791278839111,0.5,medium,2,0.9041460156440735,False,0.0,33,0.7901773452758789,minimum,0.14580178260803223
5.965885639190674,1.3203840255737305,0.6115379333496094,10.732414245605469,False,family-00384-minimum,family-00384,True,0.9359791278839111,0.5,medium,3,0.7969114780426025,False,0.0,33,0.863545835018158,minimum,0.07243329286575317
9.420085906982422,1.770120620727539,-0.3572615385055542,4.806032657623291,False,family-00384-sum_mod_10,family-00384,True,0.460695743560791,0.0,low,0,0.4008847177028656,False,0.0,33,0.6004839539527893,sum_mod_10,-0.1397882103919983
2.57212495803833,0.8030864596366882,0.011841434985399246,5.319070339202881,False,family-00384-sum_mod_10,family-00384,True,0.460695743560791,0.0,low,1,0.47451114654541016,False,0.0,33,0.12463627755641937,sum_mod_10,0.33605945110321045
2.5448741912841797,0.8095457553863525,0.14465025067329407,6.9502763748168945,False,family-00384-sum_mod_10,family-00384,True,0.460695743560791,0.0,low,2,0.5576137900352478,False,0.0,33,0.1375209242105484,sum_mod_10,0.3231748342514038
3.572542428970337,0.7539864182472229,0.309572696685791,7.586128234863281,False,family-00384-sum_mod_10,family-00384,True,0.460695743560791,0.0,low,3,0.5016036629676819,False,0.0,33,0.2578997015953064,sum_mod_10,0.20279604196548462
8.084184646606445,1.619249939918518,-0.535367488861084,5.689912796020508,False,family-00385-maximum,family-00385,True,0.9002915620803833,0.5,medium,0,0.5189815759658813,False,0.0,33,0.5875444412231445,maximum,0.31274712085723877
3.814324378967285,1.0019893646240234,-0.46354228258132935,9.720942497253418,False,family-00385-maximum,family-00385,True,0.9002915620803833,0.5,medium,1,1.0495713949203491,False,0.0,33,0.007435072213411331,maximum,0.8928564786911011
15.00286865234375,2.6445960998535156,-0.15205083787441254,2.7513158321380615,False,family-00385-maximum,family-00385,True,0.9002915620803833,0.5,medium,2,0.2796288728713989,False,0.0,33,0.8393474817276001,maximum,0.0609440803527832
18.608354568481445,2.7255001068115234,0.31884926557540894,5.835391521453857,False,family-00385-maximum,family-00385,True,0.9002915620803833,0.5,medium,3,0.5951173901557922,False,0.0,33,0.6245281100273132,maximum,0.27576345205307007
7.678318977355957,1.7144393920898438,-0.4762438237667084,4.938954830169678,False,family-00385-minimum,family-00385,False,0.12718243896961212,0.0,low,0,0.4466101825237274,False,0.0,33,0.22883720695972443,minimum,-0.1016547679901123
5.16551399230957,0.8773010969161987,-0.11035874485969543,9.683197021484375,False,family-00385-minimum,family-00385,False,0.12718243896961212,0.0,low,1,0.9952271580696106,False,0.0,33,0.03917497768998146,minimum,0.08800746500492096
11.403533935546875,2.4172420501708984,0.0804969072341919,3.6322004795074463,False,family-00385-minimum,family-00385,False,0.12718243896961212,0.0,low,2,0.28053489327430725,False,0.0,33,0.087711401283741,minimum,0.039471037685871124
7.59285831451416,1.7501890659332275,-0.094286248087883,8.764599800109863,False,family-00385-minimum,family-00385,False,0.12718243896961212,0.0,low,3,0.6385460495948792,False,0.0,33,0.021496864035725594,minimum,0.10568557679653168
7.498819351196289,1.746768593788147,-0.31573739647865295,5.072882175445557,False,family-00385-sum_mod_10,family-00385,False,0.004664519336074591,1.0,high,0,0.45872071385383606,False,0.0,33,0.007370715960860252,sum_mod_10,-0.0027061966247856617
5.65594482421875,0.9550108313560486,-0.166279599070549,8.800239562988281,False,family-00385-sum_mod_10,family-00385,False,0.004664519336074591,1.0,high,1,0.8293087482452393,False,0.0,33,0.0066244956105947495,sum_mod_10,-0.0019599762745201588
5.0275068283081055,1.287172794342041,0.2459738552570343,4.348321914672852,False,family-00385-sum_mod_10,family-00385,False,0.004664519336074591,1.0,high,2,0.3448517322540283,False,0.0,33,0.005769490264356136,sum_mod_10,-0.0011049709282815456
11.717666625976562,1.9248061180114746,0.2364872694015503,8.819772720336914,False,family-00385-sum_mod_10,family-00385,False,0.004664519336074591,1.0,high,3,0.6161888241767883,False,0.0,33,0.007747386582195759,sum_mod_10,-0.003082867246121168
9.737998962402344,1.6621313095092773,-0.17568226158618927,5.722724914550781,True,family-00386-maximum,family-00386,True,0.8000955581665039,0.0,low,0,0.5804241299629211,False,0.0,33,0.05613795295357704,maximum,0.7439575791358948
15.8871431350708,2.35784649848938,-0.3920562267303467,8.826886177062988,True,family-00386-maximum,family-00386,True,0.8000955581665039,0.0,low,1,0.8410937786102295,False,0.0,33,0.017500363290309906,maximum,0.7825952172279358
25.29254150390625,3.2243223190307617,0.055294983088970184,3.503011703491211,True,family-00386-maximum,family-00386,True,0.8000955581665039,0.0,low,2,0.3260716199874878,False,0.0,33,0.8686240911483765,maximum,-0.06852853298187256
17.0264835357666,2.655200719833374,0.23572883009910583,7.379737854003906,True,family-00386-maximum,family-00386,True,0.8000955581665039,0.0,low,3,0.6426973342895508,False,0.0,33,0.7031683921813965,maximum,0.09692716598510742
10.118973731994629,1.7939804792404175,-0.6412811279296875,5.32961368560791,True,family-00386-minimum,family-00386,True,0.9117148518562317,1.0,high,0,0.43953126668930054,False,0.0,33,0.547656774520874,minimum,0.36405807733535767
6.642974853515625,1.3330368995666504,0.09837768971920013,8.060129165649414,True,family-00386-minimum,family-00386,True,0.9117148518562317,1.0,high,1,0.837821364402771,False,0.0,33,0.7935454845428467,minimum,0.11816936731338501
3.2504982948303223,0.8867493271827698,-0.06731579452753067,7.2101311683654785,True,family-00386-minimum,family-00386,True,0.9117148518562317,1.0,high,2,0.5485355854034424,False,0.0,33,0.8157183527946472,minimum,0.09599649906158447
1.6063923835754395,0.4010414183139801,0.29180145263671875,10.814144134521484,True,family-00386-minimum,family-00386,True,0.9117148518562317,1.0,high,3,0.742718517780304,False,0.0,33,0.6512612700462341,minimum,0.26045358180999756
17.380210876464844,2.751197338104248,-0.46357691287994385,3.998095750808716,True,family-00386-sum_mod_10,family-00386,False,0.07039950042963028,0.5,medium,0,0.36488229036331177,False,0.0,33,0.03478044271469116,sum_mod_10,0.03561905771493912
3.067843437194824,0.9394121170043945,0.026997461915016174,7.254690647125244,True,family-00386-sum_mod_10,family-00386,False,0.07039950042963028,0.5,medium,1,0.742641806602478,False,0.0,33,0.06262003630399704,sum_mod_10,0.00777946412563324
7.512487411499023,1.692152976989746,-0.13441653549671173,4.885707378387451,True,family-00386-sum_mod_10,family-00386,False,0.07039950042963028,0.5,medium,2,0.39643213152885437,False,0.0,33,0.05622246861457825,sum_mod_10,0.014177031815052032
2.514389753341675,0.8866462707519531,0.17862898111343384,10.932904243469238,True,family-00386-sum_mod_10,family-00386,False,0.07039950042963028,0.5,medium,3,0.8654888868331909,False,0.0,33,0.10282260179519653,sum_mod_10,-0.032423101365566254
13.198909759521484,2.0842981338500977,-0.5419737696647644,5.53720760345459,True,family-00387-maximum,family-00387,True,0.7255285978317261,1.0,high,0,0.4566514492034912,False,0.0,33,0.09085628390312195,maximum,0.6346722841262817
4.977657318115234,1.1777622699737549,-0.44058138132095337,9.3128662109375,True,family-00387-maximum,family-00387,True,0.7255285978317261,1.0,high,1,0.9092156291007996,False,0.0,33,0.09814487397670746,maximum,0.6273837089538574
18.876461029052734,2.903949737548828,-0.040456678718328476,4.100470542907715,True,family-00387-maximum,family-00387,True,0.7255285978317261,1.0,high,2,0.395319402217865,False,0.0,33,0.06814420968294144,maximum,0.6573843955993652
11.989871978759766,2.178014039993286,0.09210924804210663,10.45472240447998,True,family-00387-maximum,family-00387,True,0.7255285978317261,1.0,high,3,0.9505776762962341,False,0.0,33,0.05196000263094902,maximum,0.673568606376648
8.003631591796875,1.675429344177246,-0.43839097023010254,5.825292587280273,True,family-00387-minimum,family-00387,True,0.9265516996383667,0.5,medium,0,0.5325897932052612,False,0.0,33,0.7852357625961304,minimum,0.14131593704223633
11.293896675109863,2.1589767932891846,0.13279137015342712,5.444803237915039,True,family-00387-minimum,family-00387,True,0.9265516996383667,0.5,medium,1,0.5508451461791992,False,0.0,33,0.7139416337013245,minimum,0.21261006593704224
1.6328437328338623,0.39637190103530884,0.21302489936351776,10.944124221801758,True,family-00387-minimum,family-00387,True,0.9265516996383667,0.5,medium,2,0.9195713996887207,False,0.0,33,0.15525439381599426,minimum,0.7712973356246948
7.159369468688965,1.5627119541168213,0.5435166358947754,7.699121952056885,True,family-00387-minimum,family-00387,True,0.9265516996383667,0.5,medium,3,0.4324882924556732,False,0.0,33,0.8870898485183716,minimum,0.03946185111999512
9.234427452087402,1.7749943733215332,-0.20509660243988037,5.3782219886779785,True,family-00387-sum_mod_10,family-00387,False,0.013151061721146107,0.0,low,0,0.4608992636203766,False,0.0,33,0.015864156186580658,sum_mod_10,-0.0027130944654345512
7.576018333435059,1.726046085357666,0.057816050946712494,6.185732364654541,True,family-00387-sum_mod_10,family-00387,False,0.013151061721146107,0.0,low,1,0.5240129232406616,False,0.0,33,0.038256723433732986,sum_mod_10,-0.025105662643909454
1.5053926706314087,0.37626272439956665,0.00228923000395298,10.767793655395508,True,family-00387-sum_mod_10,family-00387,False,0.013151061721146107,0.0,low,2,0.7894185781478882,False,0.0,33,0.011186214163899422,sum_mod_10,0.001964847557246685
4.823821544647217,1.326315999031067,0.0239369198679924,11.653336524963379,True,family-00387-sum_mod_10,family-00387,False,0.013151061721146107,0.0,low,3,0.6698296070098877,False,0.0,33,0.03365977108478546,sum_mod_10,-0.02050871029496193
8.318994522094727,1.6279528141021729,-0.5391312837600708,5.847867965698242,False,family-00388-maximum,family-00388,True,0.9240230321884155,0.5,medium,0,0.5333887934684753,False,0.0,33,0.3483771085739136,maximum,0.575645923614502
3.7159523963928223,1.042831301689148,-0.449319064617157,9.353585243225098,False,family-00388-maximum,family-00388,True,0.9240230321884155,0.5,medium,1,1.012949824333191,False,0.0,33,0.007039502263069153,maximum,0.9169835448265076
15.879192352294922,2.714128255844116,-0.12622535228729248,3.0559072494506836,False,family-00388-maximum,family-00388,True,0.9240230321884155,0.5,medium,2,0.3132984936237335,False,0.0,33,0.88306725025177,maximum,0.04095578193664551
17.802169799804688,2.517151355743408,0.3291643559932709,6.129088401794434,False,family-00388-maximum,family-00388,True,0.9240230321884155,0.5,medium,3,0.622462809085846,False,0.0,33,0.7358592748641968,maximum,0.18816375732421875
11.44076156616211,1.9760441780090332,-0.6108685731887817,5.1996588706970215,True,family-00388-minimum,family-00388,True,0.9549229741096497,0.0,low,0,0.44499850273132324,False,0.0,33,0.865225076675415,minimum,0.08969789743423462
5.002411842346191,1.181501030921936,-0.09345752000808716,8.243115425109863,True,family-00388-minimum,family-00388,True,0.9549229741096497,0.0,low,1,0.8721057772636414,False,0.0,33,0.9012245535850525,minimum,0.05369842052459717
6.523665904998779,1.3055447340011597,0.24677591025829315,12.507448196411133,True,family-00388-minimum,family-00388,True,0.9549229741096497,0.0,low,2,1.0469310283660889,False,0.0,33,0.6882843971252441,minimum,0.2666385769844055
4.918295860290527,1.0733914375305176,0.45298030972480774,8.616064071655273,True,family-00388-minimum,family-00388,True,0.9549229741096497,0.0,low,3,0.4461767375469208,False,0.0,33,0.9197946190834045,minimum,0.03512835502624512
3.7099430561065674,1.1358668804168701,-0.6431238651275635,6.090548515319824,False,family-00388-sum_mod_10,family-00388,False,0.0026905422564595938,1.0,high,0,0.4774351119995117,False,0.0,33,0.008884857408702374,sum_mod_10,-0.006194314919412136
3.518583297729492,0.9493885040283203,-0.2516848146915436,7.41087007522583,False,family-00388-sum_mod_10,family-00388,False,0.0026905422564595938,1.0,high,1,0.7414774894714355,False,0.0,33,0.0036224136129021645,sum_mod_10,-0.0009318713564425707
3.6647515296936035,1.105329155921936,0.1638544797897339,8.310221672058105,False,family-00388-sum_mod_10,family-00388,False,0.0026905422564595938,1.0,high,2,0.7665418386459351,False,0.0,33,0.005764768924564123,sum_mod_10,-0.0030742266681045294
3.835097312927246,0.9252473711967468,0.4834565818309784,8.270234107971191,False,family-00388-sum_mod_10,family-00388,False,0.0026905422564595938,1.0,high,3,0.5625681281089783,False,0.0,33,0.004856934770941734,sum_mod_10,-0.0021663925144821405
6.648554801940918,1.2109785079956055,-0.42551666498184204,6.436188697814941,False,family-00389-maximum,family-00389,False,0.23873814940452576,0.0,low,0,0.5441953539848328,False,0.0,33,0.07878082990646362,maximum,0.15995731949806213
3.8403213024139404,0.9248306751251221,-0.2964671552181244,7.789565563201904,False,family-00389-maximum,family-00389,False,0.23873814940452576,0.0,low,1,0.7216248512268066,False,0.0,33,0.17678621411323547,maximum,0.06195193529129028
3.3614706993103027,1.1776328086853027,-0.10626666247844696,8.308113098144531,False,family-00389-maximum,family-00389,False,0.23873814940452576,0.0,low,2,0.7362361550331116,False,0.0,33,0.05611030384898186,maximum,0.1826278418302536
16.51015853881836,2.5472452640533447,0.0651158019900322,9.055871963500977,False,family-00389-maximum,family-00389,False,0.23873814940452576,0.0,low,3,0.6817591190338135,False,0.0,33,0.12359164655208588,maximum,0.11514650285243988
11.723581314086914,2.0529463291168213,-0.5131840109825134,4.507999897003174,True,family-00389-minimum,family-00389,True,0.8363827466964722,1.0,high,0,0.38580477237701416,False,0.0,33,0.41232404112815857,minimum,0.4240587055683136
4.413414001464844,1.313976526260376,0.03236009180545807,6.938961029052734,True,family-00389-minimum,family-00389,True,0.8363827466964722,1.0,high,1,0.6844139695167542,False,0.0,33,0.6992560029029846,minimum,0.13712674379348755
3.410167694091797,0.8803533315658569,-0.17310500144958496,6.794749736785889,True,family-00389-minimum,family-00389,True,0.8363827466964722,1.0,high,2,0.5449026226997375,False,0.0,33,0.7195805311203003,minimum,0.11680221557617188
6.121892929077148,1.5075786113739014,0.1413770616054535,9.924970626831055,True,family-00389-minimum,family-00389,True,0.8363827466964722,1.0,high,3,0.7560529708862305,False,0.0,33,0.5593254566192627,minimum,0.2770572900772095
11.644265174865723,2.368565559387207,-0.2894176244735718,4.0611395835876465,False,family-00389-sum_mod_10,family-00389,False,0.018079929053783417,0.5,medium,0,0.38558366894721985,False,0.0,33,0.010691826231777668,sum_mod_10,0.007388102822005749
6.0484819412231445,1.3854119777679443,0.10453182458877563,5.5316691398620605,False,family-00389-sum_mod_10,family-00389,False,0.018079929053783417,0.5,medium,1,0.5459365248680115,False,0.0,33,0.011188328266143799,sum_mod_10,0.006891600787639618
2.586301326751709,0.8655414581298828,0.15671268105506897,9.82766342163086,False,family-00389-sum_mod_10,family-00389,False,0.018079929053783417,0.5,medium,2,0.8161892294883728,False,0.0,33,0.026303669437766075,sum_mod_10,-0.008223740383982658
4.222574710845947,1.172751545906067,0.17997956275939941,11.197895050048828,False,family-00389-sum_mod_10,family-00389,False,0.018079929053783417,0.5,medium,3,0.6708147525787354,False,0.0,33,0.03657509386539459,sum_mod_10,-0.018495164811611176
