causal_utility,e1_classification,example_id,gate,gate_entropy,layer,relative_update_norm,seed,task
-0.05983521789312363,useful,family-00300-maximum,0.9367702603340149,0.2357633025956523,0,0.6989595223897612,11,maximum
0.023545175790786743,useful,family-00300-maximum,0.9570963978767395,0.1770646310300595,1,0.45938119525987386,11,maximum
-0.019371524453163147,useful,family-00300-maximum,0.9611282348632812,0.16434183072043562,2,0.7410233342748859,11,maximum
-0.006814680993556976,useful,family-00300-maximum,0.9781394600868225,0.10519425808153698,3,0.49950364929582214,11,maximum
0.3446894586086273,useful,family-00300-minimum,0.9224454164505005,0.27275580685158707,0,0.5336561178367906,11,minimum
0.060872435569763184,useful,family-00300-minimum,0.9538158178329468,0.18712269059671122,1,0.6500599739533746,11,minimum
0.13079708814620972,useful,family-00300-minimum,0.9610938429832458,0.16445213853303065,2,0.7057773254311032,11,minimum
0.08408671617507935,useful,family-00300-minimum,0.9773007035255432,0.10836609712433032,3,0.4226159179261527,11,minimum
0.0037646181881427765,redundant_or_uncertain,family-00300-sum_mod_10,0.9105634689331055,0.3012322197131392,0,0.3628929297980262,11,sum_mod_10
-0.005935408174991608,redundant_or_uncertain,family-00300-sum_mod_10,0.9391000866889954,0.2294365196386584,1,0.2481277009162709,11,sum_mod_10
0.0040406882762908936,useful,family-00300-sum_mod_10,0.9534922242164612,0.18810129219777397,2,0.4371665683123873,11,sum_mod_10
-0.012891635298728943,candidate_harmful,family-00300-sum_mod_10,0.970139741897583,0.13425607551744934,3,0.42709342866220323,11,sum_mod_10
0.10247451066970825,useful,family-00301-maximum,0.9367702603340149,0.2357633025956523,0,0.46504513858682195,11,maximum
0.7578538656234741,useful,family-00301-maximum,0.9603256583213806,0.16690780354953805,1,0.8948226083134386,11,maximum
0.06874793767929077,useful,family-00301-maximum,0.9630630016326904,0.15808449406590525,2,0.5113571822538485,11,maximum
0.17906564474105835,useful,family-00301-maximum,0.9789287447929382,0.10217946956912094,3,0.645875114275754,11,maximum
-0.0006608492694795132,useful,family-00301-minimum,0.9270114302635193,0.26130173358579645,0,0.5878991828211325,11,minimum
-0.02916134148836136,useful,family-00301-minimum,0.9682158827781677,0.14089026417703318,1,0.6021754064824529,11,minimum
-0.03966166824102402,useful,family-00301-minimum,0.9723194241523743,0.12658478352195,2,0.7006188346137977,11,minimum
-0.008742837235331535,useful,family-00301-minimum,0.9807268381118774,0.09519675018499063,3,0.6107646424317366,11,minimum
-0.009390592575073242,redundant_or_uncertain,family-00301-sum_mod_10,0.9299190044403076,0.25384840690464694,0,0.4089959787810588,11,sum_mod_10
-0.05904977023601532,redundant_or_uncertain,family-00301-sum_mod_10,0.96161949634552,0.1627626996720601,1,0.5105522365289766,11,sum_mod_10
0.03851625323295593,useful,family-00301-sum_mod_10,0.9762083292007446,0.1124496288211458,2,0.6044526673422412,11,sum_mod_10
0.0365615040063858,candidate_harmful,family-00301-sum_mod_10,0.9826419353485107,0.0875708871199316,3,0.3854184563544615,11,sum_mod_10
-0.03267538547515869,useful,family-00302-maximum,0.9246373772621155,0.26729453609831455,0,0.4219698116967491,11,maximum
0.18734252452850342,useful,family-00302-maximum,0.9627898335456848,0.1589742229054067,1,0.645178386679132,11,maximum
-0.08830791711807251,useful,family-00302-maximum,0.9716840982437134,0.1288384353754094,2,0.6382473339316428,11,maximum
0.29508069157600403,useful,family-00302-maximum,0.9766687750816345,0.11073478289917264,3,0.6159540574751495,11,maximum
0.4535408020019531,useful,family-00302-minimum,0.933686375617981,0.243997324757376,0,0.5674476863470457,11,minimum
0.227683424949646,useful,family-00302-minimum,0.9600480198860168,0.16779150791510034,1,0.32362852704207057,11,minimum
0.21215283870697021,useful,family-00302-minimum,0.96608567237854,0.14809591686855422,2,0.7638086369942431,11,minimum
0.1149781346321106,useful,family-00302-minimum,0.976005494594574,0.113202142351278,3,0.6161698062266597,11,minimum
0.051189444959163666,redundant_or_uncertain,family-00302-sum_mod_10,0.9246373772621155,0.26729453609831455,0,0.6398481747100732,11,sum_mod_10
-0.049808114767074585,redundant_or_uncertain,family-00302-sum_mod_10,0.9611621499061584,0.1642330213021514,1,0.342045244136981,11,sum_mod_10
-0.02847936749458313,useful,family-00302-sum_mod_10,0.9737497568130493,0.12145563651316543,2,0.5100193907332956,11,sum_mod_10
-0.21133442223072052,candidate_harmful,family-00302-sum_mod_10,0.9747568368911743,0.11779648310165111,3,0.6009034692337183,11,sum_mod_10
-0.006563608534634113,useful,family-00303-maximum,0.9273354411125183,0.26047743032554316,0,0.6200491630390317,11,maximum
-0.01108890026807785,useful,family-00303-maximum,0.9546915292739868,0.18446242523486273,1,0.540506692216339,11,maximum
-0.02207864448428154,useful,family-00303-maximum,0.9585443735122681,0.17254293289319894,2,0.8787971711245438,11,maximum
-0.007883991114795208,useful,family-00303-maximum,0.9649460315704346,0.1518934373516292,3,0.6681244318046496,11,maximum
0.021517813205718994,useful,family-00303-minimum,0.9232639074325562,0.2707244879911957,0,0.5762724012827578,11,minimum
0.34846946597099304,useful,family-00303-minimum,0.9628076553344727,0.15891623968174073,1,0.7543547670320722,11,minimum
0.2273116111755371,useful,family-00303-minimum,0.9727318286895752,0.12511388001053836,2,0.6617964062838264,11,minimum
-0.02746635675430298,useful,family-00303-minimum,0.9720863103866577,0.12741341776664056,3,0.4449359827118467,11,minimum
-0.019010161980986595,redundant_or_uncertain,family-00303-sum_mod_10,0.9224527478218079,0.27273765366175906,0,0.5859073320796351,11,sum_mod_10
-0.014393055811524391,redundant_or_uncertain,family-00303-sum_mod_10,0.9411056041717529,0.22391451415464336,1,0.5557206263827175,11,sum_mod_10
-0.0011439025402069092,useful,family-00303-sum_mod_10,0.9529011249542236,0.18988279067709674,2,0.6148743252052604,11,sum_mod_10
0.0009934287518262863,candidate_harmful,family-00303-sum_mod_10,0.9595913290977478,0.16924075828746415,3,0.42093720756374853,11,sum_mod_10
0.009889006614685059,useful,family-00304-maximum,0.9224454164505005,0.27275580685158707,0,0.45766146699422783,11,maximum
0.822240948677063,useful,family-00304-maximum,0.9555079936981201,0.18196617797763828,1,1.0614792496554706,11,maximum
0.030399203300476074,useful,family-00304-maximum,0.9602168202400208,0.16725446815445913,2,0.4242947740082675,11,maximum
0.20695477724075317,useful,family-00304-maximum,0.9663288593292236,0.14728047826221083,3,0.5290699078145326,11,maximum
0.03798495978116989,useful,family-00304-minimum,0.9299190044403076,0.25384840690464694,0,0.4798946448361516,11,minimum
-0.13862109184265137,useful,family-00304-minimum,0.9609993100166321,0.16475517874778886,1,0.7890734272343867,11,minimum
0.03361579030752182,useful,family-00304-minimum,0.9720554351806641,0.12752301729577228,2,0.41509863472742625,11,minimum
0.04634696990251541,useful,family-00304-minimum,0.9710988402366638,0.13090149444252863,3,0.3953618110226552,11,minimum
0.013823743909597397,redundant_or_uncertain,family-00304-sum_mod_10,0.9273236989974976,0.26050733014740535,0,0.56736241588928,11,sum_mod_10
0.016119685024023056,redundant_or_uncertain,family-00304-sum_mod_10,0.9635354280471802,0.15654080635446635,1,0.4904759473683731,11,sum_mod_10
0.035409629344940186,useful,family-00304-sum_mod_10,0.9753735065460205,0.11553560920527117,2,0.47948811694082816,11,sum_mod_10
0.013752814382314682,candidate_harmful,family-00304-sum_mod_10,0.9781468510627747,0.10516616393300497,3,0.5642402698469724,11,sum_mod_10
0.3262735903263092,useful,family-00305-maximum,0.9246373772621155,0.26729453609831455,0,0.6096446464080997,11,maximum
0.3645777702331543,useful,family-00305-maximum,0.9590280652046204,0.17102080293763894,1,0.5611700041517006,11,maximum
-0.12148523330688477,useful,family-00305-maximum,0.9690594673156738,0.13799650482441334,2,0.5979977624924935,11,maximum
0.12572351098060608,useful,family-00305-maximum,0.9654320478439331,0.1502786969810055,3,0.4258438172657644,11,maximum
0.24229472875595093,useful,family-00305-minimum,0.9294945001602173,0.25494455972687663,0,0.5870526601959515,11,minimum
-0.0968819260597229,useful,family-00305-minimum,0.959440290927887,0.1697188723093389,1,0.6309816055666488,11,minimum
0.5490451455116272,useful,family-00305-minimum,0.9713597297668457,0.12998336992942633,2,0.6619754695404216,11,minimum
0.16708528995513916,useful,family-00305-minimum,0.9611935615539551,0.1641322160258475,3,0.5974789863143982,11,minimum
0.03389859199523926,redundant_or_uncertain,family-00305-sum_mod_10,0.91448575258255,0.292034697609945,0,0.3890329472655262,11,sum_mod_10
-0.012928612530231476,redundant_or_uncertain,family-00305-sum_mod_10,0.9494179487228394,0.20022550470367342,1,0.6319109528924425,11,sum_mod_10
0.02791600674390793,useful,family-00305-sum_mod_10,0.9760720133781433,0.11295555290766188,2,0.5117429599174036,11,sum_mod_10
0.01974518969655037,candidate_harmful,family-00305-sum_mod_10,0.9695770144462585,0.13620944744078042,3,0.5803717846008962,11,sum_mod_10
0.2241150140762329,useful,family-00306-maximum,0.9224454164505005,0.27275580685158707,0,0.4291682517231153,11,maximum
0.3986600637435913,useful,family-00306-maximum,0.9541988372802734,0.18596130203668335,1,0.44041782697293574,11,maximum
0.15885642170906067,useful,family-00306-maximum,0.9652971625328064,0.15072754543738842,2,1.0278188379063302,11,maximum
0.1256009340286255,useful,family-00306-maximum,0.9779495596885681,0.10591522274242395,3,0.3799142341274718,11,maximum
-0.020892620086669922,useful,family-00306-minimum,0.9266049265861511,0.2623337099213538,0,0.49896158390118955,11,minimum
-0.04314988851547241,useful,family-00306-minimum,0.9683659076690674,0.14037733963246762,1,0.7182245651208996,11,minimum
0.719427227973938,useful,family-00306-minimum,0.9765166640281677,0.1113023129437405,2,0.9179550664454397,11,minimum
0.13119953870773315,useful,family-00306-minimum,0.9779366850852966,0.10596404101152532,3,0.4013854173744219,11,minimum
-0.00325988233089447,redundant_or_uncertain,family-00306-sum_mod_10,0.9246373772621155,0.26729453609831455,0,0.696673605626314,11,sum_mod_10
-0.004358377307653427,redundant_or_uncertain,family-00306-sum_mod_10,0.9587938189506531,0.1717586921539782,1,0.405145095858302,11,sum_mod_10
-0.10270922631025314,useful,family-00306-sum_mod_10,0.9690458178520203,0.13804351400490247,2,1.0432246654445168,11,sum_mod_10
-0.004448657855391502,candidate_harmful,family-00306-sum_mod_10,0.9693590998649597,0.13696299087760622,3,0.38749959745155,11,sum_mod_10
-0.0027817864902317524,useful,family-00307-maximum,0.9232639074325562,0.2707244879911957,0,0.4789186639793111,11,maximum
-0.015014039352536201,useful,family-00307-maximum,0.9633912444114685,0.15701260676352985,1,0.6867677892715713,11,maximum
-0.0002986001782119274,useful,family-00307-maximum,0.9759509563446045,0.11340417819660162,2,0.31969708971297806,11,maximum
0.002438976429402828,useful,family-00307-maximum,0.975802481174469,0.11395356014781322,3,0.4191013106163574,11,maximum
-0.20927852392196655,useful,family-00307-minimum,0.9339317679405212,0.2433478377442233,0,0.532850977987098,11,minimum
-0.040763020515441895,useful,family-00307-minimum,0.9633584022521973,0.15711999099184454,1,0.49399077111943873,11,minimum
0.44942551851272583,useful,family-00307-minimum,0.9723883867263794,0.1263392605091817,2,0.9000031780605304,11,minimum
0.2688886523246765,useful,family-00307-minimum,0.9716079831123352,0.12910744339108784,3,0.41823092261277944,11,minimum
0.03767742961645126,redundant_or_uncertain,family-00307-sum_mod_10,0.9299190044403076,0.25384840690464694,0,0.5074613221549632,11,sum_mod_10
0.028604835271835327,redundant_or_uncertain,family-00307-sum_mod_10,0.9620010852813721,0.16153159634708525,1,0.4499957964307225,11,sum_mod_10
-0.048750802874565125,useful,family-00307-sum_mod_10,0.9759255647659302,0.11349819753409099,2,0.673566922986576,11,sum_mod_10
0.04300142079591751,candidate_harmful,family-00307-sum_mod_10,0.976574182510376,0.11108782906184933,3,0.3406475769602992,11,sum_mod_10
0.5077309012413025,useful,family-00308-maximum,0.9273236989974976,0.26050733014740535,0,0.6110239389497459,11,maximum
0.5402014851570129,useful,family-00308-maximum,0.9624602198600769,0.16004502763750056,1,0.7667912439677531,11,maximum
0.15237435698509216,useful,family-00308-maximum,0.9721534252166748,0.1271750550832685,2,0.7191812829785861,11,maximum
0.2841992676258087,useful,family-00308-maximum,0.9769243597984314,0.10977890034236605,3,0.6152485523565627,11,maximum
0.016405940055847168,useful,family-00308-minimum,0.9339317679405212,0.2433478377442233,0,0.5178369618326875,11,minimum
-0.014363717287778854,useful,family-00308-minimum,0.9640589952468872,0.15482258787931014,1,0.4681719680526779,11,minimum
0.011245585978031158,useful,family-00308-minimum,0.974224865436554,0.11973439982504686,2,0.6260480137063555,11,minimum
-0.03927871584892273,useful,family-00308-minimum,0.9831619262695312,0.08546410109028249,3,0.73950207442481,11,minimum
-0.05312808230519295,redundant_or_uncertain,family-00308-sum_mod_10,0.9270985126495361,0.26108034344371944,0,0.48817382548415506,11,sum_mod_10
0.007685111835598946,redundant_or_uncertain,family-00308-sum_mod_10,0.957610011100769,0.17546666406298894,1,0.5884863286441041,11,sum_mod_10
-0.028637390583753586,useful,family-00308-sum_mod_10,0.9684343934059143,0.14014294766249155,2,0.4178783252907639,11,sum_mod_10
-0.014932535588741302,candidate_harmful,family-00308-sum_mod_10,0.9809150695800781,0.09445613924230147,3,0.5433781904914514,11,sum_mod_10
0.1869550347328186,useful,family-00309-maximum,0.9294945001602173,0.25494455972687663,0,0.6591013788394944,11,maximum
0.1601247787475586,useful,family-00309-maximum,0.9612672328948975,0.1638956884561954,1,0.5154644113253602,11,maximum
0.6382602453231812,useful,family-00309-maximum,0.9748595356941223,0.11742104479519078,2,1.076495596862213,11,maximum
0.14884352684020996,useful,family-00309-maximum,0.971152126789093,0.13071416575880135,3,0.7351141437626728,11,maximum
0.2806253135204315,useful,family-00309-minimum,0.9200815558433533,0.27857013889649007,0,0.5275001927075044,11,minimum
0.25855448842048645,useful,family-00309-minimum,0.9598957896232605,0.16827519263497984,1,0.7761861909174337,11,minimum
0.5542046427726746,useful,family-00309-minimum,0.9708299040794373,0.13184539842509327,2,0.695838339837588,11,minimum
-0.08095115423202515,useful,family-00309-minimum,0.9735500812530518,0.12217638199132283,3,0.43864495974992584,11,minimum
-0.12101805210113525,redundant_or_uncertain,family-00309-sum_mod_10,0.912865161895752,0.2958582804410451,0,0.4535229298348907,11,sum_mod_10
0.010454446077346802,redundant_or_uncertain,family-00309-sum_mod_10,0.9541873335838318,0.1859962322171319,1,0.39306761923443445,11,sum_mod_10
-0.05751067399978638,useful,family-00309-sum_mod_10,0.9641351103782654,0.15457214072384667,2,0.7334467855887381,11,sum_mod_10
0.3124365210533142,candidate_harmful,family-00309-sum_mod_10,0.9767947793006897,0.11026388942026294,3,0.73262495045822,11,sum_mod_10
0.0987546443939209,useful,family-00310-maximum,0.9270985126495361,0.26108034344371944,0,0.4397775178754735,11,maximum
0.6064707040786743,useful,family-00310-maximum,0.9585850238800049,0.17241523773472736,1,0.7312497964766029,11,maximum
0.16849470138549805,useful,family-00310-maximum,0.967391848564148,0.14369462591872717,2,0.4257835438034065,11,maximum
0.2708480656147003,useful,family-00310-maximum,0.9768022894859314,0.11023580083946696,3,0.5664169367090951,11,maximum
-0.09573948383331299,useful,family-00310-minimum,0.9273236989974976,0.26050733014740535,0,0.5091585091791324,11,minimum
-0.008179068565368652,useful,family-00310-minimum,0.9632731080055237,0.1573987354986871,1,0.5281871595676155,11,minimum
0.7066839933395386,useful,family-00310-minimum,0.9746682643890381,0.11811993525777961,2,1.061641406426533,11,minimum
0.13434100151062012,useful,family-00310-minimum,0.9798492789268494,0.0986251145209821,3,0.5737097984667436,11,minimum
-0.010409250855445862,redundant_or_uncertain,family-00310-sum_mod_10,0.9246373772621155,0.26729453609831455,0,0.45783548242285876,11,sum_mod_10
0.06094363331794739,redundant_or_uncertain,family-00310-sum_mod_10,0.9630812406539917,0.15802501367145788,1,0.45233664800023027,11,sum_mod_10
-0.009463176131248474,useful,family-00310-sum_mod_10,0.9752762913703918,0.11589306713232254,2,0.9345171943326472,11,sum_mod_10
0.03300727158784866,candidate_harmful,family-00310-sum_mod_10,0.9784196615219116,0.10412737747335443,3,0.3686999592692039,11,sum_mod_10
0.14594638347625732,useful,family-00311-maximum,0.9339317679405212,0.2433478377442233,0,0.6578344823862505,11,maximum
0.7966061234474182,useful,family-00311-maximum,0.963346004486084,0.15716052010476872,1,0.7370563733673636,11,maximum
0.1352081298828125,useful,family-00311-maximum,0.9679470062255859,0.14180770637375786,2,0.3548698713478216,11,maximum
0.0519028902053833,useful,family-00311-maximum,0.9769167304039001,0.10980747595351448,3,0.448431408120563,11,maximum
0.058122098445892334,useful,family-00311-minimum,0.9273354411125183,0.26047743032554316,0,0.6869100317698661,11,minimum
0.016393303871154785,useful,family-00311-minimum,0.9558941721916199,0.18078003532339598,1,0.5828906858777809,11,minimum
0.6735233664512634,useful,family-00311-minimum,0.9588024020195007,0.17173167955045968,2,1.1313520882855166,11,minimum
0.1346583366394043,useful,family-00311-minimum,0.9750580787658691,0.11669400475349193,3,0.7544329441589429,11,minimum
-0.004791594110429287,redundant_or_uncertain,family-00311-sum_mod_10,0.9270985126495361,0.26108034344371944,0,0.5271174781499285,11,sum_mod_10
-0.01677883416414261,redundant_or_uncertain,family-00311-sum_mod_10,0.956303060054779,0.17952028500784561,1,0.49972087132826026,11,sum_mod_10
-0.026702329516410828,useful,family-00311-sum_mod_10,0.9666576981544495,0.14617494439434497,2,0.7179435071767462,11,sum_mod_10
0.0059957983903586864,candidate_harmful,family-00311-sum_mod_10,0.9793486595153809,0.1005633040863922,3,0.45829091002604444,11,sum_mod_10
-0.14082802832126617,useful,family-00312-maximum,0.9200815558433533,0.27857013889649007,0,0.6182046111901967,11,maximum
-0.0076408833265304565,useful,family-00312-maximum,0.9570764899253845,0.17712643936518968,1,0.4766586748522695,11,maximum
0.058286622166633606,useful,family-00312-maximum,0.9667370915412903,0.14590752760924333,2,0.8533318010524147,11,maximum
0.033342838287353516,useful,family-00312-maximum,0.9747014045715332,0.11799895004227173,3,0.34831177243258377,11,maximum
0.17706799507141113,useful,family-00312-minimum,0.9270985126495361,0.26108034344371944,0,0.43623107468089123,11,minimum
0.1239008903503418,useful,family-00312-minimum,0.957300066947937,0.1764317432305339,1,0.6193873962160458,11,minimum
0.3703854978084564,useful,family-00312-minimum,0.9640761613845825,0.15476611950192504,2,0.9579257155935613,11,minimum
0.07527858018875122,useful,family-00312-minimum,0.9784563779830933,0.10398730322029333,3,0.4107929010165503,11,minimum
0.02143291011452675,redundant_or_uncertain,family-00312-sum_mod_10,0.91448575258255,0.292034697609945,0,0.6291388885493734,11,sum_mod_10
-0.028286680579185486,redundant_or_uncertain,family-00312-sum_mod_10,0.9508283734321594,0.196068887030645,1,0.4811458682541181,11,sum_mod_10
0.020184088498353958,useful,family-00312-sum_mod_10,0.9754806756973267,0.11514109473483353,2,0.6481371856046947,11,sum_mod_10
-0.0007744878530502319,candidate_harmful,family-00312-sum_mod_10,0.9727129936218262,0.12518119717037113,3,0.46776807952371013,11,sum_mod_10
-0.032242774963378906,useful,family-00313-maximum,0.933686375617981,0.243997324757376,0,0.558919279810621,11,maximum
0.31753548979759216,useful,family-00313-maximum,0.9571725130081177,0.17682822689589273,1,0.9006553251328205,11,maximum
-0.1697159707546234,useful,family-00313-maximum,0.960509181022644,0.1663225533686956,2,0.3140910783176257,11,maximum
-0.037097394466400146,useful,family-00313-maximum,0.9735556244850159,0.12215639418431365,3,0.47021104722063306,11,maximum
0.2151067852973938,useful,family-00313-minimum,0.9224527478218079,0.27273765366175906,0,0.5189274120997799,11,minimum
0.2342028021812439,useful,family-00313-minimum,0.9414902925491333,0.22284708591378322,1,0.7141288359880164,11,minimum
0.25062933564186096,useful,family-00313-minimum,0.9548690915107727,0.1839208694131587,2,0.6613241905656981,11,minimum
0.08291327953338623,useful,family-00313-minimum,0.9705567955970764,0.13280133267135416,3,0.46485202588425567,11,minimum
-0.016330357640981674,redundant_or_uncertain,family-00313-sum_mod_10,0.9273236989974976,0.26050733014740535,0,0.6347118040272385,11,sum_mod_10
-0.007278718054294586,redundant_or_uncertain,family-00313-sum_mod_10,0.9632564187049866,0.15745325263259805,1,0.5111155922426872,11,sum_mod_10
-0.04476518929004669,useful,family-00313-sum_mod_10,0.9749009013175964,0.11726970208124787,2,0.6964214007543305,11,sum_mod_10
0.0010213255882263184,candidate_harmful,family-00313-sum_mod_10,0.982631504535675,0.0876129846483387,3,0.43397422829112287,11,sum_mod_10
0.06834036111831665,useful,family-00314-maximum,0.9270114302635193,0.26130173358579645,0,0.5394351574125812,11,maximum
0.5728196501731873,useful,family-00314-maximum,0.968842089176178,0.1387444252050824,1,0.7526946640321663,11,maximum
0.15549415349960327,useful,family-00314-maximum,0.9711422324180603,0.13074895704168316,2,0.6862675743067838,11,maximum
0.05609399080276489,useful,family-00314-maximum,0.9811145663261414,0.09366913786938293,3,1.001763023025111,11,maximum
0.09886389970779419,useful,family-00314-minimum,0.933686375617981,0.243997324757376,0,0.4945675014684719,11,minimum
0.2443736493587494,useful,family-00314-minimum,0.957992434501648,0.17427264166814257,1,0.5304232778609659,11,minimum
0.03038877248764038,useful,family-00314-minimum,0.9638413190841675,0.15553790192037203,2,0.7517385411827359,11,minimum
0.10569560527801514,useful,family-00314-minimum,0.9774824976921082,0.10768135692631503,3,0.9458679020411409,11,minimum
0.00775618851184845,redundant_or_uncertain,family-00314-sum_mod_10,0.91448575258255,0.292034697609945,0,0.45119320943027835,11,sum_mod_10
0.0008146986365318298,redundant_or_uncertain,family-00314-sum_mod_10,0.9512345194816589,0.19486410689968767,1,0.5974636233808571,11,sum_mod_10
-0.023536358028650284,useful,family-00314-sum_mod_10,0.9776599407196045,0.10701155762658227,2,0.4098656350925508,11,sum_mod_10
-0.004550129175186157,candidate_harmful,family-00314-sum_mod_10,0.9765825867652893,0.11105647786550893,3,0.6169287761325524,11,sum_mod_10
0.026328861713409424,useful,family-00315-maximum,0.9144240617752075,0.2921808606861063,0,0.41467660686554214,11,maximum
0.05684584379196167,useful,family-00315-maximum,0.948019802570343,0.20430504444473763,1,0.633310608348335,11,maximum
0.5674269199371338,useful,family-00315-maximum,0.9643557667732239,0.15384515080777153,2,1.2347126376113422,11,maximum
0.10243457555770874,useful,family-00315-maximum,0.9720398783683777,0.12757822692621879,3,0.733817675955118,11,maximum
-0.04302777349948883,useful,family-00315-minimum,0.9232639074325562,0.2707244879911957,0,0.32054867691251687,11,minimum
0.07619286328554153,useful,family-00315-minimum,0.9645028114318848,0.15335990127916774,1,0.6952499723215471,11,minimum
0.07333357632160187,useful,family-00315-minimum,0.9774065017700195,0.10796778274745189,2,0.6030824342062716,11,minimum
0.013964146375656128,useful,family-00315-minimum,0.9820090532302856,0.09011371436156025,3,0.6548992646974545,11,minimum
0.008098676800727844,redundant_or_uncertain,family-00315-sum_mod_10,0.9286940097808838,0.25700411261546163,0,0.4694750334204156,11,sum_mod_10
0.12109722197055817,redundant_or_uncertain,family-00315-sum_mod_10,0.9626349806785583,0.15947766425665796,1,0.3716514866601832,11,sum_mod_10
0.03728145360946655,useful,family-00315-sum_mod_10,0.9758874773979187,0.11363917509646504,2,0.38891094918824753,11,sum_mod_10
0.04111192375421524,candidate_harmful,family-00315-sum_mod_10,0.9818403124809265,0.0907878287489176,3,0.35339507313431734,11,sum_mod_10
-0.0319785475730896,useful,family-00316-maximum,0.9232639074325562,0.2707244879911957,0,0.6234832521915477,11,maximum
0.10034612566232681,useful,family-00316-maximum,0.961630642414093,0.1627267957303822,1,0.6997522236340533,11,maximum
0.0037423372268676758,useful,family-00316-maximum,0.9730632305145264,0.12392724271702196,2,0.37066405498450594,11,maximum
0.08926914632320404,useful,family-00316-maximum,0.980113685131073,0.09759634086356778,3,0.41954884105870566,11,maximum
0.32936787605285645,useful,family-00316-minimum,0.91448575258255,0.292034697609945,0,0.6366095981011197,11,minimum
-0.03129148483276367,useful,family-00316-minimum,0.9511367082595825,0.19515457535228375,1,0.5614621164172138,11,minimum
0.15081995725631714,useful,family-00316-minimum,0.9761455059051514,0.11268289103706622,2,0.738800272143032,11,minimum
0.11410531401634216,useful,family-00316-minimum,0.973159670829773,0.12358113784538993,3,0.4789790064340651,11,minimum
0.013060901314020157,redundant_or_uncertain,family-00316-sum_mod_10,0.9266049265861511,0.2623337099213538,0,0.4773889851487701,11,sum_mod_10
-0.04531225562095642,redundant_or_uncertain,family-00316-sum_mod_10,0.9685802459716797,0.13964325651174664,1,0.4771290747938319,11,sum_mod_10
0.004276324063539505,useful,family-00316-sum_mod_10,0.9746621251106262,0.11814234310136187,2,0.4125855028073034,11,sum_mod_10
-0.05110284686088562,candidate_harmful,family-00316-sum_mod_10,0.9805876016616821,0.09574337938749555,3,0.6357245828604142,11,sum_mod_10
0.012830734252929688,useful,family-00317-maximum,0.9339317679405212,0.2433478377442233,0,0.4613474992136283,11,maximum
0.7903611063957214,useful,family-00317-maximum,0.9641426801681519,0.15454722413900135,1,0.92852293466766,11,maximum
-0.0075244903564453125,useful,family-00317-maximum,0.9679782390594482,0.14170125581063994,2,0.4966850785268029,11,maximum
0.0979301929473877,useful,family-00317-maximum,0.9673230648040771,0.143927730767604,3,0.4907940109115386,11,maximum
0.035403624176979065,useful,family-00317-minimum,0.9144240617752075,0.2921808606861063,0,0.5308976765089218,11,minimum
0.014148101210594177,useful,family-00317-minimum,0.9486079216003418,0.20259391137165675,1,0.9361296056431334,11,minimum
0.004246890544891357,useful,family-00317-minimum,0.9638131856918335,0.15563025276560605,2,0.9128316160246288,11,minimum
0.04660487174987793,useful,family-00317-minimum,0.9704775214195251,0.13307831830722097,3,0.5532722976549233,11,minimum
-0.009728692471981049,redundant_or_uncertain,family-00317-sum_mod_10,0.91448575258255,0.292034697609945,0,0.4477368016841673,11,sum_mod_10
-0.025962233543395996,redundant_or_uncertain,family-00317-sum_mod_10,0.9517248868942261,0.19340475366975196,1,0.5876679139576987,11,sum_mod_10
-0.04223761707544327,useful,family-00317-sum_mod_10,0.9783591628074646,0.10435804241727148,2,0.40193339154878144,11,sum_mod_10
0.013513889163732529,candidate_harmful,family-00317-sum_mod_10,0.97603839635849,0.11308019702583529,3,0.5598480009976332,11,sum_mod_10
0.04193830490112305,useful,family-00318-maximum,0.9273354411125183,0.26047743032554316,0,0.4222519864508966,11,maximum
0.25411564111709595,useful,family-00318-maximum,0.9553866386413574,0.18233819281891595,1,0.6504127402641793,11,maximum
0.17920678853988647,useful,family-00318-maximum,0.9591651558876038,0.1705883120823547,2,1.0167422328744955,11,maximum
0.07605385780334473,useful,family-00318-maximum,0.9678690433502197,0.1420732893494918,3,0.7196114709512094,11,maximum
0.3850584626197815,useful,family-00318-minimum,0.933686375617981,0.243997324757376,0,0.5409126670830582,11,minimum
0.17995136976242065,useful,family-00318-minimum,0.9597278833389282,0.16880798705949068,1,0.7133920534401141,11,minimum
0.26752781867980957,useful,family-00318-minimum,0.9623864889144897,0.16028414239243866,2,0.6142681908024851,11,minimum
0.07775312662124634,useful,family-00318-minimum,0.9706172347068787,0.13259000943953222,3,0.2982353737658757,11,minimum
0.004208555445075035,redundant_or_uncertain,family-00318-sum_mod_10,0.91448575258255,0.292034697609945,0,0.44201225104242753,11,sum_mod_10
-0.001891162246465683,redundant_or_uncertain,family-00318-sum_mod_10,0.9510875344276428,0.19530052832631425,1,0.5417966081233515,11,sum_mod_10
0.0002892836928367615,useful,family-00318-sum_mod_10,0.9764725565910339,0.11146668987786801,2,0.4863799652532122,11,sum_mod_10
-0.004987757652997971,candidate_harmful,family-00318-sum_mod_10,0.9709470868110657,0.13143442934425578,3,0.40556973466971064,11,sum_mod_10
0.12378329038619995,useful,family-00319-maximum,0.9200815558433533,0.27857013889649007,0,0.47149051906806094,11,maximum
0.22696904838085175,useful,family-00319-maximum,0.9589675664901733,0.1712115108300482,1,0.6341548360540233,11,maximum
0.04997909069061279,useful,family-00319-maximum,0.967593252658844,0.1430112134788073,2,0.6597892612071358,11,maximum
0.16768084466457367,useful,family-00319-maximum,0.9743360877037048,0.11933016809685938,3,0.546179666920711,11,maximum
0.2895508408546448,useful,family-00319-minimum,0.9266049265861511,0.2623337099213538,0,0.5761125766237926,11,minimum
0.119344562292099,useful,family-00319-minimum,0.9670279622077942,0.144926124400276,1,0.45011119081980444,11,minimum
0.254738986492157,useful,family-00319-minimum,0.9704616069793701,0.1331338972391561,2,0.9199299824151086,11,minimum
0.10743114352226257,useful,family-00319-minimum,0.9750851988792419,0.1165945687266878,3,0.4809666337587042,11,minimum
-0.014604413881897926,redundant_or_uncertain,family-00319-sum_mod_10,0.9224527478218079,0.27273765366175906,0,0.5981241301815314,11,sum_mod_10
-0.006718441843986511,redundant_or_uncertain,family-00319-sum_mod_10,0.9432006478309631,0.21806845645175368,1,0.46181461530617557,11,sum_mod_10
-0.005126205272972584,useful,family-00319-sum_mod_10,0.9573678970336914,0.1762207408148823,2,0.5724979002422996,11,sum_mod_10
0.002842170652002096,candidate_harmful,family-00319-sum_mod_10,0.9702569842338562,0.13384772774445466,3,0.376738771398669,11,sum_mod_10
0.19854748249053955,useful,family-00320-maximum,0.9270114302635193,0.26130173358579645,0,0.4096142151823916,11,maximum
0.8169622421264648,useful,family-00320-maximum,0.9708048105239868,0.1319333404031696,1,0.7491004274066858,11,maximum
0.2855278253555298,useful,family-00320-maximum,0.9714298844337463,0.12973606455875342,2,0.6961977707605731,11,maximum
0.14074403047561646,useful,family-00320-maximum,0.9778618216514587,0.1062477581339769,3,0.683857885115093,11,maximum
-0.22334152460098267,useful,family-00320-minimum,0.9294945001602173,0.25494455972687663,0,0.4209715222838481,11,minimum
-0.13924527168273926,useful,family-00320-minimum,0.9607296586036682,0.16561828033170642,1,0.40922588880980154,11,minimum
0.11533892154693604,useful,family-00320-minimum,0.9748054146766663,0.1176189497346922,2,0.7614212280911612,11,minimum
-0.04923504590988159,useful,family-00320-minimum,0.9744419455528259,0.11894497360994086,3,0.5508088157979848,11,minimum
0.03877852112054825,redundant_or_uncertain,family-00320-sum_mod_10,0.9246373772621155,0.26729453609831455,0,0.5925798866985936,11,sum_mod_10
-0.016454413533210754,redundant_or_uncertain,family-00320-sum_mod_10,0.9610172510147095,0.1646976844201709,1,0.4251964849739437,11,sum_mod_10
0.003498457372188568,useful,family-00320-sum_mod_10,0.9741784930229187,0.11990279239156665,2,0.4909694674312284,11,sum_mod_10
-0.1478872448205948,candidate_harmful,family-00320-sum_mod_10,0.9754198789596558,0.11536496041449497,3,0.5828713776659542,11,sum_mod_10
0.027212679386138916,useful,family-00321-maximum,0.9273354411125183,0.26047743032554316,0,0.633113244468447,11,maximum
0.030727744102478027,useful,family-00321-maximum,0.9536692500114441,0.18756622993049266,1,0.5620087583582908,11,maximum
0.23759245872497559,useful,family-00321-maximum,0.955866813659668,0.18086418280527716,2,1.2104718243547143,11,maximum
0.07997715473175049,useful,family-00321-maximum,0.9650052189826965,0.15169716841700664,3,0.6404830781017093,11,maximum
-0.18552124500274658,useful,family-00321-minimum,0.9232639074325562,0.2707244879911957,0,0.571132895137862,11,minimum
0.10269680619239807,useful,family-00321-minimum,0.9603109359741211,0.1669547144628782,1,0.6631308840101685,11,minimum
0.35957664251327515,useful,family-00321-minimum,0.9706545472145081,0.13245948363375545,2,0.6508110925726868,11,minimum
-0.1047256588935852,useful,family-00321-minimum,0.9768424034118652,0.11008572997653722,3,0.5262170259011982,11,minimum
0.06483552604913712,redundant_or_uncertain,family-00321-sum_mod_10,0.912865161895752,0.2958582804410451,0,0.519167615401268,11,sum_mod_10
0.02523702383041382,redundant_or_uncertain,family-00321-sum_mod_10,0.9535104036331177,0.18804637732930812,1,0.39465304563921866,11,sum_mod_10
0.04710523039102554,useful,family-00321-sum_mod_10,0.9606804847717285,0.16577546802944654,2,0.4483559508234873,11,sum_mod_10
-0.03056521713733673,candidate_harmful,family-00321-sum_mod_10,0.9749078154563904,0.11724439878650053,3,0.440388419480361,11,sum_mod_10
0.03926551342010498,useful,family-00322-maximum,0.9144240617752075,0.2921808606861063,0,0.49737481828537583,11,maximum
0.5043540596961975,useful,family-00322-maximum,0.9493730664253235,0.20035708995709378,1,0.9746128110860517,11,maximum
0.07058954238891602,useful,family-00322-maximum,0.9620212912559509,0.16146629600386567,2,0.7614571006512398,11,maximum
0.115054190158844,useful,family-00322-maximum,0.9686037302017212,0.13956273424255133,3,0.659880655053827,11,maximum
0.052706435322761536,useful,family-00322-minimum,0.9299190044403076,0.25384840690464694,0,0.5067134807755627,11,minimum
-0.03477998077869415,useful,family-00322-minimum,0.9594100117683411,0.16981465092121917,1,0.582428595107194,11,minimum
0.1217082142829895,useful,family-00322-minimum,0.9722570776939392,0.12680659950537787,2,0.606844751249164,11,minimum
-0.04063127934932709,useful,family-00322-minimum,0.980217695236206,0.09719066926063188,3,0.765979865383034,11,minimum
0.0037940554320812225,redundant_or_uncertain,family-00322-sum_mod_10,0.9246373772621155,0.26729453609831455,0,0.3929559544679083,11,sum_mod_10
0.019905012100934982,redundant_or_uncertain,family-00322-sum_mod_10,0.9633834958076477,0.15703794518096653,1,0.500524828483817,11,sum_mod_10
0.0007054060697555542,useful,family-00322-sum_mod_10,0.975389838218689,0.1154755194666296,2,0.7043324342656966,11,sum_mod_10
-0.017266392707824707,candidate_harmful,family-00322-sum_mod_10,0.9829139113426208,0.08647096140238862,3,0.5929280740509959,11,sum_mod_10
-0.008015871047973633,useful,family-00323-maximum,0.9225452542304993,0.2725085342026138,0,0.4601628563356485,11,maximum
-0.008306557312607765,useful,family-00323-maximum,0.9493439197540283,0.20044251928684337,1,0.5355681094728517,11,maximum
-0.006039649248123169,useful,family-00323-maximum,0.9607811570167542,0.16545359323341513,2,0.36159749347378867,11,maximum
0.013528515584766865,useful,family-00323-maximum,0.9690019488334656,0.1381945582323174,3,0.46355805723303595,11,maximum
0.2372872531414032,useful,family-00323-minimum,0.9294945001602173,0.25494455972687663,0,0.6324879817843971,11,minimum
0.005890250205993652,useful,family-00323-minimum,0.9616891741752625,0.16253819674810854,1,0.4432688715896409,11,minimum
0.10930526256561279,useful,family-00323-minimum,0.9744171500205994,0.11903523963206729,2,0.6112751601617854,11,minimum
-0.05997341871261597,useful,family-00323-minimum,0.9723088145256042,0.12662254059876504,3,0.5314684143032203,11,minimum
0.040028855204582214,redundant_or_uncertain,family-00323-sum_mod_10,0.9339317679405212,0.2433478377442233,0,0.5330666418722023,11,sum_mod_10
0.005755960941314697,redundant_or_uncertain,family-00323-sum_mod_10,0.9627565145492554,0.1590826025454031,1,0.31543123018451036,11,sum_mod_10
0.0432053878903389,useful,family-00323-sum_mod_10,0.9725956320762634,0.12560035048940144,2,0.39746439527643973,11,sum_mod_10
0.002734839916229248,candidate_harmful,family-00323-sum_mod_10,0.9721713662147522,0.12711130829322004,3,0.5067738567355887,11,sum_mod_10
0.05466991662979126,useful,family-00324-maximum,0.9144240617752075,0.2921808606861063,0,0.3506003788024985,11,maximum
0.6107664108276367,useful,family-00324-maximum,0.9484207630157471,0.20313921553480863,1,0.9936405743888415,11,maximum
0.15570342540740967,useful,family-00324-maximum,0.9628432393074036,0.1588004406191473,2,0.8333221642549256,11,maximum
0.0606803297996521,useful,family-00324-maximum,0.9646381139755249,0.1529128430528051,3,0.4641986267811776,11,maximum
0.23028501868247986,useful,family-00324-minimum,0.9270985126495361,0.26108034344371944,0,0.484135283122842,11,minimum
0.07494458556175232,useful,family-00324-minimum,0.9564897418022156,0.1789438055104315,1,0.9359816483248165,11,minimum
0.2132343202829361,useful,family-00324-minimum,0.9648717045783997,0.15213976335071935,2,0.49571341995598217,11,minimum
0.054170429706573486,useful,family-00324-minimum,0.9656340479850769,0.14960549498799963,3,0.3761223006527283,11,minimum
-0.027711888775229454,redundant_or_uncertain,family-00324-sum_mod_10,0.9246373772621155,0.26729453609831455,0,0.6209751474014666,11,sum_mod_10
0.0034562973305583,redundant_or_uncertain,family-00324-sum_mod_10,0.9601647257804871,0.16742028655590596,1,0.4291799117046864,11,sum_mod_10
0.005456005223095417,useful,family-00324-sum_mod_10,0.9701770544052124,0.13412616993393714,2,0.44829468238578135,11,sum_mod_10
-0.00458955205976963,candidate_harmful,family-00324-sum_mod_10,0.9693743586540222,0.13691027853149434,3,0.7408785812788173,11,sum_mod_10
0.1163901686668396,useful,family-00325-maximum,0.9200815558433533,0.27857013889649007,0,0.34792753014786443,11,maximum
0.6567909717559814,useful,family-00325-maximum,0.9594413638114929,0.16971547814690507,1,0.8666201195168177,11,maximum
-0.026337921619415283,useful,family-00325-maximum,0.9677972197532654,0.14231778570082398,2,0.3595567379055215,11,maximum
0.020536959171295166,useful,family-00325-maximum,0.9740806221961975,0.12025791118697869,3,0.5366870696913459,11,maximum
0.09921014308929443,useful,family-00325-minimum,0.9270114302635193,0.26130173358579645,0,0.5752831761550298,11,minimum
-0.022557854652404785,useful,family-00325-minimum,0.9690676331520081,0.13796837845773055,1,0.6836403708225385,11,minimum
0.8600970506668091,useful,family-00325-minimum,0.9737582802772522,0.12142483573221857,2,0.8550017792896853,11,minimum
0.1770268678665161,useful,family-00325-minimum,0.9835714101791382,0.08379357107073819,3,0.5725192749259828,11,minimum
0.022166848182678223,redundant_or_uncertain,family-00325-sum_mod_10,0.9270114302635193,0.26130173358579645,0,0.4119772047130975,11,sum_mod_10
-0.003077365458011627,redundant_or_uncertain,family-00325-sum_mod_10,0.9700666666030884,0.1345103520683582,1,0.45018941955936154,11,sum_mod_10
0.012321464717388153,useful,family-00325-sum_mod_10,0.9762545824050903,0.11227778258757065,2,1.0340655336586402,11,sum_mod_10
0.033128898590803146,candidate_harmful,family-00325-sum_mod_10,0.9829373955726624,0.08637578084126372,3,0.3889808773618404,11,sum_mod_10
0.25527840852737427,useful,family-00326-maximum,0.9270114302635193,0.26130173358579645,0,0.558642632862993,11,maximum
0.3754931688308716,useful,family-00326-maximum,0.9692380428314209,0.13738091173403638,1,0.6469617442683495,11,maximum
0.1875925064086914,useful,family-00326-maximum,0.972926676273346,0.12441670175806413,2,0.6078524355667695,11,maximum
0.16571390628814697,useful,family-00326-maximum,0.9838287830352783,0.08273829802155475,3,0.5461523560145797,11,maximum
0.023144781589508057,useful,family-00326-minimum,0.9367702603340149,0.2357633025956523,0,0.5675499428989026,11,minimum
-0.15946191549301147,useful,family-00326-minimum,0.959708571434021,0.1688692201016722,1,0.5527498442644834,11,minimum
0.4716726243495941,useful,family-00326-minimum,0.963250994682312,0.15747096900652843,2,0.9216685512855224,11,minimum
0.5985694527626038,useful,family-00326-minimum,0.9830076694488525,0.08609076727894532,3,0.9859837993750415,11,minimum
-0.015678584575653076,redundant_or_uncertain,family-00326-sum_mod_10,0.9200815558433533,0.27857013889649007,0,0.41749983779296396,11,sum_mod_10
0.028150826692581177,redundant_or_uncertain,family-00326-sum_mod_10,0.958737850189209,0.17193479113297822,1,0.4424441242094102,11,sum_mod_10
-0.06427523493766785,useful,family-00326-sum_mod_10,0.9708306789398193,0.1318426825232706,2,0.8102564610895168,11,sum_mod_10
0.07160504907369614,candidate_harmful,family-00326-sum_mod_10,0.9800209403038025,0.09795760619038779,3,0.5874332766366144,11,sum_mod_10
-0.042849402874708176,useful,family-00327-maximum,0.9144240617752075,0.2921808606861063,0,0.45002174911397047,11,maximum
-0.011891717091202736,useful,family-00327-maximum,0.9478039741516113,0.20493123294549187,1,0.6066309060960912,11,maximum
6.317906081676483e-05,useful,family-00327-maximum,0.964104413986206,0.15467316343683035,2,0.8915482061507907,11,maximum
0.0014550909399986267,useful,family-00327-maximum,0.9689059257507324,0.1385249492199352,3,0.39920945217473924,11,maximum
-0.032883524894714355,useful,family-00327-minimum,0.9232639074325562,0.2707244879911957,0,0.5189990565479904,11,minimum
-0.028011083602905273,useful,family-00327-minimum,0.9618821740150452,0.16191565989529072,1,0.770118671394317,11,minimum
0.46688926219940186,useful,family-00327-minimum,0.9733370542526245,0.12294361376163511,2,0.7043506315479233,11,minimum
0.264737069606781,useful,family-00327-minimum,0.9698577523231506,0.13523628800401277,3,0.46397133445007094,11,minimum
-0.016823122277855873,redundant_or_uncertain,family-00327-sum_mod_10,0.912865161895752,0.2958582804410451,0,0.43004034896112386,11,sum_mod_10
-0.005054369568824768,redundant_or_uncertain,family-00327-sum_mod_10,0.9534159302711487,0.18833167335941414,1,0.368520045712645,11,sum_mod_10
-0.03157321363687515,useful,family-00327-sum_mod_10,0.9618719220161438,0.1619487540666324,2,0.8552065139262459,11,sum_mod_10
0.005118189379572868,candidate_harmful,family-00327-sum_mod_10,0.9747399091720581,0.11785832494812887,3,0.4025473081136905,11,sum_mod_10
0.041694700717926025,useful,family-00328-maximum,0.9144240617752075,0.2921808606861063,0,0.5369921902686073,11,maximum
0.8687794208526611,useful,family-00328-maximum,0.9477134346961975,0.2051936368196656,1,0.9488105641929602,11,maximum
0.057926177978515625,useful,family-00328-maximum,0.9586313366889954,0.17226970440069317,2,0.6900641402310197,11,maximum
0.12554264068603516,useful,family-00328-maximum,0.9685011506080627,0.1399143239212204,3,0.6653134729138929,11,maximum
0.058162808418273926,useful,family-00328-minimum,0.9270114302635193,0.26130173358579645,0,0.5661663531353387,11,minimum
-0.005471408367156982,useful,family-00328-minimum,0.9687955379486084,0.1389043874562145,1,0.5802062321907144,11,minimum
0.49194642901420593,useful,family-00328-minimum,0.9721898436546326,0.12704564301638568,2,0.9490495941788889,11,minimum
0.04673349857330322,useful,family-00328-minimum,0.9789450168609619,0.10211700201792476,3,0.546712511198936,11,minimum
-0.047971829771995544,redundant_or_uncertain,family-00328-sum_mod_10,0.9339317679405212,0.2433478377442233,0,0.3932878489896345,11,sum_mod_10
0.007719695568084717,redundant_or_uncertain,family-00328-sum_mod_10,0.963595986366272,0.15634246996529996,1,0.4813359900364489,11,sum_mod_10
-0.03060820698738098,useful,family-00328-sum_mod_10,0.9738600254058838,0.12105694508904806,2,0.8620491077126964,11,sum_mod_10
7.748603820800781e-06,candidate_harmful,family-00328-sum_mod_10,0.9769079685211182,0.10984029007260997,3,0.3503989688918358,11,sum_mod_10
-0.010346770286560059,useful,family-00329-maximum,0.9224527478218079,0.27273765366175906,0,0.4715227674561673,11,maximum
0.7763142585754395,useful,family-00329-maximum,0.9412223100662231,0.2235909630645242,1,0.8842310425374356,11,maximum
-0.0022994279861450195,useful,family-00329-maximum,0.9500950574874878,0.19823525720228408,2,0.4256606327939338,11,maximum
0.07975733280181885,useful,family-00329-maximum,0.9535300135612488,0.18798713293217106,3,0.5076717867081803,11,maximum
0.02852553129196167,useful,family-00329-minimum,0.933686375617981,0.243997324757376,0,0.4859796780530541,11,minimum
-0.07854396104812622,useful,family-00329-minimum,0.957880973815918,0.17462102390853335,1,0.7771844782739679,11,minimum
0.5438904762268066,useful,family-00329-minimum,0.9643496870994568,0.15386520026154085,2,0.7259213828347819,11,minimum
0.4950765073299408,useful,family-00329-minimum,0.9716690182685852,0.12889174811228518,3,0.7793538566740692,11,minimum
0.002140730619430542,redundant_or_uncertain,family-00329-sum_mod_10,0.9200815558433533,0.27857013889649007,0,0.47873863187469,11,sum_mod_10
-0.0015921182930469513,redundant_or_uncertain,family-00329-sum_mod_10,0.9572866559028625,0.17647344830189016,1,0.4188387499635898,11,sum_mod_10
-0.028581803664565086,useful,family-00329-sum_mod_10,0.9689527750015259,0.13836379116274083,2,0.5925622703706759,11,sum_mod_10
0.0018783528357744217,candidate_harmful,family-00329-sum_mod_10,0.9775227904319763,0.10752938869397297,3,0.6274841187282789,11,sum_mod_10
0.12166261672973633,useful,family-00330-maximum,0.933686375617981,0.243997324757376,0,0.43129878700693497,11,maximum
0.4927515685558319,useful,family-00330-maximum,0.9582325220108032,0.17352117290845387,1,0.5292399956900345,11,maximum
0.5608038306236267,useful,family-00330-maximum,0.9649280905723572,0.1519529102924444,2,0.9790095091579606,11,maximum
0.2673872113227844,useful,family-00330-maximum,0.9765380024909973,0.11122275960895578,3,0.5819286266629167,11,maximum
0.3415670394897461,useful,family-00330-minimum,0.9144240617752075,0.2921808606861063,0,0.5129630032483823,11,minimum
-0.157430499792099,useful,family-00330-minimum,0.9493346810340881,0.20046959442562381,1,0.8598224124356415,11,minimum
0.3606336712837219,useful,family-00330-minimum,0.9655621647834778,0.1498451993200149,2,0.7823640551982566,11,minimum
0.17397700250148773,useful,family-00330-minimum,0.9698136448860168,0.13538936143599378,3,0.6311310893327153,11,minimum
-0.020692169666290283,redundant_or_uncertain,family-00330-sum_mod_10,0.912865161895752,0.2958582804410451,0,0.38561696408403173,11,sum_mod_10
0.18403878808021545,redundant_or_uncertain,family-00330-sum_mod_10,0.9553028345108032,0.18259489326967598,1,0.4333198018826476,11,sum_mod_10
0.09497150033712387,useful,family-00330-sum_mod_10,0.9653951525688171,0.15040152489834657,2,0.4789191394347087,11,sum_mod_10
-0.03180296719074249,candidate_harmful,family-00330-sum_mod_10,0.9785329699516296,0.10369489689435775,3,0.4676347086396189,11,sum_mod_10
0.02015918493270874,useful,family-00331-maximum,0.9270985126495361,0.26108034344371944,0,0.48763281015317356,11,maximum
0.32840773463249207,useful,family-00331-maximum,0.9560755491256714,0.18022171918863641,1,0.7336623592234982,11,maximum
0.13460224866867065,useful,family-00331-maximum,0.961688220500946,0.162541270388777,2,0.40200911404982553,11,maximum
0.5714905261993408,useful,family-00331-maximum,0.974294900894165,0.11947991704939785,3,0.8016336892082876,11,maximum
0.17598892748355865,useful,family-00331-minimum,0.9225452542304993,0.2725085342026138,0,0.5580673224100124,11,minimum
0.19348640739917755,useful,family-00331-minimum,0.9450648427009583,0.21279775382163166,1,0.4633841923182344,11,minimum
0.08727160096168518,useful,family-00331-minimum,0.9624761343002319,0.15999339623110118,2,0.6472391945642604,11,minimum
0.11629414558410645,useful,family-00331-minimum,0.9725230932235718,0.12585916232444355,3,0.4777420704850547,11,minimum
0.00377693772315979,redundant_or_uncertain,family-00331-sum_mod_10,0.9266049265861511,0.2623337099213538,0,0.469797714875211,11,sum_mod_10
-0.008463647216558456,redundant_or_uncertain,family-00331-sum_mod_10,0.9685332775115967,0.13980424669620978,1,0.4425941612581312,11,sum_mod_10
-0.025559041649103165,useful,family-00331-sum_mod_10,0.9743642807006836,0.11922762355753103,2,0.5512023971037415,11,sum_mod_10
-0.010656189173460007,candidate_harmful,family-00331-sum_mod_10,0.9802742004394531,0.09697004779075227,3,0.8014369260907351,11,sum_mod_10
0.0766124427318573,useful,family-00332-maximum,0.9270114302635193,0.26130173358579645,0,0.44585756058423665,11,maximum
0.0010408759117126465,useful,family-00332-maximum,0.9703830480575562,0.13340812380167305,1,0.6679109677722027,11,maximum
0.07736024260520935,useful,family-00332-maximum,0.9708360433578491,0.13182387954452002,2,0.4783441151150363,11,maximum
0.2871840000152588,useful,family-00332-maximum,0.9786564111709595,0.10322304530939687,3,0.6065612661768732,11,maximum
0.4264335632324219,useful,family-00332-minimum,0.9224454164505005,0.27275580685158707,0,0.41695206273833835,11,minimum
0.17316144704818726,useful,family-00332-minimum,0.955583393573761,0.18173486466589125,1,0.4387502323950638,11,minimum
0.17829951643943787,useful,family-00332-minimum,0.9654237031936646,0.1503064806917869,2,0.6074996978719291,11,minimum
0.07258844375610352,useful,family-00332-minimum,0.9807162284851074,0.09523843858948204,3,0.6519042251525183,11,minimum
0.12434923648834229,redundant_or_uncertain,family-00332-sum_mod_10,0.9367702603340149,0.2357633025956523,0,0.6276751158229107,11,sum_mod_10
-0.013242363929748535,redundant_or_uncertain,family-00332-sum_mod_10,0.9598010182380676,0.1685760077585513,1,0.4456783617127295,11,sum_mod_10
0.04166412353515625,useful,family-00332-sum_mod_10,0.965950071811676,0.1485498191902711,2,0.4362925532136938,11,sum_mod_10
-0.2699196934700012,candidate_harmful,family-00332-sum_mod_10,0.9784068465232849,0.10417625198958821,3,0.6658605239037154,11,sum_mod_10
0.014865636825561523,useful,family-00333-maximum,0.9182172417640686,0.2831020396585095,0,0.5743386576022486,11,maximum
0.097190260887146,useful,family-00333-maximum,0.9399387836456299,0.22713592824995746,1,0.4510953993120487,11,maximum
0.5859997272491455,useful,family-00333-maximum,0.9479502439498901,0.20450695970113825,2,1.0185304461385576,11,maximum
0.1060442328453064,useful,family-00333-maximum,0.9682672023773193,0.14071488854964792,3,0.48682649583710796,11,maximum
0.1518496423959732,useful,family-00333-minimum,0.9224454164505005,0.27275580685158707,0,0.3977906203146333,11,minimum
0.1491117924451828,useful,family-00333-minimum,0.9546620845794678,0.18455215953109452,1,0.7820928771730364,11,minimum
0.2569984793663025,useful,family-00333-minimum,0.96112060546875,0.16436630381603146,2,0.5224368150013339,11,minimum
-0.00413966178894043,useful,family-00333-minimum,0.9763280749320984,0.11200454320934944,3,0.2799767859605959,11,minimum
0.06689279526472092,redundant_or_uncertain,family-00333-sum_mod_10,0.9105634689331055,0.3012322197131392,0,0.3805073831553597,11,sum_mod_10
-0.025480881333351135,redundant_or_uncertain,family-00333-sum_mod_10,0.9392067790031433,0.22914454293481026,1,0.26336626779765815,11,sum_mod_10
-0.018007636070251465,useful,family-00333-sum_mod_10,0.9534595012664795,0.18820012018191723,2,0.36480532642147273,11,sum_mod_10
0.12453187257051468,candidate_harmful,family-00333-sum_mod_10,0.9691241979598999,0.13777348580517898,3,0.48815675567991823,11,sum_mod_10
-0.03217381238937378,useful,family-00334-maximum,0.9266049265861511,0.2623337099213538,0,0.47774921751997756,11,maximum
-0.020891211926937103,useful,family-00334-maximum,0.9682640433311462,0.14072568650403577,1,0.7312021482010062,11,maximum
0.0024941451847553253,useful,family-00334-maximum,0.9746378064155579,0.11823108927526521,2,0.38286994188731405,11,maximum
0.0037602484226226807,useful,family-00334-maximum,0.9759359955787659,0.11345957788942233,3,0.49045956276040326,11,maximum
0.09064626693725586,useful,family-00334-minimum,0.9339317679405212,0.2433478377442233,0,0.5936863098856915,11,minimum
0.21204650402069092,useful,family-00334-minimum,0.9619987607002258,0.16153910805946917,1,0.6957425574453846,11,minimum
0.20386791229248047,useful,family-00334-minimum,0.9709031581878662,0.1315885474259764,2,0.8208738800983503,11,minimum
-0.04556751251220703,useful,family-00334-minimum,0.970678985118866,0.13237396900078544,3,0.4140249014605838,11,minimum
0.03515392169356346,redundant_or_uncertain,family-00334-sum_mod_10,0.9299190044403076,0.25384840690464694,0,0.44526045151673094,11,sum_mod_10
0.02006801962852478,redundant_or_uncertain,family-00334-sum_mod_10,0.9612287878990173,0.16401913727532044,1,0.5110681144307279,11,sum_mod_10
-0.004089079797267914,useful,family-00334-sum_mod_10,0.975341260433197,0.11565422094303239,2,0.7570429754199163,11,sum_mod_10
-0.12220332026481628,candidate_harmful,family-00334-sum_mod_10,0.9825579524040222,0.08790965160911617,3,0.4471109541695272,11,sum_mod_10
0.20026510953903198,useful,family-00335-maximum,0.9224527478218079,0.27273765366175906,0,0.4626949830862498,11,maximum
0.8720471858978271,useful,family-00335-maximum,0.9410672783851624,0.2240207135200083,1,0.7077899907559838,11,maximum
0.070503830909729,useful,family-00335-maximum,0.9500259757041931,0.19843875236627262,2,0.5449071869555853,11,maximum
0.10232406854629517,useful,family-00335-maximum,0.9647236466407776,0.15262995461272272,3,0.7043835481182841,11,maximum
0.06356090307235718,useful,family-00335-minimum,0.933686375617981,0.243997324757376,0,0.5106805161288195,11,minimum
0.014609038829803467,useful,family-00335-minimum,0.958056628704071,0.17407185580442097,1,0.5116798462173132,11,minimum
0.65627521276474,useful,family-00335-minimum,0.963783860206604,0.15572649262627236,2,1.0660834037520945,11,minimum
0.14321482181549072,useful,family-00335-minimum,0.9755302667617798,0.1149583761522635,3,0.7627228670248688,11,minimum
0.0006407350301742554,redundant_or_uncertain,family-00335-sum_mod_10,0.9339317679405212,0.2433478377442233,0,0.4287381162849722,11,sum_mod_10
-0.0018084552139043808,redundant_or_uncertain,family-00335-sum_mod_10,0.9637128710746765,0.15595936153573503,1,0.5246186503462019,11,sum_mod_10
-0.049702271819114685,useful,family-00335-sum_mod_10,0.9744458794593811,0.11893065028993906,2,0.8201338288310671,11,sum_mod_10
0.013976912014186382,candidate_harmful,family-00335-sum_mod_10,0.9793304800987244,0.10063345224122491,3,0.41529718363970963,11,sum_mod_10
0.16529256105422974,useful,family-00336-maximum,0.9144240617752075,0.2921808606861063,0,0.5752910817404785,11,maximum
0.05745421350002289,useful,family-00336-maximum,0.9469688534736633,0.20734535231335038,1,0.419074785636096,11,maximum
0.07926885783672333,useful,family-00336-maximum,0.9630754590034485,0.1580438695803596,2,1.0295065241931465,11,maximum
0.07307495176792145,useful,family-00336-maximum,0.9752123355865479,0.11612801721515001,3,0.4273158652046243,11,maximum
0.018353283405303955,useful,family-00336-minimum,0.9224454164505005,0.27275580685158707,0,0.3540438784862221,11,minimum
0.23841679096221924,useful,family-00336-minimum,0.9554236531257629,0.18222476130065907,1,0.6265262982979021,11,minimum
0.6565549969673157,useful,family-00336-minimum,0.9649055600166321,0.15202758376977468,2,0.8213402982912243,11,minimum
0.14923202991485596,useful,family-00336-minimum,0.9794360399246216,0.10022590467268322,3,0.5326737581191917,11,minimum
-0.18074841797351837,redundant_or_uncertain,family-00336-sum_mod_10,0.91448575258255,0.292034697609945,0,0.3611912507908045,11,sum_mod_10
-0.17435713112354279,redundant_or_uncertain,family-00336-sum_mod_10,0.9510245323181152,0.19548744909257457,1,0.540871452039579,11,sum_mod_10
0.20191456377506256,useful,family-00336-sum_mod_10,0.9772182106971741,0.10867631993254206,2,0.7774087102048934,11,sum_mod_10
-0.02146945893764496,candidate_harmful,family-00336-sum_mod_10,0.9741849303245544,0.11987942167296058,3,0.44473662884420984,11,sum_mod_10
-0.0020186305046081543,useful,family-00337-maximum,0.9224454164505005,0.27275580685158707,0,0.34616818832085733,11,maximum
0.8080278635025024,useful,family-00337-maximum,0.9555840492248535,0.18173285265866831,1,1.0987984839690375,11,maximum
0.02750498056411743,useful,family-00337-maximum,0.9632689952850342,0.15741217080900055,2,0.4283972759481712,11,maximum
0.16231489181518555,useful,family-00337-maximum,0.9704889059066772,0.13303855417224186,3,0.5776992946423651,11,maximum
0.0011160066351294518,useful,family-00337-minimum,0.9224527478218079,0.27273765366175906,0,0.45366734662940783,11,minimum
-0.014226797968149185,useful,family-00337-minimum,0.9410091042518616,0.22418186132838325,1,0.8866060600911774,11,minimum
-0.005593076813966036,useful,family-00337-minimum,0.9548714756965637,0.18391359279569605,2,0.5986558799183301,11,minimum
-0.0009405603632330894,useful,family-00337-minimum,0.9571108818054199,0.17701965662522517,3,0.42286987253871006,11,minimum
-0.010077258571982384,redundant_or_uncertain,family-00337-sum_mod_10,0.9246373772621155,0.26729453609831455,0,0.387870382023557,11,sum_mod_10
-0.0035402812063694,redundant_or_uncertain,family-00337-sum_mod_10,0.9633187651634216,0.1572495519557988,1,0.49466128692420036,11,sum_mod_10
-0.057421885430812836,useful,family-00337-sum_mod_10,0.9763239026069641,0.11202006183332162,2,0.8010158417448642,11,sum_mod_10
0.0007284320890903473,candidate_harmful,family-00337-sum_mod_10,0.9834393858909607,0.08433329858907249,3,0.4333257976293947,11,sum_mod_10
0.13718655705451965,useful,family-00338-maximum,0.9299190044403076,0.25384840690464694,0,0.41216676542292396,11,maximum
0.42271265387535095,useful,family-00338-maximum,0.9612846374511719,0.16383978849760877,1,0.9200448162162741,11,maximum
0.04192095994949341,useful,family-00338-maximum,0.9721131920814514,0.12731796563032036,2,0.44260651671581797,11,maximum
-0.06291607022285461,useful,family-00338-maximum,0.9808881878852844,0.09456202272205094,3,0.46528150590428846,11,maximum
-0.07188186049461365,useful,family-00338-minimum,0.9294945001602173,0.25494455972687663,0,0.3359879351544244,11,minimum
-0.012557711452245712,useful,family-00338-minimum,0.9623852372169495,0.1602882004403162,1,0.5834460015239187,11,minimum
-0.0013983603566884995,useful,family-00338-minimum,0.9755489826202393,0.11488939068962868,2,0.6343019357476827,11,minimum
0.008135603740811348,useful,family-00338-minimum,0.9791957139968872,0.10115296036780642,3,0.7235735056394149,11,minimum
0.0016109347343444824,redundant_or_uncertain,family-00338-sum_mod_10,0.9270985126495361,0.26108034344371944,0,0.32058840909137354,11,sum_mod_10
0.009733147919178009,redundant_or_uncertain,family-00338-sum_mod_10,0.9573589563369751,0.1762485595304302,1,0.5026080531809886,11,sum_mod_10
-0.08586438745260239,useful,family-00338-sum_mod_10,0.9705520868301392,0.1328177913393457,2,0.447140145745756,11,sum_mod_10
-0.01888931542634964,candidate_harmful,family-00338-sum_mod_10,0.9800698757171631,0.09776704484645846,3,0.7367720291577227,11,sum_mod_10
0.009829103946685791,useful,family-00339-maximum,0.9224454164505005,0.27275580685158707,0,0.37632053673018234,11,maximum
-0.021224230527877808,useful,family-00339-maximum,0.9532169103622437,0.18893202788847535,1,0.4583753218793341,11,maximum
0.03751210495829582,useful,family-00339-maximum,0.9675189256668091,0.1432635730039924,2,0.9315628727800738,11,maximum
-0.002425171434879303,useful,family-00339-maximum,0.9773982167243958,0.1079989929525531,3,0.45015244992825987,11,maximum
0.0646514892578125,useful,family-00339-minimum,0.9266049265861511,0.2623337099213538,0,0.3638701087850199,11,minimum
0.5822736024856567,useful,family-00339-minimum,0.9689738154411316,0.1382913898271204,1,0.8629161379488317,11,minimum
0.2757161557674408,useful,family-00339-minimum,0.9779992699623108,0.10572665780589645,2,0.7534031144848795,11,minimum
-0.017169535160064697,useful,family-00339-minimum,0.9790964722633362,0.1015349557428103,3,0.394159524988478,11,minimum
0.015300989151000977,redundant_or_uncertain,family-00339-sum_mod_10,0.91448575258255,0.292034697609945,0,0.3796705950233587,11,sum_mod_10
-0.02046380192041397,redundant_or_uncertain,family-00339-sum_mod_10,0.9507327675819397,0.19635197547542635,1,0.540367936053094,11,sum_mod_10
-0.006783530116081238,useful,family-00339-sum_mod_10,0.9767590761184692,0.1103973876216581,2,0.6001134469586182,11,sum_mod_10
0.024923309683799744,candidate_harmful,family-00339-sum_mod_10,0.9729079604148865,0.12448373082061959,3,0.5503118662732148,11,sum_mod_10
-0.06955374777317047,useful,family-00340-maximum,0.9232639074325562,0.2707244879911957,0,0.501283801839635,11,maximum
0.03476154804229736,useful,family-00340-maximum,0.9598470330238342,0.16842998071705176,1,0.6895804971015034,11,maximum
-0.017913661897182465,useful,family-00340-maximum,0.9722961783409119,0.1266675042467414,2,0.4031681558619057,11,maximum
0.009117968380451202,useful,family-00340-maximum,0.9727917313575745,0.12489969692548851,3,0.4014913192899202,11,maximum
-0.14963167905807495,useful,family-00340-minimum,0.9246373772621155,0.26729453609831455,0,0.5943456322616849,11,minimum
-0.12467366456985474,useful,family-00340-minimum,0.9593034386634827,0.17015157432013203,1,0.6170317784850617,11,minimum
0.6017270088195801,useful,family-00340-minimum,0.9732036590576172,0.12342315478115908,2,1.029504567315141,11,minimum
0.26326653361320496,useful,family-00340-minimum,0.971767246723175,0.12854432925428388,3,0.49201691519186913,11,minimum
-0.0003017522394657135,redundant_or_uncertain,family-00340-sum_mod_10,0.9339317679405212,0.2433478377442233,0,0.5142926055838342,11,sum_mod_10
-0.025789201259613037,redundant_or_uncertain,family-00340-sum_mod_10,0.9622901082038879,0.16059648554159225,1,0.4326588201356942,11,sum_mod_10
-0.017587818205356598,useful,family-00340-sum_mod_10,0.9719522595405579,0.12788901154574014,2,0.8546082248763411,11,sum_mod_10
0.015972096472978592,candidate_harmful,family-00340-sum_mod_10,0.9750832319259644,0.11660178158825932,3,0.35841311184422775,11,sum_mod_10
0.125474214553833,useful,family-00341-maximum,0.9299190044403076,0.25384840690464694,0,0.5623623784100388,11,maximum
0.7237250208854675,useful,family-00341-maximum,0.9587202072143555,0.17199028621248943,1,0.8260160347338686,11,maximum
0.04231506586074829,useful,family-00341-maximum,0.9709286689758301,0.1314990543385895,2,0.5786903249434535,11,maximum
0.16826051473617554,useful,family-00341-maximum,0.9755676984786987,0.11482039054200806,3,0.48876165166521157,11,maximum
0.040383875370025635,useful,family-00341-minimum,0.9294945001602173,0.25494455972687663,0,0.42879484395675554,11,minimum
-0.05082111805677414,useful,family-00341-minimum,0.9611133337020874,0.1643896282853849,1,0.7528498157390525,11,minimum
0.09773494303226471,useful,family-00341-minimum,0.9738028049468994,0.12126389310791791,2,0.8347350489836052,11,minimum
0.06721916049718857,useful,family-00341-minimum,0.9750037789344788,0.11689300448516686,3,0.6557703272920452,11,minimum
0.07834114134311676,redundant_or_uncertain,family-00341-sum_mod_10,0.91448575258255,0.292034697609945,0,0.4441462993582956,11,sum_mod_10
-0.11316311359405518,redundant_or_uncertain,family-00341-sum_mod_10,0.9512729048728943,0.19475005807580736,1,0.5356251222805186,11,sum_mod_10
-0.04854363203048706,useful,family-00341-sum_mod_10,0.9785163402557373,0.10375840803911394,2,0.42291518098478875,11,sum_mod_10
0.1316826343536377,candidate_harmful,family-00341-sum_mod_10,0.9765512943267822,0.11117319539268429,3,0.5632857344465514,11,sum_mod_10
0.16804084181785583,useful,family-00342-maximum,0.9367702603340149,0.2357633025956523,0,0.5197943287346638,11,maximum
0.5194743871688843,useful,family-00342-maximum,0.9594917297363281,0.16955610777553856,1,0.7195082944841328,11,maximum
0.17475226521492004,useful,family-00342-maximum,0.964419960975647,0.15363338650964775,2,0.6862655642836497,11,maximum
-0.02803218364715576,useful,family-00342-maximum,0.9797379970550537,0.09905703793928812,3,0.47965380315914075,11,maximum
0.08554777503013611,useful,family-00342-minimum,0.9270985126495361,0.26108034344371944,0,0.37726444802131776,11,minimum
0.212896466255188,useful,family-00342-minimum,0.9575573205947876,0.17563089402795562,1,0.692115079421087,11,minimum
0.3876384496688843,useful,family-00342-minimum,0.9637806415557861,0.15573705403696592,2,0.729933549473245,11,minimum
0.08235952258110046,useful,family-00342-minimum,0.9799972772598267,0.09804970950609831,3,0.4173236629868677,11,minimum
-0.014915487729012966,redundant_or_uncertain,family-00342-sum_mod_10,0.9286940097808838,0.25700411261546163,0,0.46287810325485323,11,sum_mod_10
-0.01112732756882906,redundant_or_uncertain,family-00342-sum_mod_10,0.9624435305595398,0.16009916540254518,1,0.3593013171695265,11,sum_mod_10
-0.006903345696628094,useful,family-00342-sum_mod_10,0.9756959080696106,0.11434732182574305,2,0.5073288122847666,11,sum_mod_10
-0.00793017540127039,candidate_harmful,family-00342-sum_mod_10,0.9842678904533386,0.08092823424026184,3,0.5746301902130249,11,sum_mod_10
0.09998667240142822,useful,family-00343-maximum,0.9266049265861511,0.2623337099213538,0,0.4465372973862833,11,maximum
0.8594894409179688,useful,family-00343-maximum,0.9690878987312317,0.13789856618386026,1,0.8427020634540048,11,maximum
0.08055812120437622,useful,family-00343-maximum,0.971853494644165,0.12823899376689685,2,0.4776565019813263,11,maximum
0.1759357452392578,useful,family-00343-maximum,0.9739011526107788,0.12090812177222067,3,0.7026208446465445,11,maximum
0.06401132047176361,useful,family-00343-minimum,0.9273236989974976,0.26050733014740535,0,0.49492984916459903,11,minimum
-0.23170199990272522,useful,family-00343-minimum,0.9629614949226379,0.15841535311867838,1,0.6291725100587091,11,minimum
0.13261175155639648,useful,family-00343-minimum,0.9735842347145081,0.12205321232686303,2,0.7656581915220315,11,minimum
0.0054544806480407715,useful,family-00343-minimum,0.9746846556663513,0.11806010101113323,3,0.4110212602385264,11,minimum
0.008980046957731247,redundant_or_uncertain,family-00343-sum_mod_10,0.9299190044403076,0.25384840690464694,0,0.5153132868676309,11,sum_mod_10
-0.009182211011648178,redundant_or_uncertain,family-00343-sum_mod_10,0.9620206952095032,0.16146822242760567,1,0.5097263870338699,11,sum_mod_10
-0.09238242357969284,useful,family-00343-sum_mod_10,0.9760129451751709,0.11317453197150523,2,0.5795447735123677,11,sum_mod_10
-0.006708059459924698,candidate_harmful,family-00343-sum_mod_10,0.9773373007774353,0.10822837120800208,3,0.38072839158452526,11,sum_mod_10
0.08894550800323486,useful,family-00344-maximum,0.9225452542304993,0.2725085342026138,0,0.5034975194190583,11,maximum
0.8149293661117554,useful,family-00344-maximum,0.9468495845794678,0.20768898986797063,1,0.5862625042998701,11,maximum
0.11233586072921753,useful,family-00344-maximum,0.9602500200271606,0.16714875506644125,2,0.5030161689250074,11,maximum
0.11325240135192871,useful,family-00344-maximum,0.9691155552864075,0.13780327083994323,3,0.6253712986565886,11,maximum
0.23763635754585266,useful,family-00344-minimum,0.9273354411125183,0.26047743032554316,0,0.5717327514966696,11,minimum
-0.050998687744140625,useful,family-00344-minimum,0.9563193917274475,0.179469885592851,1,0.5848666173382627,11,minimum
0.3337145447731018,useful,family-00344-minimum,0.9614602327346802,0.1632753556145007,2,0.7950658616876802,11,minimum
0.05216589570045471,useful,family-00344-minimum,0.9721401333808899,0.1272222751035563,3,0.3589041732231371,11,minimum
-0.1361827850341797,redundant_or_uncertain,family-00344-sum_mod_10,0.9200815558433533,0.27857013889649007,0,0.5746242018813058,11,sum_mod_10
-0.09911364316940308,redundant_or_uncertain,family-00344-sum_mod_10,0.9591999053955078,0.17047860888456962,1,0.48459923588486153,11,sum_mod_10
-0.06337955594062805,useful,family-00344-sum_mod_10,0.9710530638694763,0.13106234030275596,2,0.5204108386224906,11,sum_mod_10
0.10802216827869415,candidate_harmful,family-00344-sum_mod_10,0.9743267297744751,0.11936419805108792,3,0.6248793217170853,11,sum_mod_10
-0.09210634231567383,useful,family-00345-maximum,0.9273354411125183,0.26047743032554316,0,0.4500675507640053,11,maximum
0.035904690623283386,useful,family-00345-maximum,0.9558866620063782,0.18080313639952816,1,0.5929356506046832,11,maximum
-0.1042843759059906,useful,family-00345-maximum,0.9633643627166748,0.15710050429153416,2,0.9575996191446897,11,maximum
0.0577855259180069,useful,family-00345-maximum,0.9685583114624023,0.13971844876043604,3,0.6718627478544149,11,maximum
0.1415863037109375,useful,family-00345-minimum,0.9232639074325562,0.2707244879911957,0,0.4468891525477854,11,minimum
0.4401806890964508,useful,family-00345-minimum,0.9640985727310181,0.15469238409214825,1,0.8385812855367921,11,minimum
0.28437191247940063,useful,family-00345-minimum,0.9763475060462952,0.1119322608361541,2,0.5849136843818639,11,minimum
-0.04520881175994873,useful,family-00345-minimum,0.974545419216156,0.11856801982529269,3,0.48261126195714427,11,minimum
0.18032924830913544,redundant_or_uncertain,family-00345-sum_mod_10,0.9246373772621155,0.26729453609831455,0,0.6231530504110449,11,sum_mod_10
0.23142412304878235,redundant_or_uncertain,family-00345-sum_mod_10,0.9602791666984558,0.16705592390230284,1,0.4143857270364599,11,sum_mod_10
0.09450313448905945,useful,family-00345-sum_mod_10,0.9702578783035278,0.13384461192763575,2,0.4935366623190117,11,sum_mod_10
-0.01961454749107361,candidate_harmful,family-00345-sum_mod_10,0.9686694741249084,0.13933721627088339,3,0.5906958654127448,11,sum_mod_10
-0.01742500066757202,useful,family-00346-maximum,0.9232639074325562,0.2707244879911957,0,0.6183160671263386,11,maximum
0.8919293880462646,useful,family-00346-maximum,0.9609009623527527,0.16507019451691918,1,0.943878463641568,11,maximum
0.031494855880737305,useful,family-00346-maximum,0.9705294370651245,0.13289694877729952,2,0.4001159865568044,11,maximum
0.05524986982345581,useful,family-00346-maximum,0.9713084101676941,0.13016416689009974,3,0.4924186964366333,11,maximum
0.05637383460998535,useful,family-00346-minimum,0.9246373772621155,0.26729453609831455,0,0.516226120656097,11,minimum
-0.02924591302871704,useful,family-00346-minimum,0.9606503248214722,0.16587184480743727,1,0.8135439562363593,11,minimum
0.5968048572540283,useful,family-00346-minimum,0.9707770943641663,0.13203044764655064,2,0.8976668303349149,11,minimum
0.10960888862609863,useful,family-00346-minimum,0.9719103574752808,0.12803753888228459,3,0.5128019726987869,11,minimum
0.026523558422923088,redundant_or_uncertain,family-00346-sum_mod_10,0.9225452542304993,0.2725085342026138,0,0.5669056186347163,11,sum_mod_10
-0.005031593143939972,redundant_or_uncertain,family-00346-sum_mod_10,0.9469186067581177,0.20749015765275605,1,0.38108398476233835,11,sum_mod_10
0.02903469279408455,useful,family-00346-sum_mod_10,0.963448703289032,0.15682465951213223,2,0.47024321916902584,11,sum_mod_10
-0.07612939178943634,candidate_harmful,family-00346-sum_mod_10,0.9755692481994629,0.1148146764953281,3,0.5142142125388226,11,sum_mod_10
-0.04523542523384094,useful,family-00347-maximum,0.9339317679405212,0.2433478377442233,0,0.5557449182448716,11,maximum
0.09540194272994995,useful,family-00347-maximum,0.9629881381988525,0.15832853789567533,1,0.4492867687992485,11,maximum
0.12960822880268097,useful,family-00347-maximum,0.9698580503463745,0.13523525349782714,2,0.3520053039509428,11,maximum
0.18433354794979095,useful,family-00347-maximum,0.9707480669021606,0.13213212018112822,3,0.3904778843583761,11,maximum
0.0627337396144867,useful,family-00347-minimum,0.933686375617981,0.243997324757376,0,0.5770799549622806,11,minimum
-0.03226718306541443,useful,family-00347-minimum,0.9620345234870911,0.1614235268925019,1,0.29957596346294757,11,minimum
0.2045392394065857,useful,family-00347-minimum,0.96914142370224,0.13771411370306536,2,0.785590350157708,11,minimum
-0.021480709314346313,useful,family-00347-minimum,0.9775296449661255,0.10750352875943144,3,0.6666583285808675,11,minimum
-0.015564898028969765,redundant_or_uncertain,family-00347-sum_mod_10,0.9200815558433533,0.27857013889649007,0,0.5301280391174976,11,sum_mod_10
-0.007164273411035538,redundant_or_uncertain,family-00347-sum_mod_10,0.959823489189148,0.16850470348534902,1,0.39613743452313827,11,sum_mod_10
-0.003930298611521721,useful,family-00347-sum_mod_10,0.9707105755805969,0.13226339459809971,2,0.4621241048418661,11,sum_mod_10
-0.040862902998924255,candidate_harmful,family-00347-sum_mod_10,0.9764682054519653,0.11148290084886123,3,0.6688356565020049,11,sum_mod_10
0.13136160373687744,useful,family-00348-maximum,0.9224454164505005,0.27275580685158707,0,0.43260425891351556,11,maximum
0.705248236656189,useful,family-00348-maximum,0.9544305801391602,0.18525698492743037,1,0.777555008813639,11,maximum
0.04158085584640503,useful,family-00348-maximum,0.9645681381225586,0.15314411978269088,2,0.8224974729986894,11,maximum
0.18741893768310547,useful,family-00348-maximum,0.9691005349159241,0.13785502923908757,3,0.527412415574319,11,maximum
0.24150484800338745,useful,family-00348-minimum,0.9232639074325562,0.2707244879911957,0,0.5281455579587818,11,minimum
0.17435914278030396,useful,family-00348-minimum,0.9624547958374023,0.1600626232565687,1,0.7528257216646349,11,minimum
0.44312894344329834,useful,family-00348-minimum,0.9743413925170898,0.11931087567583218,2,0.6347918854882111,11,minimum
0.07989877462387085,useful,family-00348-minimum,0.9713959097862244,0.12985585223499385,3,0.4420352563589936,11,minimum
-0.0008512549102306366,redundant_or_uncertain,family-00348-sum_mod_10,0.9246373772621155,0.26729453609831455,0,0.6949978139889751,11,sum_mod_10
-0.0042550228536129,redundant_or_uncertain,family-00348-sum_mod_10,0.9589105248451233,0.1713912359305496,1,0.4145280671665177,11,sum_mod_10
0.003949083387851715,useful,family-00348-sum_mod_10,0.9698339700698853,0.1353188318051727,2,0.467631170150625,11,sum_mod_10
0.00839509442448616,candidate_harmful,family-00348-sum_mod_10,0.9706569910049438,0.1324509331142228,3,0.5588129591467172,11,sum_mod_10
0.029891550540924072,useful,family-00349-maximum,0.9144240617752075,0.2921808606861063,0,0.5087853588513581,11,maximum
0.8333414793014526,useful,family-00349-maximum,0.9488758444786072,0.20181204170184172,1,1.2652437835998496,11,maximum
0.008467137813568115,useful,family-00349-maximum,0.9602211117744446,0.1672408048912603,2,0.5216192905819865,11,maximum
0.08669477701187134,useful,family-00349-maximum,0.9557762145996094,0.18114271452562902,3,0.5800709351139876,11,maximum
0.24692143499851227,useful,family-00349-minimum,0.9266049265861511,0.2623337099213538,0,0.5665391611259163,11,minimum
0.07334879040718079,useful,family-00349-minimum,0.9666430950164795,0.14622411010817504,1,0.9136220829783529,11,minimum
0.3310149908065796,useful,family-00349-minimum,0.970750093460083,0.1321250228571119,2,0.6702606348591194,11,minimum
0.1748991310596466,useful,family-00349-minimum,0.9714822173118591,0.12955146811859541,3,0.38955477268732086,11,minimum
0.1802784502506256,redundant_or_uncertain,family-00349-sum_mod_10,0.9270114302635193,0.26130173358579645,0,0.5004735039191341,11,sum_mod_10
-0.05441746115684509,redundant_or_uncertain,family-00349-sum_mod_10,0.9710375666618347,0.13111677643179998,1,0.4058723779018324,11,sum_mod_10
-0.011109679937362671,useful,family-00349-sum_mod_10,0.9753310680389404,0.11569170290387873,2,0.663205821660903,11,sum_mod_10
0.200454443693161,candidate_harmful,family-00349-sum_mod_10,0.9824603199958801,0.0883029571521293,3,0.612055033875957,11,sum_mod_10
0.00042244791984558105,useful,family-00350-maximum,0.9224527478218079,0.27273765366175906,0,0.5608343894475936,11,maximum
0.34469863772392273,useful,family-00350-maximum,0.9414092898368835,0.22307207389889713,1,0.7215827587487467,11,maximum
-0.014073282480239868,useful,family-00350-maximum,0.9546326398849487,0.18464187379631325,2,0.3240352418217147,11,maximum
-0.04637482762336731,useful,family-00350-maximum,0.965690553188324,0.1494169613970482,3,0.40317475428997307,11,maximum
0.035394370555877686,useful,family-00350-minimum,0.9339317679405212,0.2433478377442233,0,0.47243822652798106,11,minimum
0.005419373512268066,useful,family-00350-minimum,0.9644559025764465,0.1535147696683567,1,0.6030235348993239,11,minimum
0.600305438041687,useful,family-00350-minimum,0.9729984402656555,0.12415956252813914,2,1.0380358800187777,11,minimum
0.3004891276359558,useful,family-00350-minimum,0.9818843007087708,0.09061225153902537,3,0.8700347662431992,11,minimum
-0.0046946704387664795,redundant_or_uncertain,family-00350-sum_mod_10,0.9246373772621155,0.26729453609831455,0,0.5834400813612313,11,sum_mod_10
-0.0014372151345014572,redundant_or_uncertain,family-00350-sum_mod_10,0.9614294767379761,0.1633742775930079,1,0.34335220613050305,11,sum_mod_10
-0.015196399763226509,useful,family-00350-sum_mod_10,0.9740906953811646,0.12022137873964704,2,0.7639010928438179,11,sum_mod_10
0.0025549400597810745,candidate_harmful,family-00350-sum_mod_10,0.9786384701728821,0.10329166962485128,3,0.625699830666165,11,sum_mod_10
0.024557948112487793,useful,family-00351-maximum,0.933686375617981,0.243997324757376,0,0.43913086620280883,11,maximum
0.6252235174179077,useful,family-00351-maximum,0.9584943056106567,0.17270015424002644,1,0.8603670312529015,11,maximum
-0.022422373294830322,useful,family-00351-maximum,0.9662290215492249,0.14761546699657344,2,0.712465700512396,11,maximum
0.18194419145584106,useful,family-00351-maximum,0.9742986559867859,0.11946626691363041,3,0.3993747477760155,11,maximum
-0.050267815589904785,useful,family-00351-minimum,0.9224454164505005,0.27275580685158707,0,0.36164385903599017,11,minimum
0.10957717895507812,useful,family-00351-minimum,0.9554752111434937,0.1820667072587824,1,0.9172940399654193,11,minimum
0.48102885484695435,useful,family-00351-minimum,0.9632641673088074,0.15742794208502975,2,0.8167359782523463,11,minimum
0.191253662109375,useful,family-00351-minimum,0.9726419448852539,0.12543500749668898,3,0.42709032354265947,11,minimum
0.03220997750759125,redundant_or_uncertain,family-00351-sum_mod_10,0.9224527478218079,0.27273765366175906,0,0.4388240820367807,11,sum_mod_10
-0.03751236945390701,redundant_or_uncertain,family-00351-sum_mod_10,0.9417890310287476,0.2220162980122503,1,0.5272232882147774,11,sum_mod_10
0.008843507617712021,useful,family-00351-sum_mod_10,0.9547814726829529,0.1841881936627939,2,0.6523479121028686,11,sum_mod_10
0.015453632920980453,candidate_harmful,family-00351-sum_mod_10,0.9639423489570618,0.15520607330721964,3,0.44336722867075945,11,sum_mod_10
0.2472989559173584,useful,family-00352-maximum,0.9232639074325562,0.2707244879911957,0,0.6940141856440538,11,maximum
0.28182104229927063,useful,family-00352-maximum,0.958642303943634,0.17223523299019894,1,0.5872555488390099,11,maximum
0.0045909881591796875,useful,family-00352-maximum,0.9678833484649658,0.14202457318288012,2,0.4229150594910746,11,maximum
0.10525244474411011,useful,family-00352-maximum,0.9699605703353882,0.13487920288356647,3,0.5060503092194573,11,maximum
0.004660904407501221,useful,family-00352-minimum,0.9270114302635193,0.26130173358579645,0,0.7677189005882177,11,minimum
0.12934231758117676,useful,family-00352-minimum,0.967512845993042,0.14328420729924154,1,0.49691275578816374,11,minimum
0.33076775074005127,useful,family-00352-minimum,0.9698787927627563,0.13516324440110344,2,0.8625080928895262,11,minimum
-0.05724775791168213,useful,family-00352-minimum,0.9748997688293457,0.1172738464001998,3,0.40247674370847697,11,minimum
-0.007989281788468361,redundant_or_uncertain,family-00352-sum_mod_10,0.9270114302635193,0.26130173358579645,0,0.6772916724040015,11,sum_mod_10
-0.0024968842044472694,redundant_or_uncertain,family-00352-sum_mod_10,0.9694442749023438,0.13666864856047,1,0.36732982916814416,11,sum_mod_10
-0.023973561823368073,useful,family-00352-sum_mod_10,0.9716936349868774,0.12880471554462208,2,0.6678006902958773,11,sum_mod_10
-0.003198256716132164,candidate_harmful,family-00352-sum_mod_10,0.9776324033737183,0.10711559785823174,3,0.5122712755093791,11,sum_mod_10
0.09421497583389282,useful,family-00353-maximum,0.9225452542304993,0.2725085342026138,0,0.518049259344848,11,maximum
0.8382865190505981,useful,family-00353-maximum,0.9450600147247314,0.21281148967236468,1,0.5768384305416461,11,maximum
0.11445248126983643,useful,family-00353-maximum,0.9573401808738708,0.17630697245985658,2,0.4344222435408275,11,maximum
0.2091149091720581,useful,family-00353-maximum,0.9661222696304321,0.1479733170394697,3,0.6913995898680069,11,maximum
0.4189896881580353,useful,family-00353-minimum,0.9294945001602173,0.25494455972687663,0,0.5878905480165545,11,minimum
0.030718088150024414,useful,family-00353-minimum,0.9596449732780457,0.16907080520286782,1,0.43606601745997176,11,minimum
0.32464325428009033,useful,family-00353-minimum,0.973892331123352,0.12094004889779736,2,0.809954984455833,11,minimum
0.03696298599243164,useful,family-00353-minimum,0.9718183875083923,0.12836331306410245,3,0.6644945371287301,11,minimum
-0.046005621552467346,redundant_or_uncertain,family-00353-sum_mod_10,0.9246373772621155,0.26729453609831455,0,0.6278019611847684,11,sum_mod_10
0.004961036145687103,redundant_or_uncertain,family-00353-sum_mod_10,0.9602969884872437,0.16699915113498662,1,0.48921158416491856,11,sum_mod_10
0.03537147492170334,useful,family-00353-sum_mod_10,0.9724105000495911,0.12626049438309161,2,0.44393485475366856,11,sum_mod_10
0.011530254036188126,candidate_harmful,family-00353-sum_mod_10,0.9730912446975708,0.12382674207653646,3,0.5591356772325589,11,sum_mod_10
0.10925120115280151,useful,family-00354-maximum,0.9224454164505005,0.27275580685158707,0,0.36816071767919556,11,maximum
0.7599894404411316,useful,family-00354-maximum,0.9537178874015808,0.18741909882913793,1,0.7728351198131771,11,maximum
0.11272639036178589,useful,family-00354-maximum,0.9640986919403076,0.15469199184373067,2,0.7598535503693004,11,maximum
0.1589239239692688,useful,family-00354-maximum,0.9733922481536865,0.12274499741996162,3,0.47011857075840724,11,maximum
0.0026983022689819336,useful,family-00354-minimum,0.9270985126495361,0.26108034344371944,0,0.4319817117404925,11,minimum
0.045095622539520264,useful,family-00354-minimum,0.9558383822441101,0.18095161138838284,1,0.9336773475910988,11,minimum
0.5821195244789124,useful,family-00354-minimum,0.9649314880371094,0.1519416487049209,2,0.8211742977272972,11,minimum
0.08975744247436523,useful,family-00354-minimum,0.9675660729408264,0.14310351612388164,3,0.48010508821943215,11,minimum
-0.028464585542678833,redundant_or_uncertain,family-00354-sum_mod_10,0.91448575258255,0.292034697609945,0,0.3413647484693773,11,sum_mod_10
-0.04390367120504379,redundant_or_uncertain,family-00354-sum_mod_10,0.9507158398628235,0.1964020780223523,1,0.524963321983306,11,sum_mod_10
0.0023351460695266724,useful,family-00354-sum_mod_10,0.9770879745483398,0.10916546462754045,2,0.7898757249616439,11,sum_mod_10
0.0508703738451004,candidate_harmful,family-00354-sum_mod_10,0.9749637842178345,0.11703950099644227,3,0.5170080192162195,11,sum_mod_10
0.20291870832443237,useful,family-00355-maximum,0.9144240617752075,0.2921808606861063,0,0.40546769416986406,11,maximum
0.7740421295166016,useful,family-00355-maximum,0.9508625268936157,0.19596771142628203,1,1.2542772272801856,11,maximum
0.0555950403213501,useful,family-00355-maximum,0.9599828124046326,0.16799876699146365,2,0.3588746361861853,11,maximum
0.04466962814331055,useful,family-00355-maximum,0.9685648083686829,0.13969617879051674,3,0.39532398483203296,11,maximum
0.10415742546319962,useful,family-00355-minimum,0.9299190044403076,0.25384840690464694,0,0.48824588262004637,11,minimum
0.11928395181894302,useful,family-00355-minimum,0.9605823159217834,0.1660890804462962,1,0.7017682427260358,11,minimum
0.15053126215934753,useful,family-00355-minimum,0.9720216393470764,0.12764294411885696,2,0.7027373180866724,11,minimum
0.0745517760515213,useful,family-00355-minimum,0.976653516292572,0.11079175952636144,3,0.47555599546105376,11,minimum
0.07108429074287415,redundant_or_uncertain,family-00355-sum_mod_10,0.9273236989974976,0.26050733014740535,0,0.7006856346880079,11,sum_mod_10
-0.005678325891494751,redundant_or_uncertain,family-00355-sum_mod_10,0.9620065093040466,0.1615140684433063,1,0.47234430254353094,11,sum_mod_10
-0.025561898946762085,useful,family-00355-sum_mod_10,0.9727894067764282,0.1249080110344532,2,0.4481775770121967,11,sum_mod_10
0.15369375050067902,candidate_harmful,family-00355-sum_mod_10,0.9770088791847229,0.10946216321912308,3,0.5186762693673814,11,sum_mod_10
0.09477066993713379,useful,family-00356-maximum,0.9270114302635193,0.26130173358579645,0,0.5652225297981842,11,maximum
0.8729286789894104,useful,family-00356-maximum,0.9691094160079956,0.13782442696927194,1,0.7173029257960227,11,maximum
0.06922757625579834,useful,family-00356-maximum,0.9716330766677856,0.1290187803476966,2,0.8288222583504024,11,maximum
0.1197737455368042,useful,family-00356-maximum,0.9811767339706421,0.09342345272317232,3,0.651222225290196,11,maximum
0.006470024585723877,useful,family-00356-minimum,0.9294945001602173,0.25494455972687663,0,0.39107915833779106,11,minimum
-0.02793937921524048,useful,family-00356-minimum,0.9610112905502319,0.16471678647857022,1,0.5613588471552664,11,minimum
0.743955671787262,useful,family-00356-minimum,0.974664032459259,0.11813538160466008,2,1.1499878589589527,11,minimum
0.12940102815628052,useful,family-00356-minimum,0.9794957041740417,0.09999530715366521,3,0.5836531615605195,11,minimum
0.011314243078231812,redundant_or_uncertain,family-00356-sum_mod_10,0.9200815558433533,0.27857013889649007,0,0.4337167519478246,11,sum_mod_10
-0.01136181503534317,redundant_or_uncertain,family-00356-sum_mod_10,0.95858234167099,0.17242366465053155,1,0.5447190895868772,11,sum_mod_10
-0.0006517618894577026,useful,family-00356-sum_mod_10,0.9707645773887634,0.1320742936533064,2,0.9555746444902626,11,sum_mod_10
0.03940780833363533,candidate_harmful,family-00356-sum_mod_10,0.9787999391555786,0.10267349496687805,3,0.4539909247881981,11,sum_mod_10
-0.01341170072555542,useful,family-00357-maximum,0.9367702603340149,0.2357633025956523,0,0.5874897622214073,11,maximum
0.3119579553604126,useful,family-00357-maximum,0.9580265879631042,0.17416582963418029,1,0.5565688306600313,11,maximum
0.29958999156951904,useful,family-00357-maximum,0.9625099301338196,0.15988372874646586,2,1.0462142929532199,11,maximum
0.09661370515823364,useful,family-00357-maximum,0.976732075214386,0.11049830973389742,3,0.5712275406885313,11,maximum
0.009583115577697754,useful,family-00357-minimum,0.9266049265861511,0.2623337099213538,0,0.44182310485897924,11,minimum
0.00802004337310791,useful,family-00357-minimum,0.9687520265579224,0.13905383921293446,1,0.7829034449042647,11,minimum
0.1318179965019226,useful,family-00357-minimum,0.9730753302574158,0.12388383866860601,2,0.7197565843659037,11,minimum
0.043178558349609375,useful,family-00357-minimum,0.9779453873634338,0.10593104431944345,3,0.5389050632374625,11,minimum
-0.12159489095211029,redundant_or_uncertain,family-00357-sum_mod_10,0.9105634689331055,0.3012322197131392,0,0.3637556151293795,11,sum_mod_10
-0.08475379645824432,redundant_or_uncertain,family-00357-sum_mod_10,0.939464807510376,0.2284375912897734,1,0.2782935052082863,11,sum_mod_10
-0.008654728531837463,useful,family-00357-sum_mod_10,0.9539581537246704,0.18669149107506686,2,0.41950360021455,11,sum_mod_10
-0.012859389185905457,candidate_harmful,family-00357-sum_mod_10,0.9730573892593384,0.12394819439630922,3,0.39476207956954734,11,sum_mod_10
-0.14113843441009521,useful,family-00358-maximum,0.91448575258255,0.292034697609945,0,0.36970926173837687,11,maximum
0.3340440094470978,useful,family-00358-maximum,0.9513869285583496,0.19441108885011105,1,0.8152662493105992,11,maximum
-0.04531961679458618,useful,family-00358-maximum,0.9755398631095886,0.11492300645899689,2,0.5036818472612827,11,maximum
-0.04262232780456543,useful,family-00358-maximum,0.9745163917541504,0.11867381013624563,3,0.475227701283192,11,maximum
0.003482496365904808,useful,family-00358-minimum,0.9270114302635193,0.26130173358579645,0,0.5173014394034738,11,minimum
-0.02039177343249321,useful,family-00358-minimum,0.9682761430740356,0.14068432654086657,1,0.6517380357456237,11,minimum
-0.002414688467979431,useful,family-00358-minimum,0.9731817841529846,0.12350172744201637,2,0.6605920846883835,11,minimum
-0.006570722907781601,useful,family-00358-minimum,0.9834499955177307,0.08428996511156894,3,0.5651584182956757,11,minimum
-0.06397951394319534,redundant_or_uncertain,family-00358-sum_mod_10,0.9299190044403076,0.25384840690464694,0,0.40613768975108905,11,sum_mod_10
-0.05288941413164139,redundant_or_uncertain,family-00358-sum_mod_10,0.9613969922065735,0.16347873144114713,1,0.46904763398613714,11,sum_mod_10
0.03796767443418503,useful,family-00358-sum_mod_10,0.9760069251060486,0.11319684134224862,2,0.7612905285302634,11,sum_mod_10
0.028769001364707947,candidate_harmful,family-00358-sum_mod_10,0.9837141633033752,0.08320876904964228,3,0.46058342648495504,11,sum_mod_10
-0.11045823246240616,useful,family-00359-maximum,0.9225452542304993,0.2725085342026138,0,0.6914376757929751,11,maximum
-0.039570532739162445,useful,family-00359-maximum,0.9439934492111206,0.21583498755497169,1,0.39974519563086597,11,maximum
-0.029578551650047302,useful,family-00359-maximum,0.9559493064880371,0.18061040311497295,2,0.4568977981749211,11,maximum
0.020438585430383682,useful,family-00359-maximum,0.9595051407814026,0.16951366087802822,3,0.5109788063200568,11,maximum
0.09695720672607422,useful,family-00359-minimum,0.9144240617752075,0.2921808606861063,0,0.6658530589960882,11,minimum
0.1959667205810547,useful,family-00359-minimum,0.9471314549446106,0.2068764084865965,1,0.6571341140091785,11,minimum
0.405900239944458,useful,family-00359-minimum,0.9633342623710632,0.15719890183739388,2,1.1355054575262393,11,minimum
-0.06989675760269165,useful,family-00359-minimum,0.9684115052223206,0.14022129936992403,3,0.49602894147248344,11,minimum
0.0005137883126735687,redundant_or_uncertain,family-00359-sum_mod_10,0.9273354411125183,0.26047743032554316,0,0.6747485418980496,11,sum_mod_10
-0.008128104731440544,redundant_or_uncertain,family-00359-sum_mod_10,0.9553735852241516,0.1823781875703705,1,0.5527343676669174,11,sum_mod_10
-0.03905865550041199,useful,family-00359-sum_mod_10,0.9629395008087158,0.15848700437968077,2,0.5773172793106085,11,sum_mod_10
-0.0008433619514107704,candidate_harmful,family-00359-sum_mod_10,0.9694536924362183,0.13663608903899194,3,0.614248825711322,11,sum_mod_10
0.004561662673950195,useful,family-00360-maximum,0.9273354411125183,0.26047743032554316,0,0.45108261751661116,11,maximum
0.22693026065826416,useful,family-00360-maximum,0.9556292295455933,0.1815941826662973,1,0.6705397339734793,11,maximum
0.14364051818847656,useful,family-00360-maximum,0.9593734741210938,0.16993019494961806,2,1.0771330541326218,11,maximum
0.05456441640853882,useful,family-00360-maximum,0.9701728224754333,0.13414090605246123,3,0.6587694181202123,11,maximum
0.17444026470184326,useful,family-00360-minimum,0.9232639074325562,0.2707244879911957,0,0.4897925756625877,11,minimum
0.15231046080589294,useful,family-00360-minimum,0.9622411131858826,0.1607551666237625,1,0.6808072286279371,11,minimum
0.32983294129371643,useful,family-00360-minimum,0.9736514687538147,0.12181060962036555,2,0.6716119014341324,11,minimum
0.09059655666351318,useful,family-00360-minimum,0.980998694896698,0.09412650300029164,3,0.7308739996215615,11,minimum
-0.017221063375473022,redundant_or_uncertain,family-00360-sum_mod_10,0.9105634689331055,0.3012322197131392,0,0.3805528544624571,11,sum_mod_10
-0.04555027186870575,redundant_or_uncertain,family-00360-sum_mod_10,0.9393339157104492,0.22879635726562822,1,0.25267278108063634,11,sum_mod_10
-0.025440320372581482,useful,family-00360-sum_mod_10,0.953299880027771,0.18868185348225125,2,0.417394923317884,11,sum_mod_10
-0.03759413957595825,candidate_harmful,family-00360-sum_mod_10,0.9712702035903931,0.13029870580481423,3,0.4749754630786619,11,sum_mod_10
0.0022665858268737793,useful,family-00361-maximum,0.9367702603340149,0.2357633025956523,0,0.4302992769540006,11,maximum
0.7417888045310974,useful,family-00361-maximum,0.9608529806137085,0.1652237905499511,1,1.1284229447456926,11,maximum
0.0408974289894104,useful,family-00361-maximum,0.9630025029182434,0.15828172321509595,2,0.387750913717404,11,maximum
0.07095605134963989,useful,family-00361-maximum,0.9725704789161682,0.12569011694317747,3,0.5926481418692788,11,maximum
-0.015897482633590698,useful,family-00361-minimum,0.9224527478218079,0.27273765366175906,0,0.46902360246387204,11,minimum
-0.056195929646492004,useful,family-00361-minimum,0.943016529083252,0.218585468794754,1,0.8266610484875627,11,minimum
0.044318877160549164,useful,family-00361-minimum,0.9550108313560486,0.18348804509646352,2,0.5827255621958741,11,minimum
0.019918221980333328,useful,family-00361-minimum,0.9518064260482788,0.1931615837171234,3,0.43994826216614386,11,minimum
0.02831723913550377,redundant_or_uncertain,family-00361-sum_mod_10,0.9273236989974976,0.26050733014740535,0,0.5253896932123204,11,sum_mod_10
-0.024555206298828125,redundant_or_uncertain,family-00361-sum_mod_10,0.9630271792411804,0.15820128945436313,1,0.4979805544658676,11,sum_mod_10
-0.0775027796626091,useful,family-00361-sum_mod_10,0.9753360748291016,0.11567329125223719,2,0.5147524345508172,11,sum_mod_10
-0.16043129563331604,candidate_harmful,family-00361-sum_mod_10,0.9793175458908081,0.10068335098727998,3,0.6348031682871181,11,sum_mod_10
0.12045043706893921,useful,family-00362-maximum,0.9339317679405212,0.2433478377442233,0,0.5097713900654123,11,maximum
0.8112611770629883,useful,family-00362-maximum,0.9634028673171997,0.15697459594528376,1,0.6676539714687827,11,maximum
0.12282663583755493,useful,family-00362-maximum,0.9696319699287415,0.13601915894125505,2,0.6724029542876074,11,maximum
0.08600765466690063,useful,family-00362-maximum,0.979085385799408,0.10157759917716422,3,0.6453885503082778,11,maximum
0.00985788181424141,useful,family-00362-minimum,0.9224454164505005,0.27275580685158707,0,0.3888835480934477,11,minimum
-0.08543702960014343,useful,family-00362-minimum,0.9535922408103943,0.1877990780333779,1,0.5148309892165237,11,minimum
-0.029823049902915955,useful,family-00362-minimum,0.9606848359107971,0.16576156188252184,2,0.607132201014148,11,minimum
0.031290844082832336,useful,family-00362-minimum,0.9807412028312683,0.09514029740528893,3,0.43838345236257703,11,minimum
-0.013488128781318665,redundant_or_uncertain,family-00362-sum_mod_10,0.9200815558433533,0.27857013889649007,0,0.4433915929248526,11,sum_mod_10
0.03228046000003815,redundant_or_uncertain,family-00362-sum_mod_10,0.9579306244850159,0.17446587353573573,1,0.428912391651568,11,sum_mod_10
0.0266798734664917,useful,family-00362-sum_mod_10,0.9699246883392334,0.13500386156961214,2,0.39553936960578434,11,sum_mod_10
-0.15240296721458435,candidate_harmful,family-00362-sum_mod_10,0.9797801375389099,0.09889354972036377,3,0.6151146288979545,11,sum_mod_10
0.2182636857032776,useful,family-00363-maximum,0.9273354411125183,0.26047743032554316,0,0.3695333417288553,11,maximum
0.6341643333435059,useful,family-00363-maximum,0.9572238326072693,0.17666875484858693,1,0.8266623331178146,11,maximum
0.16087943315505981,useful,family-00363-maximum,0.9633982181549072,0.15698980073230256,2,0.5714415787857587,11,maximum
0.07392418384552002,useful,family-00363-maximum,0.9746586084365845,0.11815517797472527,3,0.48658530516483334,11,maximum
0.01686239242553711,useful,family-00363-minimum,0.9232639074325562,0.2707244879911957,0,0.32256553148878553,11,minimum
0.0544094443321228,useful,family-00363-minimum,0.964232325553894,0.15425202285847783,1,0.7521665299761429,11,minimum
0.3746916651725769,useful,family-00363-minimum,0.9762769341468811,0.11219470527436304,2,0.786286303859475,11,minimum
0.1298900842666626,useful,family-00363-minimum,0.982128381729126,0.08963602850121634,3,0.548981545157269,11,minimum
0.018341898918151855,redundant_or_uncertain,family-00363-sum_mod_10,0.9224527478218079,0.27273765366175906,0,0.47168747081078033,11,sum_mod_10
-0.22392307221889496,redundant_or_uncertain,family-00363-sum_mod_10,0.9431977272033691,0.21807666261754682,1,0.55080184490651,11,sum_mod_10
0.018023405224084854,useful,family-00363-sum_mod_10,0.956388533115387,0.1792564450426649,2,0.47188641444400414,11,sum_mod_10
-0.005819771438837051,candidate_harmful,family-00363-sum_mod_10,0.9633648991584778,0.15709875043913382,3,0.37984514320304696,11,sum_mod_10
0.2519286572933197,useful,family-00364-maximum,0.9224454164505005,0.27275580685158707,0,0.36377006836103615,11,maximum
0.46206456422805786,useful,family-00364-maximum,0.9546573758125305,0.18456650789442727,1,0.7208378475323861,11,maximum
0.13947874307632446,useful,family-00364-maximum,0.9641076326370239,0.1546625720421911,2,0.3760563486224217,11,maximum
0.20291656255722046,useful,family-00364-maximum,0.9761330485343933,0.1127291249688703,3,0.6158229753664235,11,maximum
0.03127288818359375,useful,family-00364-minimum,0.9270114302635193,0.26130173358579645,0,0.5321230494818547,11,minimum
-0.012241959571838379,useful,family-00364-minimum,0.969345211982727,0.13701096053466907,1,0.6001738029120136,11,minimum
0.47986114025115967,useful,family-00364-minimum,0.9762160778045654,0.11242084657575172,2,1.1906406011881463,11,minimum
0.12270373106002808,useful,family-00364-minimum,0.9810815453529358,0.09379955115701422,3,0.6129224714259902,11,minimum
0.03553749620914459,redundant_or_uncertain,family-00364-sum_mod_10,0.9299190044403076,0.25384840690464694,0,0.40981042003278145,11,sum_mod_10
0.02687136083841324,redundant_or_uncertain,family-00364-sum_mod_10,0.961802065372467,0.16217417995423683,1,0.4693316209432937,11,sum_mod_10
0.021187670528888702,useful,family-00364-sum_mod_10,0.975852906703949,0.11376708257590916,2,0.7940151996612472,11,sum_mod_10
-0.027301281690597534,candidate_harmful,family-00364-sum_mod_10,0.9810062646865845,0.09409664573133746,3,0.44803178948404004,11,sum_mod_10
0.2750583589076996,useful,family-00365-maximum,0.9299190044403076,0.25384840690464694,0,0.5935863377983323,11,maximum
0.5356909036636353,useful,family-00365-maximum,0.9583612680435181,0.17311760785356534,1,0.8577092045244767,11,maximum
-0.0008901357650756836,useful,family-00365-maximum,0.9717000722885132,0.12878195278962282,2,0.42287059058894233,11,maximum
0.108462393283844,useful,family-00365-maximum,0.978580117225647,0.10351476322642855,3,0.4306945486215165,11,maximum
0.15589872002601624,useful,family-00365-minimum,0.9144240617752075,0.2921808606861063,0,0.6986063524655696,11,minimum
-0.053370654582977295,useful,family-00365-minimum,0.9489569664001465,0.20157501501406605,1,0.6563611551540061,11,minimum
0.3137802481651306,useful,family-00365-minimum,0.9636597633361816,0.15613347904439662,2,0.9280586454083662,11,minimum
-0.05540740489959717,useful,family-00365-minimum,0.9707715511322021,0.13204986584501988,3,0.6105743870357444,11,minimum
-0.008522722870111465,redundant_or_uncertain,family-00365-sum_mod_10,0.91448575258255,0.292034697609945,0,0.41602671648890593,11,sum_mod_10
0.004141531884670258,redundant_or_uncertain,family-00365-sum_mod_10,0.9507982730865479,0.19615803507298135,1,0.5154951308167788,11,sum_mod_10
0.009691158309578896,useful,family-00365-sum_mod_10,0.977029025554657,0.1093866176313979,2,0.5027239583256088,11,sum_mod_10
-0.03983837366104126,candidate_harmful,family-00365-sum_mod_10,0.9723001718521118,0.12665329467803454,3,0.561508010412703,11,sum_mod_10
0.00014990568161010742,useful,family-00366-maximum,0.9339317679405212,0.2433478377442233,0,0.6105048959298537,11,maximum
0.036721717566251755,useful,family-00366-maximum,0.9622980356216431,0.16057080464983092,1,0.46678927146827437,11,maximum
-0.16460959613323212,useful,family-00366-maximum,0.971021831035614,0.13117204130213123,2,0.8681297942933668,11,maximum
0.05635193735361099,useful,family-00366-maximum,0.9794636964797974,0.10011903632026455,3,0.4579007639035171,11,maximum
0.02943664789199829,useful,family-00366-minimum,0.9200815558433533,0.27857013889649007,0,0.47324799302297166,11,minimum
0.017512023448944092,useful,family-00366-minimum,0.9583145380020142,0.1732641349789653,1,0.6339763940863218,11,minimum
0.23019510507583618,useful,family-00366-minimum,0.9666863083839417,0.14607860054824828,2,0.7887775258509698,11,minimum
0.07931029796600342,useful,family-00366-minimum,0.9759969711303711,0.11323372571883417,3,0.6488482556040048,11,minimum
-0.022435251623392105,redundant_or_uncertain,family-00366-sum_mod_10,0.912865161895752,0.2958582804410451,0,0.5104297846799069,11,sum_mod_10
0.0023001916706562042,redundant_or_uncertain,family-00366-sum_mod_10,0.954145073890686,0.18612452487737532,1,0.3954686789648389,11,sum_mod_10
-0.06601575016975403,useful,family-00366-sum_mod_10,0.962148129940033,0.1610561315964194,2,0.8586403762310407,11,sum_mod_10
-0.018765661865472794,candidate_harmful,family-00366-sum_mod_10,0.9755160808563232,0.11501065471962543,3,0.42352104227151144,11,sum_mod_10
0.004929006099700928,useful,family-00367-maximum,0.9270985126495361,0.26108034344371944,0,0.3602663576675002,11,maximum
0.38116052746772766,useful,family-00367-maximum,0.9569823741912842,0.17741851050444288,1,0.8132662845461666,11,maximum
0.13500913977622986,useful,family-00367-maximum,0.9667901396751404,0.14572873901005914,2,0.35096275682581335,11,maximum
0.28871649503707886,useful,family-00367-maximum,0.9768581390380859,0.11002684175037725,3,0.5116045203272267,11,maximum
0.023558616638183594,useful,family-00367-minimum,0.9246373772621155,0.26729453609831455,0,0.4081635282190915,11,minimum
-0.004403948783874512,useful,family-00367-minimum,0.9620381593704224,0.16141177418003805,1,0.45992881767577865,11,minimum
0.5613174438476562,useful,family-00367-minimum,0.9728991389274597,0.1245153195280983,2,0.9469538611245385,11,minimum
0.05708420276641846,useful,family-00367-minimum,0.9801567792892456,0.09742832781387864,3,0.6673444764587738,11,minimum
-0.23123547434806824,redundant_or_uncertain,family-00367-sum_mod_10,0.9299190044403076,0.25384840690464694,0,0.40468042209446037,11,sum_mod_10
-0.09668606519699097,redundant_or_uncertain,family-00367-sum_mod_10,0.9613491892814636,0.1636323898072652,1,0.47540317033808466,11,sum_mod_10
0.07966218143701553,useful,family-00367-sum_mod_10,0.9757593274116516,0.11411306063287216,2,0.7344876323093303,11,sum_mod_10
-0.0570700466632843,candidate_harmful,family-00367-sum_mod_10,0.9820605516433716,0.08990765939145998,3,0.389632059212826,11,sum_mod_10
-0.05450785160064697,useful,family-00368-maximum,0.91448575258255,0.292034697609945,0,0.44136768794378106,11,maximum
0.02156585454940796,useful,family-00368-maximum,0.952017068862915,0.19253272324194573,1,0.5397940778525527,11,maximum
-0.09069675207138062,useful,family-00368-maximum,0.9749085903167725,0.11724156295066782,2,0.5512392882523658,11,maximum
0.1606716364622116,useful,family-00368-maximum,0.9706723690032959,0.1323971225940887,3,0.5392408167743588,11,maximum
-0.06705436110496521,useful,family-00368-minimum,0.9144240617752075,0.2921808606861063,0,0.3766198678933053,11,minimum
0.0015052706003189087,useful,family-00368-minimum,0.9513529539108276,0.19451211794043932,1,0.3790423466326367,11,minimum
0.17843934893608093,useful,family-00368-minimum,0.9669207334518433,0.14528822387894266,2,0.888937683572389,11,minimum
0.07575418055057526,useful,family-00368-minimum,0.9771639704704285,0.10888012927868057,3,0.7455543625229327,11,minimum
-0.016449235379695892,redundant_or_uncertain,family-00368-sum_mod_10,0.9246373772621155,0.26729453609831455,0,0.636776903543536,11,sum_mod_10
0.017759323120117188,redundant_or_uncertain,family-00368-sum_mod_10,0.961260199546814,0.16391827585708962,1,0.3344571304262336,11,sum_mod_10
0.03164692223072052,useful,family-00368-sum_mod_10,0.9737663865089417,0.12139554004409403,2,0.5887319577206546,11,sum_mod_10
0.04991372302174568,candidate_harmful,family-00368-sum_mod_10,0.9752296209335327,0.11606453389666756,3,0.5890163731520959,11,sum_mod_10
0.3778907060623169,useful,family-00369-maximum,0.9273354411125183,0.26047743032554316,0,0.462730720487871,11,maximum
0.3794589638710022,useful,family-00369-maximum,0.9547967314720154,0.18414165203188798,1,0.7976147131359198,11,maximum
0.018529772758483887,useful,family-00369-maximum,0.9627258777618408,0.15918223020393824,2,0.9273028588876211,11,maximum
0.13808363676071167,useful,family-00369-maximum,0.9652881622314453,0.15075747576146598,3,0.5577355885644939,11,maximum
0.029941916465759277,useful,family-00369-minimum,0.933686375617981,0.243997324757376,0,0.4416570226857034,11,minimum
0.06675796955823898,useful,family-00369-minimum,0.9586461186408997,0.1722232422232842,1,0.9005164946992581,11,minimum
0.048784539103507996,useful,family-00369-minimum,0.9642866253852844,0.15407310082342565,2,0.6716743533027452,11,minimum
-0.02196936309337616,useful,family-00369-minimum,0.9699006676673889,0.1350872878174659,3,0.4537945385838504,11,minimum
-0.0038951802998781204,redundant_or_uncertain,family-00369-sum_mod_10,0.9105634689331055,0.3012322197131392,0,0.3826411184704357,11,sum_mod_10
0.007814900949597359,redundant_or_uncertain,family-00369-sum_mod_10,0.9394130110740662,0.2285795979639711,1,0.2645721487504191,11,sum_mod_10
0.0017204135656356812,useful,family-00369-sum_mod_10,0.9539411067962646,0.18674315818565657,2,0.35764130568021646,11,sum_mod_10
0.008438225835561752,candidate_harmful,family-00369-sum_mod_10,0.9684578776359558,0.14006253773353225,3,0.5502993427815308,11,sum_mod_10
0.3083421289920807,useful,family-00370-maximum,0.91448575258255,0.292034697609945,0,0.4013373749927902,11,maximum
0.5296201109886169,useful,family-00370-maximum,0.9514614343643188,0.19418944642654035,1,0.7779031763596946,11,maximum
0.13628560304641724,useful,family-00370-maximum,0.9759331345558167,0.11347017116725319,2,1.0231236293611916,11,maximum
0.1274304986000061,useful,family-00370-maximum,0.9752893447875977,0.11584509283636968,3,0.4210462772903145,11,maximum
-0.03351479768753052,useful,family-00370-minimum,0.9299190044403076,0.25384840690464694,0,0.5583930095853692,11,minimum
-0.04030841588973999,useful,family-00370-minimum,0.9585815072059631,0.1724262863207132,1,0.5426538216954884,11,minimum
0.6281394958496094,useful,family-00370-minimum,0.9714764952659607,0.12957165659432904,2,0.8185217012494516,11,minimum
0.07747793197631836,useful,family-00370-minimum,0.9780172109603882,0.10565857440383851,3,0.4550424459464791,11,minimum
0.021145273000001907,redundant_or_uncertain,family-00370-sum_mod_10,0.9246373772621155,0.26729453609831455,0,0.41115921466484123,11,sum_mod_10
0.0013552233576774597,redundant_or_uncertain,family-00370-sum_mod_10,0.9632115960121155,0.15759963113779213,1,0.4654398413533403,11,sum_mod_10
-0.031327828764915466,useful,family-00370-sum_mod_10,0.9754793047904968,0.11514614438807699,2,1.1546750629273599,11,sum_mod_10
0.006728483363986015,candidate_harmful,family-00370-sum_mod_10,0.9821788668632507,0.0894336867278607,3,0.33601748497176087,11,sum_mod_10
0.0008146464824676514,useful,family-00371-maximum,0.9246373772621155,0.26729453609831455,0,0.4079005132103444,11,maximum
0.1935162991285324,useful,family-00371-maximum,0.9626782536506653,0.1593370469553454,1,0.5824463594185056,11,maximum
-0.17053592205047607,useful,family-00371-maximum,0.9717676043510437,0.12854306373797858,2,0.6218234936201436,11,maximum
0.23374097049236298,useful,family-00371-maximum,0.9761378169059753,0.11271142855715009,3,0.5051028579303852,11,maximum
0.044156551361083984,useful,family-00371-minimum,0.9367702603340149,0.2357633025956523,0,0.576897713167681,11,minimum
0.003171086311340332,useful,family-00371-minimum,0.9597636461257935,0.16869456705352148,1,0.4837586118421162,11,minimum
0.2734191119670868,useful,family-00371-minimum,0.9635784029960632,0.15640006855810576,2,0.931349007172941,11,minimum
0.4714769124984741,useful,family-00371-minimum,0.9803855419158936,0.09653483742220247,3,0.8272232505632369,11,minimum
-0.009713590145111084,redundant_or_uncertain,family-00371-sum_mod_10,0.9273354411125183,0.26047743032554316,0,0.46950095040445666,11,sum_mod_10
0.012809604406356812,redundant_or_uncertain,family-00371-sum_mod_10,0.9568845629692078,0.1777218219225857,1,0.44827524992562506,11,sum_mod_10
0.0180489644408226,useful,family-00371-sum_mod_10,0.9652426242828369,0.15090887426058336,2,0.7215219135700427,11,sum_mod_10
0.057603560388088226,candidate_harmful,family-00371-sum_mod_10,0.9720311164855957,0.1276093180851407,3,0.7029118971624613,11,sum_mod_10
0.005533039569854736,useful,family-00372-maximum,0.9200815558433533,0.27857013889649007,0,0.47779163854615914,11,maximum
-0.03920474648475647,useful,family-00372-maximum,0.9573932886123657,0.17614172498201763,1,0.48142664501644106,11,maximum
0.03765081614255905,useful,family-00372-maximum,0.96790611743927,0.14194701970536264,2,0.8392288821919937,11,maximum
0.04246620088815689,useful,family-00372-maximum,0.9735904335975647,0.12203085206382785,3,0.45883963588084914,11,maximum
-0.03761261701583862,useful,family-00372-minimum,0.9232639074325562,0.2707244879911957,0,0.6330064237905013,11,minimum
0.30923599004745483,useful,family-00372-minimum,0.9602864384651184,0.16703276010008847,1,0.7106920953536601,11,minimum
0.2750113606452942,useful,family-00372-minimum,0.9716430306434631,0.1289836036442802,2,0.8184507555984364,11,minimum
-0.07034856081008911,useful,family-00372-minimum,0.9731865525245667,0.12348460144972906,3,0.42811234087043837,11,minimum
-0.03608819469809532,redundant_or_uncertain,family-00372-sum_mod_10,0.9339317679405212,0.2433478377442233,0,0.5773756018563168,11,sum_mod_10
-0.03897622600197792,redundant_or_uncertain,family-00372-sum_mod_10,0.9621479511260986,0.1610567101463253,1,0.4525028300008992,11,sum_mod_10
0.009193629026412964,useful,family-00372-sum_mod_10,0.9688693881034851,0.13865058553136494,2,0.42000946968819836,11,sum_mod_10
0.014050379395484924,candidate_harmful,family-00372-sum_mod_10,0.9732552766799927,0.12323767623359118,3,0.40933825708570093,11,sum_mod_10
-0.019766569137573242,useful,family-00373-maximum,0.9266049265861511,0.2623337099213538,0,0.45631457112519813,11,maximum
0.8864284157752991,useful,family-00373-maximum,0.9693769216537476,0.1369014237354159,1,1.1511916795641086,11,maximum
0.013564050197601318,useful,family-00373-maximum,0.9738967418670654,0.1209240857176452,2,0.5133215916535772,11,maximum
0.17722856998443604,useful,family-00373-maximum,0.972974419593811,0.12424565335666968,3,0.5628922674379608,11,maximum
0.053599536418914795,useful,family-00373-minimum,0.91448575258255,0.292034697609945,0,0.44044291515454614,11,minimum
-0.04423779249191284,useful,family-00373-minimum,0.951897382736206,0.19289015731587578,1,0.8546089202349496,11,minimum
0.6508134603500366,useful,family-00373-minimum,0.9764987826347351,0.11136896245762075,2,1.045928571227784,11,minimum
0.09782129526138306,useful,family-00373-minimum,0.9711598753929138,0.13068691713361455,3,0.5157609426012671,11,minimum
0.002313487231731415,redundant_or_uncertain,family-00373-sum_mod_10,0.9246373772621155,0.26729453609831455,0,0.38715750729698856,11,sum_mod_10
-0.023095369338989258,redundant_or_uncertain,family-00373-sum_mod_10,0.963577389717102,0.1564033875305429,1,0.46422328324413786,11,sum_mod_10
0.012391149997711182,useful,family-00373-sum_mod_10,0.9759373664855957,0.11345450182028041,2,0.9291100722540943,11,sum_mod_10
0.04002447426319122,candidate_harmful,family-00373-sum_mod_10,0.9828143119812012,0.08687426882586832,3,0.4216227699238838,11,sum_mod_10
0.5833404660224915,useful,family-00374-maximum,0.9270114302635193,0.26130173358579645,0,0.5864248933618222,11,maximum
0.6994069814682007,useful,family-00374-maximum,0.9682934284210205,0.14062523261096113,1,0.7957195103508756,11,maximum
0.07472854852676392,useful,family-00374-maximum,0.9724625945091248,0.12607486545274388,2,0.6317500186364792,11,maximum
0.049242377281188965,useful,family-00374-maximum,0.973724901676178,0.12154543795003887,3,0.754330556268414,11,maximum
0.028159379959106445,useful,family-00374-minimum,0.9200815558433533,0.27857013889649007,0,0.5132154832207682,11,minimum
0.07623004913330078,useful,family-00374-minimum,0.9570800065994263,0.1771155218280445,1,0.6291456320679706,11,minimum
0.3685148060321808,useful,family-00374-minimum,0.9681290984153748,0.14118663968246387,2,0.8708541620002929,11,minimum
0.12312328815460205,useful,family-00374-minimum,0.9722246527671814,0.12692190379871615,3,0.7172252244657084,11,minimum
-0.0023799389600753784,redundant_or_uncertain,family-00374-sum_mod_10,0.91448575258255,0.292034697609945,0,0.44817580360028036,11,sum_mod_10
-0.03862074017524719,redundant_or_uncertain,family-00374-sum_mod_10,0.9504390358924866,0.19722049432598024,1,0.5927858710635753,11,sum_mod_10
-0.031144753098487854,useful,family-00374-sum_mod_10,0.9778590798377991,0.10625814412796883,2,0.44955604516898895,11,sum_mod_10
-0.0005075819790363312,candidate_harmful,family-00374-sum_mod_10,0.9747177362442017,0.11793931145237914,3,0.5606037019892613,11,sum_mod_10
-0.02686077356338501,useful,family-00375-maximum,0.933686375617981,0.243997324757376,0,0.4292290914201752,11,maximum
0.3902323246002197,useful,family-00375-maximum,0.9577864408493042,0.17491625539609446,1,0.5597365601002594,11,maximum
0.13292157649993896,useful,family-00375-maximum,0.9660423994064331,0.148240827443739,2,0.7503348987148128,11,maximum
0.15148702263832092,useful,family-00375-maximum,0.9804304242134094,0.09635921986669782,3,0.39988963954354245,11,maximum
0.13517293334007263,useful,family-00375-minimum,0.9144240617752075,0.2921808606861063,0,0.5178957764814636,11,minimum
0.20538705587387085,useful,family-00375-minimum,0.9487825632095337,0.20208442860104175,1,0.896770833463199,11,minimum
0.32102471590042114,useful,family-00375-minimum,0.9646217226982117,0.15296703061947886,2,0.783322737444417,11,minimum
0.1803407222032547,useful,family-00375-minimum,0.9724655151367188,0.12606445534045876,3,0.4950886998559311,11,minimum
-0.0020010098814964294,redundant_or_uncertain,family-00375-sum_mod_10,0.9224527478218079,0.27273765366175906,0,0.43202848020666734,11,sum_mod_10
-0.036608293652534485,redundant_or_uncertain,family-00375-sum_mod_10,0.9415672421455383,0.22263324528689324,1,0.5422118904755934,11,sum_mod_10
-0.0073849912732839584,useful,family-00375-sum_mod_10,0.9542020559310913,0.1859515282834719,2,0.4573167247167221,11,sum_mod_10
-0.007646912708878517,candidate_harmful,family-00375-sum_mod_10,0.96408611536026,0.15473337178882138,3,0.4064533530259591,11,sum_mod_10
0.003572404384613037,useful,family-00376-maximum,0.9270985126495361,0.26108034344371944,0,0.40697107705134555,11,maximum
0.7887160778045654,useful,family-00376-maximum,0.9566687345504761,0.17839028357019243,1,0.8939540783027662,11,maximum
0.03882133960723877,useful,family-00376-maximum,0.9637641310691833,0.15579122549701546,2,0.7784583598551648,11,maximum
0.08623522520065308,useful,family-00376-maximum,0.974341094493866,0.1193119595495505,3,0.593053477175442,11,maximum
-0.07628297805786133,useful,family-00376-minimum,0.9299190044403076,0.25384840690464694,0,0.5406696783558961,11,minimum
-0.056835174560546875,useful,family-00376-minimum,0.9589591026306152,0.17123818372615632,1,0.5710174222616365,11,minimum
0.5524373054504395,useful,family-00376-minimum,0.9720397591590881,0.12757864995413595,2,0.7514076994038519,11,minimum
0.10087120532989502,useful,family-00376-minimum,0.9774408936500549,0.10783819347139434,3,0.45309281864247125,11,minimum
-0.0186304971575737,redundant_or_uncertain,family-00376-sum_mod_10,0.9246373772621155,0.26729453609831455,0,0.389621533159035,11,sum_mod_10
-0.029858436435461044,redundant_or_uncertain,family-00376-sum_mod_10,0.9635197520256042,0.1565921303552637,1,0.5162967810912034,11,sum_mod_10
-0.14666515588760376,useful,family-00376-sum_mod_10,0.9756858944892883,0.11438429491960682,2,0.9527437505588412,11,sum_mod_10
0.004373740404844284,candidate_harmful,family-00376-sum_mod_10,0.9815112948417664,0.09209766512966491,3,0.3486349805161488,11,sum_mod_10
0.002271682024002075,useful,family-00377-maximum,0.9246373772621155,0.26729453609831455,0,0.5933596075071934,11,maximum
0.07387125492095947,useful,family-00377-maximum,0.9595760703086853,0.1692890869369684,1,0.6051735491977833,11,maximum
0.2340618073940277,useful,family-00377-maximum,0.9710056185722351,0.13122897166181915,2,0.5905940184901913,11,maximum
0.14364658296108246,useful,family-00377-maximum,0.9718970656394958,0.12808464008761217,3,0.41515654450969997,11,maximum
0.17602509260177612,useful,family-00377-minimum,0.9144240617752075,0.2921808606861063,0,0.5827396144346749,11,minimum
0.20511656999588013,useful,family-00377-minimum,0.9477814435958862,0.204996547081311,1,0.6659055065963211,11,minimum
0.451272189617157,useful,family-00377-minimum,0.9646758437156677,0.15278808318989218,2,0.9746578738477073,11,minimum
-0.03497225046157837,useful,family-00377-minimum,0.9714109897613525,0.12980268844915804,3,0.5370239142449268,11,minimum
-0.010267121717333794,redundant_or_uncertain,family-00377-sum_mod_10,0.9270985126495361,0.26108034344371944,0,0.5596855112109548,11,sum_mod_10
-0.007704578340053558,redundant_or_uncertain,family-00377-sum_mod_10,0.9545206427574158,0.1849829321200656,1,0.5243486748260855,11,sum_mod_10
-0.010233715176582336,useful,family-00377-sum_mod_10,0.9674127101898193,0.14362389724577385,2,0.4394002247904864,11,sum_mod_10
-0.02212938666343689,candidate_harmful,family-00377-sum_mod_10,0.9770439267158508,0.1093307290834169,3,0.5894181041937545,11,sum_mod_10
0.137057363986969,useful,family-00378-maximum,0.9367702603340149,0.2357633025956523,0,0.5483916296995373,11,maximum
0.6897907257080078,useful,family-00378-maximum,0.9596599340438843,0.16902339392831214,1,0.5436072025574594,11,maximum
0.381686806678772,useful,family-00378-maximum,0.9644985795021057,0.15337387552369264,2,0.9342834250536513,11,maximum
0.2309313416481018,useful,family-00378-maximum,0.9778068661689758,0.10645586336056427,3,0.6506012996201131,11,maximum
0.05582327023148537,useful,family-00378-minimum,0.9232639074325562,0.2707244879911957,0,0.423702902628278,11,minimum
-0.08834485709667206,useful,family-00378-minimum,0.9631890654563904,0.1576731882782394,1,0.687634767035256,11,minimum
0.0665702298283577,useful,family-00378-minimum,0.9752742648124695,0.11590051456273573,2,0.8351239107975564,11,minimum
0.022985994815826416,useful,family-00378-minimum,0.9822193384170532,0.0892713737245024,3,0.6184274659103193,11,minimum
0.00837726891040802,redundant_or_uncertain,family-00378-sum_mod_10,0.9224527478218079,0.27273765366175906,0,0.4409190366074948,11,sum_mod_10
0.045916564762592316,redundant_or_uncertain,family-00378-sum_mod_10,0.9423300623893738,0.2205075475057862,1,0.5556295703680534,11,sum_mod_10
0.06847690790891647,useful,family-00378-sum_mod_10,0.9559484124183655,0.18061315448311405,2,0.46546921488006987,11,sum_mod_10
0.004041701555252075,candidate_harmful,family-00378-sum_mod_10,0.9652605056762695,0.1508494319627933,3,0.3806102037051091,11,sum_mod_10
0.0708383321762085,useful,family-00379-maximum,0.9224454164505005,0.27275580685158707,0,0.36682368605263727,11,maximum
0.17066949605941772,useful,family-00379-maximum,0.9550390839576721,0.18340171560589377,1,0.8270562714479451,11,maximum
0.08740758895874023,useful,family-00379-maximum,0.9609747529029846,0.16483386138064968,2,0.6975300328187911,11,maximum
0.08767205476760864,useful,family-00379-maximum,0.9772201180458069,0.10866915060707383,3,0.43922182397856724,11,maximum
0.025375252589583397,useful,family-00379-minimum,0.9270114302635193,0.26130173358579645,0,0.568720367880745,11,minimum
0.009198430925607681,useful,family-00379-minimum,0.9689581394195557,0.13834533329675025,1,0.5870210206842895,11,minimum
-0.050720684230327606,useful,family-00379-minimum,0.9727321863174438,0.1251126017072596,2,0.6786880542307691,11,minimum
-0.0001787245273590088,useful,family-00379-minimum,0.9822444319725037,0.08917068779177752,3,0.5677081247168378,11,minimum
-0.00048092007637023926,redundant_or_uncertain,family-00379-sum_mod_10,0.9270114302635193,0.26130173358579645,0,0.456917108691867,11,sum_mod_10
-0.030557572841644287,redundant_or_uncertain,family-00379-sum_mod_10,0.9706727266311646,0.1323958710878194,1,0.4779249271363052,11,sum_mod_10
-0.08004017174243927,useful,family-00379-sum_mod_10,0.9771076440811157,0.10909163790368005,2,0.9777113720096134,11,sum_mod_10
0.0022558607161045074,candidate_harmful,family-00379-sum_mod_10,0.9852159023284912,0.0769774614124896,3,0.4240500129880441,11,sum_mod_10
0.576682448387146,useful,family-00380-maximum,0.9339317679405212,0.2433478377442233,0,0.4633541901667925,11,maximum
0.846187949180603,useful,family-00380-maximum,0.9629199504852295,0.15855068300963085,1,0.5920657595464839,11,maximum
0.24553436040878296,useful,family-00380-maximum,0.9696792364120483,0.135855412283938,2,0.7265279022882136,11,maximum
0.10167926549911499,useful,family-00380-maximum,0.9769022464752197,0.10986171786440119,3,0.5353033722265023,11,maximum
-0.0007082027150318027,useful,family-00380-minimum,0.9367702603340149,0.2357633025956523,0,0.5591799239173948,11,minimum
-0.0062460992485284805,useful,family-00380-minimum,0.9589057564735413,0.17140625623070882,1,0.529658392602342,11,minimum
-0.0036966942716389894,useful,family-00380-minimum,0.9632485508918762,0.15747895083747818,2,0.7706381651669276,11,minimum
-0.0037820616271346807,useful,family-00380-minimum,0.9799906015396118,0.09807568814564406,3,0.750427277399949,11,minimum
-0.02130795270204544,redundant_or_uncertain,family-00380-sum_mod_10,0.9246373772621155,0.26729453609831455,0,0.5748013063273961,11,sum_mod_10
0.0033607035875320435,redundant_or_uncertain,family-00380-sum_mod_10,0.9611993432044983,0.16411365885209567,1,0.3663397838296521,11,sum_mod_10
0.03221042454242706,useful,family-00380-sum_mod_10,0.9736343026161194,0.12187256747059033,2,0.41260827867194255,11,sum_mod_10
0.04362586885690689,candidate_harmful,family-00380-sum_mod_10,0.9768068194389343,0.11021885731744943,3,0.6484503676594627,11,sum_mod_10
0.48645538091659546,useful,family-00381-maximum,0.9294945001602173,0.25494455972687663,0,0.6339477198823165,11,maximum
0.7588600516319275,useful,family-00381-maximum,0.9598974585533142,0.16826989317277066,1,0.5446855921514511,11,maximum
0.4543672204017639,useful,family-00381-maximum,0.972700834274292,0.12522464798369376,2,1.0999081690495425,11,maximum
0.20712226629257202,useful,family-00381-maximum,0.9768952131271362,0.10988805420389934,3,0.6242881129973797,11,maximum
0.018479764461517334,useful,family-00381-minimum,0.9232639074325562,0.2707244879911957,0,0.6278648998479283,11,minimum
0.022488296031951904,useful,family-00381-minimum,0.9614579081535339,0.16328283316723302,1,0.604959200745077,11,minimum
0.3585242033004761,useful,family-00381-minimum,0.971025288105011,0.131159900532018,2,0.835320012513236,11,minimum
0.037088990211486816,useful,family-00381-minimum,0.9776181578636169,0.10716940592408893,3,0.5194688573660897,11,minimum
0.03808419778943062,redundant_or_uncertain,family-00381-sum_mod_10,0.9246373772621155,0.26729453609831455,0,0.615639848084621,11,sum_mod_10
-0.005490332841873169,redundant_or_uncertain,family-00381-sum_mod_10,0.9586019515991211,0.1723620503515334,1,0.43843835549798804,11,sum_mod_10
-0.03528566285967827,useful,family-00381-sum_mod_10,0.967439591884613,0.1435327379420312,2,0.9871133040827427,11,sum_mod_10
0.01864650845527649,candidate_harmful,family-00381-sum_mod_10,0.970600962638855,0.1326469167451662,3,0.44275676663482505,11,sum_mod_10
0.06980305910110474,useful,family-00382-maximum,0.9144240617752075,0.2921808606861063,0,0.5207012066723214,11,maximum
0.7658761143684387,useful,family-00382-maximum,0.9480081796646118,0.20433879032694297,1,1.0182525094664487,11,maximum
0.059236764907836914,useful,family-00382-maximum,0.9602686166763306,0.16708952793763163,2,0.5557994204572511,11,maximum
0.13313204050064087,useful,family-00382-maximum,0.9620904326438904,0.16124276482625813,3,0.579719188171291,11,maximum
0.16218994557857513,useful,family-00382-minimum,0.9224527478218079,0.27273765366175906,0,0.5036708344651526,11,minimum
0.0649513304233551,useful,family-00382-minimum,0.9409845471382141,0.22424986853494422,1,0.781060621977414,11,minimum
0.18839721381664276,useful,family-00382-minimum,0.9533625245094299,0.188492862181457,2,0.6200942844207403,11,minimum
0.08730150759220123,useful,family-00382-minimum,0.9620362520217896,0.16141793958253164,3,0.4517908209967682,11,minimum
0.19433215260505676,redundant_or_uncertain,family-00382-sum_mod_10,0.9270114302635193,0.26130173358579645,0,0.513916718388646,11,sum_mod_10
-0.20267736911773682,redundant_or_uncertain,family-00382-sum_mod_10,0.9706138968467712,0.13260168348973028,1,0.4101187571691277,11,sum_mod_10
0.04075664281845093,useful,family-00382-sum_mod_10,0.9758445024490356,0.11379816965887568,2,0.7034163234829716,11,sum_mod_10
0.14097192883491516,candidate_harmful,family-00382-sum_mod_10,0.9833258390426636,0.08479663225239382,3,0.4670195791468566,11,sum_mod_10
0.25244826078414917,useful,family-00383-maximum,0.9299190044403076,0.25384840690464694,0,0.5328494317810647,11,maximum
0.29433462023735046,useful,family-00383-maximum,0.9575721621513367,0.17558464159704276,1,0.6239983664784952,11,maximum
0.2501209080219269,useful,family-00383-maximum,0.9720887541770935,0.12740474140054087,2,0.5355055266598978,11,maximum
0.12172693014144897,useful,family-00383-maximum,0.9748157262802124,0.11758125238131888,3,0.44557132006995614,11,maximum
-0.01986759901046753,useful,family-00383-minimum,0.9200815558433533,0.27857013889649007,0,0.6011640919650121,11,minimum
-0.02195131778717041,useful,family-00383-minimum,0.9576200246810913,0.17543544520692037,1,0.5332954633004579,11,minimum
0.7174038290977478,useful,family-00383-minimum,0.9692172408103943,0.1374526762665531,2,1.0661967718816514,11,minimum
0.302778422832489,useful,family-00383-minimum,0.9724607467651367,0.1260814512776391,3,0.7391224396024548,11,minimum
-0.04324933886528015,redundant_or_uncertain,family-00383-sum_mod_10,0.9266049265861511,0.2623337099213538,0,0.5447568447900508,11,sum_mod_10
-0.013264194130897522,redundant_or_uncertain,family-00383-sum_mod_10,0.9664366245269775,0.14691854660098017,1,0.4104345263026966,11,sum_mod_10
-0.042464688420295715,useful,family-00383-sum_mod_10,0.9749158620834351,0.11721494852597322,2,0.7496358408165198,11,sum_mod_10
0.03935138136148453,candidate_harmful,family-00383-sum_mod_10,0.975904643535614,0.11357564355021808,3,0.5275936523685167,11,sum_mod_10
0.020315706729888916,useful,family-00384-maximum,0.9273354411125183,0.26047743032554316,0,0.5826917524280911,11,maximum
0.07055902481079102,useful,family-00384-maximum,0.9546880125999451,0.1844731435425946,1,0.6172395293514455,11,maximum
0.14675122499465942,useful,family-00384-maximum,0.9565428495407104,0.17877965418372826,2,1.096329032934312,11,maximum
0.07473397254943848,useful,family-00384-maximum,0.9654910564422607,0.15008216688125506,3,0.6474894016957287,11,maximum
0.12260007858276367,useful,family-00384-minimum,0.9270985126495361,0.26108034344371944,0,0.4680005694539713,11,minimum
0.2187761664390564,useful,family-00384-minimum,0.9563614726066589,0.17933999489914998,1,0.7580371282753497,11,minimum
0.18941426277160645,useful,family-00384-minimum,0.9620217084884644,0.16146494750146204,2,0.5941518822310454,11,minimum
0.14556670188903809,useful,family-00384-minimum,0.9753841757774353,0.11549635475812173,3,0.532197150296805,11,minimum
-0.000635489821434021,redundant_or_uncertain,family-00384-sum_mod_10,0.9105634689331055,0.3012322197131392,0,0.3809241034489317,11,sum_mod_10
0.057938672602176666,redundant_or_uncertain,family-00384-sum_mod_10,0.9392887949943542,0.22891996052312413,1,0.28829677027879563,11,sum_mod_10
0.05176518112421036,useful,family-00384-sum_mod_10,0.9529610276222229,0.1897026076655473,2,0.5434602340872333,11,sum_mod_10
-0.05866589397192001,candidate_harmful,family-00384-sum_mod_10,0.9706144332885742,0.13259980732943646,3,0.4763435797925006,11,sum_mod_10
0.16351395845413208,useful,family-00385-maximum,0.9232639074325562,0.2707244879911957,0,0.39508623277700017,11,maximum
0.7537952661514282,useful,family-00385-maximum,0.962817370891571,0.15888462636287698,1,0.8728593044294486,11,maximum
0.025576114654541016,useful,family-00385-maximum,0.9746747016906738,0.11809643801528169,2,0.4467324309068458,11,maximum
0.12209713459014893,useful,family-00385-maximum,0.9737433195114136,0.12147889675753146,3,0.46072697692995435,11,maximum
0.03482840955257416,useful,family-00385-minimum,0.9299190044403076,0.25384840690464694,0,0.40149591283855723,11,minimum
-0.13569201529026031,useful,family-00385-minimum,0.960407018661499,0.16664845638459827,1,0.7342120466528599,11,minimum
0.14759951829910278,useful,family-00385-minimum,0.9728471636772156,0.12470137688512398,2,0.6295129175866442,11,minimum
-0.012095868587493896,useful,family-00385-minimum,0.9693859815597534,0.1368701212871387,3,0.45412105221531546,11,minimum
-0.0014493055641651154,redundant_or_uncertain,family-00385-sum_mod_10,0.9299190044403076,0.25384840690464694,0,0.44244567221210923,11,sum_mod_10
-0.004767886362969875,redundant_or_uncertain,family-00385-sum_mod_10,0.9610059261322021,0.16473397752042787,1,0.48067671316629956,11,sum_mod_10
-0.008540053851902485,useful,family-00385-sum_mod_10,0.9752251505851746,0.11608095318167942,2,0.561411521025115,11,sum_mod_10
0.000498608686029911,candidate_harmful,family-00385-sum_mod_10,0.9774758815765381,0.10770630323631691,3,0.4315846108487882,11,sum_mod_10
-0.0042594075202941895,useful,family-00386-maximum,0.9225452542304993,0.2725085342026138,0,0.541945553998215,11,maximum
0.5945456027984619,useful,family-00386-maximum,0.9455503821372986,0.21141406881368346,1,0.8414153554570633,11,maximum
0.0011047124862670898,useful,family-00386-maximum,0.9528135061264038,0.19014619797388482,2,0.3779919509534735,11,maximum
0.04570823907852173,useful,family-00386-maximum,0.9505367875099182,0.1969316618782489,3,0.5772894465368011,11,maximum
0.43137237429618835,useful,family-00386-minimum,0.9367702603340149,0.2357633025956523,0,0.6286376935150165,11,minimum
-0.024083375930786133,useful,family-00386-minimum,0.9588779807090759,0.1714937380114897,1,0.7445722974735245,11,minimum
0.4679409861564636,useful,family-00386-minimum,0.962627112865448,0.15950322544376122,2,0.7570570239481831,11,minimum
0.14742383360862732,useful,family-00386-minimum,0.9735746383666992,0.12208782478728573,3,0.5872643488886986,11,minimum
0.010640587657690048,redundant_or_uncertain,family-00386-sum_mod_10,0.9224527478218079,0.27273765366175906,0,0.487223165429942,11,sum_mod_10
-0.00531572662293911,redundant_or_uncertain,family-00386-sum_mod_10,0.9403279423713684,0.22606422243074445,1,0.5826851585525975,11,sum_mod_10
0.002009289339184761,useful,family-00386-sum_mod_10,0.954778790473938,0.18419637425150265,2,0.4810135093353341,11,sum_mod_10
-0.016858277842402458,candidate_harmful,family-00386-sum_mod_10,0.9602713584899902,0.16708079496610692,3,0.6036991622860304,11,sum_mod_10
0.048170462250709534,useful,family-00387-maximum,0.9367702603340149,0.2357633025956523,0,0.7016514940977354,11,maximum
0.0537591427564621,useful,family-00387-maximum,0.9571565389633179,0.1768778520025943,1,0.44999364609014114,11,maximum
-0.01401897519826889,useful,family-00387-maximum,0.9610512852668762,0.16458859349544208,2,0.45499207533110725,11,maximum
0.03953992575407028,useful,family-00387-maximum,0.9793994426727295,0.10036726261609183,3,0.4382755287860234,11,maximum
0.059432268142700195,useful,family-00387-minimum,0.933686375617981,0.243997324757376,0,0.5747566954393399,11,minimum
0.03668326139450073,useful,family-00387-minimum,0.9572855234146118,0.17647696986204892,1,0.6252199239205631,11,minimum
0.3268609046936035,useful,family-00387-minimum,0.9626632332801819,0.15938586216921768,2,1.0132679103187974,11,minimum
0.15843093395233154,useful,family-00387-minimum,0.9723686575889587,0.12640951895695857,3,0.5733257981297417,11,minimum
-0.06016351282596588,redundant_or_uncertain,family-00387-sum_mod_10,0.91448575258255,0.292034697609945,0,0.5924200046284095,11,sum_mod_10
0.004419946111738682,redundant_or_uncertain,family-00387-sum_mod_10,0.9505945444107056,0.19676090867800994,1,0.49778782476007594,11,sum_mod_10
-0.04352366924285889,useful,family-00387-sum_mod_10,0.9754146337509155,0.11538426708696992,2,0.9904015811956445,11,sum_mod_10
0.0011478336527943611,candidate_harmful,family-00387-sum_mod_10,0.9720489978790283,0.12754586374039995,3,0.3472969474145901,11,sum_mod_10
0.0018616318702697754,useful,family-00388-maximum,0.9232639074325562,0.2707244879911957,0,0.42856430361503367,11,maximum
0.8786395788192749,useful,family-00388-maximum,0.9616810083389282,0.1625645139971481,1,1.0328595956974194,11,maximum
0.028881609439849854,useful,family-00388-maximum,0.9727742671966553,0.12496215434032522,2,0.4248065897249324,11,maximum
0.07922518253326416,useful,family-00388-maximum,0.9738101363182068,0.1212373850673464,3,0.4868266792887295,11,maximum
0.053444862365722656,useful,family-00388-minimum,0.9339317679405212,0.2433478377442233,0,0.4813485151472686,11,minimum
-0.06045597791671753,useful,family-00388-minimum,0.9639671444892883,0.15512458851372668,1,0.8358268937119964,11,minimum
0.8063169717788696,useful,family-00388-minimum,0.9712274670600891,0.13044913431090033,2,0.8875671932156187,11,minimum
0.23139441013336182,useful,family-00388-minimum,0.973803699016571,0.1212606605328575,3,0.46690414773356725,11,minimum
-0.0012234784662723541,redundant_or_uncertain,family-00388-sum_mod_10,0.9246373772621155,0.26729453609831455,0,0.3797634927960734,11,sum_mod_10
-0.0019094464369118214,redundant_or_uncertain,family-00388-sum_mod_10,0.9632540941238403,0.1574608454660585,1,0.5258750143225226,11,sum_mod_10
-0.00901966355741024,useful,family-00388-sum_mod_10,0.9760463833808899,0.11305058737666819,2,0.8549292601821784,11,sum_mod_10
0.0005728448741137981,candidate_harmful,family-00388-sum_mod_10,0.9823106527328491,0.0889048086676063,3,0.42860306246670415,11,sum_mod_10
-0.11069062352180481,useful,family-00389-maximum,0.9270114302635193,0.26130173358579645,0,0.4791215585074037,11,maximum
-0.06914123892784119,useful,family-00389-maximum,0.9700184464454651,0.13467804066710504,1,0.6507204968988705,11,maximum
0.026122890412807465,useful,family-00389-maximum,0.9697466492652893,0.13562174047020734,2,0.4671844777605055,11,maximum
-0.019572362303733826,useful,family-00389-maximum,0.9781620502471924,0.10510838164360271,3,0.4047452319829102,11,maximum
0.17959588766098022,useful,family-00389-minimum,0.9339317679405212,0.2433478377442233,0,0.4284748971145176,11,minimum
0.07013273239135742,useful,family-00389-minimum,0.9638965129852295,0.1553566560855847,1,0.3820689157552722,11,minimum
0.18253397941589355,useful,family-00389-minimum,0.9704271554946899,0.13325418391846816,2,0.6474863732189581,11,minimum
-0.11417126655578613,useful,family-00389-minimum,0.977340579032898,0.10821603124640741,3,0.6717433812117535,11,minimum
-0.009823210537433624,redundant_or_uncertain,family-00389-sum_mod_10,0.9270985126495361,0.26108034344371944,0,0.42479788981883054,11,sum_mod_10
0.007094088941812515,redundant_or_uncertain,family-00389-sum_mod_10,0.9573535919189453,0.1762652498198345,1,0.5196843944281564,11,sum_mod_10
-0.047040827572345734,useful,family-00389-sum_mod_10,0.9693436622619629,0.13701631296932937,2,0.542593731379056,11,sum_mod_10
-0.03520283102989197,candidate_harmful,family-00389-sum_mod_10,0.9788070917129517,0.10264608282234354,3,0.6050667813333512,11,sum_mod_10
