candidate_update_norm,causal_utility,distractor,e1_candidate_harmful_cell,example_id,family_id,gate,gate_entropy,goal_identifiability,layer,relative_update_norm,residual_norm,seed,task
7.8702616691589355,-0.007400140166282654,True,False,family-00300-maximum,family-00300,0.9814576506614685,0.09231065703292635,1.0,0,0.7260501313170024,10.839832305908203,11,maximum
5.204859256744385,0.07774379104375839,True,False,family-00300-maximum,family-00300,0.9847924709320068,0.07874948287375753,1.0,1,0.5032817991989085,10.341838836669922,11,maximum
6.900111198425293,-0.022160053253173828,True,False,family-00300-maximum,family-00300,0.9716017246246338,0.12912955294444847,1.0,2,0.7001376414274376,9.855363845825195,11,maximum
7.6868109703063965,0.10785052925348282,True,False,family-00300-maximum,family-00300,0.9954888224601746,0.02886674572724695,1.0,3,0.5817138440684346,13.214076042175293,11,maximum
7.3115339279174805,0.3664936423301697,True,False,family-00300-minimum,family-00300,0.9789960384368896,0.10192104973285283,0.5,0,0.6590794618667545,11.093554496765137,11,minimum
6.716053485870361,0.006443798542022705,True,False,family-00300-minimum,family-00300,0.9834430813789368,0.08431820569055223,0.5,1,0.605474276364915,11.092219352722168,11,minimum
7.186595916748047,0.053375303745269775,True,False,family-00300-minimum,family-00300,0.9873232245445251,0.06796803154213521,0.5,2,0.5378759441496926,13.361065864562988,11,minimum
7.187625408172607,0.047215163707733154,True,False,family-00300-minimum,family-00300,0.9740668535232544,0.12030783956987194,0.5,3,0.4581123012747724,15.689658164978027,11,minimum
4.071413040161133,0.01009511947631836,False,False,family-00300-sum_mod_10,family-00300,0.9624109864234924,0.16020471188364557,0.0,0,0.3937734302969304,10.339481353759766,11,sum_mod_10
2.872939348220825,-0.006082896143198013,False,False,family-00300-sum_mod_10,family-00300,0.9274168610572815,0.2602700483572009,0.0,1,0.2868040100642899,10.017082214355469,11,sum_mod_10
5.2605719566345215,0.009458504617214203,False,False,family-00300-sum_mod_10,family-00300,0.9535039067268372,0.18806600349892647,0.0,2,0.49768750428565756,10.570030212402344,11,sum_mod_10
7.20203971862793,-0.06378847360610962,False,True,family-00300-sum_mod_10,family-00300,0.9846072793006897,0.07952071009109649,0.0,3,0.5615938380803552,12.824285507202148,11,sum_mod_10
5.2405781745910645,0.07899874448776245,True,False,family-00301-maximum,family-00301,0.9814576506614685,0.09231065703292635,0.5,0,0.48345565011505853,10.839832305908203,11,maximum
9.002086639404297,0.8934440612792969,True,False,family-00301-maximum,family-00301,0.9849517941474915,0.07808415265195445,0.5,1,0.8978969929483762,10.025745391845703,11,maximum
5.140829563140869,0.02742701768875122,True,False,family-00301-maximum,family-00301,0.9378350377082825,0.2328834003024364,0.5,2,0.4349195275303781,11.820185661315918,11,maximum
11.174721717834473,0.2898710370063782,True,False,family-00301-maximum,family-00301,0.9917328357696533,0.04787778285856258,0.5,3,0.8445887673981555,13.230961799621582,11,maximum
6.378189563751221,-0.00048453686758875847,False,False,family-00301-minimum,family-00301,0.9792648553848267,0.10088653983718776,0.0,0,0.6001783928952981,10.627156257629395,11,minimum
6.092281341552734,-0.023671742528676987,False,False,family-00301-minimum,family-00301,0.98847496509552,0.06289728880683398,0.0,1,0.5551972950968416,10.973182678222656,11,minimum
8.769408226013184,-0.25643447041511536,False,False,family-00301-minimum,family-00301,0.9831886887550354,0.08535523290632113,0.0,2,0.8422578952709894,10.411785125732422,11,minimum
5.004467964172363,-0.0010897833853960037,False,False,family-00301-minimum,family-00301,0.9574602246284485,0.17593335160030857,0.0,3,0.49709189450433944,10.067490577697754,11,minimum
4.833624839782715,-0.016448482871055603,False,False,family-00301-sum_mod_10,family-00301,0.9701509475708008,0.1342170673910033,1.0,0,0.4162871826444744,11.611274719238281,11,sum_mod_10
6.745926856994629,-0.06324076652526855,False,False,family-00301-sum_mod_10,family-00301,0.987163782119751,0.06866142791992037,1.0,1,0.59568720669301,11.324612617492676,11,sum_mod_10
6.441762924194336,0.048148028552532196,False,False,family-00301-sum_mod_10,family-00301,0.9942483901977539,0.03540342540709284,1.0,2,0.4810434561404546,13.391228675842285,11,sum_mod_10
7.913832664489746,0.030358850955963135,False,True,family-00301-sum_mod_10,family-00301,0.9989927411079407,0.007957364191038013,1.0,3,0.44740736531311676,17.688203811645508,11,sum_mod_10
4.841581344604492,-0.020339012145996094,False,False,family-00302-maximum,family-00302,0.9753659963607788,0.11556323798514889,0.0,0,0.45803470686322256,10.570337295532227,11,maximum
6.9542436599731445,0.3210817575454712,False,False,family-00302-maximum,family-00302,0.9768127202987671,0.11019678479216341,0.0,1,0.6660045942292382,10.44173526763916,11,maximum
5.901508331298828,0.025747597217559814,False,False,family-00302-maximum,family-00302,0.9636549949645996,0.15614910854877076,0.0,2,0.5385717749601349,10.957700729370117,11,maximum
8.54790210723877,0.3834015429019928,False,False,family-00302-maximum,family-00302,0.9890540838241577,0.06030429009478873,0.0,3,0.6523919552306541,13.102402687072754,11,maximum
6.426281929016113,0.39503222703933716,True,False,family-00302-minimum,family-00302,0.9777830243110657,0.10654610431767582,1.0,0,0.6178914055587664,10.400341987609863,11,minimum
3.4845640659332275,0.1818784773349762,True,False,family-00302-minimum,family-00302,0.9749738574028015,0.11700261013952902,1.0,1,0.33588277661286836,10.374345779418945,11,minimum
7.444765090942383,0.10190260410308838,True,False,family-00302-minimum,family-00302,0.9630100131034851,0.15825724518460638,1.0,2,0.7458716182755698,9.981295585632324,11,minimum
8.19167709350586,0.10212022066116333,True,False,family-00302-minimum,family-00302,0.9703764915466309,0.13343100097584085,1.0,3,0.6284629553415462,13.034462928771973,11,minimum
7.143646717071533,0.0703020840883255,False,False,family-00302-sum_mod_10,family-00302,0.9753659963607788,0.11556323798514889,0.5,0,0.6758201292300241,10.570337295532227,11,sum_mod_10
4.364560604095459,-0.029498308897018433,False,False,family-00302-sum_mod_10,family-00302,0.9701607823371887,0.13418282796251413,0.5,1,0.3802472277667994,11.478218078613281,11,sum_mod_10
6.717758655548096,-0.008671477437019348,False,False,family-00302-sum_mod_10,family-00302,0.9859252572059631,0.07398110935176774,0.5,2,0.5571115016189978,12.058194160461426,11,sum_mod_10
8.527836799621582,-0.16576984524726868,False,True,family-00302-sum_mod_10,family-00302,0.9972992539405823,0.018669921631800722,0.5,3,0.5568186912954785,15.315284729003906,11,sum_mod_10
6.464094638824463,-0.003908343613147736,False,False,family-00303-maximum,family-00303,0.9451321959495544,0.21260608338723008,1.0,0,0.7416726575211758,8.71556282043457,11,maximum
3.451719045639038,-0.00960735883563757,False,False,family-00303-maximum,family-00303,0.9499310255050659,0.19871828448037857,1.0,1,0.44990400326073804,7.672123432159424,11,maximum
6.650054931640625,-0.01828058809041977,False,False,family-00303-maximum,family-00303,0.9526918530464172,0.19051163892187561,1.0,2,0.9025153366133931,7.368356704711914,11,maximum
8.440468788146973,-0.0015530502423644066,False,False,family-00303-maximum,family-00303,0.9858604669570923,0.07425626496461474,1.0,3,0.8709801861121217,9.690770149230957,11,maximum
7.214558124542236,0.20881640911102295,False,False,family-00303-minimum,family-00303,0.9770431518554688,0.10933363553186916,0.5,0,0.6644470891512614,10.857987403869629,11,minimum
7.132621765136719,0.17363965511322021,False,False,family-00303-minimum,family-00303,0.9858356714248657,0.07436148855755058,0.5,1,0.6576446494097321,10.845707893371582,11,minimum
7.8246541023254395,0.18217802047729492,False,False,family-00303-minimum,family-00303,0.984558641910553,0.07972288333025172,0.5,2,0.6109175217048145,12.808036804199219,11,minimum
7.960635662078857,-0.02935349941253662,False,False,family-00303-minimum,family-00303,0.9704952836036682,0.13301627595152196,0.5,3,0.5029593708479406,15.827591896057129,11,minimum
6.576919078826904,-0.03044934943318367,True,False,family-00303-sum_mod_10,family-00303,0.9770553112030029,0.10928802356209882,0.0,0,0.6217592025354333,10.577919960021973,11,sum_mod_10
5.361997604370117,-0.005246501415967941,True,False,family-00303-sum_mod_10,family-00303,0.9771004915237427,0.10911848598555482,0.0,1,0.5774022586670744,9.286416053771973,11,sum_mod_10
6.841578483581543,0.014579510316252708,True,False,family-00303-sum_mod_10,family-00303,0.9834647178649902,0.08422982236757354,0.0,2,0.6326952448870051,10.813386917114258,11,sum_mod_10
6.893411636352539,0.005319101735949516,True,True,family-00303-sum_mod_10,family-00303,0.9978176355361938,0.015552084355275485,0.0,3,0.46266732748594047,14.899283409118652,11,sum_mod_10
5.189773082733154,0.0532955527305603,True,False,family-00304-maximum,family-00304,0.9789960384368896,0.10192104973285283,0.5,0,0.46781877569055835,11.093554496765137,11,maximum
10.15226936340332,0.8124202489852905,True,False,family-00304-maximum,family-00304,0.9763052463531494,0.11208944304144661,0.5,1,1.0130462189432157,10.021526336669922,11,maximum
4.598813533782959,0.0866466760635376,True,False,family-00304-maximum,family-00304,0.8978652954101562,0.32974824073358977,0.5,2,0.38087265881306276,12.07441234588623,11,maximum
7.883240222930908,0.26571714878082275,True,False,family-00304-maximum,family-00304,0.9687818884849548,0.13895127700505808,0.5,3,0.5804950183902597,13.58020305633545,11,maximum
5.5416460037231445,0.029623612761497498,False,False,family-00304-minimum,family-00304,0.9701509475708008,0.1342170673910033,0.0,0,0.47726422272495206,11.611274719238281,11,minimum
8.67860221862793,-0.26514607667922974,False,False,family-00304-minimum,family-00304,0.9815673232078552,0.09187503760552847,0.0,1,0.8040270914840758,10.793917655944824,11,minimum
5.195772647857666,0.01976665109395981,False,False,family-00304-minimum,family-00304,0.9680442810058594,0.14147606202374,0.0,2,0.41074058359309185,12.64976692199707,11,minimum
5.322227954864502,0.029385827481746674,False,False,family-00304-minimum,family-00304,0.9695770144462585,0.13620944744078042,0.0,3,0.3888181184617525,13.688220024108887,11,minimum
5.4717888832092285,0.008514489978551865,True,False,family-00304-sum_mod_10,family-00304,0.9693408608436584,0.13702598831920093,1.0,0,0.5515065200785237,9.921530723571777,11,sum_mod_10
5.824660778045654,-0.0070798397064208984,True,False,family-00304-sum_mod_10,family-00304,0.9815581440925598,0.09191152249577493,1.0,1,0.5594319561379517,10.411741256713867,11,sum_mod_10
6.8261189460754395,0.03171779587864876,True,False,family-00304-sum_mod_10,family-00304,0.9907830357551575,0.052371591302732126,1.0,2,0.5299330900387419,12.881095886230469,11,sum_mod_10
7.750470161437988,0.015216957777738571,True,True,family-00304-sum_mod_10,family-00304,0.9978394508361816,0.015418352478566901,1.0,3,0.46287945693990806,16.744035720825195,11,sum_mod_10
7.394664287567139,0.1899215579032898,False,False,family-00305-maximum,family-00305,0.9753659963607788,0.11556323798514889,0.0,0,0.6995674859583382,10.570337295532227,11,maximum
7.099862575531006,0.6558730602264404,False,False,family-00305-maximum,family-00305,0.9731869697570801,0.12348310288394902,0.0,1,0.624340143416127,11.371786117553711,11,maximum
5.37827730178833,0.04092812538146973,False,False,family-00305-maximum,family-00305,0.9617437720298767,0.16236218964043309,0.0,2,0.4518976748337916,11.901537895202637,11,maximum
6.623420715332031,0.15772312879562378,False,False,family-00305-maximum,family-00305,0.9858659505844116,0.07423298840932259,0.0,3,0.5126937690502502,12.918863296508789,11,maximum
6.715730667114258,0.40181881189346313,False,False,family-00305-minimum,family-00305,0.9756683111190796,0.11444920768545054,1.0,0,0.6195751298701128,10.839251518249512,11,minimum
6.221914768218994,0.032063186168670654,False,False,family-00305-minimum,family-00305,0.9732584357261658,0.12322632145312064,1.0,1,0.544401856430924,11.428900718688965,11,minimum
7.032472610473633,0.2731698751449585,False,False,family-00305-minimum,family-00305,0.9530678987503052,0.1893809479629326,1.0,2,0.5536663318226435,12.701643943786621,11,minimum
8.85977840423584,0.20390939712524414,False,False,family-00305-minimum,family-00305,0.9630783796310425,0.15803434454799853,1.0,3,0.673037818749587,13.163864135742188,11,minimum
4.607290267944336,0.011681079864501953,True,False,family-00305-sum_mod_10,family-00305,0.9598170518875122,0.16852513151165266,0.5,0,0.4886568771983948,9.42847728729248,11,sum_mod_10
7.366433143615723,-0.025908537209033966,True,False,family-00305-sum_mod_10,family-00305,0.9801504611968994,0.09745296640094195,0.5,1,0.7445592840292115,9.893682479858398,11,sum_mod_10
6.562249660491943,0.025815358385443687,True,False,family-00305-sum_mod_10,family-00305,0.9878286123275757,0.06575661346400358,0.5,2,0.5251650018294104,12.495595932006836,11,sum_mod_10
8.622259140014648,0.0035349391400814056,True,True,family-00305-sum_mod_10,family-00305,0.99676114320755,0.021800465471389537,0.5,3,0.5354122264116976,16.10396385192871,11,sum_mod_10
6.449265956878662,0.018710970878601074,True,False,family-00306-maximum,family-00306,0.9789960384368896,0.10192104973285283,1.0,0,0.5813525285118722,11.093554496765137,11,maximum
3.2808732986450195,0.14044052362442017,True,False,family-00306-maximum,family-00306,0.9796537756919861,0.09938351526606143,1.0,1,0.3094974030159094,10.600648880004883,11,maximum
8.87568473815918,0.15052151679992676,True,False,family-00306-maximum,family-00306,0.973768413066864,0.12138821572016796,1.0,2,0.8390638555756031,10.578080177307129,11,maximum
7.57532262802124,0.3515915870666504,True,False,family-00306-maximum,family-00306,0.9942822456359863,0.035228884601660404,1.0,3,0.5768796389914874,13.131547927856445,11,maximum
6.283949851989746,-0.07911401987075806,True,False,family-00306-minimum,family-00306,0.9775740504264832,0.10733594951541904,0.5,0,0.6175486486458623,10.17563533782959,11,minimum
6.162191867828369,0.02169579267501831,True,False,family-00306-minimum,family-00306,0.9779841303825378,0.10578409860627969,0.5,1,0.5713527985384605,10.785265922546387,11,minimum
11.78958511352539,0.7616528272628784,True,False,family-00306-minimum,family-00306,0.9876939058303833,0.06634808809555245,0.5,2,0.9055795110653749,13.018829345703125,11,minimum
5.774230003356934,0.051754653453826904,True,False,family-00306-minimum,family-00306,0.9684690833091736,0.14002416318220787,0.5,3,0.3129148834083434,18.45303726196289,11,minimum
8.098800659179688,0.0018500741571187973,False,False,family-00306-sum_mod_10,family-00306,0.9753659963607788,0.11556323798514889,0.0,0,0.7661818570919978,10.570337295532227,11,sum_mod_10
4.839357852935791,-0.009143329225480556,False,False,family-00306-sum_mod_10,family-00306,0.9763385653495789,0.11196552162676765,0.0,1,0.41791023572516905,11.5798978805542,11,sum_mod_10
12.499731063842773,-0.07184752821922302,False,False,family-00306-sum_mod_10,family-00306,0.9878062605857849,0.06585486037356963,0.0,2,0.9461742795058322,13.21081256866455,11,sum_mod_10
6.325869560241699,0.0007024863734841347,False,True,family-00306-sum_mod_10,family-00306,0.9809374213218689,0.09436806926584822,0.0,3,0.3699928580162019,17.097274780273438,11,sum_mod_10
6.243318557739258,0.0033075688406825066,False,False,family-00307-maximum,family-00307,0.9770431518554688,0.10933363553186916,0.5,0,0.5749977712733605,10.857987403869629,11,maximum
6.423643589019775,-0.02298811450600624,False,False,family-00307-maximum,family-00307,0.9891371130943298,0.05993002512429174,0.5,1,0.5397913145387341,11.900235176086426,11,maximum
3.821716070175171,0.0011838385835289955,False,False,family-00307-maximum,family-00307,0.9603357911109924,0.16687551338111004,0.5,2,0.3198682830897061,11.94778060913086,11,maximum
7.670773506164551,0.0049120294861495495,False,False,family-00307-maximum,family-00307,0.991100013256073,0.050883380126722236,0.5,3,0.584737043899175,13.118330001831055,11,maximum
7.0885467529296875,-0.27188318967819214,True,False,family-00307-minimum,family-00307,0.9736681580543518,0.12175036180933502,0.0,0,0.6604431357987373,10.733016014099121,11,minimum
3.9979398250579834,0.088672935962677,True,False,family-00307-minimum,family-00307,0.9837406277656555,0.08310021537304656,0.0,1,0.33778539550477205,11.835739135742188,11,minimum
11.185361862182617,0.5415682792663574,True,False,family-00307-minimum,family-00307,0.9818871021270752,0.0906010661108016,0.0,2,0.950635561692458,11.766193389892578,11,minimum
6.505270957946777,0.25316664576530457,True,False,family-00307-minimum,family-00307,0.9300017952919006,0.2536343030345075,0.0,3,0.4012898535411996,16.21090316772461,11,minimum
6.916490077972412,0.0553165040910244,False,False,family-00307-sum_mod_10,family-00307,0.9701509475708008,0.1342170673910033,1.0,0,0.5956701779273849,11.611274719238281,11,sum_mod_10
5.659669876098633,0.012104533612728119,False,False,family-00307-sum_mod_10,family-00307,0.9792039394378662,0.10112127782461952,1.0,1,0.4982113116228184,11.359978675842285,11,sum_mod_10
8.908811569213867,-0.07494223117828369,False,False,family-00307-sum_mod_10,family-00307,0.9907088279724121,0.05271839377292977,1.0,2,0.656999145340983,13.559852600097656,11,sum_mod_10
6.73769998550415,0.04160948097705841,False,True,family-00307-sum_mod_10,family-00307,0.9962062835693359,0.02493423876151493,1.0,3,0.3724178336565176,18.09177589416504,11,sum_mod_10
6.795253753662109,0.6128426790237427,True,False,family-00308-maximum,family-00308,0.9693408608436584,0.13702598831920093,0.0,0,0.6848997340216672,9.921530723571777,11,maximum
7.219721794128418,0.8325991630554199,True,False,family-00308-maximum,family-00308,0.9891464710235596,0.05988780292960106,0.0,1,0.6791323635953913,10.630802154541016,11,maximum
7.356495380401611,0.15203458070755005,True,False,family-00308-maximum,family-00308,0.9706283807754517,0.13255102361990256,0.0,2,0.7233388377209022,10.17019271850586,11,maximum
10.788816452026367,0.42178305983543396,True,False,family-00308-maximum,family-00308,0.9939295053482056,0.03703774983934907,0.0,3,0.766080822317898,14.083130836486816,11,maximum
6.069961071014404,0.006362043786793947,True,False,family-00308-minimum,family-00308,0.9736681580543518,0.12175036180933502,1.0,0,0.5655410429874299,10.733016014099121,11,minimum
5.089993000030518,-0.010504062287509441,True,False,family-00308-minimum,family-00308,0.9897957444190979,0.05693802019909843,1.0,1,0.47332265708701476,10.753748893737793,11,minimum
5.787858486175537,-0.0031962133944034576,True,False,family-00308-minimum,family-00308,0.9850032925605774,0.07786873102339366,1.0,2,0.5365670917348816,10.78683090209961,11,minimum
8.969756126403809,-0.008849694393575191,True,False,family-00308-minimum,family-00308,0.9919626116752625,0.04677455853787893,1.0,3,0.8086414292040864,11.092377662658691,11,minimum
5.971379280090332,-0.11141962558031082,False,False,family-00308-sum_mod_10,family-00308,0.9814190864562988,0.09246367682088055,0.5,0,0.5334060449581377,11.194809913635254,11,sum_mod_10
6.846028804779053,0.0008687153458595276,False,False,family-00308-sum_mod_10,family-00308,0.9893150329589844,0.059125861993313766,0.5,1,0.5879285795893596,11.644320487976074,11,sum_mod_10
6.2118635177612305,-0.03526991605758667,False,False,family-00308-sum_mod_10,family-00308,0.9950075149536133,0.03143928132828463,0.5,2,0.46745362502727095,13.288726806640625,11,sum_mod_10
9.431373596191406,-0.0028597302734851837,False,True,family-00308-sum_mod_10,family-00308,0.9991989731788635,0.0065117196555030624,0.5,3,0.5711351273058914,16.513383865356445,11,sum_mod_10
7.497416973114014,0.2064298391342163,False,False,family-00309-maximum,family-00309,0.9756683111190796,0.11444920768545054,1.0,0,0.6916913922046171,10.839251518249512,11,maximum
5.203377723693848,0.517261803150177,False,False,family-00309-maximum,family-00309,0.977227509021759,0.10864136792717097,1.0,1,0.45932975402987336,11.32819652557373,11,maximum
8.669244766235352,0.76054447889328,False,False,family-00309-maximum,family-00309,0.9661450982093811,0.147896821180291,1.0,2,0.7903330038526547,10.969103813171387,11,maximum
10.875258445739746,0.24226170778274536,False,False,family-00309-maximum,family-00309,0.9928574562072754,0.04241318563313382,1.0,3,0.7282000120818187,14.934438705444336,11,maximum
5.963778972625732,0.3691086769104004,True,False,family-00309-minimum,family-00309,0.9661733508110046,0.14780212800260134,0.5,0,0.5787510312238955,10.304567337036133,11,minimum
7.714261531829834,0.1948777139186859,True,False,family-00309-minimum,family-00309,0.9815256595611572,0.09204060373252251,0.5,1,0.7149361121690168,10.790141105651855,11,minimum
6.715288162231445,0.40051791071891785,True,False,family-00309-minimum,family-00309,0.986868679523468,0.06993951961132906,0.5,2,0.5971640202378805,11.245299339294434,11,minimum
7.839106559753418,-0.030861377716064453,True,False,family-00309-minimum,family-00309,0.9767451882362366,0.11044930079640262,0.5,3,0.6199184819804754,12.64538288116455,11,minimum
6.147592544555664,-0.12891364097595215,False,False,family-00309-sum_mod_10,family-00309,0.9719721078872681,0.1278186340175579,0.0,0,0.55026551590001,11.17204761505127,11,sum_mod_10
4.518099784851074,-0.019226133823394775,False,False,family-00309-sum_mod_10,family-00309,0.973811149597168,0.12123372118866724,0.0,1,0.3875183102213651,11.659061431884766,11,sum_mod_10
6.33434534072876,-0.026584386825561523,False,False,family-00309-sum_mod_10,family-00309,0.9884223341941833,0.06313146132951516,0.0,2,0.5141092757738971,12.321009635925293,11,sum_mod_10
9.212027549743652,0.3374887704849243,False,True,family-00309-sum_mod_10,family-00309,0.9948429465293884,0.03230794429365099,0.0,3,0.5999893412646913,15.353652000427246,11,sum_mod_10
4.369233131408691,0.1517515778541565,False,False,family-00310-maximum,family-00310,0.9814190864562988,0.09246367682088055,0.5,0,0.39029096207225233,11.194809913635254,11,maximum
7.523802280426025,0.6118103265762329,False,False,family-00310-maximum,family-00310,0.9852140545845032,0.07698522054267275,0.5,1,0.6973735782089808,10.788768768310547,11,maximum
4.180906295776367,0.12320584058761597,False,False,family-00310-maximum,family-00310,0.9403104186058044,0.2261125391093926,0.5,2,0.44808479436230575,9.33061408996582,11,maximum
8.480209350585938,0.2662349343299866,False,False,family-00310-maximum,family-00310,0.988864541053772,0.061156299660778006,0.5,3,0.8199094997591116,10.342860221862793,11,maximum
5.365177631378174,-0.05570334196090698,True,False,family-00310-minimum,family-00310,0.9693408608436584,0.13702598831920093,0.0,0,0.5407610761746143,9.921530723571777,11,minimum
4.807992458343506,0.0033680200576782227,True,False,family-00310-minimum,family-00310,0.9849560856819153,0.07806620769211345,0.0,1,0.46668181991955726,10.302506446838379,11,minimum
12.85672378540039,0.7532808780670166,True,False,family-00310-minimum,family-00310,0.9854171872138977,0.07613080698044945,0.0,2,1.1326367536066677,11.351144790649414,11,minimum
7.357632160186768,0.046242356300354004,True,False,family-00310-minimum,family-00310,0.9393482208251953,0.2287571625136618,0.0,3,0.44981748515959147,16.3569278717041,11,minimum
5.050844669342041,-0.0367928072810173,False,False,family-00310-sum_mod_10,family-00310,0.9753659963607788,0.11556323798514889,1.0,0,0.4778319298738826,10.570337295532227,11,sum_mod_10
5.369922637939453,0.044600218534469604,False,False,family-00310-sum_mod_10,family-00310,0.974237859249115,0.11968719992219597,1.0,1,0.4963740571067493,10.81829833984375,11,sum_mod_10
11.047327995300293,-0.026550263166427612,False,False,family-00310-sum_mod_10,family-00310,0.9894310235977173,0.05859999742327691,1.0,2,0.9013909820773269,12.255867004394531,11,sum_mod_10
7.754597187042236,0.02617894485592842,False,True,family-00310-sum_mod_10,family-00310,0.9969663023948669,0.02061838830647648,1.0,3,0.41186521866993514,18.8279972076416,11,sum_mod_10
8.151460647583008,0.08776825666427612,True,False,family-00311-maximum,family-00311,0.9736681580543518,0.12175036180933502,0.0,0,0.7594753084198397,10.733016014099121,11,maximum
7.948775291442871,0.8317012786865234,True,False,family-00311-maximum,family-00311,0.9896907806396484,0.057417653778241914,0.0,1,0.7010630385994107,11.338174819946289,11,maximum
3.7873752117156982,0.05821031332015991,True,False,family-00311-maximum,family-00311,0.9692521691322327,0.13733216937948517,0.0,2,0.3191141791900487,11.868401527404785,11,maximum
6.972200393676758,0.19690948724746704,True,False,family-00311-maximum,family-00311,0.9925150275230408,0.04409476686315526,0.0,3,0.5350783908715954,13.030241012573242,11,maximum
6.846664905548096,0.17473924160003662,False,False,family-00311-minimum,family-00311,0.9451321959495544,0.21260608338723008,1.0,0,0.7855677305767743,8.71556282043457,11,minimum
5.1080427169799805,-0.0032276511192321777,False,False,family-00311-minimum,family-00311,0.9688627123832703,0.1386735355059911,1.0,1,0.5600840935862694,9.120135307312012,11,minimum
8.998851776123047,0.5865464210510254,False,False,family-00311-minimum,family-00311,0.9643388390541077,0.15390097210652348,1.0,2,0.967138638018694,9.304614067077637,11,minimum
9.34423828125,0.12966406345367432,False,False,family-00311-minimum,family-00311,0.9483372569084167,0.20338228727960664,1.0,3,0.7273506319684389,12.846951484680176,11,minimum
6.521851539611816,-0.0017437459900975227,False,False,family-00311-sum_mod_10,family-00311,0.9814190864562988,0.09246367682088055,0.5,0,0.5825781402208728,11.194809913635254,11,sum_mod_10
5.802421569824219,-0.006391716189682484,False,False,family-00311-sum_mod_10,family-00311,0.9896195530891418,0.05774251347340143,0.5,1,0.4866537900779026,11.923099517822266,11,sum_mod_10
8.132355690002441,-0.018968861550092697,False,False,family-00311-sum_mod_10,family-00311,0.9933497309684753,0.03996655698655803,0.5,2,0.6008214676503517,13.535394668579102,11,sum_mod_10
7.889885902404785,0.0031358301639556885,False,True,family-00311-sum_mod_10,family-00311,0.9965517520904541,0.022993478849852644,0.5,3,0.4335313684028718,18.199111938476562,11,sum_mod_10
6.791234016418457,-0.0425085574388504,True,False,family-00312-maximum,family-00312,0.9661733508110046,0.14780212800260134,1.0,0,0.6590508649509002,10.304567337036133,11,maximum
4.406007766723633,0.029935047030448914,True,False,family-00312-maximum,family-00312,0.9819189310073853,0.09047394960256434,1.0,1,0.40088374257448595,10.990736961364746,11,maximum
6.630789756774902,0.04608120024204254,True,False,family-00312-maximum,family-00312,0.9735714197158813,0.12209943313381247,1.0,2,0.615119879992611,10.779670715332031,11,maximum
7.148530006408691,0.14681684970855713,True,False,family-00312-maximum,family-00312,0.9938920736312866,0.037228469325327626,1.0,3,0.5265373296289179,13.576492309570312,11,maximum
5.702813148498535,0.12444692850112915,False,False,family-00312-minimum,family-00312,0.9814190864562988,0.09246367682088055,0.5,0,0.5094158089770262,11.194809913635254,11,minimum
6.405967712402344,0.03280085325241089,False,False,family-00312-minimum,family-00312,0.9897865056991577,0.05698028028939449,0.5,1,0.5705003861432784,11.228682518005371,11,minimum
7.981391429901123,0.15729519724845886,False,False,family-00312-minimum,family-00312,0.989286482334137,0.05925510569716473,0.5,2,0.6820028914506465,11.70287036895752,11,minimum
7.987496852874756,-0.009044408798217773,False,False,family-00312-minimum,family-00312,0.9829955697059631,0.08613986189761577,0.5,3,0.543566982944368,14.694595336914062,11,minimum
7.148381233215332,0.061164796352386475,True,False,family-00312-sum_mod_10,family-00312,0.9598170518875122,0.16852513151165266,0.0,0,0.7581692160249229,9.42847728729248,11,sum_mod_10
5.161334037780762,0.010255992412567139,True,False,family-00312-sum_mod_10,family-00312,0.9824553728103638,0.08832287180343154,0.0,1,0.4788734899302136,10.778074264526367,11,sum_mod_10
6.672950744628906,0.014376796782016754,True,False,family-00312-sum_mod_10,family-00312,0.9872080683708191,0.0684690345067866,0.0,2,0.5610069668300062,11.8945951461792,11,sum_mod_10
6.530534267425537,0.0013233870267868042,True,True,family-00312-sum_mod_10,family-00312,0.9940067529678345,0.03664342741025847,0.0,3,0.4052180205688446,16.116100311279297,11,sum_mod_10
7.191372871398926,0.16212022304534912,True,False,family-00313-maximum,family-00313,0.9777830243110657,0.10654610431767582,0.5,0,0.6914554232895566,10.400341987609863,11,maximum
7.1035051345825195,0.39533594250679016,True,False,family-00313-maximum,family-00313,0.9789268374443054,0.1021867909322356,0.5,1,0.7414299075393163,9.580818176269531,11,maximum
3.1861953735351562,0.019345402717590332,True,False,family-00313-maximum,family-00313,0.9213019609451294,0.27557795816258474,0.5,2,0.3261063148003417,9.770419120788574,11,maximum
5.917691230773926,0.1797230839729309,True,False,family-00313-maximum,family-00313,0.9815477132797241,0.0919529769485172,0.5,3,0.5583908471094181,10.597758293151855,11,maximum
6.23848295211792,0.2669491171836853,True,False,family-00313-minimum,family-00313,0.9770553112030029,0.10928802356209882,0.0,0,0.589764620614974,10.577919960021973,11,minimum
6.591393947601318,0.0699959397315979,True,False,family-00313-minimum,family-00313,0.9859519004821777,0.07386787118492089,0.0,1,0.6166331893126082,10.689327239990234,11,minimum
8.6630220413208,0.34186851978302,True,False,family-00313-minimum,family-00313,0.9863551259040833,0.07214778579896108,0.0,2,0.6988268437716247,12.39652156829834,11,minimum
5.937649726867676,0.10682699084281921,True,False,family-00313-minimum,family-00313,0.9807931184768677,0.09493617982121547,0.0,3,0.40537419527608826,14.647330284118652,11,minimum
7.737964630126953,-0.0024680793285369873,True,False,family-00313-sum_mod_10,family-00313,0.9693408608436584,0.13702598831920093,1.0,0,0.7799164106545512,9.921530723571777,11,sum_mod_10
5.056917667388916,0.0030407533049583435,True,False,family-00313-sum_mod_10,family-00313,0.9862063527107239,0.07278381280287896,1.0,1,0.46063640132237793,10.978111267089844,11,sum_mod_10
7.8303351402282715,-0.029654141515493393,True,False,family-00313-sum_mod_10,family-00313,0.992472767829895,0.04430118458162547,1.0,2,0.5767276962420516,13.577178955078125,11,sum_mod_10
8.853195190429688,0.01639636605978012,True,True,family-00313-sum_mod_10,family-00313,0.9988378882408142,0.009014425571396815,1.0,3,0.5224592964822989,16.945234298706055,11,sum_mod_10
6.033409118652344,0.027592718601226807,False,False,family-00314-maximum,family-00314,0.9792648553848267,0.10088653983718776,0.0,0,0.5677350527636091,10.627156257629395,11,maximum
8.655597686767578,0.8332664966583252,False,False,family-00314-maximum,family-00314,0.9884307384490967,0.0630940842505848,0.0,1,0.8002960619945493,10.815494537353516,11,maximum
5.423712730407715,0.08789795637130737,False,False,family-00314-maximum,family-00314,0.9627371430397034,0.15914559972921086,0.0,2,0.4802208221630753,11.294205665588379,11,maximum
13.646120071411133,0.20681947469711304,False,False,family-00314-maximum,family-00314,0.9916818737983704,0.04812158801893269,0.0,3,1.0706833108394216,12.745244026184082,11,maximum
5.912075042724609,0.09034609794616699,True,False,family-00314-minimum,family-00314,0.9777830243110657,0.10654610431767582,1.0,0,0.5684500615237252,10.400341987609863,11,minimum
6.185286045074463,0.27438879013061523,True,False,family-00314-minimum,family-00314,0.9819960594177246,0.090165681350383,1.0,1,0.5864845924127439,10.546374320983887,11,minimum
7.069470405578613,0.04352825880050659,True,False,family-00314-minimum,family-00314,0.9714133739471436,0.12979428235798654,1.0,2,0.6670250647397574,10.59850788116455,11,minimum
10.219549179077148,0.03416728973388672,True,False,family-00314-minimum,family-00314,0.9811645746231079,0.09347152263445417,1.0,3,0.8864018952304498,11.529250144958496,11,minimum
4.6178059577941895,-0.018210016191005707,True,False,family-00314-sum_mod_10,family-00314,0.9598170518875122,0.16852513151165266,0.5,0,0.489772188773046,9.42847728729248,11,sum_mod_10
6.903679370880127,0.007373008877038956,True,False,family-00314-sum_mod_10,family-00314,0.98546302318573,0.07593761670388732,0.5,1,0.6534520963721521,10.564935684204102,11,sum_mod_10
6.179968357086182,-0.059255585074424744,True,False,family-00314-sum_mod_10,family-00314,0.9937576055526733,0.03791170780102897,0.5,2,0.4832629748859607,12.788002967834473,11,sum_mod_10
9.074286460876465,-0.007882967591285706,True,True,family-00314-sum_mod_10,family-00314,0.9982770681381226,0.012685716266458431,0.5,3,0.53904359786945,16.834049224853516,11,sum_mod_10
4.515164375305176,0.028162598609924316,False,False,family-00315-maximum,family-00315,0.941710889339447,0.22223376595091454,1.0,0,0.47517532685727637,9.50210189819336,11,maximum
6.474269866943359,0.10689729452133179,False,False,family-00315-maximum,family-00315,0.9761412143707275,0.11269881926827963,1.0,1,0.6983098031745039,9.271343231201172,11,maximum
11.567951202392578,0.6901980638504028,False,False,family-00315-maximum,family-00315,0.9856076240539551,0.07532718709332038,1.0,2,1.105151351705941,10.467300415039062,11,maximum
10.790886878967285,0.13677430152893066,False,False,family-00315-maximum,family-00315,0.9954463839530945,0.029095572686490552,1.0,3,0.8237646022630355,13.099478721618652,11,maximum
4.667413234710693,-0.013173267245292664,False,False,family-00315-minimum,family-00315,0.9770431518554688,0.10933363553186916,0.5,0,0.4298598866533309,10.857987403869629,11,minimum
6.992475986480713,0.022252462804317474,False,False,family-00315-minimum,family-00315,0.9925813674926758,0.043770243478727794,0.5,1,0.6450437375493671,10.840312957763672,11,minimum
5.865987300872803,0.01384127140045166,False,False,family-00315-minimum,family-00315,0.9879229664802551,0.06534142168096613,0.5,2,0.5607776596018189,10.460451126098633,11,minimum
7.46766471862793,0.002608697861433029,False,False,family-00315-minimum,family-00315,0.9853851199150085,0.07626587785877617,0.5,3,0.7656474967339478,9.753397941589355,11,minimum
6.0302510261535645,-0.0018147081136703491,True,False,family-00315-sum_mod_10,family-00315,0.9741891026496887,0.11986427310489711,0.0,0,0.5596839887404249,10.774385452270508,11,sum_mod_10
4.488251209259033,0.11240369081497192,True,False,family-00315-sum_mod_10,family-00315,0.9777727723121643,0.10658489988260719,0.0,1,0.38796527376017814,11.568693161010742,11,sum_mod_10
5.257073402404785,0.042700059711933136,True,False,family-00315-sum_mod_10,family-00315,0.9795565605163574,0.09975991969253878,0.0,2,0.4115987952588986,12.772324562072754,11,sum_mod_10
7.409132957458496,0.007275521755218506,True,True,family-00315-sum_mod_10,family-00315,0.9962694644927979,0.024581751530567703,0.0,3,0.4737262519917104,15.640114784240723,11,sum_mod_10
7.707416534423828,-0.08858868479728699,False,False,family-00316-maximum,family-00316,0.9770431518554688,0.10933363553186916,0.5,0,0.7098384118291587,10.857987403869629,11,maximum
7.26680850982666,0.15120892226696014,False,False,family-00316-maximum,family-00316,0.9930251836776733,0.041583532264090305,0.5,1,0.6017837589169189,12.075448036193848,11,maximum
4.539236545562744,-0.08973678946495056,False,False,family-00316-maximum,family-00316,0.965941846370697,0.14857733459976052,0.5,2,0.3831810291625079,11.846193313598633,11,maximum
7.261168003082275,0.24641597270965576,False,False,family-00316-maximum,family-00316,0.9949814677238464,0.031577128459184645,0.5,3,0.5212882035527272,13.929277420043945,11,maximum
7.044787406921387,0.32755622267723083,True,False,family-00316-minimum,family-00316,0.9598170518875122,0.16852513151165266,0.0,0,0.7471818823190267,9.42847728729248,11,minimum
4.663857460021973,-0.00029534101486206055,True,False,family-00316-minimum,family-00316,0.9823924899101257,0.08857588022250028,0.0,1,0.4294702799806658,10.85955810546875,11,minimum
9.020305633544922,0.002376079559326172,True,False,family-00316-minimum,family-00316,0.9857821464538574,0.07458847986375784,0.0,2,0.7702968669845373,11.71016788482666,11,minimum
5.939112186431885,0.06438910961151123,True,False,family-00316-minimum,family-00316,0.9345575571060181,0.24168711766565273,0.0,3,0.3964209441494017,14.981832504272461,11,minimum
5.959605693817139,0.04823242127895355,True,False,family-00316-sum_mod_10,family-00316,0.9775740504264832,0.10733594951541904,1.0,0,0.585674063187124,10.17563533782959,11,sum_mod_10
4.925134658813477,-0.1016865149140358,True,False,family-00316-sum_mod_10,family-00316,0.9814520478248596,0.0923328937259155,1.0,1,0.4768766386240512,10.327900886535645,11,sum_mod_10
5.350347518920898,0.02678297832608223,True,False,family-00316-sum_mod_10,family-00316,0.982883870601654,0.08659266735090543,1.0,2,0.5133254730576332,10.422914505004883,11,sum_mod_10
6.23203182220459,-0.07654216140508652,True,True,family-00316-sum_mod_10,family-00316,0.9948439598083496,0.03230261209727494,1.0,3,0.4726590471362966,13.185047149658203,11,sum_mod_10
5.384629726409912,0.016462266445159912,True,False,family-00317-maximum,family-00317,0.9736681580543518,0.12175036180933502,0.0,0,0.5016884088625738,10.733016014099121,11,maximum
10.452473640441895,0.814170777797699,True,False,family-00317-maximum,family-00317,0.9901897311210632,0.05512786754731586,0.0,1,0.960796663786086,10.878965377807617,11,maximum
4.882723331451416,0.0032820701599121094,True,False,family-00317-maximum,family-00317,0.9579810500144958,0.17430823923714178,0.0,2,0.38371243615230727,12.724954605102539,11,maximum
7.476810455322266,0.1018143892288208,True,False,family-00317-maximum,family-00317,0.990625262260437,0.053108213627067566,0.0,3,0.5128467388393421,14.579034805297852,11,maximum
5.408467769622803,-0.004575096070766449,False,False,family-00317-minimum,family-00317,0.941710889339447,0.22223376595091454,1.0,0,0.5691864629078666,9.50210189819336,11,minimum
8.985674858093262,-0.0057171061635017395,False,False,family-00317-minimum,family-00317,0.9779472947120667,0.10592381169867895,1.0,1,0.9550633344432635,9.408459663391113,11,minimum
9.125965118408203,0.05535291135311127,False,False,family-00317-minimum,family-00317,0.9791262149810791,0.10142052244471372,1.0,2,0.7577023124911515,12.044261932373047,11,minimum
9.044678688049316,-0.03437490016222,False,False,family-00317-minimum,family-00317,0.9784716963768005,0.10392884424977147,1.0,3,0.6884778507486263,13.137210845947266,11,minimum
4.6595072746276855,-0.021707598119974136,True,False,family-00317-sum_mod_10,family-00317,0.9598170518875122,0.16852513151165266,0.5,0,0.4941950998712888,9.42847728729248,11,sum_mod_10
8.233166694641113,-0.05747005715966225,True,False,family-00317-sum_mod_10,family-00317,0.9859176278114319,0.07401352606774195,0.5,1,0.7776895872068722,10.586700439453125,11,sum_mod_10
6.414873123168945,-0.011779289692640305,True,False,family-00317-sum_mod_10,family-00317,0.9928066730499268,0.04266359463782429,0.5,2,0.4805473703883153,13.349096298217773,11,sum_mod_10
8.143647193908691,0.010100262239575386,True,True,family-00317-sum_mod_10,family-00317,0.9981656670570374,0.013390917840327034,0.5,3,0.4700051441014395,17.326719284057617,11,sum_mod_10
4.2409467697143555,0.09185391664505005,False,False,family-00318-maximum,family-00318,0.9451321959495544,0.21260608338723008,1.0,0,0.48659471075935584,8.71556282043457,11,maximum
6.083302021026611,0.7571452856063843,False,False,family-00318-maximum,family-00318,0.959568440914154,0.169313249010699,1.0,1,0.7898140580315061,7.702195167541504,11,maximum
7.460252285003662,0.23841893672943115,False,False,family-00318-maximum,family-00318,0.9479705095291138,0.20444814276268367,1.0,2,0.8593227110627573,8.681549072265625,11,maximum
10.808248519897461,0.06389760971069336,False,False,family-00318-maximum,family-00318,0.987637996673584,0.06659313691011431,1.0,3,0.864822986024586,12.497642517089844,11,maximum
6.417481422424316,0.3947201371192932,True,False,family-00318-minimum,family-00318,0.9777830243110657,0.10654610431767582,0.5,0,0.6170452308269854,10.400341987609863,11,minimum
6.891272068023682,0.13284575939178467,True,False,family-00318-minimum,family-00318,0.9743461608886719,0.11929353321314734,0.5,1,0.6749811172145056,10.209577560424805,11,minimum
5.715095520019531,0.25998738408088684,True,False,family-00318-minimum,family-00318,0.9713819622993469,0.12990501619810646,0.5,2,0.5138173171188013,11.12281608581543,11,minimum
5.229343414306641,0.090401291847229,True,False,family-00318-minimum,family-00318,0.9558262228965759,0.18098899638201216,0.5,3,0.41137958084231263,12.711723327636719,11,minimum
4.481142997741699,0.02824939414858818,True,False,family-00318-sum_mod_10,family-00318,0.9598170518875122,0.16852513151165266,0.0,0,0.4752774876788744,9.42847728729248,11,sum_mod_10
5.595996856689453,0.01572657749056816,True,False,family-00318-sum_mod_10,family-00318,0.9793630838394165,0.10050763392465992,0.0,1,0.5662314302394589,9.882879257202148,11,sum_mod_10
6.334394931793213,0.012496784329414368,True,False,family-00318-sum_mod_10,family-00318,0.9859321117401123,0.0739519813813195,0.0,2,0.5800083603147195,10.921213150024414,11,sum_mod_10
5.8355183601379395,-0.010597240179777145,True,True,family-00318-sum_mod_10,family-00318,0.9967807531356812,0.021688054813691675,0.0,3,0.39940661955323264,14.610469818115234,11,sum_mod_10
5.388138771057129,0.11281761527061462,True,False,family-00319-maximum,family-00319,0.9661733508110046,0.14780212800260134,0.5,0,0.5228884042216275,10.304567337036133,11,maximum
5.401072978973389,0.10758867859840393,True,False,family-00319-maximum,family-00319,0.9827457666397095,0.0871514879002609,0.5,1,0.5039614391918016,10.71723461151123,11,maximum
5.361400127410889,-0.048862189054489136,True,False,family-00319-maximum,family-00319,0.9636343717575073,0.15621669868057358,0.5,2,0.5475007834885605,9.792497634887695,11,maximum
8.403735160827637,0.18936237692832947,True,False,family-00319-maximum,family-00319,0.9909046292304993,0.05180203085613143,0.5,3,0.7278660719588329,11.545716285705566,11,maximum
6.901309490203857,0.34111079573631287,True,False,family-00319-minimum,family-00319,0.9775740504264832,0.10733594951541904,0.0,0,0.6782190262407606,10.17563533782959,11,minimum
4.470015048980713,0.14016804099082947,True,False,family-00319-minimum,family-00319,0.9825985431671143,0.0877459709539721,0.0,1,0.4182725514573836,10.686847686767578,11,minimum
8.6153564453125,0.22030553221702576,True,False,family-00319-minimum,family-00319,0.9847360253334045,0.0789847909189976,0.0,2,0.7970543282266283,10.808995246887207,11,minimum
4.700382232666016,0.10216283798217773,True,False,family-00319-minimum,family-00319,0.9399366974830627,0.22714166609815212,0.0,3,0.3825740507832909,12.286202430725098,11,minimum
7.024172306060791,-0.008815942332148552,True,False,family-00319-sum_mod_10,family-00319,0.9770553112030029,0.10928802356209882,1.0,0,0.6640409771115531,10.577919960021973,11,sum_mod_10
5.627613544464111,-0.004438968375325203,True,False,family-00319-sum_mod_10,family-00319,0.98911052942276,0.06004992399102031,1.0,1,0.48020039583095814,11.7193021774292,11,sum_mod_10
6.715327262878418,-0.0026497412472963333,True,False,family-00319-sum_mod_10,family-00319,0.9913387298583984,0.04975510551639186,1.0,2,0.5205566290523065,12.90028190612793,11,sum_mod_10
8.165510177612305,0.004842790775001049,True,True,family-00319-sum_mod_10,family-00319,0.9993067979812622,0.0057354442591125805,1.0,3,0.47231679968190643,17.288206100463867,11,sum_mod_10
5.835177421569824,0.1471739411354065,False,False,family-00320-maximum,family-00320,0.9792648553848267,0.10088653983718776,0.0,0,0.549081737400884,10.627156257629395,11,maximum
7.562734603881836,0.8739364743232727,False,False,family-00320-maximum,family-00320,0.9784079790115356,0.1041719331594744,0.0,1,0.7866832215225825,9.613443374633789,11,maximum
5.6288743019104,0.10762053728103638,False,False,family-00320-maximum,family-00320,0.9389045834541321,0.2299710221218024,0.0,2,0.5584061792774185,10.08025074005127,11,maximum
11.541731834411621,0.30429160594940186,False,False,family-00320-maximum,family-00320,0.9852268695831299,0.07693140239486905,0.0,3,0.9396622680238516,12.282851219177246,11,maximum
5.499654769897461,0.1742548644542694,False,False,family-00320-minimum,family-00320,0.9756683111190796,0.11444920768545054,1.0,0,0.5073832598715847,10.839251518249512,11,minimum
4.545130729675293,-0.025366663932800293,False,False,family-00320-minimum,family-00320,0.9681571125984192,0.14109099572844036,1.0,1,0.42887407030258656,10.597821235656738,11,minimum
7.495580196380615,0.2033490538597107,False,False,family-00320-minimum,family-00320,0.9642103910446167,0.15432427446948033,1.0,2,0.7199631228559973,10.41106128692627,11,minimum
8.31127643585205,0.0945163369178772,False,False,family-00320-minimum,family-00320,0.9488006234169006,0.20203170570024614,1.0,3,0.6494625151168555,12.797161102294922,11,minimum
7.065996170043945,0.04149623215198517,False,False,family-00320-sum_mod_10,family-00320,0.9753659963607788,0.11556323798514889,0.5,0,0.668474048886835,10.570337295532227,11,sum_mod_10
5.015019416809082,0.004409343004226685,False,False,family-00320-sum_mod_10,family-00320,0.9686157703399658,0.1395214442201705,0.5,1,0.4340992642658186,11.552701950073242,11,sum_mod_10
6.225360870361328,-0.018687114119529724,False,False,family-00320-sum_mod_10,family-00320,0.9865149855613708,0.07146252908391312,0.5,2,0.4761586033109683,13.074132919311523,11,sum_mod_10
8.215519905090332,-0.1487325131893158,False,True,family-00320-sum_mod_10,family-00320,0.9955657124519348,0.028451133385208608,0.5,3,0.5132433708374998,16.007064819335938,11,sum_mod_10
6.750253200531006,0.10479819774627686,False,False,family-00321-maximum,family-00321,0.9451321959495544,0.21260608338723008,1.0,0,0.7745057134697388,8.71556282043457,11,maximum
4.6748576164245605,0.029624462127685547,False,False,family-00321-maximum,family-00321,0.9605855345726013,0.16607880211095072,1.0,1,0.5562234083112672,8.404640197753906,11,maximum
9.984171867370605,0.25576281547546387,False,False,family-00321-maximum,family-00321,0.9621330499649048,0.16110491955383627,1.0,2,1.034317076823794,9.652912139892578,11,maximum
10.41043472290039,0.14041519165039062,False,False,family-00321-maximum,family-00321,0.9873172640800476,0.06799398929208039,1.0,3,0.7708562247652857,13.505027770996094,11,maximum
7.550194263458252,0.13075029850006104,False,False,family-00321-minimum,family-00321,0.9770431518554688,0.10933363553186916,0.5,0,0.6953585395362931,10.857987403869629,11,minimum
7.12016487121582,0.11220574378967285,False,False,family-00321-minimum,family-00321,0.9889274835586548,0.060873732740642957,0.5,1,0.6077839626845466,11.714960098266602,11,minimum
6.990843296051025,0.2882082760334015,False,False,family-00321-minimum,family-00321,0.9892153143882751,0.05957693623166303,0.5,2,0.5302436315548333,13.184209823608398,11,minimum
8.375536918640137,-0.05095469951629639,False,False,family-00321-minimum,family-00321,0.9789736866950989,0.10200690887999495,0.5,3,0.5440906166470638,15.393643379211426,11,minimum
7.184332847595215,0.1165851429104805,False,False,family-00321-sum_mod_10,family-00321,0.9719721078872681,0.1278186340175579,0.0,0,0.6430632141163002,11.17204761505127,11,sum_mod_10
4.594909191131592,0.04785817861557007,False,False,family-00321-sum_mod_10,family-00321,0.97008216381073,0.13445644256747105,0.0,1,0.4167089953523925,11.02666187286377,11,sum_mod_10
5.540489196777344,0.03035883605480194,False,False,family-00321-sum_mod_10,family-00321,0.9855237007141113,0.07568164631878574,0.0,2,0.4618068196668353,11.997417449951172,11,sum_mod_10
5.817684173583984,-0.032969847321510315,False,True,family-00321-sum_mod_10,family-00321,0.9953639507293701,0.029538917600101237,0.0,3,0.3937770374253448,14.774056434631348,11,sum_mod_10
5.336035251617432,0.03517794609069824,False,False,family-00322-maximum,family-00322,0.941710889339447,0.22223376595091454,0.5,0,0.5615636738890345,9.50210189819336,11,maximum
9.13115406036377,0.8798105120658875,False,False,family-00322-maximum,family-00322,0.9800373315811157,0.09789378990067801,0.5,1,0.9797766921283321,9.31962776184082,11,maximum
6.061220169067383,0.051178812980651855,False,False,family-00322-maximum,family-00322,0.938651978969574,0.23066065207453862,0.5,2,0.5603500529214351,10.816845893859863,11,maximum
11.709634780883789,0.1812649965286255,False,False,family-00322-maximum,family-00322,0.9890217781066895,0.060449739868143566,0.5,3,0.9018689786822683,12.983742713928223,11,maximum
5.809647083282471,0.0414624959230423,False,False,family-00322-minimum,family-00322,0.9701509475708008,0.1342170673910033,0.0,0,0.5003453301864167,11.611274719238281,11,minimum
6.476324558258057,0.040334880352020264,False,False,family-00322-minimum,family-00322,0.9881024956703186,0.06454936407080393,0.0,1,0.5635474839472929,11.4920654296875,11,minimum
7.835387706756592,0.12429619580507278,False,False,family-00322-minimum,family-00322,0.9872730374336243,0.06818650725537048,0.0,2,0.6293502999525383,12.449962615966797,11,minimum
7.480254173278809,-0.11671823263168335,False,False,family-00322-minimum,family-00322,0.9787114262580872,0.10301251647719656,0.0,3,0.6414966645688598,11.660628318786621,11,minimum
4.566560745239258,-0.0210198312997818,False,False,family-00322-sum_mod_10,family-00322,0.9753659963607788,0.11556323798514889,1.0,0,0.4320165589388912,10.570337295532227,11,sum_mod_10
6.223137378692627,0.0037945639342069626,False,False,family-00322-sum_mod_10,family-00322,0.9807564616203308,0.09508031900108249,1.0,1,0.5884531147577055,10.575417518615723,11,sum_mod_10
6.2316694259643555,-0.0024408958852291107,False,False,family-00322-sum_mod_10,family-00322,0.9925669431686401,0.04384085538343918,1.0,2,0.49534877497740776,12.580367088317871,11,sum_mod_10
11.11890983581543,-0.008560292422771454,False,True,family-00322-sum_mod_10,family-00322,0.9987857937812805,0.00936524224177784,1.0,3,0.6941390578373504,16.018274307250977,11,sum_mod_10
6.053969860076904,0.006681779399514198,True,False,family-00323-maximum,family-00323,0.9710441827774048,0.13109353743699492,0.0,0,0.574385277533325,10.539911270141602,11,maximum
5.498954772949219,-0.020953521132469177,True,False,family-00323-maximum,family-00323,0.976407527923584,0.11170888037740784,0.0,1,0.5234487780991621,10.505239486694336,11,maximum
4.3099589347839355,0.004638650454580784,True,False,family-00323-maximum,family-00323,0.9399166703224182,0.22719674551893326,0.0,2,0.3605293287704083,11.954530715942383,11,maximum
7.039007663726807,0.006724298000335693,True,False,family-00323-maximum,family-00323,0.9913977384567261,0.04947519003452784,0.0,3,0.5127183552855056,13.728799819946289,11,maximum
7.527403354644775,0.38353773951530457,False,False,family-00323-minimum,family-00323,0.9756683111190796,0.11444920768545054,1.0,0,0.6944578545826028,10.839251518249512,11,minimum
4.677664279937744,0.0405542254447937,False,False,family-00323-minimum,family-00323,0.971989631652832,0.12775648688300834,1.0,1,0.39290786101457964,11.905244827270508,11,minimum
7.224119663238525,0.05340296030044556,False,False,family-00323-minimum,family-00323,0.9697608947753906,0.13557234173188887,1.0,2,0.5384973150624789,13.41533088684082,11,minimum
8.901150703430176,0.023349761962890625,False,False,family-00323-minimum,family-00323,0.9703906774520874,0.1333815012069647,1.0,3,0.5605332647255294,15.879790306091309,11,minimum
7.253072261810303,0.012302648276090622,True,False,family-00323-sum_mod_10,family-00323,0.9736681580543518,0.12175036180933502,0.5,0,0.6757720525416631,10.733016014099121,11,sum_mod_10
4.090736389160156,-0.035330165177583694,True,False,family-00323-sum_mod_10,family-00323,0.9807994365692139,0.09491132911730135,0.5,1,0.33017072716029106,12.389760971069336,11,sum_mod_10
5.662135601043701,0.011119909584522247,True,False,family-00323-sum_mod_10,family-00323,0.9878048896789551,0.06586088483326173,0.5,2,0.41254455374270893,13.724906921386719,11,sum_mod_10
7.0022501945495605,-0.000749882310628891,True,True,family-00323-sum_mod_10,family-00323,0.9959396123886108,0.026410563397853346,0.5,3,0.41958747869601315,16.68841552734375,11,sum_mod_10
3.9474735260009766,0.04446840286254883,False,False,family-00324-maximum,family-00324,0.941710889339447,0.22223376595091454,1.0,0,0.4154316137939451,9.50210189819336,11,maximum
8.689299583435059,0.6036397218704224,False,False,family-00324-maximum,family-00324,0.9743618965148926,0.11923629663142164,1.0,1,0.9669391264131366,8.986397743225098,11,maximum
10.293661117553711,0.139914870262146,False,False,family-00324-maximum,family-00324,0.9730759859085083,0.12388148656551523,1.0,2,0.8576160250621222,12.002645492553711,11,maximum
9.172628402709961,0.046335458755493164,False,False,family-00324-maximum,family-00324,0.9936192631721497,0.03861159019958927,1.0,3,0.5701038435398867,16.089399337768555,11,maximum
5.113137245178223,0.1519549936056137,False,False,family-00324-minimum,family-00324,0.9814190864562988,0.09246367682088055,0.5,0,0.45674176557034996,11.194809913635254,11,minimum
9.46044921875,0.002996891736984253,False,False,family-00324-minimum,family-00324,0.9821526408195496,0.08953881748587172,0.5,1,0.9273931558011153,10.201120376586914,11,minimum
6.271625995635986,0.07308116555213928,False,False,family-00324-minimum,family-00324,0.9702592492103577,0.13383983428804647,0.5,2,0.5454854886306808,11.497328758239746,11,minimum
7.041009426116943,-0.024559855461120605,False,False,family-00324-minimum,family-00324,0.9714246988296509,0.12975435062923435,0.5,3,0.5782666631368776,12.17605972290039,11,minimum
7.027198314666748,-0.03305991739034653,False,False,family-00324-sum_mod_10,family-00324,0.9753659963607788,0.11556323798514889,0.0,0,0.6648036025905191,10.570337295532227,11,sum_mod_10
5.0548505783081055,-6.121024489402771e-05,False,False,family-00324-sum_mod_10,family-00324,0.9697501063346863,0.1356097531276217,0.0,1,0.45231511759999343,11.175506591796875,11,sum_mod_10
5.297827243804932,0.01605432853102684,False,False,family-00324-sum_mod_10,family-00324,0.9833899140357971,0.08453526800398103,0.0,2,0.4203917337613753,12.602120399475098,11,sum_mod_10
9.815483093261719,0.002198217436671257,False,True,family-00324-sum_mod_10,family-00324,0.9953965544700623,0.029363744650050032,0.0,3,0.6709007268632242,14.630306243896484,11,sum_mod_10
3.7495460510253906,0.02066117525100708,True,False,family-00325-maximum,family-00325,0.9661733508110046,0.14780212800260134,0.5,0,0.36387224503342025,10.304567337036133,11,maximum
7.5635480880737305,0.5464498996734619,True,False,family-00325-maximum,family-00325,0.9822707772254944,0.08906494066783592,0.5,1,0.744271162862019,10.162355422973633,11,maximum
4.561516284942627,0.02030736207962036,True,False,family-00325-maximum,family-00325,0.9441773891448975,0.21531510121347439,0.5,2,0.4274917021539588,10.67042064666748,11,maximum
8.8164701461792,0.19621813297271729,True,False,family-00325-maximum,family-00325,0.9914807081222534,0.049080920620043184,0.5,3,0.7395613113636224,11.921216011047363,11,maximum
6.553036689758301,0.04484659433364868,False,False,family-00325-minimum,family-00325,0.9792648553848267,0.10088653983718776,0.0,0,0.616631254015276,10.627156257629395,11,minimum
5.94153356552124,-0.019166886806488037,False,False,family-00325-minimum,family-00325,0.989123523235321,0.05999132692247394,0.0,1,0.533297144754515,11.141131401062012,11,minimum
12.39758014678955,0.9070577025413513,False,False,family-00325-minimum,family-00325,0.9811816811561584,0.0934038925762777,0.0,2,1.0389591551057415,11.932692527770996,11,minimum
7.3095550537109375,0.049626052379608154,False,False,family-00325-minimum,family-00325,0.9543240666389465,0.1855808556758413,0.0,3,0.45337127208792416,16.122669219970703,11,minimum
4.689145088195801,0.0156562440097332,False,False,family-00325-sum_mod_10,family-00325,0.9792648553848267,0.10088653983718776,1.0,0,0.44124175598052334,10.627156257629395,11,sum_mod_10
4.731374263763428,0.002278432250022888,False,False,family-00325-sum_mod_10,family-00325,0.9873374104499817,0.0679062406777285,1.0,1,0.45013968178502345,10.510902404785156,11,sum_mod_10
10.269186973571777,-0.00577516108751297,False,False,family-00325-sum_mod_10,family-00325,0.9863798022270203,0.0720421323994172,1.0,2,1.025790360830134,10.01099967956543,11,sum_mod_10
7.335820198059082,0.021741963922977448,False,True,family-00325-sum_mod_10,family-00325,0.9968066215515137,0.02153958498230219,1.0,3,0.45320841342278845,16.186416625976562,11,sum_mod_10
6.911688327789307,0.37061113119125366,False,False,family-00326-maximum,family-00326,0.9792648553848267,0.10088653983718776,0.0,0,0.6503798532958713,10.627156257629395,11,maximum
6.841666221618652,0.4480278491973877,False,False,family-00326-maximum,family-00326,0.9884172081947327,0.06315425566618595,0.0,1,0.5979910886578023,11.441083908081055,11,maximum
4.353935718536377,0.07110366225242615,False,False,family-00326-maximum,family-00326,0.9656792879104614,0.14945455647628836,0.0,2,0.3725010829249196,11.688384056091309,11,maximum
8.430970191955566,0.33440905809402466,False,False,family-00326-maximum,family-00326,0.9917688369750977,0.04770536009359139,0.0,3,0.6804302378581423,12.390645980834961,11,maximum
6.129995822906494,-0.00202140212059021,True,False,family-00326-minimum,family-00326,0.9814576506614685,0.09231065703292635,1.0,0,0.5655065179897079,10.839832305908203,11,minimum
6.043000221252441,-0.4764595925807953,True,False,family-00326-minimum,family-00326,0.9846899509429932,0.07917670674400598,1.0,1,0.6043516058623549,9.999146461486816,11,minimum
6.879099369049072,0.132766455411911,True,False,family-00326-minimum,family-00326,0.9645365476608276,0.15324848225233348,1.0,2,0.7310310918788934,9.41013240814209,11,minimum
9.850381851196289,0.29522478580474854,True,False,family-00326-minimum,family-00326,0.9856535792350769,0.07513288025880406,1.0,3,0.9505346028632892,10.362991333007812,11,minimum
4.507010459899902,-0.06961317360401154,True,False,family-00326-sum_mod_10,family-00326,0.9661733508110046,0.14780212800260134,0.5,0,0.4373798833553198,10.304567337036133,11,sum_mod_10
4.548661708831787,-0.007999032735824585,True,False,family-00326-sum_mod_10,family-00326,0.9831014275550842,0.08571004688386391,0.5,1,0.43189204440858237,10.531941413879395,11,sum_mod_10
6.38470983505249,-0.003756903111934662,True,False,family-00326-sum_mod_10,family-00326,0.9891883730888367,0.05969864417841873,0.5,2,0.5654444718844215,11.291488647460938,11,sum_mod_10
10.021197319030762,-0.08107645809650421,True,True,family-00326-sum_mod_10,family-00326,0.9980794191360474,0.013932213747160638,0.5,3,0.6899701279598067,14.524103164672852,11,sum_mod_10
5.007952690124512,-0.04676663875579834,False,False,family-00327-maximum,family-00327,0.941710889339447,0.22223376595091454,1.0,0,0.5270363066803858,9.50210189819336,11,maximum
5.420677661895752,-0.013205662369728088,False,False,family-00327-maximum,family-00327,0.9661367535591125,0.1479247849601718,1.0,1,0.6396489106091718,8.474457740783691,11,maximum
8.572531700134277,-0.004791907966136932,False,False,family-00327-maximum,family-00327,0.9810187816619873,0.09404726869672476,1.0,2,0.8591319804614985,9.978131294250488,11,maximum
7.824703216552734,0.01330055296421051,False,False,family-00327-maximum,family-00327,0.9923058152198792,0.04511434049901082,1.0,3,0.5397475221321721,14.496969223022461,11,maximum
6.125538349151611,-0.12807923555374146,False,False,family-00327-minimum,family-00327,0.9770431518554688,0.10933363553186916,0.5,0,0.5641504379502742,10.857987403869629,11,minimum
6.83781623840332,0.07055306434631348,False,False,family-00327-minimum,family-00327,0.9859075546264648,0.07405631984161529,0.5,1,0.6222551122984248,10.98876667022705,11,minimum
8.60767650604248,0.5385125279426575,False,False,family-00327-minimum,family-00327,0.9856960773468018,0.07495305763195087,0.5,2,0.6823099682551874,12.615492820739746,11,minimum
6.7109832763671875,0.15366685390472412,False,False,family-00327-minimum,family-00327,0.9698836207389832,0.13514648155051512,0.5,3,0.3973012106746962,16.89142417907715,11,minimum
5.601655006408691,-0.02001994103193283,False,False,family-00327-sum_mod_10,family-00327,0.9719721078872681,0.1278186340175579,0.0,0,0.5013991346458279,11.17204761505127,11,sum_mod_10
4.23854398727417,-0.00276156235486269,False,False,family-00327-sum_mod_10,family-00327,0.9682650566101074,0.14072222304461185,0.0,1,0.3793595938143131,11.172892570495605,11,sum_mod_10
9.726482391357422,-0.036584578454494476,False,False,family-00327-sum_mod_10,family-00327,0.9870933890342712,0.06896691931417986,0.0,2,0.829821297590953,11.721177101135254,11,sum_mod_10
6.340351104736328,0.0037772096693515778,False,True,family-00327-sum_mod_10,family-00327,0.9918934106826782,0.04710750206944356,0.0,3,0.3674662222513075,17.254241943359375,11,sum_mod_10
5.33696174621582,0.0686105489730835,False,False,family-00328-maximum,family-00328,0.941710889339447,0.22223376595091454,0.5,0,0.5616611780631967,9.50210189819336,11,maximum
8.739957809448242,0.8649932742118835,False,False,family-00328-maximum,family-00328,0.9790557026863098,0.10169174399305757,0.5,1,0.9345590154840183,9.351959228515625,11,maximum
6.3870625495910645,0.04852539300918579,False,False,family-00328-maximum,family-00328,0.945839524269104,0.21058790182387233,0.5,2,0.5857733850326275,10.903640747070312,11,maximum
11.376047134399414,0.20383453369140625,False,False,family-00328-maximum,family-00328,0.9879809021949768,0.06508611457730563,0.5,3,0.8525045279688507,13.344265937805176,11,maximum
6.265014171600342,0.02232116460800171,False,False,family-00328-minimum,family-00328,0.9792648553848267,0.10088653983718776,0.0,0,0.5895287525392877,10.627156257629395,11,minimum
5.982729434967041,-0.0027799010276794434,False,False,family-00328-minimum,family-00328,0.9881229996681213,0.06445872962724511,0.0,1,0.5592155921340817,10.698431015014648,11,minimum
12.392507553100586,0.6067149639129639,False,False,family-00328-minimum,family-00328,0.9852340817451477,0.07690110908065848,0.0,2,1.1559987499240498,10.720173835754395,11,minimum
7.092550277709961,0.02295619249343872,False,False,family-00328-minimum,family-00328,0.951002299785614,0.19555339037744401,0.0,3,0.4475278632366305,15.848287582397461,11,minimum
4.5338239669799805,0.009307093918323517,True,False,family-00328-sum_mod_10,family-00328,0.9736681580543518,0.12175036180933502,1.0,0,0.42241844799488343,10.733016014099121,11,sum_mod_10
5.451145648956299,-0.0003070831298828125,True,False,family-00328-sum_mod_10,family-00328,0.9871464967727661,0.06873647888297442,1.0,1,0.5131681613727769,10.622532844543457,11,sum_mod_10
9.909451484680176,-0.10775391757488251,True,False,family-00328-sum_mod_10,family-00328,0.9901600480079651,0.055264793983850743,1.0,2,0.8246002251720514,12.017279624938965,11,sum_mod_10
6.5721235275268555,0.007195115089416504,True,True,family-00328-sum_mod_10,family-00328,0.9970364570617676,0.020211026626006823,1.0,3,0.392549972378866,16.74213218688965,11,sum_mod_10
5.3703999519348145,0.022864103317260742,True,False,family-00329-maximum,family-00329,0.9770553112030029,0.10928802356209882,0.0,0,0.5076990535220177,10.577919960021973,11,maximum
9.512473106384277,0.8108910322189331,True,False,family-00329-maximum,family-00329,0.9864266514778137,0.07184141928275413,0.0,1,0.8765662681413445,10.851972579956055,11,maximum
5.1013336181640625,0.0012475848197937012,True,False,family-00329-maximum,family-00329,0.9654521346092224,0.1502118090628753,0.0,2,0.3898083130466669,13.086774826049805,11,maximum
7.52595329284668,0.04697990417480469,True,False,family-00329-maximum,family-00329,0.9925919771194458,0.04371828776508384,0.0,3,0.499862928629902,15.056034088134766,11,maximum
5.829462051391602,-0.03229641914367676,True,False,family-00329-minimum,family-00329,0.9777830243110657,0.10654610431767582,1.0,0,0.5605067658675413,10.400341987609863,11,minimum
8.087905883789062,-0.07303625345230103,True,False,family-00329-minimum,family-00329,0.9821566939353943,0.08952257256998779,1.0,1,0.768375222371061,10.525984764099121,11,minimum
7.604944705963135,0.39076483249664307,True,False,family-00329-minimum,family-00329,0.9605638384819031,0.16614808041161497,1.0,2,0.631297697958129,12.046526908874512,11,minimum
8.4457426071167,0.43290281295776367,True,False,family-00329-minimum,family-00329,0.9672759771347046,0.14408722228597495,1.0,3,0.6231539615472761,13.55321979522705,11,minimum
4.686941146850586,0.00032038986682891846,True,False,family-00329-sum_mod_10,family-00329,0.9661733508110046,0.14780212800260134,0.5,0,0.45484113923007996,10.304567337036133,11,sum_mod_10
4.325377941131592,-0.002393912523984909,True,False,family-00329-sum_mod_10,family-00329,0.9797171950340271,0.09913770846937875,0.5,1,0.41666953756489955,10.38083553314209,11,sum_mod_10
5.938793659210205,-0.029213160276412964,True,False,family-00329-sum_mod_10,family-00329,0.9856809377670288,0.07501713253560403,0.5,2,0.5639243789885329,10.531188011169434,11,sum_mod_10
9.367676734924316,-0.002531144767999649,True,True,family-00329-sum_mod_10,family-00329,0.995812714099884,0.027106838876129687,0.5,3,0.7304860499081233,12.823895454406738,11,sum_mod_10
4.9557785987854,0.21909642219543457,True,False,family-00330-maximum,family-00330,0.9777830243110657,0.10654610431767582,1.0,0,0.47650150395913127,10.400341987609863,11,maximum
6.6429595947265625,0.6121627688407898,True,False,family-00330-maximum,family-00330,0.9864246845245361,0.07184984946220044,1.0,1,0.6045624815567012,10.988044738769531,11,maximum
9.379814147949219,0.5507333278656006,True,False,family-00330-maximum,family-00330,0.9841948747634888,0.08123006943300251,1.0,2,0.7980212246937981,11.753840446472168,11,maximum
7.706274509429932,0.13546639680862427,True,False,family-00330-maximum,family-00330,0.9964951872825623,0.023313536615384975,1.0,3,0.5067019403891689,15.208693504333496,11,maximum
5.420967102050781,0.18154266476631165,False,False,family-00330-minimum,family-00330,0.941710889339447,0.22223376595091454,0.5,0,0.5705018910691194,9.50210189819336,11,minimum
7.218155384063721,-0.1605353057384491,False,False,family-00330-minimum,family-00330,0.980618417263031,0.09562248824643807,0.5,1,0.7725139784204339,9.343721389770508,11,minimum
6.690305709838867,0.19159413874149323,False,False,family-00330-minimum,family-00330,0.981760561466217,0.09110587510033012,0.5,2,0.657865918009429,10.169710159301758,11,minimum
7.204942226409912,-0.01120266318321228,False,False,family-00330-minimum,family-00330,0.9817945957183838,0.0909701903337593,0.5,3,0.747387162528794,9.64017391204834,11,minimum
4.8291425704956055,-0.12532876431941986,False,False,family-00330-sum_mod_10,family-00330,0.9719721078872681,0.1278186340175579,0.0,0,0.4322522367331894,11.17204761505127,11,sum_mod_10
4.820748805999756,0.0525897853076458,False,False,family-00330-sum_mod_10,family-00330,0.9766796827316284,0.11069404725101942,0.0,1,0.42292709585801946,11.398533821105957,11,sum_mod_10
6.446216106414795,0.0049340128898620605,False,False,family-00330-sum_mod_10,family-00330,0.9875813722610474,0.0668410597244811,0.0,2,0.5413703759323222,11.907219886779785,11,sum_mod_10
8.643484115600586,-0.2275603711605072,False,True,family-00330-sum_mod_10,family-00330,0.9988682270050049,0.008809046177540624,0.0,3,0.5688231551727676,15.195380210876465,11,sum_mod_10
6.213855743408203,0.1066318154335022,False,False,family-00331-maximum,family-00331,0.9814190864562988,0.09246367682088055,0.5,0,0.5550657663101309,11.194809913635254,11,maximum
6.724699974060059,0.22149556875228882,False,False,family-00331-maximum,family-00331,0.9878767728805542,0.06554478280125986,0.5,1,0.606571125037097,11.086416244506836,11,maximum
5.050408363342285,0.022694945335388184,False,False,family-00331-maximum,family-00331,0.959097146987915,0.17080292503418115,0.5,2,0.49362818891164306,10.231199264526367,11,maximum
9.573356628417969,0.49238938093185425,False,False,family-00331-maximum,family-00331,0.9876081347465515,0.06672391622671942,0.5,3,0.7944009502683906,12.05103874206543,11,maximum
7.0536885261535645,0.26201245188713074,True,False,family-00331-minimum,family-00331,0.9710441827774048,0.13109353743699492,0.0,0,0.6692360443427907,10.539911270141602,11,minimum
4.626289367675781,0.12310224771499634,True,False,family-00331-minimum,family-00331,0.9818633198738098,0.09069600923550139,0.0,1,0.41580595717427055,11.126077651977539,11,minimum
7.569387912750244,0.14115378260612488,True,False,family-00331-minimum,family-00331,0.9797096252441406,0.0991670588159046,0.0,2,0.6106146267413635,12.396342277526855,11,minimum
5.927248001098633,0.08552053570747375,True,False,family-00331-minimum,family-00331,0.9795736074447632,0.09969395040305501,0.0,3,0.40668026200092733,14.574712753295898,11,minimum
6.017177104949951,0.003360982984304428,True,False,family-00331-sum_mod_10,family-00331,0.9775740504264832,0.10733594951541904,1.0,0,0.5913318338541586,10.17563533782959,11,sum_mod_10
4.702763557434082,-0.016988135874271393,True,False,family-00331-sum_mod_10,family-00331,0.9795956611633301,0.09960858396832833,1.0,1,0.4515013742247839,10.415834426879883,11,sum_mod_10
4.887845993041992,-0.005340863019227982,True,False,family-00331-sum_mod_10,family-00331,0.981633722782135,0.09161097561341544,1.0,2,0.45873871329025095,10.654967308044434,11,sum_mod_10
7.66973352432251,-0.022151432931423187,True,True,family-00331-sum_mod_10,family-00331,0.9929550290107727,0.041931036555498284,1.0,3,0.6025470942529391,12.728853225708008,11,sum_mod_10
4.789082050323486,0.009900271892547607,False,False,family-00332-maximum,family-00332,0.9792648553848267,0.10088653983718776,0.0,0,0.45064567926018145,10.627156257629395,11,maximum
7.029351234436035,0.21410876512527466,False,False,family-00332-maximum,family-00332,0.982772171497345,0.08704473116163938,0.0,1,0.6950889106917271,10.11288070678711,11,maximum
4.753607749938965,0.21121472120285034,False,False,family-00332-maximum,family-00332,0.9394305944442749,0.22853139615181872,0.0,2,0.44075983186020457,10.785029411315918,11,maximum
6.9202070236206055,0.40851297974586487,False,False,family-00332-maximum,family-00332,0.9859565496444702,0.07384810625566718,0.0,3,0.543970987466354,12.721647262573242,11,maximum
4.932898044586182,0.41162335872650146,True,False,family-00332-minimum,family-00332,0.9789960384368896,0.10192104973285283,1.0,0,0.44466343461192775,11.093554496765137,11,minimum
4.020991802215576,0.14451846480369568,True,False,family-00332-minimum,family-00332,0.9776130318641663,0.10718876555289725,1.0,1,0.3966920746365073,10.13630485534668,11,minimum
6.416235446929932,0.02307826280593872,True,False,family-00332-minimum,family-00332,0.9726813435554504,0.12529428546687152,1.0,2,0.6139145567027167,10.451349258422852,11,minimum
9.020548820495605,-0.04685413837432861,True,False,family-00332-minimum,family-00332,0.9825583696365356,0.08790796962482511,1.0,3,0.7126484264969903,12.657782554626465,11,minimum
6.36177921295166,0.1169356107711792,True,False,family-00332-sum_mod_10,family-00332,0.9814576506614685,0.09231065703292635,0.5,0,0.5868890803305324,10.839832305908203,11,sum_mod_10
5.6722731590271,-0.018380984663963318,True,False,family-00332-sum_mod_10,family-00332,0.9776799082756042,0.10693609548619512,0.5,1,0.5304284666924755,10.693757057189941,11,sum_mod_10
6.680877208709717,-0.014221087098121643,True,False,family-00332-sum_mod_10,family-00332,0.9879412055015564,0.06526107762746436,0.5,2,0.5656263165892383,11.811468124389648,11,sum_mod_10
8.50424861907959,-0.2173282504081726,True,True,family-00332-sum_mod_10,family-00332,0.9973945617675781,0.01810480086447426,0.5,3,0.5579425600190108,15.242157936096191,11,sum_mod_10
6.543517112731934,0.08256769180297852,True,False,family-00333-maximum,family-00333,0.9734910130500793,0.12238929628649452,1.0,0,0.6103560580465724,10.720819473266602,11,maximum
4.886608123779297,0.2537798285484314,True,False,family-00333-maximum,family-00333,0.9826822280883789,0.08740821043637974,1.0,1,0.42493907855863816,11.499549865722656,11,maximum
10.645115852355957,0.6987826824188232,True,False,family-00333-maximum,family-00333,0.9838211536407471,0.08276963941571172,1.0,2,0.8714725145140502,12.21509075164795,11,maximum
8.662834167480469,0.08785635232925415,True,False,family-00333-maximum,family-00333,0.9972972273826599,0.01868190091301463,1.0,3,0.5182165114979139,16.716630935668945,11,maximum
6.3542890548706055,0.5244152545928955,True,False,family-00333-minimum,family-00333,0.9789960384368896,0.10192104973285283,0.5,0,0.5727910794257608,11.093554496765137,11,minimum
7.2559099197387695,0.1112062931060791,True,False,family-00333-minimum,family-00333,0.9797077178955078,0.09917445372410404,0.5,1,0.676541212126709,10.725008010864258,11,minimum
5.458581924438477,0.3105987310409546,True,False,family-00333-minimum,family-00333,0.9835069179534912,0.08405735550288107,0.5,2,0.4396909117167167,12.414588928222656,11,minimum
5.371722221374512,0.08200156688690186,True,False,family-00333-minimum,family-00333,0.9737658500671387,0.1213974788088101,0.5,3,0.4095520176365971,13.116092681884766,11,minimum
4.669124603271484,0.03193923830986023,False,False,family-00333-sum_mod_10,family-00333,0.9624109864234924,0.16020471188364557,0.0,0,0.4515820903892478,10.339481353759766,11,sum_mod_10
3.330279588699341,-0.09650018811225891,False,False,family-00333-sum_mod_10,family-00333,0.9236152172088623,0.26984971759820986,0.0,1,0.31882525482592733,10.445469856262207,11,sum_mod_10
4.633560657501221,0.019488513469696045,False,False,family-00333-sum_mod_10,family-00333,0.9558724761009216,0.18084676811624073,0.0,2,0.4152432912606656,11.15866470336914,11,sum_mod_10
7.734297275543213,0.2661488652229309,False,True,family-00333-sum_mod_10,family-00333,0.9796589612960815,0.09936342398548362,0.0,3,0.6033598370288324,12.818714141845703,11,sum_mod_10
5.947260856628418,-0.12644636631011963,True,False,family-00334-maximum,family-00334,0.9775740504264832,0.10733594951541904,0.5,0,0.5844608871269691,10.17563533782959,11,maximum
5.816315650939941,-0.006425000727176666,True,False,family-00334-maximum,family-00334,0.9771266579627991,0.10902025562959743,0.5,1,0.5593085824675024,10.399117469787598,11,maximum
4.707592010498047,0.037469178438186646,True,False,family-00334-maximum,family-00334,0.9549026489257812,0.18381843888199245,0.5,2,0.4676889574930201,10.06564712524414,11,maximum
6.555638790130615,0.07036393880844116,True,False,family-00334-maximum,family-00334,0.9906614422798157,0.05293953267584924,0.5,3,0.5520154899690862,11.875823974609375,11,maximum
7.983314037322998,0.22895151376724243,True,False,family-00334-minimum,family-00334,0.9736681580543518,0.12175036180933502,0.0,0,0.7438090120089214,10.733016014099121,11,minimum
4.811238765716553,0.11863523721694946,True,False,family-00334-minimum,family-00334,0.9842124581336975,0.08115741397940664,0.0,1,0.4394739448577941,10.947722434997559,11,minimum
9.293557167053223,0.2054511308670044,True,False,family-00334-minimum,family-00334,0.9838650822639465,0.08258913140223173,0.0,2,0.819868546774947,11.335423469543457,11,minimum
6.405550956726074,-0.055910348892211914,True,False,family-00334-minimum,family-00334,0.9340602159500122,0.24300748175304687,0.0,3,0.4221199894946173,15.174715995788574,11,minimum
6.06580924987793,0.03470252454280853,False,False,family-00334-sum_mod_10,family-00334,0.9701509475708008,0.1342170673910033,1.0,0,0.5224068327164562,11.611274719238281,11,sum_mod_10
5.954777240753174,0.014004938304424286,False,False,family-00334-sum_mod_10,family-00334,0.98377925157547,0.082941707077866,1.0,1,0.5690868697278999,10.463740348815918,11,sum_mod_10
7.399075984954834,-0.021558701992034912,False,False,family-00334-sum_mod_10,family-00334,0.9927228093147278,0.04307633279354028,1.0,2,0.5955025835707619,12.4249267578125,11,sum_mod_10
7.6619391441345215,-0.060356833040714264,False,True,family-00334-sum_mod_10,family-00334,0.9992218017578125,0.006348650251209394,1.0,3,0.4426922752672009,17.30759620666504,11,sum_mod_10
5.4202423095703125,0.39812856912612915,True,False,family-00335-maximum,family-00335,0.9770553112030029,0.10928802356209882,0.0,0,0.5124109777778139,10.577919960021973,11,maximum
7.7096381187438965,0.862212598323822,True,False,family-00335-maximum,family-00335,0.9865429401397705,0.07134250188379031,0.0,1,0.7081245268266669,10.887404441833496,11,maximum
5.452280521392822,0.041165292263031006,True,False,family-00335-maximum,family-00335,0.9739341735839844,0.12078858358748483,0.0,2,0.45405139693661684,12.008069038391113,11,maximum
11.411089897155762,0.13682878017425537,True,False,family-00335-maximum,family-00335,0.995730459690094,0.027556088353466558,0.0,3,0.8127426090750839,14.040225982666016,11,maximum
6.078146457672119,0.09771060943603516,True,False,family-00335-minimum,family-00335,0.9777830243110657,0.10654610431767582,1.0,0,0.5844179417285641,10.400341987609863,11,minimum
6.184263229370117,0.021277010440826416,True,False,family-00335-minimum,family-00335,0.9823622107505798,0.08869762638369624,1.0,1,0.5845978704048698,10.578661918640137,11,minimum
7.683993816375732,0.5856966972351074,True,False,family-00335-minimum,family-00335,0.9681897759437561,0.14097944680246094,1.0,2,0.7295922035586544,10.531902313232422,11,minimum
8.516317367553711,0.3494170904159546,True,False,family-00335-minimum,family-00335,0.9813966751098633,0.09255256583312402,1.0,3,0.7026777907384454,12.119804382324219,11,minimum
4.877191066741943,0.00857742689549923,True,False,family-00335-sum_mod_10,family-00335,0.9736681580543518,0.12175036180933502,0.5,0,0.4544101173738267,10.733016014099121,11,sum_mod_10
6.2161664962768555,-2.6891008019447327e-05,True,False,family-00335-sum_mod_10,family-00335,0.9895069003105164,0.05825530137968693,0.5,1,0.5718500500249686,10.87027359008789,11,sum_mod_10
8.07067584991455,-0.009118644520640373,True,False,family-00335-sum_mod_10,family-00335,0.9936683773994446,0.038363467393481364,0.5,2,0.6134516475130891,13.156172752380371,11,sum_mod_10
7.098593711853027,0.010284187272191048,True,True,family-00335-sum_mod_10,family-00335,0.9985297918319702,0.011058341004630691,0.5,3,0.4089822168864029,17.35672950744629,11,sum_mod_10
5.638812065124512,0.2891390323638916,False,False,family-00336-maximum,family-00336,0.941710889339447,0.22223376595091454,1.0,0,0.593427867385491,9.50210189819336,11,maximum
4.49411153793335,0.02534353733062744,False,False,family-00336-maximum,family-00336,0.9776096343994141,0.10720159627319055,1.0,1,0.4666553215036655,9.630473136901855,11,maximum
11.668746948242188,0.15046373009681702,False,False,family-00336-maximum,family-00336,0.9860976934432983,0.0732473178080354,1.0,2,1.165574703582916,10.011153221130371,11,maximum
8.070195198059082,0.216527059674263,False,False,family-00336-maximum,family-00336,0.9970148801803589,0.020336491000886584,1.0,3,0.4895762003687408,16.48404312133789,11,maximum
4.439346790313721,-0.0024836063385009766,True,False,family-00336-minimum,family-00336,0.9789960384368896,0.10192104973285283,0.5,0,0.4001735234282418,11.093554496765137,11,minimum
6.317108154296875,0.07846271991729736,True,False,family-00336-minimum,family-00336,0.9843416810035706,0.08062284609551504,0.5,1,0.5961528336611259,10.596457481384277,11,minimum
10.355822563171387,0.734952449798584,True,False,family-00336-minimum,family-00336,0.9880507588386536,0.06477789913200616,0.5,2,0.8745195278197097,11.841728210449219,11,minimum
7.081499099731445,0.03496032953262329,True,False,family-00336-minimum,family-00336,0.980774462223053,0.09500954736582401,0.5,3,0.45405748960750864,15.596040725708008,11,minimum
4.0683465003967285,-0.25455349683761597,True,False,family-00336-sum_mod_10,family-00336,0.9598170518875122,0.16852513151165266,0.0,0,0.43149560384262337,9.42847728729248,11,sum_mod_10
5.577539443969727,-0.04398582875728607,True,False,family-00336-sum_mod_10,family-00336,0.9818871021270752,0.0906010661108016,0.0,1,0.5578196969170942,9.998821258544922,11,sum_mod_10
7.741577625274658,0.1874450445175171,True,False,family-00336-sum_mod_10,family-00336,0.9884598255157471,0.06296467473599358,0.0,2,0.7039869335913753,10.996763229370117,11,sum_mod_10
6.5739521980285645,-0.11848469078540802,True,True,family-00336-sum_mod_10,family-00336,0.9915213584899902,0.048887454286149754,0.0,3,0.46865799793304164,14.02718448638916,11,sum_mod_10
4.453878879547119,0.024782776832580566,True,False,family-00337-maximum,family-00337,0.9789960384368896,0.10192104973285283,0.5,0,0.40148348131754014,11.093554496765137,11,maximum
11.290872573852539,0.8036671280860901,True,False,family-00337-maximum,family-00337,0.9841737747192383,0.0813172297431344,0.5,1,1.0644690744553238,10.607046127319336,11,maximum
5.103710174560547,0.05349999666213989,True,False,family-00337-maximum,family-00337,0.9141673445701599,0.2927885748629668,0.5,2,0.3962548353373409,12.879868507385254,11,maximum
8.425163269042969,0.23802387714385986,True,False,family-00337-maximum,family-00337,0.9845596551895142,0.07971867297652639,0.5,3,0.5731530083541768,14.699675559997559,11,maximum
5.365697383880615,0.00016040168702602386,True,False,family-00337-minimum,family-00337,0.9770553112030029,0.10928802356209882,0.0,0,0.5072544889883501,10.577919960021973,11,minimum
9.094758987426758,-0.012110186740756035,True,False,family-00337-minimum,family-00337,0.9865721464157104,0.07121703745434878,0.0,1,0.8327976696972619,10.920730590820312,11,minimum
7.99079704284668,-0.005023533012717962,True,False,family-00337-minimum,family-00337,0.9812121987342834,0.09328320307194576,0.0,2,0.6157488760818098,12.977363586425781,11,minimum
4.429111480712891,-7.150135934352875e-05,True,False,family-00337-minimum,family-00337,0.9698325991630554,0.13532358937968278,0.0,3,0.30927016726157663,14.321172714233398,11,minimum
4.6641764640808105,-0.018086588010191917,False,False,family-00337-sum_mod_10,family-00337,0.9753659963607788,0.11556323798514889,1.0,0,0.44125143159359936,10.570337295532227,11,sum_mod_10
5.871914386749268,0.0023052720353007317,False,False,family-00337-sum_mod_10,family-00337,0.9809984564781189,0.09412744333677357,1.0,1,0.5487057024627086,10.701391220092773,11,sum_mod_10
8.343071937561035,-0.018870195373892784,False,False,family-00337-sum_mod_10,family-00337,0.9921923279762268,0.04566499995003951,1.0,2,0.6837214896725238,12.202442169189453,11,sum_mod_10
9.609258651733398,0.004708085209131241,False,True,family-00337-sum_mod_10,family-00337,0.9990973472595215,0.007229996772080231,1.0,3,0.5808218378964414,16.54424476623535,11,sum_mod_10
4.829153537750244,0.46954840421676636,False,False,family-00338-maximum,family-00338,0.9701509475708008,0.1342170673910033,0.0,0,0.41590209985721915,11.611274719238281,11,maximum
9.60041332244873,0.5791878700256348,False,False,family-00338-maximum,family-00338,0.9834486842155457,0.0842953213091077,0.0,1,0.8995942660171896,10.671936988830566,11,maximum
4.83767032623291,-0.031480610370635986,False,False,family-00338-maximum,family-00338,0.9548565745353699,0.1839590694909205,0.0,2,0.4031126676170995,12.000789642333984,11,maximum
8.843772888183594,0.22328028082847595,False,False,family-00338-maximum,family-00338,0.9937641024589539,0.03787876424162631,0.0,3,0.611188692093603,14.469791412353516,11,maximum
3.764554977416992,-0.04508790373802185,False,False,family-00338-minimum,family-00338,0.9756683111190796,0.11444920768545054,1.0,0,0.34730765044789275,10.839251518249512,11,minimum
5.159564971923828,0.004067704081535339,False,False,family-00338-minimum,family-00338,0.9751496911048889,0.11635798601081664,1.0,1,0.5241235344448095,9.84417724609375,11,minimum
7.321233749389648,0.1140441969037056,False,False,family-00338-minimum,family-00338,0.9659333825111389,0.14860564541049204,1.0,2,0.6765626089231809,10.821221351623535,11,minimum
9.2117280960083,0.12627428770065308,False,False,family-00338-minimum,family-00338,0.953789234161377,0.1872031735010145,1.0,3,0.7877453977898561,11.693788528442383,11,minimum
4.143662929534912,-0.01602388173341751,False,False,family-00338-sum_mod_10,family-00338,0.9814190864562988,0.09246367682088055,0.5,0,0.3701414281709187,11.194809913635254,11,sum_mod_10
5.474183559417725,0.0030913501977920532,False,False,family-00338-sum_mod_10,family-00338,0.9866118431091309,0.07104640498864487,0.5,1,0.5022740640754315,10.898797988891602,11,sum_mod_10
6.223909378051758,-0.081995390355587,False,False,family-00338-sum_mod_10,family-00338,0.9917058944702148,0.04800671101194226,0.5,2,0.5187684927631458,11.997469902038574,11,sum_mod_10
9.283682823181152,-0.04996003955602646,False,True,family-00338-sum_mod_10,family-00338,0.9983680844306946,0.012104218631401494,0.5,3,0.6187460210677471,15.0040283203125,11,sum_mod_10
5.3599042892456055,-0.06729387491941452,True,False,family-00339-maximum,family-00339,0.9789960384368896,0.10192104973285283,1.0,0,0.48315481668283555,11.093554496765137,11,maximum
3.1391749382019043,-0.008286133408546448,True,False,family-00339-maximum,family-00339,0.9780052304267883,0.10570404039543128,1.0,1,0.30107128124779914,10.42668342590332,11,maximum
8.60538101196289,0.04787231981754303,True,False,family-00339-maximum,family-00339,0.9757497906684875,0.11414829873184429,1.0,2,0.8103012854066949,10.619976997375488,11,maximum
9.761614799499512,0.03285347297787666,True,False,family-00339-maximum,family-00339,0.9962067604064941,0.024931582458438867,1.0,3,0.7079149254015212,13.7892484664917,11,maximum
4.496150970458984,0.14053165912628174,True,False,family-00339-minimum,family-00339,0.9775740504264832,0.10733594951541904,0.5,0,0.4418545693892751,10.17563533782959,11,minimum
6.783809185028076,0.3040509819984436,True,False,family-00339-minimum,family-00339,0.9791467785835266,0.10134137993057792,0.5,1,0.6761323369166415,10.033256530761719,11,minimum
7.936126708984375,0.1436428427696228,True,False,family-00339-minimum,family-00339,0.9878431558609009,0.06569266516495526,0.5,2,0.6499052121079212,12.211206436157227,11,minimum
8.13920783996582,-0.0383988618850708,True,False,family-00339-minimum,family-00339,0.9850034117698669,0.07786823215417174,0.5,3,0.5620797941191231,14.480520248413086,11,minimum
4.777286052703857,-0.034925803542137146,True,False,family-00339-sum_mod_10,family-00339,0.9598170518875122,0.16852513151165266,0.0,0,0.5066869131818975,9.42847728729248,11,sum_mod_10
5.807547569274902,0.015183724462985992,True,False,family-00339-sum_mod_10,family-00339,0.9793016910552979,0.10074450592498925,0.0,1,0.5914788420694074,9.818690299987793,11,sum_mod_10
6.068880081176758,0.002966940402984619,True,False,family-00339-sum_mod_10,family-00339,0.9885352253913879,0.06262887190910293,0.0,2,0.5370672569412913,11.300037384033203,11,sum_mod_10
8.203533172607422,0.0021959543228149414,True,True,family-00339-sum_mod_10,family-00339,0.9963629841804504,0.02405802693989815,0.0,3,0.5318520664660821,15.424464225769043,11,sum_mod_10
6.080684661865234,-0.12386026978492737,False,False,family-00340-maximum,family-00340,0.9770431518554688,0.10933363553186916,0.5,0,0.5600194986133588,10.857987403869629,11,maximum
6.080134868621826,0.08880363404750824,False,False,family-00340-maximum,family-00340,0.9891653656959534,0.05980252687746907,0.5,1,0.5213222198318175,11.662911415100098,11,maximum
5.3748650550842285,0.06064040958881378,False,False,family-00340-maximum,family-00340,0.9638928174972534,0.15536879406879459,0.5,2,0.4800008124990632,11.197616577148438,11,maximum
7.303665637969971,0.14784103631973267,False,False,family-00340-maximum,family-00340,0.9934737086296082,0.03934470145155523,0.5,3,0.5381080895927713,13.572859764099121,11,maximum
7.270175933837891,-0.14398562908172607,False,False,family-00340-minimum,family-00340,0.9753659963607788,0.11556323798514889,0.0,0,0.6877903448654171,10.570337295532227,11,minimum
5.258289337158203,-0.017776668071746826,False,False,family-00340-minimum,family-00340,0.9715710878372192,0.12923776399453507,0.0,1,0.4646098462419478,11.317645072937012,11,minimum
11.785072326660156,0.6711660027503967,False,False,family-00340-minimum,family-00340,0.981101930141449,0.09371905026067417,0.0,2,1.0022837307321117,11.758219718933105,11,minimum
6.045603275299072,0.14651066064834595,False,False,family-00340-minimum,family-00340,0.9175911545753479,0.2846135447022772,0.0,3,0.36975268763392677,16.35039710998535,11,minimum
6.559216499328613,0.008900880813598633,True,False,family-00340-sum_mod_10,family-00340,0.9736681580543518,0.12175036180933502,1.0,0,0.6111251945131065,10.733016014099121,11,sum_mod_10
4.958237171173096,-0.0023557916283607483,True,False,family-00340-sum_mod_10,family-00340,0.984628438949585,0.07943270612675242,1.0,1,0.44268592109034266,11.200349807739258,11,sum_mod_10
10.853625297546387,0.020045071840286255,True,False,family-00340-sum_mod_10,family-00340,0.9899322986602783,0.0563123991518108,1.0,2,0.8384393640389893,12.945033073425293,11,sum_mod_10
7.52049446105957,0.04569941759109497,True,True,family-00340-sum_mod_10,family-00340,0.9983452558517456,0.012250535989559542,1.0,3,0.4237142788059846,17.74897575378418,11,sum_mod_10
6.341882705688477,0.0923539400100708,False,False,family-00341-maximum,family-00341,0.9701509475708008,0.1342170673910033,0.0,0,0.546183158958495,11.611274719238281,11,maximum
9.947954177856445,0.7401322722434998,False,False,family-00341-maximum,family-00341,0.9881830811500549,0.06419294312633964,0.0,1,0.8605805213782507,11.559585571289062,11,maximum
6.327146530151367,0.01672065258026123,False,False,family-00341-maximum,family-00341,0.9669457077980042,0.14520392046794095,0.0,2,0.46086793851837615,13.72876262664795,11,maximum
7.896712779998779,0.11373025178909302,False,False,family-00341-maximum,family-00341,0.9943826198577881,0.03471021840718975,0.0,3,0.4761618152463265,16.584095001220703,11,maximum
4.856422424316406,0.059028834104537964,False,False,family-00341-minimum,family-00341,0.9756683111190796,0.11444920768545054,1.0,0,0.44804038508931066,10.839251518249512,11,minimum
6.965692520141602,-0.06661207973957062,False,False,family-00341-minimum,family-00341,0.9817325472831726,0.09121751104318238,1.0,1,0.6997644445266238,9.954339027404785,11,minimum
8.666370391845703,0.11554445326328278,False,False,family-00341-minimum,family-00341,0.9681862592697144,0.14099145829551338,1.0,2,0.7810383157377964,11.09596061706543,11,minimum
9.496956825256348,0.09173634648323059,False,False,family-00341-minimum,family-00341,0.9771069884300232,0.10909409907305877,1.0,3,0.8193093034068171,11.591418266296387,11,minimum
4.734159469604492,0.001678466796875,True,False,family-00341-sum_mod_10,family-00341,0.9598170518875122,0.16852513151165266,0.5,0,0.5021128359703534,9.42847728729248,11,sum_mod_10
5.704944133758545,-0.08731663227081299,True,False,family-00341-sum_mod_10,family-00341,0.9840843081474304,0.08168648220995174,0.5,1,0.5457202993345152,10.453970909118652,11,sum_mod_10
6.16736364364624,0.005360648036003113,True,False,family-00341-sum_mod_10,family-00341,0.9927185773849487,0.04309713447934696,0.5,2,0.4916700917340238,12.543703079223633,11,sum_mod_10
7.6228156089782715,0.10519607365131378,True,True,family-00341-sum_mod_10,family-00341,0.9975922107696533,0.016921560889127524,0.5,3,0.47800404955726133,15.94717788696289,11,sum_mod_10
5.760970115661621,0.09187442064285278,True,False,family-00342-maximum,family-00342,0.9814576506614685,0.09231065703292635,1.0,0,0.531463029416205,10.839832305908203,11,maximum
6.443517684936523,0.3710256814956665,True,False,family-00342-maximum,family-00342,0.9844516515731812,0.08016706796600045,1.0,1,0.6455064549040447,9.982111930847168,11,maximum
8.500511169433594,0.22546717524528503,True,False,family-00342-maximum,family-00342,0.9716904163360596,0.12881609635713076,1.0,2,0.8480052150792051,10.024126052856445,11,maximum
8.734832763671875,0.2314639389514923,True,False,family-00342-maximum,family-00342,0.9954375624656677,0.029143087839343,1.0,3,0.6644780833947876,13.145403861999512,11,maximum
5.147329807281494,0.08731871843338013,False,False,family-00342-minimum,family-00342,0.9814190864562988,0.09246367682088055,0.5,0,0.45979608827587665,11.194809913635254,11,minimum
6.621084690093994,0.10033562779426575,False,False,family-00342-minimum,family-00342,0.989193856716156,0.05967387727103564,0.5,1,0.5947088747404197,11.133320808410645,11,minimum
6.733582019805908,0.21771731972694397,False,False,family-00342-minimum,family-00342,0.9867656230926514,0.07038426692130628,0.5,2,0.5609495908477,12.003898620605469,11,minimum
8.215407371520996,0.04783761501312256,False,False,family-00342-minimum,family-00342,0.9817363023757935,0.09120254961758822,0.5,3,0.6064449532210123,13.546831130981445,11,minimum
6.071916580200195,-0.019286751747131348,True,False,family-00342-sum_mod_10,family-00342,0.9741891026496887,0.11986427310489711,0.0,0,0.5635510820638636,10.774385452270508,11,sum_mod_10
4.351299285888672,-0.007864871062338352,True,False,family-00342-sum_mod_10,family-00342,0.9811192750930786,0.09365053623689554,0.0,1,0.39147851507735243,11.115039825439453,11,sum_mod_10
5.545056343078613,0.000651458278298378,True,False,family-00342-sum_mod_10,family-00342,0.9833583235740662,0.0846641580102087,0.0,2,0.44656105973839094,12.417241096496582,11,sum_mod_10
9.504032135009766,-0.006936782039701939,True,True,family-00342-sum_mod_10,family-00342,0.995862603187561,0.02683357077502536,0.0,3,0.6104890019539789,15.567900657653809,11,sum_mod_10
6.098249435424805,0.003016054630279541,True,False,family-00343-maximum,family-00343,0.9775740504264832,0.10733594951541904,0.5,0,0.5992991329743868,10.17563533782959,11,maximum
7.501758098602295,0.8663908243179321,True,False,family-00343-maximum,family-00343,0.9718402028083801,0.12828606732096884,0.5,1,0.7123770448377963,10.530600547790527,11,maximum
4.453436851501465,0.06832033395767212,True,False,family-00343-maximum,family-00343,0.9407517313957214,0.22489407755590418,0.5,2,0.43295545036984306,10.286131858825684,11,maximum
9.830328941345215,0.3183562755584717,True,False,family-00343-maximum,family-00343,0.9826168417930603,0.08767215096687421,0.5,3,0.8535188966821072,11.517412185668945,11,maximum
5.177109241485596,0.3003331124782562,True,False,family-00343-minimum,family-00343,0.9693408608436584,0.13702598831920093,0.0,0,0.5218054941044241,9.921530723571777,11,minimum
5.501339435577393,-0.12778329849243164,True,False,family-00343-minimum,family-00343,0.9808241128921509,0.09481425039460784,0.0,1,0.5436870652549171,10.118577003479004,11,minimum
8.88496208190918,0.3334382176399231,True,False,family-00343-minimum,family-00343,0.9812699556350708,0.09305465040698674,0.0,2,0.8716832105960989,10.192879676818848,11,minimum
5.499862194061279,0.03358706831932068,True,False,family-00343-minimum,family-00343,0.9227665066719055,0.2719600511424846,0.0,3,0.43030799764484373,12.781222343444824,11,minimum
6.9504804611206055,0.013800721615552902,False,False,family-00343-sum_mod_10,family-00343,0.9701509475708008,0.1342170673910033,1.0,0,0.5985975380984327,11.611274719238281,11,sum_mod_10
6.340819835662842,-0.0051222071051597595,False,False,family-00343-sum_mod_10,family-00343,0.9793823957443237,0.10043308420074648,1.0,1,0.5562967502125804,11.398268699645996,11,sum_mod_10
6.452447414398193,-0.07439593970775604,False,False,family-00343-sum_mod_10,family-00343,0.9906758069992065,0.05287252129184339,1.0,2,0.46923941657940804,13.750864028930664,11,sum_mod_10
7.202013969421387,-0.024538084864616394,False,True,family-00343-sum_mod_10,family-00343,0.9980595707893372,0.014056227123812094,1.0,3,0.41080148474435835,17.5316162109375,11,sum_mod_10
6.122531890869141,0.05560415983200073,True,False,family-00344-maximum,family-00344,0.9710441827774048,0.13109353743699492,0.0,0,0.580890268802698,10.539911270141602,11,maximum
6.99822998046875,0.7554571032524109,True,False,family-00344-maximum,family-00344,0.9835958480834961,0.08369354859286106,0.0,1,0.6370594775994494,10.985206604003906,11,maximum
4.728610515594482,0.010791242122650146,True,False,family-00344-maximum,family-00344,0.9512773156166077,0.1947369510510223,0.0,2,0.39751177709935415,11.895523071289062,11,maximum
11.104204177856445,0.20479142665863037,True,False,family-00344-maximum,family-00344,0.9939390420913696,0.03698912182478645,0.0,3,0.7828558392694422,14.184226036071777,11,maximum
6.016155242919922,0.42353278398513794,False,False,family-00344-minimum,family-00344,0.9451321959495544,0.21260608338723008,1.0,0,0.6902773081750271,8.71556282043457,11,minimum
5.556731700897217,-0.04687434434890747,False,False,family-00344-minimum,family-00344,0.9678341746330261,0.142192007443638,1.0,1,0.6201964926756711,8.959630966186523,11,minimum
6.354637622833252,0.36839041113853455,False,False,family-00344-minimum,family-00344,0.9618509411811829,0.1620164727399847,1.0,2,0.6717453772974895,9.459890365600586,11,minimum
6.926492691040039,0.19731053709983826,False,False,family-00344-minimum,family-00344,0.9661555886268616,0.14786166369368248,1.0,3,0.683016471117521,10.141033172607422,11,minimum
6.24349308013916,-0.165310800075531,True,False,family-00344-sum_mod_10,family-00344,0.9661733508110046,0.14780212800260134,0.5,0,0.6058957039078319,10.304567337036133,11,sum_mod_10
5.028102397918701,-0.07100501656532288,True,False,family-00344-sum_mod_10,family-00344,0.9822127819061279,0.08929767526981396,0.5,1,0.45740795011458735,10.992599487304688,11,sum_mod_10
7.008056163787842,-0.11799660325050354,True,False,family-00344-sum_mod_10,family-00344,0.9860952496528625,0.07325773229355556,0.5,2,0.6502749462350272,10.777066230773926,11,sum_mod_10
8.14394474029541,0.19577299058437347,True,True,family-00344-sum_mod_10,family-00344,0.9933757185935974,0.03983640069490858,0.5,3,0.6156903861168408,13.227337837219238,11,sum_mod_10
4.81821346282959,0.17078962922096252,False,False,family-00345-maximum,family-00345,0.9451321959495544,0.21260608338723008,1.0,0,0.5528287228373562,8.71556282043457,11,maximum
4.267190456390381,-0.02938622236251831,False,False,family-00345-maximum,family-00345,0.9550685882568359,0.18331154154808438,1.0,1,0.5568708934884301,7.662800312042236,11,maximum
6.622682094573975,-0.03213334083557129,False,False,family-00345-maximum,family-00345,0.9490800499916077,0.2012151227919543,1.0,2,0.9537827666075896,6.943595886230469,11,maximum
10.223068237304688,0.2790238559246063,False,False,family-00345-maximum,family-00345,0.9903733730316162,0.05427871134742329,1.0,3,1.0274757742469118,9.949692726135254,11,maximum
5.5831146240234375,0.2632670998573303,False,False,family-00345-minimum,family-00345,0.9770431518554688,0.10933363553186916,0.5,0,0.5141942439566376,10.857987403869629,11,minimum
7.46441650390625,0.23603445291519165,False,False,family-00345-minimum,family-00345,0.9871997237205505,0.06850529815279292,0.5,1,0.7016357679510822,10.638591766357422,11,minimum
7.594208717346191,0.23012226819992065,False,False,family-00345-minimum,family-00345,0.9858337044715881,0.07436983373550711,0.5,2,0.6050881290918707,12.550582885742188,11,minimum
7.822267055511475,0.02988111972808838,False,False,family-00345-minimum,family-00345,0.980651319026947,0.09549335783206721,0.5,3,0.5165184369990117,15.144216537475586,11,minimum
7.096829414367676,0.07875239849090576,False,False,family-00345-sum_mod_10,family-00345,0.9753659963607788,0.11556323798514889,0.0,0,0.6713910082478919,10.570337295532227,11,sum_mod_10
5.013383388519287,0.1099514365196228,False,False,family-00345-sum_mod_10,family-00345,0.9695011973381042,0.13647180324589514,0.0,1,0.44631775426394565,11.232767105102539,11,sum_mod_10
5.892618656158447,0.03814566135406494,False,False,family-00345-sum_mod_10,family-00345,0.9858710169792175,0.07421148097834661,0.0,2,0.45498019218732744,12.951374053955078,11,sum_mod_10
9.493102073669434,-0.21819135546684265,False,True,family-00345-sum_mod_10,family-00345,0.9967706203460693,0.021746154265421556,0.0,3,0.6123571493164514,15.502557754516602,11,sum_mod_10
7.598836898803711,-0.014783382415771484,False,False,family-00346-maximum,family-00346,0.9770431518554688,0.10933363553186916,0.5,0,0.6998384337870567,10.857987403869629,11,maximum
10.471264839172363,0.8672537207603455,False,False,family-00346-maximum,family-00346,0.992861807346344,0.04239171352343233,0.5,1,0.869848042419118,12.038039207458496,11,maximum
4.354227542877197,0.0013335347175598145,False,False,family-00346-maximum,family-00346,0.9514859914779663,0.19411636675444724,0.5,2,0.3417211111616728,12.742050170898438,11,maximum
7.962767124176025,0.06949019432067871,False,False,family-00346-maximum,family-00346,0.9861380457878113,0.07307528874959632,0.5,3,0.5450798570393472,14.608441352844238,11,maximum
5.686650276184082,0.03895366191864014,False,False,family-00346-minimum,family-00346,0.9753659963607788,0.11556323798514889,0.0,0,0.5379819127046839,10.570337295532227,11,minimum
8.426139831542969,-0.02591705322265625,False,False,family-00346-minimum,family-00346,0.9809485673904419,0.09432414172261915,0.0,1,0.8191872387205676,10.285975456237793,11,minimum
10.559671401977539,0.6764711141586304,False,False,family-00346-minimum,family-00346,0.9750202298164368,0.11683272756093895,0.0,2,0.9804158867031167,10.770604133605957,11,minimum
6.300381660461426,0.09120041131973267,False,False,family-00346-minimum,family-00346,0.9322565793991089,0.2477623717586645,0.0,3,0.43291387886419846,14.55342960357666,11,minimum
7.071280002593994,0.1921989917755127,True,False,family-00346-sum_mod_10,family-00346,0.9710441827774048,0.13109353743699492,1.0,0,0.6709050789285244,10.539911270141602,11,sum_mod_10
4.868303298950195,0.11285677552223206,True,False,family-00346-sum_mod_10,family-00346,0.9830824136734009,0.08578729859482616,1.0,1,0.43397707739848695,11.217881202697754,11,sum_mod_10
8.240781784057617,0.248362734913826,True,False,family-00346-sum_mod_10,family-00346,0.9852802157402039,0.07670724735438567,1.0,2,0.6288270029789118,13.105006217956543,11,sum_mod_10
5.667248249053955,-0.0923505425453186,True,True,family-00346-sum_mod_10,family-00346,0.9937673807144165,0.037862138759562604,1.0,3,0.3454582189371086,16.405017852783203,11,sum_mod_10
7.177504062652588,-0.08246734738349915,True,False,family-00347-maximum,family-00347,0.9736681580543518,0.12175036180933502,0.0,0,0.6687313289409113,10.733016014099121,11,maximum
5.702067852020264,0.21652080118656158,True,False,family-00347-maximum,family-00347,0.983134388923645,0.0855760761984162,0.0,1,0.4651516576612868,12.258513450622559,11,maximum
4.696622848510742,0.1745252013206482,True,False,family-00347-maximum,family-00347,0.959656834602356,0.1690332166591515,0.0,2,0.3705798446756471,12.673713684082031,11,maximum
6.255033493041992,0.21396294236183167,True,False,family-00347-maximum,family-00347,0.9906646013259888,0.05292479764685838,0.0,3,0.44962159858087214,13.911772727966309,11,maximum
7.019619941711426,0.39403122663497925,True,False,family-00347-minimum,family-00347,0.9777830243110657,0.10654610431767582,1.0,0,0.6749412615540951,10.400341987609863,11,minimum
4.10851526260376,-0.06442475318908691,True,False,family-00347-minimum,family-00347,0.9786815047264099,0.10312703661055489,1.0,1,0.38232333935559815,10.746179580688477,11,minimum
7.310818672180176,0.12109687924385071,True,False,family-00347-minimum,family-00347,0.9763413667678833,0.11195510028467612,1.0,2,0.6971075029490408,10.487361907958984,11,minimum
8.932336807250977,0.08786404132843018,True,False,family-00347-minimum,family-00347,0.9742466807365417,0.11965515211788447,1.0,3,0.6687573797275328,13.35661792755127,11,minimum
5.990591049194336,-0.044630780816078186,True,False,family-00347-sum_mod_10,family-00347,0.9661733508110046,0.14780212800260134,0.5,0,0.5813529916645087,10.304567337036133,11,sum_mod_10
4.33706521987915,-0.007040318101644516,True,False,family-00347-sum_mod_10,family-00347,0.979904055595398,0.09841227719820318,0.5,1,0.40150671542112343,10.801974296569824,11,sum_mod_10
6.07336950302124,0.005742793902754784,True,False,family-00347-sum_mod_10,family-00347,0.9862672090530396,0.07252384074442864,0.5,2,0.5418525271092626,11.208528518676758,11,sum_mod_10
7.717441082000732,-0.03282514959573746,True,True,family-00347-sum_mod_10,family-00347,0.9967556595802307,0.021831878112049598,0.5,3,0.5572026337306881,13.85033130645752,11,sum_mod_10
6.454806327819824,0.01713550090789795,True,False,family-00348-maximum,family-00348,0.9789960384368896,0.10192104973285283,1.0,0,0.5818519510317487,11.093554496765137,11,maximum
7.633403301239014,0.689626932144165,True,False,family-00348-maximum,family-00348,0.9796690344810486,0.09932439223868526,1.0,1,0.721086941559209,10.585968017578125,11,maximum
7.49197244644165,0.02379399538040161,True,False,family-00348-maximum,family-00348,0.9614059329032898,0.16344998551250284,1.0,2,0.6594749067355251,11.360511779785156,11,maximum
8.0952787399292,0.17034566402435303,True,False,family-00348-maximum,family-00348,0.9928473830223083,0.042462884795958555,1.0,3,0.5726459677962853,14.13662052154541,11,maximum
6.617173194885254,0.2390892505645752,False,False,family-00348-minimum,family-00348,0.9770431518554688,0.10933363553186916,0.5,0,0.6094290726960127,10.857987403869629,11,minimum
8.097208023071289,0.12245702743530273,False,False,family-00348-minimum,family-00348,0.9902920126914978,0.05465535228959924,0.5,1,0.6598914333643595,12.270515441894531,11,minimum
6.722494125366211,0.20658135414123535,False,False,family-00348-minimum,family-00348,0.9848029017448425,0.07870597607218238,0.5,2,0.5138309201879783,13.083086013793945,11,minimum
8.017178535461426,0.11649179458618164,False,False,family-00348-minimum,family-00348,0.9822975397109985,0.08895747800848289,0.5,3,0.5611631680667675,14.286715507507324,11,minimum
8.09323787689209,-0.01196911558508873,False,False,family-00348-sum_mod_10,family-00348,0.9753659963607788,0.11556323798514889,0.0,0,0.7656555936311384,10.570337295532227,11,sum_mod_10
5.027986526489258,-0.013372313231229782,False,False,family-00348-sum_mod_10,family-00348,0.9764853715896606,0.11141894044901708,0.0,1,0.43393692315695004,11.586906433105469,11,sum_mod_10
5.4647674560546875,0.005352642387151718,False,False,family-00348-sum_mod_10,family-00348,0.9883440732955933,0.06347922305247147,0.0,2,0.405942108400725,13.46193790435791,11,sum_mod_10
8.319530487060547,0.004569327458739281,False,True,family-00348-sum_mod_10,family-00348,0.9955021739006042,0.028794672466626457,0.0,3,0.5534554501752678,15.031978607177734,11,sum_mod_10
5.917081832885742,0.034252166748046875,False,False,family-00349-maximum,family-00349,0.941710889339447,0.22223376595091454,0.5,0,0.622712942492309,9.50210189819336,11,maximum
10.970438957214355,0.8257976770401001,False,False,family-00349-maximum,family-00349,0.9783747792243958,0.10429851788959031,0.5,1,1.2070524496734403,9.088618278503418,11,maximum
5.835925102233887,0.03310394287109375,False,False,family-00349-maximum,family-00349,0.9050999283790588,0.3137305477728012,0.5,2,0.5008891638405722,11.651130676269531,11,maximum
8.308671951293945,0.15114188194274902,False,False,family-00349-maximum,family-00349,0.9752089381217957,0.11614049351713826,0.5,3,0.5919861645932061,14.035246849060059,11,maximum
6.757305145263672,0.23866957426071167,True,False,family-00349-minimum,family-00349,0.9775740504264832,0.10733594951541904,0.0,0,0.6640671487255724,10.17563533782959,11,minimum
9.062348365783691,-0.0212724506855011,True,False,family-00349-minimum,family-00349,0.9824891090393066,0.08818704008408731,0.0,1,0.8484499158385944,10.68106460571289,11,minimum
7.481850624084473,0.21392247080802917,True,False,family-00349-minimum,family-00349,0.9787887334823608,0.10271643570341864,0.0,2,0.6149907186464275,12.165794372558594,11,minimum
4.567497253417969,0.14047056436538696,True,False,family-00349-minimum,family-00349,0.9474301338195801,0.2060136395899898,0.0,3,0.3510222802499286,13.01198673248291,11,minimum
6.82822847366333,0.1747160106897354,False,False,family-00349-sum_mod_10,family-00349,0.9792648553848267,0.10088653983718776,1.0,0,0.6425264019959472,10.627156257629395,11,sum_mod_10
4.776515960693359,0.11435237526893616,False,False,family-00349-sum_mod_10,family-00349,0.9860817193984985,0.07331538510224497,1.0,1,0.430780377557902,11.088053703308105,11,sum_mod_10
5.149860858917236,0.05102336406707764,False,False,family-00349-sum_mod_10,family-00349,0.9810009598731995,0.09411756965161433,1.0,2,0.47964598885129306,10.736795425415039,11,sum_mod_10
8.737889289855957,0.2624223530292511,False,True,family-00349-sum_mod_10,family-00349,0.9940119385719299,0.03661692095631693,1.0,3,0.6648576178621625,13.142497062683105,11,sum_mod_10
6.398969650268555,-0.2311783730983734,True,False,family-00350-maximum,family-00350,0.9770553112030029,0.10928802356209882,0.0,0,0.6049364784809038,10.577919960021973,11,maximum
7.188694477081299,0.2730921804904938,True,False,family-00350-maximum,family-00350,0.9892764091491699,0.059300686885546704,0.0,1,0.6011242491621382,11.958749771118164,11,maximum
4.852253437042236,-0.06019517779350281,True,False,family-00350-maximum,family-00350,0.9809715151786804,0.09423368172667365,0.0,2,0.35993196463694804,13.481029510498047,11,maximum
7.69446325302124,0.10830608010292053,True,False,family-00350-maximum,family-00350,0.9976418018341064,0.016622178148613293,0.0,3,0.5084499994800951,15.13317584991455,11,maximum
5.517561435699463,0.06829982995986938,True,False,family-00350-minimum,family-00350,0.9736681580543518,0.12175036180933502,1.0,0,0.5140737168799036,10.733016014099121,11,minimum
5.481217861175537,-0.02605891227722168,True,False,family-00350-minimum,family-00350,0.9902004599571228,0.05507835376157569,1.0,1,0.5053495641488287,10.846388816833496,11,minimum
10.206021308898926,0.5862569808959961,True,False,family-00350-minimum,family-00350,0.982155978679657,0.08952543938795879,1.0,2,0.9602024055419719,10.62903118133545,11,minimum
10.599695205688477,0.20015943050384521,True,False,family-00350-minimum,family-00350,0.9865800738334656,0.0711829717187607,1.0,3,0.7887481926064965,13.438630104064941,11,minimum
6.921534061431885,-0.009295020252466202,False,False,family-00350-sum_mod_10,family-00350,0.9753659963607788,0.11556323798514889,0.5,0,0.6548073034866556,10.570337295532227,11,sum_mod_10
4.294836521148682,-0.00017889775335788727,False,False,family-00350-sum_mod_10,family-00350,0.9768245816230774,0.11015241213548582,0.5,1,0.37488157647527137,11.456515312194824,11,sum_mod_10
6.6378254890441895,-0.003064587712287903,False,False,family-00350-sum_mod_10,family-00350,0.9891467094421387,0.059886727098367454,0.5,2,0.5484651400215328,12.102547645568848,11,sum_mod_10
9.057215690612793,-0.004291728138923645,False,True,family-00350-sum_mod_10,family-00350,0.9974728226661682,0.017638150204747658,0.5,3,0.6028670335387584,15.023571014404297,11,sum_mod_10
5.030869960784912,-0.06081920862197876,True,False,family-00351-maximum,family-00351,0.9777830243110657,0.10654610431767582,1.0,0,0.4837215898071706,10.400341987609863,11,maximum
9.223923683166504,0.5260071158409119,True,False,family-00351-maximum,family-00351,0.9870626330375671,0.06910027174535517,1.0,1,0.8323176036650946,11.082216262817383,11,maximum
8.481021881103516,0.04009819030761719,True,False,family-00351-maximum,family-00351,0.9770646095275879,0.1092531393707314,1.0,2,0.642714896010302,13.1956205368042,11,maximum
7.868101596832275,0.1456003189086914,True,False,family-00351-maximum,family-00351,0.9963059425354004,0.024377752111276196,1.0,3,0.430863444796666,18.261241912841797,11,maximum
4.54866886138916,-0.05077546834945679,True,False,family-00351-minimum,family-00351,0.9789960384368896,0.10192104973285283,0.5,0,0.41002808096499144,11.093554496765137,11,minimum
9.646666526794434,0.03225386142730713,True,False,family-00351-minimum,family-00351,0.984216570854187,0.08114041712146679,0.5,1,0.902100676098628,10.693558692932129,11,minimum
9.600102424621582,0.5286892056465149,True,False,family-00351-minimum,family-00351,0.9783616662025452,0.10434850109285448,0.5,2,0.7660596722858933,12.531794548034668,11,minimum
7.321761608123779,0.1275850534439087,True,False,family-00351-minimum,family-00351,0.969576358795166,0.13621171707562663,0.5,3,0.43561470997161655,16.807884216308594,11,minimum
5.176738739013672,0.054803818464279175,True,False,family-00351-sum_mod_10,family-00351,0.9770553112030029,0.10928802356209882,0.0,0,0.48939099166741273,10.577919960021973,11,sum_mod_10
5.39531135559082,0.004176728427410126,True,False,family-00351-sum_mod_10,family-00351,0.9859747290611267,0.07377080532321015,0.0,1,0.5024005561276522,10.739063262939453,11,sum_mod_10
9.605047225952148,0.021820884197950363,True,False,family-00351-sum_mod_10,family-00351,0.9879732131958008,0.06512001416604149,0.0,2,0.7874192390032956,12.198136329650879,11,sum_mod_10
7.466464042663574,0.016127899289131165,True,True,family-00351-sum_mod_10,family-00351,0.9983514547348022,0.012210836288946383,0.0,3,0.4346534344547381,17.17797088623047,11,sum_mod_10
8.358248710632324,-0.06299567222595215,False,False,family-00352-maximum,family-00352,0.9770431518554688,0.10933363553186916,0.5,0,0.7697788180941862,10.857987403869629,11,maximum
5.307776927947998,0.04621565341949463,False,False,family-00352-maximum,family-00352,0.9889938235282898,0.060575521958610795,0.5,1,0.43108757992161334,12.312525749206543,11,maximum
5.533202648162842,0.03898489475250244,False,False,family-00352-maximum,family-00352,0.9631482362747192,0.1578064497957474,0.5,2,0.4873146643075262,11.354475975036621,11,maximum
8.137228965759277,0.26727554202079773,False,False,family-00352-maximum,family-00352,0.9888889789581299,0.061046633751153365,0.5,3,0.577916414452721,14.080286979675293,11,maximum
9.2352294921875,0.2167511284351349,False,False,family-00352-minimum,family-00352,0.9792648553848267,0.10088653983718776,0.0,0,0.8690217089409399,10.627156257629395,11,minimum
4.852633953094482,0.13048651814460754,False,False,family-00352-minimum,family-00352,0.9826996326446533,0.08733791231834276,0.0,1,0.42203204183797044,11.498259544372559,11,minimum
9.3634672164917,0.17414560914039612,False,False,family-00352-minimum,family-00352,0.9770044684410095,0.1094787003741109,0.0,2,0.7727940148038398,12.116381645202637,11,minimum
6.21409797668457,-0.061583876609802246,False,False,family-00352-minimum,family-00352,0.8749995231628418,0.37677108913766294,0.0,3,0.3907200572964188,15.904220581054688,11,minimum
8.559272766113281,0.02334626019001007,False,False,family-00352-sum_mod_10,family-00352,0.9792648553848267,0.10088653983718776,1.0,0,0.8054151608026325,10.627156257629395,11,sum_mod_10
4.697441577911377,0.01904263347387314,False,False,family-00352-sum_mod_10,family-00352,0.981899619102478,0.09055108327404927,1.0,1,0.4193074294069455,11.202857971191406,11,sum_mod_10
6.177721977233887,0.004057150334119797,False,False,family-00352-sum_mod_10,family-00352,0.9815734028816223,0.09185086972508452,1.0,2,0.5032194399077243,12.276397705078125,11,sum_mod_10
7.778781890869141,-0.03905799239873886,False,True,family-00352-sum_mod_10,family-00352,0.986304759979248,0.07236329069552716,1.0,3,0.4847529423119416,16.046899795532227,11,sum_mod_10
6.0952324867248535,0.07769662141799927,True,False,family-00353-maximum,family-00353,0.9710441827774048,0.13109353743699492,0.0,0,0.5783001707037108,10.539911270141602,11,maximum
6.6177778244018555,0.8697658181190491,True,False,family-00353-maximum,family-00353,0.9815430045127869,0.09197168870467874,0.0,1,0.6034770855451644,10.966079711914062,11,maximum
4.336326599121094,0.022647321224212646,True,False,family-00353-maximum,family-00353,0.9496455788612366,0.19955749545496695,0.0,2,0.37730520206051416,11.492888450622559,11,maximum
10.899212837219238,0.25939565896987915,True,False,family-00353-maximum,family-00353,0.9928323030471802,0.04253725980100087,0.0,3,0.8211242623829248,13.273524284362793,11,maximum
6.772986888885498,0.560570240020752,False,False,family-00353-minimum,family-00353,0.9756683111190796,0.11444920768545054,1.0,0,0.6248574338811268,10.839251518249512,11,minimum
4.9884161949157715,0.05104917287826538,False,False,family-00353-minimum,family-00353,0.9732422828674316,0.12328437677107246,1.0,1,0.43638932382655266,11.431114196777344,11,minimum
7.617644786834717,0.20764726400375366,False,False,family-00353-minimum,family-00353,0.9653596878051758,0.15051955209677928,1.0,2,0.6936238061797692,10.982386589050293,11,minimum
8.936433792114258,0.1004754900932312,False,False,family-00353-minimum,family-00353,0.9735833406448364,0.12205643724150168,1.0,3,0.7280547043503665,12.274398803710938,11,minimum
7.515632152557373,-0.06401942670345306,False,False,family-00353-sum_mod_10,family-00353,0.9753659963607788,0.11556323798514889,0.5,0,0.7110115734654949,10.570337295532227,11,sum_mod_10
5.829756736755371,0.021681956946849823,False,False,family-00353-sum_mod_10,family-00353,0.9750725030899048,0.11664112166671184,0.5,1,0.5007148338132202,11.642868041992188,11,sum_mod_10
6.440089225769043,0.03826553001999855,False,False,family-00353-sum_mod_10,family-00353,0.989949107170105,0.05623526241471388,0.5,2,0.4706707381927069,13.682790756225586,11,sum_mod_10
8.403056144714355,0.018196459859609604,False,True,family-00353-sum_mod_10,family-00353,0.9980839490890503,0.013903881664844972,0.5,3,0.5098230960909318,16.482297897338867,11,sum_mod_10
4.507682800292969,0.10277944803237915,True,False,family-00354-maximum,family-00354,0.9789960384368896,0.10192104973285283,1.0,0,0.4063334976726713,11.093554496765137,11,maximum
7.959555625915527,0.7496271729469299,True,False,family-00354-maximum,family-00354,0.9833791851997375,0.08457904881394815,1.0,1,0.7541258628282642,10.554677963256836,11,maximum
8.89432430267334,0.055225670337677,True,False,family-00354-maximum,family-00354,0.9638772010803223,0.1554200825043558,1.0,2,0.7909152207065931,11.245610237121582,11,maximum
8.590620994567871,0.20928728580474854,True,False,family-00354-maximum,family-00354,0.994249701499939,0.035396668762676,1.0,3,0.5551247602967849,15.475117683410645,11,maximum
5.21917724609375,0.016693472862243652,False,False,family-00354-minimum,family-00354,0.9814190864562988,0.09246367682088055,0.5,0,0.46621401223944,11.194809913635254,11,minimum
9.350842475891113,0.03692513704299927,False,False,family-00354-minimum,family-00354,0.987177848815918,0.06860033456311079,0.5,1,0.8791746379135096,10.635932922363281,11,minimum
9.661540031433105,0.5675485134124756,False,False,family-00354-minimum,family-00354,0.9776661396026611,0.1069881325286947,0.5,2,0.8391992779356354,11.512807846069336,11,minimum
6.623959064483643,0.062428414821624756,False,False,family-00354-minimum,family-00354,0.9735167622566223,0.12229649862217601,0.5,3,0.433460949148633,15.281558990478516,11,minimum
3.8824002742767334,-0.003502480685710907,True,False,family-00354-sum_mod_10,family-00354,0.9598170518875122,0.16852513151165266,0.0,0,0.41177383749010643,9.42847728729248,11,sum_mod_10
5.163570404052734,-0.045261651277542114,True,False,family-00354-sum_mod_10,family-00354,0.9814761281013489,0.09223731103073299,0.0,1,0.5208827036587554,9.913115501403809,11,sum_mod_10
8.327313423156738,0.02456815540790558,True,False,family-00354-sum_mod_10,family-00354,0.9869944453239441,0.06939565740792153,0.0,2,0.7905315519270915,10.533815383911133,11,sum_mod_10
7.240024089813232,0.07047052681446075,True,True,family-00354-sum_mod_10,family-00354,0.9933564066886902,0.03993313211653138,0.0,3,0.5101167769060567,14.192875862121582,11,sum_mod_10
4.645805358886719,0.15152347087860107,False,False,family-00355-maximum,family-00355,0.941710889339447,0.22223376595091454,0.5,0,0.4889239674192537,9.50210189819336,11,maximum
9.185591697692871,0.4389215111732483,False,False,family-00355-maximum,family-00355,0.972838819026947,0.12473123894667662,0.5,1,1.1025193548885581,8.331456184387207,11,maximum
4.18882942199707,0.09775549173355103,False,False,family-00355-maximum,family-00355,0.9001479148864746,0.3247578495652569,0.5,2,0.4394510286359638,9.531959533691406,11,maximum
7.038038730621338,0.15817254781723022,False,False,family-00355-maximum,family-00355,0.9673653244972229,0.14378453245364378,0.5,3,0.6987904069599535,10.071744918823242,11,maximum
5.915496349334717,0.21060454845428467,False,False,family-00355-minimum,family-00355,0.9701509475708008,0.1342170673910033,0.0,0,0.5094614064667297,11.611274719238281,11,minimum
6.892735481262207,0.13556508719921112,False,False,family-00355-minimum,family-00355,0.9822057485580444,0.089325886919329,0.0,1,0.6578196275081934,10.478154182434082,11,minimum
8.267937660217285,0.2565610706806183,False,False,family-00355-minimum,family-00355,0.9746909141540527,0.11803725233577378,0.0,2,0.8110475888261358,10.194146156311035,11,minimum
5.698429107666016,0.13513986766338348,False,False,family-00355-minimum,family-00355,0.9279981851577759,0.2587865097629961,0.0,3,0.5103981725819122,11.164673805236816,11,minimum
7.356602191925049,0.169799342751503,True,False,family-00355-sum_mod_10,family-00355,0.9693408608436584,0.13702598831920093,1.0,0,0.7414785477050514,9.921530723571777,11,sum_mod_10
5.242984294891357,0.005294233560562134,True,False,family-00355-sum_mod_10,family-00355,0.9822291135787964,0.089232155940674,1.0,1,0.48058105221272096,10.909677505493164,11,sum_mod_10
6.935885906219482,-0.039393723011016846,True,False,family-00355-sum_mod_10,family-00355,0.9907289743423462,0.05262430113752885,1.0,2,0.5088012471249295,13.631817817687988,11,sum_mod_10
7.756968021392822,0.07695642113685608,True,True,family-00355-sum_mod_10,family-00355,0.994541347026825,0.03388632921353378,1.0,3,0.44006851390285673,17.626728057861328,11,sum_mod_10
6.287484169006348,0.024352431297302246,False,False,family-00356-maximum,family-00356,0.9792648553848267,0.10088653983718776,0.0,0,0.5916431467253969,10.627156257629395,11,maximum
8.47173023223877,0.828981876373291,False,False,family-00356-maximum,family-00356,0.9891394972801208,0.059919268651215676,0.0,1,0.7647631983323248,11.07758617401123,11,maximum
7.002997398376465,0.015955567359924316,False,False,family-00356-maximum,family-00356,0.9676266312599182,0.14289782711955223,0.0,2,0.6095076444365056,11.48959732055664,11,maximum
11.777546882629395,0.2582498788833618,False,False,family-00356-maximum,family-00356,0.9939422011375427,0.03697301046734524,0.0,3,0.8182284558038211,14.393959045410156,11,maximum
4.919163227081299,0.010855555534362793,False,False,family-00356-minimum,family-00356,0.9756683111190796,0.11444920768545054,1.0,0,0.45382868169440915,10.839251518249512,11,minimum
5.91676664352417,-0.0034924745559692383,False,False,family-00356-minimum,family-00356,0.9833955764770508,0.08451215862455567,1.0,1,0.5669652073096186,10.4358549118042,11,minimum
9.204219818115234,0.6511513590812683,False,False,family-00356-minimum,family-00356,0.9760143160820007,0.11316945140337041,1.0,2,0.8741256093812239,10.529630661010742,11,minimum
8.841599464416504,0.2335033416748047,False,False,family-00356-minimum,family-00356,0.9880532026290894,0.06476710938228304,1.0,3,0.6607555589955472,13.381044387817383,11,minimum
4.601278781890869,0.03747962787747383,True,False,family-00356-sum_mod_10,family-00356,0.9661733508110046,0.14780212800260134,0.5,0,0.44652809102942104,10.304567337036133,11,sum_mod_10
5.909478664398193,-0.013910859823226929,True,False,family-00356-sum_mod_10,family-00356,0.9832205772399902,0.08522545588163316,0.5,1,0.5613022295969029,10.528158187866211,11,sum_mod_10
7.796326160430908,-0.01808623969554901,True,False,family-00356-sum_mod_10,family-00356,0.9879633188247681,0.06516362957215532,0.5,2,0.7455541934502454,10.457088470458984,11,sum_mod_10
7.865252494812012,0.020900480449199677,True,True,family-00356-sum_mod_10,family-00356,0.9942829608917236,0.03522519494929595,0.5,3,0.5892777832397994,13.347274780273438,11,sum_mod_10
6.148832321166992,0.00563889741897583,True,False,family-00357-maximum,family-00357,0.9814576506614685,0.09231065703292635,1.0,0,0.5672442292133614,10.839832305908203,11,maximum
6.319767475128174,0.1037825345993042,True,False,family-00357-maximum,family-00357,0.9851544499397278,0.07723538950423399,1.0,1,0.6174482452299741,10.235299110412598,11,maximum
10.514310836791992,0.0682365894317627,True,False,family-00357-maximum,family-00357,0.9664468765258789,0.14688409641628597,1.0,2,1.0049998154091013,10.462002754211426,11,maximum
11.261693954467773,0.1761201024055481,True,False,family-00357-maximum,family-00357,0.9956217408180237,0.028147441895927192,1.0,3,0.6754502861960662,16.672868728637695,11,maximum
5.457889080047607,0.009889662265777588,True,False,family-00357-minimum,family-00357,0.9775740504264832,0.10733594951541904,0.5,0,0.5363683837761964,10.17563533782959,11,minimum
7.358653545379639,0.027977585792541504,True,False,family-00357-minimum,family-00357,0.9828213453292847,0.08684580802068989,0.5,1,0.6940185090610608,10.602964401245117,11,minimum
8.317086219787598,0.3704712986946106,True,False,family-00357-minimum,family-00357,0.9871289730072021,0.0688125409944774,0.5,2,0.7186408552134832,11.573355674743652,11,minimum
6.39763879776001,0.040123045444488525,True,False,family-00357-minimum,family-00357,0.9718490242958069,0.12825482640037592,0.5,3,0.4484894758503062,14.26485824584961,11,minimum
3.872096300125122,-0.10115702450275421,False,False,family-00357-sum_mod_10,family-00357,0.9624109864234924,0.16020471188364557,0.0,0,0.37449618289771414,10.339481353759766,11,sum_mod_10
2.7889180183410645,-0.05364920198917389,False,False,family-00357-sum_mod_10,family-00357,0.9296844601631165,0.25445438680441324,0.0,1,0.2703088233540619,10.317524909973145,11,sum_mod_10
5.226669788360596,-0.0026319026947021484,False,False,family-00357-sum_mod_10,family-00357,0.9522552490234375,0.1918204814984446,0.0,2,0.4905895217751581,10.653855323791504,11,sum_mod_10
6.571654319763184,-0.0062131136655807495,False,True,family-00357-sum_mod_10,family-00357,0.9768866896629333,0.10991996733904612,0.0,3,0.5441683570059807,12.076509475708008,11,sum_mod_10
3.762385845184326,0.10860592126846313,True,False,family-00358-maximum,family-00358,0.9598170518875122,0.16852513151165266,0.5,0,0.3990449073102395,9.42847728729248,11,maximum
7.443600654602051,0.3550322651863098,True,False,family-00358-maximum,family-00358,0.9840942025184631,0.08164567068037909,0.5,1,0.7398989779298135,10.060293197631836,11,maximum
5.221495628356934,0.05729275941848755,True,False,family-00358-maximum,family-00358,0.9508634805679321,0.1959648859203025,0.5,2,0.48451282971612497,10.776795387268066,11,maximum
9.541584014892578,0.2495294213294983,True,False,family-00358-maximum,family-00358,0.9917775392532349,0.047663657941998075,0.5,3,0.7144118154033872,13.355859756469727,11,maximum
5.941947937011719,-0.006876790896058083,False,False,family-00358-minimum,family-00358,0.9792648553848267,0.10088653983718776,0.0,0,0.5591286881423152,10.627156257629395,11,minimum
6.113572597503662,0.0019258707761764526,False,False,family-00358-minimum,family-00358,0.9877661466598511,0.0660310768615577,0.0,1,0.5644567029429114,10.830897331237793,11,minimum
8.3696928024292,0.0012453943490982056,False,False,family-00358-minimum,family-00358,0.980525016784668,0.09598874952293698,0.0,2,0.6849345078021385,12.219697952270508,11,minimum
5.491907596588135,-0.01032995991408825,False,False,family-00358-minimum,family-00358,0.9494563341140747,0.20011293370685518,0.0,3,0.43940842552402476,12.498412132263184,11,minimum
4.879304885864258,-0.08992989361286163,False,False,family-00358-sum_mod_10,family-00358,0.9701509475708008,0.1342170673910033,1.0,0,0.42022129385845314,11.611274719238281,11,sum_mod_10
5.789833068847656,-0.10483954846858978,False,False,family-00358-sum_mod_10,family-00358,0.9872638583183289,0.06822644428879299,1.0,1,0.5167269308212105,11.204821586608887,11,sum_mod_10
8.808226585388184,0.08911915123462677,False,False,family-00358-sum_mod_10,family-00358,0.993778645992279,0.037804994326003226,1.0,2,0.6727301345621239,13.093254089355469,11,sum_mod_10
9.779424667358398,0.12916679680347443,False,True,family-00358-sum_mod_10,family-00358,0.9995250701904297,0.004109143070001991,1.0,3,0.533463493708395,18.331947326660156,11,sum_mod_10
8.286224365234375,-0.1820746660232544,True,False,family-00359-maximum,family-00359,0.9710441827774048,0.13109353743699492,0.0,0,0.7861759129517844,10.539911270141602,11,maximum
4.202661991119385,0.002164144068956375,True,False,family-00359-maximum,family-00359,0.980038046836853,0.0978910048772314,0.0,1,0.3632210994788909,11.570533752441406,11,maximum
4.658226490020752,-0.030994661152362823,True,False,family-00359-maximum,family-00359,0.9643531441688538,0.15385379972362176,0.0,2,0.365441546427194,12.746844291687012,11,maximum
7.54691219329834,0.039331987500190735,True,False,family-00359-maximum,family-00359,0.9887500405311584,0.061669404122113414,0.0,3,0.5314098117850933,14.201680183410645,11,maximum
7.498448371887207,0.21455976366996765,False,False,family-00359-minimum,family-00359,0.941710889339447,0.22223376595091454,1.0,0,0.7891357567227196,9.50210189819336,11,minimum
5.369736671447754,0.18499183654785156,False,False,family-00359-minimum,family-00359,0.9699962139129639,0.1347553287456662,1.0,1,0.5812555919471213,9.238167762756348,11,minimum
9.445570945739746,0.2907465398311615,False,False,family-00359-minimum,family-00359,0.9841929078102112,0.08123819575575923,1.0,2,0.8601653615184781,10.981110572814941,11,minimum
9.56008529663086,-0.12378644943237305,False,False,family-00359-minimum,family-00359,0.9693263173103333,0.13707621355164293,1.0,3,0.6476448753946883,14.761307716369629,11,minimum
7.045233726501465,-0.01160952728241682,False,False,family-00359-sum_mod_10,family-00359,0.9451321959495544,0.21260608338723008,0.5,0,0.8083509776308605,8.71556282043457,11,sum_mod_10
4.730560302734375,-0.0055167656391859055,False,False,family-00359-sum_mod_10,family-00359,0.9623538851737976,0.16038983076250504,0.5,1,0.5437477610363097,8.69991683959961,11,sum_mod_10
7.200400352478027,-0.02519029751420021,False,False,family-00359-sum_mod_10,family-00359,0.9822776317596436,0.08903742074446216,0.5,2,0.6632640072330195,10.856009483337402,11,sum_mod_10
6.556468963623047,-0.0005646971985697746,False,True,family-00359-sum_mod_10,family-00359,0.9895212650299072,0.058189982401680086,0.5,3,0.431162208149137,15.206501960754395,11,sum_mod_10
4.40024471282959,0.07695198059082031,False,False,family-00360-maximum,family-00360,0.9451321959495544,0.21260608338723008,1.0,0,0.5048721239795031,8.71556282043457,11,maximum
5.933675289154053,0.7109981179237366,False,False,family-00360-maximum,family-00360,0.9662744402885437,0.1474631100473098,1.0,1,0.7387908352031948,8.031603813171387,11,maximum
8.363622665405273,0.30022746324539185,False,False,family-00360-maximum,family-00360,0.9576933979988098,0.17520661734038062,1.0,2,0.898615664300181,9.307229995727539,11,maximum
10.810369491577148,0.060338497161865234,False,False,family-00360-maximum,family-00360,0.9907446503639221,0.05255105648157628,1.0,3,0.8055709966713992,13.419511795043945,11,maximum
6.631447792053223,0.40195661783218384,False,False,family-00360-minimum,family-00360,0.9770431518554688,0.10933363553186916,0.5,0,0.610743735960669,10.857987403869629,11,minimum
6.848683834075928,0.1648249626159668,False,False,family-00360-minimum,family-00360,0.9925358295440674,0.04399307106259775,0.5,1,0.6106365500391226,11.215646743774414,11,minimum
6.494410991668701,0.40677258372306824,False,False,family-00360-minimum,family-00360,0.9890958666801453,0.06011602846464234,0.5,2,0.5639043300478375,11.516866683959961,11,minimum
8.622386932373047,0.2014949917793274,False,False,family-00360-minimum,family-00360,0.988846480846405,0.061237310584991295,0.5,3,0.726531654598156,11.867875099182129,11,minimum
4.309718132019043,-0.04152223467826843,False,False,family-00360-sum_mod_10,family-00360,0.9624109864234924,0.16020471188364557,0.0,0,0.4168215004761232,10.339481353759766,11,sum_mod_10
3.042182207107544,0.00024040043354034424,False,False,family-00360-sum_mod_10,family-00360,0.9248796701431274,0.26668666434018506,0.0,1,0.2997079782907182,10.150487899780273,11,sum_mod_10
5.297111511230469,0.02061302959918976,False,False,family-00360-sum_mod_10,family-00360,0.9528678059577942,0.18998297726484098,0.0,2,0.49008660653373043,10.808521270751953,11,sum_mod_10
6.015317916870117,-0.023208826780319214,False,True,family-00360-sum_mod_10,family-00360,0.9881900548934937,0.06416207291414754,0.0,3,0.47298383296005897,12.717808723449707,11,sum_mod_10
4.847311019897461,0.007825255393981934,True,False,family-00361-maximum,family-00361,0.9814576506614685,0.09231065703292635,0.5,0,0.44717583105556485,10.839832305908203,11,maximum
10.944323539733887,0.7517202496528625,True,False,family-00361-maximum,family-00361,0.9839147329330444,0.08238496445126517,0.5,1,1.1295385832542395,9.68919849395752,11,maximum
5.578514575958252,0.04941660165786743,True,False,family-00361-maximum,family-00361,0.9148252606391907,0.29122943467095497,0.5,2,0.4172709472173871,13.369046211242676,11,maximum
9.323745727539062,0.06243103742599487,True,False,family-00361-maximum,family-00361,0.9855552911758423,0.07554827870801584,0.5,3,0.6157412609151961,15.142311096191406,11,maximum
5.355781078338623,0.04037987440824509,True,False,family-00361-minimum,family-00361,0.9770553112030029,0.10928802356209882,0.0,0,0.5063170357291584,10.577919960021973,11,minimum
8.396862030029297,-0.09803973138332367,True,False,family-00361-minimum,family-00361,0.9826918840408325,0.08736921162509578,0.0,1,0.8270437229811736,10.152863502502441,11,minimum
8.104440689086914,0.12799295783042908,True,False,family-00361-minimum,family-00361,0.9744645357131958,0.11886271456591721,0.0,2,0.6656080376851866,12.175995826721191,11,minimum
4.898847579956055,0.06446051597595215,True,False,family-00361-minimum,family-00361,0.9510526657104492,0.1954039907537307,0.0,3,0.35795907300225366,13.68549633026123,11,minimum
5.8868584632873535,0.08308801054954529,True,False,family-00361-sum_mod_10,family-00361,0.9693408608436584,0.13702598831920093,1.0,0,0.5933417561567625,9.921530723571777,11,sum_mod_10
5.566517353057861,-0.02493126690387726,True,False,family-00361-sum_mod_10,family-00361,0.9798744320869446,0.09852739962751256,1.0,1,0.5329202814903831,10.44530963897705,11,sum_mod_10
6.584956169128418,-0.06794384121894836,True,False,family-00361-sum_mod_10,family-00361,0.9899619817733765,0.05617615975480352,1.0,2,0.5126166241319079,12.845771789550781,11,sum_mod_10
8.490105628967285,-0.18615323305130005,True,True,family-00361-sum_mod_10,family-00361,0.9974400997161865,0.017833560505247738,1.0,3,0.5209315386686818,16.297929763793945,11,sum_mod_10
5.941575050354004,0.13068431615829468,True,False,family-00362-maximum,family-00362,0.9736681580543518,0.12175036180933502,0.0,0,0.5535792588540838,10.733016014099121,11,maximum
7.81399393081665,0.823096513748169,True,False,family-00362-maximum,family-00362,0.9896405339241028,0.057646874046674866,0.0,1,0.7311942227424322,10.68661880493164,11,maximum
6.573670864105225,0.028655827045440674,True,False,family-00362-maximum,family-00362,0.9754531979560852,0.1152422923594826,0.0,2,0.5653971453199993,11.626643180847168,11,maximum
11.135960578918457,0.17531293630599976,True,False,family-00362-maximum,family-00362,0.9957813024520874,0.027278589887303667,0.0,3,0.7682802509048111,14.494659423828125,11,maximum
4.639281272888184,0.01239968091249466,True,False,family-00362-minimum,family-00362,0.9789960384368896,0.10192104973285283,1.0,0,0.41819610425504206,11.093554496765137,11,minimum
5.573194980621338,-0.022328637540340424,True,False,family-00362-minimum,family-00362,0.983178973197937,0.08539476021571436,1.0,1,0.5309791686807328,10.496070861816406,11,minimum
6.956028461456299,0.029641039669513702,True,False,family-00362-minimum,family-00362,0.9812175035476685,0.09326221868982504,1.0,2,0.6080802057256505,11.439327239990234,11,minimum
8.489023208618164,0.07358603179454803,True,False,family-00362-minimum,family-00362,0.9898204803466797,0.056824830591373936,1.0,3,0.7409795623040976,11.456487655639648,11,minimum
4.643986701965332,0.11499156802892685,True,False,family-00362-sum_mod_10,family-00362,0.9661733508110046,0.14780212800260134,0.5,0,0.450672653210209,10.304567337036133,11,sum_mod_10
5.372361183166504,0.15769024193286896,True,False,family-00362-sum_mod_10,family-00362,0.9809722900390625,0.09423062674111646,0.5,1,0.5071584114417906,10.593063354492188,11,sum_mod_10
5.899202346801758,0.12177244573831558,True,False,family-00362-sum_mod_10,family-00362,0.9882133603096008,0.06405887811201293,0.5,2,0.5527623767552065,10.672221183776855,11,sum_mod_10
8.129807472229004,-0.2908822298049927,True,True,family-00362-sum_mod_10,family-00362,0.9933858513832092,0.039785623894193684,0.5,3,0.6169092508008865,13.178287506103516,11,sum_mod_10
3.8764712810516357,0.38810810446739197,False,False,family-00363-maximum,family-00363,0.9451321959495544,0.21260608338723008,1.0,0,0.4447757833794547,8.71556282043457,11,maximum
6.492334842681885,0.7575652599334717,False,False,family-00363-maximum,family-00363,0.9607647657394409,0.16550601863362271,1.0,1,0.8443062741432334,7.689549446105957,11,maximum
4.492790222167969,0.4376846253871918,False,False,family-00363-maximum,family-00363,0.9434950351715088,0.21724049025673878,1.0,2,0.5953025376193646,7.547070503234863,11,maximum
8.533846855163574,0.32627546787261963,False,False,family-00363-maximum,family-00363,0.9844434261322021,0.08020118595778362,1.0,3,0.9113450730984667,9.364012718200684,11,maximum
4.27825927734375,0.01567995548248291,False,False,family-00363-minimum,family-00363,0.9770431518554688,0.10933363553186916,0.5,0,0.3940195469207342,10.857987403869629,11,minimum
6.664248466491699,0.024322211742401123,False,False,family-00363-minimum,family-00363,0.992537796497345,0.04398345210722752,0.5,1,0.6172463842620245,10.79673957824707,11,minimum
9.943909645080566,0.4075578451156616,False,False,family-00363-minimum,family-00363,0.9883926510810852,0.06326342462455771,0.5,2,0.8596383761677668,11.567549705505371,11,minimum
7.268204689025879,0.05877953767776489,False,False,family-00363-minimum,family-00363,0.9826489686965942,0.08754249775748119,0.5,3,0.45231519640752793,16.068893432617188,11,minimum
5.283788681030273,0.1677408069372177,True,False,family-00363-sum_mod_10,family-00363,0.9770553112030029,0.10928802356209882,0.0,0,0.49951112326428476,10.577919960021973,11,sum_mod_10
5.4818196296691895,-0.05880683660507202,True,False,family-00363-sum_mod_10,family-00363,0.9834011793136597,0.08448929056904306,0.0,1,0.5300546984741655,10.341988563537598,11,sum_mod_10
8.843830108642578,0.2569296360015869,True,False,family-00363-sum_mod_10,family-00363,0.9857510328292847,0.0747203340456238,0.0,2,0.7417739521616677,11.922540664672852,11,sum_mod_10
6.5568437576293945,-0.11360692977905273,True,True,family-00363-sum_mod_10,family-00363,0.9940045475959778,0.036654698901704794,0.0,3,0.43434946786520395,15.095779418945312,11,sum_mod_10
5.526180267333984,0.48625558614730835,True,False,family-00364-maximum,family-00364,0.9789960384368896,0.10192104973285283,0.5,0,0.49814333800274835,11.093554496765137,11,maximum
6.2441182136535645,0.42789608240127563,True,False,family-00364-maximum,family-00364,0.9790533185005188,0.10170091038633997,0.5,1,0.5940032676640339,10.51192569732666,11,maximum
3.6608810424804688,0.11967360973358154,True,False,family-00364-maximum,family-00364,0.9348400831222534,0.2409352551845433,0.5,2,0.33097686109344543,11.060836791992188,11,maximum
9.76102352142334,0.3962594270706177,True,False,family-00364-maximum,family-00364,0.9887901544570923,0.06148977868361244,0.5,3,0.8523254596795328,11.452225685119629,11,maximum
6.600682258605957,0.006723940372467041,False,False,family-00364-minimum,family-00364,0.9792648553848267,0.10088653983718776,0.0,0,0.6211146329825751,10.627156257629395,11,minimum
4.951694011688232,-0.01030731201171875,False,False,family-00364-minimum,family-00364,0.9854562878608704,0.07596601405281242,0.0,1,0.4805761162839581,10.303662300109863,11,minimum
13.305242538452148,0.5331162214279175,False,False,family-00364-minimum,family-00364,0.9783987402915955,0.10420716394870126,0.0,2,1.3030470523977498,10.210868835449219,11,minimum
7.458261013031006,0.03626173734664917,False,False,family-00364-minimum,family-00364,0.9164124727249146,0.2874450909661292,0.0,3,0.43943880219483583,16.972240447998047,11,minimum
5.407531261444092,-0.018630124628543854,False,False,family-00364-sum_mod_10,family-00364,0.9701509475708008,0.1342170673910033,1.0,0,0.46571383351085116,11.611274719238281,11,sum_mod_10
5.997859954833984,0.0011226348578929901,False,False,family-00364-sum_mod_10,family-00364,0.9844779968261719,0.08005776173716168,1.0,1,0.5426373096174282,11.053165435791016,11,sum_mod_10
9.696000099182129,-0.021133922040462494,False,False,family-00364-sum_mod_10,family-00364,0.9933537244796753,0.03994656256297066,1.0,2,0.7469641290930055,12.98054313659668,11,sum_mod_10
8.42763614654541,0.007138211280107498,False,True,family-00364-sum_mod_10,family-00364,0.9978982210159302,0.01505697551400273,1.0,3,0.44695240949724246,18.85577964782715,11,sum_mod_10
7.130595684051514,0.18367671966552734,False,False,family-00365-maximum,family-00365,0.9701509475708008,0.1342170673910033,0.0,0,0.6141096353733755,11.611274719238281,11,maximum
9.466059684753418,0.408782035112381,False,False,family-00365-maximum,family-00365,0.9866892695426941,0.0707132512303754,0.0,1,0.8286415661393329,11.423587799072266,11,maximum
4.529860019683838,-0.030114352703094482,False,False,family-00365-maximum,family-00365,0.9646384716033936,0.1529116606908372,0.0,2,0.35640379983771664,12.709909439086914,11,maximum
8.689889907836914,0.2701975703239441,False,False,family-00365-maximum,family-00365,0.9958101511001587,0.02712086155808535,0.0,3,0.5677277177863005,15.306439399719238,11,maximum
7.539384841918945,0.31077930331230164,False,False,family-00365-minimum,family-00365,0.941710889339447,0.22223376595091454,1.0,0,0.7934439056428572,9.50210189819336,11,minimum
6.111112117767334,-0.09283238649368286,False,False,family-00365-minimum,family-00365,0.9735368490219116,0.12222408999737004,1.0,1,0.6536600569935882,9.349067687988281,11,minimum
8.828519821166992,0.1718122661113739,False,False,family-00365-minimum,family-00365,0.9808998107910156,0.09451624634997591,1.0,2,0.8281955138791622,10.65994644165039,11,minimum
10.013873100280762,-0.059947848320007324,False,False,family-00365-minimum,family-00365,0.9732891917228699,0.12311575297862776,1.0,3,0.7279901894750533,13.755505561828613,11,minimum
4.970783710479736,-0.0111081562936306,True,False,family-00365-sum_mod_10,family-00365,0.9598170518875122,0.16852513151165266,0.5,0,0.5272095969493676,9.42847728729248,11,sum_mod_10
5.362448215484619,0.008001267910003662,True,False,family-00365-sum_mod_10,family-00365,0.980022668838501,0.09795087711997709,0.5,1,0.5440578811567524,9.856392860412598,11,sum_mod_10
6.60181999206543,0.013368531130254269,True,False,family-00365-sum_mod_10,family-00365,0.989328920841217,0.05906296610515532,0.5,2,0.5444290848421803,12.126133918762207,11,sum_mod_10
8.440488815307617,-0.02123744785785675,True,True,family-00365-sum_mod_10,family-00365,0.9944484233856201,0.03436921334574901,0.5,3,0.5357716585105786,15.753891944885254,11,sum_mod_10
7.8584394454956055,0.0017992258071899414,True,False,family-00366-maximum,family-00366,0.9736681580543518,0.12175036180933502,1.0,0,0.7321743893023722,10.733016014099121,11,maximum
4.761950492858887,0.00991261750459671,True,False,family-00366-maximum,family-00366,0.9878837466239929,0.06551409326746437,1.0,1,0.4329110458287224,10.999835968017578,11,maximum
8.676834106445312,-0.1264084428548813,True,False,family-00366-maximum,family-00366,0.9848024249076843,0.07870796511307483,1.0,2,0.7350383393274256,11.804600715637207,11,maximum
6.312788963317871,0.034526798874139786,True,False,family-00366-maximum,family-00366,0.996575653553009,0.022857959455180946,1.0,3,0.4341586260167929,14.540282249450684,11,maximum
5.501064777374268,0.0021458864212036133,True,False,family-00366-minimum,family-00366,0.9661733508110046,0.14780212800260134,0.5,0,0.5338472346725932,10.304567337036133,11,minimum
6.299855709075928,0.04632443189620972,True,False,family-00366-minimum,family-00366,0.9804743528366089,0.09618723222590028,0.5,1,0.5875454508987984,10.722329139709473,11,minimum
8.342891693115234,0.4692327678203583,True,False,family-00366-minimum,family-00366,0.9873586297035217,0.0678137839556593,0.5,2,0.7133187975883927,11.695880889892578,11,minimum
7.665175437927246,0.048924028873443604,True,False,family-00366-minimum,family-00366,0.9638469815254211,0.15551931161124719,0.5,3,0.5402232294565774,14.18890380859375,11,minimum
6.8092474937438965,-0.020832696929574013,False,False,family-00366-sum_mod_10,family-00366,0.9719721078872681,0.1278186340175579,0.0,0,0.6094896592250738,11.17204761505127,11,sum_mod_10
4.477294921875,-0.00758877769112587,False,False,family-00366-sum_mod_10,family-00366,0.973189115524292,0.1234753958688407,0.0,1,0.40144760371784094,11.152874946594238,11,sum_mod_10
11.373560905456543,-0.08160167187452316,False,False,family-00366-sum_mod_10,family-00366,0.9864742159843445,0.07163747413913979,0.0,2,0.9494615371938633,11.978959083557129,11,sum_mod_10
5.289879322052002,-0.001782829873263836,False,True,family-00366-sum_mod_10,family-00366,0.9870055913925171,0.0693473980280095,0.0,3,0.3035429078200089,17.427122116088867,11,sum_mod_10
4.507115364074707,0.09872406721115112,False,False,family-00367-maximum,family-00367,0.9814190864562988,0.09246367682088055,0.5,0,0.4026075832323915,11.194809913635254,11,maximum
8.317771911621094,0.3535553514957428,False,False,family-00367-maximum,family-00367,0.9887149930000305,0.0618262244141279,0.5,1,0.7659530296312046,10.859375953674316,11,maximum
4.458756446838379,0.08601945638656616,False,False,family-00367-maximum,family-00367,0.950527012348175,0.1969605542622822,0.5,2,0.4261322181129195,10.463316917419434,11,maximum
8.419625282287598,0.35918766260147095,False,False,family-00367-maximum,family-00367,0.9943774342536926,0.03473705801870275,0.5,3,0.6897872216081139,12.206119537353516,11,maximum
4.86173677444458,0.019429445266723633,False,False,family-00367-minimum,family-00367,0.9753659963607788,0.11556323798514889,0.0,0,0.45994149841363097,10.570337295532227,11,minimum
4.500641345977783,-0.0021713972091674805,False,False,family-00367-minimum,family-00367,0.9811912178993225,0.09336618252824223,0.0,1,0.4249547942416495,10.59087085723877,11,minimum
10.976048469543457,0.8133517503738403,False,False,family-00367-minimum,family-00367,0.9844571948051453,0.08014407291332254,0.0,2,1.0249608667320869,10.708748817443848,11,minimum
6.985569000244141,0.03605031967163086,False,False,family-00367-minimum,family-00367,0.9561835527420044,0.17988888955081167,0.0,3,0.49098018544490984,14.227802276611328,11,minimum
4.869492530822754,-0.15584680438041687,False,False,family-00367-sum_mod_10,family-00367,0.9701509475708008,0.1342170673910033,1.0,0,0.41937622255674273,11.611274719238281,11,sum_mod_10
5.870834827423096,-0.0823458880186081,False,False,family-00367-sum_mod_10,family-00367,0.9866966605186462,0.07068142519949691,1.0,1,0.531108409754734,11.053929328918457,11,sum_mod_10
10.817596435546875,0.07382115721702576,False,False,family-00367-sum_mod_10,family-00367,0.9936197400093079,0.03860918307405733,1.0,2,0.830583010214942,13.024100303649902,11,sum_mod_10
8.843277931213379,-0.19095438718795776,False,True,family-00367-sum_mod_10,family-00367,0.9992315769195557,0.006278620379112553,1.0,3,0.44815402289184636,19.732675552368164,11,sum_mod_10
4.324260234832764,-0.03523477911949158,True,False,family-00368-maximum,family-00368,0.9598170518875122,0.16852513151165266,0.0,0,0.45863824062671477,9.42847728729248,11,maximum
5.555731296539307,0.2903674244880676,True,False,family-00368-maximum,family-00368,0.979487955570221,0.10002526488752514,0.0,1,0.5546443990365711,10.016744613647461,11,maximum
4.395205974578857,0.004746049642562866,True,False,family-00368-maximum,family-00368,0.9574639797210693,0.17592165865213677,0.0,2,0.43972771789538245,9.99528980255127,11,maximum
7.602207660675049,0.2441692352294922,True,False,family-00368-maximum,family-00368,0.985731303691864,0.07480390701516547,0.0,3,0.6433392514305162,11.816794395446777,11,maximum
4.228180408477783,-0.049386635422706604,False,False,family-00368-minimum,family-00368,0.941710889339447,0.22223376595091454,1.0,0,0.44497317054468655,9.50210189819336,11,minimum
4.250010013580322,-0.011204302310943604,False,False,family-00368-minimum,family-00368,0.9757851362228394,0.11401767823983788,1.0,1,0.475192157918173,8.943771362304688,11,minimum
8.915727615356445,0.1204969733953476,False,False,family-00368-minimum,family-00368,0.9857078194618225,0.07490335054925204,1.0,2,0.95188658756626,9.366375923156738,11,minimum
9.572662353515625,0.027595654129981995,False,False,family-00368-minimum,family-00368,0.9887513518333435,0.06166353455522237,1.0,3,0.816462411376131,11.724559783935547,11,minimum
7.1199846267700195,0.016168639063835144,False,False,family-00368-sum_mod_10,family-00368,0.9753659963607788,0.11556323798514889,0.5,0,0.6735815923092094,10.570337295532227,11,sum_mod_10
4.3280439376831055,0.03835150599479675,False,False,family-00368-sum_mod_10,family-00368,0.9701526165008545,0.13421125729908306,0.5,1,0.37765812969525936,11.460216522216797,11,sum_mod_10
6.469852924346924,0.06886649876832962,False,False,family-00368-sum_mod_10,family-00368,0.9855883121490479,0.07540879687261577,0.5,2,0.5402258966527591,11.97619915008545,11,sum_mod_10
8.548786163330078,0.0561705082654953,False,True,family-00368-sum_mod_10,family-00368,0.9969854950904846,0.020507106862948744,0.5,3,0.5722440883934519,14.939055442810059,11,sum_mod_10
4.858250141143799,0.2345981001853943,False,False,family-00369-maximum,family-00369,0.9451321959495544,0.21260608338723008,1.0,0,0.5574224225374306,8.71556282043457,11,maximum
7.253627300262451,0.5438828468322754,False,False,family-00369-maximum,family-00369,0.963905930519104,0.1553257220313877,1.0,1,0.9122038597624905,7.951761245727539,11,maximum
6.8737945556640625,-0.013650596141815186,False,False,family-00369-maximum,family-00369,0.940065860748291,0.22678626585851994,1.0,2,0.714203994102614,9.62441349029541,11,maximum
8.842412948608398,0.11404401063919067,False,False,family-00369-maximum,family-00369,0.988556444644928,0.06253427898631574,1.0,3,0.6838966123597826,12.929458618164062,11,maximum
5.750220775604248,0.16902543604373932,True,False,family-00369-minimum,family-00369,0.9777830243110657,0.10654610431767582,0.5,0,0.552887662968641,10.400341987609863,11,minimum
8.702164649963379,0.036418795585632324,True,False,family-00369-minimum,family-00369,0.9809498190879822,0.09431920826789321,0.5,1,0.8363886896042726,10.404450416564941,11,minimum
6.213354110717773,0.07412955164909363,True,False,family-00369-minimum,family-00369,0.9712404608726501,0.1304034042506374,0.5,2,0.5023752887616907,12.367953300476074,11,minimum
8.434647560119629,0.0573967844247818,True,False,family-00369-minimum,family-00369,0.9684559106826782,0.14006927326787275,0.5,3,0.6203460817177174,13.596680641174316,11,minimum
4.442924499511719,-0.020456861704587936,False,False,family-00369-sum_mod_10,family-00369,0.9624109864234924,0.16020471188364557,0.0,0,0.4297047741080484,10.339481353759766,11,sum_mod_10
3.240448474884033,-0.005021719262003899,False,False,family-00369-sum_mod_10,family-00369,0.9238816499710083,0.26918512709727405,0.0,1,0.312998199861936,10.352930068969727,11,sum_mod_10
4.775081634521484,-0.003021957352757454,False,False,family-00369-sum_mod_10,family-00369,0.9532920718193054,0.18870540378154266,0.0,2,0.4378675870652379,10.905309677124023,11,sum_mod_10
6.844168663024902,0.005169311538338661,False,True,family-00369-sum_mod_10,family-00369,0.9875332117080688,0.06705171881788664,0.0,3,0.5350028935774062,12.792769432067871,11,sum_mod_10
3.9949088096618652,0.6413766145706177,True,False,family-00370-maximum,family-00370,0.9598170518875122,0.16852513151165266,0.5,0,0.4237066800856726,9.42847728729248,11,maximum
7.569312572479248,0.7015414237976074,True,False,family-00370-maximum,family-00370,0.9842159152030945,0.08114312683843458,0.5,1,0.7501415553213129,10.0905122756958,11,maximum
7.433867931365967,0.14665472507476807,True,False,family-00370-maximum,family-00370,0.9538724422454834,0.18695120491162698,0.5,2,0.7918184027098457,9.388349533081055,11,maximum
10.488268852233887,0.3450949192047119,True,False,family-00370-maximum,family-00370,0.9912518858909607,0.050166325112799795,0.5,3,0.7833632971820211,13.38876724243164,11,maximum
6.301775932312012,-0.007731020450592041,False,False,family-00370-minimum,family-00370,0.9701509475708008,0.1342170673910033,0.0,0,0.5427290357596,11.611274719238281,11,minimum
6.114092826843262,-0.022314906120300293,False,False,family-00370-minimum,family-00370,0.9881898164749146,0.06416312837480223,0.0,1,0.5229532088731608,11.691472053527832,11,minimum
11.235196113586426,0.7285575866699219,False,False,family-00370-minimum,family-00370,0.9881332516670227,0.06441339897573604,0.0,2,0.8692245715284935,12.925539016723633,11,minimum
6.995869159698486,0.05470085144042969,False,False,family-00370-minimum,family-00370,0.9840392470359802,0.08187226776928862,0.0,3,0.4072703897230426,17.17745590209961,11,minimum
4.835861682891846,0.017638983204960823,False,False,family-00370-sum_mod_10,family-00370,0.9753659963607788,0.11556323798514889,1.0,0,0.4574936019246825,10.570337295532227,11,sum_mod_10
5.740604400634766,-0.005566023290157318,False,False,family-00370-sum_mod_10,family-00370,0.9814510345458984,0.09233691507134843,1.0,1,0.5436230233985683,10.55989933013916,11,sum_mod_10
12.525303840637207,-0.008105035871267319,False,False,family-00370-sum_mod_10,family-00370,0.9930766820907593,0.04132798803239368,1.0,2,1.011815306286433,12.37904167175293,11,sum_mod_10
7.607011795043945,0.004733743146061897,False,True,family-00370-sum_mod_10,family-00370,0.9986410737037659,0.010328357069557861,1.0,3,0.3831237884082975,19.85523223876953,11,sum_mod_10
4.809837818145752,-0.0827600359916687,False,False,family-00371-maximum,family-00371,0.9753659963607788,0.11556323798514889,0.0,0,0.45503163084291837,10.570337295532227,11,maximum
6.78037166595459,0.5195943117141724,False,False,family-00371-maximum,family-00371,0.9757525324821472,0.1141381681721306,0.0,1,0.6441554485668004,10.525986671447754,11,maximum
4.926490783691406,0.02195042371749878,False,False,family-00371-maximum,family-00371,0.9623172283172607,0.16050862268518307,0.0,2,0.4480643322472745,10.995052337646484,11,maximum
7.417003154754639,0.3166240453720093,False,False,family-00371-maximum,family-00371,0.985052764415741,0.07766161756363864,0.0,3,0.5790163107181231,12.809661865234375,11,maximum
5.843225955963135,0.16850876808166504,True,False,family-00371-minimum,family-00371,0.9814576506614685,0.09231065703292635,1.0,0,0.5390513239562119,10.839832305908203,11,minimum
5.26378870010376,-0.009985268115997314,True,False,family-00371-minimum,family-00371,0.9793344736099243,0.10061804404638376,1.0,1,0.5438189720956285,9.679303169250488,11,minimum
7.910429000854492,0.43830183148384094,True,False,family-00371-minimum,family-00371,0.9660851359367371,0.148097713630357,1.0,2,0.9489358245700741,8.336105346679688,11,minimum
9.313880920410156,0.27926748991012573,True,False,family-00371-minimum,family-00371,0.9787757992744446,0.10276599275767052,1.0,3,0.8048792950385878,11.571773529052734,11,minimum
4.433258056640625,-0.013950914144515991,False,False,family-00371-sum_mod_10,family-00371,0.9451321959495544,0.21260608338723008,0.5,0,0.5086599853593364,8.71556282043457,11,sum_mod_10
4.628485679626465,-0.03340926021337509,False,False,family-00371-sum_mod_10,family-00371,0.960655689239502,0.16585470445266254,0.5,1,0.5777764841260601,8.010858535766602,11,sum_mod_10
5.984450340270996,-9.007751941680908e-06,False,False,family-00371-sum_mod_10,family-00371,0.9832806587219238,0.08498077385344123,0.5,2,0.6140196841656598,9.746349334716797,11,sum_mod_10
8.48182201385498,0.0277378112077713,False,True,family-00371-sum_mod_10,family-00371,0.9934391379356384,0.03951833993362198,0.5,3,0.6331377218977455,13.396488189697266,11,sum_mod_10
5.473154544830322,-0.029487252235412598,True,False,family-00372-maximum,family-00372,0.9661733508110046,0.14780212800260134,1.0,0,0.5311387044033375,10.304567337036133,11,maximum
4.7956223487854,-0.029617667198181152,True,False,family-00372-maximum,family-00372,0.9771365523338318,0.10898310359682331,1.0,1,0.4628502056309401,10.361067771911621,11,maximum
7.730014801025391,0.11749193072319031,True,False,family-00372-maximum,family-00372,0.9733793139457703,0.12279155196565522,1.0,2,0.7512976799657641,10.288884162902832,11,maximum
7.6739420890808105,0.15541580319404602,True,False,family-00372-maximum,family-00372,0.9902886152267456,0.054671065136688866,1.0,3,0.6228026784803472,12.321626663208008,11,maximum
7.930737495422363,0.04806625843048096,False,False,family-00372-minimum,family-00372,0.9770431518554688,0.10933363553186916,0.5,0,0.7304058478273758,10.857987403869629,11,minimum
7.1763834953308105,0.16397488117218018,False,False,family-00372-minimum,family-00372,0.9903128147125244,0.054559119362484684,0.5,1,0.5914053795294384,12.1344575881958,11,minimum
8.675719261169434,0.16431379318237305,False,False,family-00372-minimum,family-00372,0.9894804954528809,0.05837531722394166,0.5,2,0.6167081685325558,14.067787170410156,11,minimum
8.711888313293457,-0.06693285703659058,False,False,family-00372-minimum,family-00372,0.9782484769821167,0.10477960987625286,0.5,3,0.4811571798475058,18.106117248535156,11,minimum
7.561984539031982,-0.027243200689554214,True,False,family-00372-sum_mod_10,family-00372,0.9736681580543518,0.12175036180933502,0.0,0,0.7045535503812159,10.733016014099121,11,sum_mod_10
4.965609550476074,-0.02805085852742195,True,False,family-00372-sum_mod_10,family-00372,0.9838864207267761,0.08250140523800485,0.0,1,0.4470113458290812,11.108464241027832,11,sum_mod_10
5.726612091064453,0.02402251586318016,True,False,family-00372-sum_mod_10,family-00372,0.9852647185325623,0.0767723852104095,0.0,2,0.4484709252868112,12.769193649291992,11,sum_mod_10
5.434286594390869,0.02492537349462509,True,True,family-00372-sum_mod_10,family-00372,0.9948447942733765,0.032298220726435255,0.0,3,0.3427787549282703,15.85362720489502,11,sum_mod_10
5.422986030578613,-0.015259027481079102,True,False,family-00373-maximum,family-00373,0.9775740504264832,0.10733594951541904,0.5,0,0.5329383228207654,10.17563533782959,11,maximum
11.944849967956543,0.8605988621711731,True,False,family-00373-maximum,family-00373,0.9839630722999573,0.08218604002174348,0.5,1,1.1187657804105544,10.676810264587402,11,maximum
5.222512722015381,0.028410017490386963,True,False,family-00373-maximum,family-00373,0.9241966605186462,0.26839806154093526,0.5,2,0.4127103711068755,12.654183387756348,11,maximum
8.138144493103027,0.21687620878219604,True,False,family-00373-maximum,family-00373,0.9874116778373718,0.06758248419678095,0.5,3,0.5441607128737116,14.955406188964844,11,maximum
4.3368330001831055,0.04008805751800537,True,False,family-00373-minimum,family-00373,0.9598170518875122,0.16852513151165266,0.0,0,0.4599717290540865,9.42847728729248,11,minimum
8.39152717590332,-0.03679472208023071,True,False,family-00373-minimum,family-00373,0.9833294153213501,0.08478205108708324,0.0,1,0.8178043077522477,10.261045455932617,11,minimum
12.795257568359375,0.7457095384597778,True,False,family-00373-minimum,family-00373,0.9742695689201355,0.11957198659206658,0.0,2,1.1737494378087678,10.901183128356934,11,minimum
6.810969829559326,0.09674054384231567,True,False,family-00373-minimum,family-00373,0.9231049418449402,0.2711197434901942,0.0,3,0.42082024546543234,16.184986114501953,11,minimum
4.588526248931885,0.004882246255874634,False,False,family-00373-sum_mod_10,family-00373,0.9753659963607788,0.11556323798514889,1.0,0,0.4340945913685575,10.570337295532227,11,sum_mod_10
5.672825336456299,0.011657148599624634,False,False,family-00373-sum_mod_10,family-00373,0.980707049369812,0.09527450128303754,1.0,1,0.5349370775044243,10.604659080505371,11,sum_mod_10
10.479818344116211,-0.0248568058013916,False,False,family-00373-sum_mod_10,family-00373,0.99216228723526,0.04581048346295433,1.0,2,0.8711063879340406,12.030468940734863,11,sum_mod_10
8.719450950622559,0.03908833861351013,False,True,family-00373-sum_mod_10,family-00373,0.9980549812316895,0.014084873856615944,1.0,3,0.4737085480727543,18.406784057617188,11,sum_mod_10
6.828485012054443,0.33031147718429565,False,False,family-00374-maximum,family-00374,0.9792648553848267,0.10088653983718776,0.0,0,0.6425505418867039,10.627156257629395,11,maximum
8.32994556427002,0.8035141229629517,False,False,family-00374-maximum,family-00374,0.9851853847503662,0.0771055821949346,0.0,1,0.8044179630220748,10.355245590209961,11,maximum
5.104221343994141,0.05383622646331787,False,False,family-00374-maximum,family-00374,0.9416524171829224,0.2223964209057895,0.0,2,0.4793749686517007,10.647659301757812,11,maximum
8.525970458984375,0.09361612796783447,False,False,family-00374-maximum,family-00374,0.9840945601463318,0.08164419544775897,0.0,3,0.6979188264889347,12.216278076171875,11,maximum
5.5495147705078125,0.25207340717315674,True,False,family-00374-minimum,family-00374,0.9661733508110046,0.14780212800260134,1.0,0,0.5385490325791786,10.304567337036133,11,minimum
5.818878173828125,0.16121241450309753,True,False,family-00374-minimum,family-00374,0.9779838919639587,0.10578500310065281,1.0,1,0.5824555106467065,9.990253448486328,11,minimum
7.755439281463623,0.3439660370349884,True,False,family-00374-minimum,family-00374,0.9616769552230835,0.16257757590132374,1.0,2,0.806788581299637,9.612728118896484,11,minimum
9.052721977233887,0.15213295817375183,True,False,family-00374-minimum,family-00374,0.973997175693512,0.12056039243966259,1.0,3,0.8632904261872979,10.486299514770508,11,minimum
5.180229663848877,0.0029289089143276215,True,False,family-00374-sum_mod_10,family-00374,0.9598170518875122,0.16852513151165266,0.5,0,0.5494237835022088,9.42847728729248,11,sum_mod_10
6.791058540344238,-0.06194814667105675,True,False,family-00374-sum_mod_10,family-00374,0.9812994599342346,0.09293782749161446,0.5,1,0.6757401579637553,10.04980754852295,11,sum_mod_10
6.655174255371094,-0.0018916800618171692,True,False,family-00374-sum_mod_10,family-00374,0.9926349520683289,0.043507681123475535,0.5,2,0.5060019085858302,13.15246868133545,11,sum_mod_10
7.478543758392334,0.009507197886705399,True,True,family-00374-sum_mod_10,family-00374,0.9979481101036072,0.014748917606641536,0.5,3,0.435401653009298,17.17619514465332,11,sum_mod_10
5.174909591674805,-0.00674813985824585,True,False,family-00375-maximum,family-00375,0.9777830243110657,0.10654610431767582,1.0,0,0.4975710988965342,10.400341987609863,11,maximum
5.584257125854492,0.28774577379226685,True,False,family-00375-maximum,family-00375,0.9854934811592102,0.07580916081398001,1.0,1,0.516211804256753,10.817763328552246,11,maximum
9.384441375732422,0.21507343649864197,True,False,family-00375-maximum,family-00375,0.9824072122573853,0.08851666560103187,1.0,2,0.7928692927942385,11.836050987243652,11,maximum
9.033839225769043,0.3418486714363098,True,False,family-00375-maximum,family-00375,0.9974308609962463,0.017888654843119255,1.0,3,0.5943863186321343,15.198598861694336,11,maximum
5.415531158447266,0.14038518071174622,False,False,family-00375-minimum,family-00375,0.941710889339447,0.22223376595091454,0.5,0,0.5699298130529334,9.50210189819336,11,minimum
7.176309585571289,0.16413681209087372,False,False,family-00375-minimum,family-00375,0.9805538654327393,0.09587567109728473,0.5,1,0.765690335697082,9.372339248657227,11,minimum
6.323070049285889,0.30858245491981506,False,False,family-00375-minimum,family-00375,0.9808094501495361,0.09487193875366969,0.5,2,0.5855502033505257,10.798510551452637,11,minimum
7.509213447570801,0.2552447021007538,False,False,family-00375-minimum,family-00375,0.9715659022331238,0.12925607650898024,0.5,3,0.6750705464998185,11.123598098754883,11,minimum
5.197817802429199,0.007853128015995026,True,False,family-00375-sum_mod_10,family-00375,0.9770553112030029,0.10928802356209882,0.0,0,0.49138373348198433,10.577919960021973,11,sum_mod_10
5.410179138183594,-0.004458032548427582,True,False,family-00375-sum_mod_10,family-00375,0.9852327704429626,0.07690661722186187,0.0,1,0.5121123996455916,10.564436912536621,11,sum_mod_10
6.767978668212891,-0.011317016556859016,True,False,family-00375-sum_mod_10,family-00375,0.9875863790512085,0.06681914868163788,0.0,2,0.5676484216644074,11.922835350036621,11,sum_mod_10
8.307869911193848,-0.010539369657635689,True,True,family-00375-sum_mod_10,family-00375,0.9990414977073669,0.007619766568126664,0.0,3,0.508138562399242,16.3496150970459,11,sum_mod_10
5.111800670623779,0.010266602039337158,False,False,family-00376-maximum,family-00376,0.9814190864562988,0.09246367682088055,0.5,0,0.45662237323008203,11.194809913635254,11,maximum
9.567920684814453,0.8099745512008667,False,False,family-00376-maximum,family-00376,0.9893503785133362,0.05896575198027044,0.5,1,0.8682170032794739,11.020195007324219,11,maximum
7.426895618438721,0.02085036039352417,False,False,family-00376-maximum,family-00376,0.9549572467803955,0.1836517286979147,0.5,2,0.6607209261147622,11.240593910217285,11,maximum
11.804526329040527,0.1582322120666504,False,False,family-00376-maximum,family-00376,0.9940364360809326,0.03649163966297647,0.5,3,0.7803641741467147,15.126945495605469,11,maximum
6.127430438995361,-0.02376580238342285,False,False,family-00376-minimum,family-00376,0.9701509475708008,0.1342170673910033,0.0,0,0.527713845995139,11.611274719238281,11,minimum
6.45617151260376,-0.03468632698059082,False,False,family-00376-minimum,family-00376,0.9879167675971985,0.0653687218061837,0.0,1,0.560792113605983,11.512593269348145,11,minimum
9.858644485473633,0.7892028093338013,False,False,family-00376-minimum,family-00376,0.9870381355285645,0.06920643550071569,0.0,2,0.7700005750309638,12.803424835205078,11,minimum
6.840085506439209,0.07812082767486572,False,False,family-00376-minimum,family-00376,0.9788815975189209,0.10236039285086804,0.0,3,0.42859504522377645,15.959320068359375,11,minimum
4.709344387054443,0.006040744483470917,False,False,family-00376-sum_mod_10,family-00376,0.9753659963607788,0.11556323798514889,1.0,0,0.4455245140611498,10.570337295532227,11,sum_mod_10
6.3454084396362305,-0.034841667860746384,False,False,family-00376-sum_mod_10,family-00376,0.981040894985199,0.09396001536953516,1.0,1,0.600067856218769,10.574484825134277,11,sum_mod_10
11.000908851623535,-0.09453651309013367,False,False,family-00376-sum_mod_10,family-00376,0.9925553202629089,0.04389773288601862,1.0,2,0.8699528163290917,12.645408630371094,11,sum_mod_10
8.222344398498535,0.015220461413264275,False,True,family-00376-sum_mod_10,family-00376,0.998581051826477,0.010723175235641574,1.0,3,0.43200012065484716,19.033199310302734,11,sum_mod_10
7.3087921142578125,0.0910855084657669,False,False,family-00377-maximum,family-00377,0.9753659963607788,0.11556323798514889,0.0,0,0.6914436039185832,10.570337295532227,11,maximum
5.852149486541748,-0.008983597159385681,False,False,family-00377-maximum,family-00377,0.9726172685623169,0.12552311533131738,0.0,1,0.5157305450171186,11.34730052947998,11,maximum
5.361771106719971,0.16344347596168518,False,False,family-00377-maximum,family-00377,0.9709893465042114,0.13128610193672322,0.0,2,0.45290528913770745,11.838614463806152,11,maximum
7.145507335662842,0.11033092439174652,False,False,family-00377-maximum,family-00377,0.9860667586326599,0.07337911783395829,0.0,3,0.5726520513642221,12.477921485900879,11,maximum
6.278021335601807,0.3382292091846466,False,False,family-00377-minimum,family-00377,0.941710889339447,0.22223376595091454,1.0,0,0.6606981700328273,9.50210189819336,11,minimum
5.760910987854004,0.17781084775924683,False,False,family-00377-minimum,family-00377,0.97135329246521,0.1300060534831289,1.0,1,0.6451773557305862,8.929189682006836,11,minimum
9.746624946594238,0.27479735016822815,False,False,family-00377-minimum,family-00377,0.9850088357925415,0.07784553258674554,1.0,2,0.8743060996164204,11.14784049987793,11,minimum
9.391608238220215,-0.06473833322525024,False,False,family-00377-minimum,family-00377,0.9792488813400269,0.1009481130520172,1.0,3,0.6416663805133571,14.636279106140137,11,minimum
6.924034595489502,0.009106431156396866,False,False,family-00377-sum_mod_10,family-00377,0.9814190864562988,0.09246367682088055,0.5,0,0.6185039896975868,11.194809913635254,11,sum_mod_10
6.07114315032959,0.017180927097797394,False,False,family-00377-sum_mod_10,family-00377,0.9859383702278137,0.07392538331944394,0.5,1,0.532448063134446,11.40231990814209,11,sum_mod_10
6.270664691925049,0.01055484265089035,False,False,family-00377-sum_mod_10,family-00377,0.9931436777114868,0.04099496616203496,0.5,2,0.4774748891141623,13.132972717285156,11,sum_mod_10
8.897175788879395,-0.026241138577461243,False,True,family-00377-sum_mod_10,family-00377,0.9985029697418213,0.011233001082143992,0.5,3,0.5275627013908359,16.86467933654785,11,sum_mod_10
5.933412075042725,0.08695071935653687,True,False,family-00378-maximum,family-00378,0.9814576506614685,0.09231065703292635,1.0,0,0.5473712053468525,10.839832305908203,11,maximum
5.6530585289001465,0.8298331499099731,True,False,family-00378-maximum,family-00378,0.9851427674293518,0.07728439411853578,1.0,1,0.5554374225782089,10.177669525146484,11,maximum
8.428139686584473,0.4748731255531311,True,False,family-00378-maximum,family-00378,0.9752854704856873,0.11585933252030632,1.0,2,0.8258725608731562,10.205133438110352,11,maximum
10.12996768951416,0.2055954933166504,True,False,family-00378-maximum,family-00378,0.9967119693756104,0.02208182402332811,1.0,3,0.7329248556891571,13.821290969848633,11,maximum
5.0562262535095215,0.03483201935887337,False,False,family-00378-minimum,family-00378,0.9770431518554688,0.10933363553186916,0.5,0,0.4656688265918927,10.857987403869629,11,minimum
7.040360450744629,-0.09186144173145294,False,False,family-00378-minimum,family-00378,0.9933299422264099,0.040065598239282865,0.5,1,0.6206978455869754,11.342653274536133,11,minimum
6.995009899139404,0.0369403250515461,False,False,family-00378-minimum,family-00378,0.9891495108604431,0.0598740856847203,0.5,2,0.6465485834821935,10.819001197814941,11,minimum
8.60422134399414,-0.04328567534685135,False,False,family-00378-minimum,family-00378,0.9913530945777893,0.04968700192414779,0.5,3,0.7466822874803526,11.523269653320312,11,minimum
5.258095741271973,-0.013687044382095337,True,False,family-00378-sum_mod_10,family-00378,0.9770553112030029,0.10928802356209882,0.0,0,0.4970822015239611,10.577919960021973,11,sum_mod_10
5.857683181762695,0.0024734586477279663,True,False,family-00378-sum_mod_10,family-00378,0.9863651990890503,0.07210466222367347,0.0,1,0.5463022603558358,10.722421646118164,11,sum_mod_10
6.567800521850586,0.022490937262773514,True,False,family-00378-sum_mod_10,family-00378,0.9881711006164551,0.06424596684589738,0.0,2,0.532866454892339,12.32541561126709,11,sum_mod_10
8.220961570739746,-0.03054843097925186,True,True,family-00378-sum_mod_10,family-00378,0.9989921450614929,0.00796147644585066,0.0,3,0.49932628076164626,16.464107513427734,11,sum_mod_10
4.573527812957764,0.39794331789016724,True,False,family-00379-maximum,family-00379,0.9789960384368896,0.10192104973285283,0.5,0,0.41226892735699794,11.093554496765137,11,maximum
8.446983337402344,0.6476637125015259,True,False,family-00379-maximum,family-00379,0.9840577244758606,0.08179610151775399,0.5,1,0.8050615427838212,10.492344856262207,11,maximum
6.328190326690674,0.08091628551483154,True,False,family-00379-maximum,family-00379,0.9469050168991089,0.20752931345453662,0.5,2,0.5092312717166724,12.426947593688965,11,maximum
9.871180534362793,0.18281441926956177,True,False,family-00379-maximum,family-00379,0.9925932288169861,0.0437121571492857,0.5,3,0.6890469664695257,14.325845718383789,11,maximum
6.458400726318359,0.005540515296161175,False,False,family-00379-minimum,family-00379,0.9792648553848267,0.10088653983718776,0.0,0,0.6077261470284467,10.627156257629395,11,minimum
5.839051723480225,-0.005284994840621948,False,False,family-00379-minimum,family-00379,0.9886731505393982,0.06201330449558398,0.0,1,0.5334011611015053,10.946829795837402,11,minimum
8.265426635742188,-0.07733339816331863,False,False,family-00379-minimum,family-00379,0.9860381484031677,0.0735009518101333,0.0,2,0.7606527151367461,10.866229057312012,11,minimum
5.250805377960205,0.003624924458563328,False,False,family-00379-minimum,family-00379,0.9666348695755005,0.14625180053708306,0.0,3,0.5178993721754598,10.138659477233887,11,minimum
5.311992168426514,-0.014066353440284729,False,False,family-00379-sum_mod_10,family-00379,0.9792648553848267,0.10088653983718776,1.0,0,0.49985076342628865,10.627156257629395,11,sum_mod_10
5.670855522155762,-0.020466357469558716,False,False,family-00379-sum_mod_10,family-00379,0.9884827733039856,0.06286252678397009,1.0,1,0.5413351972848407,10.475682258605957,11,sum_mod_10
8.228789329528809,-0.05402319133281708,False,False,family-00379-sum_mod_10,family-00379,0.9883529543876648,0.06343978566020997,1.0,2,0.7781944396844838,10.574207305908203,11,sum_mod_10
7.279207706451416,0.0077650099992752075,False,True,family-00379-sum_mod_10,family-00379,0.9988744854927063,0.008766578517132983,1.0,3,0.4705894919388579,15.46827507019043,11,sum_mod_10
5.3257737159729,0.32986557483673096,True,False,family-00380-maximum,family-00380,0.9736681580543518,0.12175036180933502,0.0,0,0.4962047675114664,10.733016014099121,11,maximum
7.054011344909668,0.8330082297325134,True,False,family-00380-maximum,family-00380,0.9884607791900635,0.06296043054632847,0.0,1,0.674371059362733,10.46013355255127,11,maximum
6.506473064422607,0.018059849739074707,True,False,family-00380-maximum,family-00380,0.9696527123451233,0.13594730973182856,0.0,2,0.6099508018502724,10.66720962524414,11,maximum
10.758536338806152,0.21586233377456665,True,False,family-00380-maximum,family-00380,0.9932692646980286,0.04036891725742152,0.0,3,0.8007094788008802,13.436254501342773,11,maximum
5.931077003479004,0.00029007229022681713,True,False,family-00380-minimum,family-00380,0.9814576506614685,0.09231065703292635,1.0,0,0.5471557895085053,10.839832305908203,11,minimum
5.462230682373047,-0.009039267897605896,True,False,family-00380-minimum,family-00380,0.985325038433075,0.07651875536022139,1.0,1,0.53917075288106,10.130799293518066,11,minimum
5.856654167175293,-0.0018268651328980923,True,False,family-00380-minimum,family-00380,0.9696213006973267,0.13605611017082533,1.0,2,0.5840508017881171,10.027645111083984,11,minimum
8.477154731750488,-0.017446041107177734,True,False,family-00380-minimum,family-00380,0.9818363785743713,0.0908035254853439,1.0,3,0.889893004897998,9.52603816986084,11,minimum
6.850619316101074,0.0021158605813980103,False,False,family-00380-sum_mod_10,family-00380,0.9753659963607788,0.11556323798514889,0.5,0,0.6480984593553728,10.570337295532227,11,sum_mod_10
4.847562789916992,-0.021268002688884735,False,False,family-00380-sum_mod_10,family-00380,0.9777121543884277,0.10681419117612048,0.5,1,0.42505005359704806,11.40468692779541,11,sum_mod_10
5.628800868988037,0.05211915075778961,False,False,family-00380-sum_mod_10,family-00380,0.989179253578186,0.05973982639678594,0.5,2,0.4444386672469801,12.664966583251953,11,sum_mod_10
8.725387573242188,0.024218060076236725,False,True,family-00380-sum_mod_10,family-00380,0.9965483546257019,0.023012728683475776,0.5,3,0.5859304184124909,14.891508102416992,11,sum_mod_10
7.820242404937744,0.5048931837081909,False,False,family-00381-maximum,family-00381,0.9756683111190796,0.11444920768545054,1.0,0,0.721474392560334,10.839251518249512,11,maximum
5.417496204376221,0.5232348442077637,False,False,family-00381-maximum,family-00381,0.9826761484146118,0.08743276243249914,1.0,1,0.5238482480038893,10.341728210449219,11,maximum
9.039484977722168,0.7013100981712341,False,False,family-00381-maximum,family-00381,0.9725580811500549,0.12573435329301513,1.0,2,0.8757784548928111,10.321657180786133,11,maximum
11.347091674804688,0.3918510377407074,False,False,family-00381-maximum,family-00381,0.995005190372467,0.03145158901507788,1.0,3,0.7497301055853793,15.134902000427246,11,maximum
8.058070182800293,0.011945009231567383,False,False,family-00381-minimum,family-00381,0.9770431518554688,0.10933363553186916,0.5,0,0.7421329462887859,10.857987403869629,11,minimum
6.838057041168213,0.029568850994110107,False,False,family-00381-minimum,family-00381,0.9933503270149231,0.03996357289753889,0.5,1,0.5576081994635618,12.263193130493164,11,minimum
9.974698066711426,0.46154865622520447,False,False,family-00381-minimum,family-00381,0.9890751838684082,0.060209239507998114,0.5,2,0.7879898035945079,12.65841007232666,11,minimum
6.54595422744751,0.025319814682006836,False,False,family-00381-minimum,family-00381,0.9823792576789856,0.0886290907685845,0.5,3,0.3886808082830622,16.84146499633789,11,minimum
6.836652755737305,0.037371676415205,False,False,family-00381-sum_mod_10,family-00381,0.9753659963607788,0.11556323798514889,0.0,0,0.6467771618439232,10.570337295532227,11,sum_mod_10
5.12454891204834,-0.008764103055000305,False,False,family-00381-sum_mod_10,family-00381,0.9762948155403137,0.1121282278933186,0.0,1,0.47444084012601184,10.801239013671875,11,sum_mod_10
10.820435523986816,-0.05726871266961098,False,False,family-00381-sum_mod_10,family-00381,0.9871089458465576,0.06889943952847946,0.0,2,0.8682523439880634,12.462316513061523,11,sum_mod_10
6.197144508361816,0.007659494876861572,False,True,family-00381-sum_mod_10,family-00381,0.9872536063194275,0.0682710413659215,0.0,3,0.3727843513315921,16.623939514160156,11,sum_mod_10
5.862676620483398,0.014792323112487793,False,False,family-00382-maximum,family-00382,0.941710889339447,0.22223376595091454,0.5,0,0.6169873448313654,9.50210189819336,11,maximum
8.660335540771484,0.7643804550170898,False,False,family-00382-maximum,family-00382,0.9781482219696045,0.10516095264064065,0.5,1,0.9454678342785214,9.159841537475586,11,maximum
6.710779666900635,0.03212553262710571,False,False,family-00382-maximum,family-00382,0.9209538698196411,0.2764334869101319,0.5,2,0.6538602706312794,10.263323783874512,11,maximum
7.646117210388184,0.14539361000061035,False,False,family-00382-maximum,family-00382,0.981158971786499,0.09349366980272024,0.5,3,0.590998870343854,12.937617301940918,11,maximum
6.140989303588867,0.2280595451593399,True,False,family-00382-minimum,family-00382,0.9770553112030029,0.10928802356209882,0.0,0,0.580547907981723,10.577919960021973,11,minimum
7.836474418640137,-0.07730138301849365,True,False,family-00382-minimum,family-00382,0.9859181642532349,0.07401124690445221,0.0,1,0.7335342774403416,10.683174133300781,11,minimum
8.2160005569458,0.31478744745254517,True,False,family-00382-minimum,family-00382,0.9836873412132263,0.08331874506129705,0.0,2,0.6642366606997865,12.369086265563965,11,minimum
5.445859432220459,0.12114602327346802,True,False,family-00382-minimum,family-00382,0.975341260433197,0.11565422094303239,0.0,3,0.37577858403324627,14.492202758789062,11,minimum
6.961599349975586,0.32079705595970154,False,False,family-00382-sum_mod_10,family-00382,0.9792648553848267,0.10088653983718776,1.0,0,0.6550764081386071,10.627156257629395,11,sum_mod_10
4.788414001464844,-0.07209151983261108,False,False,family-00382-sum_mod_10,family-00382,0.9869512319564819,0.06958266785633159,1.0,1,0.429066610904991,11.16007137298584,11,sum_mod_10
5.654651641845703,0.09481197595596313,False,False,family-00382-sum_mod_10,family-00382,0.9818117022514343,0.09090196704556028,1.0,2,0.5280483600737285,10.708586692810059,11,sum_mod_10
7.633808612823486,0.31544995307922363,False,True,family-00382-sum_mod_10,family-00382,0.9971529245376587,0.019531046072611344,1.0,3,0.563205812131573,13.554207801818848,11,sum_mod_10
6.189000606536865,0.14168019592761993,False,False,family-00383-maximum,family-00383,0.9701509475708008,0.1342170673910033,0.0,0,0.5330164651330267,11.611274719238281,11,maximum
6.232930660247803,0.26752451062202454,False,False,family-00383-maximum,family-00383,0.9850045442581177,0.07786349284858106,0.0,1,0.5659090792985143,11.01401424407959,11,maximum
5.141796588897705,0.10138735175132751,False,False,family-00383-maximum,family-00383,0.9737648367881775,0.12140114088920584,0.0,2,0.43101868847174907,11.929405212402344,11,maximum
7.086625576019287,0.13784609735012054,False,False,family-00383-maximum,family-00383,0.99179607629776,0.04757479567494941,0.0,3,0.5464139273290883,12.969335556030273,11,maximum
6.178225040435791,-0.12226557731628418,True,False,family-00383-minimum,family-00383,0.9661733508110046,0.14780212800260134,1.0,0,0.5995618096676743,10.304567337036133,11,minimum
5.00937032699585,-0.07709234952926636,True,False,family-00383-minimum,family-00383,0.9803604483604431,0.09663297898901252,1.0,1,0.4769088454708733,10.50383186340332,11,minimum
9.512229919433594,0.5352568626403809,True,False,family-00383-minimum,family-00383,0.9709910154342651,0.13128024285403084,1.0,2,0.8852250263278736,10.745550155639648,11,minimum
9.265190124511719,0.28117069602012634,True,False,family-00383-minimum,family-00383,0.9807649254798889,0.09504704441129995,1.0,3,0.7135696137673955,12.984283447265625,11,minimum
6.262008190155029,-0.061448290944099426,True,False,family-00383-sum_mod_10,family-00383,0.9775740504264832,0.10733594951541904,0.5,0,0.6153923546056126,10.17563533782959,11,sum_mod_10
4.56242036819458,0.029069408774375916,True,False,family-00383-sum_mod_10,family-00383,0.9748982191085815,0.11727951748856952,0.5,1,0.42210326169673523,10.808777809143066,11,sum_mod_10
7.381880760192871,0.07964541018009186,True,False,family-00383-sum_mod_10,family-00383,0.9815618395805359,0.09189683433359902,0.5,2,0.6220577984103597,11.866872787475586,11,sum_mod_10
6.159332752227783,0.0668681412935257,True,True,family-00383-sum_mod_10,family-00383,0.9901801347732544,0.055172144838032136,0.5,3,0.43056868148498173,14.305110931396484,11,sum_mod_10
6.312417984008789,0.036031484603881836,False,False,family-00384-maximum,family-00384,0.9451321959495544,0.21260608338723008,1.0,0,0.7242696902153754,8.71556282043457,11,maximum
4.814029216766357,0.09237605333328247,False,False,family-00384-maximum,family-00384,0.9660647511482239,0.14816598407193143,1.0,1,0.559345556206861,8.606538772583008,11,maximum
9.78777027130127,0.2737100124359131,False,False,family-00384-maximum,family-00384,0.96186763048172,0.1619626065897166,1.0,2,0.9841047917190846,9.94586181640625,11,maximum
10.9951171875,0.12392723560333252,False,False,family-00384-maximum,family-00384,0.9884341359138489,0.0630789726147156,1.0,3,0.7792569722219593,14.109745025634766,11,maximum
6.080767631530762,0.13628125190734863,False,False,family-00384-minimum,family-00384,0.9814190864562988,0.09246367682088055,0.5,0,0.5431773900979239,11.194809913635254,11,minimum
7.739809989929199,0.1434308886528015,False,False,family-00384-minimum,family-00384,0.9893190264701843,0.05910777792124014,0.5,1,0.6943483586504464,11.146868705749512,11,minimum
5.822525501251221,0.14465975761413574,False,False,family-00384-minimum,family-00384,0.9886695742607117,0.06202928698576731,0.5,2,0.4797179299409601,12.137393951416016,11,minimum
7.807552337646484,0.12573689222335815,False,False,family-00384-minimum,family-00384,0.9885857701301575,0.06240348391280725,0.5,3,0.6057868587628079,12.888282775878906,11,minimum
4.422128200531006,-0.03831714391708374,False,False,family-00384-sum_mod_10,family-00384,0.9624109864234924,0.16020471188364557,0.0,0,0.42769342573677344,10.339481353759766,11,sum_mod_10
2.9641435146331787,0.0011370815336704254,False,False,family-00384-sum_mod_10,family-00384,0.927879810333252,0.259089011074502,0.0,1,0.29853471963688627,9.928974151611328,11,sum_mod_10
5.1030426025390625,0.008431085385382175,False,False,family-00384-sum_mod_10,family-00384,0.9532909989356995,0.18870863959352716,0.0,2,0.49401614774115904,10.329708099365234,11,sum_mod_10
6.395914554595947,-0.04452294856309891,False,True,family-00384-sum_mod_10,family-00384,0.9894989728927612,0.05829134027073874,0.0,3,0.5426849389247032,11.785686492919922,11,sum_mod_10
5.297807693481445,-0.019314289093017578,False,False,family-00385-maximum,family-00385,0.9770431518554688,0.10933363553186916,0.5,0,0.48791801799230156,10.857987403869629,11,maximum
8.259510040283203,0.6117901802062988,False,False,family-00385-maximum,family-00385,0.988619327545166,0.062253720424958414,0.5,1,0.7476415004756536,11.047420501708984,11,maximum
4.482272148132324,-0.06954419612884521,False,False,family-00385-maximum,family-00385,0.9385694265365601,0.23088578621132677,0.5,2,0.39935472814029205,11.223786354064941,11,maximum
7.73939323425293,0.09039306640625,False,False,family-00385-maximum,family-00385,0.9913462996482849,0.04971921989916486,0.5,3,0.5854643023226118,13.219240188598633,11,maximum
5.328164577484131,0.21800526976585388,False,False,family-00385-minimum,family-00385,0.9701509475708008,0.1342170673910033,0.0,0,0.45887852163691356,11.611274719238281,11,minimum
8.055309295654297,-0.16943871974945068,False,False,family-00385-minimum,family-00385,0.9802859425544739,0.09692418063996704,0.0,1,0.7533140639279424,10.693161964416504,11,minimum
8.051102638244629,0.2868161201477051,False,False,family-00385-minimum,family-00385,0.9716799259185791,0.1288531867618723,0.0,2,0.6453492496476727,12.475574493408203,11,minimum
5.330343246459961,0.10847976803779602,False,False,family-00385-minimum,family-00385,0.9449208974838257,0.21320709297396068,0.0,3,0.39589501702818825,13.464032173156738,11,minimum
5.889456748962402,-0.0007772259414196014,False,False,family-00385-sum_mod_10,family-00385,0.9701509475708008,0.1342170673910033,1.0,0,0.5072187930584732,11.611274719238281,11,sum_mod_10
6.117228984832764,-0.002761268988251686,False,False,family-00385-sum_mod_10,family-00385,0.9775311350822449,0.10749790675150622,1.0,1,0.5540818489586573,11.040298461914062,11,sum_mod_10
6.918753147125244,-0.0025993790477514267,False,False,family-00385-sum_mod_10,family-00385,0.9894425868988037,0.05854750280943508,1.0,2,0.5214418349411182,13.26850414276123,11,sum_mod_10
8.135321617126465,0.000527404248714447,False,True,family-00385-sum_mod_10,family-00385,0.9982149600982666,0.013079739680421238,1.0,3,0.47148663405918095,17.25461769104004,11,sum_mod_10
6.29472017288208,0.0430295467376709,True,False,family-00386-maximum,family-00386,0.9710441827774048,0.13109353743699492,0.0,0,0.5972270554795204,10.539911270141602,11,maximum
8.889960289001465,0.7301998138427734,True,False,family-00386-maximum,family-00386,0.9810057878494263,0.09409852659493043,0.0,1,0.8094189675734837,10.983138084411621,11,maximum
4.99765682220459,0.0052024126052856445,True,False,family-00386-maximum,family-00386,0.9290293455123901,0.25614252292780554,0.0,2,0.38019295121125213,13.14505386352539,11,maximum
8.83990478515625,0.03665870428085327,True,False,family-00386-maximum,family-00386,0.9899984002113342,0.05600888544624949,0.0,3,0.5805183618372096,15.227605819702148,11,maximum
7.035576343536377,0.48741698265075684,True,False,family-00386-minimum,family-00386,0.9814576506614685,0.09231065703292635,1.0,0,0.6490484488124107,10.839832305908203,11,minimum
7.267980575561523,0.0825817883014679,True,False,family-00386-minimum,family-00386,0.9804621934890747,0.09623484811098629,1.0,1,0.6964806617024604,10.435294151306152,11,minimum
8.242609024047852,0.3661562204360962,True,False,family-00386-minimum,family-00386,0.9590355157852173,0.1709973103045546,1.0,2,0.6736596938266893,12.235568046569824,11,minimum
9.235595703125,0.3041297495365143,True,False,family-00386-minimum,family-00386,0.979574978351593,0.09968864454969253,1.0,3,0.7074822258699459,13.054173469543457,11,minimum
5.5572099685668945,0.012143537402153015,True,False,family-00386-sum_mod_10,family-00386,0.9770553112030029,0.10928802356209882,0.5,0,0.5253594269544228,10.577919960021973,11,sum_mod_10
8.952499389648438,0.001465294510126114,True,False,family-00386-sum_mod_10,family-00386,0.985148549079895,0.0772601430008444,0.5,1,0.8425623136353201,10.625326156616211,11,sum_mod_10
7.120506763458252,0.005394108593463898,True,False,family-00386-sum_mod_10,family-00386,0.991259753704071,0.05012910575947932,0.5,2,0.500717337455819,14.220611572265625,11,sum_mod_10
8.176228523254395,-0.013269755989313126,True,True,family-00386-sum_mod_10,family-00386,0.9983854293823242,0.011992834392188295,0.5,3,0.4500239357765322,18.16843032836914,11,sum_mod_10
7.730332851409912,0.0162876695394516,True,False,family-00387-maximum,family-00387,0.9814576506614685,0.09231065703292635,1.0,0,0.7131413690963215,10.839832305908203,11,maximum
5.263256549835205,0.12178507447242737,True,False,family-00387-maximum,family-00387,0.9846960306167603,0.07915139086648698,1.0,1,0.5081394576929674,10.357897758483887,11,maximum
3.9927072525024414,-0.00040824711322784424,True,False,family-00387-maximum,family-00387,0.9718915820121765,0.12810407009007974,1.0,2,0.4030677053257626,9.905797958374023,11,maximum
7.3706254959106445,0.12812939286231995,True,False,family-00387-maximum,family-00387,0.9911433458328247,0.05067905723839391,1.0,3,0.672366825467265,10.96220874786377,11,maximum
7.259764671325684,0.008183002471923828,True,False,family-00387-minimum,family-00387,0.9777830243110657,0.10654610431767582,0.5,0,0.6980313416591866,10.400341987609863,11,minimum
5.82425594329834,0.062468767166137695,True,False,family-00387-minimum,family-00387,0.9812049865722656,0.09331172995205149,0.5,1,0.5870910199565813,9.920533180236816,11,minimum
10.126545906066895,0.5543988943099976,True,False,family-00387-minimum,family-00387,0.9802053570747375,0.09723882101805509,0.5,2,0.9416056484706344,10.75455093383789,11,minimum
6.321741104125977,0.049630582332611084,True,False,family-00387-minimum,family-00387,0.9522634744644165,0.19179586230573983,0.5,3,0.39040765188457766,16.19266700744629,11,minimum
6.766017913818359,-0.028449198231101036,True,False,family-00387-sum_mod_10,family-00387,0.9598170518875122,0.16852513151165266,0.0,0,0.7176151257146759,9.42847728729248,11,sum_mod_10
5.295995235443115,0.00022892188280820847,True,False,family-00387-sum_mod_10,family-00387,0.9810625910758972,0.09387438278035777,0.0,1,0.5020466076515353,10.548811912536621,11,sum_mod_10
11.110883712768555,-0.030026031658053398,True,False,family-00387-sum_mod_10,family-00387,0.9875379800796509,0.06703086989688223,0.0,2,0.9327169769116922,11.912384986877441,11,sum_mod_10
5.132866382598877,0.00010031182318925858,True,True,family-00387-sum_mod_10,family-00387,0.9739933013916016,0.1205744295265973,0.0,3,0.30550325273350515,16.801347732543945,11,sum_mod_10
4.776902198791504,0.0013902783393859863,False,False,family-00388-maximum,family-00388,0.9770431518554688,0.10933363553186916,0.5,0,0.4399436121181247,10.857987403869629,11,maximum
10.900959968566895,0.8249764442443848,False,False,family-00388-maximum,family-00388,0.9927542805671692,0.042921560702472855,0.5,1,0.9791234552905629,11.133386611938477,11,maximum
5.544894695281982,0.0012677311897277832,False,False,family-00388-maximum,family-00388,0.9508370757102966,0.19604310992654844,0.5,2,0.4401010403631597,12.599140167236328,11,maximum
8.8942232131958,0.1010591983795166,False,False,family-00388-maximum,family-00388,0.993614673614502,0.03863475694943785,0.5,3,0.5617385976708217,15.83338451385498,11,maximum
5.562507152557373,0.09804636240005493,True,False,family-00388-minimum,family-00388,0.9736681580543518,0.12175036180933502,0.0,0,0.5182613298303426,10.733016014099121,11,minimum
8.554383277893066,-0.043688178062438965,True,False,family-00388-minimum,family-00388,0.9900402426719666,0.0558165325536957,0.0,1,0.7916865472648092,10.805265426635742,11,minimum
10.777414321899414,0.8414252400398254,True,False,family-00388-minimum,family-00388,0.9787308573722839,0.10293812381933713,0.0,2,0.933819815829659,11.541213989257812,11,minimum
6.09323263168335,0.15775007009506226,True,False,family-00388-minimum,family-00388,0.9641945362091064,0.15437649113721205,0.0,3,0.40212531318793326,15.152571678161621,11,minimum
4.419588088989258,-0.0018053194507956505,False,False,family-00388-sum_mod_10,family-00388,0.9753659963607788,0.11556323798514889,1.0,0,0.41811230478494654,10.570337295532227,11,sum_mod_10
6.813225746154785,-0.004491669125854969,False,False,family-00388-sum_mod_10,family-00388,0.9787433743476868,0.10289019256450493,1.0,1,0.6594824876578704,10.331170082092285,11,sum_mod_10
10.935279846191406,-0.012840374372899532,False,False,family-00388-sum_mod_10,family-00388,0.9904001355171204,0.05415466845979012,1.0,2,0.9149513298803973,11.951761245727539,11,sum_mod_10
7.9557952880859375,0.0021122805774211884,False,True,family-00388-sum_mod_10,family-00388,0.998235821723938,0.012947635424293658,1.0,3,0.43924032184554884,18.112625122070312,11,sum_mod_10
5.194096565246582,-0.01324675977230072,False,False,family-00389-maximum,family-00389,0.9792648553848267,0.10088653983718776,0.0,0,0.4887569580542925,10.627156257629395,11,maximum
6.647712230682373,-0.016187936067581177,False,False,family-00389-maximum,family-00389,0.9820359349250793,0.09000617432965098,0.0,1,0.6428320392400034,10.341289520263672,11,maximum
3.9998397827148438,0.008882075548171997,False,False,family-00389-maximum,family-00389,0.9435552358627319,0.21707097550152035,0.0,2,0.37537249634484604,10.655654907226562,11,maximum
6.347954273223877,0.05335916578769684,False,False,family-00389-maximum,family-00389,0.9807908535003662,0.09494508804810158,0.0,3,0.5440674340578071,11.667587280273438,11,maximum
4.355358123779297,0.2601356506347656,True,False,family-00389-minimum,family-00389,0.9736681580543518,0.12175036180933502,1.0,0,0.4057907039417443,10.733016014099121,11,minimum
4.20625638961792,0.07539522647857666,True,False,family-00389-minimum,family-00389,0.9844492077827454,0.08017720493223938,1.0,1,0.38060149571404966,11.051602363586426,11,minimum
6.298916339874268,0.1230725646018982,True,False,family-00389-minimum,family-00389,0.9783841371536255,0.10426284308903429,1.0,2,0.5849985766721976,10.767404556274414,11,minimum
9.141572952270508,-0.11387711763381958,True,False,family-00389-minimum,family-00389,0.9832094311714172,0.0852708241977769,1.0,3,0.7033883759788908,12.996479988098145,11,minimum
4.731296062469482,-0.01733430102467537,False,False,family-00389-sum_mod_10,family-00389,0.9814190864562988,0.09246367682088055,0.5,0,0.42263299680566924,11.194809913635254,11,sum_mod_10
5.576385021209717,0.010526344180107117,False,False,family-00389-sum_mod_10,family-00389,0.9854147434234619,0.07614110300298035,0.5,1,0.5207643999518357,10.708076477050781,11,sum_mod_10
5.953171253204346,-0.04480013623833656,False,False,family-00389-sum_mod_10,family-00389,0.9912542700767517,0.050155047275017184,0.5,2,0.5115114720168958,11.638392448425293,11,sum_mod_10
9.171578407287598,-0.027853142470121384,False,True,family-00389-sum_mod_10,family-00389,0.9977084398269653,0.01621823237269818,0.5,3,0.6106538044389646,15.01927661895752,11,sum_mod_10
4.995760917663574,0.17836689949035645,True,False,family-00300-maximum,family-00300,0.9841822981834412,0.08128202436052231,1.0,0,0.4576008367861653,10.917289733886719,22,maximum
7.958683490753174,0.33643704652786255,True,False,family-00300-maximum,family-00300,0.9740217924118042,0.12047118909906711,1.0,1,0.9184046979338415,8.665769577026367,22,maximum
6.279531955718994,0.36630311608314514,True,False,family-00300-maximum,family-00300,0.9709969758987427,0.13125931675144126,1.0,2,0.6221750119199005,10.092870712280273,22,maximum
5.670046329498291,0.06430411338806152,True,False,family-00300-maximum,family-00300,0.9696627855300903,0.13591241216956185,1.0,3,0.502653026820338,11.28023910522461,22,maximum
7.57236909866333,0.14184391498565674,True,False,family-00300-minimum,family-00300,0.9849991202354431,0.07788619084013847,0.5,0,0.7238818046327972,10.46078109741211,22,minimum
6.955506324768066,0.31852954626083374,True,False,family-00300-minimum,family-00300,0.9716371297836304,0.1290044573335384,0.5,1,0.6967591245840846,9.98265552520752,22,minimum
6.544111251831055,-0.09192842245101929,True,False,family-00300-minimum,family-00300,0.9858887791633606,0.07413606389626244,0.5,2,0.5581135269287821,11.725412368774414,22,minimum
8.040738105773926,0.36981138586997986,True,False,family-00300-minimum,family-00300,0.9832204580307007,0.08522594114409554,0.5,3,0.5571938681033973,14.43077278137207,22,minimum
4.364843368530273,-0.014620594680309296,False,False,family-00300-sum_mod_10,family-00300,0.9728527665138245,0.12468132516468772,0.0,0,0.4467259969217294,9.770739555358887,22,sum_mod_10
4.611281394958496,-0.010627269744873047,False,False,family-00300-sum_mod_10,family-00300,0.9649000763893127,0.15204575599828896,0.0,1,0.49449394609682706,9.3252534866333,22,sum_mod_10
5.167300224304199,0.0287269726395607,False,False,family-00300-sum_mod_10,family-00300,0.9875668287277222,0.06690469449824683,0.0,2,0.4867366391041535,10.61621379852295,22,sum_mod_10
6.224873065948486,0.055714577436447144,False,True,family-00300-sum_mod_10,family-00300,0.9858748316764832,0.07419528593191081,0.0,3,0.4829196442291707,12.890080451965332,22,sum_mod_10
5.1370086669921875,0.34687843918800354,True,False,family-00301-maximum,family-00301,0.9841822981834412,0.08128202436052231,0.5,0,0.4705388234817265,10.917289733886719,22,maximum
7.822437763214111,0.5385673642158508,True,False,family-00301-maximum,family-00301,0.9759413003921509,0.11343993526449103,0.5,1,0.9094366903966989,8.601409912109375,22,maximum
14.054664611816406,-0.1380072832107544,True,False,family-00301-maximum,family-00301,0.9674583673477173,0.14346905431264795,0.5,2,1.4256758724213443,9.858246803283691,22,maximum
8.577598571777344,0.327263742685318,True,False,family-00301-maximum,family-00301,0.9462954998016357,0.20928172167308187,0.5,3,0.4642363706184269,18.476791381835938,22,maximum
5.251346588134766,-0.20424288511276245,False,False,family-00301-minimum,family-00301,0.9810644388198853,0.09386708872464626,0.0,0,0.47111012854487433,11.146749496459961,22,minimum
4.639440536499023,-0.020327910780906677,False,False,family-00301-minimum,family-00301,0.9737411737442017,0.12148664981212824,0.0,1,0.4315021744053215,10.751835823059082,22,minimum
6.125633239746094,-0.0010883435606956482,False,False,family-00301-minimum,family-00301,0.987846314907074,0.06567877242807407,0.0,2,0.6362462927602328,9.62777042388916,22,minimum
5.271268367767334,0.06239140406250954,False,False,family-00301-minimum,family-00301,0.9854761958122253,0.07588206937175744,0.0,3,0.47053109676663635,11.202805519104004,22,minimum
5.5464324951171875,-0.04324031621217728,False,False,family-00301-sum_mod_10,family-00301,0.9762558341026306,0.11227313082786758,1.0,0,0.5938556070097936,9.339698791503906,22,sum_mod_10
6.900739669799805,0.038192685693502426,False,False,family-00301-sum_mod_10,family-00301,0.9832144975662231,0.08525020316909457,1.0,1,0.7148887982592792,9.652885437011719,22,sum_mod_10
9.797715187072754,-0.0019342899322509766,False,False,family-00301-sum_mod_10,family-00301,0.9973933696746826,0.018111890617886702,1.0,2,0.7921937182613368,12.367827415466309,22,sum_mod_10
5.721798419952393,0.026612624526023865,False,True,family-00301-sum_mod_10,family-00301,0.9984440207481384,0.011615185629491587,1.0,3,0.2983969274529885,19.175125122070312,22,sum_mod_10
9.426487922668457,0.2934124171733856,False,False,family-00302-maximum,family-00302,0.9854902029037476,0.07582298990432208,0.0,0,0.9101642301118434,10.356908798217773,22,maximum
4.4217095375061035,0.20810449123382568,False,False,family-00302-maximum,family-00302,0.9836591482162476,0.08343429374103238,0.0,1,0.3971440991554315,11.133766174316406,22,maximum
9.260420799255371,0.4674024283885956,False,False,family-00302-maximum,family-00302,0.989791989326477,0.056955197899902305,0.0,2,0.798543990723646,11.59663200378418,22,maximum
5.72892951965332,-0.0187494158744812,False,False,family-00302-maximum,family-00302,0.9796602129936218,0.09935857416387259,0.0,3,0.3685608115234176,15.544054985046387,22,maximum
6.516603469848633,0.4812304973602295,True,False,family-00302-minimum,family-00302,0.9799317717552185,0.09830452672735139,1.0,0,0.6623091397086042,9.839217185974121,22,minimum
5.347536087036133,0.31135720014572144,True,False,family-00302-minimum,family-00302,0.9653370380401611,0.1505949111283884,1.0,1,0.56674219795545,9.43557071685791,22,minimum
6.308824062347412,-0.03345835208892822,True,False,family-00302-minimum,family-00302,0.9905676245689392,0.053376645083766106,1.0,2,0.5386532174386587,11.712218284606934,22,minimum
4.729304790496826,-0.05533885955810547,True,False,family-00302-minimum,family-00302,0.989903450012207,0.0564447238099436,1.0,3,0.3439787843117942,13.74882698059082,22,minimum
5.540342807769775,-0.007008127868175507,False,False,family-00302-sum_mod_10,family-00302,0.9854902029037476,0.07582298990432208,0.5,0,0.5349417394428696,10.356908798217773,22,sum_mod_10
12.086895942687988,0.026393909007310867,False,False,family-00302-sum_mod_10,family-00302,0.984572172164917,0.07966665715299173,0.5,1,1.2527026845374896,9.64865493774414,22,sum_mod_10
7.476803302764893,-0.008041895925998688,False,False,family-00302-sum_mod_10,family-00302,0.998970627784729,0.00810969416751466,0.5,2,0.4374454657585503,17.09196662902832,22,sum_mod_10
6.632974624633789,-0.005229644477367401,False,True,family-00302-sum_mod_10,family-00302,0.9989258646965027,0.008416604199452591,0.5,3,0.31499520884395144,21.057382583618164,22,sum_mod_10
6.480147361755371,0.3229190409183502,False,False,family-00303-maximum,family-00303,0.9766762852668762,0.11070673596374134,1.0,0,0.6660770424646076,9.728825569152832,22,maximum
6.822096824645996,0.25363582372665405,False,False,family-00303-maximum,family-00303,0.9817153215408325,0.09128613354072414,1.0,1,0.6808289043921658,10.020280838012695,22,maximum
5.799511432647705,0.03193047642707825,False,False,family-00303-maximum,family-00303,0.9712250828742981,0.13045752449155695,1.0,2,0.6275775662814552,9.241106986999512,22,maximum
3.6525638103485107,0.039917051792144775,False,False,family-00303-maximum,family-00303,0.9683229923248291,0.14052413905395167,1.0,3,0.33066427764746387,11.04613971710205,22,maximum
8.197490692138672,0.20690852403640747,False,False,family-00303-minimum,family-00303,0.9811977744102478,0.09334025401164116,0.5,0,0.7052229141337364,11.623970985412598,22,minimum
6.510978698730469,0.4675196409225464,False,False,family-00303-minimum,family-00303,0.9800304770469666,0.09792047838275869,0.5,1,0.6107035583262644,10.661438941955566,22,minimum
10.911744117736816,0.6862012147903442,False,False,family-00303-minimum,family-00303,0.98200523853302,0.09012897171592052,0.5,2,0.9133608623776885,11.946805000305176,22,minimum
8.371618270874023,0.03574943542480469,False,False,family-00303-minimum,family-00303,0.9885475635528564,0.0625738746833663,0.5,3,0.5147687267436344,16.26287269592285,22,minimum
7.309275150299072,-0.0242556594312191,True,False,family-00303-sum_mod_10,family-00303,0.9751826524734497,0.11623700456416461,0.0,0,0.742248011904122,9.84748363494873,22,sum_mod_10
3.3789238929748535,0.0015653148293495178,True,False,family-00303-sum_mod_10,family-00303,0.9559488296508789,0.1806118705136771,0.0,1,0.3384039117814766,9.984884262084961,22,sum_mod_10
6.526494979858398,0.010992692783474922,True,False,family-00303-sum_mod_10,family-00303,0.9770389199256897,0.10934950873957476,0.0,2,0.6142397713333184,10.625321388244629,22,sum_mod_10
4.53945779800415,0.011938145384192467,True,True,family-00303-sum_mod_10,family-00303,0.9875861406326294,0.06682019211099072,0.0,3,0.3206489616895894,14.157094955444336,22,sum_mod_10
6.191395282745361,-0.06383103132247925,True,False,family-00304-maximum,family-00304,0.9849991202354431,0.07788619084013847,0.5,0,0.5918673973855594,10.46078109741211,22,maximum
7.4626641273498535,0.1276816725730896,True,False,family-00304-maximum,family-00304,0.9799708127975464,0.09815268290507545,0.5,1,0.7387864340051501,10.10124683380127,22,maximum
14.425638198852539,0.6905225515365601,True,False,family-00304-maximum,family-00304,0.9873701333999634,0.06776364487039785,0.5,2,1.2442463885182766,11.593875885009766,22,maximum
6.421478271484375,-0.07776176929473877,True,False,family-00304-maximum,family-00304,0.9693101644515991,0.1371319881562019,0.5,3,0.3289115411988888,19.523420333862305,22,maximum
5.543709754943848,0.14171212911605835,False,False,family-00304-minimum,family-00304,0.9762558341026306,0.11227313082786758,0.0,0,0.5935640836711804,9.339698791503906,22,minimum
5.36108922958374,0.04851779341697693,False,False,family-00304-minimum,family-00304,0.980040431022644,0.09788172127687421,0.0,1,0.545748161555551,9.823375701904297,22,minimum
4.887369155883789,-0.05421575903892517,False,False,family-00304-minimum,family-00304,0.9926697015762329,0.04333720011685992,0.0,2,0.4852874361263048,10.071081161499023,22,minimum
6.329126358032227,-0.2203487753868103,False,False,family-00304-minimum,family-00304,0.9887363314628601,0.06173075852338113,0.0,3,0.5313532756244846,11.911334037780762,22,minimum
6.803707122802734,0.05016039311885834,True,False,family-00304-sum_mod_10,family-00304,0.9904969930648804,0.05370510698583101,1.0,0,0.6102675477056213,11.148728370666504,22,sum_mod_10
7.036595821380615,0.024790532886981964,True,False,family-00304-sum_mod_10,family-00304,0.9804650545120239,0.09622364506786094,1.0,1,0.6480914238272676,10.857412338256836,22,sum_mod_10
7.896679401397705,0.01599801331758499,True,False,family-00304-sum_mod_10,family-00304,0.9974537491798401,0.01775210185202111,1.0,2,0.5787828242399807,13.643596649169922,22,sum_mod_10
6.8352155685424805,-0.0079045370221138,True,True,family-00304-sum_mod_10,family-00304,0.9981460571289062,0.013514340810933254,1.0,3,0.3734209860793251,18.3043155670166,22,sum_mod_10
7.518072605133057,0.23962610960006714,False,False,family-00305-maximum,family-00305,0.9854902029037476,0.07582298990432208,0.0,0,0.7258992766670663,10.356908798217773,22,maximum
4.154759883880615,0.01579439640045166,False,False,family-00305-maximum,family-00305,0.9765605330467224,0.11113874038365351,0.0,1,0.41126487851369303,10.102394104003906,22,maximum
14.78393840789795,0.7125023603439331,False,False,family-00305-maximum,family-00305,0.9835979342460632,0.08368500837471866,0.0,2,1.4889780960411663,9.928915977478027,22,maximum
5.747456073760986,0.11087572574615479,False,False,family-00305-maximum,family-00305,0.9088010191917419,0.3053030855765298,0.0,3,0.29868030233165765,19.242835998535156,22,maximum
6.280666351318359,0.6272157430648804,False,False,family-00305-minimum,family-00305,0.9860592484474182,0.07341110501473799,1.0,0,0.5838846649414272,10.75669002532959,22,minimum
5.4099602699279785,0.32236677408218384,False,False,family-00305-minimum,family-00305,0.9781622290611267,0.10510770178761229,1.0,1,0.5696616487141337,9.496795654296875,22,minimum
9.08617877960205,0.23706668615341187,False,False,family-00305-minimum,family-00305,0.9922218918800354,0.04552171196617092,1.0,2,0.8627454442701908,10.531702995300293,22,minimum
6.710709095001221,0.01906353235244751,False,False,family-00305-minimum,family-00305,0.9882928729057312,0.06370645023372744,1.0,3,0.45043910314801544,14.898149490356445,22,minimum
5.76252555847168,0.009765716269612312,True,False,family-00305-sum_mod_10,family-00305,0.982772707939148,0.08704256186225215,0.5,0,0.5741347353526397,10.036887168884277,22,sum_mod_10
9.565309524536133,0.012657830491662025,True,False,family-00305-sum_mod_10,family-00305,0.981400728225708,0.09253649219941333,0.5,1,0.9684909721357207,9.876508712768555,22,sum_mod_10
9.049622535705566,-0.003562958911061287,True,False,family-00305-sum_mod_10,family-00305,0.9984468817710876,0.011596689075048034,0.5,2,0.623568319484681,14.512639999389648,22,sum_mod_10
6.714793682098389,0.0020020902156829834,True,True,family-00305-sum_mod_10,family-00305,0.9978931546211243,0.015088192917904836,0.5,3,0.3529402786139181,19.025297164916992,22,sum_mod_10
5.459204196929932,0.2481600046157837,True,False,family-00306-maximum,family-00306,0.9849991202354431,0.07788619084013847,1.0,0,0.521873476377446,10.46078109741211,22,maximum
8.3048095703125,0.45587608218193054,True,False,family-00306-maximum,family-00306,0.9753032922744751,0.11579382481648624,1.0,1,0.867778925751604,9.5701904296875,22,maximum
10.26331615447998,0.5467914342880249,True,False,family-00306-maximum,family-00306,0.9688267707824707,0.13879707115083684,1.0,2,0.8440785923588061,12.159194946289062,22,maximum
4.942330360412598,0.10838615894317627,True,False,family-00306-maximum,family-00306,0.9203667044639587,0.27787283739706115,1.0,3,0.28906243289255257,17.097795486450195,22,maximum
4.912567615509033,0.02866274118423462,True,False,family-00306-minimum,family-00306,0.9843690395355225,0.08050953092059977,0.5,0,0.4089997158312935,12.011176109313965,22,minimum
6.661609649658203,0.6053059101104736,True,False,family-00306-minimum,family-00306,0.9789898991584778,0.10194463479774732,0.5,1,0.6586079668776539,10.114681243896484,22,minimum
10.327723503112793,0.49711233377456665,True,False,family-00306-minimum,family-00306,0.9918393492698669,0.04736719061511882,0.5,2,1.0090502729477717,10.235093116760254,22,minimum
5.555161952972412,0.021900057792663574,True,False,family-00306-minimum,family-00306,0.984398365020752,0.08038801488356544,0.5,3,0.35598168649853196,15.60519027709961,22,minimum
5.371958255767822,-0.0863705575466156,False,False,family-00306-sum_mod_10,family-00306,0.9854902029037476,0.07582298990432208,0.0,0,0.5186835532135066,10.356908798217773,22,sum_mod_10
6.090736389160156,-0.006045356392860413,False,False,family-00306-sum_mod_10,family-00306,0.978744626045227,0.1028853990249045,0.0,1,0.7294664658557016,8.349576950073242,22,sum_mod_10
8.65930461883545,-0.01633860543370247,False,False,family-00306-sum_mod_10,family-00306,0.9921101927757263,0.04606249548506192,0.0,2,0.8913329266681339,9.715005874633789,22,sum_mod_10
5.734604358673096,-0.0006847083568572998,False,True,family-00306-sum_mod_10,family-00306,0.9922925233840942,0.045178921495841656,0.0,3,0.39891865093778417,14.375372886657715,22,sum_mod_10
6.247465133666992,0.020285004749894142,False,False,family-00307-maximum,family-00307,0.9811977744102478,0.09334025401164116,0.5,0,0.5374639304853045,11.623970985412598,22,maximum
6.280826568603516,-0.014560045674443245,False,False,family-00307-maximum,family-00307,0.9810242652893066,0.09402563420283641,0.5,1,0.6508417855130394,9.650312423706055,22,maximum
6.801358222961426,0.021998994052410126,False,False,family-00307-maximum,family-00307,0.9812800884246826,0.09301453474937124,0.5,2,0.6793232848512074,10.011960983276367,22,maximum
7.004811763763428,-0.020008044317364693,False,False,family-00307-maximum,family-00307,0.9829999208450317,0.08612220819136308,0.5,3,0.6493691549104388,10.787102699279785,22,maximum
8.38065242767334,0.12345674633979797,True,False,family-00307-minimum,family-00307,0.9785834550857544,0.10350200638340856,0.0,0,0.8844507976587357,9.475543975830078,22,minimum
4.576754093170166,-0.1663069725036621,True,False,family-00307-minimum,family-00307,0.9699022769927979,0.13508169908377127,0.0,1,0.46970213771347186,9.743949890136719,22,minimum
7.61871337890625,0.5307390093803406,True,False,family-00307-minimum,family-00307,0.9863910675048828,0.0719938842616771,0.0,2,0.7189551894942979,10.596923828125,22,minimum
6.028473854064941,0.14524158835411072,True,False,family-00307-minimum,family-00307,0.981291651725769,0.09296874887595065,0.0,3,0.4273269235891305,14.107404708862305,22,minimum
5.66025972366333,-0.06068482622504234,False,False,family-00307-sum_mod_10,family-00307,0.9762558341026306,0.11227313082786758,1.0,0,0.6060430694844601,9.339698791503906,22,sum_mod_10
6.725198268890381,0.026900023221969604,False,False,family-00307-sum_mod_10,family-00307,0.9775222539901733,0.10753141242470421,1.0,1,0.7415759468765268,9.068792343139648,22,sum_mod_10
7.9897141456604,-0.028440434485673904,False,False,family-00307-sum_mod_10,family-00307,0.996446430683136,0.02358867786444626,1.0,2,0.6692406777223926,11.9384765625,22,sum_mod_10
7.223042964935303,0.03348959982395172,False,True,family-00307-sum_mod_10,family-00307,0.9967833757400513,0.021673012100111404,1.0,3,0.44388682473774377,16.272262573242188,22,sum_mod_10
8.65571403503418,0.8629036545753479,True,False,family-00308-maximum,family-00308,0.9904969930648804,0.05370510698583101,0.0,0,0.7763857677085656,11.148728370666504,22,maximum
4.699705600738525,0.17827093601226807,True,False,family-00308-maximum,family-00308,0.9793542623519897,0.10054168136155574,0.0,1,0.43718688077001694,10.7498779296875,22,maximum
13.592394828796387,-0.008308112621307373,True,False,family-00308-maximum,family-00308,0.9802294969558716,0.0971446037119426,0.0,2,1.113094618430111,12.211356163024902,22,maximum
7.992312908172607,0.1183808445930481,True,False,family-00308-maximum,family-00308,0.969950258731842,0.1349150312476711,0.0,3,0.3829094418934046,20.87259292602539,22,maximum
5.5161004066467285,0.018234260380268097,True,False,family-00308-minimum,family-00308,0.9785834550857544,0.10350200638340856,1.0,0,0.5821407637088726,9.475543975830078,22,minimum
4.436700344085693,0.01688021421432495,True,False,family-00308-minimum,family-00308,0.9760178327560425,0.11315641827451972,1.0,1,0.5087646247954292,8.720536231994629,22,minimum
4.453449726104736,0.032450541853904724,True,False,family-00308-minimum,family-00308,0.9888429641723633,0.061253081547963335,1.0,2,0.46053080297073096,9.67025375366211,22,minimum
5.449195384979248,0.07042548805475235,True,False,family-00308-minimum,family-00308,0.9807033538818359,0.09528901877238033,1.0,3,0.5016674558225613,10.862166404724121,22,minimum
6.3038530349731445,0.022526469081640244,False,False,family-00308-sum_mod_10,family-00308,0.9849590063095093,0.07805399443924273,0.5,0,0.6068635644480083,10.387595176696777,22,sum_mod_10
6.223931312561035,0.04171990230679512,False,False,family-00308-sum_mod_10,family-00308,0.9798058867454529,0.09879360899215515,0.5,1,0.6233736325570836,9.984271049499512,22,sum_mod_10
7.067140579223633,-0.09404021501541138,False,False,family-00308-sum_mod_10,family-00308,0.9956647753715515,0.027913692463866373,0.5,2,0.5567590496972641,12.693355560302734,22,sum_mod_10
9.824301719665527,-0.004498384892940521,False,True,family-00308-sum_mod_10,family-00308,0.9956472516059875,0.02800892729597272,0.5,3,0.6296664509410956,15.60239028930664,22,sum_mod_10
6.198943138122559,0.0888633131980896,False,False,family-00309-maximum,family-00309,0.9860592484474182,0.07341110501473799,1.0,0,0.5762872336681116,10.75669002532959,22,maximum
10.622895240783691,0.689990758895874,False,False,family-00309-maximum,family-00309,0.9797165989875793,0.09914001962486188,1.0,1,1.1030063917239117,9.630855560302734,22,maximum
9.699169158935547,0.10726916790008545,False,False,family-00309-maximum,family-00309,0.9612442851066589,0.16396937973396475,1.0,2,0.7907551850585658,12.265704154968262,22,maximum
9.662775039672852,0.04842323064804077,False,False,family-00309-maximum,family-00309,0.9558935165405273,0.18078205213730605,1.0,3,0.5349249696245161,18.06379508972168,22,maximum
6.1634345054626465,0.29893410205841064,True,False,family-00309-minimum,family-00309,0.9770811200141907,0.10919118806087284,0.5,0,0.656372511332449,9.39014720916748,22,minimum
5.441290855407715,0.74700528383255,True,False,family-00309-minimum,family-00309,0.9689397811889648,0.13840849625151688,0.5,1,0.622921418825816,8.735116004943848,22,minimum
10.274212837219238,0.6843149662017822,True,False,family-00309-minimum,family-00309,0.9788355827331543,0.10253686662748032,0.5,2,1.008747483934965,10.185118675231934,22,minimum
7.195255279541016,0.027829647064208984,True,False,family-00309-minimum,family-00309,0.9817855954170227,0.09100607824249278,0.5,3,0.5007365596122157,14.369342803955078,22,minimum
5.657501697540283,-0.25413456559181213,False,False,family-00309-sum_mod_10,family-00309,0.9868791699409485,0.06989420162054023,0.0,0,0.516930430430256,10.944416046142578,22,sum_mod_10
4.702932357788086,-0.14096036553382874,False,False,family-00309-sum_mod_10,family-00309,0.98084956407547,0.0947140893895453,0.0,1,0.41448119228201835,11.346551895141602,22,sum_mod_10
7.5013957023620605,-0.042293354868888855,False,False,family-00309-sum_mod_10,family-00309,0.9868279695510864,0.07011530395272171,0.0,2,0.6322015574480151,11.86551284790039,22,sum_mod_10
9.44420337677002,0.052176833152770996,False,True,family-00309-sum_mod_10,family-00309,0.9878289699554443,0.06575504117590951,0.0,3,0.5900817179369626,16.004907608032227,22,sum_mod_10
6.221999168395996,-0.08115893602371216,False,False,family-00310-maximum,family-00310,0.9849590063095093,0.07805399443924273,0.5,0,0.5989836013588827,10.387595176696777,22,maximum
6.359833240509033,0.33945080637931824,False,False,family-00310-maximum,family-00310,0.9775130152702332,0.10756626351026567,0.5,1,0.6492514899519757,9.795639038085938,22,maximum
8.936323165893555,0.12338835000991821,False,False,family-00310-maximum,family-00310,0.9866238236427307,0.07099488438325832,0.5,2,0.9273928970385011,9.63596248626709,22,maximum
7.006401062011719,0.14179664850234985,False,False,family-00310-maximum,family-00310,0.9811431169509888,0.09355633237663713,0.5,3,0.47119455927374887,14.869443893432617,22,maximum
8.801774978637695,0.40075594186782837,True,False,family-00310-minimum,family-00310,0.9904969930648804,0.05370510698583101,0.0,0,0.7894868980570112,11.148728370666504,22,minimum
5.088287830352783,0.006928741931915283,True,False,family-00310-minimum,family-00310,0.9798928499221802,0.09845582975233502,0.0,1,0.39133157015710673,13.002497673034668,22,minimum
9.413900375366211,0.6021043062210083,True,False,family-00310-minimum,family-00310,0.9935572743415833,0.038924212113664425,0.0,2,0.703275973260781,13.385784149169922,22,minimum
5.637819766998291,0.09345686435699463,True,False,family-00310-minimum,family-00310,0.9906266927719116,0.05310154687890608,0.0,3,0.3163716738383928,17.820241928100586,22,minimum
6.101500511169434,-0.013914614915847778,False,False,family-00310-sum_mod_10,family-00310,0.9854902029037476,0.07582298990432208,1.0,0,0.5891237076664598,10.356908798217773,22,sum_mod_10
11.236806869506836,0.0679541528224945,False,False,family-00310-sum_mod_10,family-00310,0.9831047654151917,0.08569648321022377,1.0,1,1.2538456643389535,8.961874008178711,22,sum_mod_10
11.653472900390625,-0.14650064706802368,False,False,family-00310-sum_mod_10,family-00310,0.9986838698387146,0.010045233409515448,1.0,2,0.7651680720100901,15.229951858520508,22,sum_mod_10
6.581246376037598,0.03882969915866852,False,True,family-00310-sum_mod_10,family-00310,0.9990673661231995,0.007439649707969332,1.0,3,0.3080096175218501,21.367015838623047,22,sum_mod_10
7.959268093109131,0.7107261419296265,True,False,family-00311-maximum,family-00311,0.9785834550857544,0.10350200638340856,0.0,0,0.8399800701058835,9.475543975830078,22,maximum
4.0818634033203125,0.261726975440979,True,False,family-00311-maximum,family-00311,0.978838324546814,0.10252635421636457,0.0,1,0.3832938918083717,10.649435043334961,22,maximum
7.952996730804443,0.5454261302947998,True,False,family-00311-maximum,family-00311,0.9815331101417542,0.09201100309094537,0.0,2,0.6966521719480789,11.416022300720215,22,maximum
4.734011650085449,0.030943095684051514,True,False,family-00311-maximum,family-00311,0.9439867734909058,0.21585384371039845,0.0,3,0.32721618740816766,14.467535018920898,22,maximum
5.708991050720215,0.08923238515853882,False,False,family-00311-minimum,family-00311,0.9766762852668762,0.11070673596374134,1.0,0,0.5868119445806184,9.728825569152832,22,minimum
6.019468307495117,0.002651691436767578,False,False,family-00311-minimum,family-00311,0.9752469658851624,0.11600081923764156,1.0,1,0.6608214728686472,9.109068870544434,22,minimum
9.082077026367188,0.4967189431190491,False,False,family-00311-minimum,family-00311,0.9875417351722717,0.06701445007126315,1.0,2,0.8168759797881856,11.118061065673828,22,minimum
8.090916633605957,-0.1869921088218689,False,False,family-00311-minimum,family-00311,0.9876272678375244,0.06664013188847058,1.0,3,0.49153361640551785,16.460556030273438,22,minimum
6.476880073547363,0.0033216532319784164,False,False,family-00311-sum_mod_10,family-00311,0.9849590063095093,0.07805399443924273,0.5,0,0.6235206477893366,10.387595176696777,22,sum_mod_10
9.342070579528809,0.017280342057347298,False,False,family-00311-sum_mod_10,family-00311,0.9762619733810425,0.11225031407527762,0.5,1,0.9172978088317203,10.184337615966797,22,sum_mod_10
7.204485893249512,-0.02384321764111519,False,False,family-00311-sum_mod_10,family-00311,0.9977933168411255,0.015700905002215455,0.5,2,0.48525494983171896,14.846805572509766,22,sum_mod_10
8.453800201416016,0.011349065229296684,False,True,family-00311-sum_mod_10,family-00311,0.9968806505203247,0.02111353374799138,0.5,3,0.47805585288710734,17.68370819091797,22,sum_mod_10
6.6802978515625,0.06289654970169067,True,False,family-00312-maximum,family-00312,0.9770811200141907,0.10919118806087284,1.0,0,0.7114156682272894,9.39014720916748,22,maximum
8.090119361877441,-0.10023415088653564,True,False,family-00312-maximum,family-00312,0.9760584235191345,0.11300594677831421,1.0,1,0.8314501868215943,9.730131149291992,22,maximum
6.073326110839844,0.2150818109512329,True,False,family-00312-maximum,family-00312,0.9796561002731323,0.09937450899679255,1.0,2,0.5925375379887879,10.249690055847168,22,maximum
8.814885139465332,0.2241753339767456,True,False,family-00312-maximum,family-00312,0.9658162593841553,0.14899718793388833,1.0,3,0.6901031241259924,12.773286819458008,22,maximum
6.8746418952941895,0.1432742476463318,False,False,family-00312-minimum,family-00312,0.9849590063095093,0.07805399443924273,0.5,0,0.6618126504117677,10.387595176696777,22,minimum
7.17686653137207,0.3795468211174011,False,False,family-00312-minimum,family-00312,0.9684756994247437,0.14000150393677757,0.5,1,0.7585965315495127,9.460716247558594,22,minimum
5.411984443664551,-0.10953497886657715,False,False,family-00312-minimum,family-00312,0.9850075244903564,0.07785102057683906,0.5,2,0.4774446875702511,11.335311889648438,22,minimum
9.02483081817627,0.04789024591445923,False,False,family-00312-minimum,family-00312,0.9716642498970032,0.12890860417546,0.5,3,0.7051754406163073,12.797993659973145,22,minimum
5.605391979217529,-0.031730618327856064,True,False,family-00312-sum_mod_10,family-00312,0.982772707939148,0.08704256186225215,0.0,0,0.5584791265358657,10.036887168884277,22,sum_mod_10
6.11564826965332,-0.0004385225474834442,True,False,family-00312-sum_mod_10,family-00312,0.9769880771636963,0.10954014843056589,0.0,1,0.6333318025258323,9.656310081481934,22,sum_mod_10
5.823103904724121,-0.049968522042036057,True,False,family-00312-sum_mod_10,family-00312,0.9939275979995728,0.03704747363266114,0.0,2,0.4949670511963741,11.764629364013672,22,sum_mod_10
8.366575241088867,-0.0232849158346653,True,True,family-00312-sum_mod_10,family-00312,0.9929283261299133,0.042063121424219384,0.0,3,0.5798761655950545,14.428210258483887,22,sum_mod_10
5.896623611450195,0.11324042081832886,True,False,family-00313-maximum,family-00313,0.9799317717552185,0.09830452672735139,0.5,0,0.5992980437362311,9.839217185974121,22,maximum
6.708625316619873,0.6208091974258423,True,False,family-00313-maximum,family-00313,0.9587149024009705,0.17200697069488838,0.5,1,0.7635062224450856,8.786602020263672,22,maximum
10.744376182556152,0.6302564144134521,True,False,family-00313-maximum,family-00313,0.964252233505249,0.1541864345917673,0.5,2,1.1430694680097566,9.399582862854004,22,maximum
4.283608913421631,0.11741060018539429,True,False,family-00313-maximum,family-00313,0.923802375793457,0.2693829741323444,0.5,3,0.3166766604377448,13.526759147644043,22,maximum
6.791548728942871,0.32091137766838074,True,False,family-00313-minimum,family-00313,0.9751826524734497,0.11623700456416461,0.0,0,0.6896735227707977,9.84748363494873,22,minimum
3.593242883682251,-0.0004215836524963379,True,False,family-00313-minimum,family-00313,0.9540347456932068,0.18645926870775037,0.0,1,0.3758332285968503,9.560737609863281,22,minimum
6.2971577644348145,0.05626806616783142,True,False,family-00313-minimum,family-00313,0.9757806658744812,0.11403420145727935,0.0,2,0.6628709560450415,9.499824523925781,22,minimum
7.235402584075928,0.3047926127910614,True,False,family-00313-minimum,family-00313,0.9735074043273926,0.12233022667271007,0.0,3,0.6115349961696793,11.83154296875,22,minimum
8.656158447265625,-0.048185013234615326,True,False,family-00313-sum_mod_10,family-00313,0.9904969930648804,0.05370510698583101,1.0,0,0.7764256298539753,11.148728370666504,22,sum_mod_10
6.6615400314331055,0.04755350947380066,True,False,family-00313-sum_mod_10,family-00313,0.9726881980895996,0.1252697968508022,1.0,1,0.61570236351232,10.819416046142578,22,sum_mod_10
6.948887348175049,-0.036733709275722504,True,False,family-00313-sum_mod_10,family-00313,0.9950959086418152,0.030970461863276795,1.0,2,0.5474340958434616,12.693559646606445,22,sum_mod_10
8.248266220092773,0.025570951402187347,True,True,family-00313-sum_mod_10,family-00313,0.9949707388877869,0.03163386804862857,1.0,3,0.5234775321474491,15.75667667388916,22,sum_mod_10
8.864710807800293,0.837128221988678,False,False,family-00314-maximum,family-00314,0.9810644388198853,0.09386708872464626,0.0,0,0.7952731700497613,11.146749496459961,22,maximum
5.460663318634033,0.028602540493011475,False,False,family-00314-maximum,family-00314,0.9741435050964355,0.12002978777611159,0.0,1,0.48879399036261745,11.171707153320312,22,maximum
13.226167678833008,0.04620766639709473,False,False,family-00314-maximum,family-00314,0.958081841468811,0.1739929675783415,0.0,2,0.996706808346566,13.269867897033691,22,maximum
9.523003578186035,0.09987080097198486,False,False,family-00314-maximum,family-00314,0.9407314658164978,0.22495010703773008,0.0,3,0.4625814020799501,20.586654663085938,22,maximum
6.613664150238037,0.37285298109054565,True,False,family-00314-minimum,family-00314,0.9799317717552185,0.09830452672735139,1.0,0,0.6721738147691125,9.839217185974121,22,minimum
3.703853130340576,0.0638662576675415,True,False,family-00314-minimum,family-00314,0.9471167922019958,0.20691871758034436,1.0,1,0.4153124463652409,8.918232917785645,22,minimum
5.681715965270996,0.08305931091308594,True,False,family-00314-minimum,family-00314,0.9728268384933472,0.12477410772747508,1.0,2,0.589678132757655,9.635283470153809,22,minimum
8.127340316772461,0.23478567600250244,True,False,family-00314-minimum,family-00314,0.9784123301506042,0.10415533919482327,1.0,3,0.6154395333305602,13.20574951171875,22,minimum
5.164180278778076,-0.04774187505245209,True,False,family-00314-sum_mod_10,family-00314,0.982772707939148,0.08704256186225215,0.5,0,0.5145201088628097,10.036887168884277,22,sum_mod_10
6.557003498077393,0.04745979234576225,True,False,family-00314-sum_mod_10,family-00314,0.9807974100112915,0.0949193003286818,0.5,1,0.6929027299122936,9.463093757629395,22,sum_mod_10
5.609927654266357,0.011636011302471161,True,False,family-00314-sum_mod_10,family-00314,0.9966625571250916,0.022363803512663222,0.5,2,0.47683241837787815,11.76498794555664,22,sum_mod_10
8.421285629272461,-0.0013756677508354187,True,True,family-00314-sum_mod_10,family-00314,0.9958301186561584,0.027011573360940268,0.5,3,0.5988812158789731,14.06169605255127,22,sum_mod_10
5.866907119750977,0.03443479537963867,False,False,family-00315-maximum,family-00315,0.9764084219932556,0.11170555178125699,1.0,0,0.6152468333814545,9.535859107971191,22,maximum
8.459259033203125,0.1291758418083191,False,False,family-00315-maximum,family-00315,0.9649316072463989,0.15194125355530483,1.0,1,0.9888773020484182,8.554407119750977,22,maximum
10.867242813110352,0.01968282461166382,False,False,family-00315-maximum,family-00315,0.9589235782623291,0.17135011490653457,1.0,2,0.991830698389684,10.956751823425293,22,maximum
9.383132934570312,0.06515216827392578,False,False,family-00315-maximum,family-00315,0.962209165096283,0.16085860190755,1.0,3,0.5592585969515039,16.777807235717773,22,maximum
7.367773532867432,0.48641881346702576,False,False,family-00315-minimum,family-00315,0.9811977744102478,0.09334025401164116,0.5,0,0.6338430767001704,11.623970985412598,22,minimum
5.675650596618652,0.4514346718788147,False,False,family-00315-minimum,family-00315,0.9757385849952698,0.11418969858675532,0.5,1,0.5646851318852464,10.051000595092773,22,minimum
5.715782642364502,0.22047469019889832,False,False,family-00315-minimum,family-00315,0.978925883769989,0.10219045154765997,0.5,2,0.5806222468934156,9.844236373901367,22,minimum
5.738600254058838,0.02883964776992798,False,False,family-00315-minimum,family-00315,0.9845593571662903,0.07971991132286821,0.5,3,0.5187488027763347,11.062387466430664,22,minimum
6.967029094696045,0.2839545011520386,True,False,family-00315-sum_mod_10,family-00315,0.979945957660675,0.09824936191407257,0.0,0,0.7227034611212961,9.64023208618164,22,sum_mod_10
4.9852824211120605,0.12443453073501587,True,False,family-00315-sum_mod_10,family-00315,0.9668300151824951,0.14559428853528267,0.0,1,0.5180396034972756,9.623361587524414,22,sum_mod_10
6.809806823730469,0.0555989146232605,True,False,family-00315-sum_mod_10,family-00315,0.9753010272979736,0.11580215094152428,0.0,2,0.6081921194123211,11.196802139282227,22,sum_mod_10
7.412175178527832,-0.2161872386932373,True,True,family-00315-sum_mod_10,family-00315,0.9897588491439819,0.0571067374757168,0.0,3,0.5008057954642328,14.800498008728027,22,sum_mod_10
7.156589508056641,-0.08472410589456558,False,False,family-00316-maximum,family-00316,0.9811977744102478,0.09334025401164116,0.5,0,0.6156751007928135,11.623970985412598,22,maximum
6.655383586883545,0.017565838992595673,False,False,family-00316-maximum,family-00316,0.9816787838935852,0.09143163452052086,0.5,1,0.5621304680181302,11.839570999145508,22,maximum
7.602725028991699,0.04546938091516495,False,False,family-00316-maximum,family-00316,0.9831140041351318,0.08565893740117303,0.5,2,0.6361792226789077,11.950602531433105,22,maximum
6.807419776916504,-0.03117138147354126,False,False,family-00316-maximum,family-00316,0.980270266532898,0.09698541285561486,0.5,3,0.46218323509752884,14.728833198547363,22,maximum
8.729924201965332,0.27247217297554016,True,False,family-00316-minimum,family-00316,0.982772707939148,0.08704256186225215,0.0,0,0.8697840331441894,10.036887168884277,22,minimum
6.356890678405762,0.041620731353759766,True,False,family-00316-minimum,family-00316,0.9733619093894958,0.12285418660372124,0.0,1,0.5315132325658798,11.959985733032227,22,minimum
6.302158355712891,0.07640266418457031,True,False,family-00316-minimum,family-00316,0.9931707382202148,0.04086026723608806,0.0,2,0.41615389154392884,15.143816947937012,22,minimum
7.833120346069336,0.48915448784828186,True,False,family-00316-minimum,family-00316,0.9877883791923523,0.06593342803370188,0.0,3,0.46369450440834903,16.892847061157227,22,minimum
4.5401740074157715,0.020772650837898254,True,False,family-00316-sum_mod_10,family-00316,0.9843690395355225,0.08050953092059977,1.0,0,0.37799579042847703,12.011176109313965,22,sum_mod_10
8.26442813873291,0.027619116008281708,True,False,family-00316-sum_mod_10,family-00316,0.9787907004356384,0.10270889867143868,1.0,1,0.7575972106471758,10.908736228942871,22,sum_mod_10
9.173199653625488,-0.012319594621658325,True,False,family-00316-sum_mod_10,family-00316,0.9972946047782898,0.01869740125065456,1.0,2,0.726667413570723,12.623656272888184,22,sum_mod_10
7.837347030639648,0.05558536574244499,True,True,family-00316-sum_mod_10,family-00316,0.9980462789535522,0.01413916126649288,1.0,3,0.4470205768453131,17.532407760620117,22,sum_mod_10
8.192351341247559,0.04742699861526489,True,False,family-00317-maximum,family-00317,0.9785834550857544,0.10350200638340856,0.0,0,0.8645784729767866,9.475543975830078,22,maximum
4.533792972564697,0.10696524381637573,True,False,family-00317-maximum,family-00317,0.9801093339920044,0.09761329953755349,0.0,1,0.43242528471326014,10.484569549560547,22,maximum
15.67630386352539,0.8389737606048584,True,False,family-00317-maximum,family-00317,0.9894932508468628,0.05831734954633502,0.0,2,1.379753200906831,11.361672401428223,22,maximum
4.955029487609863,-0.006275475025177002,True,False,family-00317-maximum,family-00317,0.9494858980178833,0.20002621213421584,0.0,3,0.2591574304108511,19.119766235351562,22,maximum
6.611091136932373,0.60582035779953,False,False,family-00317-minimum,family-00317,0.9764084219932556,0.11170555178125699,1.0,0,0.6932874177436248,9.535859107971191,22,minimum
7.350095748901367,0.32094138860702515,False,False,family-00317-minimum,family-00317,0.9548230171203613,0.18406146414865987,1.0,1,0.905151900686116,8.12028980255127,22,minimum
6.077392101287842,0.3349084258079529,False,False,family-00317-minimum,family-00317,0.987686276435852,0.0663815427193822,1.0,2,0.5578276051597811,10.894749641418457,22,minimum
8.142346382141113,0.13639819622039795,False,False,family-00317-minimum,family-00317,0.9787644147872925,0.10280960543659008,1.0,3,0.6887958988504886,11.821130752563477,22,minimum
5.248612403869629,-0.016249369829893112,True,False,family-00317-sum_mod_10,family-00317,0.982772707939148,0.08704256186225215,0.5,0,0.5229322912128618,10.036887168884277,22,sum_mod_10
8.460796356201172,0.010631661862134933,True,False,family-00317-sum_mod_10,family-00317,0.9823629260063171,0.08869475110068323,0.5,1,0.8613864769965867,9.82229995727539,22,sum_mod_10
6.888544082641602,-0.00523173063993454,True,False,family-00317-sum_mod_10,family-00317,0.9981428384780884,0.01353457877252474,0.5,2,0.5084096159408003,13.549201011657715,22,sum_mod_10
7.670733451843262,-0.020160511136054993,True,True,family-00317-sum_mod_10,family-00317,0.9964073300361633,0.02380884350734345,0.5,3,0.46480218703600523,16.50322151184082,22,sum_mod_10
6.9210710525512695,0.107685387134552,False,False,family-00318-maximum,family-00318,0.9766762852668762,0.11070673596374134,1.0,0,0.7113984111808825,9.728825569152832,22,maximum
9.853532791137695,0.4395156502723694,False,False,family-00318-maximum,family-00318,0.9795158505439758,0.09991740305197597,1.0,1,1.0045215329170065,9.80918025970459,22,maximum
14.953719139099121,-0.028513550758361816,False,False,family-00318-maximum,family-00318,0.9517722129821777,0.19326363318976264,1.0,2,1.2880517615708207,11.609563827514648,22,maximum
7.728606224060059,0.13462358713150024,False,False,family-00318-maximum,family-00318,0.9247148633003235,0.2671002285160709,1.0,3,0.3651789915456701,21.16388511657715,22,maximum
6.818628311157227,0.676310658454895,True,False,family-00318-minimum,family-00318,0.9799317717552185,0.09830452672735139,0.5,0,0.6930051631421688,9.839217185974121,22,minimum
5.7795586585998535,0.26645052433013916,True,False,family-00318-minimum,family-00318,0.9619820713996887,0.1615930339625816,0.5,1,0.5971791413313583,9.678098678588867,22,minimum
4.470797538757324,0.1337193250656128,True,False,family-00318-minimum,family-00318,0.9772821664810181,0.10843583427857367,0.5,2,0.3922733224793668,11.397149085998535,22,minimum
3.979001522064209,0.07652527093887329,True,False,family-00318-minimum,family-00318,0.9772495031356812,0.10855867752501454,0.5,3,0.3033681889613092,13.116080284118652,22,minimum
5.794334888458252,0.15204381942749023,True,False,family-00318-sum_mod_10,family-00318,0.982772707939148,0.08704256186225215,0.0,0,0.5773039779127419,10.036887168884277,22,sum_mod_10
4.204902172088623,0.1109921932220459,True,False,family-00318-sum_mod_10,family-00318,0.9765234589576721,0.11127698247311338,0.0,1,0.4361544949936043,9.640854835510254,22,sum_mod_10
6.792482852935791,0.1724877655506134,True,False,family-00318-sum_mod_10,family-00318,0.9900734424591064,0.05566378437669547,0.0,2,0.6518111685908047,10.420936584472656,22,sum_mod_10
5.877156734466553,-0.03686708211898804,True,True,family-00318-sum_mod_10,family-00318,0.9920130372047424,0.04653157050992872,0.0,3,0.4067447813814093,14.449249267578125,22,sum_mod_10
5.517806053161621,0.04231327772140503,True,False,family-00319-maximum,family-00319,0.9770811200141907,0.10919118806087284,0.5,0,0.5876165655608314,9.39014720916748,22,maximum
7.124009132385254,0.23671504855155945,True,False,family-00319-maximum,family-00319,0.9783373475074768,0.10444117571947598,0.5,1,0.7428786206564603,9.58973503112793,22,maximum
7.560792922973633,0.3788264989852905,True,False,family-00319-maximum,family-00319,0.9893352389335632,0.059034346480288984,0.5,2,0.7316457018572277,10.333953857421875,22,maximum
6.46154260635376,-0.008280932903289795,True,False,family-00319-maximum,family-00319,0.9806615114212036,0.09545334390547203,0.5,3,0.4331118452001099,14.918877601623535,22,maximum
5.72055721282959,0.1512918770313263,True,False,family-00319-minimum,family-00319,0.9843690395355225,0.08050953092059977,0.0,0,0.4762695310406474,12.011176109313965,22,minimum
4.694993019104004,0.08683159947395325,True,False,family-00319-minimum,family-00319,0.9762500524520874,0.11229461696257237,0.0,1,0.42261754585063993,11.109318733215332,22,minimum
6.616746425628662,-0.1027001142501831,True,False,family-00319-minimum,family-00319,0.9914549589157104,0.04920336694385345,0.0,2,0.6284430527273911,10.528792381286621,22,minimum
8.425362586975098,-0.011046037077903748,True,False,family-00319-minimum,family-00319,0.9768033027648926,0.11023201091975544,0.0,3,0.7508638267394948,11.220892906188965,22,minimum
5.9214887619018555,0.0033881068229675293,True,False,family-00319-sum_mod_10,family-00319,0.9751826524734497,0.11623700456416461,1.0,0,0.6013199901024954,9.84748363494873,22,sum_mod_10
6.825713157653809,0.002286277711391449,True,False,family-00319-sum_mod_10,family-00319,0.9697900414466858,0.1354712491053459,1.0,1,0.6967354490473291,9.796707153320312,22,sum_mod_10
7.438323974609375,0.003912501037120819,True,False,family-00319-sum_mod_10,family-00319,0.9950613379478455,0.031154005818923698,1.0,2,0.5991156346895005,12.415506362915039,22,sum_mod_10
8.390303611755371,-0.09654554724693298,True,True,family-00319-sum_mod_10,family-00319,0.9945040941238403,0.03408010601287399,1.0,3,0.5149637863586563,16.292997360229492,22,sum_mod_10
9.241103172302246,0.7558261156082153,False,False,family-00320-maximum,family-00320,0.9810644388198853,0.09386708872464626,0.0,0,0.8290401767113436,11.146749496459961,22,maximum
4.77656888961792,0.028854072093963623,False,False,family-00320-maximum,family-00320,0.9777033925056458,0.10684731961658749,0.0,1,0.41870351432555664,11.407998085021973,22,maximum
11.772789001464844,0.031224489212036133,False,False,family-00320-maximum,family-00320,0.9748733639717102,0.11737045961600714,0.0,2,0.9535465365389745,12.346318244934082,22,maximum
7.308038711547852,0.06108427047729492,False,False,family-00320-maximum,family-00320,0.9788649082183838,0.10242441070994476,0.0,3,0.3705781322055196,19.72064208984375,22,maximum
7.9886908531188965,0.20315617322921753,False,False,family-00320-minimum,family-00320,0.9860592484474182,0.07341110501473799,1.0,0,0.7426718474091308,10.75669002532959,22,minimum
4.751302242279053,0.10141322016716003,False,False,family-00320-minimum,family-00320,0.9794832468032837,0.10004346851206976,1.0,1,0.4687746196929316,10.135579109191895,22,minimum
9.192846298217773,0.5087949633598328,False,False,family-00320-minimum,family-00320,0.990558385848999,0.05341963872284986,1.0,2,0.862095462823031,10.663373947143555,22,minimum
5.785884380340576,-0.02229762077331543,False,False,family-00320-minimum,family-00320,0.9923943281173706,0.0446836911541525,1.0,3,0.38794497098856295,14.914188385009766,22,minimum
6.760715961456299,0.018446210771799088,False,False,family-00320-sum_mod_10,family-00320,0.9854902029037476,0.07582298990432208,0.5,0,0.6527735343792628,10.356908798217773,22,sum_mod_10
8.687774658203125,0.028513602912425995,False,False,family-00320-sum_mod_10,family-00320,0.9793664813041687,0.1004945200335382,0.5,1,0.9594200294615024,9.055235862731934,22,sum_mod_10
8.425864219665527,-0.05160029977560043,False,False,family-00320-sum_mod_10,family-00320,0.9959120750427246,0.02656199156650137,0.5,2,0.6005715625408063,14.029742240905762,22,sum_mod_10
7.055103778839111,-0.007095202803611755,False,True,family-00320-sum_mod_10,family-00320,0.9983205199241638,0.012408722322968685,0.5,3,0.3607321409658738,19.557735443115234,22,sum_mod_10
7.2446393966674805,0.03887206315994263,False,False,family-00321-maximum,family-00321,0.9766762852668762,0.11070673596374134,1.0,0,0.744657137202464,9.728825569152832,22,maximum
9.957406997680664,0.12348741292953491,False,False,family-00321-maximum,family-00321,0.9785183668136597,0.10375066903379687,1.0,1,1.0010362127994523,9.947099685668945,22,maximum
12.132137298583984,0.029732584953308105,False,False,family-00321-maximum,family-00321,0.9503469467163086,0.19749241005057575,1.0,2,0.9279981348806354,13.073450088500977,22,maximum
7.964450359344482,0.02884197235107422,False,False,family-00321-maximum,family-00321,0.9601933360099792,0.1673292280305272,1.0,3,0.39838011080738345,19.992088317871094,22,maximum
7.616400718688965,0.14583268761634827,False,False,family-00321-minimum,family-00321,0.9811977744102478,0.09334025401164116,0.5,0,0.6552322548161125,11.623970985412598,22,minimum
5.669419765472412,0.5081579685211182,False,False,family-00321-minimum,family-00321,0.9765865802764893,0.11104157940610936,0.5,1,0.5268493133688683,10.76098918914795,22,minimum
9.69811725616455,0.533244788646698,False,False,family-00321-minimum,family-00321,0.9751395583152771,0.11639516840147249,0.5,2,0.9312333083886347,10.41427230834961,22,minimum
9.281341552734375,-0.15956783294677734,False,False,family-00321-minimum,family-00321,0.9856699109077454,0.07506379104215581,0.5,3,0.6860738843007017,13.52819538116455,22,minimum
5.295570373535156,-0.011653132736682892,False,False,family-00321-sum_mod_10,family-00321,0.9868791699409485,0.06989420162054023,0.0,0,0.483860477453396,10.944416046142578,22,sum_mod_10
3.407021999359131,-0.042986802756786346,False,False,family-00321-sum_mod_10,family-00321,0.9841601252555847,0.08137359787926875,0.0,1,0.30174291911395806,11.291141510009766,22,sum_mod_10
7.732913017272949,-0.09429926425218582,False,False,family-00321-sum_mod_10,family-00321,0.9939239621162415,0.03706600794416086,0.0,2,0.6678992755906861,11.577962875366211,22,sum_mod_10
6.420530796051025,0.03802720084786415,False,True,family-00321-sum_mod_10,family-00321,0.9936501383781433,0.03845565468231671,0.0,3,0.4115471919654698,15.600958824157715,22,sum_mod_10
6.911111831665039,0.059764087200164795,False,False,family-00322-maximum,family-00322,0.9764084219932556,0.11170555178125699,0.5,0,0.724749784305005,9.535859107971191,22,maximum
6.75772762298584,0.07559871673583984,False,False,family-00322-maximum,family-00322,0.9687785506248474,0.13896274250743815,0.5,1,0.8076923734525336,8.36670970916748,22,maximum
9.781990051269531,0.05580359697341919,False,False,family-00322-maximum,family-00322,0.9745352864265442,0.11860495253830688,0.5,2,0.8918079195516077,10.968718528747559,22,maximum
10.7896728515625,0.026789069175720215,False,False,family-00322-maximum,family-00322,0.9786244034767151,0.10334546396666888,0.5,3,0.6691596881897472,16.12421226501465,22,maximum
5.8224616050720215,-0.018491677939891815,False,False,family-00322-minimum,family-00322,0.9762558341026306,0.11227313082786758,0.0,0,0.6234099980149864,9.339698791503906,22,minimum
4.7437591552734375,-0.002974230796098709,False,False,family-00322-minimum,family-00322,0.9755163788795471,0.11500955651705624,0.0,1,0.4955760041676991,9.572213172912598,22,minimum
5.5107102394104,-0.04683942720293999,False,False,family-00322-minimum,family-00322,0.9891022443771362,0.06008727815697289,0.0,2,0.5723994224493876,9.627386093139648,22,minimum
9.779417991638184,-0.006410755217075348,False,False,family-00322-minimum,family-00322,0.987098753452301,0.06894365256954917,0.0,3,0.8641554816366402,11.316734313964844,22,minimum
6.4498419761657715,-0.05791626125574112,False,False,family-00322-sum_mod_10,family-00322,0.9854902029037476,0.07582298990432208,1.0,0,0.6227574367822633,10.356908798217773,22,sum_mod_10
8.446552276611328,0.0020550452172756195,False,False,family-00322-sum_mod_10,family-00322,0.9771789312362671,0.10882392691420158,1.0,1,0.9718955418142082,8.690802574157715,22,sum_mod_10
8.899516105651855,0.010273592546582222,False,False,family-00322-sum_mod_10,family-00322,0.995890736579895,0.02667920385715165,1.0,2,0.674339900783686,13.19737434387207,22,sum_mod_10
9.429414749145508,-0.021456995978951454,False,True,family-00322-sum_mod_10,family-00322,0.997837245464325,0.015431881814439724,1.0,3,0.5077292249926568,18.571739196777344,22,sum_mod_10
7.400582790374756,0.012682847678661346,True,False,family-00323-maximum,family-00323,0.9817765355110168,0.09104219924456712,0.0,0,0.6974289381915749,10.611235618591309,22,maximum
4.06069803237915,-0.08298258483409882,True,False,family-00323-maximum,family-00323,0.9819257259368896,0.09044680498269259,0.0,1,0.3918569468080681,10.36270523071289,22,maximum
6.721487998962402,0.016036607325077057,True,False,family-00323-maximum,family-00323,0.9851661324501038,0.07718637555799562,0.0,2,0.6455516006411925,10.412007331848145,22,maximum
6.690464973449707,0.0661308690905571,True,False,family-00323-maximum,family-00323,0.981903612613678,0.09053513451433541,0.0,3,0.5933007009790975,11.276684761047363,22,maximum
6.7558913230896,0.708339273929596,False,False,family-00323-minimum,family-00323,0.9860592484474182,0.07341110501473799,1.0,0,0.6280641449350118,10.75669002532959,22,minimum
5.6014275550842285,0.5553491115570068,False,False,family-00323-minimum,family-00323,0.9750646352767944,0.11666996804762648,1.0,1,0.5807779022246077,9.644698143005371,22,minimum
8.665237426757812,0.5469790697097778,False,False,family-00323-minimum,family-00323,0.9899849891662598,0.05607049956050951,1.0,2,0.8348318880687111,10.379619598388672,22,minimum
6.702785968780518,0.024874091148376465,False,False,family-00323-minimum,family-00323,0.9873639941215515,0.06779040435494246,1.0,3,0.48561535666440936,13.802664756774902,22,minimum
6.308162212371826,0.14126375317573547,True,False,family-00323-sum_mod_10,family-00323,0.9785834550857544,0.10350200638340856,0.5,0,0.6657308781915307,9.475543975830078,22,sum_mod_10
7.455462455749512,0.07416185736656189,True,False,family-00323-sum_mod_10,family-00323,0.9755175113677979,0.11500538331337853,0.5,1,0.8465046037021926,8.807350158691406,22,sum_mod_10
3.976315975189209,0.03183293342590332,True,False,family-00323-sum_mod_10,family-00323,0.9962079524993896,0.024924941437488225,0.5,2,0.3158843128407174,12.587886810302734,22,sum_mod_10
8.405035972595215,0.0596928596496582,True,True,family-00323-sum_mod_10,family-00323,0.9945201277732849,0.033996735702225035,0.5,3,0.5678313929747115,14.801992416381836,22,sum_mod_10
5.4647135734558105,0.03387206792831421,False,False,family-00324-maximum,family-00324,0.9764084219932556,0.11170555178125699,1.0,0,0.5730698735772806,9.535859107971191,22,maximum
7.3957648277282715,0.35735881328582764,False,False,family-00324-maximum,family-00324,0.9707996845245361,0.13195130206442732,1.0,1,0.8572086181337973,8.627730369567871,22,maximum
14.699527740478516,0.7985000014305115,False,False,family-00324-maximum,family-00324,0.9790233373641968,0.10181615413411182,1.0,2,1.4596977657973298,10.0702543258667,22,maximum
5.317686557769775,0.025567173957824707,False,False,family-00324-maximum,family-00324,0.9327017068862915,0.24659372869207952,1.0,3,0.27810979554236165,19.120817184448242,22,maximum
5.715471267700195,0.12547028064727783,False,False,family-00324-minimum,family-00324,0.9849590063095093,0.07805399443924273,0.5,0,0.5502208326834024,10.387595176696777,22,minimum
6.74953031539917,0.12868118286132812,False,False,family-00324-minimum,family-00324,0.9738604426383972,0.12105543562107157,0.5,1,0.6906866351163055,9.77220344543457,22,minimum
4.438925743103027,0.03801693022251129,False,False,family-00324-minimum,family-00324,0.9858382344245911,0.07435061412205292,0.5,2,0.40135802304129387,11.059765815734863,22,minimum
5.39378023147583,-0.0219048410654068,False,False,family-00324-minimum,family-00324,0.9779084324836731,0.10607114307078483,0.5,3,0.44137579075632755,12.220380783081055,22,minimum
5.163474082946777,-0.0098126120865345,False,False,family-00324-sum_mod_10,family-00324,0.9854902029037476,0.07582298990432208,0.0,0,0.49855359195934146,10.356908798217773,22,sum_mod_10
6.518337726593018,0.0022656191140413284,False,False,family-00324-sum_mod_10,family-00324,0.978465735912323,0.10395159225443255,0.0,1,0.7470687679840998,8.725217819213867,22,sum_mod_10
5.545325756072998,0.008798692375421524,False,False,family-00324-sum_mod_10,family-00324,0.9943351149559021,0.034955914532654696,0.0,2,0.5042076445350264,10.998099327087402,22,sum_mod_10
8.310362815856934,-0.02711210399866104,False,True,family-00324-sum_mod_10,family-00324,0.994783341884613,0.03262125209952007,0.0,3,0.5736662791773957,14.486406326293945,22,sum_mod_10
5.275930404663086,0.19694525003433228,True,False,family-00325-maximum,family-00325,0.9770811200141907,0.10919118806087284,0.5,0,0.5618581143767654,9.39014720916748,22,maximum
7.452951431274414,0.29163914918899536,True,False,family-00325-maximum,family-00325,0.978432297706604,0.10407917731142255,0.5,1,0.7621163056904201,9.77928352355957,22,maximum
10.744294166564941,0.37329697608947754,True,False,family-00325-maximum,family-00325,0.9728480577468872,0.12469817722219459,0.5,2,0.976263612281664,11.005525588989258,22,maximum
5.330709457397461,0.07212281227111816,True,False,family-00325-maximum,family-00325,0.907936155796051,0.3072869782146871,0.5,3,0.29842301170702124,17.862930297851562,22,maximum
5.028659343719482,0.19219309091567993,False,False,family-00325-minimum,family-00325,0.9810644388198853,0.09386708872464626,0.0,0,0.4511323543528549,11.146749496459961,22,minimum
5.302809238433838,0.26840782165527344,False,False,family-00325-minimum,family-00325,0.9749318361282349,0.1171564764590741,0.0,1,0.4983216010606678,10.641339302062988,22,minimum
9.350186347961426,0.30385130643844604,False,False,family-00325-minimum,family-00325,0.9875268340110779,0.06707960136283589,0.0,2,0.9060513728908024,10.319708824157715,22,minimum
6.61590051651001,0.08393889665603638,False,False,family-00325-minimum,family-00325,0.9792786836624146,0.10083322750354595,0.0,3,0.4318038091095608,15.321542739868164,22,minimum
5.650409698486328,0.041542597115039825,False,False,family-00325-sum_mod_10,family-00325,0.9810644388198853,0.09386708872464626,1.0,0,0.5069109788715368,11.146749496459961,22,sum_mod_10
5.16249418258667,0.06158244609832764,False,False,family-00325-sum_mod_10,family-00325,0.9801938533782959,0.09728370906700601,1.0,1,0.4895295322832074,10.545827865600586,22,sum_mod_10
10.693086624145508,-0.14012417197227478,False,False,family-00325-sum_mod_10,family-00325,0.9944959282875061,0.034122547899422956,1.0,2,1.0272141556301022,10.40979290008545,22,sum_mod_10
5.8503522872924805,-0.002138100564479828,False,True,family-00325-sum_mod_10,family-00325,0.9955276846885681,0.028656850250771883,1.0,3,0.34926589438658207,16.750425338745117,22,sum_mod_10
7.411276817321777,0.3620043694972992,False,False,family-00326-maximum,family-00326,0.9810644388198853,0.09386708872464626,0.0,0,0.6648823336054593,11.146749496459961,22,maximum
3.7637083530426025,-0.016747713088989258,False,False,family-00326-maximum,family-00326,0.9765129089355469,0.11131631049789942,0.0,1,0.3470113363966318,10.846067428588867,22,maximum
6.892422676086426,-0.032749950885772705,False,False,family-00326-maximum,family-00326,0.9858322143554688,0.07437615565558477,0.0,2,0.6929797915584369,9.946065902709961,22,maximum
5.955718517303467,0.32588455080986023,False,False,family-00326-maximum,family-00326,0.9808779954910278,0.09460215914852796,0.0,3,0.4853496458903863,12.27098560333252,22,maximum
5.460244655609131,0.4919896125793457,True,False,family-00326-minimum,family-00326,0.9841822981834412,0.08128202436052231,1.0,0,0.5001465371630475,10.917289733886719,22,minimum
5.513228416442871,0.22030389308929443,True,False,family-00326-minimum,family-00326,0.97210693359375,0.12734019079115264,1.0,1,0.5962867091363793,9.245935440063477,22,minimum
10.131832122802734,0.6944915056228638,True,False,family-00326-minimum,family-00326,0.9881516098976135,0.06433220308222375,1.0,2,1.0265079546666709,9.870193481445312,22,minimum
5.201251983642578,0.07649028301239014,True,False,family-00326-minimum,family-00326,0.9864138960838318,0.07189608258208803,1.0,3,0.3382340683733036,15.377670288085938,22,minimum
5.334660530090332,-0.04650673270225525,True,False,family-00326-sum_mod_10,family-00326,0.9770811200141907,0.10919118806087284,0.5,0,0.5681125557735848,9.39014720916748,22,sum_mod_10
10.675677299499512,0.002353981137275696,True,False,family-00326-sum_mod_10,family-00326,0.980889618396759,0.09455638909599368,0.5,1,1.086412222660245,9.826543807983398,22,sum_mod_10
7.483687400817871,0.07363656163215637,True,False,family-00326-sum_mod_10,family-00326,0.9986238479614258,0.010441932943517957,0.5,2,0.4589091373107176,16.307558059692383,22,sum_mod_10
6.128334999084473,-0.06745065748691559,True,True,family-00326-sum_mod_10,family-00326,0.9981485605239868,0.0134985963041955,0.5,3,0.31789274045825844,19.277996063232422,22,sum_mod_10
5.531511306762695,-0.004775424487888813,False,False,family-00327-maximum,family-00327,0.9764084219932556,0.11170555178125699,1.0,0,0.5800747729314507,9.535859107971191,22,maximum
7.160593509674072,-0.02280014008283615,False,False,family-00327-maximum,family-00327,0.9670389294624329,0.14488906890328096,1.0,1,0.8860953595929008,8.081064224243164,22,maximum
5.580996513366699,0.010273808613419533,False,False,family-00327-maximum,family-00327,0.9729472398757935,0.12434303984375139,1.0,2,0.5664225696411156,9.85306167602539,22,maximum
4.233504772186279,0.007583137601613998,False,False,family-00327-maximum,family-00327,0.9626076817512512,0.15956634645859805,1.0,3,0.39384088129336514,10.749277114868164,22,maximum
7.289238929748535,-0.049842119216918945,False,False,family-00327-minimum,family-00327,0.9811977744102478,0.09334025401164116,0.5,0,0.6270868138690386,11.623970985412598,22,minimum
6.8667449951171875,0.09374016523361206,False,False,family-00327-minimum,family-00327,0.9800777435302734,0.09773639504936643,0.5,1,0.6414403576520425,10.705196380615234,22,minimum
8.159026145935059,0.6274696588516235,False,False,family-00327-minimum,family-00327,0.9867268800735474,0.07055125448104006,0.5,2,0.6505401081257984,12.541926383972168,22,minimum
5.875494003295898,0.08000266551971436,False,False,family-00327-minimum,family-00327,0.9903807044029236,0.054244738258861884,0.5,3,0.37513289085499024,15.662433624267578,22,minimum
4.628360271453857,-0.021277740597724915,False,False,family-00327-sum_mod_10,family-00327,0.9868791699409485,0.06989420162054023,0.0,0,0.42289695968613594,10.944416046142578,22,sum_mod_10
4.194707870483398,0.0039377473294734955,False,False,family-00327-sum_mod_10,family-00327,0.9841720461845398,0.08132436872730864,0.0,1,0.38488573973951146,10.898579597473145,22,sum_mod_10
7.475712776184082,-0.03185652941465378,False,False,family-00327-sum_mod_10,family-00327,0.995867133140564,0.026808728094131,0.0,2,0.6260780661069051,11.940544128417969,22,sum_mod_10
6.094435214996338,-0.00016990117728710175,False,True,family-00327-sum_mod_10,family-00327,0.9943628311157227,0.03481261500372233,0.0,3,0.394773912179698,15.437786102294922,22,sum_mod_10
6.8627705574035645,0.058275461196899414,False,False,family-00328-maximum,family-00328,0.9764084219932556,0.11170555178125699,0.5,0,0.7196803643697771,9.535859107971191,22,maximum
8.395583152770996,0.4516105651855469,False,False,family-00328-maximum,family-00328,0.9678826332092285,0.14202700914753538,0.5,1,0.9285410818506509,9.041692733764648,22,maximum
11.475273132324219,0.05418330430984497,False,False,family-00328-maximum,family-00328,0.9771451950073242,0.10895064793446813,0.5,2,0.971839604049959,11.807785034179688,22,maximum
9.020094871520996,0.0307466983795166,False,False,family-00328-maximum,family-00328,0.9787350296974182,0.10292214757087038,0.5,3,0.4988954758289074,18.080129623413086,22,maximum
5.564898490905762,0.04520970582962036,False,False,family-00328-minimum,family-00328,0.9810644388198853,0.09386708872464626,0.0,0,0.4992395758667663,11.146749496459961,22,minimum
4.907821178436279,0.02721482515335083,False,False,family-00328-minimum,family-00328,0.9749817848205566,0.11697357476592171,0.0,1,0.4865494674802701,10.086993217468262,22,minimum
8.228557586669922,0.6777559518814087,False,False,family-00328-minimum,family-00328,0.9879562258720398,0.06519489097148709,0.0,2,0.9260141138712992,8.885995864868164,22,minimum
6.266532897949219,0.08310085535049438,False,False,family-00328-minimum,family-00328,0.989439070224762,0.05856346902004966,0.0,3,0.44830971400618197,13.978133201599121,22,minimum
7.005703449249268,0.11560492217540741,True,False,family-00328-sum_mod_10,family-00328,0.9785834550857544,0.10350200638340856,1.0,0,0.739345779737733,9.475543975830078,22,sum_mod_10
7.095798015594482,0.09480874240398407,True,False,family-00328-sum_mod_10,family-00328,0.97870272397995,0.10304582755821523,1.0,1,0.7554090985143774,9.393318176269531,22,sum_mod_10
8.915153503417969,0.026157543063163757,True,False,family-00328-sum_mod_10,family-00328,0.9961466789245605,0.025265805299097766,1.0,2,0.6833117104918743,13.046978950500488,22,sum_mod_10
7.500236988067627,0.0007409006357192993,True,True,family-00328-sum_mod_10,family-00328,0.9973905682563782,0.01812854938726996,1.0,3,0.42395292974825033,17.69120216369629,22,sum_mod_10
8.17617130279541,0.38388919830322266,True,False,family-00329-maximum,family-00329,0.9751826524734497,0.11623700456416461,0.0,0,0.8302802630489448,9.84748363494873,22,maximum
3.9335250854492188,0.048519134521484375,True,False,family-00329-maximum,family-00329,0.9669677019119263,0.14512966096989147,0.0,1,0.3442244551086945,11.427209854125977,22,maximum
13.59032917022705,0.6540901064872742,True,False,family-00329-maximum,family-00329,0.9804125428199768,0.09642919958917161,0.0,2,1.1426712404008914,11.893472671508789,22,maximum
5.452070236206055,-0.0801655650138855,True,False,family-00329-maximum,family-00329,0.9604120850563049,0.16663230080705446,0.0,3,0.2915614455147382,18.69955825805664,22,maximum
6.29848575592041,0.5518279075622559,True,False,family-00329-minimum,family-00329,0.9799317717552185,0.09830452672735139,1.0,0,0.6401409417914821,9.839217185974121,22,minimum
5.126686096191406,-0.03887861967086792,True,False,family-00329-minimum,family-00329,0.9510008096694946,0.19555780965524455,1.0,1,0.6118105619299258,8.379531860351562,22,minimum
8.253483772277832,0.5539119839668274,True,False,family-00329-minimum,family-00329,0.9862029552459717,0.07279831838941257,1.0,2,0.7942149097831888,10.392003059387207,22,minimum
6.160157680511475,-0.044088542461395264,True,False,family-00329-minimum,family-00329,0.988598108291626,0.06234843151131041,1.0,3,0.40132072388654105,15.349712371826172,22,minimum
4.951770782470703,0.017271315678954124,True,False,family-00329-sum_mod_10,family-00329,0.9770811200141907,0.10919118806087284,0.5,0,0.5273368640734782,9.39014720916748,22,sum_mod_10
8.859792709350586,0.018236903473734856,True,False,family-00329-sum_mod_10,family-00329,0.9813752174377441,0.09263764655421762,0.5,1,0.9180449529626481,9.650717735290527,22,sum_mod_10
6.2863593101501465,-0.0072961486876010895,True,False,family-00329-sum_mod_10,family-00329,0.998213529586792,0.013088789277070922,0.5,2,0.430497772675563,14.60253620147705,22,sum_mod_10
8.02787971496582,-0.0029168277978897095,True,True,family-00329-sum_mod_10,family-00329,0.9976263642311096,0.016715486458492676,0.5,3,0.4455114173308359,18.01947021484375,22,sum_mod_10
6.599693298339844,0.058876991271972656,True,False,family-00330-maximum,family-00330,0.9799317717552185,0.09830452672735139,1.0,0,0.6707538997866371,9.839217185974121,22,maximum
8.56031322479248,0.45437192916870117,True,False,family-00330-maximum,family-00330,0.969788134098053,0.13547786546013862,1.0,1,0.9223251110734122,9.281231880187988,22,maximum
10.849345207214355,0.1817014217376709,True,False,family-00330-maximum,family-00330,0.9639363884925842,0.1552256583603917,1.0,2,0.9488866201747077,11.43376350402832,22,maximum
8.324077606201172,0.04590880870819092,True,False,family-00330-maximum,family-00330,0.9775020480155945,0.10760763008090277,1.0,3,0.5345153332485794,15.573131561279297,22,maximum
5.80513858795166,0.1658191680908203,False,False,family-00330-minimum,family-00330,0.9764084219932556,0.11170555178125699,0.5,0,0.6087693329171614,9.535859107971191,22,minimum
5.590585231781006,0.386504590511322,False,False,family-00330-minimum,family-00330,0.9680947661399841,0.14130381971659467,0.5,1,0.7016935484546688,7.9672746658325195,22,minimum
8.216837882995605,0.17166906595230103,False,False,family-00330-minimum,family-00330,0.9849494695663452,0.07809387231969109,0.5,2,0.9995571820957247,8.220478057861328,22,minimum
6.307693958282471,0.22342434525489807,False,False,family-00330-minimum,family-00330,0.9809579253196716,0.09428725624548558,0.5,3,0.5357430754962275,11.77372932434082,22,minimum
5.636357307434082,0.09231611341238022,False,False,family-00330-sum_mod_10,family-00330,0.9868791699409485,0.06989420162054023,0.0,0,0.5149984506866996,10.944416046142578,22,sum_mod_10
3.6804821491241455,0.08352135121822357,False,False,family-00330-sum_mod_10,family-00330,0.9867323040962219,0.0705278831296719,0.0,1,0.314324912898726,11.7091646194458,22,sum_mod_10
7.132168769836426,0.019879207015037537,False,False,family-00330-sum_mod_10,family-00330,0.993459165096283,0.039417771770274015,0.0,2,0.6179152108623746,11.542309761047363,22,sum_mod_10
5.882217884063721,-0.16167399287223816,False,True,family-00330-sum_mod_10,family-00330,0.9920188784599304,0.0465034022577732,0.0,3,0.4058108308244649,14.494975090026855,22,sum_mod_10
6.945647716522217,0.4053835868835449,False,False,family-00331-maximum,family-00331,0.9849590063095093,0.07805399443924273,0.5,0,0.6686482865739586,10.387595176696777,22,maximum
5.71971321105957,0.16315793991088867,False,False,family-00331-maximum,family-00331,0.9669856429100037,0.14506907493387708,0.5,1,0.5980276383500429,9.564295768737793,22,maximum
5.247237205505371,0.07555532455444336,False,False,family-00331-maximum,family-00331,0.9808287024497986,0.09479619112064681,0.5,2,0.5382206593119366,9.74923038482666,22,maximum
8.339218139648438,0.30926141142845154,False,False,family-00331-maximum,family-00331,0.9742653965950012,0.11958714853135886,0.5,3,0.6838038126836818,12.195337295532227,22,maximum
7.065795421600342,0.3687629997730255,True,False,family-00331-minimum,family-00331,0.9817765355110168,0.09104219924456712,0.0,0,0.6658786663092078,10.611235618591309,22,minimum
5.568220138549805,-0.005827128887176514,True,False,family-00331-minimum,family-00331,0.9812938570976257,0.09296001569177476,0.0,1,0.5289841771389256,10.526250839233398,22,minimum
6.145109176635742,-0.05940413475036621,True,False,family-00331-minimum,family-00331,0.9901178479194641,0.055459304876284435,0.0,2,0.5339220748573098,11.509374618530273,22,minimum
7.455188751220703,0.1600649356842041,True,False,family-00331-minimum,family-00331,0.9895702600479126,0.05796704333386568,0.0,3,0.5240745971108808,14.225434303283691,22,minimum
4.484126567840576,-0.029903769493103027,True,False,family-00331-sum_mod_10,family-00331,0.9843690395355225,0.08050953092059977,1.0,0,0.3733295163629645,12.011176109313965,22,sum_mod_10
7.86879825592041,0.03989426791667938,True,False,family-00331-sum_mod_10,family-00331,0.9774492383003235,0.1078067425825675,1.0,1,0.7465758401206678,10.539851188659668,22,sum_mod_10
9.628524780273438,-0.08890000730752945,True,False,family-00331-sum_mod_10,family-00331,0.9967105388641357,0.022089997901264265,1.0,2,0.7936044672203791,12.132649421691895,22,sum_mod_10
8.297173500061035,0.005368970334529877,True,True,family-00331-sum_mod_10,family-00331,0.9972507357597351,0.018956303563610347,1.0,3,0.47315180637240184,17.535964965820312,22,sum_mod_10
7.86643123626709,0.5593613386154175,False,False,family-00332-maximum,family-00332,0.9810644388198853,0.09386708872464626,0.0,0,0.7057152615446637,11.146749496459961,22,maximum
4.008539199829102,0.09814244508743286,False,False,family-00332-maximum,family-00332,0.9776625037193298,0.1070018724629305,0.0,1,0.36376965819348,11.01944351196289,22,maximum
8.941150665283203,0.5398047566413879,False,False,family-00332-maximum,family-00332,0.9862402081489563,0.07263921951519822,0.0,2,0.8641082496166319,10.347257614135742,22,maximum
5.704383850097656,0.0852246880531311,False,False,family-00332-maximum,family-00332,0.9784291386604309,0.10409122806109924,0.0,3,0.4027189324852564,14.164677619934082,22,maximum
8.169770240783691,0.6757683157920837,True,False,family-00332-minimum,family-00332,0.9849991202354431,0.07788619084013847,1.0,0,0.7809904599576039,10.46078109741211,22,minimum
5.1775898933410645,0.10274302959442139,True,False,family-00332-minimum,family-00332,0.9709365367889404,0.1314714490156886,1.0,1,0.47983114380201575,10.790441513061523,22,minimum
5.952621936798096,0.010351240634918213,True,False,family-00332-minimum,family-00332,0.9908367395401001,0.05212023632583399,1.0,2,0.46078567582928703,12.918417930603027,22,minimum
4.8826003074646,-0.0317310094833374,True,False,family-00332-minimum,family-00332,0.9896940588951111,0.057402690133180834,1.0,3,0.30812340060003623,15.8462495803833,22,minimum
4.8373188972473145,0.040066227316856384,True,False,family-00332-sum_mod_10,family-00332,0.9841822981834412,0.08128202436052231,0.5,0,0.4430878922478827,10.917289733886719,22,sum_mod_10
7.9206109046936035,0.05359238386154175,True,False,family-00332-sum_mod_10,family-00332,0.9762829542160034,0.11217232609814479,0.5,1,0.8621039983167648,9.187535285949707,22,sum_mod_10
7.491310119628906,0.046308718621730804,True,False,family-00332-sum_mod_10,family-00332,0.9951664209365845,0.030595334441316797,0.5,2,0.5890498715935278,12.717616081237793,22,sum_mod_10
7.246383190155029,-0.03489577770233154,True,True,family-00332-sum_mod_10,family-00332,0.9972865581512451,0.018744943205631893,0.5,3,0.454368444191326,15.948253631591797,22,sum_mod_10
5.471982002258301,0.5515349507331848,True,False,family-00333-maximum,family-00333,0.9803014397621155,0.09686363439165893,1.0,0,0.5327622286101981,10.270964622497559,22,maximum
7.697466850280762,0.7752873301506042,True,False,family-00333-maximum,family-00333,0.9667097926139832,0.14599949931427617,1.0,1,0.8520281984761963,9.034286499023438,22,maximum
9.174478530883789,0.10512572526931763,True,False,family-00333-maximum,family-00333,0.9407333731651306,0.22494483398877962,1.0,2,0.8928282695445147,10.275748252868652,22,maximum
8.19837474822998,0.16728675365447998,True,False,family-00333-maximum,family-00333,0.9390599131584167,0.229546407870097,1.0,3,0.5407107784278223,15.16221809387207,22,maximum
7.456837177276611,0.6127752661705017,True,False,family-00333-minimum,family-00333,0.9849991202354431,0.07788619084013847,0.5,0,0.712837512594672,10.46078109741211,22,minimum
5.609503746032715,0.6953443288803101,True,False,family-00333-minimum,family-00333,0.9633429050445557,0.15717065170279668,0.5,1,0.5853803764115033,9.582664489746094,22,minimum
10.029251098632812,0.7361048460006714,True,False,family-00333-minimum,family-00333,0.9772371053695679,0.10860529159131155,0.5,2,0.950852287060242,10.547643661499023,22,minimum
6.361764907836914,0.1143236756324768,True,False,family-00333-minimum,family-00333,0.9843007922172546,0.08079211117336367,0.5,3,0.45694548097377397,13.922371864318848,22,minimum
5.893052101135254,-0.06430214643478394,False,False,family-00333-sum_mod_10,family-00333,0.9728527665138245,0.12468132516468772,0.0,0,0.603132656207496,9.770739555358887,22,sum_mod_10
3.409050703048706,0.07261546701192856,False,False,family-00333-sum_mod_10,family-00333,0.9526431560516357,0.190657830656713,0.0,1,0.36298272052783176,9.39177131652832,22,sum_mod_10
4.494801044464111,0.058806344866752625,False,False,family-00333-sum_mod_10,family-00333,0.9659855365753174,0.14843116034931678,0.0,2,0.44807942890922675,10.031259536743164,22,sum_mod_10
6.031350612640381,-0.02472849190235138,False,True,family-00333-sum_mod_10,family-00333,0.9647184610366821,0.1526471114568277,0.0,3,0.5255517528074295,11.476225852966309,22,sum_mod_10
5.873481750488281,0.09236246347427368,True,False,family-00334-maximum,family-00334,0.9843690395355225,0.08050953092059977,0.5,0,0.48900138479642635,12.011176109313965,22,maximum
5.645877838134766,0.34514278173446655,True,False,family-00334-maximum,family-00334,0.9763721823692322,0.11184044308926337,0.5,1,0.5796651157380368,9.739895820617676,22,maximum
6.726615905761719,0.3079649806022644,True,False,family-00334-maximum,family-00334,0.9871470928192139,0.06873389131090986,0.5,2,0.6842124255728634,9.831180572509766,22,maximum
6.512016296386719,0.03978392481803894,True,False,family-00334-maximum,family-00334,0.9809313416481018,0.09439202694342518,0.5,3,0.5313489420245647,12.255630493164062,22,maximum
8.280723571777344,0.41887256503105164,True,False,family-00334-minimum,family-00334,0.9785834550857544,0.10350200638340856,0.0,0,0.8739048220238917,9.475543975830078,22,minimum
4.387855052947998,0.2021324634552002,True,False,family-00334-minimum,family-00334,0.9691698551177979,0.13761609721333473,0.0,1,0.43816847841717643,10.014081954956055,22,minimum
9.580916404724121,0.5343114137649536,True,False,family-00334-minimum,family-00334,0.9853734970092773,0.07631481713691374,0.0,2,0.8969744279335717,10.681370735168457,22,minimum
8.303454399108887,-0.1284739375114441,True,False,family-00334-minimum,family-00334,0.9861401319503784,0.07306639184061059,0.0,3,0.6029256161170851,13.77193832397461,22,minimum
5.26329231262207,-0.0008389651775360107,False,False,family-00334-sum_mod_10,family-00334,0.9762558341026306,0.11227313082786758,1.0,0,0.5635398346475539,9.339698791503906,22,sum_mod_10
7.778328895568848,0.04198534041643143,False,False,family-00334-sum_mod_10,family-00334,0.9822655916213989,0.08908575829548646,1.0,1,0.8308418272314685,9.361985206604004,22,sum_mod_10
9.007960319519043,-0.05447511374950409,False,False,family-00334-sum_mod_10,family-00334,0.9979243278503418,0.01489591940389268,1.0,2,0.7194655094523466,12.520350456237793,22,sum_mod_10
8.068965911865234,0.017650343477725983,False,True,family-00334-sum_mod_10,family-00334,0.9989346861839294,0.008356271518518935,1.0,3,0.41777876181528056,19.313968658447266,22,sum_mod_10
9.471678733825684,0.8552038073539734,True,False,family-00335-maximum,family-00335,0.9751826524734497,0.11623700456416461,0.0,0,0.9618374688342396,9.84748363494873,22,maximum
4.564560890197754,0.06191873550415039,True,False,family-00335-maximum,family-00335,0.9697182774543762,0.13572010396454418,0.0,1,0.3497223068587758,13.051958084106445,22,maximum
12.993380546569824,0.008743107318878174,True,False,family-00335-maximum,family-00335,0.9643486738204956,0.15386854173263737,0.0,2,0.9018734371006595,14.407099723815918,22,maximum
9.76688289642334,0.08170288801193237,True,False,family-00335-maximum,family-00335,0.9525048136711121,0.19107285741249033,0.0,3,0.45014297670924397,21.697290420532227,22,maximum
5.248262405395508,0.5049923062324524,True,False,family-00335-minimum,family-00335,0.9799317717552185,0.09830452672735139,1.0,0,0.5334024349901479,9.839217185974121,22,minimum
3.7521352767944336,0.16446471214294434,True,False,family-00335-minimum,family-00335,0.9610433578491211,0.1646140062291962,1.0,1,0.4386873406379522,8.553096771240234,22,minimum
10.176262855529785,0.49638184905052185,True,False,family-00335-minimum,family-00335,0.9804273247718811,0.09637135087879448,1.0,2,1.1074952560389693,9.188538551330566,22,minimum
5.489683628082275,0.007735192775726318,True,False,family-00335-minimum,family-00335,0.982361376285553,0.08870098084322708,1.0,3,0.33902050360207964,16.192777633666992,22,minimum
5.250616073608398,-0.009022064507007599,True,False,family-00335-sum_mod_10,family-00335,0.9785834550857544,0.10350200638340856,0.5,0,0.5541229175867376,9.475543975830078,22,sum_mod_10
7.960940837860107,7.694214582443237e-05,True,False,family-00335-sum_mod_10,family-00335,0.9833489656448364,0.08470232692169838,0.5,1,0.833171376473943,9.554986000061035,22,sum_mod_10
11.608088493347168,-0.039104245603084564,True,False,family-00335-sum_mod_10,family-00335,0.9978959560394287,0.015070933040761889,0.5,2,0.8426904893379805,13.775032043457031,22,sum_mod_10
6.817979335784912,-0.0005398038774728775,True,True,family-00335-sum_mod_10,family-00335,0.9949776530265808,0.031597305173945,0.5,3,0.3593277338040219,18.97426414489746,22,sum_mod_10
7.510941028594971,-0.11470875144004822,False,False,family-00336-maximum,family-00336,0.9764084219932556,0.11170555178125699,1.0,0,0.7876522653649993,9.535859107971191,22,maximum
8.01102066040039,0.2160358726978302,False,False,family-00336-maximum,family-00336,0.9701560735702515,0.13419922180267874,1.0,1,0.9087977586888295,8.81496524810791,22,maximum
6.880341053009033,0.2022123634815216,False,False,family-00336-maximum,family-00336,0.9806139469146729,0.0956400287424767,1.0,2,0.604526279767506,11.381376266479492,22,maximum
6.397276401519775,-0.1527034044265747,False,False,family-00336-maximum,family-00336,0.9673462510108948,0.14384917056853475,1.0,3,0.48580845386875726,13.168310165405273,22,maximum
7.557976722717285,0.18624019622802734,True,False,family-00336-minimum,family-00336,0.9849991202354431,0.07788619084013847,0.5,0,0.7225059632102474,10.46078109741211,22,minimum
6.917462348937988,0.1892770528793335,True,False,family-00336-minimum,family-00336,0.9721947908401489,0.12702805952529017,0.5,1,0.6910907184328524,10.009485244750977,22,minimum
9.476672172546387,0.6600990295410156,True,False,family-00336-minimum,family-00336,0.9887004494667053,0.061891267161970465,0.5,2,0.7804965922725503,12.141849517822266,22,minimum
4.985360622406006,0.04707753658294678,True,False,family-00336-minimum,family-00336,0.9903837442398071,0.054230650201888615,0.5,3,0.3135933601007476,15.89753246307373,22,minimum
5.333608150482178,0.04086095094680786,True,False,family-00336-sum_mod_10,family-00336,0.982772707939148,0.08704256186225215,0.0,0,0.5314006285750718,10.036887168884277,22,sum_mod_10
6.627591133117676,-0.17021825909614563,True,False,family-00336-sum_mod_10,family-00336,0.9792592525482178,0.10090813784292246,0.0,1,0.6652022618779606,9.963272094726562,22,sum_mod_10
8.197900772094727,0.3176316022872925,True,False,family-00336-sum_mod_10,family-00336,0.9960373640060425,0.025871503084673696,0.0,2,0.6712129847416777,12.213561058044434,22,sum_mod_10
6.72246789932251,-0.025347977876663208,True,True,family-00336-sum_mod_10,family-00336,0.9961963891983032,0.024989343485470286,0.0,3,0.41583444936029856,16.16621208190918,22,sum_mod_10
5.576970100402832,0.02632617950439453,True,False,family-00337-maximum,family-00337,0.9849991202354431,0.07788619084013847,0.5,0,0.533131326281411,10.46078109741211,22,maximum
7.618946552276611,0.08326894044876099,True,False,family-00337-maximum,family-00337,0.9778283834457397,0.10637439840955923,0.5,1,0.7980099606351241,9.547432899475098,22,maximum
15.491646766662598,0.6300535202026367,True,False,family-00337-maximum,family-00337,0.9868324995040894,0.07009575007391758,0.5,2,1.347561585138684,11.496058464050293,22,maximum
4.981109619140625,0.07104706764221191,True,False,family-00337-maximum,family-00337,0.9172084927558899,0.2855348154544475,0.5,3,0.24213797232943068,20.571369171142578,22,maximum
5.593946933746338,0.07046597450971603,True,False,family-00337-minimum,family-00337,0.9751826524734497,0.11623700456416461,0.0,0,0.568058515364617,9.84748363494873,22,minimum
4.148765563964844,0.061553895473480225,True,False,family-00337-minimum,family-00337,0.9650962352752686,0.15139515057465514,0.0,1,0.4238308860307635,9.788728713989258,22,minimum
5.311756610870361,0.0783865749835968,True,False,family-00337-minimum,family-00337,0.985283374786377,0.07669396722168571,0.0,2,0.5508100787382887,9.643535614013672,22,minimum
5.378334045410156,0.12540800869464874,True,False,family-00337-minimum,family-00337,0.9780938029289246,0.10536775081539355,0.0,3,0.48601783245701596,11.06612491607666,22,minimum
5.8071088790893555,-0.021292030811309814,False,False,family-00337-sum_mod_10,family-00337,0.9854902029037476,0.07582298990432208,1.0,0,0.5606990456543026,10.356908798217773,22,sum_mod_10
11.852731704711914,0.06528438627719879,False,False,family-00337-sum_mod_10,family-00337,0.9830610156059265,0.08587421104473225,1.0,1,1.3667762419929952,8.672035217285156,22,sum_mod_10
9.546433448791504,-0.06072887033224106,False,False,family-00337-sum_mod_10,family-00337,0.9988112449645996,0.009194133500562028,1.0,2,0.6192129725567492,15.417043685913086,22,sum_mod_10
6.353489875793457,-0.0622328445315361,False,True,family-00337-sum_mod_10,family-00337,0.9991082549095154,0.007153475882181449,1.0,3,0.30344476177089474,20.93787956237793,22,sum_mod_10
8.232999801635742,0.3615654706954956,False,False,family-00338-maximum,family-00338,0.9762558341026306,0.11227313082786758,0.0,0,0.881505922773987,9.339698791503906,22,maximum
4.044610023498535,0.08535391092300415,False,False,family-00338-maximum,family-00338,0.9788743853569031,0.10238805936397276,0.0,1,0.3770233838931504,10.727743148803711,22,maximum
11.140296936035156,0.7014082670211792,False,False,family-00338-maximum,family-00338,0.9877344965934753,0.06617001845490106,0.0,2,1.004803535369001,11.087039947509766,22,maximum
4.10441255569458,0.05978125333786011,False,False,family-00338-maximum,family-00338,0.9563310742378235,0.17943382953935888,0.0,3,0.24823959828429398,16.534076690673828,22,maximum
8.065168380737305,0.279777467250824,False,False,family-00338-minimum,family-00338,0.9860592484474182,0.07341110501473799,1.0,0,0.7497816114200228,10.75669002532959,22,minimum
5.166345596313477,0.19461047649383545,False,False,family-00338-minimum,family-00338,0.9760299921035767,0.11311135050264218,1.0,1,0.5084361183803682,10.161248207092285,22,minimum
7.813289642333984,0.05435416102409363,False,False,family-00338-minimum,family-00338,0.9911903142929077,0.05045734872392384,1.0,2,0.6758756973079156,11.560246467590332,22,minimum
7.19141149520874,0.3388608694076538,False,False,family-00338-minimum,family-00338,0.9805821776390076,0.09576465293368049,1.0,3,0.5002680549487103,14.375116348266602,22,minimum
6.2414350509643555,0.05001898854970932,False,False,family-00338-sum_mod_10,family-00338,0.9849590063095093,0.07805399443924273,0.5,0,0.6008546679761073,10.387595176696777,22,sum_mod_10
5.189607620239258,-0.2547982335090637,False,False,family-00338-sum_mod_10,family-00338,0.9693701267242432,0.13692489875700437,0.5,1,0.5586557434270638,9.28945541381836,22,sum_mod_10
8.262510299682617,0.06385170668363571,False,False,family-00338-sum_mod_10,family-00338,0.9930832386016846,0.0412954258439202,0.5,2,0.770182776253657,10.727986335754395,22,sum_mod_10
5.372802257537842,-0.14301161468029022,False,True,family-00338-sum_mod_10,family-00338,0.988620400428772,0.06224893059992167,0.5,3,0.4122403398906169,13.03317928314209,22,sum_mod_10
5.324430465698242,0.02923336625099182,True,False,family-00339-maximum,family-00339,0.9849991202354431,0.07788619084013847,1.0,0,0.5089897605271037,10.46078109741211,22,maximum
8.088067054748535,0.1589812934398651,True,False,family-00339-maximum,family-00339,0.978260338306427,0.10473446142136064,1.0,1,0.8241882366569395,9.813373565673828,22,maximum
5.810629367828369,0.14291390776634216,True,False,family-00339-maximum,family-00339,0.9832836389541626,0.08496863113849905,1.0,2,0.4824099585585262,12.045002937316895,22,maximum
7.649770736694336,-0.3073849678039551,True,False,family-00339-maximum,family-00339,0.9756779670715332,0.11441356228785488,1.0,3,0.5381855085956468,14.214003562927246,22,maximum
5.345584869384766,0.4657907783985138,True,False,family-00339-minimum,family-00339,0.9843690395355225,0.08050953092059977,0.5,0,0.4450509109794483,12.011176109313965,22,minimum
6.884236812591553,0.49751541018486023,True,False,family-00339-minimum,family-00339,0.9788073301315308,0.10264516904172281,0.5,1,0.6754782431799922,10.191648483276367,22,minimum
4.939752578735352,0.1400012969970703,True,False,family-00339-minimum,family-00339,0.9920945763587952,0.046137973775891114,0.5,2,0.4583133694678193,10.778111457824707,22,minimum
6.905875205993652,0.060519903898239136,True,False,family-00339-minimum,family-00339,0.9852943420410156,0.07664785726683271,0.5,3,0.6056248833822497,11.402892112731934,22,minimum
5.368129730224609,-0.010607533156871796,True,False,family-00339-sum_mod_10,family-00339,0.982772707939148,0.08704256186225215,0.0,0,0.5348400993155075,10.036887168884277,22,sum_mod_10
6.526278495788574,-0.0028516575694084167,True,False,family-00339-sum_mod_10,family-00339,0.9788731336593628,0.10239286073403626,0.0,1,0.6600068013511657,9.888198852539062,22,sum_mod_10
6.764013290405273,-0.008854169398546219,True,False,family-00339-sum_mod_10,family-00339,0.9958484172821045,0.0269113353975579,0.0,2,0.5600240098882081,12.07807731628418,22,sum_mod_10
7.989445209503174,0.012523652985692024,True,True,family-00339-sum_mod_10,family-00339,0.9957143664360046,0.02764379787661396,0.0,3,0.5033438936404496,15.872736930847168,22,sum_mod_10
5.411455154418945,0.04982294142246246,False,False,family-00340-maximum,family-00340,0.9811977744102478,0.09334025401164116,0.5,0,0.46554272728398965,11.623970985412598,22,maximum
6.228191375732422,0.19047537446022034,False,False,family-00340-maximum,family-00340,0.9825835824012756,0.08780631085459864,0.5,1,0.5871210684154021,10.60801887512207,22,maximum
7.134907245635986,0.2246863842010498,False,False,family-00340-maximum,family-00340,0.986466109752655,0.07167224367741351,0.5,2,0.6728937545431504,10.60331916809082,22,maximum
5.4981489181518555,0.03721277415752411,False,False,family-00340-maximum,family-00340,0.9863514304161072,0.07216360439161078,0.5,3,0.4148748771525779,13.252547264099121,22,maximum
7.704483985900879,0.49808135628700256,False,False,family-00340-minimum,family-00340,0.9854902029037476,0.07582298990432208,0.0,0,0.7438980236290845,10.356908798217773,22,minimum
5.072147369384766,0.02214139699935913,False,False,family-00340-minimum,family-00340,0.9709712266921997,0.13134970847111077,0.0,1,0.4636605556134323,10.93935489654541,22,minimum
8.12086296081543,0.5061770081520081,False,False,family-00340-minimum,family-00340,0.9847212433815002,0.07904637824527228,0.0,2,0.676853048267898,11.997970581054688,22,minimum
6.507530212402344,0.06006121635437012,False,False,family-00340-minimum,family-00340,0.9840017557144165,0.08202674477603425,0.0,3,0.42290191715320924,15.387800216674805,22,minimum
6.507676601409912,-0.07030463218688965,True,False,family-00340-sum_mod_10,family-00340,0.9785834550857544,0.10350200638340856,1.0,0,0.6867865969499471,9.475543975830078,22,sum_mod_10
9.848834991455078,-0.03138691559433937,True,False,family-00340-sum_mod_10,family-00340,0.9757313132286072,0.11421656161196607,1.0,1,1.0719995100499449,9.187350273132324,22,sum_mod_10
7.843271255493164,0.0030368268489837646,True,False,family-00340-sum_mod_10,family-00340,0.9978588223457336,0.015299416521442679,1.0,2,0.5315335111862082,14.755929946899414,22,sum_mod_10
6.188483238220215,-0.010762963443994522,True,True,family-00340-sum_mod_10,family-00340,0.9978491067886353,0.015359089333589907,1.0,3,0.35788018684282047,17.29205322265625,22,sum_mod_10
7.885660171508789,0.8908847570419312,False,False,family-00341-maximum,family-00341,0.9762558341026306,0.11227313082786758,0.0,0,0.8443163262055281,9.339698791503906,22,maximum
4.812331199645996,0.025210678577423096,False,False,family-00341-maximum,family-00341,0.9832900762557983,0.08494240102997332,0.0,1,0.44027590103698466,10.930262565612793,22,maximum
14.72760009765625,0.81772381067276,False,False,family-00341-maximum,family-00341,0.9927876591682434,0.04275725801009954,0.0,2,1.2482163843369658,11.79891586303711,22,maximum
4.803053855895996,0.008784055709838867,False,False,family-00341-maximum,family-00341,0.9558532238006592,0.18090597495811914,0.0,3,0.2513780613255882,19.10689353942871,22,maximum
6.19113302230835,0.42772579193115234,False,False,family-00341-minimum,family-00341,0.9860592484474182,0.07341110501473799,1.0,0,0.5755611631207761,10.75669002532959,22,minimum
5.904137134552002,0.4215165376663208,False,False,family-00341-minimum,family-00341,0.9807085394859314,0.09526864725249924,1.0,1,0.5887002343033848,10.029106140136719,22,minimum
7.844826698303223,-0.04824686050415039,False,False,family-00341-minimum,family-00341,0.9939385652542114,0.03699155358387924,1.0,2,0.6806056324172236,11.526244163513184,22,minimum
9.516358375549316,0.06460440158843994,False,False,family-00341-minimum,family-00341,0.978358268737793,0.10436144996139912,1.0,3,0.7223749255898356,13.173710823059082,22,minimum
5.563600540161133,0.10314685106277466,True,False,family-00341-sum_mod_10,family-00341,0.982772707939148,0.08704256186225215,0.5,0,0.5543153416538402,10.036887168884277,22,sum_mod_10
8.471969604492188,-0.0862157940864563,True,False,family-00341-sum_mod_10,family-00341,0.9812524914741516,0.09312377781296205,0.5,1,0.8613972791358396,9.835147857666016,22,sum_mod_10
7.422927379608154,0.2786175608634949,True,False,family-00341-sum_mod_10,family-00341,0.9979314804077148,0.014851737191992566,0.5,2,0.5442265410567996,13.63940715789795,22,sum_mod_10
8.592177391052246,0.29235512018203735,True,True,family-00341-sum_mod_10,family-00341,0.9950762391090393,0.031074921965604893,0.5,3,0.5773152375821858,14.882990837097168,22,sum_mod_10
5.266596794128418,0.6874331831932068,True,False,family-00342-maximum,family-00342,0.9841822981834412,0.08128202436052231,1.0,0,0.48240881413828984,10.917289733886719,22,maximum
8.364755630493164,0.7541077733039856,True,False,family-00342-maximum,family-00342,0.9760417938232422,0.11306760220997385,1.0,1,0.9616302061548802,8.698515892028809,22,maximum
11.45020866394043,0.6877672076225281,True,False,family-00342-maximum,family-00342,0.9715434312820435,0.129335419492389,1.0,2,1.0787118974513323,10.614705085754395,22,maximum
4.625675201416016,0.06630545854568481,True,False,family-00342-maximum,family-00342,0.9447728395462036,0.21362771219687976,1.0,3,0.2887787287494506,16.0180606842041,22,maximum
5.610559940338135,0.04289746284484863,False,False,family-00342-minimum,family-00342,0.9849590063095093,0.07805399443924273,0.5,0,0.5401211584491373,10.387595176696777,22,minimum
6.58157205581665,0.3735768795013428,False,False,family-00342-minimum,family-00342,0.9711361527442932,0.13077033308515268,0.5,1,0.6758441541399146,9.738298416137695,22,minimum
7.464864730834961,-0.023587942123413086,False,False,family-00342-minimum,family-00342,0.9861461520195007,0.073040716117861,0.5,2,0.6990770816926224,10.678171157836914,22,minimum
8.840292930603027,-0.002543926239013672,False,False,family-00342-minimum,family-00342,0.9612745046615601,0.1638723339837491,0.5,3,0.690951091329583,12.79438304901123,22,minimum
5.992416858673096,-0.027693595737218857,True,False,family-00342-sum_mod_10,family-00342,0.979945957660675,0.09824936191407257,0.0,0,0.6216050407399069,9.64023208618164,22,sum_mod_10
5.861923694610596,0.003806294873356819,True,False,family-00342-sum_mod_10,family-00342,0.971977710723877,0.12779876507148283,0.0,1,0.5992338620364781,9.782363891601562,22,sum_mod_10
6.212958812713623,0.0017897728830575943,True,False,family-00342-sum_mod_10,family-00342,0.9902383089065552,0.05490358530197105,0.0,2,0.5232569178684416,11.873629570007324,22,sum_mod_10
8.717556953430176,-0.006146065890789032,True,True,family-00342-sum_mod_10,family-00342,0.992993175983429,0.04174216697059815,0.0,3,0.5850627131256128,14.900209426879883,22,sum_mod_10
6.039337158203125,0.19895952939987183,True,False,family-00343-maximum,family-00343,0.9843690395355225,0.08050953092059977,0.5,0,0.5028098084016912,12.011176109313965,22,maximum
5.473127365112305,0.0804409384727478,True,False,family-00343-maximum,family-00343,0.9742119908332825,0.11978116006972886,0.5,1,0.5502009641524129,9.947505950927734,22,maximum
9.632613182067871,0.03219860792160034,True,False,family-00343-maximum,family-00343,0.9756665229797363,0.11445580825395903,0.5,2,0.9075968995591556,10.613316535949707,22,maximum
8.857813835144043,0.06322968006134033,True,False,family-00343-maximum,family-00343,0.9795694947242737,0.09970986739960945,0.5,3,0.5581583191426417,15.869715690612793,22,maximum
9.572039604187012,0.48846423625946045,True,False,family-00343-minimum,family-00343,0.9904969930648804,0.05370510698583101,0.0,0,0.8585768067838186,11.148728370666504,22,minimum
4.1192545890808105,0.042557477951049805,True,False,family-00343-minimum,family-00343,0.9641373157501221,0.15456488173241495,0.0,1,0.3806062487481946,10.822876930236816,22,minimum
10.057558059692383,0.7456406354904175,True,False,family-00343-minimum,family-00343,0.9817368984222412,0.0912001747158111,0.0,2,0.9795507750312179,10.267520904541016,22,minimum
6.137279033660889,0.16860294342041016,True,False,family-00343-minimum,family-00343,0.9878169894218445,0.06580770703801582,0.0,3,0.4088912156421868,15.009564399719238,22,minimum
5.73187780380249,0.02520585060119629,False,False,family-00343-sum_mod_10,family-00343,0.9762558341026306,0.11227313082786758,1.0,0,0.613711205442368,9.339698791503906,22,sum_mod_10
5.817753314971924,0.017233051359653473,False,False,family-00343-sum_mod_10,family-00343,0.977323055267334,0.10828198831576219,1.0,1,0.6392318621485884,9.101162910461426,22,sum_mod_10
10.812760353088379,-0.15717965364456177,False,False,family-00343-sum_mod_10,family-00343,0.9949295520782471,0.03185147180088378,1.0,2,0.9538971085175231,11.335352897644043,22,sum_mod_10
6.583677768707275,-0.009624414145946503,False,True,family-00343-sum_mod_10,family-00343,0.9982430934906006,0.012901529718871206,1.0,3,0.3426447161187815,19.214298248291016,22,sum_mod_10
8.035747528076172,0.8832259178161621,True,False,family-00344-maximum,family-00344,0.9817765355110168,0.09104219924456712,0.0,0,0.7572866927954386,10.611235618591309,22,maximum
5.143757343292236,0.09665101766586304,True,False,family-00344-maximum,family-00344,0.9857103228569031,0.07489275183471761,0.0,1,0.44968594805119877,11.438554763793945,22,maximum
9.987523078918457,0.007321178913116455,True,False,family-00344-maximum,family-00344,0.9806059002876282,0.09567159898642133,0.0,2,0.7874280264601421,12.683728218078613,22,maximum
8.8797025680542,0.12830424308776855,True,False,family-00344-maximum,family-00344,0.985098123550415,0.07747157591154001,0.0,3,0.48797959457054324,18.19687271118164,22,maximum
6.251556873321533,0.06786155700683594,False,False,family-00344-minimum,family-00344,0.9766762852668762,0.11070673596374134,1.0,0,0.6425808365958716,9.728825569152832,22,minimum
4.634411334991455,0.46187666058540344,False,False,family-00344-minimum,family-00344,0.9750975370407104,0.1165493207801508,1.0,1,0.5106697689511914,9.075162887573242,22,minimum
10.493725776672363,0.6446787118911743,False,False,family-00344-minimum,family-00344,0.9802215099334717,0.09717578017213617,1.0,2,1.0748431297027268,9.763030052185059,22,minimum
5.728816986083984,0.10863780975341797,False,False,family-00344-minimum,family-00344,0.989820122718811,0.056826467499913186,1.0,3,0.37622389727899513,15.227148056030273,22,minimum
5.249259948730469,-0.02764752507209778,True,False,family-00344-sum_mod_10,family-00344,0.9770811200141907,0.10919118806087284,0.5,0,0.5590178547579833,9.39014720916748,22,sum_mod_10
6.943260669708252,-0.2182154357433319,True,False,family-00344-sum_mod_10,family-00344,0.9800562262535095,0.09782021008315515,0.5,1,0.727276119101069,9.5469388961792,22,sum_mod_10
7.382535934448242,0.142037495970726,True,False,family-00344-sum_mod_10,family-00344,0.9966493248939514,0.022439190456901834,0.5,2,0.5804843459730644,12.717889785766602,22,sum_mod_10
7.7067389488220215,-0.05098047852516174,True,True,family-00344-sum_mod_10,family-00344,0.9956660270690918,0.027906887256947278,0.5,3,0.44917776655233466,17.15743637084961,22,sum_mod_10
6.091293811798096,-0.018453478813171387,False,False,family-00345-maximum,family-00345,0.9766762852668762,0.11070673596374134,1.0,0,0.6261078244749037,9.728825569152832,22,maximum
7.257662296295166,0.18296180665493011,False,False,family-00345-maximum,family-00345,0.9835203289985657,0.08400252314230916,1.0,1,0.7428427953855609,9.770118713378906,22,maximum
5.463133335113525,0.13515058159828186,False,False,family-00345-maximum,family-00345,0.9789015650749207,0.10228378235079766,1.0,2,0.5750925306474515,9.49957275390625,22,maximum
8.159585952758789,0.3048420548439026,False,False,family-00345-maximum,family-00345,0.9692907929420471,0.13719886495347933,1.0,3,0.7438361234174148,10.96960163116455,22,maximum
6.675053596496582,0.5289851427078247,False,False,family-00345-minimum,family-00345,0.9811977744102478,0.09334025401164116,0.5,0,0.5742489898566835,11.623970985412598,22,minimum
6.818272590637207,0.8087548017501831,False,False,family-00345-minimum,family-00345,0.9848774671554565,0.07839475256234826,0.5,1,0.6696116436656192,10.182428359985352,22,minimum
7.56717586517334,0.5135509967803955,False,False,family-00345-minimum,family-00345,0.9886772632598877,0.06199492321994068,0.5,2,0.6755394177941891,11.201679229736328,22,minimum
6.907407760620117,0.09893244504928589,False,False,family-00345-minimum,family-00345,0.9888895750045776,0.06104395829433666,0.5,3,0.5083166905012936,13.588788032531738,22,minimum
5.451988697052002,0.2740669846534729,False,False,family-00345-sum_mod_10,family-00345,0.9854902029037476,0.07582298990432208,0.0,0,0.5264108049295737,10.356908798217773,22,sum_mod_10
6.378183364868164,0.1305898278951645,False,False,family-00345-sum_mod_10,family-00345,0.9779008030891418,0.10610005880797765,0.0,1,0.7351210480295587,8.676371574401855,22,sum_mod_10
5.748406410217285,0.16597184538841248,False,False,family-00345-sum_mod_10,family-00345,0.9936337471008301,0.03853845774935657,0.0,2,0.5283682170919767,10.879546165466309,22,sum_mod_10
7.329367637634277,0.0502377450466156,False,True,family-00345-sum_mod_10,family-00345,0.9943148493766785,0.03506060633096335,0.0,3,0.5101000540671349,14.368490219116211,22,sum_mod_10
5.596536159515381,0.040303051471710205,False,False,family-00346-maximum,family-00346,0.9811977744102478,0.09334025401164116,0.5,0,0.481465083364257,11.623970985412598,22,maximum
6.682656288146973,0.3542744517326355,False,False,family-00346-maximum,family-00346,0.9836989641189575,0.08327109429840363,0.5,1,0.6013834455809093,11.112138748168945,22,maximum
14.840326309204102,0.38076502084732056,False,False,family-00346-maximum,family-00346,0.9851503968238831,0.07725239216192534,0.5,2,1.2794637128810682,11.598864555358887,22,maximum
5.356659412384033,0.026959121227264404,False,False,family-00346-maximum,family-00346,0.962957501411438,0.15842836397575305,0.5,3,0.262941091161165,20.372089385986328,22,maximum
7.185716152191162,0.42627131938934326,False,False,family-00346-minimum,family-00346,0.9854902029037476,0.07582298990432208,0.0,0,0.6938089629048088,10.356908798217773,22,minimum
4.658697128295898,0.03701561689376831,False,False,family-00346-minimum,family-00346,0.9759787917137146,0.11330107848598825,0.0,1,0.45492425205440057,10.240599632263184,22,minimum
8.657551765441895,0.46254128217697144,False,False,family-00346-minimum,family-00346,0.9885237812995911,0.06267987182098006,0.0,2,0.8001589546821383,10.81978988647461,22,minimum
7.243062973022461,0.02757936716079712,False,False,family-00346-minimum,family-00346,0.984718918800354,0.07905606202712215,0.0,3,0.4512692445494944,16.050424575805664,22,minimum
6.246090888977051,0.054339729249477386,True,False,family-00346-sum_mod_10,family-00346,0.9817765355110168,0.09104219924456712,1.0,0,0.5886299309039609,10.611235618591309,22,sum_mod_10
9.943739891052246,0.06094086170196533,True,False,family-00346-sum_mod_10,family-00346,0.9856261610984802,0.07524882705070002,1.0,1,0.9557624357994609,10.403986930847168,22,sum_mod_10
9.237991333007812,0.13994401693344116,True,False,family-00346-sum_mod_10,family-00346,0.9976000189781189,0.01687449095721479,1.0,2,0.6242848595291783,14.797718048095703,22,sum_mod_10
7.952188491821289,-0.0738484114408493,True,True,family-00346-sum_mod_10,family-00346,0.9987010955810547,0.009930883350765937,1.0,3,0.4063604811993668,19.56929588317871,22,sum_mod_10
9.09732723236084,0.3272845447063446,True,False,family-00347-maximum,family-00347,0.9785834550857544,0.10350200638340856,0.0,0,0.9600849571872621,9.475543975830078,22,maximum
4.479862689971924,0.1246786117553711,True,False,family-00347-maximum,family-00347,0.984975278377533,0.07798593862984976,0.0,1,0.3814496784357034,11.744308471679688,22,maximum
7.613739967346191,0.3701227903366089,True,False,family-00347-maximum,family-00347,0.9922558069229126,0.04535719572126305,0.0,2,0.607328440575787,12.536445617675781,22,maximum
4.613677978515625,0.12895947694778442,True,False,family-00347-maximum,family-00347,0.9830710291862488,0.08583354234839383,0.0,3,0.29834073975404024,15.464458465576172,22,maximum
7.284655570983887,0.4429618716239929,True,False,family-00347-minimum,family-00347,0.9799317717552185,0.09830452672735139,1.0,0,0.7403694250563163,9.839217185974121,22,minimum
6.059957981109619,0.09766829013824463,True,False,family-00347-minimum,family-00347,0.9637835025787354,0.15572766613100583,1.0,1,0.61838711827822,9.7996187210083,22,minimum
9.890876770019531,0.6529631614685059,True,False,family-00347-minimum,family-00347,0.9888535737991333,0.06120549794264285,1.0,2,0.7911753734332054,12.501497268676758,22,minimum
6.120265960693359,0.21573299169540405,True,False,family-00347-minimum,family-00347,0.9905403852462769,0.05350338076888202,1.0,3,0.3915464634570447,15.63100814819336,22,minimum
5.143749237060547,-0.0020409170538187027,True,False,family-00347-sum_mod_10,family-00347,0.9770811200141907,0.10919118806087284,0.5,0,0.5477815333969174,9.39014720916748,22,sum_mod_10
8.703378677368164,-0.013774922117590904,True,False,family-00347-sum_mod_10,family-00347,0.9819918274879456,0.09018260431690212,0.5,1,0.8936386263147557,9.739259719848633,22,sum_mod_10
10.106411933898926,-0.007573539856821299,True,False,family-00347-sum_mod_10,family-00347,0.9982155561447144,0.01307596867625207,0.5,2,0.7026448552529881,14.38338565826416,22,sum_mod_10
7.439634799957275,-0.0006789141334593296,True,True,family-00347-sum_mod_10,family-00347,0.9985333681106567,0.01103501616093352,0.5,3,0.35233038712330766,21.115507125854492,22,sum_mod_10
5.817571640014648,0.018280386924743652,True,False,family-00348-maximum,family-00348,0.9849991202354431,0.07788619084013847,1.0,0,0.5561316679739964,10.46078109741211,22,maximum
8.246685981750488,0.42734143137931824,True,False,family-00348-maximum,family-00348,0.9752241373062134,0.1160846747712893,1.0,1,0.8720245397411924,9.456942558288574,22,maximum
14.552631378173828,0.7812718152999878,True,False,family-00348-maximum,family-00348,0.9809669256210327,0.09425177598168925,1.0,2,1.2275373402614862,11.855143547058105,22,maximum
5.602051734924316,0.02461695671081543,True,False,family-00348-maximum,family-00348,0.9467543363571167,0.2079632160281136,1.0,3,0.2789238763039797,20.084518432617188,22,maximum
5.28598690032959,0.3913900852203369,False,False,family-00348-minimum,family-00348,0.9811977744102478,0.09334025401164116,0.5,0,0.45474880374040794,11.623970985412598,22,minimum
6.606748580932617,0.7367229461669922,False,False,family-00348-minimum,family-00348,0.9814735054969788,0.09224772257416289,0.5,1,0.6353734955494273,10.398212432861328,22,minimum
6.636378288269043,0.37826281785964966,False,False,family-00348-minimum,family-00348,0.9873055219650269,0.06804511776061879,0.5,2,0.6155512891664164,10.781194686889648,22,minimum
7.663133144378662,-0.052029550075531006,False,False,family-00348-minimum,family-00348,0.9893755912780762,0.05885146953665418,0.5,3,0.5917082628710751,12.9508638381958,22,minimum
5.330226421356201,-0.061075080186128616,False,False,family-00348-sum_mod_10,family-00348,0.9854902029037476,0.07582298990432208,0.0,0,0.5146541815906915,10.356908798217773,22,sum_mod_10
6.665852069854736,0.0055546835064888,False,False,family-00348-sum_mod_10,family-00348,0.9771450161933899,0.10895131946481104,0.0,1,0.8073559326458416,8.25639820098877,22,sum_mod_10
6.162338733673096,0.016210360452532768,False,False,family-00348-sum_mod_10,family-00348,0.9940558671951294,0.036392196150471304,0.0,2,0.5831724761471385,10.566923141479492,22,sum_mod_10
7.669196128845215,0.0006618723273277283,False,True,family-00348-sum_mod_10,family-00348,0.9946295022964478,0.03342675440809239,0.0,3,0.5313933862008542,14.432238578796387,22,sum_mod_10
5.810116291046143,0.03622215986251831,False,False,family-00349-maximum,family-00349,0.9764084219932556,0.11170555178125699,0.5,0,0.6092913313064121,9.535859107971191,22,maximum
7.045517921447754,0.35502564907073975,False,False,family-00349-maximum,family-00349,0.9579131007194519,0.17452063947228497,0.5,1,0.8559508991772387,8.231217384338379,22,maximum
14.872299194335938,0.7915482521057129,False,False,family-00349-maximum,family-00349,0.9773428440093994,0.10820750517129765,0.5,2,1.7274656625078662,8.6093168258667,22,maximum
4.799887657165527,0.034162044525146484,False,False,family-00349-maximum,family-00349,0.9233220815658569,0.2705797534465612,0.5,3,0.24746336440633881,19.3963565826416,22,maximum
5.510387897491455,0.18093222379684448,True,False,family-00349-minimum,family-00349,0.9843690395355225,0.08050953092059977,0.0,0,0.45877171788518456,12.011176109313965,22,minimum
4.5199127197265625,0.08763150125741959,True,False,family-00349-minimum,family-00349,0.9753785729408264,0.11551696941634826,0.0,1,0.41632561203388846,10.856677055358887,22,minimum
6.864718437194824,-0.08093863725662231,True,False,family-00349-minimum,family-00349,0.9915655851364136,0.04867674415913338,0.0,2,0.660573688200087,10.39205551147461,22,minimum
8.412859916687012,-0.007912829518318176,True,False,family-00349-minimum,family-00349,0.9768088459968567,0.11021127702752118,0.0,3,0.665732211453779,12.637002944946289,22,minimum
5.802480697631836,0.16607695817947388,False,False,family-00349-sum_mod_10,family-00349,0.9810644388198853,0.09386708872464626,1.0,0,0.5205536106713994,11.146749496459961,22,sum_mod_10
5.413879871368408,0.07622957229614258,False,False,family-00349-sum_mod_10,family-00349,0.978343665599823,0.10441710117242385,1.0,1,0.5169715417539387,10.472297668457031,22,sum_mod_10
9.799543380737305,-0.0007103085517883301,False,False,family-00349-sum_mod_10,family-00349,0.9941919445991516,0.03569398408925669,1.0,2,0.9506936813485469,10.307782173156738,22,sum_mod_10
9.692455291748047,0.38692328333854675,False,True,family-00349-sum_mod_10,family-00349,0.9945423603057861,0.03388105492129303,1.0,3,0.6055660753972747,16.005611419677734,22,sum_mod_10
8.730250358581543,0.5051785707473755,True,False,family-00350-maximum,family-00350,0.9751826524734497,0.11623700456416461,0.0,0,0.8865463180459497,9.84748363494873,22,maximum
3.63909649848938,0.3674619197845459,True,False,family-00350-maximum,family-00350,0.9725643992424011,0.1257118104883626,0.0,1,0.2943982146944769,12.361136436462402,22,maximum
10.063446998596191,0.5161256194114685,True,False,family-00350-maximum,family-00350,0.9801998138427734,0.09726045186174433,0.0,2,0.8014168862996629,12.557068824768066,22,maximum
4.8038763999938965,-0.1093335747718811,True,False,family-00350-maximum,family-00350,0.9545938372612,0.1847600699190325,0.0,3,0.28414491170248013,16.906431198120117,22,maximum
5.2916646003723145,0.13792258501052856,True,False,family-00350-minimum,family-00350,0.9785834550857544,0.10350200638340856,1.0,0,0.558454967215616,9.475543975830078,22,minimum
4.791518211364746,0.23863887786865234,True,False,family-00350-minimum,family-00350,0.9744567275047302,0.1188911494298088,1.0,1,0.5384263965592294,8.899114608764648,22,minimum
9.811135292053223,0.6420305967330933,True,False,family-00350-minimum,family-00350,0.9882668852806091,0.06382169649041666,1.0,2,0.9987105140430972,9.823802947998047,22,minimum
5.499104976654053,0.055185794830322266,True,False,family-00350-minimum,family-00350,0.9821303486824036,0.08962814777666038,1.0,3,0.3680429815733077,14.941474914550781,22,minimum
5.2447896003723145,-0.005118672735989094,False,False,family-00350-sum_mod_10,family-00350,0.9854902029037476,0.07582298990432208,0.5,0,0.5064049227965436,10.356908798217773,22,sum_mod_10
12.165404319763184,0.0033409884199500084,False,False,family-00350-sum_mod_10,family-00350,0.9847903847694397,0.07875818336212093,0.5,1,1.2228729034216779,9.948216438293457,22,sum_mod_10
7.654761791229248,-0.0013149389997124672,False,False,family-00350-sum_mod_10,family-00350,0.9989036321640015,0.0085683384570104,0.5,2,0.44432937238430725,17.22767448425293,22,sum_mod_10
7.747313976287842,-0.006782996468245983,False,True,family-00350-sum_mod_10,family-00350,0.9988327622413635,0.009049047334750388,0.5,3,0.3733897900763359,20.74859619140625,22,sum_mod_10
5.100133895874023,-0.011660754680633545,True,False,family-00351-maximum,family-00351,0.9799317717552185,0.09830452672735139,1.0,0,0.5183475269906942,9.839217185974121,22,maximum
7.084618091583252,0.4995293915271759,True,False,family-00351-maximum,family-00351,0.9700130820274353,0.13469669082038396,1.0,1,0.7171876783010764,9.878332138061523,22,maximum
14.433908462524414,0.7595458626747131,True,False,family-00351-maximum,family-00351,0.9772859215736389,0.10842170871001997,1.0,2,1.2578841900977125,11.474751472473145,22,maximum
4.853221893310547,0.032314419746398926,True,False,family-00351-maximum,family-00351,0.9299182295799255,0.25385041025959015,1.0,3,0.23475181904829825,20.67384147644043,22,maximum
6.7166948318481445,-0.00889652967453003,True,False,family-00351-minimum,family-00351,0.9849991202354431,0.07788619084013847,0.5,0,0.6420834896841294,10.46078109741211,22,minimum
6.410974979400635,0.27950620651245117,True,False,family-00351-minimum,family-00351,0.9740813970565796,0.1202551011414269,0.5,1,0.6283093777569289,10.203532218933105,22,minimum
9.556522369384766,0.6149657368659973,True,False,family-00351-minimum,family-00351,0.9881166219711304,0.06448692499023892,0.5,2,0.7983723966476891,11.970005989074707,22,minimum
5.546540260314941,-0.011772453784942627,True,False,family-00351-minimum,family-00351,0.9857021570205688,0.0749273221911745,0.5,3,0.3332989297012878,16.641338348388672,22,minimum
6.0776519775390625,-0.04982338845729828,True,False,family-00351-sum_mod_10,family-00351,0.9751826524734497,0.11623700456416461,0.0,0,0.6171781749369422,9.84748363494873,22,sum_mod_10
3.9023921489715576,0.0029083117842674255,True,False,family-00351-sum_mod_10,family-00351,0.9686546921730042,0.13938793443489533,0.0,1,0.3878323137457841,10.062060356140137,22,sum_mod_10
7.703838348388672,0.010478764772415161,True,False,family-00351-sum_mod_10,family-00351,0.990227460861206,0.054953691545414005,0.0,2,0.7142808510578096,10.785447120666504,22,sum_mod_10
6.794904708862305,-0.009526774287223816,True,True,family-00351-sum_mod_10,family-00351,0.9914222359657288,0.04935886292039966,0.0,3,0.4539757975539631,14.967548370361328,22,sum_mod_10
6.3822503089904785,-0.04147148132324219,False,False,family-00352-maximum,family-00352,0.9811977744102478,0.09334025401164116,0.5,0,0.5490593805679512,11.623970985412598,22,maximum
6.159836292266846,0.4315637946128845,False,False,family-00352-maximum,family-00352,0.9773085713386536,0.10833649339327053,0.5,1,0.5348329363454181,11.517309188842773,22,maximum
10.751056671142578,0.5944206118583679,False,False,family-00352-maximum,family-00352,0.9727081656455994,0.1251984503658316,0.5,2,0.9550684974214769,11.256843566894531,22,maximum
5.216141700744629,0.1498968005180359,False,False,family-00352-maximum,family-00352,0.9416826367378235,0.22231236541502222,0.5,3,0.3092439820769785,16.867399215698242,22,maximum
6.526693344116211,0.5804063677787781,False,False,family-00352-minimum,family-00352,0.9810644388198853,0.09386708872464626,0.0,0,0.5855243581269132,11.146749496459961,22,minimum
5.7473015785217285,0.35142281651496887,False,False,family-00352-minimum,family-00352,0.9676418304443359,0.14284618404802008,0.0,1,0.5034111603483433,11.416714668273926,22,minimum
9.2131929397583,0.5561283826828003,False,False,family-00352-minimum,family-00352,0.9836698770523071,0.08339032756057975,0.0,2,0.7883037813923669,11.687363624572754,22,minimum
9.146468162536621,-0.022826194763183594,False,False,family-00352-minimum,family-00352,0.983041524887085,0.0859533524934723,0.0,3,0.5799829248298228,15.77023696899414,22,minimum
6.090106010437012,0.030481720343232155,False,False,family-00352-sum_mod_10,family-00352,0.9810644388198853,0.09386708872464626,1.0,0,0.5463571252203288,11.146749496459961,22,sum_mod_10
4.691774368286133,0.01384405791759491,False,False,family-00352-sum_mod_10,family-00352,0.9745761752128601,0.11845589282451009,1.0,1,0.4485515907333098,10.459832191467285,22,sum_mod_10
8.891154289245605,0.03136223554611206,False,False,family-00352-sum_mod_10,family-00352,0.989732563495636,0.05722685636477248,1.0,2,0.88525167197992,10.043645858764648,22,sum_mod_10
7.302100658416748,-0.09129182249307632,False,True,family-00352-sum_mod_10,family-00352,0.9927093982696533,0.04314224511563006,1.0,3,0.501375723925646,14.564128875732422,22,sum_mod_10
8.26498794555664,0.9179431200027466,True,False,family-00353-maximum,family-00353,0.9817765355110168,0.09104219924456712,0.0,0,0.778890248283249,10.611235618591309,22,maximum
5.130993843078613,0.049771130084991455,True,False,family-00353-maximum,family-00353,0.9819033145904541,0.09053632475127249,0.0,1,0.4821615695262935,10.641648292541504,22,maximum
9.94914436340332,0.016913890838623047,True,False,family-00353-maximum,family-00353,0.9736565351486206,0.12179232125429808,0.0,2,0.8380774345871704,11.871390342712402,22,maximum
9.240516662597656,0.062444210052490234,True,False,family-00353-maximum,family-00353,0.9885489344596863,0.06256776305074485,0.0,3,0.5122047274479999,18.04067039489746,22,maximum
7.197521686553955,0.04539535939693451,False,False,family-00353-minimum,family-00353,0.9860592484474182,0.07341110501473799,1.0,0,0.669120488701023,10.75669002532959,22,minimum
4.491636753082275,-0.012640625238418579,False,False,family-00353-minimum,family-00353,0.9751093983650208,0.11650581563613158,1.0,1,0.48600370099058715,9.24198055267334,22,minimum
6.615880012512207,-0.03188689053058624,False,False,family-00353-minimum,family-00353,0.9848300218582153,0.07859282435284529,1.0,2,0.7212207596297445,9.173169136047363,22,minimum
5.955456733703613,-0.12593607604503632,False,False,family-00353-minimum,family-00353,0.9870168566703796,0.0692986126625043,1.0,3,0.5012142795226675,11.882057189941406,22,minimum
6.028881549835205,-0.0029856637120246887,False,False,family-00353-sum_mod_10,family-00353,0.9854902029037476,0.07582298990432208,0.5,0,0.5821120632898361,10.356908798217773,22,sum_mod_10
9.197713851928711,-0.034489378333091736,False,False,family-00353-sum_mod_10,family-00353,0.9782127737998962,0.10491546910406033,0.5,1,0.9711162331592752,9.471280097961426,22,sum_mod_10
7.78562593460083,0.053013041615486145,False,False,family-00353-sum_mod_10,family-00353,0.9967054724693298,0.022118942034382957,0.5,2,0.5279905495115851,14.745767593383789,22,sum_mod_10
7.1930036544799805,0.024507440626621246,False,True,family-00353-sum_mod_10,family-00353,0.997536301612854,0.017257859294586224,0.5,3,0.3877141011573319,18.552339553833008,22,sum_mod_10
5.136404991149902,-0.08149117231369019,True,False,family-00354-maximum,family-00354,0.9849991202354431,0.07788619084013847,1.0,0,0.4910154359716596,10.46078109741211,22,maximum
8.486451148986816,0.14573419094085693,True,False,family-00354-maximum,family-00354,0.9768922328948975,0.10989921300866222,1.0,1,0.8644388382561797,9.81729507446289,22,maximum
14.928153991699219,0.5615472197532654,True,False,family-00354-maximum,family-00354,0.9713243842124939,0.13010790108645628,1.0,2,1.1943465388733823,12.499013900756836,22,maximum
5.397783279418945,0.0945621132850647,True,False,family-00354-maximum,family-00354,0.8681122660636902,0.38995952110262566,1.0,3,0.2545841681180849,21.20235252380371,22,maximum
5.534698009490967,0.0683402419090271,False,False,family-00354-minimum,family-00354,0.9849590063095093,0.07805399443924273,0.5,0,0.5328180310595222,10.387595176696777,22,minimum
6.517119884490967,0.19886022806167603,False,False,family-00354-minimum,family-00354,0.9704263806343079,0.1332568888524757,0.5,1,0.6851400203265258,9.512099266052246,22,minimum
9.927172660827637,0.38149863481521606,False,False,family-00354-minimum,family-00354,0.9865386486053467,0.07136093205594116,0.5,2,0.968712220005191,10.247803688049316,22,minimum
5.406733512878418,0.037198007106781006,False,False,family-00354-minimum,family-00354,0.9826703667640686,0.0874561088851969,0.5,3,0.33974685152464085,15.914006233215332,22,minimum
5.338578701019287,0.0017416030168533325,True,False,family-00354-sum_mod_10,family-00354,0.982772707939148,0.08704256186225215,0.0,0,0.531895856871801,10.036887168884277,22,sum_mod_10
6.178651809692383,0.008634611964225769,True,False,family-00354-sum_mod_10,family-00354,0.9791961312294006,0.10115135336225411,0.0,1,0.6210760029836407,9.948302268981934,22,sum_mod_10
8.42418098449707,0.000672169029712677,True,False,family-00354-sum_mod_10,family-00354,0.9955381155014038,0.028600455654460528,0.0,2,0.703381999336065,11.976679801940918,22,sum_mod_10
6.834181785583496,0.008734280243515968,True,True,family-00354-sum_mod_10,family-00354,0.9954041242599487,0.02932304065902476,0.0,3,0.430662734737834,15.868988037109375,22,sum_mod_10
6.334653377532959,0.13954520225524902,False,False,family-00355-maximum,family-00355,0.9764084219932556,0.11170555178125699,0.5,0,0.6642981304366915,9.535859107971191,22,maximum
7.201101779937744,0.2880542278289795,False,False,family-00355-maximum,family-00355,0.9658064842224121,0.14902984748701695,0.5,1,0.8827246417676886,8.157812118530273,22,maximum
10.77863883972168,0.7100887298583984,False,False,family-00355-maximum,family-00355,0.9712745547294617,0.13028338654113933,0.5,2,1.2367711474465533,8.715144157409668,22,maximum
4.651711940765381,0.10177916288375854,False,False,family-00355-maximum,family-00355,0.9085488319396973,0.3058825015092961,0.5,3,0.32823996822629,14.171680450439453,22,maximum
7.348235130310059,0.23981046676635742,False,False,family-00355-minimum,family-00355,0.9762558341026306,0.11227313082786758,0.0,0,0.7867743162118426,9.339698791503906,22,minimum
4.504016399383545,-0.11677688360214233,False,False,family-00355-minimum,family-00355,0.9789761900901794,0.10199729386293152,0.0,1,0.40164859668874026,11.213823318481445,22,minimum
6.077819347381592,-0.04429811239242554,False,False,family-00355-minimum,family-00355,0.9924881458282471,0.044226098396652036,0.0,2,0.5116604662596862,11.878618240356445,22,minimum
8.102858543395996,0.3826882839202881,False,False,family-00355-minimum,family-00355,0.9909241795539856,0.05171030194866716,0.0,3,0.5347557169357902,15.152448654174805,22,minimum
7.708852767944336,0.32169419527053833,True,False,family-00355-sum_mod_10,family-00355,0.9904969930648804,0.05370510698583101,1.0,0,0.6914557886464568,11.148728370666504,22,sum_mod_10
5.291718482971191,0.02043735980987549,True,False,family-00355-sum_mod_10,family-00355,0.977745771408081,0.10668705343847966,1.0,1,0.4755001807730023,11.128741264343262,22,sum_mod_10
7.31441593170166,-0.1765994429588318,True,False,family-00355-sum_mod_10,family-00355,0.9961084723472595,0.025477851750843328,1.0,2,0.5581837887342332,13.10395622253418,22,sum_mod_10
10.431381225585938,0.3530402183532715,True,True,family-00355-sum_mod_10,family-00355,0.9980056881904602,0.01439186826268199,1.0,3,0.5870309482489908,17.769729614257812,22,sum_mod_10
8.95894718170166,0.8373000025749207,False,False,family-00356-maximum,family-00356,0.9810644388198853,0.09386708872464626,0.0,0,0.8037273273743961,11.146749496459961,22,maximum
4.791993141174316,0.039515793323516846,False,False,family-00356-maximum,family-00356,0.973574697971344,0.12208760981410821,0.0,1,0.42658579416734904,11.233363151550293,22,maximum
10.20816707611084,0.04877626895904541,False,False,family-00356-maximum,family-00356,0.9573653936386108,0.1762285302526372,0.0,2,0.8075715136523903,12.640573501586914,22,maximum
9.127313613891602,0.09992349147796631,False,False,family-00356-maximum,family-00356,0.9596713185310364,0.16898731215251717,0.0,3,0.49243114713257247,18.535207748413086,22,maximum
6.471578598022461,0.11373862624168396,False,False,family-00356-minimum,family-00356,0.9860592484474182,0.07341110501473799,1.0,0,0.6016328984830228,10.75669002532959,22,minimum
4.0707621574401855,-0.30949923396110535,False,False,family-00356-minimum,family-00356,0.9760292172431946,0.11311422265699192,1.0,1,0.4505362099512849,9.035371780395508,22,minimum
7.3867387771606445,0.25594156980514526,False,False,family-00356-minimum,family-00356,0.9774588942527771,0.10777034546840865,1.0,2,0.8958615330147789,8.245402336120605,22,minimum
7.6111016273498535,0.02354946732521057,False,False,family-00356-minimum,family-00356,0.9707989692687988,0.13195380826904676,1.0,3,0.5837688597252209,13.03786849975586,22,minimum
5.247900009155273,-0.019802100956439972,True,False,family-00356-sum_mod_10,family-00356,0.9770811200141907,0.10919118806087284,0.5,0,0.558873028532696,9.39014720916748,22,sum_mod_10
6.548232555389404,0.03550603985786438,True,False,family-00356-sum_mod_10,family-00356,0.9792439341545105,0.1009671798213907,0.5,1,0.6973848573774166,9.389697074890137,22,sum_mod_10
7.657662868499756,0.012704163789749146,True,False,family-00356-sum_mod_10,family-00356,0.9961419701576233,0.025291959419926086,0.5,2,0.623831690930504,12.275206565856934,22,sum_mod_10
8.22238540649414,-0.045341163873672485,True,True,family-00356-sum_mod_10,family-00356,0.9959104061126709,0.02657116303232323,0.5,3,0.49477353675958247,16.61848258972168,22,sum_mod_10
4.758069038391113,0.04824662208557129,True,False,family-00357-maximum,family-00357,0.9841822981834412,0.08128202436052231,1.0,0,0.4358287775053094,10.917289733886719,22,maximum
9.440250396728516,0.8783361315727234,True,False,family-00357-maximum,family-00357,0.9750651121139526,0.11666821985460014,1.0,1,1.0959083977071749,8.614087104797363,22,maximum
10.3519868850708,0.07670682668685913,True,False,family-00357-maximum,family-00357,0.9481140971183777,0.20403116877136038,1.0,2,0.9026440238790382,11.468515396118164,22,maximum
9.231160163879395,0.0937228798866272,True,False,family-00357-maximum,family-00357,0.9680535197257996,0.1414445480477999,1.0,3,0.6018916273678765,15.3369140625,22,maximum
4.88009786605835,0.04499936103820801,True,False,family-00357-minimum,family-00357,0.9843690395355225,0.08050953092059977,0.5,0,0.40629642107021635,12.011176109313965,22,minimum
6.163811683654785,0.18002820014953613,True,False,family-00357-minimum,family-00357,0.9771764278411865,0.10883333199296406,0.5,1,0.612028406295823,10.071120262145996,22,minimum
10.245976448059082,0.4068591594696045,True,False,family-00357-minimum,family-00357,0.9902888536453247,0.054669962519915835,0.5,2,1.0334042521060893,9.914780616760254,22,minimum
4.774569034576416,0.0264279842376709,True,False,family-00357-minimum,family-00357,0.9883896112442017,0.0632769345994127,0.5,3,0.2987723386323044,15.980626106262207,22,minimum
4.496028423309326,-0.040040597319602966,False,False,family-00357-sum_mod_10,family-00357,0.9728527665138245,0.12468132516468772,0.0,0,0.4601523147593697,9.770739555358887,22,sum_mod_10
3.7973155975341797,-0.07360072433948517,False,False,family-00357-sum_mod_10,family-00357,0.9663424491882324,0.14723485612757306,0.0,1,0.3975149016648853,9.552637100219727,22,sum_mod_10
5.427201271057129,-0.08835169672966003,False,False,family-00357-sum_mod_10,family-00357,0.9775938987731934,0.10726101589120086,0.0,2,0.5418247987472635,10.016524314880371,22,sum_mod_10
5.498722076416016,-0.001968085765838623,False,True,family-00357-sum_mod_10,family-00357,0.9806055426597595,0.0956730020293443,0.0,3,0.43036255880341606,12.776952743530273,22,sum_mod_10
5.622400760650635,0.0651199221611023,True,False,family-00358-maximum,family-00358,0.982772707939148,0.08704256186225215,0.5,0,0.5601737536794122,10.036887168884277,22,maximum
6.754339218139648,0.644008994102478,True,False,family-00358-maximum,family-00358,0.9800127148628235,0.09798962519347448,0.5,1,0.6741215854717032,10.0194673538208,22,maximum
10.705577850341797,0.59124755859375,True,False,family-00358-maximum,family-00358,0.9921613335609436,0.045815100084277284,0.5,2,0.9270366545587277,11.548171043395996,22,maximum
5.01452112197876,0.002822399139404297,True,False,family-00358-maximum,family-00358,0.9687447547912598,0.13907880998006925,0.5,3,0.29679192936472576,16.8957462310791,22,maximum
5.213876247406006,0.13331618905067444,False,False,family-00358-minimum,family-00358,0.9810644388198853,0.09386708872464626,0.0,0,0.4677485798942422,11.146749496459961,22,minimum
5.179155349731445,0.16206657886505127,False,False,family-00358-minimum,family-00358,0.9741693139076233,0.11993611445597255,0.0,1,0.4827852657602857,10.72765827178955,22,minimum
7.0461530685424805,0.1894393116235733,False,False,family-00358-minimum,family-00358,0.9900330901145935,0.05584942595116242,0.0,2,0.7088535177653101,9.940210342407227,22,minimum
6.377955436706543,0.17173141241073608,False,False,family-00358-minimum,family-00358,0.9864253997802734,0.07184678397583247,0.0,3,0.5268825667118566,12.105079650878906,22,minimum
5.409674644470215,-0.03641487658023834,False,False,family-00358-sum_mod_10,family-00358,0.9762558341026306,0.11227313082786758,1.0,0,0.5792129666313504,9.339698791503906,22,sum_mod_10
7.1760711669921875,-0.15014789998531342,False,False,family-00358-sum_mod_10,family-00358,0.9819703102111816,0.09026863359878382,1.0,1,0.7661665737551769,9.366202354431152,22,sum_mod_10
8.74101448059082,0.02299615740776062,False,False,family-00358-sum_mod_10,family-00358,0.9976508021354675,0.01656773162024596,1.0,2,0.7115679641328714,12.284159660339355,22,sum_mod_10
7.061984539031982,-0.021912097930908203,False,True,family-00358-sum_mod_10,family-00358,0.9977037310600281,0.016246839069514966,1.0,3,0.408173690516967,17.301420211791992,22,sum_mod_10
7.62455940246582,0.20409727096557617,True,False,family-00359-maximum,family-00359,0.9817765355110168,0.09104219924456712,0.0,0,0.7185364340706267,10.611235618591309,22,maximum
4.351683616638184,0.02020588517189026,True,False,family-00359-maximum,family-00359,0.9812625050544739,0.0930841436499126,0.0,1,0.4120895604879903,10.560043334960938,22,maximum
8.083187103271484,0.37678390741348267,True,False,family-00359-maximum,family-00359,0.985034167766571,0.07773949173085318,0.0,2,0.7756900123128072,10.42064094543457,22,maximum
5.688027858734131,0.06349527835845947,True,False,family-00359-maximum,family-00359,0.9817566871643066,0.09112131672365983,0.0,3,0.4381161034619691,12.98292350769043,22,maximum
6.552639007568359,0.32463890314102173,False,False,family-00359-minimum,family-00359,0.9764084219932556,0.11170555178125699,1.0,0,0.6871576995187454,9.535859107971191,22,minimum
6.934321403503418,0.4682462513446808,False,False,family-00359-minimum,family-00359,0.9436764717102051,0.21672938970449254,1.0,1,0.8037655533328109,8.627293586730957,22,minimum
10.464642524719238,0.5533301830291748,False,False,family-00359-minimum,family-00359,0.9754540324211121,0.1152392195771845,1.0,2,0.9759694612329354,10.722305297851562,22,minimum
8.455806732177734,0.055482447147369385,False,False,family-00359-minimum,family-00359,0.9716325402259827,0.12902067599608202,1.0,3,0.560130743728142,15.09613037109375,22,minimum
7.116807460784912,-0.0034354887902736664,False,False,family-00359-sum_mod_10,family-00359,0.9766762852668762,0.11070673596374134,0.5,0,0.7315176338807183,9.728825569152832,22,sum_mod_10
10.282774925231934,0.010368783958256245,False,False,family-00359-sum_mod_10,family-00359,0.9764121770858765,0.11169157129846288,0.5,1,1.0985685243677505,9.36015796661377,22,sum_mod_10
8.82165241241455,-0.007406372576951981,False,False,family-00359-sum_mod_10,family-00359,0.9970308542251587,0.020243620872134736,0.5,2,0.5886649309967146,14.98586368560791,22,sum_mod_10
8.179861068725586,0.00440735649317503,False,True,family-00359-sum_mod_10,family-00359,0.9976128339767456,0.016797183547839722,0.5,3,0.4267762236669671,19.166627883911133,22,sum_mod_10
7.1821160316467285,0.010315001010894775,False,False,family-00360-maximum,family-00360,0.9766762852668762,0.11070673596374134,1.0,0,0.738230527476929,9.728825569152832,22,maximum
10.063472747802734,0.34652483463287354,False,False,family-00360-maximum,family-00360,0.9775210618972778,0.10753590955721751,1.0,1,1.0427635886001843,9.650771141052246,22,maximum
10.903657913208008,0.06388622522354126,False,False,family-00360-maximum,family-00360,0.9558120369911194,0.18103260778223687,1.0,2,0.9350128700786516,11.661505699157715,22,maximum
9.242376327514648,0.02466452121734619,False,False,family-00360-maximum,family-00360,0.9661529064178467,0.1478706531439844,1.0,3,0.5287647148495432,17.479185104370117,22,maximum
7.4962334632873535,0.19763177633285522,False,False,family-00360-minimum,family-00360,0.9811977744102478,0.09334025401164116,0.5,0,0.6448943715271388,11.623970985412598,22,minimum
6.243555545806885,0.5372427105903625,False,False,family-00360-minimum,family-00360,0.9777242541313171,0.10676843658527577,0.5,1,0.5859145772019423,10.656085014343262,22,minimum
6.462285041809082,0.10972052812576294,False,False,family-00360-minimum,family-00360,0.9826474785804749,0.08754851269510751,0.5,2,0.5720559791492671,11.296595573425293,22,minimum
6.62960147857666,0.3017900586128235,False,False,family-00360-minimum,family-00360,0.9827191829681396,0.08725892606009714,0.5,3,0.5263793904254277,12.594720840454102,22,minimum
5.791049003601074,-0.09118261933326721,False,False,family-00360-sum_mod_10,family-00360,0.9728527665138245,0.12468132516468772,0.0,0,0.5926930065825876,9.770739555358887,22,sum_mod_10
3.5505619049072266,-0.02682584524154663,False,False,family-00360-sum_mod_10,family-00360,0.9517515897750854,0.1933251350120384,0.0,1,0.38787600083179524,9.153858184814453,22,sum_mod_10
5.5098724365234375,-0.007717818021774292,False,False,family-00360-sum_mod_10,family-00360,0.9695709943771362,0.13623028626790976,0.0,2,0.5550700610800727,9.926445007324219,22,sum_mod_10
4.975916862487793,0.10745714604854584,False,True,family-00360-sum_mod_10,family-00360,0.9718710780143738,0.12817671165272893,0.0,3,0.4175628878018424,11.916568756103516,22,sum_mod_10
6.265547275543213,0.01995450258255005,True,False,family-00361-maximum,family-00361,0.9841822981834412,0.08128202436052231,0.5,0,0.5739105060201223,10.917289733886719,22,maximum
5.83115816116333,0.7559775114059448,True,False,family-00361-maximum,family-00361,0.972399115562439,0.1263010474135069,0.5,1,0.640747167263864,9.100560188293457,22,maximum
13.36432933807373,0.7737534046173096,True,False,family-00361-maximum,family-00361,0.9766108989715576,0.11095083939910588,0.5,2,1.707639428485189,7.82620096206665,22,maximum
5.185604095458984,0.03449910879135132,True,False,family-00361-maximum,family-00361,0.9638149738311768,0.15562438368402545,0.5,3,0.33277606475029675,15.582863807678223,22,maximum
6.910131454467773,0.1621498167514801,True,False,family-00361-minimum,family-00361,0.9751826524734497,0.11623700456416461,0.0,0,0.7017154544886685,9.84748363494873,22,minimum
3.6877167224884033,-0.04281942546367645,True,False,family-00361-minimum,family-00361,0.9540355801582336,0.18645673792232623,0.0,1,0.38801835607146157,9.503974914550781,22,minimum
5.732266902923584,0.13846316933631897,True,False,family-00361-minimum,family-00361,0.9760621190071106,0.11299224396444309,0.0,2,0.5851033435881302,9.797016143798828,22,minimum
4.045313835144043,0.09753642231225967,True,False,family-00361-minimum,family-00361,0.9709603190422058,0.1313879923138821,0.0,3,0.3308347303936766,12.2275972366333,22,minimum
8.465298652648926,0.2116628885269165,True,False,family-00361-sum_mod_10,family-00361,0.9904969930648804,0.05370510698583101,1.0,0,0.7593062070578409,11.148728370666504,22,sum_mod_10
4.956653594970703,0.10515496134757996,True,False,family-00361-sum_mod_10,family-00361,0.9731013178825378,0.12379059728771166,1.0,1,0.47124743349062953,10.518155097961426,22,sum_mod_10
7.0668439865112305,0.060694620013237,True,False,family-00361-sum_mod_10,family-00361,0.9945959448814392,0.0336018675736282,1.0,2,0.5950408624078776,11.876233100891113,22,sum_mod_10
5.838820457458496,-0.06263011693954468,True,True,family-00361-sum_mod_10,family-00361,0.996964156627655,0.02063082212649389,1.0,3,0.36421604798877233,16.031200408935547,22,sum_mod_10
9.532203674316406,0.861566960811615,True,False,family-00362-maximum,family-00362,0.9785834550857544,0.10350200638340856,0.0,0,1.0059795721101452,9.475543975830078,22,maximum
5.542396545410156,0.04459589719772339,True,False,family-00362-maximum,family-00362,0.9781994223594666,0.10496625918769414,0.0,1,0.5039440159323207,10.998040199279785,22,maximum
10.674370765686035,0.020002663135528564,True,False,family-00362-maximum,family-00362,0.9722769260406494,0.12673599878709202,0.0,2,0.7850486345012132,13.597082138061523,22,maximum
7.48774528503418,0.04515773057937622,True,False,family-00362-maximum,family-00362,0.9738346934318542,0.12114857855147271,0.0,3,0.360236311151397,20.785648345947266,22,maximum
7.884275913238525,-0.010103346779942513,True,False,family-00362-minimum,family-00362,0.9849991202354431,0.07788619084013847,1.0,0,0.7536985852030701,10.46078109741211,22,minimum
3.4858715534210205,-0.009557362645864487,True,False,family-00362-minimum,family-00362,0.9674361348152161,0.1435444625964811,1.0,1,0.35945182337264076,9.69774341583252,22,minimum
6.01315975189209,-0.04007675498723984,True,False,family-00362-minimum,family-00362,0.9767197370529175,0.11054441577996281,1.0,2,0.570910458964471,10.53257942199707,22,minimum
5.592435836791992,0.006546316668391228,True,False,family-00362-minimum,family-00362,0.9793684482574463,0.10048692751971272,1.0,3,0.4291337637676989,13.031917572021484,22,minimum
5.334078788757324,0.006431063637137413,True,False,family-00362-sum_mod_10,family-00362,0.9770811200141907,0.10919118806087284,0.5,0,0.5680506034612249,9.39014720916748,22,sum_mod_10
5.9372477531433105,-0.01308802142739296,True,False,family-00362-sum_mod_10,family-00362,0.9814767241477966,0.0922349447181035,0.5,1,0.5984796180746617,9.920551300048828,22,sum_mod_10
7.893320560455322,-0.0020842328667640686,True,False,family-00362-sum_mod_10,family-00362,0.9961691498756409,0.025140914182670962,0.5,2,0.6352424859380084,12.425681114196777,22,sum_mod_10
6.377223968505859,0.000571664422750473,True,True,family-00362-sum_mod_10,family-00362,0.9964249730110168,0.023709553629881044,0.5,3,0.3709405142019042,17.192039489746094,22,sum_mod_10
5.744503974914551,0.14746320247650146,False,False,family-00363-maximum,family-00363,0.9766762852668762,0.11070673596374134,1.0,0,0.5904622232233907,9.728825569152832,22,maximum
8.207387924194336,0.8232308626174927,False,False,family-00363-maximum,family-00363,0.9783218502998352,0.1045002185203794,1.0,1,0.9490241649625687,8.648239135742188,22,maximum
9.652020454406738,0.7425373792648315,False,False,family-00363-maximum,family-00363,0.9729709029197693,0.12425825538301517,1.0,2,1.0087265223548614,9.568520545959473,22,maximum
4.446418285369873,0.10880953073501587,False,False,family-00363-maximum,family-00363,0.9414522647857666,0.22295272423634444,1.0,3,0.3157066229961542,14.084019660949707,22,maximum
6.9049859046936035,0.09096211194992065,False,False,family-00363-minimum,family-00363,0.9811977744102478,0.09334025401164116,0.5,0,0.5940298640936867,11.623970985412598,22,minimum
6.650102615356445,0.2261183261871338,False,False,family-00363-minimum,family-00363,0.9776338934898376,0.10710996886341834,0.5,1,0.6966118242646885,9.546353340148926,22,minimum
8.80932331085205,0.7051728963851929,False,False,family-00363-minimum,family-00363,0.9840431809425354,0.08185605355084848,0.5,2,0.8512293011949423,10.348942756652832,22,minimum
5.874389171600342,0.04628831148147583,False,False,family-00363-minimum,family-00363,0.9862303137779236,0.07268148613867571,0.5,3,0.4073449670433618,14.421165466308594,22,minimum
6.940915584564209,-0.07987195998430252,True,False,family-00363-sum_mod_10,family-00363,0.9751826524734497,0.11623700456416461,0.0,0,0.7048415455021313,9.84748363494873,22,sum_mod_10
2.7891926765441895,-0.042768530547618866,True,False,family-00363-sum_mod_10,family-00363,0.9588991403579712,0.1714270959414757,0.0,1,0.29336601403235163,9.507552146911621,22,sum_mod_10
6.4350433349609375,0.10202757269144058,True,False,family-00363-sum_mod_10,family-00363,0.9809677004814148,0.0942487211866303,0.0,2,0.6476652735536782,9.935754776000977,22,sum_mod_10
5.924368858337402,0.011170990765094757,True,True,family-00363-sum_mod_10,family-00363,0.9871456623077393,0.0687401014368252,0.0,3,0.4628308961170311,12.800288200378418,22,sum_mod_10
5.654461860656738,0.20827645063400269,True,False,family-00364-maximum,family-00364,0.9849991202354431,0.07788619084013847,0.5,0,0.5405391631850125,10.46078109741211,22,maximum
7.080414295196533,0.10614383220672607,True,False,family-00364-maximum,family-00364,0.9785103797912598,0.10378116868723326,0.5,1,0.7098340621757963,9.974745750427246,22,maximum
6.160332202911377,-0.06524491310119629,True,False,family-00364-maximum,family-00364,0.9869025945663452,0.0697929779202817,0.5,2,0.5261547838710117,11.708212852478027,22,maximum
6.7273664474487305,0.2925700545310974,True,False,family-00364-maximum,family-00364,0.9800252914428711,0.09794066720447281,0.5,3,0.4839220201564802,13.90175724029541,22,maximum
5.022975921630859,0.23725152015686035,False,False,family-00364-minimum,family-00364,0.9810644388198853,0.09386708872464626,0.0,0,0.45062248175811975,11.146749496459961,22,minimum
5.581513404846191,0.1563962697982788,False,False,family-00364-minimum,family-00364,0.975850522518158,0.11377590191104638,0.0,1,0.519308816395726,10.747965812683105,22,minimum
10.034257888793945,0.3716278076171875,False,False,family-00364-minimum,family-00364,0.9904358983039856,0.05398879196037411,0.0,2,0.9823686481042989,10.214350700378418,22,minimum
6.645987033843994,0.07950454950332642,False,False,family-00364-minimum,family-00364,0.9844526648521423,0.08016286471923394,0.0,3,0.40373787133359135,16.461143493652344,22,minimum
5.623011589050293,0.03391718119382858,False,False,family-00364-sum_mod_10,family-00364,0.9762558341026306,0.11227313082786758,1.0,0,0.6020549178915071,9.339698791503906,22,sum_mod_10
7.872827529907227,-0.06655775755643845,False,False,family-00364-sum_mod_10,family-00364,0.9838107824325562,0.08281223825933136,1.0,1,0.8035539823932273,9.79750919342041,22,sum_mod_10
11.022781372070312,0.038700394332408905,False,False,family-00364-sum_mod_10,family-00364,0.998141884803772,0.013540574131890686,1.0,2,0.8418962212208074,13.092803001403809,22,sum_mod_10
6.943090915679932,-0.009064160287380219,False,True,family-00364-sum_mod_10,family-00364,0.9985412359237671,0.010983670733488419,1.0,3,0.3465093943685287,20.0372371673584,22,sum_mod_10
8.194944381713867,0.4175841510295868,False,False,family-00365-maximum,family-00365,0.9762558341026306,0.11227313082786758,0.0,0,0.8774313352769584,9.339698791503906,22,maximum
4.357717990875244,0.10470396280288696,False,False,family-00365-maximum,family-00365,0.981853187084198,0.09073645154200975,0.0,1,0.39470603616069605,11.040413856506348,22,maximum
11.275437355041504,0.6250633597373962,False,False,family-00365-maximum,family-00365,0.987643837928772,0.06656754679192228,0.0,2,0.9817876308649177,11.484599113464355,22,maximum
4.437089443206787,0.07027840614318848,False,False,family-00365-maximum,family-00365,0.9487926363945007,0.20205502292658362,0.0,3,0.25633579993069067,17.309675216674805,22,maximum
5.759328365325928,0.040317416191101074,False,False,family-00365-minimum,family-00365,0.9764084219932556,0.11170555178125699,1.0,0,0.6039653375867943,9.535859107971191,22,minimum
6.116636753082275,0.7654045820236206,False,False,family-00365-minimum,family-00365,0.9560898542404175,0.18017765176567166,1.0,1,0.7935874752481771,7.707577228546143,22,minimum
13.996712684631348,0.7645879983901978,False,False,family-00365-minimum,family-00365,0.983016312122345,0.08605569432832873,1.0,2,1.636653543285135,8.552031517028809,22,minimum
7.933377265930176,-0.014304280281066895,False,False,family-00365-minimum,family-00365,0.9776152968406677,0.10718021144636812,1.0,3,0.5140931528562046,15.43178939819336,22,minimum
5.84181547164917,-0.0046210624277591705,True,False,family-00365-sum_mod_10,family-00365,0.982772707939148,0.08704256186225215,0.5,0,0.5820345863565745,10.036887168884277,22,sum_mod_10
9.867166519165039,-0.0050415475852787495,True,False,family-00365-sum_mod_10,family-00365,0.9803510308265686,0.09666980277366613,0.5,1,1.0136057554024496,9.734718322753906,22,sum_mod_10
10.746100425720215,-0.009994120337069035,True,False,family-00365-sum_mod_10,family-00365,0.9984080195426941,0.011847486809996767,0.5,2,0.7375822473928264,14.569358825683594,22,sum_mod_10
7.493247985839844,-0.00039791432209312916,True,True,family-00365-sum_mod_10,family-00365,0.99770587682724,0.016233804307865633,0.5,3,0.380860070845468,19.674543380737305,22,sum_mod_10
6.787004470825195,-0.05128037929534912,True,False,family-00366-maximum,family-00366,0.9785834550857544,0.10350200638340856,1.0,0,0.7162654184432339,9.475543975830078,22,maximum
7.37578010559082,0.14681755006313324,True,False,family-00366-maximum,family-00366,0.9658903479576111,0.14874955826321515,1.0,1,0.8206933069604471,8.987255096435547,22,maximum
4.787367820739746,0.162370502948761,True,False,family-00366-maximum,family-00366,0.9559270739555359,0.1806788148374226,1.0,2,0.5366120717429848,8.921468734741211,22,maximum
4.711824417114258,0.16332502663135529,True,False,family-00366-maximum,family-00366,0.9469067454338074,0.20752433331524814,1.0,3,0.46213447370077626,10.195786476135254,22,maximum
5.884076118469238,0.15013641119003296,True,False,family-00366-minimum,family-00366,0.9770811200141907,0.10919118806087284,0.5,0,0.626622350789633,9.39014720916748,22,minimum
5.924482345581055,0.0988360047340393,True,False,family-00366-minimum,family-00366,0.972186803817749,0.1270564468811769,0.5,1,0.6488059908968496,9.131361961364746,22,minimum
9.313310623168945,0.5973185896873474,True,False,family-00366-minimum,family-00366,0.9856054186820984,0.07533650805773004,0.5,2,0.8604259435799209,10.82406997680664,22,minimum
6.389838218688965,-0.09050589799880981,True,False,family-00366-minimum,family-00366,0.9862068295478821,0.07278177686318686,0.5,3,0.38080061535257853,16.780010223388672,22,minimum
5.418159484863281,0.06714212894439697,False,False,family-00366-sum_mod_10,family-00366,0.9868791699409485,0.06989420162054023,0.0,0,0.49506154207039144,10.944416046142578,22,sum_mod_10
3.7978017330169678,0.013593867421150208,False,False,family-00366-sum_mod_10,family-00366,0.9838922023773193,0.08247763091476173,0.0,1,0.3364733088457025,11.287081718444824,22,sum_mod_10
8.661847114562988,-0.09464201331138611,False,False,family-00366-sum_mod_10,family-00366,0.9954302310943604,0.029182563745043428,0.0,2,0.7249088078055713,11.948878288269043,22,sum_mod_10
7.333059787750244,-0.061593443155288696,False,True,family-00366-sum_mod_10,family-00366,0.9938809871673584,0.03728491194017524,0.0,3,0.444727632560205,16.48887825012207,22,sum_mod_10
5.598941326141357,0.015900909900665283,False,False,family-00367-maximum,family-00367,0.9849590063095093,0.07805399443924273,0.5,0,0.5390026498820301,10.387595176696777,22,maximum
6.067808151245117,0.21502012014389038,False,False,family-00367-maximum,family-00367,0.9725649356842041,0.12570989640774863,0.5,1,0.6844660277729846,8.86502456665039,22,maximum
7.7718706130981445,0.35775330662727356,False,False,family-00367-maximum,family-00367,0.9855388402938843,0.0756177392583589,0.5,2,0.8700899141643502,8.93226146697998,22,maximum
7.82829475402832,-0.026145756244659424,False,False,family-00367-maximum,family-00367,0.9785862565040588,0.10349129933699025,0.5,3,0.6038353128403835,12.964287757873535,22,maximum
7.1836066246032715,0.6387250423431396,False,False,family-00367-minimum,family-00367,0.9854902029037476,0.07582298990432208,0.0,0,0.6936052797760885,10.356908798217773,22,minimum
4.928988456726074,0.06037980318069458,False,False,family-00367-minimum,family-00367,0.9721625447273254,0.127142653716179,0.0,1,0.5276899925600518,9.340689659118652,22,minimum
8.079513549804688,0.5009890198707581,False,False,family-00367-minimum,family-00367,0.9862517714500427,0.07258981443939945,0.0,2,0.773650326012224,10.443366050720215,22,minimum
6.743381023406982,0.012425601482391357,False,False,family-00367-minimum,family-00367,0.9835890531539917,0.0837213634335181,0.0,3,0.47104444138450924,14.31580638885498,22,minimum
5.443049907684326,0.019294217228889465,False,False,family-00367-sum_mod_10,family-00367,0.9762558341026306,0.11227313082786758,1.0,0,0.5827864505261919,9.339698791503906,22,sum_mod_10
7.370790004730225,0.00671251118183136,False,False,family-00367-sum_mod_10,family-00367,0.9818253517150879,0.09084751928855808,1.0,1,0.7826763530648176,9.417417526245117,22,sum_mod_10
9.546647071838379,0.15089468657970428,False,False,family-00367-sum_mod_10,family-00367,0.9976792931556702,0.016395149193808172,1.0,2,0.7649018896323408,12.480877876281738,22,sum_mod_10
7.234152793884277,-0.04929998517036438,False,True,family-00367-sum_mod_10,family-00367,0.9981729984283447,0.013344721087606747,1.0,3,0.393192073831935,18.398521423339844,22,sum_mod_10
8.009392738342285,0.32355281710624695,True,False,family-00368-maximum,family-00368,0.982772707939148,0.08704256186225215,0.0,0,0.7979956936421979,10.036887168884277,22,maximum
4.358545303344727,0.06383085250854492,True,False,family-00368-maximum,family-00368,0.9841565489768982,0.08138836484693618,0.0,1,0.37361029351715963,11.666020393371582,22,maximum
9.816332817077637,0.39737626910209656,True,False,family-00368-maximum,family-00368,0.9919570684432983,0.04680125049505286,0.0,2,0.8050617543985339,12.193266868591309,22,maximum
5.240631103515625,0.05373114347457886,True,False,family-00368-maximum,family-00368,0.9762770533561707,0.11219426213754628,0.0,3,0.30218388234581184,17.3425235748291,22,maximum
5.624220848083496,0.065953329205513,False,False,family-00368-minimum,family-00368,0.9764084219932556,0.11170555178125699,1.0,0,0.5897969741795065,9.535859107971191,22,minimum
6.892534255981445,0.10575436800718307,False,False,family-00368-minimum,family-00368,0.9654828310012817,0.15010956825072377,1.0,1,0.8321833548268239,8.282470703125,22,minimum
7.99884033203125,0.015233993530273438,False,False,family-00368-minimum,family-00368,0.9885107278823853,0.06273802950224501,1.0,2,0.8386539088974652,9.537713050842285,22,minimum
7.03022575378418,-0.01614426076412201,False,False,family-00368-minimum,family-00368,0.9747697114944458,0.11774944066150184,1.0,3,0.6337016653425375,11.093904495239258,22,minimum
5.388020038604736,0.054469794034957886,False,False,family-00368-sum_mod_10,family-00368,0.9854902029037476,0.07582298990432208,0.5,0,0.5202343810859773,10.356908798217773,22,sum_mod_10
12.323761940002441,0.04320374131202698,False,False,family-00368-sum_mod_10,family-00368,0.9847927093505859,0.07874848851372765,0.5,1,1.2678974826510854,9.719841003417969,22,sum_mod_10
7.709082126617432,0.07803907990455627,False,False,family-00368-sum_mod_10,family-00368,0.9990137815475464,0.0078119738429838275,0.5,2,0.4474989069336336,17.227041244506836,22,sum_mod_10
7.617151260375977,-0.041966840624809265,False,True,family-00368-sum_mod_10,family-00368,0.9984360337257385,0.011666793988931848,0.5,3,0.3833613508944181,19.86937713623047,22,sum_mod_10
5.18505859375,0.02009737491607666,False,False,family-00369-maximum,family-00369,0.9766762852668762,0.11070673596374134,1.0,0,0.5329583264592855,9.728825569152832,22,maximum
7.522371292114258,0.18719899654388428,False,False,family-00369-maximum,family-00369,0.9805159568786621,0.09602425275999416,1.0,1,0.8676924308975402,8.669398307800293,22,maximum
14.30429744720459,0.6825274229049683,False,False,family-00369-maximum,family-00369,0.9813676476478577,0.0926676551296103,1.0,2,1.5195700910851961,9.413384437561035,22,maximum
5.4869279861450195,0.023662090301513672,False,False,family-00369-maximum,family-00369,0.9442724585533142,0.21504614629960914,1.0,3,0.29416025433696946,18.65285301208496,22,maximum
5.378809452056885,0.3192615211009979,True,False,family-00369-minimum,family-00369,0.9799317717552185,0.09830452672735139,0.5,0,0.5466704668054709,9.839217185974121,22,minimum
6.074901580810547,0.3413178026676178,True,False,family-00369-minimum,family-00369,0.964614748954773,0.15299008257851537,0.5,1,0.6218142129247436,9.769640922546387,22,minimum
5.519533157348633,0.26021280884742737,True,False,family-00369-minimum,family-00369,0.98450767993927,0.07993455233460074,0.5,2,0.48776769324602315,11.315905570983887,22,minimum
6.537009239196777,0.02135607600212097,True,False,family-00369-minimum,family-00369,0.9782947897911072,0.10460328918832476,0.5,3,0.5177491971906923,12.625822067260742,22,minimum
4.365816593170166,-0.03643692657351494,False,False,family-00369-sum_mod_10,family-00369,0.9728527665138245,0.12468132516468772,0.0,0,0.4468256029581382,9.770739555358887,22,sum_mod_10
4.554033279418945,-0.0028398223221302032,False,False,family-00369-sum_mod_10,family-00369,0.9645813703536987,0.15310039701598496,0.0,1,0.4851364020388682,9.38711929321289,22,sum_mod_10
4.474960803985596,0.004403373226523399,False,False,family-00369-sum_mod_10,family-00369,0.9865104556083679,0.07148197358667974,0.0,2,0.4230198330868299,10.578607559204102,22,sum_mod_10
6.913974285125732,-0.005161423236131668,False,True,family-00369-sum_mod_10,family-00369,0.9848194122314453,0.07863709615792175,0.0,3,0.5733570458360436,12.058758735656738,22,sum_mod_10
5.963514804840088,0.43731430172920227,True,False,family-00370-maximum,family-00370,0.982772707939148,0.08704256186225215,0.5,0,0.5941597932203322,10.036887168884277,22,maximum
7.640641689300537,0.5817363262176514,True,False,family-00370-maximum,family-00370,0.9800699949264526,0.09776658047924136,0.5,1,0.7658694007978554,9.976428985595703,22,maximum
15.181523323059082,-0.010399699211120605,True,False,family-00370-maximum,family-00370,0.9860265254974365,0.07355042987247257,0.5,2,1.2730401224435905,11.925408363342285,22,maximum
7.211154460906982,0.16925418376922607,True,False,family-00370-maximum,family-00370,0.9665738344192505,0.1464572060429802,0.5,3,0.33425540300721157,21.57378578186035,22,maximum
5.557504653930664,0.0859675407409668,False,False,family-00370-minimum,family-00370,0.9762558341026306,0.11227313082786758,0.0,0,0.5950411012169031,9.339698791503906,22,minimum
4.825281620025635,-0.01108098030090332,False,False,family-00370-minimum,family-00370,0.9789174795150757,0.10222270881518902,0.0,1,0.5116397957596691,9.431013107299805,22,minimum
10.666231155395508,0.6549545526504517,False,False,family-00370-minimum,family-00370,0.9901305437088013,0.05540080594551317,0.0,2,1.1679550593806567,9.13239860534668,22,minimum
6.397854804992676,-0.009768307209014893,False,False,family-00370-minimum,family-00370,0.9887650012969971,0.06160242851633942,0.0,3,0.4071873394970512,15.712312698364258,22,minimum
5.9959893226623535,0.0070037394762039185,False,False,family-00370-sum_mod_10,family-00370,0.9854902029037476,0.07582298990432208,1.0,0,0.5789361902746647,10.356908798217773,22,sum_mod_10
8.807184219360352,0.013978993520140648,False,False,family-00370-sum_mod_10,family-00370,0.9833210706710815,0.08481607259276185,1.0,1,1.0230430000333444,8.608811378479004,22,sum_mod_10
11.797219276428223,0.008017921820282936,False,False,family-00370-sum_mod_10,family-00370,0.9975883960723877,0.016944547651899487,1.0,2,0.9058127031304747,13.023905754089355,22,sum_mod_10
6.953760623931885,-0.005332447588443756,False,True,family-00370-sum_mod_10,family-00370,0.9984109401702881,0.011828671827566504,1.0,3,0.34405902121105736,20.210952758789062,22,sum_mod_10
8.017114639282227,0.647280752658844,False,False,family-00371-maximum,family-00371,0.9854902029037476,0.07582298990432208,0.0,0,0.7740837343920436,10.356908798217773,22,maximum
4.72395133972168,0.15042906999588013,False,False,family-00371-maximum,family-00371,0.9849486947059631,0.07809711212792901,0.0,1,0.44024086135878415,10.730379104614258,22,maximum
9.132676124572754,0.14681708812713623,False,False,family-00371-maximum,family-00371,0.9881901741027832,0.06416154518199368,0.0,2,0.848947479607869,10.757645606994629,22,maximum
4.527495861053467,0.0867760181427002,False,False,family-00371-maximum,family-00371,0.9859490394592285,0.07388003344262015,0.0,3,0.3030094831529119,14.941762924194336,22,maximum
6.720885753631592,0.13872316479682922,True,False,family-00371-minimum,family-00371,0.9841822981834412,0.08128202436052231,1.0,0,0.6156185204804357,10.917289733886719,22,minimum
5.231691837310791,-0.004169970750808716,True,False,family-00371-minimum,family-00371,0.9770146608352661,0.10944048482584481,1.0,1,0.5158958985825298,10.140983581542969,22,minimum
8.545254707336426,0.3813217580318451,True,False,family-00371-minimum,family-00371,0.9920408129692078,0.04639758909579736,1.0,2,0.7644379731375356,11.17848014831543,22,minimum
5.454291343688965,-0.006996840238571167,True,False,family-00371-minimum,family-00371,0.9936059713363647,0.038678674400395185,1.0,3,0.34006993291406407,16.038734436035156,22,minimum
5.733305931091309,-0.0026320554316043854,False,False,family-00371-sum_mod_10,family-00371,0.9766762852668762,0.11070673596374134,0.5,0,0.5893112062025133,9.728825569152832,22,sum_mod_10
9.311240196228027,0.01562580093741417,False,False,family-00371-sum_mod_10,family-00371,0.9827289581298828,0.08721942449247794,0.5,1,1.0227987740925222,9.103687286376953,22,sum_mod_10
8.139701843261719,-0.018840085715055466,False,False,family-00371-sum_mod_10,family-00371,0.9975332021713257,0.017276465225338423,0.5,2,0.5913030995988467,13.765701293945312,22,sum_mod_10
5.807277679443359,0.009422918781638145,False,True,family-00371-sum_mod_10,family-00371,0.998218834400177,0.013055224586376764,0.5,3,0.3320472491437859,17.48931121826172,22,sum_mod_10
5.51499080657959,0.03137905150651932,True,False,family-00372-maximum,family-00372,0.9770811200141907,0.10919118806087284,1.0,0,0.5873167569934766,9.39014720916748,22,maximum
7.532801628112793,0.061779797077178955,True,False,family-00372-maximum,family-00372,0.9705228805541992,0.13291985942439594,1.0,1,0.8705277215057201,8.653143882751465,22,maximum
4.878407001495361,-0.020000942051410675,True,False,family-00372-maximum,family-00372,0.9694194793701172,0.13675436057858542,1.0,2,0.5825636245403328,8.374032974243164,22,maximum
5.303789138793945,0.0420786514878273,True,False,family-00372-maximum,family-00372,0.9618657231330872,0.16196876310546215,1.0,3,0.5073496201281495,10.453913688659668,22,maximum
6.474723815917969,0.49494364857673645,False,False,family-00372-minimum,family-00372,0.9811977744102478,0.09334025401164116,0.5,0,0.5570147950337597,11.623970985412598,22,minimum
7.0725579261779785,0.7027401328086853,False,False,family-00372-minimum,family-00372,0.9789710640907288,0.1020169814284663,0.5,1,0.6694223496054793,10.565165519714355,22,minimum
10.274885177612305,0.5819367170333862,False,False,family-00372-minimum,family-00372,0.9850254654884338,0.07777592478838533,0.5,2,0.8792492088469429,11.685976028442383,22,minimum
7.262863636016846,0.002736210823059082,False,False,family-00372-minimum,family-00372,0.990747332572937,0.052538521442272175,0.5,3,0.43556910731852394,16.674423217773438,22,minimum
6.989771366119385,-0.028337836265563965,True,False,family-00372-sum_mod_10,family-00372,0.9785834550857544,0.10350200638340856,0.0,0,0.737664389923014,9.475543975830078,22,sum_mod_10
5.778008460998535,-0.06543932855129242,True,False,family-00372-sum_mod_10,family-00372,0.9701972603797913,0.13405580162207525,0.0,1,0.6314051552219195,9.151031494140625,22,sum_mod_10
5.494950771331787,-0.00712231919169426,True,False,family-00372-sum_mod_10,family-00372,0.9892135262489319,0.05958501629885747,0.0,2,0.5044573930326793,10.892794609069824,22,sum_mod_10
6.23323917388916,-0.0042230673134326935,True,True,family-00372-sum_mod_10,family-00372,0.991439700126648,0.04927589078397586,0.0,3,0.4509188816868165,13.823415756225586,22,sum_mod_10
4.748899459838867,0.06335628032684326,True,False,family-00373-maximum,family-00373,0.9843690395355225,0.08050953092059977,0.5,0,0.3953733936309845,12.011176109313965,22,maximum
5.573256969451904,0.06833428144454956,True,False,family-00373-maximum,family-00373,0.9809443950653076,0.09434058596626153,0.5,1,0.5342720878797785,10.431495666503906,22,maximum
15.376286506652832,0.709004282951355,True,False,family-00373-maximum,family-00373,0.9927225708961487,0.04307750478538599,0.5,2,1.3666560175710925,11.251029014587402,22,maximum
5.618894577026367,0.002407073974609375,True,False,family-00373-maximum,family-00373,0.96693354845047,0.14524496800217646,0.5,3,0.28602391074177475,19.64484214782715,22,maximum
6.178591728210449,0.06402230262756348,True,False,family-00373-minimum,family-00373,0.982772707939148,0.08704256186225215,0.0,0,0.6155884413411489,10.036887168884277,22,minimum
5.817546367645264,0.0063745975494384766,True,False,family-00373-minimum,family-00373,0.9774815440177917,0.10768495291347814,0.0,1,0.5310262395827657,10.955289840698242,22,minimum
10.965887069702148,0.4839012026786804,True,False,family-00373-minimum,family-00373,0.9942073822021484,0.035614572713638736,0.0,2,0.8440578878641564,12.991866111755371,22,minimum
6.013531684875488,0.05028200149536133,True,False,family-00373-minimum,family-00373,0.988564670085907,0.06249760024253016,0.0,3,0.316526801731729,18.998491287231445,22,minimum
5.721492767333984,0.04667719826102257,False,False,family-00373-sum_mod_10,family-00373,0.9854902029037476,0.07582298990432208,1.0,0,0.552432475635833,10.356908798217773,22,sum_mod_10
11.899662017822266,0.0744176059961319,False,False,family-00373-sum_mod_10,family-00373,0.9826411604881287,0.08757401458417957,1.0,1,1.3506980542465852,8.810009002685547,22,sum_mod_10
11.443355560302734,0.007202401757240295,False,False,family-00373-sum_mod_10,family-00373,0.9987455606460571,0.009634645004930789,1.0,2,0.7289412928799966,15.698596954345703,22,sum_mod_10
7.0627288818359375,-0.019350051879882812,False,True,family-00373-sum_mod_10,family-00373,0.9989577531814575,0.008198162546005123,1.0,3,0.32240211211508496,21.906583786010742,22,sum_mod_10
8.558246612548828,0.8185071349143982,False,False,family-00374-maximum,family-00374,0.9810644388198853,0.09386708872464626,0.0,0,0.7677795769310863,11.146749496459961,22,maximum
4.341969013214111,0.04548335075378418,False,False,family-00374-maximum,family-00374,0.977875828742981,0.10619469383215405,0.0,1,0.37609663904975077,11.544822692871094,22,maximum
15.307472229003906,0.7408393025398254,False,False,family-00374-maximum,family-00374,0.9866185784339905,0.07101744200610442,0.0,2,1.3846399368955966,11.055200576782227,22,maximum
5.452800273895264,0.02844756841659546,False,False,family-00374-maximum,family-00374,0.9450964331626892,0.2127078661858709,0.0,3,0.2982742047760803,18.281166076660156,22,maximum
4.696671009063721,0.09445452690124512,True,False,family-00374-minimum,family-00374,0.9770811200141907,0.10919118806087284,1.0,0,0.5001701149560702,9.39014720916748,22,minimum
5.267429828643799,0.2249888777732849,True,False,family-00374-minimum,family-00374,0.9757528901100159,0.11413684677135244,1.0,1,0.5905642420456725,8.919317245483398,22,minimum
11.050202369689941,0.597514808177948,True,False,family-00374-minimum,family-00374,0.9926964044570923,0.04320608312859421,1.0,2,1.0755027244978324,10.274453163146973,22,minimum
6.558284282684326,-0.034390807151794434,True,False,family-00374-minimum,family-00374,0.9944537281990051,0.034341688860683055,1.0,3,0.40683074915298556,16.120424270629883,22,minimum
5.334969520568848,-0.0005924999713897705,True,False,family-00374-sum_mod_10,family-00374,0.982772707939148,0.08704256186225215,0.5,0,0.5315362652584142,10.036887168884277,22,sum_mod_10
8.372784614562988,-0.0032466817647218704,True,False,family-00374-sum_mod_10,family-00374,0.9823920130729675,0.08857779789542466,0.5,1,0.8465637490056167,9.890317916870117,22,sum_mod_10
8.461986541748047,-0.018399525433778763,True,False,family-00374-sum_mod_10,family-00374,0.9980939030647278,0.013841587911659358,0.5,2,0.6258332742627551,13.521151542663574,22,sum_mod_10
7.195123672485352,0.004435794427990913,True,True,family-00374-sum_mod_10,family-00374,0.9978089928627014,0.015605004998895167,0.5,3,0.3925258005235388,18.330320358276367,22,sum_mod_10
5.72607421875,0.22492074966430664,True,False,family-00375-maximum,family-00375,0.9799317717552185,0.09830452672735139,1.0,0,0.5819644094158793,9.839217185974121,22,maximum
7.065644264221191,0.729147732257843,True,False,family-00375-maximum,family-00375,0.958250880241394,0.17346365286649862,1.0,1,0.871157574217593,8.110638618469238,22,maximum
11.540104866027832,0.727019190788269,True,False,family-00375-maximum,family-00375,0.9600886106491089,0.16766243601134065,1.0,2,1.3194558693964427,8.746109008789062,22,maximum
4.253669738769531,0.1456276774406433,True,False,family-00375-maximum,family-00375,0.9188635945320129,0.28153613273810596,1.0,3,0.3154857578243056,13.482921600341797,22,maximum
6.380041122436523,0.060862429440021515,False,False,family-00375-minimum,family-00375,0.9764084219932556,0.11170555178125699,0.5,0,0.6690578216600679,9.535859107971191,22,minimum
7.335872173309326,0.12092413008213043,False,False,family-00375-minimum,family-00375,0.9605397582054138,0.1662249571630033,0.5,1,0.9121740333804428,8.042184829711914,22,minimum
7.516109466552734,-0.045369312167167664,False,False,family-00375-minimum,family-00375,0.9835418462753296,0.0839145244774818,0.5,2,0.7474805338770006,10.055257797241211,22,minimum
6.022268772125244,0.0205618217587471,False,False,family-00375-minimum,family-00375,0.9702996015548706,0.13369917632025102,0.5,3,0.4797622631068001,12.552610397338867,22,minimum
6.456155776977539,-0.03796664625406265,True,False,family-00375-sum_mod_10,family-00375,0.9751826524734497,0.11623700456416461,0.0,0,0.6556147759479015,9.84748363494873,22,sum_mod_10
3.050570249557495,-0.016488458961248398,True,False,family-00375-sum_mod_10,family-00375,0.9615535736083984,0.1629749825297687,0.0,1,0.3201633018083257,9.528169631958008,22,sum_mod_10
5.907744407653809,-0.026258688420057297,True,False,family-00375-sum_mod_10,family-00375,0.9833301901817322,0.08477889173176861,0.0,2,0.5832477801684123,10.129047393798828,22,sum_mod_10
5.670897006988525,-0.002578243613243103,True,True,family-00375-sum_mod_10,family-00375,0.9857438206672668,0.07475088810102383,0.0,3,0.4407456384362247,12.866598129272461,22,sum_mod_10
6.008718967437744,0.06667220592498779,False,False,family-00376-maximum,family-00376,0.9849590063095093,0.07805399443924273,0.5,0,0.5784513995036624,10.387595176696777,22,maximum
7.473821640014648,0.5162844657897949,False,False,family-00376-maximum,family-00376,0.9703778624534607,0.13342621769035917,0.5,1,0.8059318472897843,9.273515701293945,22,maximum
10.472704887390137,0.05435580015182495,False,False,family-00376-maximum,family-00376,0.9654360413551331,0.15026539975266556,0.5,2,1.0439332307978084,10.031968116760254,22,maximum
10.272220611572266,0.05493795871734619,False,False,family-00376-maximum,family-00376,0.9689652323722839,0.1383209264273091,0.5,3,0.6630737871230566,15.4918212890625,22,maximum
6.43726110458374,0.3710770606994629,False,False,family-00376-minimum,family-00376,0.9762558341026306,0.11227313082786758,0.0,0,0.6892364784225758,9.339698791503906,22,minimum
4.645086288452148,-0.14743709564208984,False,False,family-00376-minimum,family-00376,0.9719593524932861,0.1278638632781565,0.0,1,0.48822270622906383,9.514277458190918,22,minimum
7.63989782333374,0.4527285695075989,False,False,family-00376-minimum,family-00376,0.9835610389709473,0.08383600846053454,0.0,2,0.8499576825551864,8.98856258392334,22,minimum
5.570570468902588,-0.010666251182556152,False,False,family-00376-minimum,family-00376,0.9841318726539612,0.08149023457755598,0.0,3,0.41420996080966416,13.448663711547852,22,minimum
6.493968486785889,-0.022565418854355812,False,False,family-00376-sum_mod_10,family-00376,0.9854902029037476,0.07582298990432208,1.0,0,0.6270180237469483,10.356908798217773,22,sum_mod_10
8.576420783996582,0.01072193868458271,False,False,family-00376-sum_mod_10,family-00376,0.9760079979896545,0.11319286552812956,1.0,1,1.016765324129223,8.435005187988281,22,sum_mod_10
9.005465507507324,-0.015628693625330925,False,False,family-00376-sum_mod_10,family-00376,0.9956775307655334,0.027844327149365557,1.0,2,0.7142867948945167,12.607632637023926,22,sum_mod_10
6.048835277557373,-0.012384524568915367,False,True,family-00376-sum_mod_10,family-00376,0.9969493746757507,0.020716436050868627,1.0,3,0.3488500647246628,17.33935546875,22,sum_mod_10
8.18863582611084,-0.41163375973701477,False,False,family-00377-maximum,family-00377,0.9854902029037476,0.07582298990432208,0.0,0,0.7906447749660543,10.356908798217773,22,maximum
4.67545223236084,0.02520911395549774,False,False,family-00377-maximum,family-00377,0.9757174849510193,0.1142676392372424,0.0,1,0.4526864832756676,10.328234672546387,22,maximum
5.666039943695068,0.048144057393074036,False,False,family-00377-maximum,family-00377,0.985065758228302,0.07760719154763712,0.0,2,0.5340058237301047,10.610445976257324,22,maximum
9.668665885925293,0.1333698034286499,False,False,family-00377-maximum,family-00377,0.9830050468444824,0.08610140922086496,0.0,3,0.8095217829147134,11.943675994873047,22,maximum
7.1784563064575195,0.6676843166351318,False,False,family-00377-minimum,family-00377,0.9764084219932556,0.11170555178125699,1.0,0,0.752785483214294,9.535859107971191,22,minimum
7.434944152832031,0.49791041016578674,False,False,family-00377-minimum,family-00377,0.9440868496894836,0.21557108129664077,1.0,1,0.8781854920195,8.466257095336914,22,minimum
7.91510534286499,0.3587217330932617,False,False,family-00377-minimum,family-00377,0.9828839898109436,0.08659218449686579,1.0,2,0.668386262613898,11.84211254119873,22,minimum
6.7115478515625,0.1016852855682373,False,False,family-00377-minimum,family-00377,0.9798739552497864,0.09852925234076414,1.0,3,0.4339897888354053,15.464759826660156,22,minimum
6.151518821716309,-0.002354155294597149,False,False,family-00377-sum_mod_10,family-00377,0.9849590063095093,0.07805399443924273,0.5,0,0.5921985519339878,10.387595176696777,22,sum_mod_10
8.0460786819458,-0.014592435210943222,False,False,family-00377-sum_mod_10,family-00377,0.9726549386978149,0.12538860335381324,0.5,1,0.8648704973823519,9.303217887878418,22,sum_mod_10
6.278723239898682,-0.0004141880199313164,False,False,family-00377-sum_mod_10,family-00377,0.9966890215873718,0.022212871499199444,0.5,2,0.47438506539682057,13.235499382019043,22,sum_mod_10
9.124798774719238,0.0011550989001989365,False,True,family-00377-sum_mod_10,family-00377,0.9961477518081665,0.025259845324571182,0.5,3,0.547912074269224,16.653764724731445,22,sum_mod_10
5.95783805847168,0.11427098512649536,True,False,family-00378-maximum,family-00378,0.9841822981834412,0.08128202436052231,1.0,0,0.5457250108494281,10.917289733886719,22,maximum
9.483746528625488,0.8433016538619995,True,False,family-00378-maximum,family-00378,0.976244330406189,0.11231588017123381,1.0,1,1.009133256467703,9.397912979125977,22,maximum
10.625697135925293,0.1638389229774475,True,False,family-00378-maximum,family-00378,0.9603898525238037,0.16670319026480304,1.0,2,0.9409556375963337,11.292452812194824,22,maximum
9.560619354248047,0.013772010803222656,True,False,family-00378-maximum,family-00378,0.9795688986778259,0.09971217414058017,1.0,3,0.6331502246301564,15.100080490112305,22,maximum
6.412996768951416,0.09089270979166031,False,False,family-00378-minimum,family-00378,0.9811977744102478,0.09334025401164116,0.5,0,0.5517044714753118,11.623970985412598,22,minimum
6.252695083618164,-0.032145172357559204,False,False,family-00378-minimum,family-00378,0.9814214110374451,0.0924544553738874,0.5,1,0.6060454746753509,10.317204475402832,22,minimum
5.7445149421691895,0.04936400055885315,False,False,family-00378-minimum,family-00378,0.9877183437347412,0.06624089650215262,0.5,2,0.5263486702697034,10.913896560668945,22,minimum
8.908201217651367,-0.004547372460365295,False,False,family-00378-minimum,family-00378,0.9839627146720886,0.08218751226230789,0.5,3,0.7780369126091289,11.449586868286133,22,minimum
6.156775951385498,-0.08746551722288132,True,False,family-00378-sum_mod_10,family-00378,0.9751826524734497,0.11623700456416461,0.0,0,0.6252131183579827,9.84748363494873,22,sum_mod_10
3.683986186981201,-0.018227536231279373,True,False,family-00378-sum_mod_10,family-00378,0.9672715067863464,0.1441023602435452,0.0,1,0.3688523956206805,9.98769760131836,22,sum_mod_10
6.886416435241699,0.001005798578262329,True,False,family-00378-sum_mod_10,family-00378,0.9792838096618652,0.10081346277925568,0.0,2,0.6328539804976395,10.881525039672852,22,sum_mod_10
7.644870758056641,-0.007822159677743912,True,True,family-00378-sum_mod_10,family-00378,0.9883188009262085,0.06359141013302202,0.0,3,0.5249051779480092,14.564289093017578,22,sum_mod_10
7.526208877563477,0.14962124824523926,True,False,family-00379-maximum,family-00379,0.9849991202354431,0.07788619084013847,0.5,0,0.7194691110996849,10.46078109741211,22,maximum
8.376917839050293,0.08768337965011597,True,False,family-00379-maximum,family-00379,0.9770848751068115,0.10917709635295281,0.5,1,0.8029810867159989,10.432272911071777,22,maximum
11.520453453063965,0.041072070598602295,True,False,family-00379-maximum,family-00379,0.9655183553695679,0.14999121154841769,0.5,2,0.8690776090376634,13.25595474243164,22,maximum
7.407369613647461,0.02887028455734253,True,False,family-00379-maximum,family-00379,0.9742724895477295,0.11956137282138111,0.5,3,0.3721866858465662,19.90229606628418,22,maximum
5.3675217628479,0.15623906254768372,False,False,family-00379-minimum,family-00379,0.9810644388198853,0.09386708872464626,0.0,0,0.4815324650968916,11.146749496459961,22,minimum
4.586269378662109,-0.03869244456291199,False,False,family-00379-minimum,family-00379,0.97590172290802,0.11358645362134065,0.0,1,0.4488365468649727,10.218128204345703,22,minimum
7.497070789337158,0.19366306066513062,False,False,family-00379-minimum,family-00379,0.9865196943283081,0.07144231539991673,0.0,2,0.831233392511417,9.01921272277832,22,minimum
6.932337760925293,0.20016935467720032,False,False,family-00379-minimum,family-00379,0.9841938614845276,0.08123425575154265,0.0,3,0.5996330145968427,11.560967445373535,22,minimum
6.001410484313965,-0.00787259079515934,False,False,family-00379-sum_mod_10,family-00379,0.9810644388198853,0.09386708872464626,1.0,0,0.538400049827972,11.146749496459961,22,sum_mod_10
4.963841915130615,0.0020284056663513184,False,False,family-00379-sum_mod_10,family-00379,0.980527400970459,0.09597940585147327,1.0,1,0.4969501096018558,9.988612174987793,22,sum_mod_10
10.241185188293457,-0.09093452990055084,False,False,family-00379-sum_mod_10,family-00379,0.9930070638656616,0.04167335476491673,1.0,2,1.0191422383685618,10.048828125,22,sum_mod_10
7.022557735443115,-0.0029414650052785873,False,True,family-00379-sum_mod_10,family-00379,0.9944162368774414,0.0345361067254078,1.0,3,0.44223372522095666,15.879742622375488,22,sum_mod_10
9.041964530944824,0.864473819732666,True,False,family-00380-maximum,family-00380,0.9785834550857544,0.10350200638340856,0.0,0,0.9542422634530308,9.475543975830078,22,maximum
5.260635852813721,0.06496208906173706,True,False,family-00380-maximum,family-00380,0.9813761711120605,0.09263386572395829,0.0,1,0.46651788357182267,11.276386260986328,22,maximum
15.281766891479492,-0.012859523296356201,True,False,family-00380-maximum,family-00380,0.9779245853424072,0.10600991414138877,0.0,2,1.1301289597655575,13.522144317626953,22,maximum
7.3022074699401855,0.08846449851989746,True,False,family-00380-maximum,family-00380,0.9528096914291382,0.19015766216557342,0.0,3,0.3184990140444692,22.926939010620117,22,maximum
5.302015781402588,0.20355769991874695,True,False,family-00380-minimum,family-00380,0.9841822981834412,0.08128202436052231,1.0,0,0.485653116354089,10.917289733886719,22,minimum
4.165713787078857,0.21110501885414124,True,False,family-00380-minimum,family-00380,0.9693915247917175,0.1368509677674994,1.0,1,0.4782730732807482,8.709906578063965,22,minimum
6.0381059646606445,0.2571508288383484,True,False,family-00380-minimum,family-00380,0.9807513952255249,0.09510023507317325,1.0,2,0.7251221781519627,8.327018737792969,22,minimum
6.034844398498535,0.018026620149612427,True,False,family-00380-minimum,family-00380,0.9842462539672852,0.08101771184089553,1.0,3,0.6138788777218471,9.830676078796387,22,minimum
5.889220237731934,0.06036703288555145,False,False,family-00380-sum_mod_10,family-00380,0.9854902029037476,0.07582298990432208,0.5,0,0.568627218069677,10.356908798217773,22,sum_mod_10
9.44708251953125,0.13845647871494293,False,False,family-00380-sum_mod_10,family-00380,0.9846670627593994,0.07927199159511734,0.5,1,0.9525258466565529,9.917927742004395,22,sum_mod_10
8.857819557189941,0.050528109073638916,False,False,family-00380-sum_mod_10,family-00380,0.9978445768356323,0.015386897194346697,0.5,2,0.5955582004583853,14.873138427734375,22,sum_mod_10
6.987441062927246,0.056577861309051514,False,True,family-00380-sum_mod_10,family-00380,0.9974409341812134,0.017828582598245782,0.5,3,0.35438314414488314,19.717193603515625,22,sum_mod_10
5.960666656494141,0.13221877813339233,False,False,family-00381-maximum,family-00381,0.9860592484474182,0.07341110501473799,1.0,0,0.5541357650409289,10.75669002532959,22,maximum
10.323799133300781,0.8967082500457764,False,False,family-00381-maximum,family-00381,0.9833800196647644,0.08457564389247375,1.0,1,1.0628338510399196,9.713464736938477,22,maximum
10.222845077514648,0.039821505546569824,False,False,family-00381-maximum,family-00381,0.9677590727806091,0.14244757535925195,1.0,2,0.8178920032155852,12.499015808105469,22,maximum
9.315919876098633,0.0901077389717102,False,False,family-00381-maximum,family-00381,0.971138596534729,0.1307617409124621,1.0,3,0.5217842361330262,17.85396957397461,22,maximum
6.1442413330078125,0.142045795917511,False,False,family-00381-minimum,family-00381,0.9811977744102478,0.09334025401164116,0.5,0,0.52858367770519,11.623970985412598,22,minimum
5.7815399169921875,0.4150722026824951,False,False,family-00381-minimum,family-00381,0.9804004430770874,0.09647654308868403,0.5,1,0.5422719469147423,10.661698341369629,22,minimum
10.686037063598633,0.728331983089447,False,False,family-00381-minimum,family-00381,0.9820886254310608,0.08979526744165246,0.5,2,1.0520056943823883,10.157774925231934,22,minimum
4.783068656921387,-0.0019194483757019043,False,False,family-00381-minimum,family-00381,0.9845579266548157,0.07972585530398442,0.5,3,0.30605820487620916,15.627970695495605,22,minimum
5.672669887542725,-0.023153463378548622,False,False,family-00381-sum_mod_10,family-00381,0.9854902029037476,0.07582298990432208,0.0,0,0.5477184358830004,10.356908798217773,22,sum_mod_10
5.125270366668701,-0.011185234412550926,False,False,family-00381-sum_mod_10,family-00381,0.9771658182144165,0.10887318849383522,0.0,1,0.5968879775658145,8.586653709411621,22,sum_mod_10
7.845474720001221,-0.08662067353725433,False,False,family-00381-sum_mod_10,family-00381,0.9871507883071899,0.06871784773907275,0.0,2,0.8468518691611875,9.2642822265625,22,sum_mod_10
5.799501895904541,0.004493698477745056,False,True,family-00381-sum_mod_10,family-00381,0.988752543926239,0.061658198451162195,0.0,3,0.41342419183607315,14.027969360351562,22,sum_mod_10
5.801807403564453,-0.029787063598632812,False,False,family-00382-maximum,family-00382,0.9764084219932556,0.11170555178125699,0.5,0,0.6084200005340495,9.535859107971191,22,maximum
7.001464366912842,0.3908692002296448,False,False,family-00382-maximum,family-00382,0.9563748836517334,0.17929859022568448,0.5,1,0.861939445128135,8.122919082641602,22,maximum
14.903825759887695,0.6152268648147583,False,False,family-00382-maximum,family-00382,0.9654621481895447,0.1501784598261281,0.5,2,1.7294750230435554,8.61754322052002,22,maximum
4.9694037437438965,0.11014461517333984,False,False,family-00382-maximum,family-00382,0.8492224812507629,0.4240554052862076,0.5,3,0.2573529193874733,19.30968475341797,22,maximum
6.94625186920166,0.5057782530784607,True,False,family-00382-minimum,family-00382,0.9751826524734497,0.11623700456416461,0.0,0,0.705383438724326,9.84748363494873,22,minimum
3.5775516033172607,0.11981076002120972,True,False,family-00382-minimum,family-00382,0.9499132633209229,0.1987705550558943,0.0,1,0.3687485568630604,9.701872825622559,22,minimum
4.512580871582031,0.2541693150997162,True,False,family-00382-minimum,family-00382,0.9736621975898743,0.12177188013148178,0.0,2,0.4691048343499553,9.61955738067627,22,minimum
6.966678142547607,0.3035648465156555,True,False,family-00382-minimum,family-00382,0.9726786017417908,0.12530408041818528,0.0,3,0.6474789144329884,10.759698867797852,22,minimum
5.827860355377197,0.28960710763931274,False,False,family-00382-sum_mod_10,family-00382,0.9810644388198853,0.09386708872464626,1.0,0,0.5228304769231638,11.146749496459961,22,sum_mod_10
4.933531284332275,0.06857985258102417,False,False,family-00382-sum_mod_10,family-00382,0.9781330823898315,0.10521849855954425,1.0,1,0.4756127216628298,10.373001098632812,22,sum_mod_10
10.954710006713867,0.6057941913604736,False,False,family-00382-sum_mod_10,family-00382,0.9924002885818481,0.04465465402894624,1.0,2,1.099292508173747,9.96523666381836,22,sum_mod_10
6.357723236083984,0.005045056343078613,False,True,family-00382-sum_mod_10,family-00382,0.9898089170455933,0.056877750873364885,1.0,3,0.3832368499385527,16.589540481567383,22,sum_mod_10
8.283736228942871,0.3655412495136261,False,False,family-00383-maximum,family-00383,0.9762558341026306,0.11227313082786758,0.0,0,0.8869382636277716,9.339698791503906,22,maximum
4.801758766174316,0.15007007122039795,False,False,family-00383-maximum,family-00383,0.9815582633018494,0.09191104869586844,0.0,1,0.42935414422367923,11.18367862701416,22,maximum
6.693840503692627,0.09936392307281494,False,False,family-00383-maximum,family-00383,0.9918763637542725,0.047189427547146806,0.0,2,0.5939434610544387,11.270164489746094,22,maximum
6.147245407104492,0.15658220648765564,False,False,family-00383-maximum,family-00383,0.9918870329856873,0.04713815673756781,0.0,3,0.43707413802362616,14.064537048339844,22,maximum
6.659003257751465,0.10522961616516113,True,False,family-00383-minimum,family-00383,0.9770811200141907,0.10919118806087284,1.0,0,0.7091479089114135,9.39014720916748,22,minimum
5.542011260986328,0.0491328239440918,True,False,family-00383-minimum,family-00383,0.972796618938446,0.12488221531251477,1.0,1,0.6052413520731986,9.156696319580078,22,minimum
8.211380958557129,0.5743235945701599,True,False,family-00383-minimum,family-00383,0.9917736649513245,0.04768222511467839,1.0,2,0.7132668984949606,11.512353897094727,22,minimum
5.262817859649658,0.004054546356201172,True,False,family-00383-minimum,family-00383,0.991405725479126,0.04943727117383363,1.0,3,0.32699589660025186,16.094446182250977,22,minimum
5.8922038078308105,-0.03317001461982727,True,False,family-00383-sum_mod_10,family-00383,0.9843690395355225,0.08050953092059977,0.5,0,0.49056010453978366,12.011176109313965,22,sum_mod_10
9.224390029907227,0.014260493218898773,True,False,family-00383-sum_mod_10,family-00383,0.978550910949707,0.10362636293895898,0.5,1,0.8622083503888661,10.698562622070312,22,sum_mod_10
7.234692573547363,-0.015028811991214752,True,False,family-00383-sum_mod_10,family-00383,0.9976608753204346,0.016506753781766203,0.5,2,0.527179381051848,13.723398208618164,22,sum_mod_10
7.060483455657959,0.005118563771247864,True,True,family-00383-sum_mod_10,family-00383,0.9967908263206482,0.021630265408733675,0.5,3,0.4247045234600026,16.624460220336914,22,sum_mod_10
6.562626361846924,0.19698494672775269,False,False,family-00384-maximum,family-00384,0.9766762852668762,0.11070673596374134,1.0,0,0.6745548386287272,9.728825569152832,22,maximum
10.168683052062988,0.04004758596420288,False,False,family-00384-maximum,family-00384,0.9753804206848145,0.11551017110970467,1.0,1,1.0773503896548209,9.438603401184082,22,maximum
13.55121898651123,0.0028476715087890625,False,False,family-00384-maximum,family-00384,0.9387970566749573,0.23026471434413126,1.0,2,1.0829417212113932,12.513340950012207,22,maximum
9.45023250579834,0.0898360013961792,False,False,family-00384-maximum,family-00384,0.934106707572937,0.24288422425747225,1.0,3,0.4539371366810071,20.81837272644043,22,maximum
8.010133743286133,0.0536842942237854,False,False,family-00384-minimum,family-00384,0.9849590063095093,0.07805399443924273,0.5,0,0.7711249434571564,10.387595176696777,22,minimum
5.626104354858398,0.30565303564071655,False,False,family-00384-minimum,family-00384,0.9597607851028442,0.168703641872412,0.5,1,0.5698043942003834,9.873746871948242,22,minimum
4.596380233764648,0.05120134353637695,False,False,family-00384-minimum,family-00384,0.9738578796386719,0.12106470795919634,0.5,2,0.45035039682736205,10.206231117248535,22,minimum
7.982964515686035,0.16908687353134155,False,False,family-00384-minimum,family-00384,0.972017228603363,0.12765859284475004,0.5,3,0.6835761718225255,11.678236961364746,22,minimum
5.493685722351074,0.173116996884346,False,False,family-00384-sum_mod_10,family-00384,0.9728527665138245,0.12468132516468772,0.0,0,0.5622589458274929,9.770739555358887,22,sum_mod_10
3.4029881954193115,-0.053147584199905396,False,False,family-00384-sum_mod_10,family-00384,0.9524292349815369,0.19129941450305382,0.0,1,0.37377058856617384,9.104483604431152,22,sum_mod_10
4.718874931335449,0.08943045139312744,False,False,family-00384-sum_mod_10,family-00384,0.9662277698516846,0.14761966491462603,0.0,2,0.49594725584182203,9.514872550964355,22,sum_mod_10
5.558814525604248,-0.08257782459259033,False,True,family-00384-sum_mod_10,family-00384,0.9722371697425842,0.12687739756652155,0.0,3,0.48605154589744604,11.436676979064941,22,sum_mod_10
6.137370586395264,-0.013705670833587646,False,False,family-00385-maximum,family-00385,0.9811977744102478,0.09334025401164116,0.5,0,0.5279925934172843,11.623970985412598,22,maximum
6.329952716827393,0.4621393084526062,False,False,family-00385-maximum,family-00385,0.982463002204895,0.08829215945828382,0.5,1,0.625622883642456,10.117840766906738,22,maximum
14.360311508178711,0.7894721031188965,False,False,family-00385-maximum,family-00385,0.9842376112937927,0.08105344514123447,0.5,2,1.386365448451149,10.358243942260742,22,maximum
5.2322564125061035,0.014054179191589355,False,False,family-00385-maximum,family-00385,0.969962477684021,0.13487257527181115,0.5,3,0.277499683878832,18.854999542236328,22,maximum
6.730687618255615,0.25240200757980347,False,False,family-00385-minimum,family-00385,0.9762558341026306,0.11227313082786758,0.0,0,0.7206536065572431,9.339698791503906,22,minimum
4.954373836517334,-0.04577219486236572,False,False,family-00385-minimum,family-00385,0.9738304018974304,0.1211640998427563,0.0,1,0.49332140697478316,10.042892456054688,22,minimum
7.296634674072266,0.5181223154067993,False,False,family-00385-minimum,family-00385,0.9913011193275452,0.04993330450788673,0.0,2,0.6654604247197435,10.964791297912598,22,minimum
6.099947929382324,0.03864771127700806,False,False,family-00385-minimum,family-00385,0.9912781119346619,0.05004223280492613,0.0,3,0.4206092695478068,14.502647399902344,22,minimum
5.857078552246094,-0.005364584736526012,False,False,family-00385-sum_mod_10,family-00385,0.9762558341026306,0.11227313082786758,1.0,0,0.6271164288054057,9.339698791503906,22,sum_mod_10
6.6627349853515625,0.0027766942512243986,False,False,family-00385-sum_mod_10,family-00385,0.97847980260849,0.10389790425675083,1.0,1,0.719050148469622,9.266022682189941,22,sum_mod_10
9.745621681213379,-0.0006852522492408752,False,False,family-00385-sum_mod_10,family-00385,0.9967202544212341,0.02203447135761883,1.0,2,0.8013494223891572,12.161513328552246,22,sum_mod_10
6.6157546043396,-0.005153507925570011,False,True,family-00385-sum_mod_10,family-00385,0.9984900951385498,0.011316666428716657,1.0,3,0.3454135932930489,19.153139114379883,22,sum_mod_10
8.36256217956543,-0.024878323078155518,True,False,family-00386-maximum,family-00386,0.9817765355110168,0.09104219924456712,0.0,0,0.7880856179382056,10.611235618591309,22,maximum
4.937618255615234,0.00861668586730957,True,False,family-00386-maximum,family-00386,0.9837491512298584,0.08306524394662995,0.0,1,0.44038693387920386,11.211999893188477,22,maximum
16.478952407836914,0.6398886442184448,True,False,family-00386-maximum,family-00386,0.9895422458648682,0.05809454298201417,0.0,2,1.3830363909763845,11.915053367614746,22,maximum
5.227567195892334,0.0268404483795166,True,False,family-00386-maximum,family-00386,0.9649661183357239,0.1518268400766237,0.0,3,0.2477779322701027,21.09779167175293,22,maximum
7.021213531494141,0.557205319404602,True,False,family-00386-minimum,family-00386,0.9841822981834412,0.08128202436052231,1.0,0,0.6431278918705113,10.917289733886719,22,minimum
5.8968095779418945,0.0964697003364563,True,False,family-00386-minimum,family-00386,0.9627528190612793,0.1590946212773515,1.0,1,0.5932450355778947,9.939922332763672,22,minimum
9.130732536315918,0.35742512345314026,True,False,family-00386-minimum,family-00386,0.9860659241676331,0.07338267216784604,1.0,2,0.7863811680514743,11.611077308654785,22,minimum
6.491102695465088,0.05622988939285278,True,False,family-00386-minimum,family-00386,0.9911353588104248,0.05071673390250315,1.0,3,0.3913399489483681,16.586864471435547,22,minimum
6.224039554595947,-0.010853473097085953,True,False,family-00386-sum_mod_10,family-00386,0.9751826524734497,0.11623700456416461,0.5,0,0.6320436555494059,9.84748363494873,22,sum_mod_10
7.042594909667969,0.007854755967855453,True,False,family-00386-sum_mod_10,family-00386,0.966912031173706,0.14531759470986136,0.5,1,0.7172382016500363,9.819046020507812,22,sum_mod_10
6.703524112701416,-0.06007658690214157,True,False,family-00386-sum_mod_10,family-00386,0.9944477081298828,0.034372924122195114,0.5,2,0.49568032798098727,13.523885726928711,22,sum_mod_10
5.5670905113220215,-0.019244998693466187,True,True,family-00386-sum_mod_10,family-00386,0.9945375323295593,0.033906183676607915,0.5,3,0.33117066536199524,16.81033706665039,22,sum_mod_10
5.337277412414551,0.1149308905005455,True,False,family-00387-maximum,family-00387,0.9841822981834412,0.08128202436052231,1.0,0,0.48888300507844085,10.917289733886719,22,maximum
7.512856483459473,0.1780991405248642,True,False,family-00387-maximum,family-00387,0.9678818583488464,0.1420296480906736,1.0,1,0.912876072610129,8.229875564575195,22,maximum
5.484680652618408,0.08907414972782135,True,False,family-00387-maximum,family-00387,0.9596558213233948,0.1690364278827206,1.0,2,0.6263230029850811,8.756952285766602,22,maximum
5.244773864746094,0.12847104668617249,True,False,family-00387-maximum,family-00387,0.9668444395065308,0.14554564102801135,1.0,3,0.5902408146084479,8.885820388793945,22,maximum
6.196033954620361,0.020601630210876465,True,False,family-00387-minimum,family-00387,0.9799317717552185,0.09830452672735139,0.5,0,0.6297283450001342,9.839217185974121,22,minimum
6.4561004638671875,-0.004692792892456055,True,False,family-00387-minimum,family-00387,0.957366943359375,0.17622370823784622,0.5,1,0.7426978831003043,8.692768096923828,22,minimum
8.440428733825684,0.5350226163864136,True,False,family-00387-minimum,family-00387,0.976940929889679,0.10971682879200183,0.5,2,0.7890072659127215,10.697529792785645,22,minimum
6.649498462677002,-0.05177336931228638,True,False,family-00387-minimum,family-00387,0.9788601994514465,0.1024424704560173,0.5,3,0.4215893069179057,15.772455215454102,22,minimum
5.393983364105225,-0.015742268413305283,True,False,family-00387-sum_mod_10,family-00387,0.982772707939148,0.08704256186225215,0.0,0,0.5374159610787805,10.036887168884277,22,sum_mod_10
5.823269367218018,0.020453117787837982,True,False,family-00387-sum_mod_10,family-00387,0.9769518971443176,0.10967573876106775,0.0,1,0.6095840967101984,9.5528564453125,22,sum_mod_10
7.077491283416748,-0.01061207428574562,True,False,family-00387-sum_mod_10,family-00387,0.9947146773338318,0.03298133455697236,0.0,2,0.6254644869443033,11.315576553344727,22,sum_mod_10
7.00184440612793,-0.029920455068349838,True,True,family-00387-sum_mod_10,family-00387,0.9947549104690552,0.03277045827949909,0.0,3,0.4771924109546518,14.67300033569336,22,sum_mod_10
6.550248622894287,-0.02128821611404419,False,False,family-00388-maximum,family-00388,0.9811977744102478,0.09334025401164116,0.5,0,0.5635121277500146,11.623970985412598,22,maximum
7.415607929229736,0.3286738991737366,False,False,family-00388-maximum,family-00388,0.984355092048645,0.08056730551422091,0.5,1,0.6685954413957925,11.091322898864746,22,maximum
14.908556938171387,0.6910457015037537,False,False,family-00388-maximum,family-00388,0.9885391592979431,0.06261133802104701,0.5,2,1.2279898246412788,12.140619277954102,22,maximum
5.221004962921143,-0.012501716613769531,False,False,family-00388-maximum,family-00388,0.9635173082351685,0.15660013080526605,0.5,3,0.24634661765371588,21.193735122680664,22,maximum
7.451075553894043,0.7419570088386536,True,False,family-00388-minimum,family-00388,0.9785834550857544,0.10350200638340856,0.0,0,0.78634805272394,9.475543975830078,22,minimum
4.346599102020264,0.018810033798217773,True,False,family-00388-minimum,family-00388,0.9780328273773193,0.10559930025228809,0.0,1,0.43517897447908493,9.988072395324707,22,minimum
9.761693954467773,0.7191579937934875,True,False,family-00388-minimum,family-00388,0.9930718541145325,0.04135196164641508,0.0,2,0.9172403818546973,10.642459869384766,22,minimum
6.509453773498535,0.03334987163543701,True,False,family-00388-minimum,family-00388,0.9894989728927612,0.05829134027073874,0.0,3,0.43237021922955815,15.055277824401855,22,minimum
5.3671064376831055,-0.0026143877767026424,False,False,family-00388-sum_mod_10,family-00388,0.9854902029037476,0.07582298990432208,1.0,0,0.5182150912255481,10.356908798217773,22,sum_mod_10
12.34638500213623,0.0041910079307854176,False,False,family-00388-sum_mod_10,family-00388,0.9813884496688843,0.09258518308874968,1.0,1,1.4765528464260484,8.361627578735352,22,sum_mod_10
10.990278244018555,-0.0024667405523359776,False,False,family-00388-sum_mod_10,family-00388,0.998795747756958,0.009298385717290454,1.0,2,0.6929181856133222,15.860859870910645,22,sum_mod_10
8.03657341003418,-0.0043863230384886265,False,True,family-00388-sum_mod_10,family-00388,0.9990907907485962,0.007275929348647216,1.0,3,0.36178188706578873,22.213863372802734,22,sum_mod_10
7.71622896194458,-0.4415029287338257,False,False,family-00389-maximum,family-00389,0.9810644388198853,0.09386708872464626,0.0,0,0.6922402772570728,11.146749496459961,22,maximum
3.8773961067199707,-0.04817739129066467,False,False,family-00389-maximum,family-00389,0.9802082180976868,0.0972276560920417,0.0,1,0.34807626551138493,11.139501571655273,22,maximum
6.947516441345215,-0.03957375884056091,False,False,family-00389-maximum,family-00389,0.9878177046775818,0.06580456314232384,0.0,2,0.6797326191832235,10.220954895019531,22,maximum
7.575697422027588,0.2596256732940674,False,False,family-00389-maximum,family-00389,0.9781418442726135,0.10518519573214981,0.0,3,0.5909907860963327,12.818638801574707,22,maximum
6.362016677856445,0.42715829610824585,True,False,family-00389-minimum,family-00389,0.9785834550857544,0.10350200638340856,1.0,0,0.6714144004908298,9.475543975830078,22,minimum
5.143509864807129,0.32823309302330017,True,False,family-00389-minimum,family-00389,0.975085973739624,0.11659172725264728,1.0,1,0.562271198410275,9.147738456726074,22,minimum
5.634699821472168,0.12493357062339783,True,False,family-00389-minimum,family-00389,0.9915511608123779,0.048745491971399636,1.0,2,0.5110624611031798,11.02546215057373,22,minimum
5.296077728271484,0.05638405680656433,True,False,family-00389-minimum,family-00389,0.9836477637290955,0.08348093891270927,1.0,3,0.46464527806058076,11.398109436035156,22,minimum
5.280548095703125,-0.00893859937787056,False,False,family-00389-sum_mod_10,family-00389,0.9849590063095093,0.07805399443924273,0.5,0,0.5083513561973757,10.387595176696777,22,sum_mod_10
8.992304801940918,-0.0005343277007341385,False,False,family-00389-sum_mod_10,family-00389,0.9794905781745911,0.10001512568144875,0.5,1,0.9308779476825134,9.660025596618652,22,sum_mod_10
6.3717780113220215,-0.02514021098613739,False,False,family-00389-sum_mod_10,family-00389,0.9979822635650635,0.014537325774547647,0.5,2,0.448667380097718,14.201562881469727,22,sum_mod_10
8.009109497070312,-0.0742662101984024,False,True,family-00389-sum_mod_10,family-00389,0.9975504279136658,0.017173009606953976,0.5,3,0.46851821746886935,17.094552993774414,22,sum_mod_10
5.4694743156433105,0.20942026376724243,True,False,family-00300-maximum,family-00300,0.9906103014945984,0.05317792350501363,1.0,0,0.4505988830801093,12.138233184814453,33,maximum
10.121272087097168,0.7484942078590393,True,False,family-00300-maximum,family-00300,0.9886957406997681,0.06191232202599303,1.0,1,0.9793395053178438,10.334794044494629,33,maximum
4.808566570281982,0.18245452642440796,True,False,family-00300-maximum,family-00300,0.9460686445236206,0.2099320769880644,1.0,2,0.4391172433997828,10.950530052185059,33,maximum
8.709521293640137,0.6015540361404419,True,False,family-00300-maximum,family-00300,0.98147052526474,0.09225955341436617,1.0,3,0.7211771415322957,12.076812744140625,33,maximum
5.407783031463623,0.08877629041671753,True,False,family-00300-minimum,family-00300,0.9829329252243042,0.086393901501048,0.5,0,0.511276957247997,10.57701301574707,33,minimum
6.525795936584473,0.19361460208892822,True,False,family-00300-minimum,family-00300,0.9615950584411621,0.16284140776470174,0.5,1,0.6770655725636776,9.638351440429688,33,minimum
11.034689903259277,0.34196364879608154,True,False,family-00300-minimum,family-00300,0.9947927594184875,0.03257179520563318,0.5,2,0.9109327094339432,12.113616943359375,33,minimum
9.687430381774902,0.050682783126831055,True,False,family-00300-minimum,family-00300,0.989658534526825,0.05756478554743717,0.5,3,0.5663008626521214,17.106508255004883,33,minimum
5.595392227172852,-0.1957775056362152,False,False,family-00300-sum_mod_10,family-00300,0.993229866027832,0.04056557085329803,0.0,0,0.46661855095354604,11.991362571716309,33,sum_mod_10
6.219944000244141,0.008527927100658417,False,False,family-00300-sum_mod_10,family-00300,0.9884489178657532,0.06301321198585562,0.0,1,0.5417370997503572,11.481480598449707,33,sum_mod_10
7.805816650390625,0.026302829384803772,False,False,family-00300-sum_mod_10,family-00300,0.9988046884536743,0.009238264741574872,0.0,2,0.5455661492437153,14.30773639678955,33,sum_mod_10
7.0100555419921875,-0.0004268363118171692,False,True,family-00300-sum_mod_10,family-00300,0.9992130994796753,0.006410890474546269,0.0,3,0.3963702021124714,17.685626983642578,33,sum_mod_10
6.509487628936768,0.02528512477874756,True,False,family-00301-maximum,family-00301,0.9906103014945984,0.05317792350501363,0.5,0,0.536279665238304,12.138233184814453,33,maximum
7.523723125457764,-0.012788653373718262,True,False,family-00301-maximum,family-00301,0.9904665350914001,0.053846583735138176,0.5,1,0.6755261956641524,11.137574195861816,33,maximum
8.316878318786621,0.15814846754074097,True,False,family-00301-maximum,family-00301,0.9533334374427795,0.1885806255343963,0.5,2,0.6848064230880887,12.14486026763916,33,maximum
7.235300064086914,0.05842030048370361,True,False,family-00301-maximum,family-00301,0.9621605277061462,0.16101601666206783,0.5,3,0.42482985833968795,17.03105354309082,33,maximum
6.698103904724121,0.005388662219047546,False,False,family-00301-minimum,family-00301,0.9927164912223816,0.043107387919695705,0.0,0,0.5660446288562176,11.833172798156738,33,minimum
6.749593734741211,0.00948663055896759,False,False,family-00301-minimum,family-00301,0.9783027768135071,0.10457287103838099,0.0,1,0.6361514281327941,10.610042572021484,33,minimum
5.5745649337768555,0.040048420429229736,False,False,family-00301-minimum,family-00301,0.9841982126235962,0.08121627874036713,0.0,2,0.5246138914706642,10.626033782958984,33,minimum
6.1007795333862305,0.07088764011859894,False,False,family-00301-minimum,family-00301,0.9836665391921997,0.08340400669550863,0.0,3,0.5634355352933125,10.827821731567383,33,minimum
4.6105055809021,-0.012682221829891205,False,False,family-00301-sum_mod_10,family-00301,0.9763509035110474,0.11191962082819103,1.0,0,0.4164620091676567,11.070651054382324,33,sum_mod_10
6.993475914001465,0.025255955755710602,False,False,family-00301-sum_mod_10,family-00301,0.9889933466911316,0.060577666872079536,1.0,1,0.6415316398610591,10.901217460632324,33,sum_mod_10
4.923524379730225,-0.009223327040672302,False,False,family-00301-sum_mod_10,family-00301,0.974220335483551,0.11975085325624864,1.0,2,0.44519952398815144,11.059141159057617,33,sum_mod_10
6.744680404663086,0.03396110236644745,False,True,family-00301-sum_mod_10,family-00301,0.9887164831161499,0.061819559127913246,1.0,3,0.5187158209531909,13.002650260925293,33,sum_mod_10
6.895228862762451,0.6662998199462891,False,False,family-00302-maximum,family-00302,0.9892358183860779,0.05948426336013651,0.0,0,0.5400480175703405,12.767807006835938,33,maximum
8.911949157714844,0.7636688351631165,False,False,family-00302-maximum,family-00302,0.9851025342941284,0.07745308870111323,0.0,1,0.7869930985242115,11.324049949645996,33,maximum
5.097217082977295,0.01469355821609497,False,False,family-00302-maximum,family-00302,0.9421055912971497,0.2211341713114317,0.0,2,0.4689712196374752,10.86893367767334,33,maximum
8.5911226272583,0.4149593710899353,False,False,family-00302-maximum,family-00302,0.9609631896018982,0.16487090540070454,0.0,3,0.7021327788462708,12.23575210571289,33,maximum
4.993075370788574,0.2447596788406372,True,False,family-00302-minimum,family-00302,0.9838332533836365,0.08271993222361723,1.0,0,0.456213715256266,10.944597244262695,33,minimum
5.366246223449707,0.36614254117012024,True,False,family-00302-minimum,family-00302,0.9753132462501526,0.11575723116300439,1.0,1,0.5611810567134331,9.56241512298584,33,minimum
8.119454383850098,0.07965737581253052,True,False,family-00302-minimum,family-00302,0.991091787815094,0.05092214086856271,1.0,2,0.7351451312959457,11.044695854187012,33,minimum
8.796199798583984,0.14931458234786987,True,False,family-00302-minimum,family-00302,0.9798746705055237,0.09852647326656311,1.0,3,0.6588645708257962,13.350543022155762,33,minimum
6.328227996826172,0.08431611955165863,False,False,family-00302-sum_mod_10,family-00302,0.9892358183860779,0.05948426336013651,0.5,0,0.49563938375932626,12.767807006835938,33,sum_mod_10
7.7341413497924805,0.09455010294914246,False,False,family-00302-sum_mod_10,family-00302,0.9868487119674683,0.07002575482713128,0.5,1,0.7063895937201645,10.948832511901855,33,sum_mod_10
8.349906921386719,-0.031858980655670166,False,False,family-00302-sum_mod_10,family-00302,0.9976509213447571,0.01656701024253773,0.5,2,0.6354298291711787,13.140564918518066,33,sum_mod_10
11.446722030639648,0.07416394352912903,False,True,family-00302-sum_mod_10,family-00302,0.9990399479866028,0.007630534602778063,0.5,3,0.7557662735444233,15.145849227905273,33,sum_mod_10
6.161280155181885,-0.1880740523338318,False,False,family-00303-maximum,family-00303,0.9903565049171448,0.05435685567082517,1.0,0,0.4724612678131787,13.040815353393555,33,maximum
10.027634620666504,0.12515772879123688,False,False,family-00303-maximum,family-00303,0.9849847555160522,0.0779462934863117,1.0,1,0.912588498996952,10.988122940063477,33,maximum
4.9167399406433105,0.055044934153556824,False,False,family-00303-maximum,family-00303,0.9690544009208679,0.1380139543718834,1.0,2,0.5025366250308019,9.783843994140625,33,maximum
8.045218467712402,0.11552222818136215,False,False,family-00303-maximum,family-00303,0.9873342514038086,0.06792000222070178,1.0,3,0.7420015163669116,10.84259033203125,33,maximum
5.298431873321533,0.20335757732391357,False,False,family-00303-minimum,family-00303,0.9793587327003479,0.10052442807395853,0.5,0,0.482757927048036,10.97533893585205,33,minimum
5.146084308624268,0.35260844230651855,False,False,family-00303-minimum,family-00303,0.9741112589836121,0.12014678818382452,0.5,1,0.5101343634982346,10.087703704833984,33,minimum
7.32518196105957,0.03147023916244507,False,False,family-00303-minimum,family-00303,0.9931821227073669,0.040803566505119515,0.5,2,0.6413348765651148,11.421773910522461,33,minimum
9.449246406555176,0.35787445306777954,False,False,family-00303-minimum,family-00303,0.9845675230026245,0.07968597851963473,0.5,3,0.7133302673681909,13.246664047241211,33,minimum
5.122136116027832,2.292729914188385e-05,True,False,family-00303-sum_mod_10,family-00303,0.9808030128479004,0.09489726174167043,0.0,0,0.46721073326598106,10.963224411010742,33,sum_mod_10
5.867493629455566,-0.003284669481217861,True,False,family-00303-sum_mod_10,family-00303,0.9833847284317017,0.08455642960842528,0.0,1,0.5851815138387884,10.026792526245117,33,sum_mod_10
9.412967681884766,-0.01206470001488924,True,False,family-00303-sum_mod_10,family-00303,0.9971043467521667,0.019815231189670553,0.0,2,0.7091518790360886,13.27355670928955,33,sum_mod_10
7.8564043045043945,-0.001916693989187479,True,True,family-00303-sum_mod_10,family-00303,0.9980803728103638,0.013926249988716539,0.0,3,0.41521371918836214,18.921350479125977,33,sum_mod_10
6.724201679229736,0.7116405367851257,True,False,family-00304-maximum,family-00304,0.9829329252243042,0.086393901501048,0.5,0,0.6357372983486677,10.57701301574707,33,maximum
9.706216812133789,0.8431504368782043,True,False,family-00304-maximum,family-00304,0.9797818660736084,0.0988868417846753,0.5,1,1.0620285142753987,9.139318466186523,33,maximum
3.50730299949646,-0.016126811504364014,True,False,family-00304-maximum,family-00304,0.8783414363861084,0.37021659012952973,0.5,2,0.3592462339537344,9.76294994354248,33,maximum
5.602860450744629,0.14492398500442505,True,False,family-00304-maximum,family-00304,0.9528223276138306,0.19011968579090435,0.5,3,0.5517201386854185,10.155258178710938,33,maximum
4.84266996383667,0.1236652135848999,False,False,family-00304-minimum,family-00304,0.9763509035110474,0.11191962082819103,0.0,0,0.4374331681170364,11.070651054382324,33,minimum
9.343969345092773,0.4609413146972656,False,False,family-00304-minimum,family-00304,0.9846429824829102,0.07937220174369133,0.0,1,0.9317097885679367,10.028841018676758,33,minimum
4.437650203704834,-0.02346205711364746,False,False,family-00304-minimum,family-00304,0.9856552481651306,0.07512582091251827,0.0,2,0.3586071713827807,12.374683380126953,33,minimum
9.165084838867188,0.49474579095840454,False,False,family-00304-minimum,family-00304,0.9869470596313477,0.0696007163540753,0.0,3,0.6993707162098358,13.104759216308594,33,minimum
4.958240032196045,0.020844748243689537,True,False,family-00304-sum_mod_10,family-00304,0.9864409565925598,0.07178010019152972,1.0,0,0.43400523518470857,11.424378395080566,33,sum_mod_10
8.187460899353027,-0.09486860781908035,True,False,family-00304-sum_mod_10,family-00304,0.9841342568397522,0.08148039379415757,1.0,1,0.7987133580853449,10.250812530517578,33,sum_mod_10
8.724106788635254,0.01018805056810379,True,False,family-00304-sum_mod_10,family-00304,0.9959772229194641,0.026203439465248023,1.0,2,0.6848954537229139,12.737866401672363,33,sum_mod_10
8.962535858154297,0.00345587357878685,True,True,family-00304-sum_mod_10,family-00304,0.9990578293800354,0.007506134774809227,1.0,3,0.5843078533104333,15.338722229003906,33,sum_mod_10
6.727414131164551,0.38347065448760986,False,False,family-00305-maximum,family-00305,0.9892358183860779,0.05948426336013651,0.0,0,0.5269044345330929,12.767807006835938,33,maximum
10.944486618041992,0.910062313079834,False,False,family-00305-maximum,family-00305,0.9850847125053406,0.07752777888520523,0.0,1,0.9952954679428788,10.99621868133545,33,maximum
3.785778522491455,0.08315306901931763,False,False,family-00305-maximum,family-00305,0.897524893283844,0.330487551023657,0.0,2,0.3578807388306191,10.578324317932129,33,maximum
6.452703952789307,0.3128684163093567,False,False,family-00305-maximum,family-00305,0.9542199969291687,0.1858970443151572,0.0,3,0.6300616237963935,10.241385459899902,33,maximum
5.468994617462158,0.27151793241500854,False,False,family-00305-minimum,family-00305,0.9902267456054688,0.05495699482628926,1.0,0,0.4368684929549117,12.51862907409668,33,minimum
8.302533149719238,0.049018800258636475,False,False,family-00305-minimum,family-00305,0.98419189453125,0.08124238194618326,1.0,1,0.7547527730921524,11.000334739685059,33,minimum
6.832767486572266,0.051010310649871826,False,False,family-00305-minimum,family-00305,0.994762122631073,0.032732624031006324,1.0,2,0.5406279324638024,12.63857650756836,33,minimum
12.400789260864258,0.29206252098083496,False,False,family-00305-minimum,family-00305,0.9924295544624329,0.04451201332838325,1.0,3,0.906781272613883,13.675612449645996,33,minimum
5.424834728240967,-0.006320425309240818,True,False,family-00305-sum_mod_10,family-00305,0.9911692142486572,0.05055697991631683,0.5,0,0.4645490457283851,11.67763614654541,33,sum_mod_10
7.160605430603027,-0.04579562693834305,True,False,family-00305-sum_mod_10,family-00305,0.9842174053192139,0.08113696835075765,0.5,1,0.6090411528925939,11.75717830657959,33,sum_mod_10
5.562739849090576,-0.0025332262739539146,True,False,family-00305-sum_mod_10,family-00305,0.9965733289718628,0.022871146975837416,0.5,2,0.43495968333679336,12.789093017578125,33,sum_mod_10
11.671887397766113,-0.010387211106717587,True,True,family-00305-sum_mod_10,family-00305,0.998468816280365,0.011454706071108985,0.5,3,0.797551042803804,14.634658813476562,33,sum_mod_10
7.7562384605407715,-0.06482738256454468,True,False,family-00306-maximum,family-00306,0.9829329252243042,0.086393901501048,1.0,0,0.7333108552474383,10.57701301574707,33,maximum
5.060091972351074,0.6779497861862183,True,False,family-00306-maximum,family-00306,0.9779435396194458,0.10593805075995988,1.0,1,0.5299795704959726,9.547711372375488,33,maximum
6.115174293518066,0.4186960458755493,True,False,family-00306-maximum,family-00306,0.9659712314605713,0.14847902734290253,1.0,2,0.6535611462359022,9.356698036193848,33,maximum
6.897507190704346,0.00016963481903076172,True,False,family-00306-maximum,family-00306,0.9697476625442505,0.13561822698096365,1.0,3,0.6476469591114098,10.650103569030762,33,maximum
8.035844802856445,0.13834422826766968,True,False,family-00306-minimum,family-00306,0.9918346405029297,0.04738979244408929,0.5,0,0.6792231658615755,11.830934524536133,33,minimum
6.111517429351807,0.18239903450012207,True,False,family-00306-minimum,family-00306,0.9687188267707825,0.13916783088027634,0.5,1,0.5591131459836781,10.930734634399414,33,minimum
13.327402114868164,0.7104811072349548,True,False,family-00306-minimum,family-00306,0.9943865537643433,0.03468985411155001,0.5,2,1.029833101939873,12.941322326660156,33,minimum
8.98855972290039,0.04440337419509888,True,False,family-00306-minimum,family-00306,0.9939870834350586,0.03674392813233454,0.5,3,0.49945725843973193,17.996654510498047,33,minimum
6.777982711791992,0.002914492040872574,False,False,family-00306-sum_mod_10,family-00306,0.9892358183860779,0.05948426336013651,0.0,0,0.5308650661905394,12.767807006835938,33,sum_mod_10
6.136570930480957,0.00230181822553277,False,False,family-00306-sum_mod_10,family-00306,0.9869865775108337,0.06942971702499813,0.0,1,0.5411313445000919,11.340261459350586,33,sum_mod_10
13.486056327819824,-0.024083763360977173,False,False,family-00306-sum_mod_10,family-00306,0.9964576363563538,0.02352550221964165,0.0,2,1.1000718333354595,12.25925064086914,33,sum_mod_10
6.545561790466309,0.0033296504989266396,False,True,family-00306-sum_mod_10,family-00306,0.9978540539741516,0.01532870929929536,0.0,3,0.35307424523547853,18.538768768310547,33,sum_mod_10
6.493415832519531,-0.1689479649066925,False,False,family-00307-maximum,family-00307,0.9793587327003479,0.10052442807395853,0.5,0,0.5916369298908969,10.97533893585205,33,maximum
7.412907600402832,0.026622850447893143,False,False,family-00307-maximum,family-00307,0.9802936315536499,0.09689414193992112,0.5,1,0.7338935650925983,10.100793838500977,33,maximum
3.6097829341888428,0.011219287291169167,False,False,family-00307-maximum,family-00307,0.9387784600257874,0.23031548770106072,0.5,2,0.37323459280093496,9.671619415283203,33,maximum
5.713845252990723,0.011352196335792542,False,False,family-00307-maximum,family-00307,0.9616321921348572,0.16272180347189397,0.5,3,0.5979860467284188,9.555148124694824,33,maximum
6.2163567543029785,0.18474388122558594,True,False,family-00307-minimum,family-00307,0.9798713326454163,0.09853944205756467,0.0,0,0.531798951433771,11.689298629760742,33,minimum
9.09084701538086,0.6155455708503723,True,False,family-00307-minimum,family-00307,0.9744387269020081,0.11895669222774716,0.0,1,0.8915463605895754,10.196718215942383,33,minimum
10.372925758361816,0.4419475793838501,True,False,family-00307-minimum,family-00307,0.990705668926239,0.052733143942015254,0.0,2,0.7637647825456506,13.58130931854248,33,minimum
8.173498153686523,0.02929854393005371,True,False,family-00307-minimum,family-00307,0.9875170588493347,0.06712233081729124,0.0,3,0.4462227334286743,18.317081451416016,33,minimum
5.740922927856445,0.007314838469028473,False,False,family-00307-sum_mod_10,family-00307,0.9763509035110474,0.11191962082819103,1.0,0,0.5185713920216009,11.070651054382324,33,sum_mod_10
7.368722438812256,0.01136142760515213,False,False,family-00307-sum_mod_10,family-00307,0.988409161567688,0.06319003284496928,1.0,1,0.6805869473151633,10.827011108398438,33,sum_mod_10
8.354705810546875,-0.020337693393230438,False,False,family-00307-sum_mod_10,family-00307,0.9956489205360413,0.02799986036925634,1.0,2,0.6445152108283603,12.962775230407715,33,sum_mod_10
8.6303129196167,0.0328073725104332,False,True,family-00307-sum_mod_10,family-00307,0.9978197813034058,0.015538940126749591,1.0,3,0.5030970117183656,17.15437126159668,33,sum_mod_10
4.991938591003418,0.20783376693725586,True,False,family-00308-maximum,family-00308,0.9864409565925598,0.07178010019152972,0.0,0,0.4369549412992998,11.424378395080566,33,maximum
7.018553733825684,-0.0210915207862854,True,False,family-00308-maximum,family-00308,0.9816946387290955,0.09136850618917768,0.0,1,0.755143232747263,9.294334411621094,33,maximum
12.16180419921875,0.5323272943496704,True,False,family-00308-maximum,family-00308,0.990961492061615,0.05153511593855942,0.0,2,1.1048718819774268,11.007433891296387,33,maximum
5.6840362548828125,0.06574130058288574,True,False,family-00308-maximum,family-00308,0.9890902638435364,0.060141282632311645,0.0,3,0.328098454462411,17.32417869567871,33,maximum
4.433351516723633,0.2087111473083496,True,False,family-00308-minimum,family-00308,0.9798713326454163,0.09853944205756467,1.0,0,0.37926582741554743,11.689298629760742,33,minimum
8.17304801940918,-0.026287734508514404,True,False,family-00308-minimum,family-00308,0.974383533000946,0.11915758014587921,1.0,1,0.8133357628834964,10.048799514770508,33,minimum
8.096216201782227,0.3702155351638794,True,False,family-00308-minimum,family-00308,0.9912562370300293,0.05014574256524212,1.0,2,0.6905994823044772,11.723461151123047,33,minimum
6.15199613571167,0.2743375301361084,True,False,family-00308-minimum,family-00308,0.9844270348548889,0.08026916153807798,1.0,3,0.5096851336043559,12.070189476013184,33,minimum
4.181584358215332,0.009419506415724754,False,False,family-00308-sum_mod_10,family-00308,0.9671717882156372,0.14443987367646477,0.5,0,0.3967815038501219,10.538758277893066,33,sum_mod_10
7.1841888427734375,0.0005858801305294037,False,False,family-00308-sum_mod_10,family-00308,0.9828465580940247,0.08674375918447498,0.5,1,0.7044846701550646,10.197793006896973,33,sum_mod_10
10.524920463562012,-0.09199279546737671,False,False,family-00308-sum_mod_10,family-00308,0.991744339466095,0.047822704723705395,0.5,2,0.9603885316014132,10.959023475646973,33,sum_mod_10
8.777462005615234,-0.004642315208911896,False,True,family-00308-sum_mod_10,family-00308,0.9901912212371826,0.05512099134152352,0.5,3,0.5601510316785537,15.66981315612793,33,sum_mod_10
8.484976768493652,0.07052475214004517,False,False,family-00309-maximum,family-00309,0.9902267456054688,0.05495699482628926,1.0,0,0.6777880164251062,12.51862907409668,33,maximum
5.664984703063965,-0.02892547845840454,False,False,family-00309-maximum,family-00309,0.9880192875862122,0.06491680488946777,1.0,1,0.4807794786424982,11.782917022705078,33,maximum
14.56593132019043,-0.00848245620727539,False,False,family-00309-maximum,family-00309,0.9958437085151672,0.026937137256260648,1.0,2,1.0321339367584836,14.112442970275879,33,maximum
7.216254711151123,0.043947815895080566,False,False,family-00309-maximum,family-00309,0.9934473633766174,0.03947704260972882,1.0,3,0.3260836017445501,22.130075454711914,33,maximum
7.25455379486084,0.3145259916782379,True,False,family-00309-minimum,family-00309,0.9810398817062378,0.09396401407494959,0.5,0,0.6392366790940612,11.348775863647461,33,minimum
6.024997234344482,-0.11778223514556885,True,False,family-00309-minimum,family-00309,0.9631227254867554,0.15788969008258383,0.5,1,0.581847707760404,10.354938507080078,33,minimum
5.975412845611572,-0.03492790460586548,True,False,family-00309-minimum,family-00309,0.9934372305870056,0.039527914641586524,0.5,2,0.5090498342292946,11.738365173339844,33,minimum
8.778153419494629,0.1624249815940857,True,False,family-00309-minimum,family-00309,0.9921883344650269,0.045684346724358706,0.5,3,0.6867995970185581,12.781244277954102,33,minimum
5.719850540161133,0.3069857656955719,False,False,family-00309-sum_mod_10,family-00309,0.9857364296913147,0.07478219585483034,0.0,0,0.5261290897017195,10.871572494506836,33,sum_mod_10
5.411318778991699,-0.05845308303833008,False,False,family-00309-sum_mod_10,family-00309,0.9824991226196289,0.08814670981550468,0.0,1,0.4772225514436242,11.339193344116211,33,sum_mod_10
11.468123435974121,0.4648410975933075,False,False,family-00309-sum_mod_10,family-00309,0.9970858693122864,0.019923110828920784,0.0,2,0.8477544255749848,13.527647972106934,33,sum_mod_10
7.163010597229004,0.09211331605911255,False,True,family-00309-sum_mod_10,family-00309,0.9979039430618286,0.01502170349265447,0.0,3,0.3907153868898311,18.333065032958984,33,sum_mod_10
6.072591781616211,0.14665073156356812,False,False,family-00310-maximum,family-00310,0.9671717882156372,0.14443987367646477,0.5,0,0.5762151120169973,10.538758277893066,33,maximum
7.090625286102295,0.808451235294342,False,False,family-00310-maximum,family-00310,0.9844242930412292,0.08028053028733591,0.5,1,0.724073059993964,9.792693138122559,33,maximum
5.892244815826416,0.036994755268096924,False,False,family-00310-maximum,family-00310,0.9507248997688293,0.19637526333548694,0.5,2,0.632117460205082,9.321439743041992,33,maximum
9.842572212219238,0.17970645427703857,False,False,family-00310-maximum,family-00310,0.9792495369911194,0.10094558604039193,0.5,3,0.812469780413126,12.114385604858398,33,maximum
5.247450828552246,0.08188539743423462,True,False,family-00310-minimum,family-00310,0.9864409565925598,0.07178010019152972,0.0,0,0.45932046778246094,11.424378395080566,33,minimum
9.559017181396484,0.21611708402633667,True,False,family-00310-minimum,family-00310,0.9772148728370667,0.1086888658589123,0.0,1,0.9713806139744754,9.84065055847168,33,minimum
12.58920955657959,0.5887466669082642,True,False,family-00310-minimum,family-00310,0.9951364398002625,0.030754960390178526,0.0,2,0.9027129853629909,13.945971488952637,33,minimum
9.507015228271484,0.04921293258666992,True,False,family-00310-minimum,family-00310,0.9967769980430603,0.02170958951328777,0.0,3,0.46924126675581257,20.260398864746094,33,minimum
6.177640914916992,-0.02108907699584961,False,False,family-00310-sum_mod_10,family-00310,0.9892358183860779,0.05948426336013651,1.0,0,0.4838451044575985,12.767807006835938,33,sum_mod_10
7.591305255889893,0.016240272670984268,False,False,family-00310-sum_mod_10,family-00310,0.9888894557952881,0.061044493388286804,1.0,1,0.7344532830365832,10.335994720458984,33,sum_mod_10
8.92600154876709,-0.10789008438587189,False,False,family-00310-sum_mod_10,family-00310,0.9933645725250244,0.03989223715523338,1.0,2,0.7174819117282373,12.440733909606934,33,sum_mod_10
8.620129585266113,-0.038198597729206085,False,True,family-00310-sum_mod_10,family-00310,0.9930496215820312,0.04146231497370953,1.0,3,0.5442824772549772,15.837602615356445,33,sum_mod_10
6.600871562957764,0.5106176137924194,True,False,family-00311-maximum,family-00311,0.9798713326454163,0.09853944205756467,0.0,0,0.5646935519426345,11.689298629760742,33,maximum
11.470067977905273,0.9253379106521606,True,False,family-00311-maximum,family-00311,0.9813510179519653,0.09273356847776014,0.0,1,1.1783892373757252,9.733683586120605,33,maximum
5.031832695007324,0.10432267189025879,True,False,family-00311-maximum,family-00311,0.8674977421760559,0.39111586446164803,0.0,2,0.4539094212981981,11.085543632507324,33,maximum
6.389471530914307,0.09363412857055664,True,False,family-00311-maximum,family-00311,0.9389623403549194,0.22981318518409904,0.0,3,0.5055683212385289,12.638195991516113,33,maximum
5.672804355621338,0.2523277997970581,False,False,family-00311-minimum,family-00311,0.9903565049171448,0.05435685567082517,1.0,0,0.4350038093396613,13.040815353393555,33,minimum
5.968620777130127,0.007008016109466553,False,False,family-00311-minimum,family-00311,0.9734815359115601,0.12242344451280751,1.0,1,0.5668694252118146,10.529092788696289,33,minimum
11.330522537231445,0.7652125358581543,False,False,family-00311-minimum,family-00311,0.9916843175888062,0.0481099039795065,1.0,2,1.0112515206971855,11.204455375671387,33,minimum
7.448059558868408,0.13677483797073364,False,False,family-00311-minimum,family-00311,0.9880708456039429,0.06468919763492238,1.0,3,0.47925176073029735,15.541016578674316,33,minimum
4.2478508949279785,-0.036337755620479584,False,False,family-00311-sum_mod_10,family-00311,0.9671717882156372,0.14443987367646477,0.5,0,0.4030693923247682,10.538758277893066,33,sum_mod_10
5.154343605041504,0.007111996412277222,False,False,family-00311-sum_mod_10,family-00311,0.9825485944747925,0.08794737344556534,0.5,1,0.5014369391711214,10.279146194458008,33,sum_mod_10
11.691781997680664,-0.1111140102148056,False,False,family-00311-sum_mod_10,family-00311,0.9954061508178711,0.029312141402888764,0.5,2,0.9766705867150988,11.971059799194336,33,sum_mod_10
8.565336227416992,0.008979761973023415,False,True,family-00311-sum_mod_10,family-00311,0.9990631937980652,0.0074687488768587305,0.5,3,0.5007910479268991,17.103612899780273,33,sum_mod_10
6.164965629577637,0.1682072877883911,True,False,family-00312-maximum,family-00312,0.9810398817062378,0.09396401407494959,1.0,0,0.5432273668674108,11.348775863647461,33,maximum
6.946708679199219,0.4672107994556427,True,False,family-00312-maximum,family-00312,0.9805800318717957,0.09577306841550552,1.0,1,0.6725527655293062,10.32886791229248,33,maximum
7.702901363372803,0.5971977114677429,True,False,family-00312-maximum,family-00312,0.9509291052818298,0.19577040901345835,1.0,2,0.7075880711800313,10.886137962341309,33,maximum
9.622173309326172,0.39560943841934204,True,False,family-00312-maximum,family-00312,0.9776990413665771,0.10686376984629725,1.0,3,0.7365604247787197,13.063657760620117,33,maximum
5.145960807800293,0.12422007322311401,False,False,family-00312-minimum,family-00312,0.9671717882156372,0.14443987367646477,0.5,0,0.48828910124970487,10.538758277893066,33,minimum
6.114001274108887,0.49278494715690613,False,False,family-00312-minimum,family-00312,0.9730957746505737,0.1238104880948642,0.5,1,0.6192927171274224,9.872554779052734,33,minimum
11.031627655029297,0.2903255820274353,False,False,family-00312-minimum,family-00312,0.9955095052719116,0.028755079599457542,0.5,2,0.9103196447648259,12.11841106414795,33,minimum
10.059951782226562,0.08923190832138062,False,False,family-00312-minimum,family-00312,0.9929695725440979,0.04185905462332446,0.5,3,0.6049082753415368,16.63054084777832,33,minimum
5.558235168457031,-0.05580485612154007,True,False,family-00312-sum_mod_10,family-00312,0.9911692142486572,0.05055697991631683,0.0,0,0.47597262825330633,11.67763614654541,33,sum_mod_10
6.181562423706055,0.05224777013063431,True,False,family-00312-sum_mod_10,family-00312,0.9826614260673523,0.08749220778258313,0.0,1,0.5104255568793808,12.110605239868164,33,sum_mod_10
9.860952377319336,-0.047495730221271515,True,False,family-00312-sum_mod_10,family-00312,0.9988239407539368,0.009108576263069866,0.0,2,0.6736863681420371,14.637304306030273,33,sum_mod_10
7.650584697723389,-0.0056081488728523254,True,True,family-00312-sum_mod_10,family-00312,0.9990334510803223,0.007675650310966826,0.0,3,0.43899674531837174,17.42742919921875,33,sum_mod_10
5.720241546630859,0.2458799034357071,True,False,family-00313-maximum,family-00313,0.9838332533836365,0.08271993222361723,0.5,0,0.5226543671700196,10.944597244262695,33,maximum
6.293801784515381,0.3305127024650574,True,False,family-00313-maximum,family-00313,0.9842439889907837,0.08102707689565537,0.5,1,0.5929144279930905,10.615025520324707,33,maximum
5.099156856536865,-0.053989142179489136,True,False,family-00313-maximum,family-00313,0.9638641476631165,0.15546294799789542,0.5,2,0.49238241342690975,10.356090545654297,33,maximum
7.400982856750488,0.13286171853542328,True,False,family-00313-maximum,family-00313,0.9773569703102112,0.10815432415788791,0.5,3,0.6237662510525387,11.864994049072266,33,maximum
4.664164066314697,0.167724609375,True,False,family-00313-minimum,family-00313,0.9808030128479004,0.09489726174167043,0.0,0,0.4254372519849468,10.963224411010742,33,minimum
7.481005668640137,0.6583834290504456,True,False,family-00313-minimum,family-00313,0.9744817614555359,0.11879997555131447,0.0,1,0.8046063088397114,9.297721862792969,33,minimum
9.152384757995605,0.3024798035621643,True,False,family-00313-minimum,family-00313,0.9942542910575867,0.03537301813828634,0.0,2,0.7231476284310527,12.656315803527832,33,minimum
6.13327169418335,0.12646162509918213,True,False,family-00313-minimum,family-00313,0.9929732084274292,0.0418410544085571,0.0,3,0.41174667956010363,14.895740509033203,33,minimum
5.08182954788208,0.040363606065511703,True,False,family-00313-sum_mod_10,family-00313,0.9864409565925598,0.07178010019152972,1.0,0,0.4448232868468676,11.424378395080566,33,sum_mod_10
7.053081512451172,0.03218529373407364,True,False,family-00313-sum_mod_10,family-00313,0.9835663437843323,0.08381430281092611,1.0,1,0.6936489461180396,10.168085098266602,33,sum_mod_10
6.741918563842773,0.016094990074634552,True,False,family-00313-sum_mod_10,family-00313,0.9977959394454956,0.01568486869074921,1.0,2,0.52104568902875,12.939208030700684,33,sum_mod_10
8.430913925170898,0.03676755726337433,True,True,family-00313-sum_mod_10,family-00313,0.999356210231781,0.005374238764712825,1.0,3,0.526260039353181,16.02043342590332,33,sum_mod_10
6.416900634765625,0.17788034677505493,False,False,family-00314-maximum,family-00314,0.9927164912223816,0.043107387919695705,0.0,0,0.54228064984948,11.833172798156738,33,maximum
6.130016803741455,-0.009579062461853027,False,False,family-00314-maximum,family-00314,0.9853874444961548,0.07625608887771808,0.0,1,0.5691213444172211,10.771018981933594,33,maximum
11.874333381652832,0.1711156964302063,False,False,family-00314-maximum,family-00314,0.9921320080757141,0.04595700417151273,0.0,2,0.9727169690510605,12.207387924194336,33,maximum
7.094701290130615,0.07811844348907471,False,False,family-00314-maximum,family-00314,0.9914705157279968,0.04912939832945534,0.0,3,0.38785657718229277,18.29207420349121,33,maximum
5.4078264236450195,-0.09289491176605225,True,False,family-00314-minimum,family-00314,0.9838332533836365,0.08271993222361723,1.0,0,0.4941092214681426,10.944597244262695,33,minimum
5.849508285522461,-0.09303998947143555,True,False,family-00314-minimum,family-00314,0.9700550436973572,0.13455077876604993,1.0,1,0.6132532972972541,9.53848648071289,33,minimum
8.619705200195312,0.19528356194496155,True,False,family-00314-minimum,family-00314,0.9874125719070435,0.06757858394886765,1.0,2,0.7256948963547754,11.877863883972168,33,minimum
6.3561296463012695,0.28062373399734497,True,False,family-00314-minimum,family-00314,0.974230170249939,0.11971513095230046,1.0,3,0.4169889549513397,15.242920875549316,33,minimum
6.157351493835449,-0.022499725222587585,True,False,family-00314-sum_mod_10,family-00314,0.9911692142486572,0.05055697991631683,0.5,0,0.5272772174578307,11.67763614654541,33,sum_mod_10
5.71852970123291,0.012474112212657928,True,False,family-00314-sum_mod_10,family-00314,0.9758875966072083,0.11363873394836184,0.5,1,0.4815660423392994,11.874860763549805,33,sum_mod_10
9.629725456237793,0.004003308713436127,True,False,family-00314-sum_mod_10,family-00314,0.997491717338562,0.017525124560368307,0.5,2,0.7341935511078743,13.116058349609375,33,sum_mod_10
9.790718078613281,0.005647093057632446,True,True,family-00314-sum_mod_10,family-00314,0.9981482028961182,0.013500845726961891,0.5,3,0.635741087727003,15.400480270385742,33,sum_mod_10
6.124985694885254,0.051642537117004395,False,False,family-00315-maximum,family-00315,0.9849240779876709,0.07820001727291194,1.0,0,0.5728402983348019,10.692309379577637,33,maximum
6.629324436187744,0.002725541591644287,False,False,family-00315-maximum,family-00315,0.9812218546867371,0.09324500564105878,1.0,1,0.7419367939294678,8.935160636901855,33,maximum
12.08652114868164,0.15181666612625122,False,False,family-00315-maximum,family-00315,0.9862993359565735,0.07238648770179755,1.0,2,1.0733765496821448,11.26028060913086,33,maximum
6.461185932159424,0.0230216383934021,False,False,family-00315-maximum,family-00315,0.9751067161560059,0.11651565398986756,1.0,3,0.3307281321310497,19.536245346069336,33,maximum
4.5448832511901855,0.3580602705478668,False,False,family-00315-minimum,family-00315,0.9793587327003479,0.10052442807395853,0.5,0,0.41409958068300434,10.97533893585205,33,minimum
7.0910210609436035,0.27084916830062866,False,False,family-00315-minimum,family-00315,0.969556987285614,0.13627876789414878,0.5,1,0.7556260569578658,9.384299278259277,33,minimum
7.042269706726074,0.11182796955108643,False,False,family-00315-minimum,family-00315,0.9908287525177002,0.0521576388168888,0.5,2,0.6082971899651934,11.577021598815918,33,minimum
7.549624919891357,0.2727862000465393,False,False,family-00315-minimum,family-00315,0.9774113893508911,0.10794936951412022,0.5,3,0.5976339935498288,12.632522583007812,33,minimum
5.6102213859558105,-0.26014837622642517,True,False,family-00315-sum_mod_10,family-00315,0.9885151982307434,0.06271811417815862,0.0,0,0.5032684790483012,11.147571563720703,33,sum_mod_10
6.083237171173096,0.21616342663764954,True,False,family-00315-sum_mod_10,family-00315,0.9852690100669861,0.07675434869181222,0.0,1,0.4899928706510568,12.414950370788574,33,sum_mod_10
7.481439113616943,0.25697648525238037,True,False,family-00315-sum_mod_10,family-00315,0.999040424823761,0.007627221628229631,0.0,2,0.4681361196282866,15.981332778930664,33,sum_mod_10
8.426871299743652,-0.14750805497169495,True,True,family-00315-sum_mod_10,family-00315,0.9992066025733948,0.006457294636828259,0.0,3,0.44474061220508465,18.947834014892578,33,sum_mod_10
6.226410388946533,0.7446470856666565,False,False,family-00316-maximum,family-00316,0.9793587327003479,0.10052442807395853,0.5,0,0.5673091669731799,10.97533893585205,33,maximum
6.418585777282715,0.792797327041626,False,False,family-00316-maximum,family-00316,0.982198178768158,0.08935624714244769,0.5,1,0.6433260032028777,9.977190017700195,33,maximum
4.322248935699463,0.2579408288002014,False,False,family-00316-maximum,family-00316,0.9308117032051086,0.25153424431203975,0.5,2,0.4606345164792824,9.38325023651123,33,maximum
8.395788192749023,0.6220194101333618,False,False,family-00316-maximum,family-00316,0.9523281455039978,0.19160224649012297,0.5,3,0.8921439421139511,9.410799980163574,33,maximum
5.321709632873535,0.03029191493988037,True,False,family-00316-minimum,family-00316,0.9911692142486572,0.05055697991631683,0.0,0,0.455718055100377,11.67763614654541,33,minimum
8.03051471710205,0.7896286249160767,True,False,family-00316-minimum,family-00316,0.9721555709838867,0.12716743150860826,0.0,1,0.7368446152735514,10.898518562316895,33,minimum
9.960477828979492,0.6317511796951294,True,False,family-00316-minimum,family-00316,0.9966145157814026,0.022637255811624284,0.0,2,0.7096762883402254,14.03524112701416,33,minimum
9.726076126098633,0.045504093170166016,True,False,family-00316-minimum,family-00316,0.9949994087219238,0.031482195727124816,0.0,3,0.5989006123290773,16.239883422851562,33,minimum
6.206150054931641,-0.17221567034721375,True,False,family-00316-sum_mod_10,family-00316,0.9918346405029297,0.04738979244408929,1.0,0,0.5245697237239145,11.830934524536133,33,sum_mod_10
6.196905136108398,-0.0012385323643684387,True,False,family-00316-sum_mod_10,family-00316,0.9853278994560242,0.0765067192433368,1.0,1,0.5860679121367948,10.573698043823242,33,sum_mod_10
6.913095951080322,-0.0012321174144744873,True,False,family-00316-sum_mod_10,family-00316,0.9959688186645508,0.02624975282500764,1.0,2,0.5852347855965637,11.812517166137695,33,sum_mod_10
7.609503269195557,-0.0010826736688613892,True,True,family-00316-sum_mod_10,family-00316,0.9984307885169983,0.011700663809040876,1.0,3,0.500047189974869,15.217570304870605,33,sum_mod_10
6.696945667266846,0.1956072449684143,True,False,family-00317-maximum,family-00317,0.9798713326454163,0.09853944205756467,0.0,0,0.5729125313144574,11.689298629760742,33,maximum
11.7250337600708,0.883881688117981,True,False,family-00317-maximum,family-00317,0.982126772403717,0.08964247620281042,0.0,1,1.1783847586003637,9.950089454650879,33,maximum
6.037815570831299,-0.06225866079330444,True,False,family-00317-maximum,family-00317,0.9071663618087769,0.3090452635566169,0.0,2,0.5327210133760243,11.333916664123535,33,maximum
6.902153491973877,0.13245731592178345,True,False,family-00317-maximum,family-00317,0.9685434103012085,0.13976952143834903,0.0,3,0.5649085819136401,12.218177795410156,33,maximum
5.419724941253662,-0.15973085165023804,False,False,family-00317-minimum,family-00317,0.9849240779876709,0.07820001727291194,1.0,0,0.5068806699145241,10.692309379577637,33,minimum
7.7097978591918945,-0.056343257427215576,False,False,family-00317-minimum,family-00317,0.9712815284729004,0.13025883233329186,1.0,1,0.8290834516899416,9.299181938171387,33,minimum
6.3701171875,-0.09404957294464111,False,False,family-00317-minimum,family-00317,0.9916344881057739,0.04834800152625631,1.0,2,0.5249370052991544,12.13501262664795,33,minimum
12.615303993225098,0.6353943943977356,False,False,family-00317-minimum,family-00317,0.9917801022529602,0.04765137403160709,1.0,3,0.9546925204317589,13.213996887207031,33,minimum
5.569314956665039,-0.031670942902565,True,False,family-00317-sum_mod_10,family-00317,0.9911692142486572,0.05055697991631683,0.5,0,0.47692143228084793,11.67763614654541,33,sum_mod_10
6.8863019943237305,-0.06011442095041275,True,False,family-00317-sum_mod_10,family-00317,0.9799984097480774,0.09804530218993239,0.5,1,0.5790423058371253,11.892571449279785,33,sum_mod_10
9.319130897521973,-0.017313024029135704,True,False,family-00317-sum_mod_10,family-00317,0.9973944425582886,0.018105509864419875,0.5,2,0.7038519255666251,13.24018669128418,33,sum_mod_10
12.482540130615234,0.00719497911632061,True,True,family-00317-sum_mod_10,family-00317,0.9989846348762512,0.008013260692414335,0.5,3,0.7700437167703009,16.21017074584961,33,sum_mod_10
5.238137245178223,0.10068392753601074,False,False,family-00318-maximum,family-00318,0.9903565049171448,0.05435685567082517,1.0,0,0.4016725260828975,13.040815353393555,33,maximum
7.838745594024658,-0.031149327754974365,False,False,family-00318-maximum,family-00318,0.9848867058753967,0.07835616574053461,1.0,1,0.6796874231224131,11.532868385314941,33,maximum
10.645984649658203,0.3082873225212097,False,False,family-00318-maximum,family-00318,0.9584224820137024,0.17292558199319963,1.0,2,0.7489289656515593,14.214945793151855,33,maximum
5.195338726043701,0.0698397159576416,False,False,family-00318-maximum,family-00318,0.93471360206604,0.24127201016255567,1.0,3,0.2637576512223945,19.69739532470703,33,maximum
5.2731733322143555,0.1371248960494995,True,False,family-00318-minimum,family-00318,0.9838332533836365,0.08271993222361723,0.5,0,0.48180606508646295,10.944597244262695,33,minimum
7.72217321395874,-0.03259754180908203,True,False,family-00318-minimum,family-00318,0.9730528593063354,0.12396444174136073,0.5,1,0.7740377468944707,9.976481437683105,33,minimum
6.031960964202881,0.10044866800308228,True,False,family-00318-minimum,family-00318,0.9746375679969788,0.11823195921732836,0.5,2,0.4662865460754149,12.93616771697998,33,minimum
6.610825538635254,0.3208509087562561,True,False,family-00318-minimum,family-00318,0.933544933795929,0.24437124089168688,0.5,3,0.42900078590852825,15.409821510314941,33,minimum
5.085916519165039,0.012913815677165985,True,False,family-00318-sum_mod_10,family-00318,0.9911692142486572,0.05055697991631683,0.0,0,0.4355262019933378,11.67763614654541,33,sum_mod_10
6.895561218261719,0.04035070911049843,True,False,family-00318-sum_mod_10,family-00318,0.9834282994270325,0.08437857225417786,0.0,1,0.5873862234285746,11.739398956298828,33,sum_mod_10
7.948419094085693,0.028765980154275894,True,False,family-00318-sum_mod_10,family-00318,0.9944072961807251,0.03458243284046423,0.0,2,0.643388347803519,12.353999137878418,33,sum_mod_10
8.078290939331055,-0.0349748320877552,True,True,family-00318-sum_mod_10,family-00318,0.9935182929039001,0.03912049539582098,0.0,3,0.548088942481118,14.739014625549316,33,sum_mod_10
6.576415061950684,0.09346950054168701,True,False,family-00319-maximum,family-00319,0.9810398817062378,0.09396401407494959,0.5,0,0.5794823283995182,11.348775863647461,33,maximum
5.923110485076904,0.7093918323516846,True,False,family-00319-maximum,family-00319,0.9807991981506348,0.09491226691819432,0.5,1,0.5847137225706185,10.129932403564453,33,maximum
8.180985450744629,0.05633443593978882,True,False,family-00319-maximum,family-00319,0.9692951440811157,0.1371838444940303,0.5,2,0.803951104572494,10.175973892211914,33,maximum
9.307934761047363,0.2258439064025879,True,False,family-00319-maximum,family-00319,0.9799270629882812,0.0983228354743527,0.5,3,0.7390563354877362,12.594350814819336,33,maximum
5.9007415771484375,0.06612718105316162,True,False,family-00319-minimum,family-00319,0.9918346405029297,0.04738979244408929,0.0,0,0.498755323589266,11.830934524536133,33,minimum
7.428115367889404,0.5238819122314453,True,False,family-00319-minimum,family-00319,0.9727832674980164,0.12492996782793628,0.0,1,0.7933725258876715,9.36270809173584,33,minimum
10.800975799560547,0.03240311145782471,True,False,family-00319-minimum,family-00319,0.9950823783874512,0.03104232624357461,0.0,2,0.8744450195679244,12.351806640625,33,minimum
9.13022518157959,0.12234324216842651,True,False,family-00319-minimum,family-00319,0.9917490482330322,0.04780015512691747,0.0,3,0.5330963789648401,17.126781463623047,33,minimum
5.036161422729492,-0.0037893098779022694,True,False,family-00319-sum_mod_10,family-00319,0.9808030128479004,0.09489726174167043,1.0,0,0.45936863407370393,10.963224411010742,33,sum_mod_10
7.458499908447266,-0.013820845633745193,True,False,family-00319-sum_mod_10,family-00319,0.9800267815589905,0.09793486595958956,1.0,1,0.7600123027706014,9.8136568069458,33,sum_mod_10
11.243715286254883,-0.03213153034448624,True,False,family-00319-sum_mod_10,family-00319,0.9968500733375549,0.021289722715152448,1.0,2,0.8235228540900166,13.653191566467285,33,sum_mod_10
7.349853992462158,0.002054110635071993,True,True,family-00319-sum_mod_10,family-00319,0.9981209635734558,0.01367197438841895,1.0,3,0.3960559930208374,18.557613372802734,33,sum_mod_10
6.501987934112549,0.08755981922149658,False,False,family-00320-maximum,family-00320,0.9927164912223816,0.043107387919695705,0.0,0,0.5494712234004872,11.833172798156738,33,maximum
6.1553168296813965,0.011489272117614746,False,False,family-00320-maximum,family-00320,0.9874160885810852,0.06756324234970824,0.0,1,0.5711205180217089,10.77761459350586,33,maximum
12.229290008544922,0.4176422953605652,False,False,family-00320-maximum,family-00320,0.9955638647079468,0.02846113658136841,0.0,2,1.0524184547101925,11.62017822265625,33,maximum
8.081700325012207,0.007815122604370117,False,False,family-00320-maximum,family-00320,0.9925341606140137,0.044001232190947884,0.0,3,0.43559894953868833,18.553075790405273,33,maximum
6.364072322845459,0.455635130405426,False,False,family-00320-minimum,family-00320,0.9902267456054688,0.05495699482628926,1.0,0,0.508368151590487,12.51862907409668,33,minimum
4.862077236175537,0.5247219204902649,False,False,family-00320-minimum,family-00320,0.9839769601821899,0.08212886174262835,1.0,1,0.42631837818550905,11.404803276062012,33,minimum
5.766157627105713,0.1933956742286682,False,False,family-00320-minimum,family-00320,0.9967425465583801,0.021906957621190222,1.0,2,0.46292587617629216,12.45589828491211,33,minimum
9.59514331817627,0.16255998611450195,False,False,family-00320-minimum,family-00320,0.9918402433395386,0.04736289881920844,1.0,3,0.7367294974753276,13.023970603942871,33,minimum
7.046670436859131,-0.01422303169965744,False,False,family-00320-sum_mod_10,family-00320,0.9892358183860779,0.05948426336013651,0.5,0,0.551909222397105,12.767807006835938,33,sum_mod_10
7.712824821472168,0.02552991546690464,False,False,family-00320-sum_mod_10,family-00320,0.9873086810112,0.06803136346794073,0.5,1,0.6724026020185506,11.470545768737793,33,sum_mod_10
7.134159564971924,-0.04942070692777634,False,False,family-00320-sum_mod_10,family-00320,0.9974129796028137,0.017995194528638805,0.5,2,0.5144205659616907,13.868340492248535,33,sum_mod_10
8.438562393188477,-0.02046765387058258,False,True,family-00320-sum_mod_10,family-00320,0.9978436231613159,0.015392750264404896,0.5,3,0.4945008725952774,17.064807891845703,33,sum_mod_10
5.902258396148682,0.043518781661987305,False,False,family-00321-maximum,family-00321,0.9903565049171448,0.05435685567082517,1.0,0,0.4525988779231325,13.040815353393555,33,maximum
6.448023796081543,0.004377186298370361,False,False,family-00321-maximum,family-00321,0.985151469707489,0.07724789156771487,1.0,1,0.5799737069736051,11.117786407470703,33,maximum
11.329349517822266,0.03357976675033569,False,False,family-00321-maximum,family-00321,0.9929149150848389,0.042129420359137686,1.0,2,0.8880465013849558,12.757608413696289,33,maximum
8.306002616882324,0.0028276443481445312,False,False,family-00321-maximum,family-00321,0.9865113496780396,0.07147813597802512,1.0,3,0.40167593359541465,20.678367614746094,33,maximum
5.47867488861084,0.0781548023223877,False,False,family-00321-minimum,family-00321,0.9793587327003479,0.10052442807395853,0.5,0,0.4991804736630225,10.97533893585205,33,minimum
5.314337730407715,0.4995163381099701,False,False,family-00321-minimum,family-00321,0.9724608659744263,0.12608102638955757,0.5,1,0.5334764556593631,9.961709976196289,33,minimum
6.815776824951172,0.022403180599212646,False,False,family-00321-minimum,family-00321,0.9940325617790222,0.0365114597348532,0.5,2,0.5966141504589019,11.424095153808594,33,minimum
8.75794792175293,0.2260393500328064,False,False,family-00321-minimum,family-00321,0.9907721281051636,0.05242260477683125,0.5,3,0.6965374480386629,12.573549270629883,33,minimum
5.66620397567749,0.02993190661072731,False,False,family-00321-sum_mod_10,family-00321,0.9857364296913147,0.07478219585483034,0.0,0,0.521194517034265,10.871572494506836,33,sum_mod_10
5.858744144439697,-0.02115418016910553,False,False,family-00321-sum_mod_10,family-00321,0.984110951423645,0.0815765718466962,0.0,1,0.5091796054261979,11.506242752075195,33,sum_mod_10
7.173439979553223,0.02403346449136734,False,False,family-00321-sum_mod_10,family-00321,0.99770587682724,0.016233804307865633,0.0,2,0.505074958192422,14.202723503112793,33,sum_mod_10
5.682573318481445,-0.0014020130038261414,False,True,family-00321-sum_mod_10,family-00321,0.9984299540519714,0.011706050568950384,0.0,3,0.31948623636773077,17.786598205566406,33,sum_mod_10
6.983323574066162,0.09141331911087036,False,False,family-00322-maximum,family-00322,0.9849240779876709,0.07820001727291194,0.5,0,0.653116490194751,10.692309379577637,33,maximum
6.651913166046143,0.006403744220733643,False,False,family-00322-maximum,family-00322,0.9831530451774597,0.08550021927526474,0.5,1,0.7378675896927578,9.015049934387207,33,maximum
11.917498588562012,0.14535307884216309,False,False,family-00322-maximum,family-00322,0.9859894514083862,0.07370818672746297,0.5,2,1.0290684340555658,11.58086109161377,33,maximum
7.544415473937988,0.010899245738983154,False,False,family-00322-maximum,family-00322,0.9779682755470276,0.1058442417337573,0.5,3,0.37188100624623754,20.28717613220215,33,maximum
4.5890302658081055,0.005873560905456543,False,False,family-00322-minimum,family-00322,0.9763509035110474,0.11191962082819103,0.0,0,0.4145221670582359,11.070651054382324,33,minimum
6.530152320861816,0.030005931854248047,False,False,family-00322-minimum,family-00322,0.9845764636993408,0.07964882078233586,0.0,1,0.6576865062945166,9.928974151611328,33,minimum
8.135366439819336,-0.45511487126350403,False,False,family-00322-minimum,family-00322,0.995141863822937,0.030726095533149898,0.0,2,0.6626360073697773,12.277277946472168,33,minimum
9.280927658081055,0.13336379826068878,False,False,family-00322-minimum,family-00322,0.9944145679473877,0.034544755359027984,0.0,3,0.5795748273411279,16.013338088989258,33,minimum
5.982626914978027,-0.0029692864045500755,False,False,family-00322-sum_mod_10,family-00322,0.9892358183860779,0.05948426336013651,1.0,0,0.4685712207096257,12.767807006835938,33,sum_mod_10
5.7570013999938965,-0.00976900290697813,False,False,family-00322-sum_mod_10,family-00322,0.988318681716919,0.06359193918617641,1.0,1,0.5716200986231469,10.07137680053711,33,sum_mod_10
7.728892803192139,-0.0004327036440372467,False,False,family-00322-sum_mod_10,family-00322,0.9943658113479614,0.034797198303849364,1.0,2,0.6734635869211143,11.476333618164062,33,sum_mod_10
6.669068336486816,0.003397058229893446,False,True,family-00322-sum_mod_10,family-00322,0.9944145679473877,0.034544755359027984,1.0,3,0.4416332553641545,15.100919723510742,33,sum_mod_10
7.305113792419434,0.009314168244600296,True,False,family-00323-maximum,family-00323,0.9738819599151611,0.12097758092848775,0.0,0,0.7404771187234506,9.8654146194458,33,maximum
7.718810081481934,0.05601966381072998,True,False,family-00323-maximum,family-00323,0.9703552722930908,0.13350502958051327,0.0,1,0.6854712191757433,11.260589599609375,33,maximum
5.143366813659668,0.053975753486156464,True,False,family-00323-maximum,family-00323,0.9624309539794922,0.16013995698394684,0.0,2,0.45766629362340416,11.23824691772461,33,maximum
7.217998027801514,0.03175760805606842,True,False,family-00323-maximum,family-00323,0.9810694456100464,0.09384732326283743,0.0,3,0.6826464074614506,10.573553085327148,33,maximum
7.893957138061523,0.38494426012039185,False,False,family-00323-minimum,family-00323,0.9902267456054688,0.05495699482628926,1.0,0,0.6305768060813909,12.51862907409668,33,minimum
6.7502760887146,0.18852978944778442,False,False,family-00323-minimum,family-00323,0.981589138507843,0.09178830807272131,1.0,1,0.5580195721363328,12.096844673156738,33,minimum
6.02092981338501,0.04521477222442627,False,False,family-00323-minimum,family-00323,0.9979221224784851,0.014909537266931517,1.0,2,0.41389798933662736,14.546893119812012,33,minimum
11.856159210205078,0.18351531028747559,False,False,family-00323-minimum,family-00323,0.9961519837379456,0.025236333610264956,1.0,3,0.8000687827974018,14.818924903869629,33,minimum
6.075700759887695,-0.04374227672815323,True,False,family-00323-sum_mod_10,family-00323,0.9798713326454163,0.09853944205756467,0.5,0,0.519766065726054,11.689298629760742,33,sum_mod_10
7.101442813873291,-0.022637084126472473,True,False,family-00323-sum_mod_10,family-00323,0.9813174605369568,0.09286653041848872,0.5,1,0.6403592233101549,11.0897798538208,33,sum_mod_10
7.899209499359131,0.00033730268478393555,True,False,family-00323-sum_mod_10,family-00323,0.998227059841156,0.013003149144899437,0.5,2,0.5632663679461065,14.023932456970215,33,sum_mod_10
10.122849464416504,-0.02907877415418625,True,True,family-00323-sum_mod_10,family-00323,0.9993066787719727,0.005736311317104359,0.5,3,0.6139346805307105,16.488479614257812,33,sum_mod_10
6.238889217376709,0.004356026649475098,False,False,family-00324-maximum,family-00324,0.9849240779876709,0.07820001727291194,1.0,0,0.5834931440810175,10.692309379577637,33,maximum
9.713085174560547,0.7948995232582092,False,False,family-00324-maximum,family-00324,0.9819214344024658,0.09046394925574934,1.0,1,1.0781913322584846,9.008684158325195,33,maximum
4.265448093414307,-0.054464757442474365,False,False,family-00324-maximum,family-00324,0.9097583889961243,0.3030964666572358,1.0,2,0.4209991448514362,10.131726264953613,33,maximum
5.9515485763549805,0.16833269596099854,False,False,family-00324-maximum,family-00324,0.9619449377059937,0.16171299177731135,1.0,3,0.5777639091872099,10.301004409790039,33,maximum
4.988944053649902,0.12944847345352173,False,False,family-00324-minimum,family-00324,0.9671717882156372,0.14443987367646477,0.5,0,0.4733901207426976,10.538758277893066,33,minimum
7.668354034423828,0.2759820818901062,False,False,family-00324-minimum,family-00324,0.9746012091636658,0.11836459847939267,0.5,1,0.7796918390913713,9.835108757019043,33,minimum
6.313931941986084,-0.012331128120422363,False,False,family-00324-minimum,family-00324,0.9893608689308167,0.05891820917554128,0.5,2,0.5731169704803063,11.016829490661621,33,minimum
9.031641960144043,0.3220824897289276,False,False,family-00324-minimum,family-00324,0.9869751930236816,0.06947899172731078,0.5,3,0.7121434681726934,12.682334899902344,33,minimum
5.435403347015381,0.00258182967081666,False,False,family-00324-sum_mod_10,family-00324,0.9892358183860779,0.05948426336013651,0.0,0,0.42571158415107957,12.767807006835938,33,sum_mod_10
9.134023666381836,-0.014189515262842178,False,False,family-00324-sum_mod_10,family-00324,0.9888554215431213,0.061197209866357516,0.0,1,0.8580472337643734,10.645129203796387,33,sum_mod_10
9.914155006408691,-0.0043844738975167274,False,False,family-00324-sum_mod_10,family-00324,0.9938964247703552,0.037206311585813785,0.0,2,0.8067567613710793,12.288902282714844,33,sum_mod_10
8.32786750793457,-0.013313733041286469,False,True,family-00324-sum_mod_10,family-00324,0.9936220049858093,0.03859774873794164,0.0,3,0.5087691046180848,16.3686580657959,33,sum_mod_10
6.5513482093811035,0.24305662512779236,True,False,family-00325-maximum,family-00325,0.9810398817062378,0.09396401407494959,0.5,0,0.5772735569099098,11.348775863647461,33,maximum
7.712705612182617,0.5037062764167786,True,False,family-00325-maximum,family-00325,0.9801369309425354,0.09750572326667935,0.5,1,0.7726233830750712,9.982490539550781,33,maximum
5.904801845550537,-0.03674662113189697,True,False,family-00325-maximum,family-00325,0.9391876459121704,0.2291969176638295,0.5,2,0.5202493765376497,11.349945068359375,33,maximum
8.656245231628418,-0.23852860927581787,True,False,family-00325-maximum,family-00325,0.9710349440574646,0.1311259878548093,0.5,3,0.6530183912465172,13.255744934082031,33,maximum
5.819467067718506,0.008384406566619873,False,False,family-00325-minimum,family-00325,0.9927164912223816,0.043107387919695705,0.0,0,0.49179262121694095,11.833172798156738,33,minimum
7.641287803649902,0.05888634920120239,False,False,family-00325-minimum,family-00325,0.9815695285797119,0.09186627106152434,0.0,1,0.7350439684023063,10.3956880569458,33,minimum
14.079412460327148,0.09656006097793579,False,False,family-00325-minimum,family-00325,0.9952604174613953,0.030093660236811103,0.0,2,1.1171387668650048,12.603100776672363,33,minimum
8.672033309936523,0.01698058843612671,False,False,family-00325-minimum,family-00325,0.9954504370689392,0.029073735646071137,0.0,3,0.41047995076381716,21.126569747924805,33,minimum
5.72900390625,-0.03131313994526863,False,False,family-00325-sum_mod_10,family-00325,0.9927164912223816,0.043107387919695705,1.0,0,0.48414774329522264,11.833172798156738,33,sum_mod_10
7.6131792068481445,-0.0307166650891304,False,False,family-00325-sum_mod_10,family-00325,0.9904768466949463,0.053798697534444634,1.0,1,0.6785608520476685,11.219596862792969,33,sum_mod_10
8.060201644897461,-0.004482124000787735,False,False,family-00325-sum_mod_10,family-00325,0.9956641793251038,0.027916932911007882,1.0,2,0.6215164257356786,12.968605995178223,33,sum_mod_10
8.49247932434082,0.009059654548764229,False,True,family-00325-sum_mod_10,family-00325,0.9983417987823486,0.012272666098358632,1.0,3,0.530449557431033,16.009965896606445,33,sum_mod_10
6.266393661499023,0.2139418125152588,False,False,family-00326-maximum,family-00326,0.9927164912223816,0.043107387919695705,0.0,0,0.5295615781487738,11.833172798156738,33,maximum
6.822887420654297,0.48056232929229736,False,False,family-00326-maximum,family-00326,0.9870614409446716,0.06910543895192077,0.0,1,0.6241967006981638,10.930668830871582,33,maximum
8.386192321777344,0.4453985393047333,False,False,family-00326-maximum,family-00326,0.9831962585449219,0.08532443159683495,0.0,2,0.6930256567877592,12.100839614868164,33,maximum
9.46424674987793,0.4089120626449585,False,False,family-00326-maximum,family-00326,0.9922417402267456,0.04542544906005385,0.0,3,0.6288198865600277,15.050806999206543,33,maximum
5.229874134063721,0.09018903970718384,True,False,family-00326-minimum,family-00326,0.9906103014945984,0.05317792350501363,1.0,0,0.43085958676478214,12.138233184814453,33,minimum
5.643298625946045,0.03653883934020996,True,False,family-00326-minimum,family-00326,0.9821902513504028,0.08938803819372994,1.0,1,0.5885804836355711,9.587981224060059,33,minimum
14.595110893249512,0.43684256076812744,True,False,family-00326-minimum,family-00326,0.9959057569503784,0.02659670851051848,1.0,2,1.1863863831117294,12.302156448364258,33,minimum
8.37846565246582,0.033751726150512695,True,False,family-00326-minimum,family-00326,0.9954956769943237,0.02882974879568347,1.0,3,0.4385736819788212,19.10389518737793,33,minimum
5.0815749168396,0.004342745989561081,True,False,family-00326-sum_mod_10,family-00326,0.9810398817062378,0.09396401407494959,0.5,0,0.44776414459967995,11.348775863647461,33,sum_mod_10
6.622877597808838,-0.01053750142455101,True,False,family-00326-sum_mod_10,family-00326,0.9804461598396301,0.09629762392615011,0.5,1,0.6376903852198436,10.385725975036621,33,sum_mod_10
10.979230880737305,-0.11277395486831665,True,False,family-00326-sum_mod_10,family-00326,0.997138261795044,0.019616911589441385,0.5,2,0.87816561376316,12.502460479736328,33,sum_mod_10
9.63965892791748,0.0095155518501997,True,True,family-00326-sum_mod_10,family-00326,0.9995546936988831,0.003881523733117981,0.5,3,0.5356334358471293,17.996746063232422,33,sum_mod_10
6.769001007080078,-0.010564886033535004,False,False,family-00327-maximum,family-00327,0.9849240779876709,0.07820001727291194,1.0,0,0.6330719367332284,10.692309379577637,33,maximum
6.522809982299805,0.11379412561655045,False,False,family-00327-maximum,family-00327,0.9827263355255127,0.08723002302650568,1.0,1,0.7344522256559203,8.881190299987793,33,maximum
6.405994415283203,0.08923248201608658,False,False,family-00327-maximum,family-00327,0.9712746739387512,0.13028296682573545,1.0,2,0.7516412427756951,8.522675514221191,33,maximum
8.387564659118652,0.10555499792098999,False,False,family-00327-maximum,family-00327,0.9885903000831604,0.06238327300496618,1.0,3,0.8524942462689924,9.838851928710938,33,maximum
4.552202224731445,-0.018741726875305176,False,False,family-00327-minimum,family-00327,0.9793587327003479,0.10052442807395853,0.5,0,0.41476643694904197,10.97533893585205,33,minimum
5.918712139129639,0.7202139496803284,False,False,family-00327-minimum,family-00327,0.9742621779441833,0.11959884441011467,0.5,1,0.6143557669197256,9.634014129638672,33,minimum
11.613018989562988,0.7967759966850281,False,False,family-00327-minimum,family-00327,0.9919127225875854,0.04701464772251466,0.5,2,1.0420707174651695,11.14417552947998,33,minimum
8.274234771728516,-0.06739956140518188,False,False,family-00327-minimum,family-00327,0.9873412251472473,0.06788962190152331,0.5,3,0.4946699127103134,16.72677993774414,33,minimum
5.7436676025390625,-0.016910525038838387,False,False,family-00327-sum_mod_10,family-00327,0.9857364296913147,0.07478219585483034,0.0,0,0.5283198548729919,10.871572494506836,33,sum_mod_10
5.230428695678711,-0.027118725702166557,False,False,family-00327-sum_mod_10,family-00327,0.9830383062362671,0.08596641953059894,0.0,1,0.45453330191782404,11.507250785827637,33,sum_mod_10
10.17792797088623,-0.08635976165533066,False,False,family-00327-sum_mod_10,family-00327,0.9982538819313049,0.012833071406957554,0.0,2,0.7304081049241955,13.934576988220215,33,sum_mod_10
7.885684490203857,0.016016513109207153,False,True,family-00327-sum_mod_10,family-00327,0.9993433356285095,0.005468706871939073,0.0,3,0.4531083312090072,17.40353012084961,33,sum_mod_10
6.958019733428955,0.529776930809021,False,False,family-00328-maximum,family-00328,0.9849240779876709,0.07820001727291194,0.5,0,0.650749944321552,10.692309379577637,33,maximum
7.637789249420166,-0.009442627429962158,False,False,family-00328-maximum,family-00328,0.9831395745277405,0.08555499347412776,0.5,1,0.8530797748853469,8.953194618225098,33,maximum
14.071610450744629,0.005250155925750732,False,False,family-00328-maximum,family-00328,0.983278214931488,0.08499073047654689,0.5,2,1.1578016701204188,12.153731346130371,33,maximum
6.653896808624268,0.019852876663208008,False,False,family-00328-maximum,family-00328,0.977462649345398,0.10775618989239748,0.5,3,0.30609666193059054,21.73789405822754,33,maximum
5.736275672912598,0.024314939975738525,False,False,family-00328-minimum,family-00328,0.9927164912223816,0.043107387919695705,0.0,0,0.4847622671246837,11.833172798156738,33,minimum
7.620056629180908,0.07742184400558472,False,False,family-00328-minimum,family-00328,0.981447696685791,0.09235016145743069,0.0,1,0.7409673201135477,10.283930778503418,33,minimum
12.336488723754883,0.5702431201934814,False,False,family-00328-minimum,family-00328,0.9970477223396301,0.020145459210406454,0.0,2,0.9350040860249562,13.194047927856445,33,minimum
10.014663696289062,0.006469547748565674,False,False,family-00328-minimum,family-00328,0.9967427849769592,0.021905593012547745,0.0,3,0.5028875553008719,19.91431999206543,33,minimum
5.7069010734558105,-0.03339443728327751,True,False,family-00328-sum_mod_10,family-00328,0.9798713326454163,0.09853944205756467,1.0,0,0.48821586771050096,11.689298629760742,33,sum_mod_10
6.033030986785889,-0.059321459382772446,True,False,family-00328-sum_mod_10,family-00328,0.987007200717926,0.06934042929608272,1.0,1,0.5877124992172927,10.265275955200195,33,sum_mod_10
9.772988319396973,-0.016331307590007782,True,False,family-00328-sum_mod_10,family-00328,0.9962117671966553,0.024903687641931467,1.0,2,0.7864400928988466,12.42686939239502,33,sum_mod_10
7.536135673522949,0.014722302556037903,True,True,family-00328-sum_mod_10,family-00328,0.9980320334434509,0.014227945265963176,1.0,3,0.47688062738965764,15.80298137664795,33,sum_mod_10
5.473415851593018,0.5183283686637878,True,False,family-00329-maximum,family-00329,0.9808030128479004,0.09489726174167043,0.0,0,0.4992523774388745,10.963224411010742,33,maximum
10.168193817138672,0.8236866593360901,True,False,family-00329-maximum,family-00329,0.9754172563552856,0.11537461389415413,0.0,1,1.0004986482821783,10.163125991821289,33,maximum
3.7359182834625244,-0.06369566917419434,True,False,family-00329-maximum,family-00329,0.9152113795280457,0.29031181956504815,0.0,2,0.32777748399494855,11.397727012634277,33,maximum
7.101994514465332,0.03575921058654785,True,False,family-00329-maximum,family-00329,0.9746243953704834,0.11828001994359583,0.0,3,0.6116984610491571,11.610286712646484,33,maximum
5.4099297523498535,0.09423726797103882,True,False,family-00329-minimum,family-00329,0.9838332533836365,0.08271993222361723,1.0,0,0.49430140110325316,10.944597244262695,33,minimum
5.276042461395264,0.31264108419418335,True,False,family-00329-minimum,family-00329,0.9701602458953857,0.13418469565384694,1.0,1,0.5523251274904057,9.552421569824219,33,minimum
12.808076858520508,0.7622326612472534,True,False,family-00329-minimum,family-00329,0.9871945977210999,0.06852757166005478,1.0,2,1.1295571088905392,11.339025497436523,33,minimum
7.919277191162109,0.01578974723815918,True,False,family-00329-minimum,family-00329,0.986171305179596,0.07293340864569789,1.0,3,0.4189052179451621,18.904699325561523,33,minimum
4.672327995300293,-0.012971239164471626,True,False,family-00329-sum_mod_10,family-00329,0.9810398817062378,0.09396401407494959,0.5,0,0.4117032578171494,11.348775863647461,33,sum_mod_10
5.876594066619873,-0.0204254612326622,True,False,family-00329-sum_mod_10,family-00329,0.9789544939994812,0.10208061389872494,0.5,1,0.561309738253661,10.46943187713623,33,sum_mod_10
11.313714981079102,0.0009295521304011345,True,False,family-00329-sum_mod_10,family-00329,0.9923546314239502,0.044876958520118304,0.5,2,1.0806519388360307,10.469342231750488,33,sum_mod_10
11.603561401367188,0.005818428471684456,True,True,family-00329-sum_mod_10,family-00329,0.9983012080192566,0.01253196806102116,0.5,3,0.6924879003162953,16.756338119506836,33,sum_mod_10
5.054843902587891,0.0337558388710022,True,False,family-00330-maximum,family-00330,0.9838332533836365,0.08271993222361723,1.0,0,0.4618574617021844,10.944597244262695,33,maximum
5.422343730926514,0.025511562824249268,True,False,family-00330-maximum,family-00330,0.9815069437026978,0.09211494704312459,1.0,1,0.5316989776342351,10.198145866394043,33,maximum
11.336974143981934,0.24721390008926392,True,False,family-00330-maximum,family-00330,0.9878266453742981,0.0657652608583832,1.0,2,0.9314702849977989,12.171052932739258,33,maximum
6.259548187255859,0.030264437198638916,True,False,family-00330-maximum,family-00330,0.9797244071960449,0.09910974207092033,1.0,3,0.31665474718805153,19.767738342285156,33,maximum
5.224094390869141,-0.25547054409980774,False,False,family-00330-minimum,family-00330,0.9849240779876709,0.07820001727291194,0.5,0,0.48858429039167034,10.692309379577637,33,minimum
6.018043518066406,0.08665189146995544,False,False,family-00330-minimum,family-00330,0.9661394357681274,0.1479157968344901,0.5,1,0.6306938718398473,9.541940689086914,33,minimum
8.534331321716309,-0.3246249854564667,False,False,family-00330-minimum,family-00330,0.9959204196929932,0.026516123969548555,0.5,2,0.7189955733327849,11.869796752929688,33,minimum
13.215871810913086,0.3981334865093231,False,False,family-00330-minimum,family-00330,0.989756166934967,0.057118997625214114,0.5,3,1.0992119186418672,12.023042678833008,33,minimum
5.658535957336426,-0.17755037546157837,False,False,family-00330-sum_mod_10,family-00330,0.9857364296913147,0.07478219585483034,0.0,0,0.5204891895993481,10.871572494506836,33,sum_mod_10
5.538930416107178,0.03609209135174751,False,False,family-00330-sum_mod_10,family-00330,0.9839730262756348,0.08214505940641202,0.0,1,0.47842641412823433,11.577392578125,33,sum_mod_10
7.806034088134766,-0.031137101352214813,False,False,family-00330-sum_mod_10,family-00330,0.9976546764373779,0.01654428373922789,0.0,2,0.5564572390591618,14.028093338012695,33,sum_mod_10
6.865110397338867,-0.012286394834518433,False,True,family-00330-sum_mod_10,family-00330,0.9981719255447388,0.01335148342616531,0.0,3,0.4089463399348307,16.78731346130371,33,sum_mod_10
5.845701694488525,0.2644904851913452,False,False,family-00331-maximum,family-00331,0.9671717882156372,0.14443987367646477,0.5,0,0.5546860019316443,10.538758277893066,33,maximum
6.338886737823486,0.6235408186912537,False,False,family-00331-maximum,family-00331,0.9845293164253235,0.07984470667721903,0.5,1,0.6540606632293441,9.691588401794434,33,maximum
11.085631370544434,0.562899649143219,False,False,family-00331-maximum,family-00331,0.9647068977355957,0.15268536640224414,0.5,2,1.1975983799217778,9.256551742553711,33,maximum
8.049199104309082,0.3004520535469055,False,False,family-00331-maximum,family-00331,0.9776950478553772,0.10687886723813303,0.5,3,0.5779310933228742,13.927610397338867,33,maximum
3.9670987129211426,0.19502753019332886,True,False,family-00331-minimum,family-00331,0.9738819599151611,0.12097758092848775,0.0,0,0.40212184342476204,9.8654146194458,33,minimum
7.297381401062012,0.7289465665817261,True,False,family-00331-minimum,family-00331,0.9663922786712646,0.14706752636960468,0.0,1,0.7283913563140663,10.018489837646484,33,minimum
10.125892639160156,0.6647892594337463,True,False,family-00331-minimum,family-00331,0.9928921461105347,0.04224192269328287,0.0,2,0.820177011630809,12.34598445892334,33,minimum
11.101605415344238,0.15998131036758423,True,False,family-00331-minimum,family-00331,0.9902406930923462,0.054892571309398425,0.0,3,0.815235534196064,13.617666244506836,33,minimum
6.347707271575928,-0.1495155543088913,True,False,family-00331-sum_mod_10,family-00331,0.9918346405029297,0.04738979244408929,1.0,0,0.5365347309133899,11.830934524536133,33,sum_mod_10
6.106706142425537,0.015778981149196625,True,False,family-00331-sum_mod_10,family-00331,0.9864002466201782,0.07195456397469635,1.0,1,0.5715310681288432,10.684819221496582,33,sum_mod_10
11.836600303649902,-0.11848980188369751,True,False,family-00331-sum_mod_10,family-00331,0.9970334768295288,0.02022836531230328,1.0,2,0.9404051260350437,12.586703300476074,33,sum_mod_10
8.133017539978027,0.0009943656623363495,True,True,family-00331-sum_mod_10,family-00331,0.9983853101730347,0.011993600554271221,1.0,3,0.45226989121344235,17.982664108276367,33,sum_mod_10
6.375637054443359,0.06964290142059326,False,False,family-00332-maximum,family-00332,0.9927164912223816,0.043107387919695705,0.0,0,0.5387935394162837,11.833172798156738,33,maximum
8.76224422454834,0.8390617370605469,False,False,family-00332-maximum,family-00332,0.987204372882843,0.06848509480149086,0.0,1,0.7985508909070208,10.972681045532227,33,maximum
6.253993034362793,0.07255542278289795,False,False,family-00332-maximum,family-00332,0.9690443277359009,0.138048645635413,0.0,2,0.5312792945276212,11.771573066711426,33,maximum
9.579867362976074,0.26988548040390015,False,False,family-00332-maximum,family-00332,0.9873285293579102,0.06794492675738677,0.0,3,0.6714135584082639,14.268206596374512,33,maximum
4.781156539916992,0.0649225115776062,True,False,family-00332-minimum,family-00332,0.9829329252243042,0.086393901501048,1.0,0,0.45203277454597063,10.57701301574707,33,minimum
6.643664836883545,0.3069761097431183,True,False,family-00332-minimum,family-00332,0.9725225567817688,0.12586107556445736,1.0,1,0.6892306235656668,9.63924789428711,33,minimum
8.47724437713623,0.2823822498321533,True,False,family-00332-minimum,family-00332,0.9921438694000244,0.04589962129753264,1.0,2,0.820637838687184,10.33006763458252,33,minimum
10.100166320800781,0.05423039197921753,True,False,family-00332-minimum,family-00332,0.9882735013961792,0.06379236180523978,1.0,3,0.8497262746124387,11.88637638092041,33,minimum
4.830946922302246,0.024935469031333923,True,False,family-00332-sum_mod_10,family-00332,0.9906103014945984,0.05317792350501363,0.5,0,0.39799424255137944,12.138233184814453,33,sum_mod_10
6.415963649749756,0.056823622435331345,True,False,family-00332-sum_mod_10,family-00332,0.9904584884643555,0.053883943756881665,0.5,1,0.5881389942123482,10.908924102783203,33,sum_mod_10
7.06731653213501,-0.07575701922178268,True,False,family-00332-sum_mod_10,family-00332,0.9985787868499756,0.01073802356230061,0.5,2,0.5254174841508743,13.450859069824219,33,sum_mod_10
11.619266510009766,0.06045517697930336,True,True,family-00332-sum_mod_10,family-00332,0.999531626701355,0.004058928022382669,0.5,3,0.7344276975637032,15.820844650268555,33,sum_mod_10
4.381900787353516,0.052182555198669434,True,False,family-00333-maximum,family-00333,0.975021243095398,0.11682901448862817,1.0,0,0.41305937457242264,10.608404159545898,33,maximum
5.410055160522461,0.026588022708892822,True,False,family-00333-maximum,family-00333,0.9743850827217102,0.11915194133089212,1.0,1,0.535521074566314,10.102413177490234,33,maximum
10.6354398727417,0.12834656238555908,True,False,family-00333-maximum,family-00333,0.9819883704185486,0.09019642796050448,1.0,2,0.940970249926002,11.302631378173828,33,maximum
7.778351783752441,0.03112572431564331,True,False,family-00333-maximum,family-00333,0.9709128141403198,0.13155467658486733,1.0,3,0.43093709587394363,18.049854278564453,33,maximum
6.868520736694336,0.40465599298477173,True,False,family-00333-minimum,family-00333,0.9829329252243042,0.086393901501048,0.5,0,0.6493818932120509,10.57701301574707,33,minimum
5.448217391967773,0.04302847385406494,True,False,family-00333-minimum,family-00333,0.9606338143348694,0.16592459423374126,0.5,1,0.5702018488614318,9.554892539978027,33,minimum
5.911462306976318,0.05095398426055908,True,False,family-00333-minimum,family-00333,0.9917297959327698,0.04789233448732237,0.5,2,0.594497342531683,9.943631172180176,33,minimum
12.501686096191406,0.14065855741500854,True,False,family-00333-minimum,family-00333,0.9864699244499207,0.07165588215504212,0.5,3,1.0916283914342977,11.452327728271484,33,minimum
5.846702575683594,0.0233783982694149,False,False,family-00333-sum_mod_10,family-00333,0.993229866027832,0.04056557085329803,0.0,0,0.487576164986792,11.991362571716309,33,sum_mod_10
5.998092174530029,-0.05979042127728462,False,False,family-00333-sum_mod_10,family-00333,0.9879492521286011,0.06522562284694795,0.0,1,0.5221173183791743,11.488016128540039,33,sum_mod_10
6.486564636230469,-0.03540559485554695,False,False,family-00333-sum_mod_10,family-00333,0.9982377290725708,0.012935545034557383,0.0,2,0.4790967449639469,13.539154052734375,33,sum_mod_10
6.437696933746338,-0.0590662844479084,False,True,family-00333-sum_mod_10,family-00333,0.9982035160064697,0.013152104374044116,0.0,3,0.38247140337762137,16.831838607788086,33,sum_mod_10
6.633392333984375,0.5317566394805908,True,False,family-00334-maximum,family-00334,0.9918346405029297,0.04738979244408929,0.5,0,0.5606820256022385,11.830934524536133,33,maximum
7.227745532989502,0.8190509676933289,True,False,family-00334-maximum,family-00334,0.983698844909668,0.08327158306692704,0.5,1,0.6771440965086899,10.673866271972656,33,maximum
6.369950771331787,0.2908342480659485,True,False,family-00334-maximum,family-00334,0.9766920804977417,0.11064774028063902,0.5,2,0.6060225474100329,10.511078834533691,33,maximum
8.128552436828613,0.415741503238678,True,False,family-00334-maximum,family-00334,0.990555465221405,0.053433228361361586,0.5,3,0.6468630341147686,12.566110610961914,33,maximum
5.170361042022705,-0.16067036986351013,True,False,family-00334-minimum,family-00334,0.9798713326454163,0.09853944205756467,0.0,0,0.4423157629713608,11.689298629760742,33,minimum
7.841831207275391,0.3948669135570526,True,False,family-00334-minimum,family-00334,0.9768532514572144,0.11004513396267751,0.0,1,0.8123239813690442,9.653575897216797,33,minimum
10.493029594421387,-0.4382382929325104,True,False,family-00334-minimum,family-00334,0.9950042366981506,0.03145663800791688,0.0,2,0.8327927709178202,12.599808692932129,33,minimum
8.433330535888672,0.2766055464744568,True,False,family-00334-minimum,family-00334,0.9921603798866272,0.045819716588656856,0.0,3,0.536546362328436,15.717803955078125,33,minimum
5.0760650634765625,-0.1113288402557373,False,False,family-00334-sum_mod_10,family-00334,0.9763509035110474,0.11191962082819103,1.0,0,0.45851549638241,11.070651054382324,33,sum_mod_10
6.792716026306152,0.2902962565422058,False,False,family-00334-sum_mod_10,family-00334,0.9898737668991089,0.056580789125986304,1.0,1,0.61868095930706,10.979351997375488,33,sum_mod_10
6.55073356628418,0.15493880212306976,False,False,family-00334-sum_mod_10,family-00334,0.9978869557380676,0.01512637172501931,1.0,2,0.49602329516639304,13.206503868103027,33,sum_mod_10
8.485462188720703,-0.29993733763694763,False,True,family-00334-sum_mod_10,family-00334,0.9992861151695251,0.005885574857233332,1.0,3,0.5048391674287589,16.80824851989746,33,sum_mod_10
5.496575355529785,0.18422150611877441,True,False,family-00335-maximum,family-00335,0.9808030128479004,0.09489726174167043,0.0,0,0.501364849378563,10.963224411010742,33,maximum
6.288337707519531,-0.0046266913414001465,True,False,family-00335-maximum,family-00335,0.9752684831619263,0.1159217607076205,0.0,1,0.617141594957892,10.189456939697266,33,maximum
7.99307107925415,0.38414520025253296,True,False,family-00335-maximum,family-00335,0.9820085763931274,0.09011562157589596,0.0,2,0.6568639160703134,12.168534278869629,33,maximum
5.844144344329834,0.10236924886703491,True,False,family-00335-maximum,family-00335,0.9812057018280029,0.09330890096598213,0.0,3,0.3729021616050878,15.67205810546875,33,maximum
5.436554908752441,0.03955996036529541,True,False,family-00335-minimum,family-00335,0.9838332533836365,0.08271993222361723,1.0,0,0.49673412254638755,10.944597244262695,33,minimum
5.713533878326416,0.06846153736114502,True,False,family-00335-minimum,family-00335,0.9702506065368652,0.13386995310094743,1.0,1,0.5980923079257576,9.552929878234863,33,minimum
15.047557830810547,0.17666912078857422,True,False,family-00335-minimum,family-00335,0.9911655783653259,0.050574142862172516,1.0,2,1.2644140605560952,11.9008150100708,33,minimum
8.625489234924316,0.034143030643463135,True,False,family-00335-minimum,family-00335,0.988081693649292,0.0646412793304885,1.0,3,0.41385971011776435,20.841577529907227,33,minimum
4.277649402618408,-0.0012820431729778647,True,False,family-00335-sum_mod_10,family-00335,0.9798713326454163,0.09853944205756467,0.5,0,0.365945771265317,11.689298629760742,33,sum_mod_10
6.480742454528809,-0.00271236477419734,True,False,family-00335-sum_mod_10,family-00335,0.9810645580291748,0.093866618134096,0.5,1,0.6447071322070895,10.052227020263672,33,sum_mod_10
13.667542457580566,-0.008929039351642132,True,False,family-00335-sum_mod_10,family-00335,0.995902955532074,0.026612098738830442,0.5,2,1.1879915302245547,11.50474739074707,33,sum_mod_10
7.945858955383301,-6.675627082586288e-05,True,True,family-00335-sum_mod_10,family-00335,0.9983811378479004,0.012020410678221412,0.5,3,0.43387861534398103,18.313552856445312,33,sum_mod_10
5.975146293640137,0.12638962268829346,False,False,family-00336-maximum,family-00336,0.9849240779876709,0.07820001727291194,1.0,0,0.5588265435952214,10.692309379577637,33,maximum
7.59039831161499,0.8506820797920227,False,False,family-00336-maximum,family-00336,0.9790504574775696,0.10171190969240672,1.0,1,0.8442697951705971,8.99048900604248,33,maximum
5.969314098358154,0.06547713279724121,False,False,family-00336-maximum,family-00336,0.9502357244491577,0.19782058131113567,1.0,2,0.6634430680714766,8.997477531433105,33,maximum
9.104277610778809,0.42710021138191223,False,False,family-00336-maximum,family-00336,0.9713323712348938,0.13007976474949093,1.0,3,0.8869130320429582,10.265130043029785,33,maximum
5.614241600036621,0.1594381332397461,True,False,family-00336-minimum,family-00336,0.9829329252243042,0.086393901501048,0.5,0,0.5307965104777815,10.57701301574707,33,minimum
6.643299579620361,0.22592467069625854,True,False,family-00336-minimum,family-00336,0.9560110569000244,0.18042032933759436,0.5,1,0.6832691179134783,9.72281551361084,33,minimum
12.39169979095459,0.5089935660362244,True,False,family-00336-minimum,family-00336,0.9939501285552979,0.03693257277964789,0.5,2,1.0457530894999256,11.849546432495117,33,minimum
8.843734741210938,0.02625364065170288,True,False,family-00336-minimum,family-00336,0.9945400357246399,0.033893154487460206,0.5,3,0.47136405788367514,18.762004852294922,33,minimum
5.137019634246826,-0.1306535303592682,True,False,family-00336-sum_mod_10,family-00336,0.9911692142486572,0.05055697991631683,0.0,0,0.4399023543618893,11.67763614654541,33,sum_mod_10
5.968085765838623,0.07443687319755554,True,False,family-00336-sum_mod_10,family-00336,0.9772969484329224,0.10838022519402789,0.0,1,0.515640328434826,11.574125289916992,33,sum_mod_10
10.05131721496582,0.14780423045158386,True,False,family-00336-sum_mod_10,family-00336,0.9979583024978638,0.01468583246628629,0.0,2,0.742015213903764,13.545971870422363,33,sum_mod_10
7.112715721130371,-0.04700419306755066,True,True,family-00336-sum_mod_10,family-00336,0.9990094900131226,0.00784166470037335,0.0,3,0.4027680646984509,17.659582138061523,33,sum_mod_10
6.703280448913574,0.32946187257766724,True,False,family-00337-maximum,family-00337,0.9829329252243042,0.086393901501048,0.5,0,0.6337593079382356,10.57701301574707,33,maximum
11.028399467468262,0.9310028553009033,True,False,family-00337-maximum,family-00337,0.9793805480003357,0.10044021784347464,0.5,1,1.214009577394703,9.084277153015137,33,maximum
3.0694618225097656,0.04519093036651611,True,False,family-00337-maximum,family-00337,0.8026275634765625,0.4967382004552051,0.5,2,0.28167725250898684,10.897088050842285,33,maximum
6.107329845428467,0.17176294326782227,True,False,family-00337-maximum,family-00337,0.9278257489204407,0.25922709280738265,0.5,3,0.5681702803979108,10.74911880493164,33,maximum
4.971124172210693,-0.0029002632945775986,True,False,family-00337-minimum,family-00337,0.9808030128479004,0.09489726174167043,0.0,0,0.45343632364380165,10.963224411010742,33,minimum
7.760038375854492,-0.3746711313724518,True,False,family-00337-minimum,family-00337,0.9731881022453308,0.12347903531463097,0.0,1,0.8323192296460261,9.323391914367676,33,minimum
5.228018760681152,0.005502230022102594,True,False,family-00337-minimum,family-00337,0.9774575233459473,0.10777551321763425,0.0,2,0.4389250115376473,11.910961151123047,33,minimum
6.788316249847412,-0.003497043624520302,True,False,family-00337-minimum,family-00337,0.9783431887626648,0.1044189181850954,0.0,3,0.5834262806941447,11.635259628295898,33,minimum
6.0754618644714355,-0.07758881896734238,False,False,family-00337-sum_mod_10,family-00337,0.9892358183860779,0.05948426336013651,1.0,0,0.4758422383122339,12.767807006835938,33,sum_mod_10
7.963020324707031,0.007690406870096922,False,False,family-00337-sum_mod_10,family-00337,0.9875954389572144,0.06677949492965043,1.0,1,0.7868815257704173,10.119719505310059,33,sum_mod_10
6.764723777770996,-0.017638009041547775,False,False,family-00337-sum_mod_10,family-00337,0.9811584949493408,0.09349555458968672,1.0,2,0.6561505800323888,10.309712409973145,33,sum_mod_10
8.08407211303711,0.004659332800656557,False,True,family-00337-sum_mod_10,family-00337,0.9801298379898071,0.09753337619238303,1.0,3,0.6644076543272194,12.167337417602539,33,sum_mod_10
6.429245948791504,0.25748616456985474,False,False,family-00338-maximum,family-00338,0.9763509035110474,0.11191962082819103,0.0,0,0.580746870008741,11.070651054382324,33,maximum
7.955702781677246,0.5076342821121216,False,False,family-00338-maximum,family-00338,0.9876340627670288,0.06661036949644411,0.0,1,0.7128625311572327,11.1602201461792,33,maximum
4.669020175933838,0.20996549725532532,False,False,family-00338-maximum,family-00338,0.9593409895896912,0.17003289293174625,0.0,2,0.3855293751984907,12.110672950744629,33,maximum
6.5943522453308105,0.26003220677375793,False,False,family-00338-maximum,family-00338,0.988132894039154,0.06441498042837217,0.0,3,0.5436619717202474,12.129508018493652,33,maximum
4.636127948760986,0.38053348660469055,False,False,family-00338-minimum,family-00338,0.9902267456054688,0.05495699482628926,1.0,0,0.3703383111137927,12.51862907409668,33,minimum
5.92600154876709,0.46244651079177856,False,False,family-00338-minimum,family-00338,0.9833276867866516,0.08478909874772472,1.0,1,0.5463562361643927,10.846405982971191,33,minimum
10.731730461120605,0.7819870114326477,False,False,family-00338-minimum,family-00338,0.9969542026519775,0.020688481356169297,1.0,2,0.8619350285460995,12.4507417678833,33,minimum
8.2367525100708,0.006661534309387207,False,False,family-00338-minimum,family-00338,0.9888795614242554,0.061088901678618364,1.0,3,0.5831581591297252,14.124388694763184,33,minimum
4.184323310852051,0.16213294863700867,False,False,family-00338-sum_mod_10,family-00338,0.9671717882156372,0.14443987367646477,0.5,0,0.3970413971472729,10.538758277893066,33,sum_mod_10
4.845058917999268,0.13906708359718323,False,False,family-00338-sum_mod_10,family-00338,0.9827410578727722,0.08717052146181986,0.5,1,0.47285132350856607,10.246474266052246,33,sum_mod_10
7.9800872802734375,0.21205192804336548,False,False,family-00338-sum_mod_10,family-00338,0.996901273727417,0.020994531039109463,0.5,2,0.6569964346891889,12.146317481994629,33,sum_mod_10
9.351418495178223,-0.09177008271217346,False,True,family-00338-sum_mod_10,family-00338,0.9984415173530579,0.011631365792200105,0.5,3,0.6233973810842237,15.000734329223633,33,sum_mod_10
7.0329766273498535,0.08695131540298462,True,False,family-00339-maximum,family-00339,0.9829329252243042,0.086393901501048,1.0,0,0.6649303179337256,10.57701301574707,33,maximum
6.51881742477417,0.6895224452018738,True,False,family-00339-maximum,family-00339,0.9806622862815857,0.09545030168703568,1.0,1,0.6932417736383818,9.403382301330566,33,maximum
8.929452896118164,0.19147372245788574,True,False,family-00339-maximum,family-00339,0.963439404964447,0.15685508056705363,1.0,2,0.8989596093631413,9.933096885681152,33,maximum
8.47830867767334,0.4818692207336426,True,False,family-00339-maximum,family-00339,0.9716551899909973,0.12894062842044937,1.0,3,0.622402816321407,13.621899604797363,33,maximum
6.185507297515869,-0.05862884223461151,True,False,family-00339-minimum,family-00339,0.9918346405029297,0.04738979244408929,0.5,0,0.5228249116490137,11.830934524536133,33,minimum
6.418735980987549,0.19494108855724335,True,False,family-00339-minimum,family-00339,0.971291184425354,0.13022483132091633,0.5,1,0.6590693795328243,9.739089965820312,33,minimum
9.006771087646484,-0.6048375964164734,True,False,family-00339-minimum,family-00339,0.9957096576690674,0.027669449546126382,0.5,2,0.7413777782383121,12.148693084716797,33,minimum
9.810525894165039,-0.15296418964862823,True,False,family-00339-minimum,family-00339,0.994971513748169,0.031629770960658804,0.5,3,0.7193961344532056,13.637167930603027,33,minimum
5.466331958770752,-0.007270102389156818,True,False,family-00339-sum_mod_10,family-00339,0.9911692142486572,0.05055697991631683,0.0,0,0.4681026099950763,11.67763614654541,33,sum_mod_10
6.46526575088501,-0.00024306867271661758,True,False,family-00339-sum_mod_10,family-00339,0.9815064668655396,0.09211684088802795,0.0,1,0.5402123932167086,11.96800708770752,33,sum_mod_10
8.901098251342773,-0.011224648915231228,True,False,family-00339-sum_mod_10,family-00339,0.9985437393188477,0.010967324650851791,0.0,2,0.6233965792756133,14.278388023376465,33,sum_mod_10
8.298025131225586,-0.027566883713006973,True,True,family-00339-sum_mod_10,family-00339,0.9990166425704956,0.007792169558010211,0.0,3,0.4965697117192737,16.710695266723633,33,sum_mod_10
5.74554967880249,0.619718611240387,False,False,family-00340-maximum,family-00340,0.9793587327003479,0.10052442807395853,0.5,0,0.5234963323122599,10.97533893585205,33,maximum
6.112227916717529,0.8861701488494873,False,False,family-00340-maximum,family-00340,0.9809942245483398,0.09414413380191339,0.5,1,0.627978696011043,9.733177185058594,33,maximum
5.850824356079102,0.39894792437553406,False,False,family-00340-maximum,family-00340,0.9466705918312073,0.2082041735717913,0.5,2,0.670201216558674,8.729951858520508,33,maximum
9.751890182495117,0.33734655380249023,False,False,family-00340-maximum,family-00340,0.9607109427452087,0.16567811447260578,0.5,3,1.0603273892108225,9.19705581665039,33,maximum
7.0178704261779785,0.07512670755386353,False,False,family-00340-minimum,family-00340,0.9892358183860779,0.05948426336013651,0.0,0,0.5496535483674355,12.767807006835938,33,minimum
9.067727088928223,0.02604275941848755,False,False,family-00340-minimum,family-00340,0.9733409881591797,0.1229294614091871,0.0,1,0.8301606494533916,10.922858238220215,33,minimum
13.308000564575195,0.2878987789154053,False,False,family-00340-minimum,family-00340,0.9927250146865845,0.04306549149592111,0.0,2,0.8978776565646999,14.821619033813477,33,minimum
7.998615741729736,0.009753942489624023,False,False,family-00340-minimum,family-00340,0.9936741590499878,0.03833423359564595,0.0,3,0.3431230537324685,23.311216354370117,33,minimum
5.94481897354126,0.011168068274855614,True,False,family-00340-sum_mod_10,family-00340,0.9798713326454163,0.09853944205756467,1.0,0,0.5085693472152263,11.689298629760742,33,sum_mod_10
6.926356792449951,0.002411598339676857,True,False,family-00340-sum_mod_10,family-00340,0.984279215335846,0.08088138818363415,1.0,1,0.6998818177972337,9.896466255187988,33,sum_mod_10
8.075106620788574,-0.02018812671303749,True,False,family-00340-sum_mod_10,family-00340,0.9966810345649719,0.022258445336301017,1.0,2,0.6231748702976767,12.95801067352295,33,sum_mod_10
7.872861385345459,0.009875456802546978,True,True,family-00340-sum_mod_10,family-00340,0.9984996318817139,0.011254702707475847,1.0,3,0.5602359096346835,14.05276107788086,33,sum_mod_10
6.386165618896484,0.24177318811416626,False,False,family-00341-maximum,family-00341,0.9763509035110474,0.11191962082819103,0.0,0,0.5768554701548936,11.070651054382324,33,maximum
10.82168197631836,0.8675703406333923,False,False,family-00341-maximum,family-00341,0.9868687987327576,0.06993900468187625,0.0,1,0.9736072092206556,11.115038871765137,33,maximum
5.266914367675781,-0.04057949781417847,False,False,family-00341-maximum,family-00341,0.9297536015510559,0.2542758373695178,0.0,2,0.3884331768842465,13.559383392333984,33,maximum
7.00787878036499,0.1795496940612793,False,False,family-00341-maximum,family-00341,0.9817603230476379,0.09110682537827658,0.0,3,0.5437650883605175,12.8876953125,33,maximum
5.112998008728027,0.1441936492919922,False,False,family-00341-minimum,family-00341,0.9902267456054688,0.05495699482628926,1.0,0,0.4084311451728968,12.51862907409668,33,minimum
6.9726948738098145,0.30416974425315857,False,False,family-00341-minimum,family-00341,0.9810676574707031,0.09385438251126903,1.0,1,0.6287528646418511,11.089722633361816,33,minimum
10.51569652557373,0.6851041316986084,False,False,family-00341-minimum,family-00341,0.9960131645202637,0.026005176589059632,1.0,2,0.8122953286326094,12.945656776428223,33,minimum
7.417947769165039,0.1991385817527771,False,False,family-00341-minimum,family-00341,0.9893057346343994,0.05916796234602749,1.0,3,0.560304411902313,13.23913860321045,33,minimum
5.957406044006348,0.16929760575294495,True,False,family-00341-sum_mod_10,family-00341,0.9911692142486572,0.05055697991631683,0.5,0,0.5101551349301737,11.67763614654541,33,sum_mod_10
6.273399353027344,0.13576456904411316,True,False,family-00341-sum_mod_10,family-00341,0.9762311577796936,0.11236482448398843,0.5,1,0.5340906036990815,11.745945930480957,33,sum_mod_10
10.09900188446045,0.35897836089134216,True,False,family-00341-sum_mod_10,family-00341,0.997399091720581,0.01807785481206047,0.5,2,0.755982624116994,13.35877513885498,33,sum_mod_10
11.179916381835938,0.24613513052463531,True,True,family-00341-sum_mod_10,family-00341,0.9977772831916809,0.01579887738832829,0.5,3,0.6823563130545568,16.384279251098633,33,sum_mod_10
5.095345973968506,0.20889204740524292,True,False,family-00342-maximum,family-00342,0.9906103014945984,0.05317792350501363,1.0,0,0.4197765767379591,12.138233184814453,33,maximum
11.051156044006348,0.6239417791366577,True,False,family-00342-maximum,family-00342,0.9892289638519287,0.05951524850614576,1.0,1,1.0515063075531388,10.509833335876465,33,maximum
8.901352882385254,-0.08191412687301636,True,False,family-00342-maximum,family-00342,0.958075225353241,0.1740136702754829,1.0,2,0.6788906940119536,13.111614227294922,33,maximum
8.175469398498535,0.07246452569961548,True,False,family-00342-maximum,family-00342,0.9690148234367371,0.13815023668151727,1.0,3,0.49797015292978425,16.41758918762207,33,maximum
5.018661975860596,-0.06893634796142578,False,False,family-00342-minimum,family-00342,0.9671717882156372,0.14443987367646477,0.5,0,0.4762099901644142,10.538758277893066,33,minimum
5.785782814025879,0.11449691653251648,False,False,family-00342-minimum,family-00342,0.9739278554916382,0.12081145883576952,0.5,1,0.5881450845635731,9.837339401245117,33,minimum
9.801791191101074,0.0729815661907196,False,False,family-00342-minimum,family-00342,0.9936767220497131,0.038321272582254456,0.5,2,0.892866742245562,10.977888107299805,33,minimum
8.86198616027832,-0.09003829956054688,False,False,family-00342-minimum,family-00342,0.9908722043037415,0.0519540731525927,0.5,3,0.5926859259522889,14.95224666595459,33,minimum
5.671733379364014,-0.01733379252254963,True,False,family-00342-sum_mod_10,family-00342,0.9885151982307434,0.06271811417815862,0.0,0,0.5087864515552812,11.147571563720703,33,sum_mod_10
6.379363536834717,-0.002403395250439644,True,False,family-00342-sum_mod_10,family-00342,0.9852467775344849,0.07684777414553767,0.0,1,0.511780030407285,12.465049743652344,33,sum_mod_10
11.135163307189941,-0.03104955516755581,True,False,family-00342-sum_mod_10,family-00342,0.9991944432258606,0.006544000056371949,0.0,2,0.6710192447431946,16.594402313232422,33,sum_mod_10
8.808574676513672,0.008581370115280151,True,True,family-00342-sum_mod_10,family-00342,0.9993903636932373,0.005122373425947553,0.0,3,0.413198687492943,21.318012237548828,33,sum_mod_10
6.783440113067627,0.023887157440185547,True,False,family-00343-maximum,family-00343,0.9918346405029297,0.04738979244408929,0.5,0,0.5733646905913877,11.830934524536133,33,maximum
5.5435404777526855,0.02256953716278076,True,False,family-00343-maximum,family-00343,0.981810986995697,0.09090481991538643,0.5,1,0.5246096128943988,10.56698226928711,33,maximum
12.388688087463379,0.08530372381210327,True,False,family-00343-maximum,family-00343,0.9880220890045166,0.06490444356816179,0.5,2,1.1524986736553349,10.74941635131836,33,maximum
7.925830841064453,0.01225900650024414,True,False,family-00343-maximum,family-00343,0.9793906211853027,0.10040132593286312,0.5,3,0.4150715654235317,19.095094680786133,33,maximum
6.375051975250244,0.17851503193378448,True,False,family-00343-minimum,family-00343,0.9864409565925598,0.07178010019152972,0.0,0,0.5580217806857128,11.424378395080566,33,minimum
8.300899505615234,0.16595879197120667,True,False,family-00343-minimum,family-00343,0.9744574427604675,0.11888854481137395,0.0,1,0.8515058202195903,9.748494148254395,33,minimum
7.073300838470459,-0.13059420883655548,True,False,family-00343-minimum,family-00343,0.9961832165718079,0.025062665714895266,0.0,2,0.5205677393145743,13.587666511535645,33,minimum
8.149592399597168,0.11839732527732849,True,False,family-00343-minimum,family-00343,0.9939342141151428,0.037013741642545644,0.0,3,0.558878106157493,14.582056999206543,33,minimum
5.772861003875732,-0.11797987669706345,False,False,family-00343-sum_mod_10,family-00343,0.9763509035110474,0.11191962082819103,1.0,0,0.5214563240696257,11.070651054382324,33,sum_mod_10
5.866972923278809,0.015284422785043716,False,False,family-00343-sum_mod_10,family-00343,0.988436758518219,0.06306730680178199,1.0,1,0.5415526835347031,10.833614349365234,33,sum_mod_10
5.067076683044434,-0.03157970309257507,False,False,family-00343-sum_mod_10,family-00343,0.9948840737342834,0.03209135863279963,1.0,2,0.40910615116603627,12.385725975036621,33,sum_mod_10
7.438817501068115,-0.0054198987782001495,False,True,family-00343-sum_mod_10,family-00343,0.9970923662185669,0.019885192388075783,1.0,3,0.5015668487294264,14.831158638000488,33,sum_mod_10
7.3577728271484375,-0.18525266647338867,True,False,family-00344-maximum,family-00344,0.9738819599151611,0.12097758092848775,0.0,0,0.745814860395778,9.8654146194458,33,maximum
5.473176002502441,-0.006276845932006836,True,False,family-00344-maximum,family-00344,0.9704797863960266,0.13307040747858487,0.0,1,0.4844717733684417,11.297203063964844,33,maximum
5.432767868041992,0.0908401608467102,True,False,family-00344-maximum,family-00344,0.9747445583343506,0.11784134137519388,0.0,2,0.4656001894874513,11.66831111907959,33,maximum
7.1742777824401855,0.12252694368362427,True,False,family-00344-maximum,family-00344,0.9641561508178711,0.15450288029022105,0.0,3,0.5092364217732517,14.08830451965332,33,maximum
8.147103309631348,0.5456274747848511,False,False,family-00344-minimum,family-00344,0.9903565049171448,0.05435685567082517,1.0,0,0.62473879806229,13.040815353393555,33,minimum
7.100940704345703,0.004694819450378418,False,False,family-00344-minimum,family-00344,0.973295271396637,0.12309389211385624,1.0,1,0.6425967069779259,11.050384521484375,33,minimum
6.3802618980407715,0.1172146201133728,False,False,family-00344-minimum,family-00344,0.9944180250167847,0.03452683977558674,1.0,2,0.5265211583892907,12.117769241333008,33,minimum
12.624017715454102,0.16493040323257446,False,False,family-00344-minimum,family-00344,0.9882960915565491,0.06369217255496636,1.0,3,1.028939672062082,12.26895809173584,33,minimum
6.829545497894287,0.27510374784469604,True,False,family-00344-sum_mod_10,family-00344,0.9810398817062378,0.09396401407494959,0.5,0,0.6017869750843148,11.348775863647461,33,sum_mod_10
6.4346418380737305,0.086324542760849,True,False,family-00344-sum_mod_10,family-00344,0.9799355268478394,0.09828992527294135,0.5,1,0.5846608237073546,11.005768775939941,33,sum_mod_10
6.039692401885986,0.23331379890441895,True,False,family-00344-sum_mod_10,family-00344,0.9966944456100464,0.02218191108375403,0.5,2,0.46433485111000206,13.00719165802002,33,sum_mod_10
8.09184455871582,-0.026510387659072876,True,True,family-00344-sum_mod_10,family-00344,0.9988971948623657,0.008612187568291355,0.5,3,0.5289891815160765,15.296805381774902,33,sum_mod_10
6.141484260559082,0.3316405415534973,False,False,family-00345-maximum,family-00345,0.9903565049171448,0.05435685567082517,1.0,0,0.47094327265057934,13.040815353393555,33,maximum
10.040578842163086,0.7170521020889282,False,False,family-00345-maximum,family-00345,0.9846799969673157,0.07921814999575498,1.0,1,0.9208095608843779,10.904077529907227,33,maximum
9.711984634399414,0.7279307842254639,False,False,family-00345-maximum,family-00345,0.9671647548675537,0.14446366733208962,1.0,2,1.008033480506741,9.6345853805542,33,maximum
8.80204963684082,0.26703089475631714,False,False,family-00345-maximum,family-00345,0.9656007289886475,0.14971662106329583,1.0,3,0.7446981830387364,11.819620132446289,33,maximum
5.619360446929932,0.1875598430633545,False,False,family-00345-minimum,family-00345,0.9793587327003479,0.10052442807395853,0.5,0,0.5119988074877327,10.97533893585205,33,minimum
5.675538539886475,0.3165481686592102,False,False,family-00345-minimum,family-00345,0.9728551506996155,0.12467279215719326,0.5,1,0.5632429006353956,10.0765380859375,33,minimum
7.407028675079346,-0.04173159599304199,False,False,family-00345-minimum,family-00345,0.993510901927948,0.039157684531927445,0.5,2,0.6318649268678064,11.722487449645996,33,minimum
9.765015602111816,0.09250235557556152,False,False,family-00345-minimum,family-00345,0.9883418679237366,0.06348901516903324,0.5,3,0.7497543193193504,13.024287223815918,33,minimum
5.945542335510254,-0.22142349183559418,False,False,family-00345-sum_mod_10,family-00345,0.9892358183860779,0.05948426336013651,0.0,0,0.4656666828004986,12.767807006835938,33,sum_mod_10
7.107168197631836,0.05906763672828674,False,False,family-00345-sum_mod_10,family-00345,0.9884932637214661,0.06281581517685457,0.0,1,0.6589906514552935,10.784930229187012,33,sum_mod_10
10.080643653869629,0.014523439109325409,False,False,family-00345-sum_mod_10,family-00345,0.9980514049530029,0.01410718846292968,0.0,2,0.7475188009059341,13.485471725463867,33,sum_mod_10
7.9653143882751465,-0.03766034543514252,False,True,family-00345-sum_mod_10,family-00345,0.9968884587287903,0.02106849394712437,0.0,3,0.4476894904986075,17.792051315307617,33,sum_mod_10
6.112355709075928,0.3007643222808838,False,False,family-00346-maximum,family-00346,0.9793587327003479,0.10052442807395853,0.5,0,0.55691726194526,10.97533893585205,33,maximum
10.14163589477539,0.8976986408233643,False,False,family-00346-maximum,family-00346,0.9827066659927368,0.08730949912075815,0.5,1,1.0165590436372025,9.976435661315918,33,maximum
3.939190149307251,0.013452351093292236,False,False,family-00346-maximum,family-00346,0.8842301368713379,0.35841113770054167,0.5,2,0.3644943073524064,10.80727481842041,33,maximum
5.850561141967773,0.1491299271583557,False,False,family-00346-maximum,family-00346,0.9444581270217896,0.21452038773152293,0.5,3,0.5178569348379436,11.297639846801758,33,maximum
6.212581634521484,0.009466230869293213,False,False,family-00346-minimum,family-00346,0.9892358183860779,0.05948426336013651,0.0,0,0.4865817310048031,12.767807006835938,33,minimum
8.594929695129395,0.1330397129058838,False,False,family-00346-minimum,family-00346,0.9790619611740112,0.10166768089170425,0.0,1,0.7990195374387045,10.756845474243164,33,minimum
11.340368270874023,0.06443643569946289,False,False,family-00346-minimum,family-00346,0.9882070422172546,0.06408685879990264,0.0,2,0.86617881620033,13.09241008758545,33,minimum
8.989182472229004,0.020885884761810303,False,False,family-00346-minimum,family-00346,0.9888612627983093,0.06117100681301949,0.0,3,0.450519798494858,19.952913284301758,33,minimum
5.58906364440918,-0.1847127228975296,True,False,family-00346-sum_mod_10,family-00346,0.9738819599151611,0.12097758092848775,1.0,0,0.566531044056935,9.8654146194458,33,sum_mod_10
6.999614238739014,0.12085479497909546,True,False,family-00346-sum_mod_10,family-00346,0.9762077927589417,0.11245162134244543,1.0,1,0.664049614442636,10.540800094604492,33,sum_mod_10
7.2798566818237305,0.16558755934238434,True,False,family-00346-sum_mod_10,family-00346,0.9950136542320251,0.03140677118042354,1.0,2,0.5830471048268862,12.485880851745605,33,sum_mod_10
8.659382820129395,-0.008731111884117126,True,True,family-00346-sum_mod_10,family-00346,0.9981295466423035,0.013618094971478742,1.0,3,0.6057933997093666,14.294283866882324,33,sum_mod_10
7.787357330322266,0.49733150005340576,True,False,family-00347-maximum,family-00347,0.9798713326454163,0.09853944205756467,0.0,0,0.666195430279777,11.689298629760742,33,maximum
9.86534595489502,0.8676864504814148,True,False,family-00347-maximum,family-00347,0.9804750084877014,0.09618466448328514,0.0,1,0.9272487422231529,10.639373779296875,33,maximum
5.544921398162842,0.15132510662078857,True,False,family-00347-maximum,family-00347,0.9515087604522705,0.19404859674585678,0.0,2,0.5208711400426658,10.645476341247559,33,maximum
9.821515083312988,0.41206368803977966,True,False,family-00347-maximum,family-00347,0.9753792881965637,0.11551433783064183,0.0,3,0.7872471466833983,12.475770950317383,33,maximum
6.854018211364746,0.6112710237503052,True,False,family-00347-minimum,family-00347,0.9838332533836365,0.08271993222361723,1.0,0,0.6262467278051473,10.944597244262695,33,minimum
5.154373645782471,0.2719746530056,True,False,family-00347-minimum,family-00347,0.9706022143363953,0.13264253958962086,1.0,1,0.544315833659132,9.469453811645508,33,minimum
7.972835063934326,-0.17690056562423706,True,False,family-00347-minimum,family-00347,0.9931746125221252,0.04084097332234513,1.0,2,0.6954642425603687,11.4640474319458,33,minimum
10.20134162902832,0.5297967791557312,True,False,family-00347-minimum,family-00347,0.9751569032669067,0.11633151831646205,1.0,3,0.8044848589044942,12.680588722229004,33,minimum
6.705620765686035,-0.0027245376259088516,True,False,family-00347-sum_mod_10,family-00347,0.9810398817062378,0.09396401407494959,0.5,0,0.5908673187533434,11.348775863647461,33,sum_mod_10
6.797205448150635,0.0005876841023564339,True,False,family-00347-sum_mod_10,family-00347,0.9792708158493042,0.10086356153816528,0.5,1,0.6110895812861542,11.123091697692871,33,sum_mod_10
7.625770092010498,-0.0018159877508878708,True,False,family-00347-sum_mod_10,family-00347,0.9967629909515381,0.021789878679993855,0.5,2,0.5969271782688693,12.775042533874512,33,sum_mod_10
10.472511291503906,-0.01244692225009203,True,True,family-00347-sum_mod_10,family-00347,0.9985992312431335,0.010603866232273981,0.5,3,0.7142775185720726,14.661684036254883,33,sum_mod_10
7.296613693237305,0.4996660351753235,True,False,family-00348-maximum,family-00348,0.9829329252243042,0.086393901501048,1.0,0,0.6898557922141249,10.57701301574707,33,maximum
8.914241790771484,0.6898447871208191,True,False,family-00348-maximum,family-00348,0.9782022833824158,0.10495537630221653,1.0,1,0.9569632419419783,9.31513500213623,33,maximum
5.372502326965332,-0.19350355863571167,True,False,family-00348-maximum,family-00348,0.9279953837394714,0.25879367107760276,1.0,2,0.5245876985521563,10.24138069152832,33,maximum
7.1530938148498535,0.12982308864593506,True,False,family-00348-maximum,family-00348,0.9534354209899902,0.1882728306439747,1.0,3,0.6811546630939302,10.501423835754395,33,maximum
6.711112976074219,0.32684600353240967,False,False,family-00348-minimum,family-00348,0.9793587327003479,0.10052442807395853,0.5,0,0.6114720479521313,10.97533893585205,33,minimum
7.1374735832214355,0.1289200782775879,False,False,family-00348-minimum,family-00348,0.969606876373291,0.13610606043792497,0.5,1,0.6688161226130445,10.671802520751953,33,minimum
7.167608261108398,-0.047834813594818115,False,False,family-00348-minimum,family-00348,0.9891929030418396,0.059678184761311065,0.5,2,0.5841334312616824,12.270498275756836,33,minimum
12.451643943786621,0.149588942527771,False,False,family-00348-minimum,family-00348,0.9825689792633057,0.08786519575316865,0.5,3,0.9188526122265257,13.55129623413086,33,minimum
6.561567783355713,-0.04629959538578987,False,False,family-00348-sum_mod_10,family-00348,0.9892358183860779,0.05948426336013651,0.0,0,0.513915019223162,12.767807006835938,33,sum_mod_10
7.798923969268799,0.0032867598347365856,False,False,family-00348-sum_mod_10,family-00348,0.9868901968002319,0.06984655707050676,0.0,1,0.700029763677938,11.140846252441406,33,sum_mod_10
9.923876762390137,-0.018938235938549042,False,False,family-00348-sum_mod_10,family-00348,0.9939059615135193,0.037157735757783125,0.0,2,0.8608842307438072,11.527539253234863,33,sum_mod_10
8.539678573608398,0.0033714137971401215,False,True,family-00348-sum_mod_10,family-00348,0.9890756607055664,0.06020709099634851,0.0,3,0.5482767203330132,15.57548999786377,33,sum_mod_10
6.838864326477051,0.538063108921051,False,False,family-00349-maximum,family-00349,0.9849240779876709,0.07820001727291194,0.5,0,0.6396059152140992,10.692309379577637,33,maximum
11.449522018432617,0.8945083618164062,False,False,family-00349-maximum,family-00349,0.9828875660896301,0.08657769848285313,0.5,1,1.2986110262306427,8.816744804382324,33,maximum
4.730931758880615,-0.03707528114318848,False,False,family-00349-maximum,family-00349,0.8945141434669495,0.3369720842782602,0.5,2,0.4254792680620472,11.119065284729004,33,maximum
7.080204486846924,0.07810425758361816,False,False,family-00349-maximum,family-00349,0.9598856568336487,0.1683073663881442,0.5,3,0.6203661900109958,11.412943840026855,33,maximum
5.928804397583008,0.1428188681602478,True,False,family-00349-minimum,family-00349,0.9918346405029297,0.04738979244408929,0.0,0,0.5011273103817185,11.830934524536133,33,minimum
8.48598861694336,0.19898498058319092,True,False,family-00349-minimum,family-00349,0.9755271673202515,0.11496979907983482,0.0,1,0.8914349670122526,9.51947021484375,33,minimum
10.643280029296875,0.2612801194190979,True,False,family-00349-minimum,family-00349,0.9886426329612732,0.06214965173882145,0.0,2,0.8986126213971375,11.844124794006348,33,minimum
10.824664115905762,0.14877396821975708,True,False,family-00349-minimum,family-00349,0.9843710064888,0.08050138220454224,0.0,3,0.7248538619496334,14.933581352233887,33,minimum
5.610863208770752,0.1652277410030365,False,False,family-00349-sum_mod_10,family-00349,0.9927164912223816,0.043107387919695705,1.0,0,0.4741638869369642,11.833172798156738,33,sum_mod_10
7.598169803619385,-0.09325972199440002,False,False,family-00349-sum_mod_10,family-00349,0.9902190566062927,0.05499250175787809,1.0,1,0.6828332280019904,11.127416610717773,33,sum_mod_10
10.131940841674805,0.23970139026641846,False,False,family-00349-sum_mod_10,family-00349,0.996737539768219,0.021935610360463233,1.0,2,0.814430385666051,12.440524101257324,33,sum_mod_10
8.470441818237305,0.0913170576095581,False,True,family-00349-sum_mod_10,family-00349,0.9987481832504272,0.009617123755758437,1.0,3,0.520361034476496,16.27800941467285,33,sum_mod_10
5.589801788330078,0.007699728012084961,True,False,family-00350-maximum,family-00350,0.9808030128479004,0.09489726174167043,0.0,0,0.5098684090344852,10.963224411010742,33,maximum
9.228490829467773,0.614764928817749,True,False,family-00350-maximum,family-00350,0.9748562574386597,0.11743303582704628,0.0,1,0.8931645243416323,10.332352638244629,33,maximum
6.487766265869141,-0.1238785982131958,True,False,family-00350-maximum,family-00350,0.8998457789421082,0.3254216996164411,0.0,2,0.5856443312148409,11.077997207641602,33,maximum
7.927202224731445,-0.03465628623962402,True,False,family-00350-maximum,family-00350,0.9366483688354492,0.2360917556926177,0.0,3,0.6219081626346968,12.746580123901367,33,maximum
4.334529876708984,0.04715031385421753,True,False,family-00350-minimum,family-00350,0.9798713326454163,0.09853944205756467,1.0,0,0.37081180094700894,11.689298629760742,33,minimum
5.172642230987549,0.05469924211502075,True,False,family-00350-minimum,family-00350,0.9746031165122986,0.11835764168211607,1.0,1,0.5104967007747088,10.132567405700684,33,minimum
14.700666427612305,0.7085344791412354,True,False,family-00350-minimum,family-00350,0.9934351444244385,0.03953838633950997,1.0,2,1.2606378720011555,11.66129207611084,33,minimum
7.912657260894775,0.0414881706237793,True,False,family-00350-minimum,family-00350,0.9926831126213074,0.043271361221836765,1.0,3,0.4462514282481067,17.731388092041016,33,minimum
6.532135009765625,-0.006897486746311188,False,False,family-00350-sum_mod_10,family-00350,0.9892358183860779,0.05948426336013651,0.5,0,0.5116097859458788,12.767807006835938,33,sum_mod_10
7.46345853805542,-0.0034850984811782837,False,False,family-00350-sum_mod_10,family-00350,0.9870935082435608,0.0689664022999536,0.5,1,0.6678497968418211,11.175354957580566,33,sum_mod_10
10.388154029846191,0.0005213292315602303,False,False,family-00350-sum_mod_10,family-00350,0.9967442750930786,0.021897063811803057,0.5,2,0.7574304754404235,13.714993476867676,33,sum_mod_10
11.26978874206543,-0.004524347372353077,False,True,family-00350-sum_mod_10,family-00350,0.9986991882324219,0.009943556155723466,0.5,3,0.6669048598059744,16.898645401000977,33,sum_mod_10
5.378841400146484,-0.0006310939788818359,True,False,family-00351-maximum,family-00351,0.9838332533836365,0.08271993222361723,1.0,0,0.4914608806611084,10.944597244262695,33,maximum
9.650335311889648,0.6539002656936646,True,False,family-00351-maximum,family-00351,0.9821656346321106,0.08948673488188788,1.0,1,0.9239601566487611,10.444536209106445,33,maximum
4.549999237060547,-0.18428242206573486,True,False,family-00351-maximum,family-00351,0.9129016995429993,0.29577244031377425,1.0,2,0.3529998274592021,12.889522552490234,33,maximum
6.230958461761475,0.15994495153427124,True,False,family-00351-maximum,family-00351,0.9614324569702148,0.16336469324641262,1.0,3,0.4776044388856441,13.046274185180664,33,maximum
5.280327320098877,0.09846347570419312,True,False,family-00351-minimum,family-00351,0.9829329252243042,0.086393901501048,0.5,0,0.49922670154962645,10.57701301574707,33,minimum
6.159553527832031,0.13810598850250244,True,False,family-00351-minimum,family-00351,0.963874101638794,0.15543026105539137,0.5,1,0.630703235337802,9.766167640686035,33,minimum
13.389863014221191,0.4083176255226135,True,False,family-00351-minimum,family-00351,0.9909781217575073,0.05145698779038345,0.5,2,1.1818622061209438,11.329462051391602,33,minimum
8.405345916748047,0.036348044872283936,True,False,family-00351-minimum,family-00351,0.9900296330451965,0.05586532256785405,0.5,3,0.43965376192011646,19.11810302734375,33,minimum
5.2336554527282715,0.005579568445682526,True,False,family-00351-sum_mod_10,family-00351,0.9808030128479004,0.09489726174167043,0.0,0,0.47738286260672835,10.963224411010742,33,sum_mod_10
7.3644938468933105,0.004885748028755188,True,False,family-00351-sum_mod_10,family-00351,0.9822617769241333,0.08910107142688822,0.0,1,0.7498099072339534,9.82181453704834,33,sum_mod_10
11.073225975036621,-0.02027738094329834,True,False,family-00351-sum_mod_10,family-00351,0.9889573454856873,0.060739547581845826,0.0,2,0.8879250617587573,12.470901489257812,33,sum_mod_10
8.836893081665039,0.016518671065568924,True,True,family-00351-sum_mod_10,family-00351,0.9938284754753113,0.037551981765339824,0.0,3,0.5384101557365876,16.412939071655273,33,sum_mod_10
6.21786642074585,0.22504770755767822,False,False,family-00352-maximum,family-00352,0.9793587327003479,0.10052442807395853,0.5,0,0.5665306973285865,10.97533893585205,33,maximum
7.919787406921387,0.8897338509559631,False,False,family-00352-maximum,family-00352,0.9822571873664856,0.08911949393123629,0.5,1,0.792134889871346,9.998028755187988,33,maximum
8.168758392333984,0.07748633623123169,False,False,family-00352-maximum,family-00352,0.9384832382202148,0.23112070988452613,0.5,2,0.8047216245794749,10.151036262512207,33,maximum
5.757321834564209,0.06118762493133545,False,False,family-00352-maximum,family-00352,0.9491399526596069,0.2010398560707338,0.5,3,0.4302067903667147,13.382684707641602,33,maximum
5.7393646240234375,0.1259177327156067,False,False,family-00352-minimum,family-00352,0.9927164912223816,0.043107387919695705,0.0,0,0.48502330878810984,11.833172798156738,33,minimum
9.666547775268555,0.3785482943058014,False,False,family-00352-minimum,family-00352,0.9814600944519043,0.09230095750957333,0.0,1,0.9571222208016208,10.09959602355957,33,minimum
10.449400901794434,-0.0959920883178711,False,False,family-00352-minimum,family-00352,0.9976060390472412,0.016838183018279808,0.0,2,0.7195382946777369,14.522369384765625,33,minimum
11.516715049743652,0.5592289566993713,False,False,family-00352-minimum,family-00352,0.9966828227043152,0.022248243915512323,0.0,3,0.6232440385873862,18.478660583496094,33,minimum
5.802919864654541,-0.00019495561718940735,False,False,family-00352-sum_mod_10,family-00352,0.9927164912223816,0.043107387919695705,1.0,0,0.4903942470575995,11.833172798156738,33,sum_mod_10
7.249329566955566,0.01978457160294056,False,False,family-00352-sum_mod_10,family-00352,0.9895946979522705,0.05785575814564292,1.0,1,0.6494056484096874,11.1630220413208,33,sum_mod_10
5.963326930999756,0.02058103121817112,False,False,family-00352-sum_mod_10,family-00352,0.9983812570571899,0.012019644824285063,1.0,2,0.4491567341134278,13.276717185974121,33,sum_mod_10
7.765835762023926,-0.06654203683137894,False,True,family-00352-sum_mod_10,family-00352,0.9992709755897522,0.005995087578464488,1.0,3,0.5167852889235567,15.027199745178223,33,sum_mod_10
5.890307903289795,0.0538637638092041,True,False,family-00353-maximum,family-00353,0.9738819599151611,0.12097758092848775,0.0,0,0.5970664316205585,9.8654146194458,33,maximum
4.724087715148926,0.10109943151473999,True,False,family-00353-maximum,family-00353,0.9740030169487,0.12053922771126035,0.0,1,0.4423946494303959,10.678446769714355,33,maximum
8.917014122009277,0.1881747841835022,True,False,family-00353-maximum,family-00353,0.9907920360565186,0.05232948840780491,0.0,2,0.7423585476931441,12.011734962463379,33,maximum
6.437158584594727,0.010642409324645996,True,False,family-00353-maximum,family-00353,0.986641526222229,0.07091873701054349,0.0,3,0.3837749971003023,16.77326202392578,33,maximum
6.142386436462402,0.4035952687263489,False,False,family-00353-minimum,family-00353,0.9902267456054688,0.05495699482628926,1.0,0,0.4906596720859888,12.51862907409668,33,minimum
5.418280124664307,0.362517774105072,False,False,family-00353-minimum,family-00353,0.9849137663841248,0.0782431106861764,1.0,1,0.48166965145009266,11.248954772949219,33,minimum
8.211894989013672,0.18388807773590088,False,False,family-00353-minimum,family-00353,0.9977986216545105,0.015668464682679555,1.0,2,0.6347056203773415,12.938116073608398,33,minimum
11.553948402404785,0.5860902070999146,False,False,family-00353-minimum,family-00353,0.9954758286476135,0.02893685033920763,1.0,3,0.9331446226347009,12.381733894348145,33,minimum
6.759257793426514,0.047237902879714966,False,False,family-00353-sum_mod_10,family-00353,0.9892358183860779,0.05948426336013651,0.5,0,0.5293984933988726,12.767807006835938,33,sum_mod_10
7.464285850524902,-0.13584724068641663,False,False,family-00353-sum_mod_10,family-00353,0.9870994687080383,0.06894055016621825,0.5,1,0.6664966690370961,11.199284553527832,33,sum_mod_10
7.630725383758545,0.05108962208032608,False,False,family-00353-sum_mod_10,family-00353,0.9983458518981934,0.012246719722794546,0.5,2,0.534545491106848,14.275165557861328,33,sum_mod_10
9.986344337463379,-0.015697240829467773,False,True,family-00353-sum_mod_10,family-00353,0.9989467263221741,0.008273807426965991,0.5,3,0.6772652391034967,14.745100975036621,33,sum_mod_10
6.185111045837402,0.5955696105957031,True,False,family-00354-maximum,family-00354,0.9829329252243042,0.086393901501048,1.0,0,0.5847691627710963,10.57701301574707,33,maximum
9.498229026794434,0.807794988155365,True,False,family-00354-maximum,family-00354,0.97719407081604,0.10876704259077388,1.0,1,0.9893675630656799,9.600303649902344,33,maximum
3.1501052379608154,0.04885774850845337,True,False,family-00354-maximum,family-00354,0.843805730342865,0.433304877918411,1.0,2,0.29473819394147166,10.6878080368042,33,maximum
5.677581787109375,0.22918176651000977,True,False,family-00354-maximum,family-00354,0.9417182803153992,0.22221320166640696,1.0,3,0.5441951717314999,10.432988166809082,33,maximum
5.058486461639404,0.058262646198272705,False,False,family-00354-minimum,family-00354,0.9671717882156372,0.14443987367646477,0.5,0,0.47998884956404075,10.538758277893066,33,minimum
6.548665523529053,0.05858355760574341,False,False,family-00354-minimum,family-00354,0.9737288951873779,0.12153101105053485,0.5,1,0.6620099969024199,9.892094612121582,33,minimum
12.64942741394043,0.27672481536865234,False,False,family-00354-minimum,family-00354,0.9844731688499451,0.08007779636604262,0.5,2,1.3746425396034458,9.20197582244873,33,minimum
8.016565322875977,0.020431876182556152,False,False,family-00354-minimum,family-00354,0.990898072719574,0.05183278409891385,0.5,3,0.48427792163917965,16.553646087646484,33,minimum
5.093848705291748,-0.09341862052679062,True,False,family-00354-sum_mod_10,family-00354,0.9911692142486572,0.05055697991631683,0.0,0,0.43620546499033186,11.67763614654541,33,sum_mod_10
6.477513313293457,0.0381864495575428,True,False,family-00354-sum_mod_10,family-00354,0.9777127504348755,0.10681193741274728,0.0,1,0.5607802681475134,11.550893783569336,33,sum_mod_10
12.16156005859375,0.04881754145026207,True,False,family-00354-sum_mod_10,family-00354,0.9954043626785278,0.029321758440200088,0.0,2,0.9816611334145,12.388755798339844,33,sum_mod_10
7.291964530944824,0.025141585618257523,True,True,family-00354-sum_mod_10,family-00354,0.9983288645744324,0.01235539931748381,0.0,3,0.4025476786188484,18.11453628540039,33,sum_mod_10
6.791868686676025,0.4332144260406494,False,False,family-00355-maximum,family-00355,0.9849240779876709,0.07820001727291194,0.5,0,0.6352106402428392,10.692309379577637,33,maximum
9.435586929321289,0.9184343218803406,False,False,family-00355-maximum,family-00355,0.9826931953430176,0.08736391506752739,0.5,1,1.0736507487285711,8.788320541381836,33,maximum
5.185783386230469,0.0366397500038147,False,False,family-00355-maximum,family-00355,0.8822154998779297,0.3624873970663499,0.5,2,0.539892479972295,9.605215072631836,33,maximum
8.014152526855469,0.09434294700622559,False,False,family-00355-maximum,family-00355,0.9556119441986084,0.18164724151281145,0.5,3,0.7224430978510462,11.09312629699707,33,maximum
4.7392354011535645,0.07068967819213867,False,False,family-00355-minimum,family-00355,0.9763509035110474,0.11191962082819103,0.0,0,0.4280900353441756,11.070651054382324,33,minimum
6.675936222076416,0.7721623182296753,False,False,family-00355-minimum,family-00355,0.9834091663360596,0.08445668810114947,0.0,1,0.677395014669482,9.855307579040527,33,minimum
9.719077110290527,0.5316647291183472,False,False,family-00355-minimum,family-00355,0.9887584447860718,0.06163178285401771,0.0,2,0.9247773806468801,10.509639739990234,33,minimum
9.440401077270508,0.183111310005188,False,False,family-00355-minimum,family-00355,0.9885460734367371,0.06258051757401818,0.0,3,0.7073211582457939,13.346696853637695,33,minimum
5.2999958992004395,-0.01593196392059326,True,False,family-00355-sum_mod_10,family-00355,0.9864409565925598,0.07178010019152972,1.0,0,0.463919848933108,11.424378395080566,33,sum_mod_10
7.113049507141113,0.36083662509918213,True,False,family-00355-sum_mod_10,family-00355,0.9834107756614685,0.08445011847395131,1.0,1,0.7021258148947683,10.130733489990234,33,sum_mod_10
7.183678150177002,0.24604755640029907,True,False,family-00355-sum_mod_10,family-00355,0.9976402521133423,0.01663154956914286,1.0,2,0.5396361028936308,13.312078475952148,33,sum_mod_10
8.627384185791016,0.01661628484725952,True,True,family-00355-sum_mod_10,family-00355,0.9991777539253235,0.006662708958032785,1.0,3,0.5284827907308236,16.32481575012207,33,sum_mod_10
6.448184967041016,0.0818597674369812,False,False,family-00356-maximum,family-00356,0.9927164912223816,0.043107387919695705,0.0,0,0.5449244321054327,11.833172798156738,33,maximum
5.595511436462402,0.040330588817596436,False,False,family-00356-maximum,family-00356,0.984683096408844,0.07920524621454723,0.0,1,0.5102160269558899,10.96694564819336,33,maximum
11.355310440063477,0.27748775482177734,False,False,family-00356-maximum,family-00356,0.9915169477462769,0.04890845572460601,0.0,2,0.9256898492373863,12.266862869262695,33,maximum
7.732316493988037,0.027553081512451172,False,False,family-00356-maximum,family-00356,0.9874790906906128,0.06728822480010219,0.0,3,0.416539121303552,18.563241958618164,33,maximum
5.140105247497559,0.0571938157081604,False,False,family-00356-minimum,family-00356,0.9902267456054688,0.05495699482628926,1.0,0,0.4105964971941993,12.51862907409668,33,minimum
5.7906389236450195,0.023041903972625732,False,False,family-00356-minimum,family-00356,0.9795458316802979,0.09980143138447722,1.0,1,0.5214050046224602,11.105836868286133,33,minimum
14.452131271362305,0.48843491077423096,False,False,family-00356-minimum,family-00356,0.9951342940330505,0.030766377776092924,1.0,2,1.190851582808664,12.135963439941406,33,minimum
8.66416072845459,0.012408435344696045,False,False,family-00356-minimum,family-00356,0.9947740435600281,0.03267006618932232,1.0,3,0.4392780546619596,19.723636627197266,33,minimum
4.807263374328613,-7.41034746170044e-05,True,False,family-00356-sum_mod_10,family-00356,0.9810398817062378,0.09396401407494959,0.5,0,0.4235931198295403,11.348775863647461,33,sum_mod_10
6.5055413246154785,-0.025562923401594162,True,False,family-00356-sum_mod_10,family-00356,0.978588342666626,0.10348332576126591,0.5,1,0.6327346943242904,10.281625747680664,33,sum_mod_10
11.187199592590332,-0.029360808432102203,True,False,family-00356-sum_mod_10,family-00356,0.996357262134552,0.02409013997138871,0.5,2,0.9032457740104772,12.385554313659668,33,sum_mod_10
7.581733226776123,-0.007817404344677925,True,True,family-00356-sum_mod_10,family-00356,0.9990553259849548,0.007523571054116904,0.5,3,0.40937008274606496,18.52048683166504,33,sum_mod_10
5.5819549560546875,0.07797122001647949,True,False,family-00357-maximum,family-00357,0.9906103014945984,0.05317792350501363,1.0,0,0.4598655233479941,12.138233184814453,33,maximum
6.605677604675293,0.04489856958389282,True,False,family-00357-maximum,family-00357,0.9875202178955078,0.06710852275626816,1.0,1,0.6513650156993097,10.141283988952637,33,maximum
11.599241256713867,0.03610563278198242,True,False,family-00357-maximum,family-00357,0.9901161789894104,0.055466993651035384,1.0,2,0.9320033762335685,12.4454927444458,33,maximum
7.151238918304443,0.012046217918395996,True,False,family-00357-maximum,family-00357,0.9909530878067017,0.05157458830813401,1.0,3,0.3574060756698572,20.00872230529785,33,maximum
6.729482173919678,0.10414266586303711,True,False,family-00357-minimum,family-00357,0.9918346405029297,0.04738979244408929,0.5,0,0.5688039402097467,11.830934524536133,33,minimum
5.448967933654785,0.05581557750701904,True,False,family-00357-minimum,family-00357,0.9661017060279846,0.14804220959965786,0.5,1,0.5472663344239408,9.95670223236084,33,minimum
12.025278091430664,0.1538679599761963,True,False,family-00357-minimum,family-00357,0.9947454929351807,0.032819846672454085,0.5,2,1.0512863845459606,11.438632011413574,33,minimum
8.362871170043945,0.03637665510177612,True,False,family-00357-minimum,family-00357,0.9945440292358398,0.03387236743934732,0.5,3,0.4775022333809287,17.513784408569336,33,minimum
4.950789928436279,0.05471751093864441,False,False,family-00357-sum_mod_10,family-00357,0.993229866027832,0.04056557085329803,0.0,0,0.4128630002493269,11.991362571716309,33,sum_mod_10
6.264126777648926,0.03806297481060028,False,False,family-00357-sum_mod_10,family-00357,0.9885109663009644,0.06273696739605267,0.0,1,0.5558509620999149,11.26943588256836,33,sum_mod_10
8.695840835571289,0.12293779850006104,False,False,family-00357-sum_mod_10,family-00357,0.9984679818153381,0.011460113328508314,0.0,2,0.6478198737844474,13.423238754272461,33,sum_mod_10
5.794321060180664,-0.06873703002929688,False,True,family-00357-sum_mod_10,family-00357,0.9991633892059326,0.006764611651849865,0.0,3,0.3309590163961216,17.50766944885254,33,sum_mod_10
5.806918621063232,0.1820734292268753,True,False,family-00358-maximum,family-00358,0.9911692142486572,0.05055697991631683,0.5,0,0.49726832966799456,11.67763614654541,33,maximum
7.073058128356934,0.2549218535423279,True,False,family-00358-maximum,family-00358,0.9799649715423584,0.09817540645924028,0.5,1,0.6724553958672037,10.518256187438965,33,maximum
6.057933807373047,-0.2304132878780365,True,False,family-00358-maximum,family-00358,0.9800739884376526,0.09775102375701618,0.5,2,0.5482147216989139,11.050293922424316,33,maximum
8.174677848815918,-0.1416228711605072,True,False,family-00358-maximum,family-00358,0.9883963465690613,0.063246999648767,0.5,3,0.5686220126811669,14.37629508972168,33,maximum
5.808907985687256,0.027861475944519043,False,False,family-00358-minimum,family-00358,0.9927164912223816,0.043107387919695705,0.0,0,0.49090029231991894,11.833172798156738,33,minimum
7.993978500366211,0.634041428565979,False,False,family-00358-minimum,family-00358,0.9800862073898315,0.09770341975818514,0.0,1,0.7886978351652995,10.135666847229004,33,minimum
6.304593563079834,-0.0029203295707702637,False,False,family-00358-minimum,family-00358,0.9945793151855469,0.033688568846830955,0.0,2,0.5125438562418501,12.300593376159668,33,minimum
13.730500221252441,0.6723679900169373,False,False,family-00358-minimum,family-00358,0.9923275113105774,0.04500887604768107,0.0,3,1.1484478635200266,11.95570182800293,33,minimum
5.138411521911621,0.047565899789333344,False,False,family-00358-sum_mod_10,family-00358,0.9763509035110474,0.11191962082819103,1.0,0,0.46414718490088963,11.070651054382324,33,sum_mod_10
6.7522969245910645,0.023348160088062286,False,False,family-00358-sum_mod_10,family-00358,0.9894487857818604,0.058519356097589625,1.0,1,0.6076895862759912,11.111424446105957,33,sum_mod_10
5.700666904449463,0.0035349279642105103,False,False,family-00358-sum_mod_10,family-00358,0.9955446124076843,0.028565317501564453,1.0,2,0.4500624996611872,12.666389465332031,33,sum_mod_10
8.781113624572754,0.016260556876659393,False,True,family-00358-sum_mod_10,family-00358,0.9982663989067078,0.012753560929965324,1.0,3,0.5711137545173467,15.375419616699219,33,sum_mod_10
5.7886152267456055,-0.01098787784576416,True,False,family-00359-maximum,family-00359,0.9738819599151611,0.12097758092848775,0.0,0,0.5867584333795376,9.8654146194458,33,maximum
8.178479194641113,0.7939240336418152,True,False,family-00359-maximum,family-00359,0.9736180305480957,0.1219312877514131,0.0,1,0.7715563486464677,10.599976539611816,33,maximum
5.773220062255859,0.4096733033657074,True,False,family-00359-maximum,family-00359,0.9591860771179199,0.1705222680542953,0.0,2,0.5219055294487552,11.061810493469238,33,maximum
9.479270935058594,0.4848211109638214,True,False,family-00359-maximum,family-00359,0.9804717898368835,0.09619726954976887,0.0,3,0.8458020258432568,11.20743465423584,33,maximum
5.681812763214111,0.34126436710357666,False,False,family-00359-minimum,family-00359,0.9849240779876709,0.07820001727291194,1.0,0,0.5313924767334549,10.692309379577637,33,minimum
6.854161739349365,0.06360703706741333,False,False,family-00359-minimum,family-00359,0.9721593260765076,0.12715408984365445,1.0,1,0.7443318959222999,9.208475112915039,33,minimum
10.078178405761719,-0.049985647201538086,False,False,family-00359-minimum,family-00359,0.9965720176696777,0.022878585391911933,1.0,2,0.772590201135812,13.044662475585938,33,minimum
12.477964401245117,0.479861319065094,False,False,family-00359-minimum,family-00359,0.9949342608451843,0.031826610878805034,1.0,3,0.7431076465818146,16.791597366333008,33,minimum
5.748584270477295,-0.11495703458786011,False,False,family-00359-sum_mod_10,family-00359,0.9903565049171448,0.05435685567082517,0.5,0,0.44081478915974115,13.040815353393555,33,sum_mod_10
8.082464218139648,-0.020938357338309288,False,False,family-00359-sum_mod_10,family-00359,0.9854127764701843,0.07614938974368565,0.5,1,0.7339553638003555,11.012201309204102,33,sum_mod_10
9.25662612915039,-0.06542645394802094,False,False,family-00359-sum_mod_10,family-00359,0.9984703660011292,0.01144466281309004,0.5,2,0.6509017374880508,14.221234321594238,33,sum_mod_10
9.861655235290527,-0.0009393244981765747,False,True,family-00359-sum_mod_10,family-00359,0.9991143345832825,0.007110767038647449,0.5,3,0.6162948246872305,16.001522064208984,33,sum_mod_10
5.217897891998291,0.11536389589309692,False,False,family-00360-maximum,family-00360,0.9903565049171448,0.05435685567082517,1.0,0,0.4001205254884972,13.040815353393555,33,maximum
6.879854679107666,-0.002358078956604004,False,False,family-00360-maximum,family-00360,0.9836320877075195,0.08354515441936848,1.0,1,0.6221015329167795,11.059054374694824,33,maximum
11.682442665100098,0.13100320100784302,False,False,family-00360-maximum,family-00360,0.9913356304168701,0.049769796913977565,1.0,2,0.8680389603653239,13.458431243896484,33,maximum
6.9531731605529785,0.0021192431449890137,False,False,family-00360-maximum,family-00360,0.9804675579071045,0.09621384205455599,1.0,3,0.33718784506470867,20.62106704711914,33,maximum
4.448336601257324,0.29854416847229004,False,False,family-00360-minimum,family-00360,0.9793587327003479,0.10052442807395853,0.5,0,0.4053028910775944,10.97533893585205,33,minimum
6.302201271057129,0.4731428623199463,False,False,family-00360-minimum,family-00360,0.9715978503227234,0.1291432390993979,0.5,1,0.673832673487515,9.352768898010254,33,minimum
9.841357231140137,0.5895715951919556,False,False,family-00360-minimum,family-00360,0.9945765733718872,0.03370285875040329,0.5,2,0.8634298915572236,11.397980690002441,33,minimum
9.67204761505127,-0.03416544198989868,False,False,family-00360-minimum,family-00360,0.9826520681381226,0.0875299862700478,0.5,3,0.6823986516037438,14.173603057861328,33,minimum
5.562682151794434,-0.007347092032432556,False,False,family-00360-sum_mod_10,family-00360,0.993229866027832,0.04056557085329803,0.0,0,0.4638907479050776,11.991362571716309,33,sum_mod_10
6.196536064147949,-0.012241914868354797,False,False,family-00360-sum_mod_10,family-00360,0.9889545440673828,0.06075213927776277,0.0,1,0.5375409833759985,11.527560234069824,33,sum_mod_10
7.375677108764648,0.015685826539993286,False,False,family-00360-sum_mod_10,family-00360,0.9984039664268494,0.011873588508371367,0.0,2,0.5382520493393431,13.703017234802246,33,sum_mod_10
6.602396488189697,0.0025574490427970886,False,True,family-00360-sum_mod_10,family-00360,0.998257577419281,0.012809606265416613,0.0,3,0.379948537938521,17.3770809173584,33,sum_mod_10
6.44645881652832,0.2869747281074524,True,False,family-00361-maximum,family-00361,0.9906103014945984,0.05317792350501363,0.5,0,0.5310870798390303,12.138233184814453,33,maximum
10.861849784851074,0.9354867935180664,True,False,family-00361-maximum,family-00361,0.9904649257659912,0.05385405628786734,0.5,1,0.9781127942277864,11.104905128479004,33,maximum
3.995002031326294,-0.0017778277397155762,True,False,family-00361-maximum,family-00361,0.9400746822357178,0.22676198222719499,0.5,2,0.3462847652792642,11.53675365447998,33,maximum
6.311224460601807,0.03243827819824219,True,False,family-00361-maximum,family-00361,0.976754367351532,0.11041499003609244,0.5,3,0.5145526898015086,12.265458106994629,33,maximum
4.812414169311523,-0.02961587905883789,True,False,family-00361-minimum,family-00361,0.9808030128479004,0.09489726174167043,0.0,0,0.4389597429455381,10.963224411010742,33,minimum
9.172847747802734,0.40234699845314026,True,False,family-00361-minimum,family-00361,0.971908688545227,0.1280434532901736,0.0,1,0.9840430070475952,9.321592330932617,33,minimum
7.250437259674072,0.5498027801513672,True,False,family-00361-minimum,family-00361,0.9852301478385925,0.07691763314971967,0.0,2,0.5480077271146399,13.230538368225098,33,minimum
7.6385345458984375,0.12432557344436646,True,False,family-00361-minimum,family-00361,0.969328761100769,0.13706777456320196,0.0,3,0.5574947543352863,13.701536178588867,33,minimum
5.061378479003906,0.13645325601100922,True,False,family-00361-sum_mod_10,family-00361,0.9864409565925598,0.07178010019152972,1.0,0,0.4430331615401831,11.424378395080566,33,sum_mod_10
7.915191650390625,0.25735050439834595,True,False,family-00361-sum_mod_10,family-00361,0.9818990230560303,0.09055346360898195,1.0,1,0.7842762240425272,10.092351913452148,33,sum_mod_10
6.732926368713379,-0.22548708319664001,True,False,family-00361-sum_mod_10,family-00361,0.9969817996025085,0.020528543228535145,1.0,2,0.508183572420056,13.249004364013672,33,sum_mod_10
8.70144271850586,0.027430742979049683,True,True,family-00361-sum_mod_10,family-00361,0.9984839558601379,0.011356523632626896,1.0,3,0.589878700890631,14.751240730285645,33,sum_mod_10
6.786358833312988,0.06286096572875977,True,False,family-00362-maximum,family-00362,0.9798713326454163,0.09853944205756467,0.0,0,0.5805616785283457,11.689298629760742,33,maximum
5.615869045257568,0.006197333335876465,True,False,family-00362-maximum,family-00362,0.9822942018508911,0.08897088317062594,0.0,1,0.5628934635170499,9.976788520812988,33,maximum
10.42564868927002,0.2238488793373108,True,False,family-00362-maximum,family-00362,0.9838665127754211,0.08258325121599759,0.0,2,0.8998657702431389,11.585782051086426,33,maximum
6.935790061950684,0.014646828174591064,True,False,family-00362-maximum,family-00362,0.9827938079833984,0.08695722259859351,0.0,3,0.3744851455711474,18.5208683013916,33,maximum
4.763769149780273,0.06304377317428589,True,False,family-00362-minimum,family-00362,0.9829329252243042,0.086393901501048,1.0,0,0.4503888898205919,10.57701301574707,33,minimum
5.172704219818115,0.23146075010299683,True,False,family-00362-minimum,family-00362,0.9721936583518982,0.12703208474170727,1.0,1,0.5363348355528449,9.644542694091797,33,minimum
5.013256072998047,0.13135433197021484,True,False,family-00362-minimum,family-00362,0.9920137524604797,0.046528121567630254,1.0,2,0.4849717506201708,10.337212562561035,33,minimum
13.335328102111816,0.6293649077415466,True,False,family-00362-minimum,family-00362,0.9915225505828857,0.04888177782450577,1.0,3,1.2871631865440125,10.360246658325195,33,minimum
4.925379276275635,0.05044911056756973,True,False,family-00362-sum_mod_10,family-00362,0.9810398817062378,0.09396401407494959,0.5,0,0.43400092974368015,11.348775863647461,33,sum_mod_10
6.143588542938232,0.04938707500696182,True,False,family-00362-sum_mod_10,family-00362,0.9812472462654114,0.0931445363895077,0.5,1,0.5881505551304568,10.445605278015137,33,sum_mod_10
7.033217906951904,0.06480560451745987,True,False,family-00362-sum_mod_10,family-00362,0.9953168630599976,0.02979150343611766,0.5,2,0.589007275552527,11.940799713134766,33,sum_mod_10
9.815482139587402,-0.10107629001140594,True,True,family-00362-sum_mod_10,family-00362,0.9989620447158813,0.008168690873348362,0.5,3,0.6384973435644816,15.372784614562988,33,sum_mod_10
5.258925437927246,0.7211872339248657,False,False,family-00363-maximum,family-00363,0.9903565049171448,0.05435685567082517,1.0,0,0.40326661296977406,13.040815353393555,33,maximum
10.340020179748535,0.7782719731330872,False,False,family-00363-maximum,family-00363,0.9834589958190918,0.0842531992678998,1.0,1,0.93235663582057,11.090198516845703,33,maximum
4.133882999420166,0.37992075085639954,False,False,family-00363-maximum,family-00363,0.9356271028518677,0.23883390039054042,1.0,2,0.4351794794259357,9.499259948730469,33,maximum
8.252037048339844,0.45928239822387695,False,False,family-00363-maximum,family-00363,0.9704908132553101,0.13303189167566215,1.0,3,0.8710693030016492,9.473456382751465,33,maximum
4.699138164520264,0.10256761312484741,False,False,family-00363-minimum,family-00363,0.9793587327003479,0.10052442807395853,0.5,0,0.4281542640264216,10.97533893585205,33,minimum
6.330221652984619,0.066264808177948,False,False,family-00363-minimum,family-00363,0.9680593609809875,0.1414246216582699,0.5,1,0.677136354807566,9.348518371582031,33,minimum
10.664192199707031,0.5346535444259644,False,False,family-00363-minimum,family-00363,0.9889199137687683,0.060907734793912205,0.5,2,0.9563298715008941,11.151165008544922,33,minimum
9.343864440917969,0.06993836164474487,False,False,family-00363-minimum,family-00363,0.9800763726234436,0.09774173577235885,0.5,3,0.5873425613231907,15.908713340759277,33,minimum
5.152162075042725,-0.1056566834449768,True,False,family-00363-sum_mod_10,family-00363,0.9808030128479004,0.09489726174167043,0.0,0,0.4699495223201152,10.963224411010742,33,sum_mod_10
5.940810203552246,-0.04601294919848442,True,False,family-00363-sum_mod_10,family-00363,0.9826985001564026,0.08734248705272857,0.0,1,0.6030057207895753,9.851996421813965,33,sum_mod_10
11.123554229736328,0.031496208161115646,True,False,family-00363-sum_mod_10,family-00363,0.996385931968689,0.023929149383451795,0.0,2,0.8521649603239894,13.053287506103516,33,sum_mod_10
7.7664947509765625,-0.05591632053256035,True,True,family-00363-sum_mod_10,family-00363,0.998052716255188,0.014099007204845552,0.0,3,0.41319360375310993,18.796260833740234,33,sum_mod_10
6.504832744598389,0.22046291828155518,True,False,family-00364-maximum,family-00364,0.9829329252243042,0.086393901501048,0.5,0,0.6149971390707363,10.57701301574707,33,maximum
5.828917503356934,0.5531197786331177,True,False,family-00364-maximum,family-00364,0.9788041710853577,0.10265727641256714,0.5,1,0.6550398646379216,8.898569107055664,33,maximum
8.064205169677734,0.41866549849510193,True,False,family-00364-maximum,family-00364,0.9605926871299744,0.16605596038606166,0.5,2,0.9022307343487423,8.938074111938477,33,maximum
9.725132942199707,0.1607733964920044,True,False,family-00364-maximum,family-00364,0.9773468375205994,0.10819247179030121,0.5,3,0.8219462431988706,11.831835746765137,33,maximum
5.518154144287109,0.014258146286010742,False,False,family-00364-minimum,family-00364,0.9927164912223816,0.043107387919695705,0.0,0,0.4663292118193927,11.833172798156738,33,minimum
8.692232131958008,0.03861767053604126,False,False,family-00364-minimum,family-00364,0.9817458391189575,0.09116454881101771,0.0,1,0.8680256150652743,10.01379680633545,33,minimum
14.452900886535645,0.12790513038635254,False,False,family-00364-minimum,family-00364,0.9965957999229431,0.022743601165957892,0.0,2,1.0766924358256436,13.423425674438477,33,minimum
8.496607780456543,0.009028613567352295,False,False,family-00364-minimum,family-00364,0.9962214231491089,0.024849871729913778,0.0,3,0.3919933703767419,21.675386428833008,33,minimum
4.7873711585998535,0.047902487218379974,False,False,family-00364-sum_mod_10,family-00364,0.9763509035110474,0.11191962082819103,1.0,0,0.43243808653012955,11.070651054382324,33,sum_mod_10
6.899332046508789,-0.31985801458358765,False,False,family-00364-sum_mod_10,family-00364,0.9898142218589783,0.056853474658589635,1.0,1,0.6293626550369507,10.962410926818848,33,sum_mod_10
9.17558479309082,0.04848366230726242,False,False,family-00364-sum_mod_10,family-00364,0.9969527721405029,0.020696765028403365,1.0,2,0.701904472454258,13.072412490844727,33,sum_mod_10
8.377896308898926,-0.0197179913520813,False,True,family-00364-sum_mod_10,family-00364,0.9987527132034302,0.00958684681561005,1.0,3,0.49657889319207543,16.87122917175293,33,sum_mod_10
6.902122974395752,0.18244558572769165,False,False,family-00365-maximum,family-00365,0.9763509035110474,0.11191962082819103,0.0,0,0.6234613430132044,11.070651054382324,33,maximum
9.969805717468262,0.8724532723426819,False,False,family-00365-maximum,family-00365,0.98714280128479,0.06875252120486564,0.0,1,0.9069718090949134,10.992409706115723,33,maximum
5.388174533843994,0.1038132905960083,False,False,family-00365-maximum,family-00365,0.9258415699005127,0.26426506039824565,0.0,2,0.42371209169724877,12.716593742370605,33,maximum
6.912623882293701,0.07713407278060913,False,False,family-00365-maximum,family-00365,0.9837902188301086,0.08289668151781415,0.0,3,0.4960133004492265,13.936367988586426,33,maximum
6.853830814361572,0.5924569368362427,False,False,family-00365-minimum,family-00365,0.9849240779876709,0.07820001727291194,1.0,0,0.6410056584644308,10.692309379577637,33,minimum
4.490750789642334,-0.007153451442718506,False,False,family-00365-minimum,family-00365,0.9693593382835388,0.13696216730749242,1.0,1,0.456753425267426,9.831892967224121,33,minimum
10.366911888122559,-0.10627788305282593,False,False,family-00365-minimum,family-00365,0.9923350214958191,0.04497235472627107,1.0,2,0.9382840886089989,11.048798561096191,33,minimum
9.168990135192871,0.42269742488861084,False,False,family-00365-minimum,family-00365,0.9883019328117371,0.0636662589242512,1.0,3,0.5790319410058975,15.835033416748047,33,minimum
6.94765043258667,-0.0020125838927924633,True,False,family-00365-sum_mod_10,family-00365,0.9911692142486572,0.05055697991631683,0.5,0,0.5949534944743068,11.67763614654541,33,sum_mod_10
7.410999774932861,0.0033768853172659874,True,False,family-00365-sum_mod_10,family-00365,0.9828711748123169,0.08664408647180123,0.5,1,0.590340704454313,12.553767204284668,33,sum_mod_10
6.591519832611084,-0.0014491821639239788,True,False,family-00365-sum_mod_10,family-00365,0.9987578392028809,0.009552566197927255,0.5,2,0.40863252991177496,16.130678176879883,33,sum_mod_10
9.109735488891602,-0.007962388917803764,True,True,family-00365-sum_mod_10,family-00365,0.9992668032646179,0.0060252126664314155,0.5,3,0.48942000226463545,18.61332893371582,33,sum_mod_10
5.726556301116943,-0.18777567148208618,True,False,family-00366-maximum,family-00366,0.9798713326454163,0.09853944205756467,1.0,0,0.48989733965194754,11.689298629760742,33,maximum
10.03256607055664,0.3481651544570923,True,False,family-00366-maximum,family-00366,0.9822513461112976,0.08914293900697129,1.0,1,1.0554172119786889,9.505782127380371,33,maximum
9.126472473144531,0.40423983335494995,True,False,family-00366-maximum,family-00366,0.9537948966026306,0.1871860316256806,1.0,2,0.7946703987892192,11.484601020812988,33,maximum
6.3042826652526855,0.1752529740333557,True,False,family-00366-maximum,family-00366,0.9775945544242859,0.10725854029953086,1.0,3,0.5008096417598477,12.588181495666504,33,maximum
5.7662811279296875,0.0036724209785461426,True,False,family-00366-minimum,family-00366,0.9810398817062378,0.09396401407494959,0.5,0,0.5080971901472043,11.348775863647461,33,minimum
6.211827278137207,0.0014910697937011719,True,False,family-00366-minimum,family-00366,0.9629350900650024,0.1585013718352482,0.5,1,0.6138821866458017,10.118924140930176,33,minimum
9.059785842895508,0.14516198635101318,True,False,family-00366-minimum,family-00366,0.993394672870636,0.03974140548559469,0.5,2,0.7674574653274275,11.804935455322266,33,minimum
7.069870948791504,0.07779484987258911,True,False,family-00366-minimum,family-00366,0.9894575476646423,0.05847956552439777,0.5,3,0.4496101957536373,15.724445343017578,33,minimum
5.541497230529785,0.072069451212883,False,False,family-00366-sum_mod_10,family-00366,0.9857364296913147,0.07478219585483034,0.0,0,0.5097236148063935,10.871572494506836,33,sum_mod_10
6.082062244415283,0.04581056907773018,False,False,family-00366-sum_mod_10,family-00366,0.9833311438560486,0.08477500324417547,0.0,1,0.5284049679560209,11.510229110717773,33,sum_mod_10
12.418835639953613,-0.3030264377593994,False,False,family-00366-sum_mod_10,family-00366,0.9982737302780151,0.01270694850724351,0.0,2,0.859139134484531,14.454976081848145,33,sum_mod_10
7.642203330993652,0.0009291693568229675,False,True,family-00366-sum_mod_10,family-00366,0.9992105960845947,0.006428777310688782,0.0,3,0.3751429942150659,20.371440887451172,33,sum_mod_10
6.072389602661133,0.15287548303604126,False,False,family-00367-maximum,family-00367,0.9671717882156372,0.14443987367646477,0.5,0,0.5761959276928343,10.538758277893066,33,maximum
6.273512363433838,0.8643010258674622,False,False,family-00367-maximum,family-00367,0.9839873313903809,0.08208615410520162,0.5,1,0.6447490368833539,9.730161666870117,33,maximum
5.8679022789001465,0.025777757167816162,False,False,family-00367-maximum,family-00367,0.9536543488502502,0.1876112961443651,0.5,2,0.6391939306645115,9.180159568786621,33,maximum
8.557880401611328,0.16332703828811646,False,False,family-00367-maximum,family-00367,0.975909411907196,0.11355799367489311,0.5,3,0.7476082352986263,11.447011947631836,33,maximum
7.327250003814697,0.041706204414367676,False,False,family-00367-minimum,family-00367,0.9892358183860779,0.05948426336013651,0.0,0,0.5738847712760426,12.767807006835938,33,minimum
8.724726676940918,0.030242443084716797,False,False,family-00367-minimum,family-00367,0.9727029800415039,0.12521698059776445,0.0,1,0.7817230954376567,11.16089153289795,33,minimum
12.83112907409668,0.17625021934509277,False,False,family-00367-minimum,family-00367,0.9911711812019348,0.05054769441446576,0.0,2,0.853048390714828,15.041501998901367,33,minimum
8.065408706665039,0.017110764980316162,False,False,family-00367-minimum,family-00367,0.9906082153320312,0.05318764209340005,0.0,3,0.346130977181009,23.30160903930664,33,minimum
5.111119270324707,-0.12763237953186035,False,False,family-00367-sum_mod_10,family-00367,0.9763509035110474,0.11191962082819103,1.0,0,0.46168190517589003,11.070651054382324,33,sum_mod_10
6.938834190368652,0.0700267106294632,False,False,family-00367-sum_mod_10,family-00367,0.9886791110038757,0.06198666447378822,1.0,1,0.6275864269969564,11.056380271911621,33,sum_mod_10
7.2894463539123535,0.1582355797290802,False,False,family-00367-sum_mod_10,family-00367,0.9967382550239563,0.02193151758424473,1.0,2,0.5553371602859098,13.126163482666016,33,sum_mod_10
7.997398376464844,-0.057741135358810425,False,True,family-00367-sum_mod_10,family-00367,0.998759388923645,0.00954219812474685,1.0,3,0.4760967726808061,16.797842025756836,33,sum_mod_10
5.175629138946533,0.31820857524871826,True,False,family-00368-maximum,family-00368,0.9911692142486572,0.05055697991631683,0.0,0,0.44320863178098224,11.67763614654541,33,maximum
8.5118989944458,0.5021357536315918,True,False,family-00368-maximum,family-00368,0.9811885952949524,0.09337655328262531,0.0,1,0.797979876548508,10.66680908203125,33,maximum
6.519582748413086,0.06599563360214233,True,False,family-00368-maximum,family-00368,0.977207362651825,0.10871709236386189,0.0,2,0.5529795292649845,11.7899169921875,33,maximum
8.993502616882324,0.2302578091621399,True,False,family-00368-maximum,family-00368,0.9834346175193787,0.08435277205782918,0.0,3,0.6343568409464931,14.177355766296387,33,maximum
5.340343952178955,0.20542293787002563,False,False,family-00368-minimum,family-00368,0.9849240779876709,0.07820001727291194,1.0,0,0.4994565498056985,10.692309379577637,33,minimum
6.577800750732422,0.24700093269348145,False,False,family-00368-minimum,family-00368,0.971997082233429,0.12773006036475512,1.0,1,0.7065758975612445,9.309404373168945,33,minimum
8.661638259887695,-0.011215448379516602,False,False,family-00368-minimum,family-00368,0.99407958984375,0.03627070300583513,1.0,2,0.7314981205114889,11.840957641601562,33,minimum
12.515445709228516,0.1387253999710083,False,False,family-00368-minimum,family-00368,0.9861986637115479,0.07281664002303502,1.0,3,1.009603600028711,12.396395683288574,33,minimum
6.427705764770508,-0.0864095687866211,False,False,family-00368-sum_mod_10,family-00368,0.9892358183860779,0.05948426336013651,0.5,0,0.5034306800947952,12.767807006835938,33,sum_mod_10
7.8926262855529785,0.13638973236083984,False,False,family-00368-sum_mod_10,family-00368,0.9868224859237671,0.07013897232544931,0.5,1,0.7192256869715373,10.973782539367676,33,sum_mod_10
8.544113159179688,0.007657885551452637,False,False,family-00368-sum_mod_10,family-00368,0.9978615641593933,0.015282568356914876,0.5,2,0.6371302756766648,13.410307884216309,33,sum_mod_10
11.212814331054688,0.2151862382888794,False,True,family-00368-sum_mod_10,family-00368,0.9983299374580383,0.012348540478736514,0.5,3,0.7224523551172015,15.520489692687988,33,sum_mod_10
5.225637912750244,0.6248800754547119,False,False,family-00369-maximum,family-00369,0.9903565049171448,0.05435685567082517,1.0,0,0.40071404825085566,13.040815353393555,33,maximum
11.296103477478027,0.8735998272895813,False,False,family-00369-maximum,family-00369,0.9819287061691284,0.09043489862697972,1.0,1,1.0487752875276575,10.770756721496582,33,maximum
5.1996049880981445,-0.0675356388092041,False,False,family-00369-maximum,family-00369,0.896640956401825,0.3324014757070707,1.0,2,0.4679190036093449,11.112190246582031,33,maximum
7.797832012176514,0.13297557830810547,False,False,family-00369-maximum,family-00369,0.9592440128326416,0.17033931853219408,1.0,3,0.7015629614490502,11.11494255065918,33,maximum
5.689549446105957,-0.081197589635849,True,False,family-00369-minimum,family-00369,0.9838332533836365,0.08271993222361723,0.5,0,0.5198500519595177,10.944597244262695,33,minimum
6.060879707336426,0.07025052607059479,True,False,family-00369-minimum,family-00369,0.9689881801605225,0.13824195156217012,0.5,1,0.6269191299769831,9.66772174835205,33,minimum
8.301316261291504,-0.18161386251449585,True,False,family-00369-minimum,family-00369,0.9854224920272827,0.07610845564757257,0.5,2,0.6987546768953563,11.880158424377441,33,minimum
9.005440711975098,0.06525175273418427,True,False,family-00369-minimum,family-00369,0.9654480218887329,0.15022550519986244,0.5,3,0.5854612326859725,15.38178825378418,33,minimum
5.0715179443359375,-0.005132203921675682,False,False,family-00369-sum_mod_10,family-00369,0.993229866027832,0.04056557085329803,0.0,0,0.4229309149819208,11.991362571716309,33,sum_mod_10
5.375634670257568,0.005824333988130093,False,False,family-00369-sum_mod_10,family-00369,0.9877573251724243,0.06606981090212202,0.0,1,0.47680084310279286,11.274381637573242,33,sum_mod_10
8.844206809997559,-0.041508693248033524,False,False,family-00369-sum_mod_10,family-00369,0.9981973767280579,0.0131908948886022,0.0,2,0.679307939447705,13.019436836242676,33,sum_mod_10
9.262016296386719,0.0055677443742752075,False,True,family-00369-sum_mod_10,family-00369,0.9981676340103149,0.01337852647588259,0.0,3,0.5700586227934277,16.247480392456055,33,sum_mod_10
5.642684459686279,0.11683672666549683,True,False,family-00370-maximum,family-00370,0.9911692142486572,0.05055697991631683,0.5,0,0.48320433937784163,11.67763614654541,33,maximum
7.090598106384277,-0.47321969270706177,True,False,family-00370-maximum,family-00370,0.9791051745414734,0.10150147873262201,0.5,1,0.6888993528264631,10.292647361755371,33,maximum
13.079801559448242,0.03363028168678284,True,False,family-00370-maximum,family-00370,0.9866818189620972,0.07074532971303982,0.5,2,1.2467362539787812,10.491233825683594,33,maximum
6.106793403625488,-0.003658771514892578,True,False,family-00370-maximum,family-00370,0.9878447651863098,0.06568558783681111,0.5,3,0.3569873483576302,17.106470108032227,33,maximum
4.805094242095947,0.00251162052154541,False,False,family-00370-minimum,family-00370,0.9763509035110474,0.11191962082819103,0.0,0,0.434038993595941,11.070651054382324,33,minimum
7.893355846405029,0.1778336763381958,False,False,family-00370-minimum,family-00370,0.9847286343574524,0.0790155863983997,0.0,1,0.7870508631493185,10.02902889251709,33,minimum
13.498138427734375,0.1862615942955017,False,False,family-00370-minimum,family-00370,0.9895937442779541,0.05786010206889499,0.0,2,1.1054451936357306,12.210590362548828,33,minimum
8.878997802734375,0.03288370370864868,False,False,family-00370-minimum,family-00370,0.9921283721923828,0.04597459028634457,0.0,3,0.4310249698361816,20.599729537963867,33,minimum
6.019759654998779,-3.1595584005117416e-05,False,False,family-00370-sum_mod_10,family-00370,0.9892358183860779,0.05948426336013651,1.0,0,0.47147953064890274,12.767807006835938,33,sum_mod_10
7.12400484085083,-0.003803915809839964,False,False,family-00370-sum_mod_10,family-00370,0.9878949522972107,0.06546477165975645,1.0,1,0.6918269046433156,10.297380447387695,33,sum_mod_10
13.17552661895752,-0.007589814253151417,False,False,family-00370-sum_mod_10,family-00370,0.9906416535377502,0.053031810593226966,1.0,2,1.1752819013589606,11.210524559020996,33,sum_mod_10
8.174613952636719,0.0001683938899077475,False,True,family-00370-sum_mod_10,family-00370,0.990281343460083,0.05470469210960346,1.0,3,0.4373874027873949,18.68964195251465,33,sum_mod_10
7.014404296875,0.6699538826942444,False,False,family-00371-maximum,family-00371,0.9892358183860779,0.05948426336013651,0.0,0,0.5493820742371387,12.767807006835938,33,maximum
8.339024543762207,0.7662612795829773,False,False,family-00371-maximum,family-00371,0.9846311211585999,0.07942154858290905,0.0,1,0.7307076074357164,11.412259101867676,33,maximum
4.8938164710998535,0.02606898546218872,False,False,family-00371-maximum,family-00371,0.9459315538406372,0.2103246033573341,0.0,2,0.4571300483584108,10.705523490905762,33,maximum
7.961117267608643,0.36199140548706055,False,False,family-00371-maximum,family-00371,0.9630044102668762,0.15827550672241553,0.0,3,0.6335038823742077,12.566801071166992,33,maximum
4.969653129577637,0.1193464994430542,True,False,family-00371-minimum,family-00371,0.9906103014945984,0.05317792350501363,1.0,0,0.40942145812414654,12.138233184814453,33,minimum
6.737842082977295,0.34079670906066895,True,False,family-00371-minimum,family-00371,0.9826900959014893,0.08737643404067466,1.0,1,0.7043821374609743,9.565606117248535,33,minimum
12.409228324890137,0.4649568498134613,True,False,family-00371-minimum,family-00371,0.9966037273406982,0.02269856943352124,1.0,2,0.9896205595576618,12.539380073547363,33,minimum
9.888477325439453,0.03925257921218872,True,False,family-00371-minimum,family-00371,0.9947434663772583,0.03283047233491111,1.0,3,0.5528599013014107,17.886045455932617,33,minimum
5.311724662780762,-0.057546935975551605,False,False,family-00371-sum_mod_10,family-00371,0.9903565049171448,0.05435685567082517,0.5,0,0.4073153801229549,13.040815353393555,33,sum_mod_10
7.443380355834961,0.019304882735013962,False,False,family-00371-sum_mod_10,family-00371,0.9844085574150085,0.08034576754354787,0.5,1,0.6956137107989528,10.700450897216797,33,sum_mod_10
9.528114318847656,0.004028525203466415,False,False,family-00371-sum_mod_10,family-00371,0.9979952573776245,0.01445667327690984,0.5,2,0.6875896998829626,13.857267379760742,33,sum_mod_10
10.9756441116333,-0.04895271360874176,False,True,family-00371-sum_mod_10,family-00371,0.9993273019790649,0.00558600203463889,0.5,3,0.6506727845724565,16.868146896362305,33,sum_mod_10
6.08459997177124,0.1598796546459198,True,False,family-00372-maximum,family-00372,0.9810398817062378,0.09396401407494959,1.0,0,0.5361459284134341,11.348775863647461,33,maximum
8.484719276428223,0.4110313653945923,True,False,family-00372-maximum,family-00372,0.9789811968803406,0.10197806291529449,1.0,1,0.8624209141365669,9.838257789611816,33,maximum
5.079911231994629,0.44919368624687195,True,False,family-00372-maximum,family-00372,0.9182019829750061,0.2831389394689318,1.0,2,0.4593366399208309,11.059233665466309,33,maximum
9.075891494750977,0.44707977771759033,True,False,family-00372-maximum,family-00372,0.9741723537445068,0.11992507959773152,1.0,3,0.7736807973509652,11.730795860290527,33,maximum
5.187530040740967,-0.24204909801483154,False,False,family-00372-minimum,family-00372,0.9793587327003479,0.10052442807395853,0.5,0,0.4726532885280998,10.97533893585205,33,minimum
6.44397497177124,0.07981330156326294,False,False,family-00372-minimum,family-00372,0.9720831513404846,0.12742463323082137,0.5,1,0.6552551345469991,9.834299087524414,33,minimum
6.1041178703308105,0.16954517364501953,False,False,family-00372-minimum,family-00372,0.992631196975708,0.04352609369684165,0.5,2,0.5224877349942451,11.682796478271484,33,minimum
12.866748809814453,-0.13560694456100464,False,False,family-00372-minimum,family-00372,0.988079845905304,0.06464944194533016,0.5,3,0.9680355415601387,13.291607856750488,33,minimum
5.235436916351318,0.024903474375605583,True,False,family-00372-sum_mod_10,family-00372,0.9798713326454163,0.09853944205756467,0.0,0,0.447882895473471,11.689298629760742,33,sum_mod_10
6.140194892883301,-0.058711834251880646,True,False,family-00372-sum_mod_10,family-00372,0.9874699711799622,0.06732805322899468,0.0,1,0.5658398186840851,10.851471900939941,33,sum_mod_10
8.596354484558105,-0.02846413105726242,True,False,family-00372-sum_mod_10,family-00372,0.9979368448257446,0.01481858427355742,0.0,2,0.6166593431823081,13.940199851989746,33,sum_mod_10
7.646615028381348,0.015026392415165901,True,True,family-00372-sum_mod_10,family-00372,0.9987057447433472,0.009899981631301891,0.0,3,0.42396578306367616,18.035924911499023,33,sum_mod_10
6.651597499847412,0.3294161558151245,True,False,family-00373-maximum,family-00373,0.9918346405029297,0.04738979244408929,0.5,0,0.5622208022580708,11.830934524536133,33,maximum
11.725994110107422,0.9298600554466248,True,False,family-00373-maximum,family-00373,0.9840951561927795,0.08164173670856735,0.5,1,1.1136384159186692,10.529444694519043,33,maximum
4.170902729034424,0.0009333491325378418,True,False,family-00373-maximum,family-00373,0.910070538520813,0.3023745923281639,0.5,2,0.3348122023748462,12.457439422607422,33,maximum
6.632734775543213,0.07763564586639404,True,False,family-00373-maximum,family-00373,0.9742840528488159,0.11951934761253163,0.5,3,0.5323856971903593,12.458514213562012,33,maximum
5.14402961730957,0.028875231742858887,True,False,family-00373-minimum,family-00373,0.9911692142486572,0.05055697991631683,0.0,0,0.4405026456344357,11.67763614654541,33,minimum
8.402202606201172,0.05836516618728638,True,False,family-00373-minimum,family-00373,0.9724611043930054,0.1260801766118026,0.0,1,0.7901123807513268,10.634186744689941,33,minimum
14.00131607055664,0.22477108240127563,True,False,family-00373-minimum,family-00373,0.9930298924446106,0.04156018247753368,0.0,2,1.0771667870534058,12.99828052520752,33,minimum
8.779943466186523,0.01997673511505127,True,False,family-00373-minimum,family-00373,0.9933382272720337,0.04002413937515874,0.0,3,0.42252136417148906,20.77988052368164,33,minimum
5.926596164703369,0.042846716940402985,False,False,family-00373-sum_mod_10,family-00373,0.9892358183860779,0.05948426336013651,1.0,0,0.4641827810782419,12.767807006835938,33,sum_mod_10
7.724985122680664,0.058021560311317444,False,False,family-00373-sum_mod_10,family-00373,0.9874916076660156,0.06723354737612108,1.0,1,0.7639961465524868,10.111288070678711,33,sum_mod_10
11.022350311279297,0.02077750861644745,False,False,family-00373-sum_mod_10,family-00373,0.9926069974899292,0.043644706302545494,1.0,2,0.9465082100847452,11.64527702331543,33,sum_mod_10
8.21257209777832,0.037474118173122406,False,True,family-00373-sum_mod_10,family-00373,0.9920461177825928,0.04637198926855469,1.0,3,0.5132191305597806,16.002077102661133,33,sum_mod_10
6.29056453704834,-0.06734460592269897,False,False,family-00374-maximum,family-00374,0.9927164912223816,0.043107387919695705,0.0,0,0.5316042150612578,11.833172798156738,33,maximum
11.596928596496582,0.5190064311027527,False,False,family-00374-maximum,family-00374,0.985752522945404,0.07471402076271397,0.0,1,1.0826971436996748,10.71114730834961,33,maximum
4.423600196838379,-0.32940083742141724,False,False,family-00374-maximum,family-00374,0.9554656147956848,0.18209613014054826,0.0,2,0.33365830113747125,13.257875442504883,33,maximum
8.898031234741211,-0.27464938163757324,False,False,family-00374-maximum,family-00374,0.9885486364364624,0.0625690916806545,0.0,3,0.6604741462425668,13.472187042236328,33,maximum
4.958781719207764,0.30713412165641785,True,False,family-00374-minimum,family-00374,0.9810398817062378,0.09396401407494959,1.0,0,0.4369441936986168,11.348775863647461,33,minimum
6.071755886077881,0.7476259469985962,True,False,family-00374-minimum,family-00374,0.9697296023368835,0.13568084451378185,1.0,1,0.6291239741417465,9.651127815246582,33,minimum
5.47416877746582,0.08171981573104858,True,False,family-00374-minimum,family-00374,0.9879284501075745,0.06531726888557994,1.0,2,0.5386547786442009,10.162666320800781,33,minimum
10.724898338317871,0.539980411529541,True,False,family-00374-minimum,family-00374,0.9867532253265381,0.07043771542997489,1.0,3,1.2076388381792644,8.880882263183594,33,minimum
5.90006160736084,-0.037467360496520996,True,False,family-00374-sum_mod_10,family-00374,0.9911692142486572,0.05055697991631683,0.5,0,0.5052445146705699,11.67763614654541,33,sum_mod_10
6.409204006195068,0.05873918533325195,True,False,family-00374-sum_mod_10,family-00374,0.9765165448188782,0.11130275731998909,0.5,1,0.5436393859178245,11.789440155029297,33,sum_mod_10
8.777386665344238,0.049215421080589294,True,False,family-00374-sum_mod_10,family-00374,0.9979775547981262,0.014566532329509533,0.5,2,0.648944756519779,13.525629997253418,33,sum_mod_10
10.750481605529785,0.09110930562019348,True,True,family-00374-sum_mod_10,family-00374,0.9987367987632751,0.00969314216162819,0.5,3,0.6634486414092303,16.20393943786621,33,sum_mod_10
5.267639636993408,-0.22172079980373383,True,False,family-00375-maximum,family-00375,0.9838332533836365,0.08271993222361723,1.0,0,0.481300455323267,10.944597244262695,33,maximum
5.531515598297119,0.02782728709280491,True,False,family-00375-maximum,family-00375,0.9822900891304016,0.08898739936451056,1.0,1,0.5347771136030188,10.34359073638916,33,maximum
4.0698957443237305,-0.04848286882042885,True,False,family-00375-maximum,family-00375,0.9581201076507568,0.173873206266837,1.0,2,0.4261994313272928,9.549275398254395,33,maximum
12.31347370147705,-0.07013987004756927,True,False,family-00375-maximum,family-00375,0.9788534045219421,0.10246852946673979,1.0,3,1.1900049308528533,10.347414016723633,33,maximum
5.591091632843018,0.3228399455547333,False,False,family-00375-minimum,family-00375,0.9849240779876709,0.07820001727291194,0.5,0,0.5229077680376543,10.692309379577637,33,minimum
6.053555965423584,-0.01558607816696167,False,False,family-00375-minimum,family-00375,0.9667811393737793,0.1457590789761875,0.5,1,0.6291881897714613,9.621216773986816,33,minimum
9.755295753479004,0.639644205570221,False,False,family-00375-minimum,family-00375,0.9895222783088684,0.05818537408784261,0.5,2,0.874537752578557,11.154802322387695,33,minimum
8.088685989379883,-0.06979423761367798,False,False,family-00375-minimum,family-00375,0.9745867252349854,0.11841742186403438,0.5,3,0.595868139897183,13.574624061584473,33,minimum
5.253470420837402,-0.0020774081349372864,True,False,family-00375-sum_mod_10,family-00375,0.9808030128479004,0.09489726174167043,0.0,0,0.4791902659185889,10.963224411010742,33,sum_mod_10
6.146333694458008,-0.014141221530735493,True,False,family-00375-sum_mod_10,family-00375,0.9826914668083191,0.08737089687221151,0.0,1,0.6210015945877482,9.897452354431152,33,sum_mod_10
9.090839385986328,-0.0707615464925766,True,False,family-00375-sum_mod_10,family-00375,0.995505690574646,0.028775682265333564,0.0,2,0.6869947860835579,13.232763290405273,33,sum_mod_10
8.6106595993042,0.006879483349621296,True,True,family-00375-sum_mod_10,family-00375,0.9962242841720581,0.02483392152062826,0.0,3,0.4811793946845925,17.89490509033203,33,sum_mod_10
6.105146408081055,0.1275620460510254,False,False,family-00376-maximum,family-00376,0.9671717882156372,0.14443987367646477,0.5,0,0.5793041501756134,10.538758277893066,33,maximum
7.2745819091796875,0.01856940984725952,False,False,family-00376-maximum,family-00376,0.9844081997871399,0.08034725002090874,0.5,1,0.7415816632571973,9.809549331665039,33,maximum
11.738290786743164,0.08502495288848877,False,False,family-00376-maximum,family-00376,0.9883614182472229,0.06340219465489826,0.5,2,0.9412085422668627,12.471508979797363,33,maximum
8.365714073181152,0.0005917549133300781,False,False,family-00376-maximum,family-00376,0.9866198301315308,0.07101205912635603,0.5,3,0.4053795251912317,20.63674545288086,33,maximum
4.935719013214111,0.26903361082077026,False,False,family-00376-minimum,family-00376,0.9763509035110474,0.11191962082819103,0.0,0,0.4458381886456717,11.070651054382324,33,minimum
7.002290725708008,0.45106202363967896,False,False,family-00376-minimum,family-00376,0.982707679271698,0.08730540545412588,0.0,1,0.708362388431318,9.885181427001953,33,minimum
12.83349609375,0.2214391827583313,False,False,family-00376-minimum,family-00376,0.994848370552063,0.032279399027579946,0.0,2,1.0192684660425022,12.590888977050781,33,minimum
6.8516011238098145,0.012211203575134277,False,False,family-00376-minimum,family-00376,0.9959772229194641,0.026203439465248023,0.0,3,0.32271232758324847,21.23129653930664,33,minimum
6.0582709312438965,0.0008323565125465393,False,False,family-00376-sum_mod_10,family-00376,0.9892358183860779,0.05948426336013651,1.0,0,0.4744958102828679,12.767807006835938,33,sum_mod_10
5.97281551361084,0.014331698417663574,False,False,family-00376-sum_mod_10,family-00376,0.9831221699714661,0.08562574747009717,1.0,1,0.5969308763315008,10.005874633789062,33,sum_mod_10
9.207598686218262,0.04186283424496651,False,False,family-00376-sum_mod_10,family-00376,0.9950433969497681,0.031249162840451712,1.0,2,0.7598993503184263,12.116866111755371,33,sum_mod_10
6.11569356918335,0.008799172937870026,False,True,family-00376-sum_mod_10,family-00376,0.9939144253730774,0.03711461213419422,1.0,3,0.3588358316024137,17.04315185546875,33,sum_mod_10
6.679693698883057,0.40938621759414673,False,False,family-00377-maximum,family-00377,0.9892358183860779,0.05948426336013651,0.0,0,0.5231668755101577,12.767807006835938,33,maximum
7.838820457458496,0.5005033016204834,False,False,family-00377-maximum,family-00377,0.9852365255355835,0.07689084359301289,0.0,1,0.7124649395107693,11.002394676208496,33,maximum
7.8424391746521,0.44457072019577026,False,False,family-00377-maximum,family-00377,0.9632965326309204,0.15732220352619278,0.0,2,0.8242701203298607,9.514404296875,33,maximum
9.3115816116333,0.294759064912796,False,False,family-00377-maximum,family-00377,0.973522424697876,0.12227608827979969,0.0,3,0.7656248970818449,12.162067413330078,33,maximum
6.020790100097656,0.12402963638305664,False,False,family-00377-minimum,family-00377,0.9849240779876709,0.07820001727291194,1.0,0,0.5630953881298454,10.692309379577637,33,minimum
7.045316219329834,0.03332388401031494,False,False,family-00377-minimum,family-00377,0.973238468170166,0.12329808578938284,1.0,1,0.7699443163325904,9.150423049926758,33,minimum
7.001196384429932,0.0004049539566040039,False,False,family-00377-minimum,family-00377,0.9953657388687134,0.029529316293773686,1.0,2,0.5383638776849218,13.0045804977417,33,minimum
11.898990631103516,0.17860537767410278,False,False,family-00377-minimum,family-00377,0.9941561222076416,0.03587809645594528,1.0,3,0.7870368051631952,15.118721961975098,33,minimum
4.604146480560303,0.03781595826148987,False,False,family-00377-sum_mod_10,family-00377,0.9671717882156372,0.14443987367646477,0.5,0,0.4368775105335061,10.538758277893066,33,sum_mod_10
5.48179817199707,0.051329776644706726,False,False,family-00377-sum_mod_10,family-00377,0.9838919639587402,0.08247861134091579,0.5,1,0.5353489162226289,10.239673614501953,33,sum_mod_10
9.849466323852539,0.04392044618725777,False,False,family-00377-sum_mod_10,family-00377,0.9972667694091797,0.01886175956850236,0.5,2,0.7677747504971472,12.828588485717773,33,sum_mod_10
11.40497875213623,-0.2591931223869324,False,True,family-00377-sum_mod_10,family-00377,0.9990680813789368,0.007434659405385494,0.5,3,0.618457141426858,18.441017150878906,33,sum_mod_10
5.154213905334473,0.025142967700958252,True,False,family-00378-maximum,family-00378,0.9906103014945984,0.05317792350501363,1.0,0,0.4246263708117468,12.138233184814453,33,maximum
6.828698635101318,0.06310349702835083,True,False,family-00378-maximum,family-00378,0.9887789487838745,0.06153997095980245,1.0,1,0.6579891952590731,10.378131866455078,33,maximum
12.706856727600098,0.047173142433166504,True,False,family-00378-maximum,family-00378,0.9939863681793213,0.0367475814830181,1.0,2,0.9727610082145968,13.062670707702637,33,maximum
6.456122875213623,0.030958175659179688,True,False,family-00378-maximum,family-00378,0.9906136989593506,0.0531620950881242,1.0,3,0.3029259629864602,21.312543869018555,33,maximum
4.742043972015381,-0.27360478043556213,False,False,family-00378-minimum,family-00378,0.9793587327003479,0.10052442807395853,0.5,0,0.4320635562811656,10.97533893585205,33,minimum
5.076159477233887,-0.11143982410430908,False,False,family-00378-minimum,family-00378,0.9695076942443848,0.13644932912070873,0.5,1,0.5431355242132159,9.346027374267578,33,minimum
8.23300552368164,-0.5113601684570312,False,False,family-00378-minimum,family-00378,0.9943806529045105,0.0347203995159453,0.5,2,0.758732768311878,10.850995063781738,33,minimum
10.382914543151855,0.17367598414421082,False,False,family-00378-minimum,family-00378,0.9882208108901978,0.06402587761402709,0.5,3,0.8698949097292096,11.935826301574707,33,minimum
5.119826316833496,-0.0012005874887108803,True,False,family-00378-sum_mod_10,family-00378,0.9808030128479004,0.09489726174167043,0.0,0,0.46700004714776056,10.963224411010742,33,sum_mod_10
5.678746223449707,-0.0029862960800528526,True,False,family-00378-sum_mod_10,family-00378,0.982675313949585,0.08743613214484491,0.0,1,0.5760711052393996,9.857717514038086,33,sum_mod_10
10.154287338256836,-0.01257627084851265,True,False,family-00378-sum_mod_10,family-00378,0.9961960315704346,0.02499133473827404,0.0,2,0.7992235308494187,12.705190658569336,33,sum_mod_10
7.3569512367248535,-0.002733173780143261,True,True,family-00378-sum_mod_10,family-00378,0.9970850348472595,0.01992798003395573,0.0,3,0.41974387987969947,17.527238845825195,33,sum_mod_10
6.860152244567871,0.28795766830444336,True,False,family-00379-maximum,family-00379,0.9829329252243042,0.086393901501048,0.5,0,0.6485906970478781,10.57701301574707,33,maximum
5.653354644775391,-0.0031688809394836426,True,False,family-00379-maximum,family-00379,0.979937732219696,0.09828134948132071,0.5,1,0.6212845895121467,9.09946060180664,33,maximum
11.372694969177246,0.02287602424621582,True,False,family-00379-maximum,family-00379,0.9799138307571411,0.09837427933727394,0.5,2,1.1942703911724537,9.522713661193848,33,maximum
9.104659080505371,0.022648632526397705,True,False,family-00379-maximum,family-00379,0.9692724347114563,0.13726223194481652,0.5,3,0.5219521169374128,17.4434757232666,33,maximum
5.739388465881348,0.3089806139469147,False,False,family-00379-minimum,family-00379,0.9927164912223816,0.043107387919695705,0.0,0,0.48502532362033757,11.833172798156738,33,minimum
6.243892669677734,-0.2745968699455261,False,False,family-00379-minimum,family-00379,0.9814484715461731,0.0923470864580579,0.0,1,0.6078597524682016,10.271929740905762,33,minimum
8.061928749084473,0.4092283546924591,False,False,family-00379-minimum,family-00379,0.9936490654945374,0.03846107582062831,0.0,2,0.737571547156602,10.930368423461914,33,minimum
7.415619850158691,0.2013532519340515,False,False,family-00379-minimum,family-00379,0.9921643733978271,0.045800384196038595,0.0,3,0.6028132324551482,12.301687240600586,33,minimum
5.79257869720459,-0.01996239274740219,False,False,family-00379-sum_mod_10,family-00379,0.9927164912223816,0.043107387919695705,1.0,0,0.489520333727139,11.833172798156738,33,sum_mod_10
5.793459892272949,-0.009236874058842659,False,False,family-00379-sum_mod_10,family-00379,0.9903744459152222,0.054273740028170904,1.0,1,0.5140788384488618,11.269594192504883,33,sum_mod_10
6.965247631072998,0.0019900109618902206,False,False,family-00379-sum_mod_10,family-00379,0.9951712489128113,0.030569611829876952,1.0,2,0.5825589375393931,11.956296920776367,33,sum_mod_10
6.911125183105469,0.003316543996334076,False,True,family-00379-sum_mod_10,family-00379,0.9978653788566589,0.015259121570851283,1.0,3,0.446458814050573,15.47987174987793,33,sum_mod_10
6.665194511413574,0.08883088827133179,True,False,family-00380-maximum,family-00380,0.9798713326454163,0.09853944205756467,0.0,0,0.5701962728922084,11.689298629760742,33,maximum
7.5975341796875,-0.01222163438796997,True,False,family-00380-maximum,family-00380,0.9836318492889404,0.08354613096319495,0.0,1,0.7611288672356843,9.981928825378418,33,maximum
7.995270729064941,0.15170598030090332,True,False,family-00380-maximum,family-00380,0.9455455541610718,0.21142785000365613,0.0,2,0.7427022506574439,10.765109062194824,33,maximum
6.792421817779541,0.06547766923904419,True,False,family-00380-maximum,family-00380,0.9544550180435181,0.18518264093609918,0.0,3,0.4393974053952011,15.45849323272705,33,maximum
4.882689952850342,-0.03628993034362793,True,False,family-00380-minimum,family-00380,0.9906103014945984,0.05317792350501363,1.0,0,0.402257056567247,12.138233184814453,33,minimum
6.759698390960693,-0.025772128254175186,True,False,family-00380-minimum,family-00380,0.982672929763794,0.08744575966903444,1.0,1,0.7084461427379463,9.541584014892578,33,minimum
4.891348838806152,0.0012506907805800438,True,False,family-00380-minimum,family-00380,0.9795582890510559,0.09975323116016438,1.0,2,0.49360382837743877,9.909462928771973,33,minimum
4.849513530731201,0.008309237658977509,True,False,family-00380-minimum,family-00380,0.9741520285606384,0.119998854709444,1.0,3,0.5399212948894448,8.981889724731445,33,minimum
6.111189365386963,-0.12467090785503387,False,False,family-00380-sum_mod_10,family-00380,0.9892358183860779,0.05948426336013651,0.5,0,0.47864048713416535,12.767807006835938,33,sum_mod_10
6.59071159362793,0.055117905139923096,False,False,family-00380-sum_mod_10,family-00380,0.987174928188324,0.06861302048610633,0.5,1,0.6021626181727437,10.945069313049316,33,sum_mod_10
5.66604471206665,-0.09955671429634094,False,False,family-00380-sum_mod_10,family-00380,0.9873965382575989,0.06764851863391177,0.5,2,0.546930685285557,10.359712600708008,33,sum_mod_10
8.216747283935547,0.09246958047151566,False,True,family-00380-sum_mod_10,family-00380,0.9910097122192383,0.051308487074006114,0.5,3,0.6059208320299577,13.560760498046875,33,sum_mod_10
6.021993160247803,0.1043018102645874,False,False,family-00381-maximum,family-00381,0.9902267456054688,0.05495699482628926,1.0,0,0.48104254264617535,12.51862907409668,33,maximum
6.685463905334473,0.07598459720611572,False,False,family-00381-maximum,family-00381,0.988842248916626,0.06125628906425692,1.0,1,0.6236347958228615,10.720158576965332,33,maximum
14.586090087890625,-0.14126145839691162,False,False,family-00381-maximum,family-00381,0.9942759871482849,0.035261165222505594,1.0,2,1.0832801182649414,13.464744567871094,33,maximum
7.0925822257995605,0.08060973882675171,False,False,family-00381-maximum,family-00381,0.9938858151435852,0.037260334578129196,1.0,3,0.3210717245433269,22.090335845947266,33,maximum
4.7272138595581055,0.14931410551071167,False,False,family-00381-minimum,family-00381,0.9793587327003479,0.10052442807395853,0.5,0,0.4307123349162535,10.97533893585205,33,minimum
5.5234503746032715,0.09237533807754517,False,False,family-00381-minimum,family-00381,0.9701237678527832,0.13431167535322647,0.5,1,0.5833153641447258,9.469063758850098,33,minimum
13.121456146240234,0.43232399225234985,False,False,family-00381-minimum,family-00381,0.9936341047286987,0.03853665159061531,0.5,2,1.2093939126512177,10.849613189697266,33,minimum
8.760210037231445,0.03109532594680786,False,False,family-00381-minimum,family-00381,0.9916821718215942,0.04812016317484194,0.5,3,0.512930093389809,17.078760147094727,33,minimum
5.347951889038086,-0.020710036158561707,False,False,family-00381-sum_mod_10,family-00381,0.9892358183860779,0.05948426336013651,0.0,0,0.41886221229493603,12.767807006835938,33,sum_mod_10
6.298811912536621,0.006149603985249996,False,False,family-00381-sum_mod_10,family-00381,0.9883592128753662,0.06341199009406602,0.0,1,0.5926841262220867,10.627603530883789,33,sum_mod_10
11.973849296569824,-0.08304780721664429,False,False,family-00381-sum_mod_10,family-00381,0.997297465801239,0.01868049166491698,0.0,2,0.9629445362569912,12.434619903564453,33,sum_mod_10
5.385165691375732,-0.01088492851704359,False,True,family-00381-sum_mod_10,family-00381,0.9984517097473145,0.011565464164879987,0.0,3,0.3019811990247622,17.83278465270996,33,sum_mod_10
6.788210391998291,0.20779478549957275,False,False,family-00382-maximum,family-00382,0.9849240779876709,0.07820001727291194,0.5,0,0.6348684976291283,10.692309379577637,33,maximum
10.8161039352417,0.9422354698181152,False,False,family-00382-maximum,family-00382,0.982718288898468,0.0872625387274536,0.5,1,1.218846516136555,8.874049186706543,33,maximum
3.592334032058716,0.017438232898712158,False,False,family-00382-maximum,family-00382,0.8598019480705261,0.4053228439159279,0.5,2,0.3445989820391766,10.42467975616455,33,maximum
6.888239860534668,0.08994656801223755,False,False,family-00382-maximum,family-00382,0.9543598294258118,0.18547214245098315,0.5,3,0.6401359709198421,10.760588645935059,33,maximum
4.780782222747803,0.483704537153244,True,False,family-00382-minimum,family-00382,0.9808030128479004,0.09489726174167043,0.0,0,0.4360744652774141,10.963224411010742,33,minimum
7.318692207336426,0.5264870524406433,True,False,family-00382-minimum,family-00382,0.9724987745285034,0.1259458850532056,0.0,1,0.782874201882908,9.348490715026855,33,minimum
7.624709606170654,0.6098129153251648,True,False,family-00382-minimum,family-00382,0.9837573170661926,0.08303173559047787,0.0,2,0.6523920043972127,11.687313079833984,33,minimum
7.133448123931885,0.1511942744255066,True,False,family-00382-minimum,family-00382,0.9812179803848267,0.09326033237844107,0.0,3,0.5576501295983908,12.791977882385254,33,minimum
5.559022426605225,0.02399839460849762,False,False,family-00382-sum_mod_10,family-00382,0.9927164912223816,0.043107387919695705,1.0,0,0.46978291633425295,11.833172798156738,33,sum_mod_10
7.360240936279297,-0.36626121401786804,False,False,family-00382-sum_mod_10,family-00382,0.9875528812408447,0.06696570510746981,1.0,1,0.6701167963511505,10.983519554138184,33,sum_mod_10
6.052942276000977,0.027480408549308777,False,False,family-00382-sum_mod_10,family-00382,0.9944849610328674,0.03417953097691285,1.0,2,0.5267368996917906,11.491395950317383,33,sum_mod_10
8.642609596252441,0.08704766631126404,False,True,family-00382-sum_mod_10,family-00382,0.9982019662857056,0.013161898134731852,1.0,3,0.6158601766541294,14.033395767211914,33,sum_mod_10
6.446261882781982,0.18466734886169434,False,False,family-00383-maximum,family-00383,0.9763509035110474,0.11191962082819103,0.0,0,0.5822839010204577,11.070651054382324,33,maximum
7.144962310791016,0.48450297117233276,False,False,family-00383-maximum,family-00383,0.9883300065994263,0.06354167363865915,0.0,1,0.6474636821027362,11.035309791564941,33,maximum
4.979325771331787,0.5633366107940674,False,False,family-00383-maximum,family-00383,0.9670212864875793,0.14494867807315867,0.0,2,0.42386057871256405,11.74755573272705,33,maximum
12.975095748901367,0.7586162686347961,False,False,family-00383-maximum,family-00383,0.9924649000167847,0.04433958852429776,0.0,3,1.0473412965520978,12.388603210449219,33,maximum
5.746756076812744,0.06252783536911011,True,False,family-00383-minimum,family-00383,0.9810398817062378,0.09396401407494959,1.0,0,0.5063767357694343,11.348775863647461,33,minimum
6.693204402923584,0.585808277130127,True,False,family-00383-minimum,family-00383,0.9734230041503906,0.1226342703415623,1.0,1,0.6736493434966556,9.935739517211914,33,minimum
13.128519058227539,0.8946799039840698,True,False,family-00383-minimum,family-00383,0.9946209192276001,0.03347156357847519,1.0,2,1.122050574985459,11.700469970703125,33,minimum
8.416815757751465,-0.020507514476776123,True,False,family-00383-minimum,family-00383,0.9952528476715088,0.030134130251878104,1.0,3,0.4735339082983982,17.774473190307617,33,minimum
6.615520000457764,-0.06406299024820328,True,False,family-00383-sum_mod_10,family-00383,0.9918346405029297,0.04738979244408929,0.5,0,0.5591713813256138,11.830934524536133,33,sum_mod_10
6.923697471618652,-0.025372125208377838,True,False,family-00383-sum_mod_10,family-00383,0.988121747970581,0.06446426356991691,0.5,1,0.589014731568745,11.75471019744873,33,sum_mod_10
8.471824645996094,0.03353123739361763,True,False,family-00383-sum_mod_10,family-00383,0.9982448816299438,0.012890187636513496,0.5,2,0.5882884055221291,14.400801658630371,33,sum_mod_10
11.14252758026123,0.025420337915420532,True,True,family-00383-sum_mod_10,family-00383,0.9994677901268005,0.004544117796461609,0.5,3,0.6999493120584163,15.919049263000488,33,sum_mod_10
5.153923034667969,0.013532459735870361,False,False,family-00384-maximum,family-00384,0.9903565049171448,0.05435685567082517,1.0,0,0.3952147848889514,13.040815353393555,33,maximum
6.771394729614258,-0.003410637378692627,False,False,family-00384-maximum,family-00384,0.9822668433189392,0.08908073349223233,1.0,1,0.6064985335359687,11.16473388671875,33,maximum
9.91789436340332,0.13274431228637695,False,False,family-00384-maximum,family-00384,0.9758131504058838,0.11391411348079412,1.0,2,0.715110249131096,13.86904239654541,33,maximum
6.621718883514404,0.043173372745513916,False,False,family-00384-maximum,family-00384,0.9624248147010803,0.16015986787308176,1.0,3,0.3439724454479198,19.25072479248047,33,maximum
5.013943672180176,0.5092299580574036,False,False,family-00384-minimum,family-00384,0.9671717882156372,0.14443987367646477,0.5,0,0.475762280523866,10.538758277893066,33,minimum
6.241290092468262,0.08956921100616455,False,False,family-00384-minimum,family-00384,0.9740877747535706,0.12023197140148159,0.5,1,0.6352954024455769,9.824233055114746,33,minimum
9.199810028076172,0.1537800431251526,False,False,family-00384-minimum,family-00384,0.9932472705841064,0.040478726703508765,0.5,2,0.8643305570916733,10.643856048583984,33,minimum
10.476116180419922,0.0647013783454895,False,False,family-00384-minimum,family-00384,0.9902524948120117,0.05483804338151443,0.5,3,0.8048952856160905,13.015501976013184,33,minimum
4.852595329284668,-0.21131744980812073,False,False,family-00384-sum_mod_10,family-00384,0.993229866027832,0.04056557085329803,0.0,0,0.4046742228218792,11.991362571716309,33,sum_mod_10
5.471858024597168,0.2800943851470947,False,False,family-00384-sum_mod_10,family-00384,0.9880896210670471,0.06460625578899352,0.0,1,0.48651803666349197,11.246978759765625,33,sum_mod_10
6.6774001121521,0.26362091302871704,False,False,family-00384-sum_mod_10,family-00384,0.9979606866836548,0.014671068359490523,0.0,2,0.5303220964387454,12.591216087341309,33,sum_mod_10
6.543122291564941,0.07870611548423767,False,True,family-00384-sum_mod_10,family-00384,0.9985106587409973,0.011182981450188194,0.0,3,0.4237489899541705,15.441033363342285,33,sum_mod_10
5.736845970153809,0.32194608449935913,False,False,family-00385-maximum,family-00385,0.9793587327003479,0.10052442807395853,0.5,0,0.522703308178832,10.97533893585205,33,maximum
10.136693000793457,0.9042038917541504,False,False,family-00385-maximum,family-00385,0.9804038405418396,0.09646325036326785,0.5,1,1.0497076517181665,9.656682014465332,33,maximum
2.8525636196136475,0.03465694189071655,False,False,family-00385-maximum,family-00385,0.8514846563339233,0.42012513381626027,0.5,2,0.2817189431524122,10.125565528869629,33,maximum
5.780998229980469,0.20480358600616455,False,False,family-00385-maximum,family-00385,0.9183682799339294,0.28273662186933207,0.5,3,0.5772524766806537,10.014678955078125,33,maximum
4.896043300628662,-0.1882665753364563,False,False,family-00385-minimum,family-00385,0.9763509035110474,0.11191962082819103,0.0,0,0.4422543242107302,11.070651054382324,33,minimum
9.87270450592041,0.12468967586755753,False,False,family-00385-minimum,family-00385,0.9826881289482117,0.08738437848070532,0.0,1,1.0011968193908145,9.860902786254883,33,minimum
4.058196544647217,0.047570616006851196,False,False,family-00385-minimum,family-00385,0.9835584759712219,0.08384649483616269,0.0,2,0.3129307752592364,12.968352317810059,33,minimum
9.362602233886719,0.13409045338630676,False,False,family-00385-minimum,family-00385,0.9800951480865479,0.09766858271764146,0.0,3,0.6724254865519698,13.923627853393555,33,minimum
4.9594268798828125,-0.003609275445342064,False,False,family-00385-sum_mod_10,family-00385,0.9763509035110474,0.11191962082819103,1.0,0,0.4479796947370697,11.070651054382324,33,sum_mod_10
8.660872459411621,-0.0025100577622652054,False,False,family-00385-sum_mod_10,family-00385,0.9885380268096924,0.06261638579548091,1.0,1,0.7963099571461754,10.87625789642334,33,sum_mod_10
4.559750080108643,-0.0018617399036884308,False,False,family-00385-sum_mod_10,family-00385,0.9901608228683472,0.05526122074965836,1.0,2,0.3586536809818252,12.713518142700195,33,sum_mod_10
8.967352867126465,-0.0037553850561380386,False,True,family-00385-sum_mod_10,family-00385,0.9935421943664551,0.039000172406916014,1.0,3,0.6124132640689867,14.64264965057373,33,sum_mod_10
5.672280311584473,0.7802556753158569,True,False,family-00386-maximum,family-00386,0.9738819599151611,0.12097758092848775,0.0,0,0.5749662361279569,9.8654146194458,33,maximum
9.796465873718262,0.8573063015937805,True,False,family-00386-maximum,family-00386,0.9735274910926819,0.12225782534014253,0.0,1,0.9279413876927163,10.55720329284668,33,maximum
3.3295135498046875,-0.017492592334747314,True,False,family-00386-maximum,family-00386,0.9299076795578003,0.25387768579104486,0.0,2,0.2930997500139991,11.359660148620605,33,maximum
6.9953532218933105,0.11340099573135376,True,False,family-00386-maximum,family-00386,0.9760351181030273,0.11309234945045922,0.0,3,0.5960671071643595,11.735848426818848,33,maximum
5.484556674957275,0.413244366645813,True,False,family-00386-minimum,family-00386,0.9906103014945984,0.05317792350501363,1.0,0,0.45184143288816814,12.138233184814453,33,minimum
8.070959091186523,0.12550115585327148,True,False,family-00386-minimum,family-00386,0.9834081530570984,0.08446082445164964,1.0,1,0.8246236923748499,9.787445068359375,33,minimum
7.066976547241211,0.06199228763580322,True,False,family-00386-minimum,family-00386,0.9937232136726379,0.038085983925026975,1.0,2,0.5400702270539671,13.085291862487793,33,minimum
11.588804244995117,0.18438220024108887,True,False,family-00386-minimum,family-00386,0.9931419491767883,0.04100356661994271,1.0,3,0.8018879609658626,14.451899528503418,33,minimum
4.182331085205078,0.03523189574480057,True,False,family-00386-sum_mod_10,family-00386,0.9808030128479004,0.09489726174167043,0.5,0,0.3814873187312138,10.963224411010742,33,sum_mod_10
7.339086055755615,0.002621583640575409,True,False,family-00386-sum_mod_10,family-00386,0.9781369566917419,0.10520377326228493,0.5,1,0.7469456195359216,9.825462341308594,33,sum_mod_10
4.632194519042969,-0.0013913139700889587,True,False,family-00386-sum_mod_10,family-00386,0.9920971393585205,0.04612558825196697,0.5,2,0.3766510832694364,12.298370361328125,33,sum_mod_10
11.55490779876709,-0.026216380298137665,True,True,family-00386-sum_mod_10,family-00386,0.9953964352607727,0.029364385557712664,0.5,3,0.8909174894981039,12.969672203063965,33,sum_mod_10
5.434845924377441,0.3553963303565979,True,False,family-00387-maximum,family-00387,0.9906103014945984,0.05317792350501363,1.0,0,0.4477460468609806,12.138233184814453,33,maximum
9.982635498046875,0.6020693778991699,True,False,family-00387-maximum,family-00387,0.9888245463371277,0.06133566032445581,1.0,1,0.9627676800472391,10.368685722351074,33,maximum
4.5458574295043945,0.6519739031791687,True,False,family-00387-maximum,family-00387,0.9487636089324951,0.20213975432768094,1.0,2,0.4201422269434746,10.819806098937988,33,maximum
10.438185691833496,0.6323100328445435,True,False,family-00387-maximum,family-00387,0.9852921366691589,0.07665713004392836,1.0,3,0.8965880976079993,11.642119407653809,33,maximum
5.686894416809082,0.1234636902809143,True,False,family-00387-minimum,family-00387,0.9838332533836365,0.08271993222361723,0.5,0,0.5196074638370296,10.944597244262695,33,minimum
5.774594783782959,0.229749858379364,True,False,family-00387-minimum,family-00387,0.9707541465759277,0.1321108277751518,0.5,1,0.5919396378328627,9.755377769470215,33,minimum
11.544962882995605,0.7880727052688599,True,False,family-00387-minimum,family-00387,0.9933331608772278,0.040049493149279775,0.5,2,0.9637257773340561,11.979510307312012,33,minimum
8.265205383300781,0.024898529052734375,True,False,family-00387-minimum,family-00387,0.9897586107254028,0.05710782729552113,0.5,3,0.45670084850163456,18.09763526916504,33,minimum
5.178028106689453,0.002432471141219139,True,False,family-00387-sum_mod_10,family-00387,0.9911692142486572,0.05055697991631683,0.0,0,0.4434140644312905,11.67763614654541,33,sum_mod_10
6.119833469390869,-0.05387277901172638,True,False,family-00387-sum_mod_10,family-00387,0.9811123609542847,0.09367784961487807,0.0,1,0.516603106069986,11.846296310424805,33,sum_mod_10
11.11250114440918,-0.005218986421823502,True,False,family-00387-sum_mod_10,family-00387,0.9982361793518066,0.012945368633639874,0.0,2,0.8160896605198423,13.616765022277832,33,sum_mod_10
8.049580574035645,-0.017970126122236252,True,True,family-00387-sum_mod_10,family-00387,0.9991776347160339,0.006663555651037906,0.0,3,0.4579797489602045,17.57628059387207,33,sum_mod_10
5.925215244293213,0.6149671077728271,False,False,family-00388-maximum,family-00388,0.9793587327003479,0.10052442807395853,0.5,0,0.5398662655362652,10.97533893585205,33,maximum
9.864602088928223,0.9151638746261597,False,False,family-00388-maximum,family-00388,0.980262279510498,0.09701660613204195,0.5,1,1.0232580386137573,9.640385627746582,33,maximum
3.1674561500549316,0.02512049674987793,False,False,family-00388-maximum,family-00388,0.8463318943977356,0.42901937272672497,0.5,2,0.31019544828797124,10.211162567138672,33,maximum
6.323225021362305,0.15233629941940308,False,False,family-00388-maximum,family-00388,0.9269380569458008,0.26148818406446417,0.5,3,0.6190618998223217,10.214204788208008,33,maximum
5.184026718139648,0.09238302707672119,True,False,family-00388-minimum,family-00388,0.9798713326454163,0.09853944205756467,0.0,0,0.44348483876878725,11.689298629760742,33,minimum
8.338712692260742,0.06184142827987671,True,False,family-00388-minimum,family-00388,0.9740996360778809,0.12018895012270078,0.0,1,0.8768316517933696,9.510049819946289,33,minimum
12.84643268585205,0.27812689542770386,True,False,family-00388-minimum,family-00388,0.9871141910552979,0.06887668343715747,0.0,2,1.070500240278152,12.000401496887207,33,minimum
8.268746376037598,0.026917219161987305,True,False,family-00388-minimum,family-00388,0.9929030537605286,0.0421880367767294,0.0,3,0.4234186547603246,19.528535842895508,33,minimum
6.013415336608887,-0.006229427643120289,False,False,family-00388-sum_mod_10,family-00388,0.9892358183860779,0.05948426336013651,1.0,0,0.470982631033605,12.767807006835938,33,sum_mod_10
7.430823802947998,-0.00046344497241079807,False,False,family-00388-sum_mod_10,family-00388,0.9837706089019775,0.0829771838661905,1.0,1,0.7381472538586602,10.066858291625977,33,sum_mod_10
8.6625394821167,-0.004063640721142292,False,False,family-00388-sum_mod_10,family-00388,0.9914332628250122,0.04930647854811265,1.0,2,0.7859351716664559,11.021951675415039,33,sum_mod_10
8.181593894958496,-0.0016652431804686785,False,True,family-00388-sum_mod_10,family-00388,0.9958006739616394,0.027172699203655053,1.0,3,0.5415427304727152,15.107937812805176,33,sum_mod_10
6.293852806091309,0.2578763961791992,False,False,family-00389-maximum,family-00389,0.9927164912223816,0.043107387919695705,0.0,0,0.5318821007221078,11.833172798156738,33,maximum
7.960408687591553,0.20650099217891693,False,False,family-00389-maximum,family-00389,0.9870985150337219,0.06894468669506545,0.0,1,0.7342622712878255,10.84136962890625,33,maximum
7.792391777038574,0.31107133626937866,False,False,family-00389-maximum,family-00389,0.9734596014022827,0.12250246605859745,0.0,2,0.6864503820000437,11.35171890258789,33,maximum
8.924111366271973,0.2121025025844574,False,False,family-00389-maximum,family-00389,0.9846205711364746,0.07946543218020605,0.0,3,0.6855343999828866,13.017744064331055,33,maximum
4.476943492889404,0.41715288162231445,True,False,family-00389-minimum,family-00389,0.9798713326454163,0.09853944205756467,1.0,0,0.3829950482650163,11.689298629760742,33,minimum
6.632730484008789,0.14629048109054565,True,False,family-00389-minimum,family-00389,0.9746190905570984,0.11829937273385718,1.0,1,0.6549750503973873,10.126691818237305,33,minimum
6.801183223724365,0.07226759195327759,True,False,family-00389-minimum,family-00389,0.994257926940918,0.03535427931192964,1.0,2,0.5540010101901495,12.276481628417969,33,minimum
10.417503356933594,0.32088422775268555,True,False,family-00389-minimum,family-00389,0.990356981754303,0.054354647053450125,1.0,3,0.8190148333796816,12.71955394744873,33,minimum
4.097958087921143,0.007458609528839588,False,False,family-00389-sum_mod_10,family-00389,0.9671717882156372,0.14443987367646477,0.5,0,0.3888463877682197,10.538758277893066,33,sum_mod_10
5.176698684692383,0.007402636110782623,False,False,family-00389-sum_mod_10,family-00389,0.9831405282020569,0.08555111601490922,0.5,1,0.5067894502058747,10.214693069458008,33,sum_mod_10
9.653095245361328,-0.011106928810477257,False,False,family-00389-sum_mod_10,family-00389,0.9961721301078796,0.025124340452846283,0.5,2,0.8040981183618934,12.00487232208252,33,sum_mod_10
11.61489486694336,-0.01772889494895935,False,True,family-00389-sum_mod_10,family-00389,0.9974074959754944,0.018027841831866398,0.5,3,0.6989913005309627,16.61665153503418,33,sum_mod_10
6.926181793212891,0.31942451000213623,True,False,family-00300-maximum,family-00300,0.9763849973678589,0.11179274954843188,1.0,0,0.7020103772945668,9.866209983825684,44,maximum
4.716073036193848,-0.08195388317108154,True,False,family-00300-maximum,family-00300,0.9231963753700256,0.2708924447201809,1.0,1,0.5729769907115865,8.23082447052002,44,maximum
7.096404075622559,0.21499261260032654,True,False,family-00300-maximum,family-00300,0.9795941114425659,0.09961458348533225,1.0,2,0.7528725508636143,9.42577075958252,44,maximum
8.442852973937988,0.3007604479789734,True,False,family-00300-maximum,family-00300,0.9895232319831848,0.058181036760826726,1.0,3,0.7460211871337455,11.31717586517334,44,maximum
5.925013542175293,0.23328649997711182,True,False,family-00300-minimum,family-00300,0.9757347106933594,0.1142040111322595,0.5,0,0.6218768411340194,9.527631759643555,44,minimum
10.06363582611084,0.6170082092285156,True,False,family-00300-minimum,family-00300,0.963216245174408,0.15758445089749404,0.5,1,1.0470159092043354,9.61173152923584,44,minimum
4.609131813049316,0.09042906761169434,True,False,family-00300-minimum,family-00300,0.7711897492408752,0.5378347529714809,0.5,2,0.31148205333218015,14.797423362731934,44,minimum
7.4771342277526855,0.13283586502075195,True,False,family-00300-minimum,family-00300,0.9824697971343994,0.08826480343160746,0.5,3,0.4795779690799535,15.591071128845215,44,minimum
4.547157287597656,0.13846415281295776,False,False,family-00300-sum_mod_10,family-00300,0.9683666825294495,0.1403746885350306,0.0,0,0.44181110269029017,10.292084693908691,44,sum_mod_10
6.668614387512207,0.15696674585342407,False,False,family-00300-sum_mod_10,family-00300,0.9579110145568848,0.17452715871921104,0.0,1,0.7003645576050694,9.52163314819336,44,sum_mod_10
5.231704235076904,0.023668110370635986,False,False,family-00300-sum_mod_10,family-00300,0.9294880032539368,0.2549613146024093,0.0,2,0.44483867436467134,11.760902404785156,44,sum_mod_10
7.210471153259277,-0.1185421347618103,False,True,family-00300-sum_mod_10,family-00300,0.9901280999183655,0.05541206758433888,0.0,3,0.5388613144970473,13.380940437316895,44,sum_mod_10
8.613027572631836,0.3926093578338623,True,False,family-00301-maximum,family-00301,0.9763849973678589,0.11179274954843188,0.5,0,0.8729823900719454,9.866209983825684,44,maximum
7.124423027038574,-0.04884105920791626,True,False,family-00301-maximum,family-00301,0.8999400734901428,0.3252146254442453,0.5,1,0.7045682398080685,10.111757278442383,44,maximum
6.155858516693115,0.06864506006240845,True,False,family-00301-maximum,family-00301,0.9927880167961121,0.04275549678289227,0.5,2,0.4509881741886261,13.649711608886719,44,maximum
11.050108909606934,0.387432336807251,True,False,family-00301-maximum,family-00301,0.9923168420791626,0.0450607467762325,0.5,3,0.7258419340685335,15.22385025024414,44,maximum
5.477331638336182,0.24564236402511597,False,False,family-00301-minimum,family-00301,0.9681898355484009,0.14097924321437244,0.0,0,0.547868645038279,9.997527122497559,44,minimum
4.789435863494873,0.24024592339992523,False,False,family-00301-minimum,family-00301,0.9746053814888,0.11834938029445026,0.0,1,0.5512297796754738,8.688637733459473,44,minimum
5.974478721618652,0.18572476506233215,False,False,family-00301-minimum,family-00301,0.9517187476158142,0.19342305665768061,0.0,2,0.7383474496367131,8.091690063476562,44,minimum
6.63800573348999,0.20389211177825928,False,False,family-00301-minimum,family-00301,0.9917787909507751,0.047657658923622,0.0,3,0.6196802889516244,10.711984634399414,44,minimum
6.208928108215332,0.03616718947887421,False,False,family-00301-sum_mod_10,family-00301,0.9726890921592712,0.12526660255310906,1.0,0,0.6211348492616733,9.996103286743164,44,sum_mod_10
6.712733268737793,0.03516756743192673,False,False,family-00301-sum_mod_10,family-00301,0.969391942024231,0.13684952606282602,1.0,1,0.7128859906798719,9.416278839111328,44,sum_mod_10
5.207383155822754,-0.009079203009605408,False,False,family-00301-sum_mod_10,family-00301,0.987845242023468,0.0656834908092731,1.0,2,0.4524566215342802,11.509132385253906,44,sum_mod_10
11.245763778686523,-0.014935992658138275,False,True,family-00301-sum_mod_10,family-00301,0.9949012994766235,0.03200054517649661,1.0,3,0.792277176793341,14.194229125976562,44,sum_mod_10
8.44283390045166,0.21261721849441528,False,False,family-00302-maximum,family-00302,0.9780574440956116,0.1055058412282574,0.0,0,0.8737049916917152,9.663254737854004,44,maximum
4.545060634613037,0.033754587173461914,False,False,family-00302-maximum,family-00302,0.9135019183158875,0.2943599016063102,0.0,1,0.43598389129570286,10.424836158752441,44,maximum
7.4986653327941895,0.19901984930038452,False,False,family-00302-maximum,family-00302,0.9898223876953125,0.05681610019810926,0.0,2,0.6409855070431675,11.698650360107422,44,maximum
9.020100593566895,0.26954641938209534,False,False,family-00302-maximum,family-00302,0.9919459223747253,0.04685490976441415,0.0,3,0.6654386620450748,13.555119514465332,44,maximum
5.40714693069458,0.4597291052341461,True,False,family-00302-minimum,family-00302,0.9730870723724365,0.12384171215580603,1.0,0,0.6176101540788947,8.754951477050781,44,minimum
5.337005615234375,0.5544298887252808,True,False,family-00302-minimum,family-00302,0.9710109233856201,0.13121034474111898,1.0,1,0.6260864272998785,8.524391174316406,44,minimum
5.265061855316162,0.5188549757003784,True,False,family-00302-minimum,family-00302,0.9102523326873779,0.3019536283337527,1.0,2,0.5868188435343202,8.972209930419922,44,minimum
6.389405250549316,0.11870038509368896,True,False,family-00302-minimum,family-00302,0.9748457074165344,0.11747162217210644,1.0,3,0.6216222635764269,10.278597831726074,44,minimum
7.874460697174072,-0.016950570046901703,False,False,family-00302-sum_mod_10,family-00302,0.9780574440956116,0.1055058412282574,0.5,0,0.8148870034779624,9.663254737854004,44,sum_mod_10
8.503028869628906,0.05326005816459656,False,False,family-00302-sum_mod_10,family-00302,0.9854704141616821,0.07590645136714495,0.5,1,0.7491572678969294,11.350125312805176,44,sum_mod_10
5.246982097625732,0.05311988666653633,False,False,family-00302-sum_mod_10,family-00302,0.9876669645309448,0.06646620335289789,0.5,2,0.2992211512879456,17.535465240478516,44,sum_mod_10
12.07724666595459,-0.00015276670455932617,False,True,family-00302-sum_mod_10,family-00302,0.9990978240966797,0.0072266543658090895,0.5,3,0.6135750162745812,19.683406829833984,44,sum_mod_10
6.283703804016113,-0.006462432444095612,False,False,family-00303-maximum,family-00303,0.9815162420272827,0.09207801456333566,1.0,0,0.5521814000442151,11.379781723022461,44,maximum
3.6507174968719482,0.05673561990261078,False,False,family-00303-maximum,family-00303,0.9030921459197998,0.31823522123555836,1.0,1,0.3535257315121293,10.3265962600708,44,maximum
5.8941121101379395,0.09478335082530975,False,False,family-00303-maximum,family-00303,0.9774906635284424,0.10765056459439473,1.0,2,0.588110227124369,10.02212142944336,44,maximum
6.974451541900635,0.050775401294231415,False,False,family-00303-maximum,family-00303,0.9882252216339111,0.06400633907219024,1.0,3,0.6461768196766996,10.793410301208496,44,maximum
7.046253681182861,0.1391701102256775,False,False,family-00303-minimum,family-00303,0.9768949747085571,0.10988894692276069,0.5,0,0.7207373017005658,9.77645206451416,44,minimum
6.4256815910339355,0.012920200824737549,False,False,family-00303-minimum,family-00303,0.9740923643112183,0.1202153256382814,0.5,1,0.6311992692951743,10.180115699768066,44,minimum
5.377170085906982,-0.00699383020401001,False,False,family-00303-minimum,family-00303,0.8734802007675171,0.3797170314224133,0.5,2,0.4033020161840916,13.33286190032959,44,minimum
11.426304817199707,0.5948721170425415,False,False,family-00303-minimum,family-00303,0.9847730398178101,0.0788305104612499,0.5,3,0.8418050511890528,13.573575973510742,44,minimum
5.872520446777344,-0.02122139185667038,True,False,family-00303-sum_mod_10,family-00303,0.9803701639175415,0.0965949850673804,0.0,0,0.592494549205329,9.911518096923828,44,sum_mod_10
5.474900245666504,-0.0059416089206933975,True,False,family-00303-sum_mod_10,family-00303,0.9368237853050232,0.23561899310470433,0.0,1,0.5837117663057984,9.3794584274292,44,sum_mod_10
6.418901443481445,-0.02321143075823784,True,False,family-00303-sum_mod_10,family-00303,0.9768303632736206,0.11013078099983561,0.0,2,0.6008833576518263,10.682441711425781,44,sum_mod_10
9.134202003479004,-0.001061776652932167,True,True,family-00303-sum_mod_10,family-00303,0.9922415018081665,0.04542660567465042,0.0,3,0.7287669016934069,12.533777236938477,44,sum_mod_10
7.451844692230225,0.25678539276123047,True,False,family-00304-maximum,family-00304,0.9757347106933594,0.1142040111322595,0.5,0,0.7821297968078702,9.527631759643555,44,maximum
5.937778472900391,0.08883953094482422,True,False,family-00304-maximum,family-00304,0.8905119895935059,0.3454435586284987,0.5,1,0.6211334611338921,9.559585571289062,44,maximum
11.296953201293945,0.07486790418624878,True,False,family-00304-maximum,family-00304,0.9872275590896606,0.06838431150381453,0.5,2,1.0058728565033297,11.230995178222656,44,maximum
6.821045398712158,0.07241952419281006,True,False,family-00304-maximum,family-00304,0.9926869869232178,0.04325233648855534,0.5,3,0.4058800239565296,16.805570602416992,44,maximum
6.7739715576171875,0.578949511051178,False,False,family-00304-minimum,family-00304,0.9726890921592712,0.12526660255310906,0.0,0,0.6776612209080344,9.996103286743164,44,minimum
5.066779613494873,0.46308839321136475,False,False,family-00304-minimum,family-00304,0.9761967658996582,0.11249257598020819,0.0,1,0.5393654599841528,9.393963813781738,44,minimum
7.078009128570557,0.3352263271808624,False,False,family-00304-minimum,family-00304,0.9463421702384949,0.20914780004320369,0.0,2,0.7133293075088515,9.92249870300293,44,minimum
5.528469562530518,0.022047579288482666,False,False,family-00304-minimum,family-00304,0.9667745232582092,0.1457813802565826,0.0,3,0.4085540283129689,13.531795501708984,44,minimum
5.684160232543945,0.0183805450797081,True,False,family-00304-sum_mod_10,family-00304,0.9676731824874878,0.14273963424558253,1.0,0,0.5934242850312818,9.578577041625977,44,sum_mod_10
6.6521148681640625,0.01436823233962059,True,False,family-00304-sum_mod_10,family-00304,0.9795179963111877,0.09990910438203493,1.0,1,0.6568614008627509,10.127120971679688,44,sum_mod_10
6.541718482971191,0.005471378564834595,True,False,family-00304-sum_mod_10,family-00304,0.9824277758598328,0.08843393592537385,1.0,2,0.5200772349482151,12.578359603881836,44,sum_mod_10
11.850224494934082,0.01130266860127449,True,True,family-00304-sum_mod_10,family-00304,0.9980383515357971,0.014188581056970401,1.0,3,0.7286671879476888,16.262876510620117,44,sum_mod_10
7.783400058746338,0.22124052047729492,False,False,family-00305-maximum,family-00305,0.9780574440956116,0.1055058412282574,0.0,0,0.8054636113706405,9.663254737854004,44,maximum
5.500687599182129,-0.07814943790435791,False,False,family-00305-maximum,family-00305,0.9189340472221375,0.28136511034401246,0.0,1,0.5588951453576848,9.842074394226074,44,maximum
8.772632598876953,0.20857948064804077,False,False,family-00305-maximum,family-00305,0.9842287302017212,0.08109015917199569,0.0,2,0.7815844985665781,11.224164009094238,44,maximum
7.988462924957275,0.055142104625701904,False,False,family-00305-maximum,family-00305,0.9824497699737549,0.08834542403124562,0.0,3,0.5245096906589553,15.23034381866455,44,maximum
5.724837779998779,0.44696468114852905,False,False,family-00305-minimum,family-00305,0.9749530553817749,0.11707878846180106,1.0,0,0.5403691117576574,10.59430980682373,44,minimum
7.187804222106934,0.1557931900024414,False,False,family-00305-minimum,family-00305,0.9767796397209167,0.11032050486903121,1.0,1,0.7413808960734142,9.695157051086426,44,minimum
4.001492023468018,0.012242794036865234,False,False,family-00305-minimum,family-00305,0.9109755158424377,0.3002750068375044,1.0,2,0.3893954622313542,10.276165008544922,44,minimum
13.158622741699219,0.4232812523841858,False,False,family-00305-minimum,family-00305,0.9811652898788452,0.09346869521412363,1.0,3,1.2222602442728265,10.7658109664917,44,minimum
7.153197288513184,-0.01898355782032013,True,False,family-00305-sum_mod_10,family-00305,0.9805988073348999,0.09569942474854568,0.5,0,0.6906562931391369,10.357101440429688,44,sum_mod_10
8.311089515686035,-0.00342745054513216,True,False,family-00305-sum_mod_10,family-00305,0.9902269840240479,0.054955893738537986,0.5,1,0.7225051739219576,11.503155708312988,44,sum_mod_10
5.1259894371032715,-0.0017117587849497795,True,False,family-00305-sum_mod_10,family-00305,0.9909855127334595,0.051422254243545365,0.5,2,0.30708915704061684,16.69218635559082,44,sum_mod_10
13.487465858459473,-0.00563976913690567,True,True,family-00305-sum_mod_10,family-00305,0.9992895126342773,0.005860955265432385,0.5,3,0.6947468153704797,19.413497924804688,44,sum_mod_10
7.68951416015625,0.602760910987854,True,False,family-00306-maximum,family-00306,0.9757347106933594,0.1142040111322595,1.0,0,0.8070750795309839,9.527631759643555,44,maximum
5.081357002258301,0.06571125984191895,True,False,family-00306-maximum,family-00306,0.9102528691291809,0.30195238554663756,1.0,1,0.5797385306586806,8.764911651611328,44,maximum
5.932855606079102,0.2207639217376709,True,False,family-00306-maximum,family-00306,0.9823529124259949,0.08873500237641332,1.0,2,0.6002356540393383,9.884210586547852,44,maximum
6.169590950012207,0.3052101731300354,True,False,family-00306-maximum,family-00306,0.9908326268196106,0.052139496694600745,1.0,3,0.5429889566333851,11.362277030944824,44,maximum
5.718994617462158,0.30529290437698364,True,False,family-00306-minimum,family-00306,0.9709507822990417,0.13142146106867747,0.5,0,0.5522339328605961,10.356108665466309,44,minimum
8.701705932617188,0.8150110244750977,True,False,family-00306-minimum,family-00306,0.9745535254478455,0.1185384706749154,0.5,1,0.8662031992862586,10.045802116394043,44,minimum
3.61735463142395,0.07895874977111816,True,False,family-00306-minimum,family-00306,0.9375689029693604,0.2336050254795064,0.5,2,0.2888262839621501,12.52432632446289,44,minimum
5.781397342681885,0.0049353837966918945,True,False,family-00306-minimum,family-00306,0.9822576642036438,0.08911757996107861,0.5,3,0.4377080422673006,13.208341598510742,44,minimum
5.085963726043701,-0.021205365657806396,False,False,family-00306-sum_mod_10,family-00306,0.9780574440956116,0.1055058412282574,0.0,0,0.52631994747281,9.663254737854004,44,sum_mod_10
9.657764434814453,-0.020616084337234497,False,False,family-00306-sum_mod_10,family-00306,0.9753895998001099,0.1154763967689951,0.0,1,1.094418314218198,8.824563980102539,44,sum_mod_10
5.04901647567749,-0.029374804347753525,False,False,family-00306-sum_mod_10,family-00306,0.9727688431739807,0.12498155003292974,0.0,2,0.3861991237226244,13.073609352111816,44,sum_mod_10
7.310338973999023,0.008895596489310265,False,True,family-00306-sum_mod_10,family-00306,0.9927237629890442,0.04307164474747055,0.0,3,0.4697128802729556,15.563420295715332,44,sum_mod_10
6.087917804718018,-0.047573432326316833,False,False,family-00307-maximum,family-00307,0.9768949747085571,0.10988894692276069,0.5,0,0.622712387330726,9.77645206451416,44,maximum
6.593434810638428,-0.0010677985846996307,False,False,family-00307-maximum,family-00307,0.8890636563301086,0.3484685224673609,0.5,1,0.7607772283051064,8.666708946228027,44,maximum
4.034922122955322,0.00977412424981594,False,False,family-00307-maximum,family-00307,0.9865074157714844,0.07149502100681972,0.5,2,0.34410436597629546,11.72586727142334,44,maximum
6.334050178527832,0.006357348524034023,False,False,family-00307-maximum,family-00307,0.9886948466300964,0.061916319560858336,0.5,3,0.5753986151412677,11.008108139038086,44,maximum
6.643868923187256,0.6358386278152466,True,False,family-00307-minimum,family-00307,0.9794909358024597,0.10001374303591169,0.0,0,0.7051520850142005,9.421895027160645,44,minimum
9.428529739379883,0.674830436706543,True,False,family-00307-minimum,family-00307,0.9753509163856506,0.11561870773260413,0.0,1,1.1277035888617237,8.360822677612305,44,minimum
4.990628242492676,0.14546650648117065,True,False,family-00307-minimum,family-00307,0.8871967792510986,0.35233630767938456,0.0,2,0.39212427898344554,12.72715950012207,44,minimum
5.263287544250488,0.014719247817993164,True,False,family-00307-minimum,family-00307,0.9817002415657043,0.09134619433664665,0.0,3,0.3624990229724626,14.519453048706055,44,minimum
6.607110977172852,-0.0007357820868492126,False,False,family-00307-sum_mod_10,family-00307,0.9726890921592712,0.12526660255310906,1.0,0,0.6609686582505809,9.996103286743164,44,sum_mod_10
7.875909805297852,-0.08507130295038223,False,False,family-00307-sum_mod_10,family-00307,0.9719756841659546,0.1278059518445864,1.0,1,0.8405358510322568,9.370105743408203,44,sum_mod_10
6.029167175292969,-0.005377359688282013,False,False,family-00307-sum_mod_10,family-00307,0.9861369132995605,0.07308011836685939,1.0,2,0.46454846057755894,12.978553771972656,44,sum_mod_10
11.716638565063477,0.0598861500620842,False,True,family-00307-sum_mod_10,family-00307,0.9953277111053467,0.029733355119481462,1.0,3,0.7073111082018314,16.56504249572754,44,sum_mod_10
7.428325653076172,0.6982632875442505,True,False,family-00308-maximum,family-00308,0.9676731824874878,0.14273963424558253,0.0,0,0.7755145279715998,9.578577041625977,44,maximum
4.6217732429504395,-0.008351445198059082,True,False,family-00308-maximum,family-00308,0.9285188317298889,0.25745352792885745,0.0,1,0.466248173983049,9.912689208984375,44,maximum
8.420008659362793,0.12610924243927002,True,False,family-00308-maximum,family-00308,0.9888124465942383,0.06138989439579149,0.0,2,0.7681900067648255,10.960841178894043,44,maximum
8.736084938049316,0.36424165964126587,True,False,family-00308-maximum,family-00308,0.9909998774528503,0.05135473041844446,0.0,3,0.6722813844061114,12.994685173034668,44,maximum
6.871885776519775,0.20116305351257324,True,False,family-00308-minimum,family-00308,0.9794909358024597,0.10001374303591169,1.0,0,0.7293528272932444,9.421895027160645,44,minimum
5.500791549682617,0.5524136424064636,True,False,family-00308-minimum,family-00308,0.9678282737731934,0.14221209433301019,1.0,1,0.6641753939512577,8.282136917114258,44,minimum
6.425764560699463,0.5290041565895081,True,False,family-00308-minimum,family-00308,0.9381770491600037,0.23195425069516867,1.0,2,0.7478960540419882,8.591788291931152,44,minimum
6.623777866363525,0.40337875485420227,True,False,family-00308-minimum,family-00308,0.992061972618103,0.04629545615766854,1.0,3,0.5988156432923238,11.061464309692383,44,minimum
7.444850444793701,-0.00570262223482132,False,False,family-00308-sum_mod_10,family-00308,0.9681077599525452,0.1412594748192077,0.5,0,0.7860280183322494,9.471482276916504,44,sum_mod_10
8.118946075439453,0.04226751625537872,False,False,family-00308-sum_mod_10,family-00308,0.9766137003898621,0.11094038484359335,0.5,1,0.8368932760366091,9.701292037963867,44,sum_mod_10
10.027359962463379,-0.08047033101320267,False,False,family-00308-sum_mod_10,family-00308,0.9788843393325806,0.10234987434285102,0.5,2,0.7138923327408249,14.046039581298828,44,sum_mod_10
7.5586748123168945,-0.014615125954151154,False,True,family-00308-sum_mod_10,family-00308,0.9994407296180725,0.004747421348071038,0.5,3,0.3636168740981084,20.7874698638916,44,sum_mod_10
6.508569717407227,0.19480735063552856,False,False,family-00309-maximum,family-00309,0.9749530553817749,0.11707878846180106,1.0,0,0.6143457984601409,10.59430980682373,44,maximum
5.556085586547852,-0.009027242660522461,False,False,family-00309-maximum,family-00309,0.9252023696899414,0.2658757533531795,1.0,1,0.536801542633039,10.350353240966797,44,maximum
11.574992179870605,-0.03363829851150513,False,False,family-00309-maximum,family-00309,0.9907001852989197,0.0527587454358249,1.0,2,0.9796988642532165,11.814846992492676,44,maximum
11.416301727294922,0.2640801668167114,False,False,family-00309-maximum,family-00309,0.9961434602737427,0.02528368342373324,1.0,3,0.6709837473291497,17.01427459716797,44,maximum
5.658889293670654,0.6505172252655029,True,False,family-00309-minimum,family-00309,0.9732781052589417,0.1231556132485116,0.5,0,0.601697156411993,9.404879570007324,44,minimum
7.187081336975098,0.5925136804580688,True,False,family-00309-minimum,family-00309,0.9724279642105103,0.12619827537018982,0.5,1,0.8263475240334508,8.697407722473145,44,minimum
4.846400737762451,-0.016906261444091797,True,False,family-00309-minimum,family-00309,0.8691473007202148,0.3880044440183406,0.5,2,0.439007191697718,11.039456367492676,44,minimum
9.885056495666504,0.3714260458946228,True,False,family-00309-minimum,family-00309,0.9863126873970032,0.07232938346057322,0.5,3,0.821186776377606,12.037525177001953,44,minimum
5.880824565887451,0.16665899753570557,False,False,family-00309-sum_mod_10,family-00309,0.9829645752906799,0.0862655815726592,0.0,0,0.6238916587092926,9.426034927368164,44,sum_mod_10
5.648875713348389,0.24088403582572937,False,False,family-00309-sum_mod_10,family-00309,0.9777919054031372,0.10651249262079801,0.0,1,0.6014370966977126,9.39229679107666,44,sum_mod_10
8.704347610473633,0.3819305896759033,False,False,family-00309-sum_mod_10,family-00309,0.9687058329582214,0.13921243530727884,0.0,2,0.7668155433396459,11.351292610168457,44,sum_mod_10
7.187353134155273,0.09551596641540527,False,True,family-00309-sum_mod_10,family-00309,0.9980559349060059,0.014078922182711869,0.0,3,0.4226127898518461,17.006946563720703,44,sum_mod_10
6.924647808074951,0.40504056215286255,False,False,family-00310-maximum,family-00310,0.9681077599525452,0.1412594748192077,0.5,0,0.7311049744506634,9.471482276916504,44,maximum
7.684774398803711,0.021339356899261475,False,False,family-00310-maximum,family-00310,0.9363872408866882,0.23679455800266064,0.5,1,0.8863763012007666,8.669878005981445,44,maximum
8.747095108032227,0.2806774377822876,False,False,family-00310-maximum,family-00310,0.9917572140693665,0.04776104370516683,0.5,2,0.7174502683126524,12.19191837310791,44,maximum
9.65509033203125,0.15598338842391968,False,False,family-00310-maximum,family-00310,0.9880844950675964,0.06462890320014586,0.5,3,0.7137638723141839,13.527009010314941,44,maximum
5.268134593963623,0.2437516450881958,True,False,family-00310-minimum,family-00310,0.9676731824874878,0.14273963424558253,0.0,0,0.5499913579093947,9.578577041625977,44,minimum
10.089299201965332,0.5108662247657776,True,False,family-00310-minimum,family-00310,0.9801321625709534,0.09752431375345413,0.0,1,1.0358750436330932,9.739880561828613,44,minimum
4.799912929534912,-0.04158908128738403,True,False,family-00310-minimum,family-00310,0.9483347535133362,0.2033895720285194,0.0,2,0.345447723705707,13.894759178161621,44,minimum
5.060141563415527,-0.01044851541519165,True,False,family-00310-minimum,family-00310,0.9804239273071289,0.09638464775923487,0.0,3,0.31688151555796856,15.968560218811035,44,minimum
6.529875755310059,0.03062308207154274,False,False,family-00310-sum_mod_10,family-00310,0.9780574440956116,0.1055058412282574,1.0,0,0.6757428974453591,9.663254737854004,44,sum_mod_10
10.215981483459473,-0.024656713008880615,False,False,family-00310-sum_mod_10,family-00310,0.983791708946228,0.08289056333263917,1.0,1,1.0173521630561992,10.041735649108887,44,sum_mod_10
6.649967670440674,-0.014744408428668976,False,False,family-00310-sum_mod_10,family-00310,0.9866582751274109,0.07084666996358185,1.0,2,0.44250343094220596,15.028059005737305,44,sum_mod_10
11.795794486999512,0.029188305139541626,False,True,family-00310-sum_mod_10,family-00310,0.996381402015686,0.02395460170321299,1.0,3,0.6440292735585008,18.31561851501465,44,sum_mod_10
7.60430383682251,0.7153148651123047,True,False,family-00311-maximum,family-00311,0.9794909358024597,0.10001374303591169,0.0,0,0.8070885755892486,9.421895027160645,44,maximum
4.3309712409973145,0.15392577648162842,True,False,family-00311-maximum,family-00311,0.8889161348342896,0.34877543573395053,0.0,1,0.40021817732528014,10.821525573730469,44,maximum
8.091043472290039,0.6462829113006592,True,False,family-00311-maximum,family-00311,0.9826610684394836,0.08749365164087648,0.0,2,0.7052101140412227,11.473237991333008,44,maximum
5.608129978179932,0.06913846731185913,True,False,family-00311-maximum,family-00311,0.9905713796615601,0.05335916763922555,0.0,3,0.41185312283258946,13.616820335388184,44,maximum
7.037682056427002,0.3761862516403198,False,False,family-00311-minimum,family-00311,0.9815162420272827,0.09207801456333566,1.0,0,0.6184373503569978,11.379781723022461,44,minimum
11.342855453491211,0.44827044010162354,False,False,family-00311-minimum,family-00311,0.9706099629402161,0.1326154416902821,1.0,1,1.1090979943753625,10.227099418640137,44,minimum
4.383571624755859,0.07941931486129761,False,False,family-00311-minimum,family-00311,0.8357949256896973,0.44657752824260116,1.0,2,0.32321029073335594,13.562599182128906,44,minimum
5.663578510284424,0.022564351558685303,False,False,family-00311-minimum,family-00311,0.9701340794563293,0.1342757854220187,1.0,3,0.38760999468126384,14.611538887023926,44,minimum
7.8832573890686035,-0.024171460419893265,False,False,family-00311-sum_mod_10,family-00311,0.9681077599525452,0.1412594748192077,0.5,0,0.8323150652228263,9.471482276916504,44,sum_mod_10
8.887930870056152,0.011663753539323807,False,False,family-00311-sum_mod_10,family-00311,0.9774641394615173,0.10775057242293692,0.5,1,0.8930680048338533,9.952132225036621,44,sum_mod_10
7.136731147766113,-0.008447989821434021,False,False,family-00311-sum_mod_10,family-00311,0.9715567827224731,0.12928827891473188,0.5,2,0.5021815497089209,14.211456298828125,44,sum_mod_10
7.400874614715576,0.0028920061886310577,False,True,family-00311-sum_mod_10,family-00311,0.9975519776344299,0.017163696239974345,0.5,3,0.42156803362470807,17.555587768554688,44,sum_mod_10
7.05217981338501,0.09047016501426697,True,False,family-00312-maximum,family-00312,0.9732781052589417,0.1231556132485116,1.0,0,0.7498426493279933,9.404879570007324,44,maximum
4.811984539031982,0.1849277913570404,True,False,family-00312-maximum,family-00312,0.8907173871994019,0.3450128325753138,1.0,1,0.5790931098369466,8.309517860412598,44,maximum
7.010566711425781,0.3750407099723816,True,False,family-00312-maximum,family-00312,0.9787908792495728,0.10270821347747208,1.0,2,0.8102032696400486,8.652849197387695,44,maximum
6.384395599365234,0.16701650619506836,True,False,family-00312-maximum,family-00312,0.9922263622283936,0.04550003558984758,1.0,3,0.5594181503861346,11.412564277648926,44,maximum
7.125504970550537,0.3604705333709717,False,False,family-00312-minimum,family-00312,0.9681077599525452,0.1412594748192077,0.5,0,0.7523114927762169,9.471482276916504,44,minimum
10.688084602355957,0.5522085428237915,False,False,family-00312-minimum,family-00312,0.9753419756889343,0.11565159046781669,0.5,1,1.2108853026233022,8.826669692993164,44,minimum
4.514550685882568,0.058225810527801514,False,False,family-00312-minimum,family-00312,0.7543699741363525,0.557483113018096,0.5,2,0.29773263790572707,15.163103103637695,44,minimum
7.062710762023926,0.08520042896270752,False,False,family-00312-minimum,family-00312,0.9841772317886353,0.08130295119928789,0.5,3,0.4345598017327495,16.2525634765625,44,minimum
5.29115629196167,-0.032759472727775574,True,False,family-00312-sum_mod_10,family-00312,0.9805988073348999,0.09569942474854568,0.0,0,0.5108723055764678,10.357101440429688,44,sum_mod_10
8.545164108276367,-0.04840251803398132,True,False,family-00312-sum_mod_10,family-00312,0.9780117273330688,0.10567938553677711,0.0,1,0.9719002954015884,8.79222297668457,44,sum_mod_10
6.06897497177124,-0.06358814984560013,True,False,family-00312-sum_mod_10,family-00312,0.9487031698226929,0.2023161209810058,0.0,2,0.48760487906654326,12.446501731872559,44,sum_mod_10
7.315668106079102,-0.06641798466444016,True,True,family-00312-sum_mod_10,family-00312,0.9946923851966858,0.0330980429265974,0.0,3,0.5001477747239045,14.627013206481934,44,sum_mod_10
6.259266376495361,-0.04572939872741699,True,False,family-00313-maximum,family-00313,0.9730870723724365,0.12384171215580603,0.5,0,0.7149401561964883,8.754951477050781,44,maximum
5.129645824432373,0.44948050379753113,True,False,family-00313-maximum,family-00313,0.9191708564758301,0.28078977227870294,0.5,1,0.6979763018953618,7.3493123054504395,44,maximum
7.884710311889648,0.34658074378967285,True,False,family-00313-maximum,family-00313,0.9806084632873535,0.09566154364866362,0.5,2,0.8383128530479106,9.405450820922852,44,maximum
7.058012962341309,0.07171708345413208,True,False,family-00313-maximum,family-00313,0.986877977848053,0.069899351820111,0.5,3,0.5673149553920142,12.441083908081055,44,maximum
5.344074249267578,0.3913738429546356,True,False,family-00313-minimum,family-00313,0.9803701639175415,0.0965949850673804,0.0,0,0.5391781760380565,9.911518096923828,44,minimum
6.356653690338135,0.26584142446517944,True,False,family-00313-minimum,family-00313,0.9747840166091919,0.11769716337877309,0.0,1,0.6662556275688902,9.540863037109375,44,minimum
6.250855445861816,-0.05280044674873352,True,False,family-00313-minimum,family-00313,0.9642704129219055,0.154126531071192,0.0,2,0.5947323988800207,10.510366439819336,44,minimum
8.333305358886719,0.0441460907459259,True,False,family-00313-minimum,family-00313,0.9938335418701172,0.03752623418549787,0.0,3,0.6624440969943681,12.579635620117188,44,minimum
5.91973352432251,0.045367300510406494,True,False,family-00313-sum_mod_10,family-00313,0.9676731824874878,0.14273963424558253,1.0,0,0.6180180520130396,9.578577041625977,44,sum_mod_10
8.29227066040039,0.05448242276906967,True,False,family-00313-sum_mod_10,family-00313,0.9825961589813232,0.08775558775092561,1.0,1,0.790653942841721,10.487863540649414,44,sum_mod_10
7.015519142150879,0.04387602210044861,True,False,family-00313-sum_mod_10,family-00313,0.9730229377746582,0.12407174008025058,1.0,2,0.48750182242309376,14.390754699707031,44,sum_mod_10
12.171188354492188,-0.011768385767936707,True,True,family-00313-sum_mod_10,family-00313,0.9984820485115051,0.011368901379086376,1.0,3,0.694354033498525,17.528793334960938,44,sum_mod_10
7.606098651885986,0.5124841928482056,False,False,family-00314-maximum,family-00314,0.9681898355484009,0.14097924321437244,0.0,0,0.7607980012147093,9.997527122497559,44,maximum
4.636712551116943,-0.0467069149017334,False,False,family-00314-maximum,family-00314,0.9169086217880249,0.286255416490953,0.0,1,0.4814641645829723,9.630441665649414,44,maximum
11.077301025390625,-0.12180912494659424,False,False,family-00314-maximum,family-00314,0.9851094484329224,0.0774241060817187,0.0,2,1.1056931805449879,10.01842212677002,44,maximum
11.53027629852295,0.32074522972106934,False,False,family-00314-maximum,family-00314,0.9937744140625,0.03782646368765165,0.0,3,0.7216405603746018,15.977866172790527,44,maximum
5.340925216674805,0.04238390922546387,True,False,family-00314-minimum,family-00314,0.9730870723724365,0.12384171215580603,1.0,0,0.6100462384828619,8.754951477050781,44,minimum
4.578640937805176,0.3825148046016693,True,False,family-00314-minimum,family-00314,0.9561637043952942,0.17995007612466385,1.0,1,0.596043178574663,7.681726932525635,44,minimum
5.975720405578613,0.43125617504119873,True,False,family-00314-minimum,family-00314,0.9193887710571289,0.28025967279525366,1.0,2,0.7433258712047923,8.039166450500488,44,minimum
7.409494876861572,0.2232763171195984,True,False,family-00314-minimum,family-00314,0.9855219125747681,0.07568919333563888,1.0,3,0.7148828024325501,10.364628791809082,44,minimum
6.718328475952148,0.029189471155405045,True,False,family-00314-sum_mod_10,family-00314,0.9805988073348999,0.09569942474854568,0.5,0,0.6486687916106211,10.357101440429688,44,sum_mod_10
8.364202499389648,0.03446744382381439,True,False,family-00314-sum_mod_10,family-00314,0.9885789155960083,0.06243406274999401,0.5,1,0.7557848919750493,11.066908836364746,44,sum_mod_10
10.604671478271484,-0.001924365758895874,True,False,family-00314-sum_mod_10,family-00314,0.9925129413604736,0.0441049623660701,0.5,2,0.6737813658479775,15.739039421081543,44,sum_mod_10
9.050654411315918,0.019027866423130035,True,True,family-00314-sum_mod_10,family-00314,0.9997721314430237,0.002138917299031019,0.5,3,0.4256905815898437,21.261110305786133,44,sum_mod_10
6.6738386154174805,0.45100995898246765,False,False,family-00315-maximum,family-00315,0.9798251986503601,0.09871863145793017,1.0,0,0.5942983417119055,11.229778289794922,44,maximum
4.528528690338135,0.007798671722412109,False,False,family-00315-maximum,family-00315,0.9394619464874268,0.2284454363872658,1.0,1,0.4750592485160234,9.53255558013916,44,maximum
4.850761413574219,0.027477741241455078,False,False,family-00315-maximum,family-00315,0.9718834757804871,0.12813279068620906,1.0,2,0.5471732172144683,8.865129470825195,44,maximum
11.551827430725098,0.14531779289245605,False,False,family-00315-maximum,family-00315,0.9715235829353333,0.1294054870952396,1.0,3,1.1613371067378242,9.947006225585938,44,maximum
4.742842197418213,0.012806855142116547,False,False,family-00315-minimum,family-00315,0.9768949747085571,0.10988894692276069,0.5,0,0.4851291824601104,9.77645206451416,44,minimum
4.5935378074646,0.00620647519826889,False,False,family-00315-minimum,family-00315,0.9575679302215576,0.17559783059368805,0.5,1,0.5778095072721422,7.949917316436768,44,minimum
4.314330101013184,0.007464572787284851,False,False,family-00315-minimum,family-00315,0.9469789862632751,0.20731614467208867,0.5,2,0.522576927826351,8.255875587463379,44,minimum
4.929549217224121,-0.0828089714050293,False,False,family-00315-minimum,family-00315,0.9738327264785767,0.12115569256635914,0.5,3,0.5764761684472459,8.551176071166992,44,minimum
6.101526737213135,-0.020506367087364197,True,False,family-00315-sum_mod_10,family-00315,0.9711361527442932,0.13077033308515268,0.0,0,0.5939465565353608,10.272854804992676,44,sum_mod_10
6.632183074951172,-0.16962219774723053,True,False,family-00315-sum_mod_10,family-00315,0.9762796759605408,0.11218451297233394,0.0,1,0.5861966448875531,11.313921928405762,44,sum_mod_10
4.704014778137207,0.030187755823135376,True,False,family-00315-sum_mod_10,family-00315,0.9508013129234314,0.1961490328827462,0.0,2,0.3177722224290947,14.803102493286133,44,sum_mod_10
7.70894718170166,0.09902189671993256,True,True,family-00315-sum_mod_10,family-00315,0.9922034740447998,0.045610991341828215,0.0,3,0.49899681073347696,15.448890686035156,44,sum_mod_10
6.011567115783691,0.09968970715999603,False,False,family-00316-maximum,family-00316,0.9768949747085571,0.10988894692276069,0.5,0,0.6149027352779677,9.77645206451416,44,maximum
5.73272180557251,-0.1857384443283081,False,False,family-00316-maximum,family-00316,0.893896758556366,0.3382898540689541,0.5,1,0.6671417303460645,8.5929594039917,44,maximum
6.951977729797363,0.11905179917812347,False,False,family-00316-maximum,family-00316,0.9834354519844055,0.0843493643015603,0.5,2,0.645082352083319,10.776884078979492,44,maximum
7.933424472808838,0.20276249945163727,False,False,family-00316-maximum,family-00316,0.9893359541893005,0.059031106284402286,0.5,3,0.6014844277990437,13.189742088317871,44,maximum
5.5510053634643555,0.6196571588516235,True,False,family-00316-minimum,family-00316,0.9805988073348999,0.09569942474854568,0.0,0,0.5359612817728722,10.357101440429688,44,minimum
11.491349220275879,0.7529326677322388,True,False,family-00316-minimum,family-00316,0.9850971102714539,0.07747582278618328,0.0,1,1.2326619662823244,9.32238483428955,44,minimum
4.609572887420654,0.04988628625869751,True,False,family-00316-minimum,family-00316,0.8477228283882141,0.42663882083492555,0.0,2,0.32157751092574643,14.334251403808594,44,minimum
8.028486251831055,0.18557089567184448,True,False,family-00316-minimum,family-00316,0.9893293976783752,0.05906080626541092,0.0,3,0.5186712591542466,15.478949546813965,44,minimum
5.519771099090576,0.05662238597869873,True,False,family-00316-sum_mod_10,family-00316,0.9709507822990417,0.13142146106867747,1.0,0,0.5329966377715712,10.356108665466309,44,sum_mod_10
9.072643280029297,0.10035717487335205,True,False,family-00316-sum_mod_10,family-00316,0.9646602272987366,0.1528397266179321,1.0,1,0.8703579330847604,10.424036979675293,44,sum_mod_10
5.608213901519775,0.02004435658454895,True,False,family-00316-sum_mod_10,family-00316,0.9740444421768188,0.12038909223187681,1.0,2,0.4197936110352043,13.359455108642578,44,sum_mod_10
11.691824913024902,-0.13740453124046326,True,True,family-00316-sum_mod_10,family-00316,0.9963043928146362,0.024386426081937106,1.0,3,0.7733792381956177,15.117841720581055,44,sum_mod_10
7.44824743270874,0.726629376411438,True,False,family-00317-maximum,family-00317,0.9794909358024597,0.10001374303591169,0.0,0,0.7905254103593343,9.421895027160645,44,maximum
4.255783557891846,0.06705480813980103,True,False,family-00317-maximum,family-00317,0.9162423014640808,0.2878523894401128,0.0,1,0.4192546073251208,10.150833129882812,44,maximum
9.097349166870117,0.14969134330749512,True,False,family-00317-maximum,family-00317,0.9855934977531433,0.07538688571564392,0.0,2,0.8416688673216369,10.808703422546387,44,maximum
7.290225028991699,0.09785223007202148,True,False,family-00317-maximum,family-00317,0.9903869032859802,0.05421600864400154,0.0,3,0.4822154411284175,15.11819076538086,44,maximum
6.78618860244751,0.19912129640579224,False,False,family-00317-minimum,family-00317,0.9798251986503601,0.09871863145793017,1.0,0,0.6043029904352136,11.229778289794922,44,minimum
6.084804534912109,-0.1256597638130188,False,False,family-00317-minimum,family-00317,0.97955322265625,0.09977283505696913,1.0,1,0.575421651628734,10.574514389038086,44,minimum
4.452235698699951,0.34030959010124207,False,False,family-00317-minimum,family-00317,0.8933120369911194,0.3395342001291273,1.0,2,0.4295352212795188,10.365240097045898,44,minimum
6.445028305053711,0.2558040916919708,False,False,family-00317-minimum,family-00317,0.9739633202552795,0.12068303495473734,1.0,3,0.5634941513141565,11.437613487243652,44,minimum
7.285193920135498,0.010536924004554749,True,False,family-00317-sum_mod_10,family-00317,0.9805988073348999,0.09569942474854568,0.5,0,0.7034008464662923,10.357101440429688,44,sum_mod_10
8.133060455322266,0.007604449987411499,True,False,family-00317-sum_mod_10,family-00317,0.990487277507782,0.0537502462670888,0.5,1,0.7110059143971467,11.43880844116211,44,sum_mod_10
6.015867710113525,-0.011976897716522217,True,False,family-00317-sum_mod_10,family-00317,0.9924169778823853,0.04457332500625885,0.5,2,0.3743059600388684,16.072059631347656,44,sum_mod_10
8.825406074523926,0.0068857260048389435,True,True,family-00317-sum_mod_10,family-00317,0.9993311166763306,0.005558130392468122,0.5,3,0.46905224280258606,18.815401077270508,44,sum_mod_10
6.802432537078857,0.11405789852142334,False,False,family-00318-maximum,family-00318,0.9815162420272827,0.09207801456333566,1.0,0,0.5977647640918139,11.379781723022461,44,maximum
3.537792921066284,0.010127604007720947,False,False,family-00318-maximum,family-00318,0.8861364722251892,0.3545175065765215,1.0,1,0.3320717352588774,10.653700828552246,44,maximum
7.192442893981934,0.013247668743133545,False,False,family-00318-maximum,family-00318,0.9844244122505188,0.08028003600408543,1.0,2,0.6776108508690145,10.614415168762207,44,maximum
11.196545600891113,0.3966343402862549,False,False,family-00318-maximum,family-00318,0.9785661697387695,0.10356806285628824,1.0,3,0.8766404393495625,12.772107124328613,44,maximum
5.623135089874268,0.3337864875793457,True,False,family-00318-minimum,family-00318,0.9730870723724365,0.12384171215580603,0.5,0,0.6422805545655055,8.754951477050781,44,minimum
5.401938438415527,0.2662029266357422,True,False,family-00318-minimum,family-00318,0.9715384840965271,0.1293528851226458,0.5,1,0.6219658354562965,8.68526554107666,44,minimum
6.301315784454346,0.41236621141433716,True,False,family-00318-minimum,family-00318,0.9124481678009033,0.29683676290837235,0.5,2,0.6642984338325468,9.48567008972168,44,minimum
5.226072788238525,0.08808839321136475,True,False,family-00318-minimum,family-00318,0.9723177552223206,0.12659072311456562,0.5,3,0.44772444192074445,11.672520637512207,44,minimum
5.224586009979248,-0.02394195646047592,True,False,family-00318-sum_mod_10,family-00318,0.9805988073348999,0.09569942474854568,0.0,0,0.504444804372071,10.357101440429688,44,sum_mod_10
7.697613716125488,0.0028515569865703583,True,False,family-00318-sum_mod_10,family-00318,0.9797678589820862,0.0989411948546168,0.0,1,0.8021286059863801,9.59648323059082,44,sum_mod_10
6.024470806121826,-0.01621244102716446,True,False,family-00318-sum_mod_10,family-00318,0.9620478749275208,0.16138036761497257,0.0,2,0.5005037826682283,12.036813735961914,44,sum_mod_10
7.170205593109131,0.0100335031747818,True,True,family-00318-sum_mod_10,family-00318,0.9904645681381226,0.05385571681789694,0.0,3,0.4967813140323621,14.433323860168457,44,sum_mod_10
7.17960786819458,0.24826812744140625,True,False,family-00319-maximum,family-00319,0.9732781052589417,0.1231556132485116,0.5,0,0.7633917919683674,9.404879570007324,44,maximum
4.347471714019775,0.0343022346496582,True,False,family-00319-maximum,family-00319,0.8826869130134583,0.36153709859365096,0.5,1,0.4883897665000723,8.901643753051758,44,maximum
7.392821311950684,0.1410931944847107,True,False,family-00319-maximum,family-00319,0.9755040407180786,0.11505501899407539,0.5,2,0.7888295226605188,9.37188720703125,44,maximum
8.309471130371094,0.05688267946243286,True,False,family-00319-maximum,family-00319,0.9890825748443604,0.06017593521221997,0.5,3,0.5993015368967048,13.865259170532227,44,maximum
5.578927516937256,0.6545353531837463,True,False,family-00319-minimum,family-00319,0.9709507822990417,0.13142146106867747,0.0,0,0.5387088622911868,10.356108665466309,44,minimum
10.191954612731934,0.7394906282424927,True,False,family-00319-minimum,family-00319,0.9737947583198547,0.12129298487355294,0.0,1,1.0339570495789643,9.857232093811035,44,minimum
5.054876804351807,0.08358561992645264,True,False,family-00319-minimum,family-00319,0.9023780226707458,0.3198262828440924,0.0,2,0.36746164006271587,13.756202697753906,44,minimum
6.8860087394714355,0.11712074279785156,True,False,family-00319-minimum,family-00319,0.9919370412826538,0.04689765387863113,0.0,3,0.45255419256267143,15.215876579284668,44,minimum
5.481563091278076,-0.017451759427785873,True,False,family-00319-sum_mod_10,family-00319,0.9803701639175415,0.0965949850673804,1.0,0,0.5530497989989397,9.911518096923828,44,sum_mod_10
7.104579925537109,-0.015922628343105316,True,False,family-00319-sum_mod_10,family-00319,0.9686521291732788,0.1393967275779492,1.0,1,0.739175248730352,9.611495971679688,44,sum_mod_10
7.966024875640869,-0.009727206081151962,True,False,family-00319-sum_mod_10,family-00319,0.9771369099617004,0.10898176067021986,1.0,2,0.6750411244189951,11.800799369812012,44,sum_mod_10
12.07668685913086,0.008851030841469765,True,True,family-00319-sum_mod_10,family-00319,0.9978677034378052,0.015244830336412876,1.0,3,0.7920249883963771,15.2478609085083,44,sum_mod_10
8.502689361572266,0.9036867022514343,False,False,family-00320-maximum,family-00320,0.9681898355484009,0.14097924321437244,0.0,0,0.8504792492574047,9.997527122497559,44,maximum
4.300154685974121,0.051185011863708496,False,False,family-00320-maximum,family-00320,0.8635274767875671,0.3985080497308467,0.0,1,0.42025229459123475,10.232316970825195,44,maximum
7.515360355377197,0.054975152015686035,False,False,family-00320-maximum,family-00320,0.983688473701477,0.08331410253672739,0.0,2,0.7209281337589628,10.424562454223633,44,maximum
10.897998809814453,0.4498094618320465,False,False,family-00320-maximum,family-00320,0.9673817157745361,0.14372897486707406,0.0,3,0.886917130606875,12.287505149841309,44,maximum
5.693553447723389,0.152926504611969,False,False,family-00320-minimum,family-00320,0.9749530553817749,0.11707878846180106,1.0,0,0.5374161744879506,10.59430980682373,44,minimum
8.437807083129883,0.20826536417007446,False,False,family-00320-minimum,family-00320,0.9782384634017944,0.1048177200074635,1.0,1,0.8417672762816981,10.023919105529785,44,minimum
4.008517742156982,-0.0015938282012939453,False,False,family-00320-minimum,family-00320,0.9058926701545715,0.3119390725739662,1.0,2,0.3445077613995723,11.635493278503418,44,minimum
11.314859390258789,0.4086110591888428,False,False,family-00320-minimum,family-00320,0.9755585193634033,0.11485423321438135,1.0,3,0.9663471923169774,11.70889663696289,44,minimum
9.208695411682129,-0.0024192538112401962,False,False,family-00320-sum_mod_10,family-00320,0.9780574440956116,0.1055058412282574,0.5,0,0.952960018285431,9.663254737854004,44,sum_mod_10
9.177130699157715,-0.0030821561813354492,False,False,family-00320-sum_mod_10,family-00320,0.9901484251022339,0.05531838510456838,0.5,1,0.7263867041203449,12.633946418762207,44,sum_mod_10
5.085226058959961,0.008851531893014908,False,False,family-00320-sum_mod_10,family-00320,0.9856105446815491,0.07531484258571658,0.5,2,0.26235444477398506,19.383037567138672,44,sum_mod_10
13.354644775390625,-0.0699085220694542,False,True,family-00320-sum_mod_10,family-00320,0.9988725781440735,0.008779524724294269,0.5,3,0.6216672204096585,21.481983184814453,44,sum_mod_10
6.252892017364502,0.44986429810523987,False,False,family-00321-maximum,family-00321,0.9815162420272827,0.09207801456333566,1.0,0,0.5494738097405034,11.379781723022461,44,maximum
3.6294655799865723,0.046055376529693604,False,False,family-00321-maximum,family-00321,0.9065454602241516,0.3104583348332012,1.0,1,0.3483459571354863,10.419140815734863,44,maximum
8.58613395690918,0.01109325885772705,False,False,family-00321-maximum,family-00321,0.9823859333992004,0.08860224707312894,1.0,2,0.808412207694953,10.62098503112793,44,maximum
10.15380573272705,0.3014777898788452,False,False,family-00321-maximum,family-00321,0.975704550743103,0.11431540712479059,1.0,3,0.7687725488140351,13.207815170288086,44,maximum
5.166854381561279,0.12399071455001831,False,False,family-00321-minimum,family-00321,0.9768949747085571,0.10988894692276069,0.5,0,0.5284999453242903,9.77645206451416,44,minimum
6.1585373878479,-0.023110568523406982,False,False,family-00321-minimum,family-00321,0.9609667062759399,0.16485963981305715,0.5,1,0.7307146643764275,8.428101539611816,44,minimum
5.291272163391113,-0.05408841371536255,False,False,family-00321-minimum,family-00321,0.9027007222175598,0.31910802971632996,0.5,2,0.48570457615164087,10.894013404846191,44,minimum
10.438406944274902,0.4356134235858917,False,False,family-00321-minimum,family-00321,0.9887757301330566,0.06155438579749012,0.5,3,0.8480521426570237,12.308685302734375,44,minimum
6.060100078582764,0.14118048548698425,False,False,family-00321-sum_mod_10,family-00321,0.9829645752906799,0.0862655815726592,0.0,0,0.6429108448333323,9.426034927368164,44,sum_mod_10
6.072783470153809,0.11714636534452438,False,False,family-00321-sum_mod_10,family-00321,0.9803210496902466,0.09678700227358437,0.0,1,0.6201674920438406,9.792166709899902,44,sum_mod_10
7.369974613189697,0.011813908815383911,False,False,family-00321-sum_mod_10,family-00321,0.9734945893287659,0.12237640925893964,0.0,2,0.6295906557667666,11.705978393554688,44,sum_mod_10
7.878264904022217,-0.07171536982059479,False,True,family-00321-sum_mod_10,family-00321,0.9961211085319519,0.02540776280186562,0.0,3,0.48514458389589277,16.239004135131836,44,sum_mod_10
6.661136150360107,0.15379929542541504,False,False,family-00322-maximum,family-00322,0.9798251986503601,0.09871863145793017,0.5,0,0.5931672004970414,11.229778289794922,44,maximum
6.519321441650391,0.032725393772125244,False,False,family-00322-maximum,family-00322,0.9256659746170044,0.26470812620247963,0.5,1,0.6556845641143741,9.942770957946777,44,maximum
7.079613208770752,0.018725872039794922,False,False,family-00322-maximum,family-00322,0.9860703349113464,0.07336388440034564,0.5,2,0.6429151621891175,11.011737823486328,44,maximum
11.604757308959961,0.24368786811828613,False,False,family-00322-maximum,family-00322,0.9813674092292786,0.09266860023067942,0.5,3,0.8991305784508419,12.90664291381836,44,maximum
7.192439079284668,0.11289381235837936,False,False,family-00322-minimum,family-00322,0.9726890921592712,0.12526660255310906,0.0,0,0.7195242859108192,9.996103286743164,44,minimum
5.2749810218811035,-0.02219991385936737,False,False,family-00322-minimum,family-00322,0.9830656051635742,0.08585557197325955,0.0,1,0.5305782182024401,9.941947937011719,44,minimum
5.719931125640869,0.13303157687187195,False,False,family-00322-minimum,family-00322,0.9397289752960205,0.22771260626874146,0.0,2,0.5166084262423858,11.07208251953125,44,minimum
6.702645778656006,0.11178435385227203,False,False,family-00322-minimum,family-00322,0.9874116778373718,0.06758248419678095,0.0,3,0.4991287906925942,13.428689956665039,44,minimum
6.741102695465088,-0.023671627044677734,False,False,family-00322-sum_mod_10,family-00322,0.9780574440956116,0.1055058412282574,1.0,0,0.6976016754539308,9.663254737854004,44,sum_mod_10
6.675637245178223,-0.0022155866026878357,False,False,family-00322-sum_mod_10,family-00322,0.9826037287712097,0.08772505327267097,1.0,1,0.6683493685070245,9.988245010375977,44,sum_mod_10
6.731690406799316,-0.011215072125196457,False,False,family-00322-sum_mod_10,family-00322,0.9868844747543335,0.06987128190148661,1.0,2,0.4951066521726383,13.596445083618164,44,sum_mod_10
10.195683479309082,0.0049184709787368774,False,True,family-00322-sum_mod_10,family-00322,0.9984948635101318,0.011285692132752403,1.0,3,0.5679495272093799,17.95174217224121,44,sum_mod_10
7.16485595703125,0.2768661677837372,True,False,family-00323-maximum,family-00323,0.9768313765525818,0.11012698982396632,0.0,0,0.641101333983688,11.17585563659668,44,maximum
3.951435089111328,0.15208956599235535,True,False,family-00323-maximum,family-00323,0.880998432636261,0.36493095259934244,0.0,1,0.29928217148993097,13.203042030334473,44,maximum
6.5966315269470215,0.2730845510959625,True,False,family-00323-maximum,family-00323,0.9826263189315796,0.08763391076120054,0.0,2,0.4805876700660185,13.726177215576172,44,maximum
5.484638214111328,0.16316556930541992,True,False,family-00323-maximum,family-00323,0.9957311749458313,0.027552188740163183,0.0,3,0.3737738172710299,14.67368221282959,44,maximum
5.300928592681885,0.36023902893066406,False,False,family-00323-minimum,family-00323,0.9749530553817749,0.11707878846180106,1.0,0,0.5003561996334663,10.59430980682373,44,minimum
7.861097812652588,0.389562726020813,False,False,family-00323-minimum,family-00323,0.9787867665290833,0.10272397254904723,1.0,1,0.8083246482696294,9.725173950195312,44,minimum
4.203759670257568,-0.0016216635704040527,False,False,family-00323-minimum,family-00323,0.9116923213005066,0.2986048252839358,1.0,2,0.3879981050598546,10.834485054016113,44,minimum
12.289742469787598,0.473376989364624,False,False,family-00323-minimum,family-00323,0.9809316992759705,0.09439061772298046,1.0,3,1.1117741750832253,11.054171562194824,44,minimum
7.39422082901001,0.07337690144777298,True,False,family-00323-sum_mod_10,family-00323,0.9794909358024597,0.10001374303591169,0.5,0,0.78479125565447,9.421895027160645,44,sum_mod_10
6.906378746032715,-0.07056303322315216,True,False,family-00323-sum_mod_10,family-00323,0.9768303632736206,0.11013078099983561,0.5,1,0.7264207702894102,9.507408142089844,44,sum_mod_10
5.879409313201904,0.08453188836574554,True,False,family-00323-sum_mod_10,family-00323,0.980226993560791,0.09715437579238877,0.5,2,0.4335819692572824,13.560087203979492,44,sum_mod_10
8.934619903564453,-0.03862869739532471,True,True,family-00323-sum_mod_10,family-00323,0.9984219074249268,0.011757971565991395,0.5,3,0.5599748578101095,15.955394744873047,44,sum_mod_10
7.643394947052002,0.5274730920791626,False,False,family-00324-maximum,family-00324,0.9798251986503601,0.09871863145793017,1.0,0,0.6806363179937354,11.229778289794922,44,maximum
3.984769821166992,0.04751253128051758,False,False,family-00324-maximum,family-00324,0.9326077699661255,0.24684061395107926,1.0,1,0.3887136189229047,10.251171112060547,44,maximum
11.02846622467041,0.17161762714385986,False,False,family-00324-maximum,family-00324,0.9704869985580444,0.133045216541798,1.0,2,1.2214342222142418,9.029111862182617,44,maximum
6.290242671966553,0.10107344388961792,False,False,family-00324-maximum,family-00324,0.9832268357276917,0.0851999783925196,1.0,3,0.4237566110405864,14.843998908996582,44,maximum
6.72674036026001,0.3174883723258972,False,False,family-00324-minimum,family-00324,0.9681077599525452,0.1412594748192077,0.5,0,0.7102098872796433,9.471482276916504,44,minimum
5.816208839416504,0.3636687695980072,False,False,family-00324-minimum,family-00324,0.976889431476593,0.10990970192638574,0.5,1,0.6547397407337825,8.883237838745117,44,minimum
5.8055548667907715,0.35488659143447876,False,False,family-00324-minimum,family-00324,0.8874105215072632,0.3518952525910499,0.5,2,0.587696391056839,9.878493309020996,44,minimum
6.0826592445373535,0.0007792413234710693,False,False,family-00324-minimum,family-00324,0.9756205677986145,0.11462539668446059,0.5,3,0.5462736939653751,11.134819984436035,44,minimum
5.237764835357666,-0.007890351116657257,False,False,family-00324-sum_mod_10,family-00324,0.9780574440956116,0.1055058412282574,0.0,0,0.5420290551629252,9.663254737854004,44,sum_mod_10
6.664013385772705,-0.008125657215714455,False,False,family-00324-sum_mod_10,family-00324,0.9743074774742126,0.11943419771260734,0.0,1,0.7282101258754785,9.151223182678223,44,sum_mod_10
5.484267711639404,0.004468375816941261,False,False,family-00324-sum_mod_10,family-00324,0.9480298757553101,0.20427579579601715,0.0,2,0.45934427195884503,11.939340591430664,44,sum_mod_10
7.232334613800049,0.005911095067858696,False,True,family-00324-sum_mod_10,family-00324,0.9932119846343994,0.04065474737934577,0.0,3,0.516669978892819,13.997977256774902,44,sum_mod_10
7.0344743728637695,0.31364431977272034,True,False,family-00325-maximum,family-00325,0.9732781052589417,0.1231556132485116,0.5,0,0.7479600690791505,9.404879570007324,44,maximum
6.721077919006348,0.4628463089466095,True,False,family-00325-maximum,family-00325,0.9186204671859741,0.282125808174439,0.5,1,0.7425822757708064,9.05095386505127,44,maximum
10.041464805603027,0.45214369893074036,True,False,family-00325-maximum,family-00325,0.991899847984314,0.04707655577941293,0.5,2,0.8608112338344031,11.665118217468262,44,maximum
7.650714874267578,-0.05157649517059326,True,False,family-00325-maximum,family-00325,0.9880602955818176,0.06473578992598741,0.5,3,0.4852583753106753,15.766270637512207,44,maximum
5.3069376945495605,0.1722915768623352,False,False,family-00325-minimum,family-00325,0.9681898355484009,0.14097924321437244,0.0,0,0.5308250359838778,9.997527122497559,44,minimum
11.169622421264648,0.5281006097793579,False,False,family-00325-minimum,family-00325,0.971441388130188,0.1296954954491255,0.0,1,1.3438229763454668,8.3118257522583,44,minimum
5.1297287940979,0.02395254373550415,False,False,family-00325-minimum,family-00325,0.935363233089447,0.23953957693752545,0.0,2,0.3722809164062825,13.77918815612793,44,minimum
5.6162333488464355,0.017424821853637695,False,False,family-00325-minimum,family-00325,0.9776602983474731,0.10701020622645463,0.0,3,0.35808547003765734,15.68405818939209,44,minimum
6.748189449310303,-0.015115201473236084,False,False,family-00325-sum_mod_10,family-00325,0.9681898355484009,0.14097924321437244,1.0,0,0.674985860665961,9.997527122497559,44,sum_mod_10
9.650192260742188,0.10343987494707108,False,False,family-00325-sum_mod_10,family-00325,0.9641160368919373,0.15463491532248086,1.0,1,1.082586749573661,8.914012908935547,44,sum_mod_10
5.0404534339904785,-0.004597663879394531,False,False,family-00325-sum_mod_10,family-00325,0.9754629731178284,0.11520629508444408,1.0,2,0.404493218137722,12.461156845092773,44,sum_mod_10
12.339638710021973,0.06713083386421204,False,True,family-00325-sum_mod_10,family-00325,0.9910628795623779,0.05105830446814967,1.0,3,0.8413956645690271,14.665678977966309,44,sum_mod_10
7.909071445465088,0.6714367270469666,False,False,family-00326-maximum,family-00326,0.9681898355484009,0.14097924321437244,0.0,0,0.7911027745718445,9.997527122497559,44,maximum
5.048498153686523,0.13998103141784668,False,False,family-00326-maximum,family-00326,0.8919392824172974,0.34244149221203724,0.0,1,0.5146370260768037,9.809823036193848,44,maximum
5.677618503570557,0.3544848561286926,False,False,family-00326-maximum,family-00326,0.9859553575515747,0.0738531743350431,0.0,2,0.5492159848824365,10.337678909301758,44,maximum
7.133000373840332,0.32466378808021545,False,False,family-00326-maximum,family-00326,0.9938667416572571,0.037357408001867584,0.0,3,0.5989369589733204,11.90943431854248,44,maximum
6.244117259979248,0.336806058883667,True,False,family-00326-minimum,family-00326,0.9763849973678589,0.11179274954843188,1.0,0,0.6328790153681741,9.866209983825684,44,minimum
11.949167251586914,0.8153830766677856,True,False,family-00326-minimum,family-00326,0.9789391756057739,0.10213942774458884,1.0,1,1.3195360817468043,9.055582046508789,44,minimum
4.741062164306641,0.005801975727081299,True,False,family-00326-minimum,family-00326,0.9151609539985657,0.29043176520191444,1.0,2,0.3546717970812313,13.367463111877441,44,minimum
5.906182289123535,0.016968965530395508,True,False,family-00326-minimum,family-00326,0.9802982211112976,0.0968762104046608,1.0,3,0.39822823226979986,14.831149101257324,44,minimum
7.3880438804626465,0.11252759397029877,True,False,family-00326-sum_mod_10,family-00326,0.9732781052589417,0.1231556132485116,0.5,0,0.7855543311818178,9.404879570007324,44,sum_mod_10
9.199081420898438,-0.06437389552593231,True,False,family-00326-sum_mod_10,family-00326,0.9742050766944885,0.11980626932973355,0.5,1,0.8382959345071525,10.973548889160156,44,sum_mod_10
6.65797758102417,0.011898532509803772,True,False,family-00326-sum_mod_10,family-00326,0.9936425685882568,0.038493899929314845,0.5,2,0.44471741818867,14.971254348754883,44,sum_mod_10
7.357032775878906,0.0417344868183136,True,True,family-00326-sum_mod_10,family-00326,0.9991375207901001,0.006947501309695919,0.5,3,0.3992597368627256,18.42668342590332,44,sum_mod_10
6.6466755867004395,-0.011297300457954407,False,False,family-00327-maximum,family-00327,0.9798251986503601,0.09871863145793017,1.0,0,0.5918795024422357,11.229778289794922,44,maximum
4.244876861572266,0.07007761299610138,False,False,family-00327-maximum,family-00327,0.9258873462677002,0.2641494827248664,1.0,1,0.431173411962935,9.844941139221191,44,maximum
3.5609354972839355,0.09340067207813263,False,False,family-00327-maximum,family-00327,0.9523433446884155,0.1915567289467996,1.0,2,0.4603506231308986,7.7352681159973145,44,maximum
5.228543758392334,0.09514264017343521,False,False,family-00327-maximum,family-00327,0.9738410115242004,0.1211257264461332,1.0,3,0.6889841837865716,7.588771820068359,44,maximum
7.401605129241943,0.2818487584590912,False,False,family-00327-minimum,family-00327,0.9768949747085571,0.10988894692276069,0.5,0,0.7570849916103757,9.77645206451416,44,minimum
8.614380836486816,0.4667520523071289,False,False,family-00327-minimum,family-00327,0.9708980917930603,0.13160631784337484,0.5,1,0.8233906144131663,10.462082862854004,44,minimum
5.329614162445068,0.18645817041397095,False,False,family-00327-minimum,family-00327,0.8418947458267212,0.43651455984428145,0.5,2,0.4042010468062688,13.185552597045898,44,minimum
6.769692420959473,-0.0014921128749847412,False,False,family-00327-minimum,family-00327,0.9688543081283569,0.1387024257842791,0.5,3,0.476098357242868,14.219104766845703,44,minimum
5.939418315887451,-0.031564563512802124,False,False,family-00327-sum_mod_10,family-00327,0.9829645752906799,0.0862655815726592,0.0,0,0.630107819635015,9.426034927368164,44,sum_mod_10
8.886041641235352,-0.0993683785200119,False,False,family-00327-sum_mod_10,family-00327,0.9768103361129761,0.11020570316926585,0.0,1,0.9632934525397812,9.22464656829834,44,sum_mod_10
5.099027156829834,-0.001936507411301136,False,False,family-00327-sum_mod_10,family-00327,0.9547703862190247,0.18422200568384356,0.0,2,0.3776147779692122,13.503251075744629,44,sum_mod_10
6.464264392852783,0.0035874005407094955,False,True,family-00327-sum_mod_10,family-00327,0.9905491471290588,0.05346262323557888,0.0,3,0.4008903986765116,16.124767303466797,44,sum_mod_10
6.24275541305542,0.255226194858551,False,False,family-00328-maximum,family-00328,0.9798251986503601,0.09871863145793017,0.5,0,0.5559108338522172,11.229778289794922,44,maximum
6.591827392578125,0.039922475814819336,False,False,family-00328-maximum,family-00328,0.9368215203285217,0.23562510072298262,0.5,1,0.6837170453273023,9.641162872314453,44,maximum
7.80265998840332,0.03227180242538452,False,False,family-00328-maximum,family-00328,0.9873746037483215,0.06774415790725949,0.5,2,0.735040222601326,10.615283012390137,44,maximum
10.745317459106445,0.23693829774856567,False,False,family-00328-maximum,family-00328,0.9716620445251465,0.12891639982537278,0.5,3,0.9038319445697841,11.888623237609863,44,maximum
5.046462535858154,0.3663201332092285,False,False,family-00328-minimum,family-00328,0.9681898355484009,0.14097924321437244,0.0,0,0.5047710772899068,9.997527122497559,44,minimum
9.320511817932129,0.655989408493042,False,False,family-00328-minimum,family-00328,0.9674404263496399,0.14352990779618452,0.0,1,1.1265614146636442,8.273416519165039,44,minimum
4.8712263107299805,0.06405293941497803,False,False,family-00328-minimum,family-00328,0.9137774705886841,0.29370989899044253,0.0,2,0.3955171913681508,12.316092491149902,44,minimum
5.598612308502197,0.030833959579467773,False,False,family-00328-minimum,family-00328,0.9802224040031433,0.09717229043344988,0.0,3,0.40533631048202096,13.812264442443848,44,minimum
6.644067287445068,0.02187032625079155,True,False,family-00328-sum_mod_10,family-00328,0.9794909358024597,0.10001374303591169,1.0,0,0.7051731385556845,9.421895027160645,44,sum_mod_10
8.18315601348877,0.05234670639038086,True,False,family-00328-sum_mod_10,family-00328,0.963878333568573,0.1554163633495778,1.0,1,0.910983974818011,8.982766151428223,44,sum_mod_10
4.34423828125,0.022550348192453384,True,False,family-00328-sum_mod_10,family-00328,0.9651249051094055,0.15129996503979534,1.0,2,0.36289414851763346,11.971089363098145,44,sum_mod_10
10.26810073852539,-0.012149818241596222,True,True,family-00328-sum_mod_10,family-00328,0.9939899444580078,0.036729313873532544,1.0,3,0.7147642394426916,14.365716934204102,44,sum_mod_10
7.440826892852783,0.8380419015884399,True,False,family-00329-maximum,family-00329,0.9803701639175415,0.0965949850673804,0.0,0,0.7507252491585666,9.911518096923828,44,maximum
4.277998924255371,0.036527276039123535,True,False,family-00329-maximum,family-00329,0.8933860063552856,0.33937698447766673,0.0,1,0.3746469994420142,11.418745994567871,44,maximum
8.903847694396973,0.1420501470565796,True,False,family-00329-maximum,family-00329,0.9888230562210083,0.06134234011232287,0.0,2,0.7185360194582128,12.391651153564453,44,maximum
7.3283281326293945,0.12800008058547974,True,False,family-00329-maximum,family-00329,0.9770238995552063,0.10940584100450802,0.0,3,0.4594856837456838,15.948980331420898,44,maximum
5.868322372436523,0.12452352046966553,True,False,family-00329-minimum,family-00329,0.9730870723724365,0.12384171215580603,1.0,0,0.6702861104163816,8.754951477050781,44,minimum
9.377320289611816,0.6537926197052002,True,False,family-00329-minimum,family-00329,0.9604966640472412,0.1663624979204683,1.0,1,1.1623383907870972,8.067633628845215,44,minimum
4.845088005065918,0.0411531925201416,True,False,family-00329-minimum,family-00329,0.8686427474021912,0.3889586676527043,1.0,2,0.4509253592776238,10.744767189025879,44,minimum
5.02123498916626,0.0562891960144043,True,False,family-00329-minimum,family-00329,0.9636019468307495,0.15632294301854655,1.0,3,0.4187458096759801,11.991128921508789,44,minimum
6.9069085121154785,-0.006784867495298386,True,False,family-00329-sum_mod_10,family-00329,0.9732781052589417,0.1231556132485116,0.5,0,0.7343962738387408,9.404879570007324,44,sum_mod_10
9.506309509277344,0.01653061807155609,True,False,family-00329-sum_mod_10,family-00329,0.9695415496826172,0.13633219313543174,0.5,1,0.9671743834560306,9.828950881958008,44,sum_mod_10
5.959649562835693,0.009996496140956879,True,False,family-00329-sum_mod_10,family-00329,0.988969087600708,0.060686761801564335,0.5,2,0.43404563130984614,13.730467796325684,44,sum_mod_10
8.302861213684082,0.021248754113912582,True,True,family-00329-sum_mod_10,family-00329,0.9981483221054077,0.013500095927062078,0.5,3,0.5052042616859568,16.434661865234375,44,sum_mod_10
6.568958759307861,0.7506527304649353,True,False,family-00330-maximum,family-00330,0.9730870723724365,0.12384171215580603,1.0,0,0.7503135541672585,8.754951477050781,44,maximum
3.753101110458374,0.11224102973937988,True,False,family-00330-maximum,family-00330,0.9329363107681274,0.24597652778835855,1.0,1,0.5045789757849228,7.438084602355957,44,maximum
5.8732194900512695,0.02024078369140625,True,False,family-00330-maximum,family-00330,0.9721652865409851,0.12713291152787343,1.0,2,0.697535712857784,8.419955253601074,44,maximum
7.75213098526001,0.47470638155937195,True,False,family-00330-maximum,family-00330,0.9827790856361389,0.08701677000045327,1.0,3,0.7285684349574167,10.640223503112793,44,maximum
6.032380104064941,0.4880659580230713,False,False,family-00330-minimum,family-00330,0.9798251986503601,0.09871863145793017,0.5,0,0.5371771328332346,11.229778289794922,44,minimum
5.536460876464844,0.4302797317504883,False,False,family-00330-minimum,family-00330,0.9662036299705505,0.14770061537288387,0.5,1,0.5846380202026102,9.469895362854004,44,minimum
4.057159900665283,0.602767288684845,False,False,family-00330-minimum,family-00330,0.9079501032829285,0.30725505555259636,0.5,2,0.47141747131292094,8.60629940032959,44,minimum
5.195128917694092,0.4148555397987366,False,False,family-00330-minimum,family-00330,0.9750829935073853,0.11660265586368937,0.5,3,0.5652564812420542,9.190746307373047,44,minimum
5.651963233947754,-0.02822001278400421,False,False,family-00330-sum_mod_10,family-00330,0.9829645752906799,0.0862655815726592,0.0,0,0.5996119553448158,9.426034927368164,44,sum_mod_10
5.303091049194336,-0.043960072100162506,False,False,family-00330-sum_mod_10,family-00330,0.9742374420166016,0.11968871561992461,0.0,1,0.5992461648182517,8.849603652954102,44,sum_mod_10
6.343005657196045,-0.03154771775007248,False,False,family-00330-sum_mod_10,family-00330,0.9750342965126038,0.11678117761038084,0.0,2,0.6015637019349261,10.544196128845215,44,sum_mod_10
8.617311477661133,-0.01998564973473549,False,True,family-00330-sum_mod_10,family-00330,0.9956955909729004,0.027746048960250316,0.0,3,0.6306621553892059,13.663910865783691,44,sum_mod_10
6.7910380363464355,0.19055402278900146,False,False,family-00331-maximum,family-00331,0.9681077599525452,0.1412594748192077,0.5,0,0.7169984420387151,9.471482276916504,44,maximum
6.899427890777588,-0.0031760334968566895,False,False,family-00331-maximum,family-00331,0.9376230835914612,0.23345821280623183,0.5,1,0.8513272248336226,8.10431957244873,44,maximum
9.263749122619629,0.320917546749115,False,False,family-00331-maximum,family-00331,0.9819789528846741,0.09023408204522441,0.5,2,0.8235114537986841,11.249083518981934,44,maximum
7.141683578491211,0.09801971912384033,False,False,family-00331-maximum,family-00331,0.9971696734428406,0.019432871235423265,0.5,3,0.4532472103282239,15.756707191467285,44,maximum
6.468989372253418,0.6474424600601196,True,False,family-00331-minimum,family-00331,0.9768313765525818,0.11012698982396632,0.0,0,0.5788361609709718,11.17585563659668,44,minimum
7.394535064697266,0.5025609731674194,True,False,family-00331-minimum,family-00331,0.9759544730186462,0.11339115457400281,0.0,1,0.6432989150157329,11.494710922241211,44,minimum
5.12912654876709,0.1333516240119934,True,False,family-00331-minimum,family-00331,0.8670240640640259,0.3920049368922963,0.0,2,0.3482594503212426,14.727889060974121,44,minimum
7.769700050354004,0.21096962690353394,True,False,family-00331-minimum,family-00331,0.992138683795929,0.04592471050171798,0.0,3,0.4810267948078927,16.15232276916504,44,minimum
5.319224834442139,-0.0333782397210598,True,False,family-00331-sum_mod_10,family-00331,0.9709507822990417,0.13142146106867747,1.0,0,0.5136316164950774,10.356108665466309,44,sum_mod_10
7.624931812286377,-0.02822873368859291,True,False,family-00331-sum_mod_10,family-00331,0.966393768787384,0.14706252131254413,1.0,1,0.7420553375678137,10.275422096252441,44,sum_mod_10
9.616519927978516,-0.04546606168150902,True,False,family-00331-sum_mod_10,family-00331,0.9815164804458618,0.09207706751401983,1.0,2,0.7416536446209059,12.96632194519043,44,sum_mod_10
9.071284294128418,0.016933102160692215,True,True,family-00331-sum_mod_10,family-00331,0.9985091090202332,0.011193066118659258,1.0,3,0.48835953338941224,18.57501220703125,44,sum_mod_10
7.649580955505371,0.6235796213150024,False,False,family-00332-maximum,family-00332,0.9681898355484009,0.14097924321437244,0.0,0,0.7651473071067169,9.997527122497559,44,maximum
4.44791316986084,0.12061196565628052,False,False,family-00332-maximum,family-00332,0.8962342143058777,0.3332793288015976,0.0,1,0.4476995090829541,9.935041427612305,44,maximum
7.88577127456665,0.2757507264614105,False,False,family-00332-maximum,family-00332,0.9857473969459534,0.0747357377925071,0.0,2,0.7677411828191804,10.271392822265625,44,maximum
10.20274543762207,0.30338239669799805,False,False,family-00332-maximum,family-00332,0.9803188443183899,0.09679562146977312,0.0,3,0.8835750420526673,11.547118186950684,44,maximum
5.7813191413879395,-0.2448408305644989,True,False,family-00332-minimum,family-00332,0.9757347106933594,0.1142040111322595,1.0,0,0.6067949819257319,9.527631759643555,44,minimum
5.62064790725708,0.029452145099639893,True,False,family-00332-minimum,family-00332,0.9722003936767578,0.1270081445986614,1.0,1,0.5632290353146023,9.979329109191895,44,minimum
4.251473903656006,0.21143265068531036,True,False,family-00332-minimum,family-00332,0.9088965654373169,0.30508336179010054,1.0,2,0.38570951099784184,11.022476196289062,44,minimum
6.8657073974609375,-0.016199856996536255,True,False,family-00332-minimum,family-00332,0.9762818217277527,0.11217653616169984,1.0,3,0.5667668562419595,12.113812446594238,44,minimum
7.923152923583984,-0.03799780458211899,True,False,family-00332-sum_mod_10,family-00332,0.9763849973678589,0.11179274954843188,0.5,0,0.8030594257139186,9.866209983825684,44,sum_mod_10
8.180139541625977,-0.00903628021478653,True,False,family-00332-sum_mod_10,family-00332,0.9841603636741638,0.08137261338558852,0.5,1,0.6874690178019052,11.898921012878418,44,sum_mod_10
5.191117763519287,0.047669582068920135,True,False,family-00332-sum_mod_10,family-00332,0.9762476682662964,0.11230347680444361,0.5,2,0.30747235546778795,16.883201599121094,44,sum_mod_10
8.607714653015137,0.024723902344703674,True,True,family-00332-sum_mod_10,family-00332,0.998236894607544,0.012940834834398028,0.5,3,0.46843645584756505,18.375415802001953,44,sum_mod_10
6.511702060699463,0.7061764001846313,True,False,family-00333-maximum,family-00333,0.97481369972229,0.11758866145163048,1.0,0,0.713486954230139,9.126588821411133,44,maximum
5.071224689483643,0.12627023458480835,True,False,family-00333-maximum,family-00333,0.9270728230476379,0.26114566595538324,1.0,1,0.6059513788460068,8.36902904510498,44,maximum
6.05704927444458,0.034506022930145264,True,False,family-00333-maximum,family-00333,0.9827607870101929,0.08709076450829002,1.0,2,0.5644922293041637,10.730084419250488,44,maximum
13.042966842651367,0.4108242094516754,True,False,family-00333-maximum,family-00333,0.9842557311058044,0.08097852289120869,1.0,3,1.0278512912339843,12.689546585083008,44,maximum
5.833191394805908,0.2168271541595459,True,False,family-00333-minimum,family-00333,0.9757347106933594,0.1142040111322595,0.5,0,0.6122393835070026,9.527631759643555,44,minimum
7.176361083984375,0.1486835479736328,True,False,family-00333-minimum,family-00333,0.9682163596153259,0.14088863506473104,0.5,1,0.7590373076132805,9.454556465148926,44,minimum
4.408081531524658,-0.00913780927658081,True,False,family-00333-minimum,family-00333,0.8821134567260742,0.3626928189908806,0.5,2,0.36464403803518586,12.088725090026855,44,minimum
10.598115921020508,0.40457475185394287,True,False,family-00333-minimum,family-00333,0.9874234795570374,0.06753099574438721,0.5,3,0.81993167365171,12.92560863494873,44,minimum
4.614272117614746,-0.08120283484458923,False,False,family-00333-sum_mod_10,family-00333,0.9683666825294495,0.1403746885350306,0.0,0,0.4483321168495315,10.292084693908691,44,sum_mod_10
5.744869232177734,-0.09366686642169952,False,False,family-00333-sum_mod_10,family-00333,0.958625316619873,0.17228862491813388,0.0,1,0.5991761036642061,9.587947845458984,44,sum_mod_10
4.352790355682373,0.05234827846288681,False,False,family-00333-sum_mod_10,family-00333,0.9441391229629517,0.2154233092561731,0.0,2,0.3754710322420629,11.592879295349121,44,sum_mod_10
7.777531147003174,0.06565475463867188,False,True,family-00333-sum_mod_10,family-00333,0.9916886687278748,0.04808909889704733,0.0,3,0.6069111750452467,12.81494140625,44,sum_mod_10
5.383951187133789,0.029346749186515808,True,False,family-00334-maximum,family-00334,0.9709507822990417,0.13142146106867747,0.5,0,0.5198816815322943,10.356108665466309,44,maximum
8.249122619628906,0.0400954931974411,True,False,family-00334-maximum,family-00334,0.9633269906044006,0.15722266927795026,0.5,1,0.7938803394422923,10.390889167785645,44,maximum
6.165590763092041,0.07252861559391022,True,False,family-00334-maximum,family-00334,0.9921650886535645,0.04579692146137633,0.5,2,0.42980941526726824,14.344941139221191,44,maximum
8.778093338012695,0.1272505670785904,True,False,family-00334-maximum,family-00334,0.9969358444213867,0.020794737422421078,0.5,3,0.5819969331103941,15.082714080810547,44,maximum
7.469518184661865,0.07122132182121277,True,False,family-00334-minimum,family-00334,0.9794909358024597,0.10001374303591169,0.0,0,0.7927829978076988,9.421895027160645,44,minimum
7.413644790649414,-0.26520800590515137,True,False,family-00334-minimum,family-00334,0.9805537462234497,0.09587613845326817,0.0,1,0.8260390426036875,8.974932670593262,44,minimum
4.512409687042236,-0.3332591652870178,True,False,family-00334-minimum,family-00334,0.8980094790458679,0.329434711406719,0.0,2,0.3585725633594298,12.584369659423828,44,minimum
8.88525390625,0.3039195239543915,True,False,family-00334-minimum,family-00334,0.9919014573097229,0.04706881840119073,0.0,3,0.6193773747190092,14.345460891723633,44,minimum
6.538752555847168,0.011820131912827492,False,False,family-00334-sum_mod_10,family-00334,0.9726890921592712,0.12526660255310906,1.0,0,0.6541301513479622,9.996103286743164,44,sum_mod_10
6.221933841705322,0.0013593994081020355,False,False,family-00334-sum_mod_10,family-00334,0.9736043214797974,0.12198075104928126,1.0,1,0.6572673544421055,9.4663667678833,44,sum_mod_10
6.757701396942139,-0.00025268271565437317,False,False,family-00334-sum_mod_10,family-00334,0.9865573048591614,0.07128080190640255,1.0,2,0.6184551511225551,10.92674446105957,44,sum_mod_10
14.829489707946777,-0.08107227087020874,False,True,family-00334-sum_mod_10,family-00334,0.997694194316864,0.016304747054054422,1.0,3,1.0593832748100636,13.998229026794434,44,sum_mod_10
7.458339691162109,0.7488712072372437,True,False,family-00335-maximum,family-00335,0.9803701639175415,0.0965949850673804,0.0,0,0.7524921629792417,9.911518096923828,44,maximum
4.413450241088867,0.009233176708221436,True,False,family-00335-maximum,family-00335,0.8889787793159485,0.348645133038686,0.0,1,0.38588386090150895,11.437250137329102,44,maximum
6.0116095542907715,0.14225530624389648,True,False,family-00335-maximum,family-00335,0.9894574284553528,0.05848010694211116,0.0,2,0.47575625085662293,12.635902404785156,44,maximum
11.451258659362793,0.33470815420150757,True,False,family-00335-maximum,family-00335,0.988775372505188,0.06155598738849677,0.0,3,0.8137405037465901,14.072371482849121,44,maximum
5.106133460998535,0.07309705018997192,True,False,family-00335-minimum,family-00335,0.9730870723724365,0.12384171215580603,1.0,0,0.5832280709245692,8.754951477050781,44,minimum
10.461078643798828,0.8028234243392944,True,False,family-00335-minimum,family-00335,0.9563844799995422,0.17926896023570213,1.0,1,1.3745497237269633,7.610549449920654,44,minimum
4.971513271331787,0.050231218338012695,True,False,family-00335-minimum,family-00335,0.9040740132331848,0.31603810595689746,1.0,2,0.45899911783929004,10.831204414367676,44,minimum
4.587123394012451,0.07750046253204346,True,False,family-00335-minimum,family-00335,0.9578754901885986,0.17463815561573848,1.0,3,0.3589670308691881,12.77867603302002,44,minimum
7.518789768218994,-0.012128422036767006,True,False,family-00335-sum_mod_10,family-00335,0.9794909358024597,0.10001374303591169,0.5,0,0.798012474830643,9.421895027160645,44,sum_mod_10
7.963467597961426,0.004751606844365597,True,False,family-00335-sum_mod_10,family-00335,0.9620814919471741,0.16127167709372303,0.5,1,0.8782909347970848,9.067004203796387,44,sum_mod_10
5.194954872131348,-0.012526484206318855,True,False,family-00335-sum_mod_10,family-00335,0.976925790309906,0.10977354212784554,0.5,2,0.42603528128563944,12.193719863891602,44,sum_mod_10
8.010899543762207,0.007096374407410622,True,True,family-00335-sum_mod_10,family-00335,0.9944355487823486,0.03443599315525168,0.5,3,0.5368072062215681,14.923233985900879,44,sum_mod_10
6.828604221343994,0.10116340219974518,False,False,family-00336-maximum,family-00336,0.9798251986503601,0.09871863145793017,1.0,0,0.6080800568920848,11.229778289794922,44,maximum
4.039571285247803,0.06325964629650116,False,False,family-00336-maximum,family-00336,0.9381394982337952,0.23205636444458155,1.0,1,0.40054273487503006,10.085244178771973,44,maximum
7.6280341148376465,0.038096457719802856,False,False,family-00336-maximum,family-00336,0.9786379933357239,0.10329349331681649,1.0,2,0.8271785615819136,9.221750259399414,44,maximum
8.070320129394531,0.12228833138942719,False,False,family-00336-maximum,family-00336,0.9880052208900452,0.0649788644833311,1.0,3,0.7008080994288837,11.515734672546387,44,maximum
5.192553520202637,0.1142011284828186,True,False,family-00336-minimum,family-00336,0.9757347106933594,0.1142040111322595,0.5,0,0.5449993924195176,9.527631759643555,44,minimum
10.830960273742676,0.8327988982200623,True,False,family-00336-minimum,family-00336,0.9680001735687256,0.14162647782642535,0.5,1,1.1404356055851506,9.497213363647461,44,minimum
4.390311241149902,0.059681236743927,True,False,family-00336-minimum,family-00336,0.9054915904998779,0.31284636911602426,0.5,2,0.349626782243517,12.557136535644531,44,minimum
4.814058303833008,0.0920795202255249,True,False,family-00336-minimum,family-00336,0.9776086807250977,0.10720519778409707,0.5,3,0.3416002170365724,14.092667579650879,44,minimum
5.297018527984619,0.10493147373199463,True,False,family-00336-sum_mod_10,family-00336,0.9805988073348999,0.09569942474854568,0.0,0,0.511438316835184,10.357101440429688,44,sum_mod_10
9.07946491241455,0.28769928216934204,True,False,family-00336-sum_mod_10,family-00336,0.9811562299728394,0.09350450715981844,0.0,1,0.9635046579721093,9.42337417602539,44,sum_mod_10
5.391422271728516,-0.018869638442993164,True,False,family-00336-sum_mod_10,family-00336,0.9753279089927673,0.11570331924323284,0.0,2,0.39999060396549446,13.478872299194336,44,sum_mod_10
10.515962600708008,-0.2905668616294861,True,True,family-00336-sum_mod_10,family-00336,0.9940720200538635,0.03630948128862838,0.0,3,0.7053952170627712,14.907901763916016,44,sum_mod_10
8.506916999816895,0.736120879650116,True,False,family-00337-maximum,family-00337,0.9757347106933594,0.1142040111322595,0.5,0,0.8928679460356425,9.527631759643555,44,maximum
8.591429710388184,-0.014527320861816406,True,False,family-00337-maximum,family-00337,0.8798872828483582,0.3671495121849879,0.5,1,0.8847388857756745,9.710695266723633,44,maximum
7.603396415710449,0.07114583253860474,True,False,family-00337-maximum,family-00337,0.9921999573707581,0.04562803322402987,0.5,2,0.5735759932495241,13.25612735748291,44,maximum
8.437033653259277,0.14504235982894897,True,False,family-00337-maximum,family-00337,0.9899271726608276,0.05633591747831885,0.5,3,0.49007178850393474,17.215913772583008,44,maximum
5.622014999389648,-0.01815730333328247,True,False,family-00337-minimum,family-00337,0.9803701639175415,0.0965949850673804,0.0,0,0.5672203737522827,9.911518096923828,44,minimum
5.037106990814209,-0.029781654477119446,True,False,family-00337-minimum,family-00337,0.9757399559020996,0.11418463399570533,0.0,1,0.5207874655797728,9.672097206115723,44,minimum
5.137200355529785,0.08114530146121979,True,False,family-00337-minimum,family-00337,0.9562808275222778,0.1795888841720836,0.0,2,0.5151025324411862,9.973160743713379,44,minimum
9.79813289642334,0.12092854827642441,True,False,family-00337-minimum,family-00337,0.9908636212348938,0.0519943001680418,0.0,3,0.8514638316161242,11.507397651672363,44,minimum
6.826601982116699,-0.005951061844825745,False,False,family-00337-sum_mod_10,family-00337,0.9780574440956116,0.1055058412282574,1.0,0,0.7064495521757028,9.663254737854004,44,sum_mod_10
6.129824638366699,0.004768289625644684,False,False,family-00337-sum_mod_10,family-00337,0.982604444026947,0.08772216795180454,1.0,1,0.60986415228607,10.051131248474121,44,sum_mod_10
7.062600612640381,-0.006865419447422028,False,False,family-00337-sum_mod_10,family-00337,0.9911932349205017,0.050443553951278655,1.0,2,0.5430003212245864,13.006623268127441,44,sum_mod_10
13.591195106506348,-0.022836171090602875,False,True,family-00337-sum_mod_10,family-00337,0.9993122816085815,0.005695537357893614,1.0,3,0.812334008026781,16.731042861938477,44,sum_mod_10
8.670578956604004,0.512412965297699,False,False,family-00338-maximum,family-00338,0.9726890921592712,0.12526660255310906,0.0,0,0.8673958949686853,9.996103286743164,44,maximum
5.6376729011535645,0.22608059644699097,False,False,family-00338-maximum,family-00338,0.9239325523376465,0.269058041367744,0.0,1,0.5044243041661757,11.1764497756958,44,maximum
7.035715103149414,0.34702610969543457,False,False,family-00338-maximum,family-00338,0.9924295544624329,0.04451201332838325,0.0,2,0.5433423260911817,12.948954582214355,44,maximum
6.466246128082275,0.1469845175743103,False,False,family-00338-maximum,family-00338,0.9858484268188477,0.07430736461704304,0.0,3,0.46327641249639234,13.9576416015625,44,maximum
5.651761531829834,0.2712622284889221,False,False,family-00338-minimum,family-00338,0.9749530553817749,0.11707878846180106,1.0,0,0.5334714233285465,10.59430980682373,44,minimum
10.543647766113281,0.6036631464958191,False,False,family-00338-minimum,family-00338,0.981286346912384,0.09298975463936388,1.0,1,1.042121801332234,10.117481231689453,44,minimum
4.059129238128662,0.04465001821517944,False,False,family-00338-minimum,family-00338,0.8410438895225525,0.4379348113613367,1.0,2,0.30434971476770295,13.337056159973145,44,minimum
7.937991619110107,0.1821601390838623,False,False,family-00338-minimum,family-00338,0.9704630374908447,0.13312890174156963,1.0,3,0.589137094338589,13.473929405212402,44,minimum
7.793066024780273,0.1416742503643036,False,False,family-00338-sum_mod_10,family-00338,0.9681077599525452,0.1412594748192077,0.5,0,0.822792652399636,9.471482276916504,44,sum_mod_10
7.705617904663086,0.21586719155311584,False,False,family-00338-sum_mod_10,family-00338,0.9812316298484802,0.0932063314826156,0.5,1,0.7565774146838788,10.184837341308594,44,sum_mod_10
5.494960308074951,0.07360446453094482,False,False,family-00338-sum_mod_10,family-00338,0.9826332926750183,0.08760576838204599,0.5,2,0.3819611203181969,14.386177062988281,44,sum_mod_10
10.70234203338623,0.2015141397714615,False,True,family-00338-sum_mod_10,family-00338,0.998104453086853,0.013775507135451006,0.5,3,0.7025719503967087,15.2330904006958,44,sum_mod_10
7.816580295562744,0.23427188396453857,True,False,family-00339-maximum,family-00339,0.9757347106933594,0.1142040111322595,1.0,0,0.8204116713107703,9.527631759643555,44,maximum
4.665575981140137,0.03356438875198364,True,False,family-00339-maximum,family-00339,0.9029121398925781,0.3186368211952514,1.0,1,0.5314325770196391,8.779243469238281,44,maximum
6.883302211761475,0.08294130861759186,True,False,family-00339-maximum,family-00339,0.9851269125938416,0.07735088546739954,1.0,2,0.6821331797753732,10.090847969055176,44,maximum
9.869977951049805,0.14752738177776337,True,False,family-00339-maximum,family-00339,0.9919669032096863,0.0467538911500841,1.0,3,0.8844299923456214,11.15970516204834,44,maximum
5.902379989624023,0.2885940670967102,True,False,family-00339-minimum,family-00339,0.9709507822990417,0.13142146106867747,0.5,0,0.5699418749154516,10.356108665466309,44,minimum
7.812431812286377,0.17297428846359253,True,False,family-00339-minimum,family-00339,0.9763550162315369,0.11190431909706239,0.5,1,0.7742238390250592,10.090662956237793,44,minimum
5.347042083740234,-0.09232443571090698,True,False,family-00339-minimum,family-00339,0.9257976412773132,0.2643759441297425,0.5,2,0.439758246614211,12.159049034118652,44,minimum
9.419180870056152,0.31801337003707886,True,False,family-00339-minimum,family-00339,0.9935910701751709,0.038753847843244676,0.5,3,0.6727585798673082,14.000833511352539,44,minimum
5.117167949676514,0.06139158457517624,True,False,family-00339-sum_mod_10,family-00339,0.9805988073348999,0.09569942474854568,0.0,0,0.49407336397240276,10.357101440429688,44,sum_mod_10
7.141193389892578,0.06626193225383759,True,False,family-00339-sum_mod_10,family-00339,0.9783226251602173,0.10449726664934696,0.0,1,0.7636362301350238,9.351564407348633,44,sum_mod_10
6.051493167877197,0.004539258778095245,True,False,family-00339-sum_mod_10,family-00339,0.9671099185943604,0.14464912379811767,0.0,2,0.5103730686927856,11.856999397277832,44,sum_mod_10
9.628771781921387,-0.17533642053604126,True,True,family-00339-sum_mod_10,family-00339,0.9946039319038391,0.03356020782138026,0.0,3,0.7447326928279945,12.92916488647461,44,sum_mod_10
5.363415718078613,0.14129647612571716,False,False,family-00340-maximum,family-00340,0.9768949747085571,0.10988894692276069,0.5,0,0.548605535288854,9.77645206451416,44,maximum
6.150468826293945,0.1486721634864807,False,False,family-00340-maximum,family-00340,0.9219669103622437,0.2739390127613233,0.5,1,0.7108317167798254,8.652496337890625,44,maximum
7.114700794219971,0.4293050169944763,False,False,family-00340-maximum,family-00340,0.9813496470451355,0.09273900152025731,0.5,2,0.6727281720115564,10.575892448425293,44,maximum
7.920849800109863,0.34107500314712524,False,False,family-00340-maximum,family-00340,0.9889539480209351,0.06075481826930172,0.5,3,0.6496345654856053,12.192777633666992,44,maximum
6.003707408905029,0.1575201153755188,False,False,family-00340-minimum,family-00340,0.9780574440956116,0.1055058412282574,0.0,0,0.6212924704744274,9.663254737854004,44,minimum
11.31527328491211,0.8235164880752563,False,False,family-00340-minimum,family-00340,0.9825050234794617,0.08812294103381846,0.0,1,1.2099679562944334,9.351713180541992,44,minimum
5.7752556800842285,0.12075716257095337,False,False,family-00340-minimum,family-00340,0.8498364090919495,0.4229927478501878,0.0,2,0.3866636176073534,14.936123847961426,44,minimum
6.778885364532471,0.036394476890563965,False,False,family-00340-minimum,family-00340,0.9722452759742737,0.1268485713862016,0.0,3,0.4109620598007797,16.495161056518555,44,minimum
5.929959297180176,-0.012027058750391006,True,False,family-00340-sum_mod_10,family-00340,0.9794909358024597,0.10001374303591169,1.0,0,0.6293807434795006,9.421895027160645,44,sum_mod_10
8.279153823852539,-0.04052485153079033,True,False,family-00340-sum_mod_10,family-00340,0.961037814617157,0.16463177503825188,1.0,1,0.9667340456380431,8.564044952392578,44,sum_mod_10
6.392142295837402,-0.007628493010997772,True,False,family-00340-sum_mod_10,family-00340,0.9582735896110535,0.1733924881712437,1.0,2,0.5443038159712819,11.74370288848877,44,sum_mod_10
11.621520042419434,0.026248212903738022,True,True,family-00340-sum_mod_10,family-00340,0.9934313893318176,0.039557233714277114,1.0,3,0.8167164853311958,14.229564666748047,44,sum_mod_10
8.942004203796387,0.7517160773277283,False,False,family-00341-maximum,family-00341,0.9726890921592712,0.12526660255310906,0.0,0,0.8945490004745426,9.996103286743164,44,maximum
4.448297500610352,0.018415987491607666,False,False,family-00341-maximum,family-00341,0.8972780108451843,0.3310229599738888,0.0,1,0.3985687210433041,11.16067886352539,44,maximum
8.358696937561035,0.11256784200668335,False,False,family-00341-maximum,family-00341,0.9902697801589966,0.054758153195812766,0.0,2,0.6775715640899314,12.336256980895996,44,maximum
8.040972709655762,0.11735248565673828,False,False,family-00341-maximum,family-00341,0.9780489802360535,0.10553797802305834,0.0,3,0.5034161737480781,15.972813606262207,44,maximum
5.355789661407471,0.565575361251831,False,False,family-00341-minimum,family-00341,0.9749530553817749,0.11707878846180106,1.0,0,0.5055345519495607,10.59430980682373,44,minimum
10.649714469909668,0.7654932141304016,False,False,family-00341-minimum,family-00341,0.9770870804786682,0.1091688199769832,1.0,1,1.0710010985231606,9.943700790405273,44,minimum
4.7862958908081055,0.031166553497314453,False,False,family-00341-minimum,family-00341,0.8344743251800537,0.4487201580389315,1.0,2,0.36847319147086643,12.98953628540039,44,minimum
8.12451457977295,0.13315951824188232,False,False,family-00341-minimum,family-00341,0.9807760715484619,0.09500321926381355,1.0,3,0.5818843151958781,13.962422370910645,44,minimum
7.029374122619629,0.16574841737747192,True,False,family-00341-sum_mod_10,family-00341,0.9805988073348999,0.09569942474854568,0.5,0,0.6787009051760334,10.357101440429688,44,sum_mod_10
8.522318840026855,0.19199901819229126,True,False,family-00341-sum_mod_10,family-00341,0.9903274178504944,0.054491536354704044,0.5,1,0.7541608903189185,11.300398826599121,44,sum_mod_10
8.011787414550781,0.2442505955696106,True,False,family-00341-sum_mod_10,family-00341,0.9895188212394714,0.05820109616297742,0.5,2,0.5131937916570658,15.611621856689453,44,sum_mod_10
9.103097915649414,0.14939092099666595,True,True,family-00341-sum_mod_10,family-00341,0.9996465444564819,0.003162570371067438,0.5,3,0.457621552481293,19.892196655273438,44,sum_mod_10
6.99522590637207,0.4233628809452057,True,False,family-00342-maximum,family-00342,0.9763849973678589,0.11179274954843188,1.0,0,0.7090084153732585,9.866209983825684,44,maximum
6.120265007019043,0.06823348999023438,True,False,family-00342-maximum,family-00342,0.9412703514099121,0.22345770352078398,1.0,1,0.7515555612808934,8.143463134765625,44,maximum
9.018856048583984,0.18967515230178833,True,False,family-00342-maximum,family-00342,0.9853857755661011,0.07626311690211222,1.0,2,0.8787326566338723,10.263481140136719,44,maximum
6.901044845581055,0.061103999614715576,True,False,family-00342-maximum,family-00342,0.9922022819519043,0.04561676843012463,1.0,3,0.4854516846678262,14.215719223022461,44,maximum
6.859787464141846,0.7162734270095825,False,False,family-00342-minimum,family-00342,0.9681077599525452,0.1412594748192077,0.5,0,0.7242570131668017,9.471482276916504,44,minimum
9.363825798034668,0.4999776780605316,False,False,family-00342-minimum,family-00342,0.9780997633934021,0.10534510715917039,0.5,1,1.053496134266457,8.888334274291992,44,minimum
5.189523220062256,-0.02738654613494873,False,False,family-00342-minimum,family-00342,0.8256412148475647,0.4627307484445541,0.5,2,0.4016436760458893,12.920714378356934,44,minimum
8.611283302307129,0.04692620038986206,False,False,family-00342-minimum,family-00342,0.9878467917442322,0.06567667533898904,0.5,3,0.5841068792646047,14.742650032043457,44,minimum
6.114420413970947,-0.004394225776195526,True,False,family-00342-sum_mod_10,family-00342,0.9711361527442932,0.13077033308515268,0.0,0,0.5952016776290169,10.272854804992676,44,sum_mod_10
7.84460973739624,-0.006329204887151718,True,False,family-00342-sum_mod_10,family-00342,0.9764635562896729,0.11150022124981905,0.0,1,0.688677390740492,11.390833854675293,44,sum_mod_10
7.1891350746154785,-0.0018550814129412174,True,False,family-00342-sum_mod_10,family-00342,0.947062075138092,0.2070765648471154,0.0,2,0.45127422401903955,15.930746078491211,44,sum_mod_10
7.227165699005127,0.00019108736887574196,True,True,family-00342-sum_mod_10,family-00342,0.9974923133850098,0.0175215567666123,0.0,3,0.36447884586971274,19.828765869140625,44,sum_mod_10
5.474032878875732,0.09578382968902588,True,False,family-00343-maximum,family-00343,0.9709507822990417,0.13142146106867747,0.5,0,0.5285800927456038,10.356108665466309,44,maximum
8.286477088928223,0.027219414710998535,True,False,family-00343-maximum,family-00343,0.9565911293029785,0.1786303668288644,0.5,1,0.7846056045701985,10.561327934265137,44,maximum
6.16361141204834,0.08878284692764282,True,False,family-00343-maximum,family-00343,0.9933614730834961,0.039907760520828624,0.5,2,0.4257154875501399,14.478240966796875,44,maximum
11.29678726196289,0.25339794158935547,True,False,family-00343-maximum,family-00343,0.9947776794433594,0.03265098061032165,0.5,3,0.761812703588299,14.828824996948242,44,maximum
5.227470874786377,0.24719303846359253,True,False,family-00343-minimum,family-00343,0.9676731824874878,0.14273963424558253,0.0,0,0.5457460802444,9.578577041625977,44,minimum
7.504703521728516,0.4764796495437622,True,False,family-00343-minimum,family-00343,0.9787986874580383,0.10267829183867216,0.0,1,0.7844625367583545,9.566681861877441,44,minimum
5.108443737030029,-0.039051055908203125,True,False,family-00343-minimum,family-00343,0.8893776535987854,0.34781452726064066,0.0,2,0.46788947672393344,10.91805648803711,44,minimum
10.59827995300293,0.6235605478286743,True,False,family-00343-minimum,family-00343,0.9759875535964966,0.11326861842097412,0.0,3,0.9279820554484438,11.420781135559082,44,minimum
6.616814613342285,-0.045598119497299194,False,False,family-00343-sum_mod_10,family-00343,0.9726890921592712,0.12526660255310906,1.0,0,0.6619394001378024,9.996103286743164,44,sum_mod_10
5.813812255859375,0.019948571920394897,False,False,family-00343-sum_mod_10,family-00343,0.9714508056640625,0.1296622798810824,1.0,1,0.6215150912714797,9.354257583618164,44,sum_mod_10
6.623787879943848,0.056434378027915955,False,False,family-00343-sum_mod_10,family-00343,0.98634934425354,0.07217253379431045,1.0,2,0.6022879074500507,10.997710227966309,44,sum_mod_10
12.793060302734375,-0.08898544311523438,False,True,family-00343-sum_mod_10,family-00343,0.9959724545478821,0.026229718710038992,1.0,3,0.9114462862111374,14.03600025177002,44,sum_mod_10
6.8251752853393555,0.785692036151886,True,False,family-00344-maximum,family-00344,0.9768313765525818,0.11012698982396632,0.0,0,0.6107071804855371,11.17585563659668,44,maximum
3.883040189743042,-0.03356635570526123,True,False,family-00344-maximum,family-00344,0.8952364325523376,0.3354252740854944,0.0,1,0.29782531113326943,13.037979125976562,44,maximum
5.799252510070801,0.011586368083953857,True,False,family-00344-maximum,family-00344,0.9823871850967407,0.088597213593539,0.0,2,0.42855356827105356,13.532153129577637,44,maximum
11.012430191040039,0.486666738986969,True,False,family-00344-maximum,family-00344,0.9914954900741577,0.049010591909874356,0.0,3,0.7213788358216993,15.265807151794434,44,maximum
6.575997352600098,0.39094114303588867,False,False,family-00344-minimum,family-00344,0.9815162420272827,0.09207801456333566,1.0,0,0.5778667388053835,11.379781723022461,44,minimum
7.229008197784424,0.1166074275970459,False,False,family-00344-minimum,family-00344,0.9752088189125061,0.11614093127344993,1.0,1,0.6977229963588486,10.360857009887695,44,minimum
4.097574234008789,0.00527036190032959,False,False,family-00344-minimum,family-00344,0.9051192402839661,0.3136869929902062,1.0,2,0.34438572899603315,11.898211479187012,44,minimum
12.083026885986328,0.26634055376052856,False,False,family-00344-minimum,family-00344,0.9855003952980042,0.07577999154033696,1.0,3,0.9126041645958357,13.240161895751953,44,minimum
7.593705654144287,-0.015712015330791473,True,False,family-00344-sum_mod_10,family-00344,0.9732781052589417,0.1231556132485116,0.5,0,0.8074218917551087,9.404879570007324,44,sum_mod_10
7.901177406311035,-0.04325749725103378,True,False,family-00344-sum_mod_10,family-00344,0.9705325365066528,0.13288611776642067,0.5,1,0.7234051637688351,10.922202110290527,44,sum_mod_10
6.7291340827941895,0.037570688873529434,True,False,family-00344-sum_mod_10,family-00344,0.9915760159492493,0.04862701433463593,0.5,2,0.47573155099625725,14.144813537597656,44,sum_mod_10
14.193053245544434,-0.11248362809419632,True,True,family-00344-sum_mod_10,family-00344,0.9992172718048096,0.006381061356370977,0.5,3,0.7896548258816493,17.973743438720703,44,sum_mod_10
6.748291492462158,0.32637545466423035,False,False,family-00345-maximum,family-00345,0.9815162420272827,0.09207801456333566,1.0,0,0.5930071117980826,11.379781723022461,44,maximum
3.9889121055603027,0.16568845510482788,False,False,family-00345-maximum,family-00345,0.8928059339523315,0.34060834114066046,1.0,1,0.36937306208798326,10.799141883850098,44,maximum
6.6800031661987305,0.4712870419025421,False,False,family-00345-maximum,family-00345,0.9857271313667297,0.07482157751068129,1.0,2,0.6191580994769877,10.788848876953125,44,maximum
7.060920238494873,0.3158322870731354,False,False,family-00345-maximum,family-00345,0.9931173324584961,0.04112600144659434,1.0,3,0.5701895648825568,12.383460998535156,44,maximum
4.800477981567383,0.16500037908554077,False,False,family-00345-minimum,family-00345,0.9768949747085571,0.10988894692276069,0.5,0,0.4910245506129776,9.77645206451416,44,minimum
5.992970943450928,0.033045947551727295,False,False,family-00345-minimum,family-00345,0.953163743019104,0.1890922596276812,0.5,1,0.7256216832762181,8.259084701538086,44,minimum
4.711420059204102,0.004736959934234619,False,False,family-00345-minimum,family-00345,0.8961726427078247,0.3334120608198735,0.5,2,0.4439117607707378,10.613415718078613,44,minimum
11.818751335144043,0.37241488695144653,False,False,family-00345-minimum,family-00345,0.9816566109657288,0.0915198958165437,0.5,3,1.1201092952775644,10.551426887512207,44,minimum
5.146127700805664,0.024874746799468994,False,False,family-00345-sum_mod_10,family-00345,0.9780574440956116,0.1055058412282574,0.0,0,0.532546004468522,9.663254737854004,44,sum_mod_10
6.970940113067627,0.005420789122581482,False,False,family-00345-sum_mod_10,family-00345,0.9750252366065979,0.11681438020490044,0.0,1,0.7621794952003788,9.146060943603516,44,sum_mod_10
5.265192031860352,0.0483553484082222,False,False,family-00345-sum_mod_10,family-00345,0.9452048540115356,0.21239921869691938,0.0,2,0.42997447857079996,12.245359420776367,44,sum_mod_10
7.513586521148682,0.004530608654022217,False,True,family-00345-sum_mod_10,family-00345,0.9931513071060181,0.04095700027626382,0.0,3,0.5279627584506165,14.231281280517578,44,sum_mod_10
6.851291179656982,0.08824986219406128,False,False,family-00346-maximum,family-00346,0.9768949747085571,0.10988894692276069,0.5,0,0.7007952511244125,9.77645206451416,44,maximum
4.626368522644043,0.039711833000183105,False,False,family-00346-maximum,family-00346,0.8710351586341858,0.38441416448042576,0.5,1,0.5136074069760671,9.007596969604492,44,maximum
8.936787605285645,0.1622769832611084,False,False,family-00346-maximum,family-00346,0.9769282341003418,0.10976438830136045,0.5,2,0.8587837107784588,10.406331062316895,44,maximum
8.538223266601562,0.1537896990776062,False,False,family-00346-maximum,family-00346,0.9694160223007202,0.1367663091641817,0.5,3,0.6099126847668092,13.999091148376465,44,maximum
5.354775428771973,0.2815377116203308,False,False,family-00346-minimum,family-00346,0.9780574440956116,0.1055058412282574,0.0,0,0.554137873215288,9.663254737854004,44,minimum
9.437623023986816,0.5610709190368652,False,False,family-00346-minimum,family-00346,0.975298285484314,0.11581222965005555,0.0,1,1.1292805482589099,8.357199668884277,44,minimum
4.836411476135254,0.1154623031616211,False,False,family-00346-minimum,family-00346,0.879141092300415,0.36863281904925954,0.0,2,0.38325131134296075,12.619425773620605,44,minimum
5.358156681060791,0.05887693166732788,False,False,family-00346-minimum,family-00346,0.9784789681434631,0.10390108940009823,0.0,3,0.38043778109117204,14.084186553955078,44,minimum
5.0497660636901855,0.04788316786289215,True,False,family-00346-sum_mod_10,family-00346,0.9768313765525818,0.11012698982396632,1.0,0,0.4518460355871206,11.17585563659668,44,sum_mod_10
5.9730048179626465,0.05979815870523453,True,False,family-00346-sum_mod_10,family-00346,0.9622285962104797,0.16079569498746663,1.0,1,0.5367908506899136,11.12724781036377,44,sum_mod_10
4.275478363037109,-0.02432972937822342,True,False,family-00346-sum_mod_10,family-00346,0.9425244331359863,0.21996420161695251,1.0,2,0.33492542224049066,12.765463829040527,44,sum_mod_10
10.207133293151855,-0.07213164865970612,True,True,family-00346-sum_mod_10,family-00346,0.9937331080436707,0.038035865035808344,1.0,3,0.7409701883379262,13.775362968444824,44,sum_mod_10
7.522557258605957,0.562489926815033,True,False,family-00347-maximum,family-00347,0.9794909358024597,0.10001374303591169,0.0,0,0.7984123402904154,9.421895027160645,44,maximum
4.453370094299316,0.006802618503570557,True,False,family-00347-maximum,family-00347,0.9137359857559204,0.2938078194718731,0.0,1,0.4212527788024116,10.571728706359863,44,maximum
6.820454120635986,0.3429934084415436,True,False,family-00347-maximum,family-00347,0.9845751523971558,0.079654270913139,0.0,2,0.6010018455868524,11.348474502563477,44,maximum
10.885942459106445,0.272899329662323,True,False,family-00347-maximum,family-00347,0.991818904876709,0.047465302754007524,0.0,3,0.8496330156136582,12.812522888183594,44,maximum
6.668503761291504,0.3033106327056885,True,False,family-00347-minimum,family-00347,0.9730870723724365,0.12384171215580603,1.0,0,0.76168369165398,8.754951477050781,44,minimum
6.999664783477783,0.12031787633895874,True,False,family-00347-minimum,family-00347,0.9806810021400452,0.09537681079007969,1.0,1,0.7068273635761397,9.902934074401855,44,minimum
3.907770872116089,0.011570155620574951,True,False,family-00347-minimum,family-00347,0.8636513352394104,0.3982794778691018,1.0,2,0.31069341831211583,12.5775785446167,44,minimum
10.724163055419922,0.35789918899536133,True,False,family-00347-minimum,family-00347,0.9819736480712891,0.0902552900506808,1.0,3,0.809523511283664,13.2475004196167,44,minimum
7.451650142669678,-0.023741528391838074,True,False,family-00347-sum_mod_10,family-00347,0.9732781052589417,0.1231556132485116,0.5,0,0.7923174440673751,9.404879570007324,44,sum_mod_10
7.57049560546875,0.00019006244838237762,True,False,family-00347-sum_mod_10,family-00347,0.969296932220459,0.13717767151805338,0.5,1,0.7061664938665984,10.720553398132324,44,sum_mod_10
6.437905788421631,0.0015290258452296257,True,False,family-00347-sum_mod_10,family-00347,0.9902406930923462,0.054892571309398425,0.5,2,0.4874940269532179,13.206122398376465,44,sum_mod_10
13.066950798034668,-0.009623883292078972,True,True,family-00347-sum_mod_10,family-00347,0.9984719157218933,0.011434617982594203,0.5,3,0.8338213527586892,15.671163558959961,44,sum_mod_10
8.204983711242676,0.7517017722129822,True,False,family-00348-maximum,family-00348,0.9757347106933594,0.1142040111322595,1.0,0,0.8611776691451012,9.527631759643555,44,maximum
4.6227850914001465,-0.005248069763183594,True,False,family-00348-maximum,family-00348,0.8950560092926025,0.33581217740476255,1.0,1,0.5040179786674108,9.171865463256836,44,maximum
9.42607307434082,0.14901334047317505,True,False,family-00348-maximum,family-00348,0.9865298271179199,0.07139881194393982,1.0,2,0.9069922139072726,10.392672538757324,44,maximum
7.254543304443359,0.10378283262252808,True,False,family-00348-maximum,family-00348,0.9934793710708618,0.03931624312289595,1.0,3,0.45452693154556506,15.96064567565918,44,maximum
5.100596904754639,0.15733855962753296,False,False,family-00348-minimum,family-00348,0.9768949747085571,0.10988894692276069,0.5,0,0.5217226935800572,9.77645206451416,44,minimum
5.595261573791504,0.09611552953720093,False,False,family-00348-minimum,family-00348,0.9529528021812439,0.18972735395250537,0.5,1,0.7018611461303895,7.972034931182861,44,minimum
4.737044334411621,0.011989474296569824,False,False,family-00348-minimum,family-00348,0.9100139737129211,0.3025054918350459,0.5,2,0.48094091142261425,9.84953498840332,44,minimum
13.230530738830566,0.24028462171554565,False,False,family-00348-minimum,family-00348,0.9860709309577942,0.07336134540422257,0.5,3,1.2796473124690655,10.339200973510742,44,minimum
5.111510276794434,-0.02112077921628952,False,False,family-00348-sum_mod_10,family-00348,0.9780574440956116,0.1055058412282574,0.0,0,0.5289636272105135,9.663254737854004,44,sum_mod_10
6.857695579528809,-0.014265406876802444,False,False,family-00348-sum_mod_10,family-00348,0.9720660448074341,0.12748535964109858,0.0,1,0.7911146223768969,8.668396949768066,44,sum_mod_10
5.704039096832275,-0.0016960818320512772,False,False,family-00348-sum_mod_10,family-00348,0.957612156867981,0.17545997451608406,0.0,2,0.48829367478326224,11.681574821472168,44,sum_mod_10
6.996192455291748,-0.0005294829607009888,False,True,family-00348-sum_mod_10,family-00348,0.9957945346832275,0.027206268098732233,0.0,3,0.48252843406487694,14.49902629852295,44,sum_mod_10
6.694035530090332,0.2538924217224121,False,False,family-00349-maximum,family-00349,0.9798251986503601,0.09871863145793017,0.5,0,0.5960968558189209,11.229778289794922,44,maximum
5.941884517669678,0.021721601486206055,False,False,family-00349-maximum,family-00349,0.9263906478881836,0.26287671281945324,0.5,1,0.6312632859499657,9.412688255310059,44,maximum
9.534168243408203,0.21743929386138916,False,False,family-00349-maximum,family-00349,0.9847499132156372,0.0789269153881218,0.5,2,0.9581451587088152,9.950651168823242,44,maximum
7.318515300750732,0.08724784851074219,False,False,family-00349-maximum,family-00349,0.9886245727539062,0.062230302529824255,0.5,3,0.5072586250933343,14.427581787109375,44,maximum
5.525680065155029,0.6409575343132019,True,False,family-00349-minimum,family-00349,0.9709507822990417,0.13142146106867747,0.0,0,0.5335672156068693,10.356108665466309,44,minimum
8.811573028564453,0.5995549559593201,True,False,family-00349-minimum,family-00349,0.9706896543502808,0.13233662798418966,0.0,1,0.9101800913804813,9.681131362915039,44,minimum
4.252906322479248,0.07070094347000122,True,False,family-00349-minimum,family-00349,0.9367775917053223,0.23574353923326574,0.0,2,0.3427874322985491,12.406832695007324,44,minimum
6.211668491363525,0.11565083265304565,True,False,family-00349-minimum,family-00349,0.9898170232772827,0.0568406535089387,0.0,3,0.4471578313024724,13.89144515991211,44,minimum
6.214946746826172,0.08594080805778503,False,False,family-00349-sum_mod_10,family-00349,0.9681898355484009,0.14097924321437244,1.0,0,0.6216484007170734,9.997527122497559,44,sum_mod_10
6.959020137786865,0.2164025902748108,False,False,family-00349-sum_mod_10,family-00349,0.9625242948532104,0.15983710564566564,1.0,1,0.7896852735164496,8.812397003173828,44,sum_mod_10
8.84860897064209,0.2875531017780304,False,False,family-00349-sum_mod_10,family-00349,0.961432933807373,0.16336315972872947,1.0,2,0.8621962755775271,10.262870788574219,44,sum_mod_10
10.613499641418457,0.008716821670532227,False,True,family-00349-sum_mod_10,family-00349,0.9974220991134644,0.01794087482629029,1.0,3,0.6664708606092429,15.9249267578125,44,sum_mod_10
7.511025905609131,0.7453197836875916,True,False,family-00350-maximum,family-00350,0.9803701639175415,0.0965949850673804,0.0,0,0.7578078183543122,9.911518096923828,44,maximum
5.057467460632324,0.2179926037788391,True,False,family-00350-maximum,family-00350,0.8945356011390686,0.3369262116904066,0.0,1,0.43338061196020683,11.669805526733398,44,maximum
8.933271408081055,0.5177014470100403,True,False,family-00350-maximum,family-00350,0.9915508031845093,0.04874719614692339,0.0,2,0.6577645196427437,13.581260681152344,44,maximum
5.65103816986084,0.1353427767753601,True,False,family-00350-maximum,family-00350,0.9887281656265259,0.06176729638490344,0.0,3,0.3634357743941038,15.548932075500488,44,maximum
7.46146821975708,0.5365715622901917,True,False,family-00350-minimum,family-00350,0.9794909358024597,0.10001374303591169,1.0,0,0.791928608655455,9.421895027160645,44,minimum
11.072793006896973,0.7134029269218445,True,False,family-00350-minimum,family-00350,0.9745174050331116,0.1186701178223806,1.0,1,1.2491456322482741,8.864293098449707,44,minimum
5.021783351898193,-0.014486253261566162,True,False,family-00350-minimum,family-00350,0.9197432994842529,0.2793958762913649,1.0,2,0.37293495644872354,13.465574264526367,44,minimum
6.200042724609375,0.009664714336395264,True,False,family-00350-minimum,family-00350,0.9816900491714478,0.09138678161786444,1.0,3,0.4000246122948258,15.499153137207031,44,minimum
9.277840614318848,0.014352790080010891,False,False,family-00350-sum_mod_10,family-00350,0.9780574440956116,0.1055058412282574,0.5,0,0.960115495866484,9.663254737854004,44,sum_mod_10
9.537055015563965,-0.00548805296421051,False,False,family-00350-sum_mod_10,family-00350,0.9900084733963013,0.05596259445610694,0.5,1,0.7515619577188075,12.689645767211914,44,sum_mod_10
6.1507158279418945,0.004800150170922279,False,False,family-00350-sum_mod_10,family-00350,0.9885064363479614,0.06275714655794727,0.5,2,0.3475222838567466,17.698766708374023,44,sum_mod_10
7.727468967437744,-0.0011546183377504349,False,True,family-00350-sum_mod_10,family-00350,0.9990659356117249,0.0074496286663888415,0.5,3,0.35851500505683037,21.554101943969727,44,sum_mod_10
7.117302417755127,0.8122217059135437,True,False,family-00351-maximum,family-00351,0.9730870723724365,0.12384171215580603,1.0,0,0.8129459582285067,8.754951477050781,44,maximum
3.888735771179199,0.044741690158843994,True,False,family-00351-maximum,family-00351,0.9240544438362122,0.26875357026909064,1.0,1,0.5073501119337176,7.664797306060791,44,maximum
9.863980293273926,0.3888792097568512,True,False,family-00351-maximum,family-00351,0.9745523929595947,0.11854259902425708,1.0,2,1.1101396098257739,8.885351181030273,44,maximum
6.418787956237793,0.1396394968032837,True,False,family-00351-maximum,family-00351,0.9796310663223267,0.09947148533264408,1.0,3,0.4447481052112201,14.432412147521973,44,maximum
4.989148139953613,0.12042701244354248,True,False,family-00351-minimum,family-00351,0.9757347106933594,0.1142040111322595,0.5,0,0.5236503955879447,9.527631759643555,44,minimum
11.249598503112793,0.6721169948577881,True,False,family-00351-minimum,family-00351,0.9680590033531189,0.14142584167301236,0.5,1,1.2341928940935754,9.114943504333496,44,minimum
5.13641357421875,-0.015944957733154297,True,False,family-00351-minimum,family-00351,0.9150665402412415,0.2906562562164826,0.5,2,0.3952175181556203,12.996421813964844,44,minimum
6.698536396026611,0.019953489303588867,True,False,family-00351-minimum,family-00351,0.9793725609779358,0.10047105164478075,0.5,3,0.43947785540259804,15.242033958435059,44,minimum
5.787346363067627,-0.11017389595508575,True,False,family-00351-sum_mod_10,family-00351,0.9803701639175415,0.0965949850673804,0.0,0,0.5839011043993156,9.911518096923828,44,sum_mod_10
6.681700229644775,0.029117919504642487,True,False,family-00351-sum_mod_10,family-00351,0.9474546313285828,0.20594279631935156,0.0,1,0.6928737922645596,9.64345932006836,44,sum_mod_10
6.942124366760254,-0.008469421416521072,True,False,family-00351-sum_mod_10,family-00351,0.9761836528778076,0.1125412719815049,0.0,2,0.6004693321050101,11.561163902282715,44,sum_mod_10
7.179711818695068,0.004018370062112808,True,True,family-00351-sum_mod_10,family-00351,0.9920586943626404,0.04631128328871778,0.0,3,0.4615304990064354,15.556310653686523,44,sum_mod_10
5.901359558105469,-0.006096363067626953,False,False,family-00352-maximum,family-00352,0.9768949747085571,0.10988894692276069,0.5,0,0.6036299793793073,9.77645206451416,44,maximum
4.660004138946533,0.1167028546333313,False,False,family-00352-maximum,family-00352,0.8836602568626404,0.3595681841921265,0.5,1,0.5279141369087329,8.827200889587402,44,maximum
8.266443252563477,0.15979743003845215,False,False,family-00352-maximum,family-00352,0.9626398086547852,0.15946197813072022,0.5,2,0.8678743491688806,9.524930953979492,44,maximum
6.4943976402282715,0.10052001476287842,False,False,family-00352-maximum,family-00352,0.9752646088600159,0.11593599703949481,0.5,3,0.4626580574837496,14.03714370727539,44,maximum
7.847606658935547,0.13031798601150513,False,False,family-00352-minimum,family-00352,0.9681898355484009,0.14097924321437244,0.0,0,0.7849547755940547,9.997527122497559,44,minimum
7.893942832946777,-0.03259015083312988,False,False,family-00352-minimum,family-00352,0.9795032739639282,0.09996603786531358,0.0,1,0.7454857595847312,10.58899211883545,44,minimum
4.719241142272949,0.020088136196136475,False,False,family-00352-minimum,family-00352,0.7929581999778748,0.5100108104928016,0.0,2,0.3260387203689017,14.474480628967285,44,minimum
11.998948097229004,0.6539950370788574,False,False,family-00352-minimum,family-00352,0.9802415370941162,0.09709760013986735,0.0,3,0.80964105239748,14.820083618164062,44,minimum
6.055413722991943,-0.018327195197343826,False,False,family-00352-sum_mod_10,family-00352,0.9681898355484009,0.14097924321437244,1.0,0,0.6056911523015898,9.997527122497559,44,sum_mod_10
7.089060306549072,-0.006557680666446686,False,False,family-00352-sum_mod_10,family-00352,0.957646369934082,0.17535329808050618,1.0,1,0.8079672740047226,8.773944854736328,44,sum_mod_10
5.334947109222412,0.0036957915872335434,False,False,family-00352-sum_mod_10,family-00352,0.9392128586769104,0.22912789915532683,1.0,2,0.5002454236031959,10.66465950012207,44,sum_mod_10
11.311927795410156,-0.0061631277203559875,False,True,family-00352-sum_mod_10,family-00352,0.992222249507904,0.04551997795137472,1.0,3,0.8789937567769294,12.869178771972656,44,sum_mod_10
6.546656131744385,0.8729174137115479,True,False,family-00353-maximum,family-00353,0.9768313765525818,0.11012698982396632,0.0,0,0.5857856744593742,11.17585563659668,44,maximum
3.7265124320983887,0.03437882661819458,True,False,family-00353-maximum,family-00353,0.9004788398742676,0.3240295790192826,0.0,1,0.29505115424666745,12.63005542755127,44,maximum
5.527504920959473,0.0625838041305542,True,False,family-00353-maximum,family-00353,0.980740487575531,0.09514310859045508,0.0,2,0.4218998742018236,13.101461410522461,44,maximum
10.685541152954102,0.32674354314804077,True,False,family-00353-maximum,family-00353,0.9896719455718994,0.05750360631984899,0.0,3,0.731800414446913,14.601715087890625,44,maximum
5.944717884063721,0.4684433043003082,False,False,family-00353-minimum,family-00353,0.9749530553817749,0.11707878846180106,1.0,0,0.5611236590641104,10.59430980682373,44,minimum
7.392550468444824,0.25389230251312256,False,False,family-00353-minimum,family-00353,0.9765253663063049,0.11126987180358701,1.0,1,0.7571258202077306,9.763965606689453,44,minimum
3.907776355743408,0.0063596367835998535,False,False,family-00353-minimum,family-00353,0.9078390598297119,0.3075091445780016,1.0,2,0.36781336346501403,10.624345779418945,44,minimum
12.785740852355957,0.3851630687713623,False,False,family-00353-minimum,family-00353,0.980966329574585,0.09425412580215985,1.0,3,1.15110372032039,11.107375144958496,44,minimum
8.208934783935547,-0.04613534361124039,False,False,family-00353-sum_mod_10,family-00353,0.9780574440956116,0.1055058412282574,0.5,0,0.8494999880090681,9.663254737854004,44,sum_mod_10
8.792299270629883,-0.0034347791224718094,False,False,family-00353-sum_mod_10,family-00353,0.9880164861679077,0.06492916554778241,0.5,1,0.7554805233414986,11.638022422790527,44,sum_mod_10
5.527919292449951,0.007785199210047722,False,False,family-00353-sum_mod_10,family-00353,0.9863384366035461,0.07221921655201351,0.5,2,0.30398712380538423,18.184715270996094,44,sum_mod_10
13.214800834655762,0.0073461029678583145,False,True,family-00353-sum_mod_10,family-00353,0.9991206526756287,0.007066339073856019,0.5,3,0.6341886072606596,20.83733558654785,44,sum_mod_10
7.842955112457275,0.7475331425666809,True,False,family-00354-maximum,family-00354,0.9757347106933594,0.1142040111322595,1.0,0,0.8231799160918342,9.527631759643555,44,maximum
4.838124752044678,0.01010960340499878,True,False,family-00354-maximum,family-00354,0.9125483632087708,0.2966018520069495,1.0,1,0.5189472875556781,9.322959899902344,44,maximum
8.47964096069336,0.25690871477127075,True,False,family-00354-maximum,family-00354,0.979820728302002,0.09873598904614331,1.0,2,0.9094266475144143,9.324161529541016,44,maximum
6.843345642089844,0.09277230501174927,True,False,family-00354-maximum,family-00354,0.9751943349838257,0.11619411429184874,1.0,3,0.5077208110352186,13.478560447692871,44,maximum
6.720361709594727,0.03023475408554077,False,False,family-00354-minimum,family-00354,0.9681077599525452,0.1412594748192077,0.5,0,0.7095364287354797,9.471482276916504,44,minimum
10.733427047729492,0.731337308883667,False,False,family-00354-minimum,family-00354,0.9776691794395447,0.10697664457800755,0.5,1,1.2097179306054344,8.872669219970703,44,minimum
4.220660209655762,0.02067500352859497,False,False,family-00354-minimum,family-00354,0.8976816534996033,0.3301472444203016,0.5,2,0.31791934255375043,13.275883674621582,44,minimum
5.990865230560303,0.026012420654296875,False,False,family-00354-minimum,family-00354,0.9802073836326599,0.09723091257237762,0.5,3,0.40626792048660487,14.746094703674316,44,minimum
5.280742168426514,-0.0053465720266103745,True,False,family-00354-sum_mod_10,family-00354,0.9805988073348999,0.09569942474854568,0.0,0,0.5098667999728919,10.357101440429688,44,sum_mod_10
8.966710090637207,0.00026224926114082336,True,False,family-00354-sum_mod_10,family-00354,0.9810553789138794,0.09390285136850939,0.0,1,0.9543371936735865,9.395746231079102,44,sum_mod_10
4.370448112487793,0.0023329537361860275,True,False,family-00354-sum_mod_10,family-00354,0.976296067237854,0.11212357395935899,0.0,2,0.32588696566484965,13.410932540893555,44,sum_mod_10
7.200355052947998,0.008149353787302971,True,True,family-00354-sum_mod_10,family-00354,0.9914891719818115,0.049040654930117444,0.0,3,0.4610541791151869,15.617156028747559,44,sum_mod_10
7.059194087982178,0.038787782192230225,False,False,family-00355-maximum,family-00355,0.9798251986503601,0.09871863145793017,0.5,0,0.6286138431065225,11.229778289794922,44,maximum
6.008345603942871,0.12070101499557495,False,False,family-00355-maximum,family-00355,0.9107651710510254,0.3007639130596278,0.5,1,0.6312419005808637,9.518293380737305,44,maximum
11.09070110321045,0.38519221544265747,False,False,family-00355-maximum,family-00355,0.9799575209617615,0.09820438806251956,0.5,2,1.0976795660418497,10.103769302368164,44,maximum
6.707518100738525,0.0708269476890564,False,False,family-00355-maximum,family-00355,0.9807531237602234,0.09509344033081918,0.5,3,0.443245054998657,15.132753372192383,44,maximum
6.702571392059326,0.7471053600311279,False,False,family-00355-minimum,family-00355,0.9726890921592712,0.12526660255310906,0.0,0,0.670518421007942,9.996103286743164,44,minimum
7.869279861450195,0.5565299391746521,False,False,family-00355-minimum,family-00355,0.97754967212677,0.10742796051963203,0.0,1,0.8716830192091579,9.027685165405273,44,minimum
4.779627323150635,0.050187528133392334,False,False,family-00355-minimum,family-00355,0.8616268038749695,0.4019993380467206,0.0,2,0.40638850553089634,11.761226654052734,44,minimum
7.6640095710754395,0.1838405728340149,False,False,family-00355-minimum,family-00355,0.9743159413337708,0.11940342569211577,0.0,3,0.5909054578796865,12.969942092895508,44,minimum
5.2073211669921875,0.3390413522720337,True,False,family-00355-sum_mod_10,family-00355,0.9676731824874878,0.14273963424558253,1.0,0,0.5436424579937645,9.578577041625977,44,sum_mod_10
9.010597229003906,0.31743866205215454,True,False,family-00355-sum_mod_10,family-00355,0.9767475724220276,0.1104403892672816,1.0,1,0.9010678005574467,9.999910354614258,44,sum_mod_10
6.196956634521484,0.09451130032539368,True,False,family-00355-sum_mod_10,family-00355,0.9265528917312622,0.2624656332643519,1.0,2,0.4177063556422512,14.835677146911621,44,sum_mod_10
10.28800106048584,-0.17970311641693115,True,True,family-00355-sum_mod_10,family-00355,0.9933677315711975,0.03987641376362583,1.0,3,0.5836683678636941,17.626449584960938,44,sum_mod_10
8.257644653320312,0.9009285569190979,False,False,family-00356-maximum,family-00356,0.9681898355484009,0.14097924321437244,0.0,0,0.8259687172778989,9.997527122497559,44,maximum
4.686724662780762,0.012024641036987305,False,False,family-00356-maximum,family-00356,0.8911945819854736,0.3440104638349486,0.0,1,0.4699184104583323,9.973485946655273,44,maximum
7.137602806091309,0.06361973285675049,False,False,family-00356-maximum,family-00356,0.9859805107116699,0.07374621608468672,0.0,2,0.6733288656574541,10.600470542907715,44,maximum
13.80036735534668,0.29559653997421265,False,False,family-00356-maximum,family-00356,0.9822715520858765,0.08906182985525017,0.0,3,1.1087716475342384,12.446537017822266,44,maximum
4.846110820770264,0.2853930592536926,False,False,family-00356-minimum,family-00356,0.9749530553817749,0.11707878846180106,1.0,0,0.4574258171729991,10.59430980682373,44,minimum
11.100320816040039,0.8385497331619263,False,False,family-00356-minimum,family-00356,0.9702890515327454,0.13373595645523056,1.0,1,1.1790925483204344,9.414291381835938,44,minimum
4.687685966491699,0.0194854736328125,False,False,family-00356-minimum,family-00356,0.9243360161781311,0.2680494246621971,1.0,2,0.3642337020183817,12.8699951171875,44,minimum
6.1164727210998535,0.008830666542053223,False,False,family-00356-minimum,family-00356,0.9704983234405518,0.1330056568604681,1.0,3,0.435679795327342,14.038917541503906,44,minimum
7.384424209594727,-0.0077655985951423645,True,False,family-00356-sum_mod_10,family-00356,0.9732781052589417,0.1231556132485116,0.5,0,0.7851694596009564,9.404879570007324,44,sum_mod_10
9.281302452087402,0.008424574509263039,True,False,family-00356-sum_mod_10,family-00356,0.9702339768409729,0.13392789857180426,0.5,1,0.8557436593341922,10.845890998840332,44,sum_mod_10
6.218134880065918,-0.040860775858163834,True,False,family-00356-sum_mod_10,family-00356,0.9915537238121033,0.048733278266672314,0.5,2,0.4323389402947101,14.382546424865723,44,sum_mod_10
7.908705234527588,-0.0126272514462471,True,True,family-00356-sum_mod_10,family-00356,0.9982872605323792,0.012620841959660921,0.5,3,0.46057806643240323,17.1712589263916,44,sum_mod_10
7.332470417022705,0.7693430185317993,True,False,family-00357-maximum,family-00357,0.9763849973678589,0.11179274954843188,1.0,0,0.7431901843811655,9.866209983825684,44,maximum
6.328272342681885,-0.007577002048492432,True,False,family-00357-maximum,family-00357,0.935323178768158,0.23964659488838225,1.0,1,0.7542216490644568,8.390467643737793,44,maximum
5.851227283477783,0.11443829536437988,True,False,family-00357-maximum,family-00357,0.9879058599472046,0.06541675171196741,1.0,2,0.5553565060129727,10.53598403930664,44,maximum
8.560606956481934,0.19362950325012207,True,False,family-00357-maximum,family-00357,0.9913957715034485,0.049484527113260214,1.0,3,0.7002329313071066,12.225370407104492,44,maximum
6.103985786437988,0.07225382328033447,True,False,family-00357-minimum,family-00357,0.9709507822990417,0.13142146106867747,0.5,0,0.5894092060652535,10.356108665466309,44,minimum
10.199394226074219,0.7613742351531982,True,False,family-00357-minimum,family-00357,0.9758349657058716,0.11383344215216941,0.5,1,1.016091153338192,10.037873268127441,44,minimum
4.850258827209473,0.0071392059326171875,True,False,family-00357-minimum,family-00357,0.9175657629966736,0.28467473564602064,0.5,2,0.3374068250468657,14.375105857849121,44,minimum
4.6732072830200195,0.000471651554107666,True,False,family-00357-minimum,family-00357,0.9807679057121277,0.09503532710258479,0.5,3,0.30046226869933024,15.553391456604004,44,minimum
4.681190013885498,0.057727426290512085,False,False,family-00357-sum_mod_10,family-00357,0.9683666825294495,0.1403746885350306,0.0,0,0.45483399652317597,10.292084693908691,44,sum_mod_10
5.213296413421631,-0.03585764020681381,False,False,family-00357-sum_mod_10,family-00357,0.9446565508842468,0.2139577831462421,0.0,1,0.5511639799644471,9.45870304107666,44,sum_mod_10
4.982191562652588,0.024171143770217896,False,False,family-00357-sum_mod_10,family-00357,0.958306074142456,0.17329066848199684,0.0,2,0.4554536588989198,10.93896484375,44,sum_mod_10
8.01794147491455,-0.02869468182325363,False,True,family-00357-sum_mod_10,family-00357,0.9857876300811768,0.07456523404061034,0.0,3,0.6318992661556909,12.688638687133789,44,sum_mod_10
5.831899166107178,-0.12119230628013611,True,False,family-00358-maximum,family-00358,0.9805988073348999,0.09569942474854568,0.5,0,0.5630821711702023,10.357101440429688,44,maximum
8.222200393676758,0.3472130596637726,True,False,family-00358-maximum,family-00358,0.9643399715423584,0.15389723784313625,0.5,1,0.8512551953203487,9.658913612365723,44,maximum
8.266483306884766,0.07727757096290588,True,False,family-00358-maximum,family-00358,0.9938132762908936,0.03762919940857813,0.5,2,0.6084251512422968,13.586688995361328,44,maximum
7.986853122711182,-0.10688808560371399,True,False,family-00358-maximum,family-00358,0.9944781064987183,0.034215134260990245,0.5,3,0.46054254546462386,17.342269897460938,44,maximum
7.472310543060303,0.10963993519544601,False,False,family-00358-minimum,family-00358,0.9681898355484009,0.14097924321437244,0.0,0,0.7474158810977637,9.997527122497559,44,minimum
5.1990556716918945,0.05647747218608856,False,False,family-00358-minimum,family-00358,0.9827877283096313,0.08698181457668108,0.0,1,0.5098410091692926,10.197405815124512,44,minimum
5.394030570983887,0.14216622710227966,False,False,family-00358-minimum,family-00358,0.9325647950172424,0.24695351400531942,0.0,2,0.49639994800836673,10.866299629211426,44,minimum
6.778773307800293,0.13905678689479828,False,False,family-00358-minimum,family-00358,0.9906324148178101,0.0530748776820882,0.0,3,0.5597047574037033,12.111337661743164,44,minimum
7.029643535614014,-0.006902135908603668,False,False,family-00358-sum_mod_10,family-00358,0.9726890921592712,0.12526660255310906,1.0,0,0.7032383853953099,9.996103286743164,44,sum_mod_10
6.117913246154785,0.011377155780792236,False,False,family-00358-sum_mod_10,family-00358,0.9785783886909485,0.10352136923980393,1.0,1,0.6253700862763708,9.782868385314941,44,sum_mod_10
7.299686908721924,-0.019278742372989655,False,False,family-00358-sum_mod_10,family-00358,0.9900676012039185,0.05569066740006623,1.0,2,0.6083981425371146,11.998207092285156,44,sum_mod_10
11.188692092895508,0.04367382079362869,False,True,family-00358-sum_mod_10,family-00358,0.9974744915962219,0.017628172584849375,1.0,3,0.7045966242019893,15.879570960998535,44,sum_mod_10
6.137779712677002,0.4026845693588257,True,False,family-00359-maximum,family-00359,0.9768313765525818,0.11012698982396632,0.0,0,0.5491999818410419,11.17585563659668,44,maximum
3.7479615211486816,0.2794071435928345,True,False,family-00359-maximum,family-00359,0.887831449508667,0.35102533407911757,0.0,1,0.30023012163299195,12.48362922668457,44,maximum
6.612248420715332,0.3490873873233795,True,False,family-00359-maximum,family-00359,0.9685279130935669,0.13982262929229491,0.0,2,0.5247893105772206,12.599815368652344,44,maximum
7.263014793395996,0.23343315720558167,True,False,family-00359-maximum,family-00359,0.9900957345962524,0.05556115805751705,0.0,3,0.5180015151352324,14.021223068237305,44,maximum
5.864991664886475,0.3600596785545349,False,False,family-00359-minimum,family-00359,0.9798251986503601,0.09871863145793017,1.0,0,0.5222713675670957,11.229778289794922,44,minimum
6.926307678222656,0.12968897819519043,False,False,family-00359-minimum,family-00359,0.9655628204345703,0.1498430136647928,1.0,1,0.7042087730460737,9.835588455200195,44,minimum
3.231335401535034,0.025483310222625732,False,False,family-00359-minimum,family-00359,0.816329300403595,0.4769141387452597,1.0,2,0.3186472752339564,10.140790939331055,44,minimum
11.914810180664062,0.5264542102813721,False,False,family-00359-minimum,family-00359,0.9567807912826538,0.17804336316116415,1.0,3,1.1867527988740387,10.039841651916504,44,minimum
8.71967601776123,-0.008342467248439789,False,False,family-00359-sum_mod_10,family-00359,0.9815162420272827,0.09207801456333566,0.5,0,0.7662428181834485,11.379781723022461,44,sum_mod_10
7.892531871795654,-0.004028906114399433,False,False,family-00359-sum_mod_10,family-00359,0.98093581199646,0.09437441119637276,0.5,1,0.6155589695757987,12.821731567382812,44,sum_mod_10
4.867459297180176,0.003023160621523857,False,False,family-00359-sum_mod_10,family-00359,0.9697684645652771,0.13554608937765,0.5,2,0.2820363975472967,17.25826644897461,44,sum_mod_10
13.71259880065918,-0.007799962535500526,False,True,family-00359-sum_mod_10,family-00359,0.9979277849197388,0.014874567757246793,0.5,3,0.7086420738769375,19.350528717041016,44,sum_mod_10
6.613498210906982,0.2576372027397156,False,False,family-00360-maximum,family-00360,0.9815162420272827,0.09207801456333566,1.0,0,0.5811621322689521,11.379781723022461,44,maximum
3.8707499504089355,0.02719944715499878,False,False,family-00360-maximum,family-00360,0.8917606472969055,0.3428183727577202,1.0,1,0.37186022302952654,10.40915298461914,44,maximum
8.213909149169922,0.023659706115722656,False,False,family-00360-maximum,family-00360,0.9842532277107239,0.08098887525239236,1.0,2,0.7855698050483683,10.455988883972168,44,maximum
11.918222427368164,0.33257925510406494,False,False,family-00360-maximum,family-00360,0.9837252497673035,0.0831632991857085,1.0,3,0.9350403415632577,12.746212005615234,44,maximum
4.852534770965576,0.33802884817123413,False,False,family-00360-minimum,family-00360,0.9768949747085571,0.10988894692276069,0.5,0,0.49634926238517,9.77645206451416,44,minimum
7.61545991897583,0.5223511457443237,False,False,family-00360-minimum,family-00360,0.9571813344955444,0.1768008193184457,0.5,1,0.9092621579857515,8.375428199768066,44,minimum
4.039455890655518,-0.014523029327392578,False,False,family-00360-minimum,family-00360,0.8779177665710449,0.3710532687500272,0.5,2,0.34539687631694654,11.695114135742188,44,minimum
8.709643363952637,0.15234899520874023,False,False,family-00360-minimum,family-00360,0.9822139143943787,0.08929313245144568,0.5,3,0.7011917396447469,12.4212007522583,44,minimum
4.29599666595459,-0.0758679211139679,False,False,family-00360-sum_mod_10,family-00360,0.9683666825294495,0.1403746885350306,0.0,0,0.41740782297459617,10.292084693908691,44,sum_mod_10
6.886739730834961,0.0508420467376709,False,False,family-00360-sum_mod_10,family-00360,0.958810567855835,0.1717059783283825,0.0,1,0.7309794535745695,9.421249389648438,44,sum_mod_10
4.741306781768799,0.16755248606204987,False,False,family-00360-sum_mod_10,family-00360,0.9314472079277039,0.249879279899684,0.0,2,0.40740522065888973,11.637815475463867,44,sum_mod_10
6.067307949066162,0.027298778295516968,False,True,family-00360-sum_mod_10,family-00360,0.9909121990203857,0.051766518906851196,0.0,3,0.4677827881692606,12.970353126525879,44,sum_mod_10
8.688722610473633,0.12523341178894043,True,False,family-00361-maximum,family-00361,0.9763849973678589,0.11179274954843188,0.5,0,0.8806545395564881,9.866209983825684,44,maximum
6.506601810455322,0.02205878496170044,True,False,family-00361-maximum,family-00361,0.8886365294456482,0.34935654035929803,0.5,1,0.6372898547705808,10.209799766540527,44,maximum
9.29769229888916,0.09668982028961182,True,False,family-00361-maximum,family-00361,0.9917934536933899,0.04758737039108275,0.5,2,0.6988328196503075,13.304601669311523,44,maximum
9.456902503967285,0.08600419759750366,True,False,family-00361-maximum,family-00361,0.9815706610679626,0.09186176921823792,0.5,3,0.5955579458878028,15.879063606262207,44,maximum
5.390442848205566,0.6943169832229614,True,False,family-00361-minimum,family-00361,0.9803701639175415,0.0965949850673804,0.0,0,0.543856430013336,9.911518096923828,44,minimum
7.924673557281494,0.6185267567634583,True,False,family-00361-minimum,family-00361,0.9722230434417725,0.12692762560758009,0.0,1,0.834663062553054,9.494458198547363,44,minimum
4.04444694519043,0.03358834981918335,True,False,family-00361-minimum,family-00361,0.9152590036392212,0.2901985074876253,0.0,2,0.3428440279603686,11.796754837036133,44,minimum
8.110661506652832,0.18477314710617065,True,False,family-00361-minimum,family-00361,0.9808469414710999,0.09472441202279462,0.0,3,0.6549953004724789,12.38277816772461,44,minimum
5.6406049728393555,-0.05044874548912048,True,False,family-00361-sum_mod_10,family-00361,0.9676731824874878,0.14273963424558253,1.0,0,0.5888771315746347,9.578577041625977,44,sum_mod_10
8.333897590637207,-0.11109818518161774,True,False,family-00361-sum_mod_10,family-00361,0.9763269424438477,0.11200875548175675,1.0,1,0.8676639307435644,9.60498332977295,44,sum_mod_10
5.073376178741455,0.06068692356348038,True,False,family-00361-sum_mod_10,family-00361,0.9620140790939331,0.1614896050781619,1.0,2,0.38369518139765685,13.222413063049316,44,sum_mod_10
11.650968551635742,-0.03319455683231354,True,True,family-00361-sum_mod_10,family-00361,0.9928731918334961,0.042335520429544735,1.0,3,0.8425677720461396,13.827930450439453,44,sum_mod_10
7.827419281005859,0.3840619921684265,True,False,family-00362-maximum,family-00362,0.9794909358024597,0.10001374303591169,0.0,0,0.830769103077633,9.421895027160645,44,maximum
4.41182279586792,-0.005575060844421387,True,False,family-00362-maximum,family-00362,0.9098889827728271,0.30279460121675666,0.0,1,0.41724516524369004,10.573694229125977,44,maximum
6.346367835998535,0.08363664150238037,True,False,family-00362-maximum,family-00362,0.9851529598236084,0.07724164061187877,0.0,2,0.5624219920541765,11.28399658203125,44,maximum
10.652482986450195,0.2532329559326172,True,False,family-00362-maximum,family-00362,0.9835936427116394,0.08370257653018168,0.0,3,0.8440459632049835,12.62073802947998,44,maximum
6.009925365447998,0.33956432342529297,True,False,family-00362-minimum,family-00362,0.9757347106933594,0.1142040111322595,1.0,0,0.6307890058161567,9.527631759643555,44,minimum
5.151736736297607,-0.19112670421600342,True,False,family-00362-minimum,family-00362,0.971245527267456,0.13038557208481547,1.0,1,0.5030210197531653,10.241593360900879,44,minimum
4.61865234375,0.25376105308532715,True,False,family-00362-minimum,family-00362,0.9195839762687683,0.2797842721649458,1.0,2,0.4264215760684471,10.831188201904297,44,minimum
6.039099216461182,0.17697754502296448,True,False,family-00362-minimum,family-00362,0.9788303971290588,0.10255674780419949,1.0,3,0.504834286406726,11.96253776550293,44,minimum
7.568028450012207,-0.0765577107667923,True,False,family-00362-sum_mod_10,family-00362,0.9732781052589417,0.1231556132485116,0.5,0,0.8046916915498912,9.404879570007324,44,sum_mod_10
7.485848903656006,0.0012078732252120972,True,False,family-00362-sum_mod_10,family-00362,0.9745904803276062,0.11840372772597145,0.5,1,0.6788638009803095,11.027026176452637,44,sum_mod_10
6.2951741218566895,0.006183449178934097,True,False,family-00362-sum_mod_10,family-00362,0.9924631118774414,0.04434831553836271,0.5,2,0.4484644554045456,14.037175178527832,44,sum_mod_10
8.698492050170898,-0.03963452950119972,True,True,family-00362-sum_mod_10,family-00362,0.9985213875770569,0.01111312013165771,0.5,3,0.509897946953346,17.059280395507812,44,sum_mod_10
6.602731227874756,0.2986711263656616,False,False,family-00363-maximum,family-00363,0.9815162420272827,0.09207801456333566,1.0,0,0.580215982044432,11.379781723022461,44,maximum
4.922961711883545,0.17510199546813965,False,False,family-00363-maximum,family-00363,0.9065361022949219,0.31047959708563705,1.0,1,0.4558259562535608,10.800090789794922,44,maximum
7.58415412902832,0.4324486553668976,False,False,family-00363-maximum,family-00363,0.9879403114318848,0.06526501671196762,1.0,2,0.644606137575264,11.765563011169434,44,maximum
6.238745212554932,0.21989738941192627,False,False,family-00363-maximum,family-00363,0.9807406067848206,0.09514264006147496,1.0,3,0.5283950406877521,11.806971549987793,44,maximum
5.058872222900391,0.5845524072647095,False,False,family-00363-minimum,family-00363,0.9768949747085571,0.10988894692276069,0.5,0,0.5174548179152547,9.77645206451416,44,minimum
9.589409828186035,0.7696769833564758,False,False,family-00363-minimum,family-00363,0.9659707546234131,0.14848062280212487,0.5,1,1.151385679693389,8.328581809997559,44,minimum
4.948692798614502,0.11096847057342529,False,False,family-00363-minimum,family-00363,0.8930925726890564,0.340000315296894,0.5,2,0.4248224169146942,11.648850440979004,44,minimum
5.5585784912109375,0.021572649478912354,False,False,family-00363-minimum,family-00363,0.9756645560264587,0.11446306872376547,0.5,3,0.43733642349014396,12.710074424743652,44,minimum
5.914320945739746,-0.11917895078659058,True,False,family-00363-sum_mod_10,family-00363,0.9803701639175415,0.0965949850673804,0.0,0,0.5967119151581164,9.911518096923828,44,sum_mod_10
5.978240013122559,0.021605491638183594,True,False,family-00363-sum_mod_10,family-00363,0.9430590271949768,0.21846618857566344,0.0,1,0.6170421318660226,9.688544273376465,44,sum_mod_10
6.448911666870117,-0.00983365997672081,True,False,family-00363-sum_mod_10,family-00363,0.9793410897254944,0.1005925153027622,0.0,2,0.5889706456814329,10.949461936950684,44,sum_mod_10
8.365917205810547,-0.03763170912861824,True,True,family-00363-sum_mod_10,family-00363,0.9911391139030457,0.05069902115173179,0.0,3,0.6586302805652524,12.701992988586426,44,sum_mod_10
7.005864143371582,0.5143622159957886,True,False,family-00364-maximum,family-00364,0.9757347106933594,0.1142040111322595,0.5,0,0.735320625325436,9.527631759643555,44,maximum
6.418802261352539,0.19500482082366943,True,False,family-00364-maximum,family-00364,0.9166752696037292,0.2868153536295984,0.5,1,0.7493648782162747,8.565656661987305,44,maximum
6.163516521453857,0.15438467264175415,True,False,family-00364-maximum,family-00364,0.9831390976905823,0.08555693218316146,0.5,2,0.6326711523634585,9.742053985595703,44,maximum
7.426202774047852,0.1852642297744751,True,False,family-00364-maximum,family-00364,0.9939873218536377,0.036742710329752376,0.5,3,0.6376552899933916,11.646108627319336,44,maximum
5.356701850891113,0.1526826024055481,False,False,family-00364-minimum,family-00364,0.9681898355484009,0.14097924321437244,0.0,0,0.5358026825290487,9.997527122497559,44,minimum
10.79495620727539,0.8297147154808044,False,False,family-00364-minimum,family-00364,0.9694128036499023,0.13677743334703316,0.0,1,1.2866386287169227,8.390045166015625,44,minimum
5.182187080383301,0.02433544397354126,False,False,family-00364-minimum,family-00364,0.9287179708480835,0.2569426050374482,0.0,2,0.3878518297728434,13.361254692077637,44,minimum
6.576029300689697,0.02367401123046875,False,False,family-00364-minimum,family-00364,0.9785410761833191,0.10366393328462584,0.0,3,0.42841195543251426,15.349780082702637,44,minimum
6.982941150665283,-0.007809676229953766,False,False,family-00364-sum_mod_10,family-00364,0.9726890921592712,0.12526660255310906,1.0,0,0.6985663263329884,9.996103286743164,44,sum_mod_10
9.266386985778809,-0.008760966360569,False,False,family-00364-sum_mod_10,family-00364,0.979965090751648,0.09817494273060984,1.0,1,0.9355484715909977,9.904764175415039,44,sum_mod_10
5.993178844451904,-0.02787020057439804,False,False,family-00364-sum_mod_10,family-00364,0.9859752058982849,0.07376877743624904,1.0,2,0.40550269097147723,14.779627799987793,44,sum_mod_10
10.469948768615723,0.03504697233438492,False,True,family-00364-sum_mod_10,family-00364,0.995763897895813,0.027373652399197174,1.0,3,0.5648833355321097,18.534709930419922,44,sum_mod_10
8.57613468170166,0.6326197385787964,False,False,family-00365-maximum,family-00365,0.9726890921592712,0.12526660255310906,0.0,0,0.8579477858212343,9.996103286743164,44,maximum
5.708404064178467,0.05948686599731445,False,False,family-00365-maximum,family-00365,0.9207704067230225,0.2768837272076843,0.0,1,0.5177215787661426,11.02601146697998,44,maximum
10.528214454650879,0.502792477607727,False,False,family-00365-maximum,family-00365,0.992360532283783,0.044848242755990975,0.0,2,0.8271262214846435,12.728667259216309,44,maximum
6.68343448638916,0.05876582860946655,False,False,family-00365-maximum,family-00365,0.9898198246955872,0.0568278315806665,0.0,3,0.42491226291645934,15.728975296020508,44,maximum
5.347757339477539,0.22198927402496338,False,False,family-00365-minimum,family-00365,0.9798251986503601,0.09871863145793017,1.0,0,0.476212192393622,11.229778289794922,44,minimum
7.234824180603027,0.15071147680282593,False,False,family-00365-minimum,family-00365,0.9731911420822144,0.12346811685920737,1.0,1,0.783389557260838,9.235282897949219,44,minimum
4.247178077697754,0.002409219741821289,False,False,family-00365-minimum,family-00365,0.88514244556427,0.35655223634166633,1.0,2,0.47195763551130987,8.999066352844238,44,minimum
12.745720863342285,0.424991250038147,False,False,family-00365-minimum,family-00365,0.976841151714325,0.11009041379718204,1.0,3,1.3663223545201268,9.328487396240234,44,minimum
7.388253688812256,-0.006127483211457729,True,False,family-00365-sum_mod_10,family-00365,0.9805988073348999,0.09569942474854568,0.5,0,0.7133514846124495,10.357101440429688,44,sum_mod_10
8.568331718444824,-0.002982701174914837,True,False,family-00365-sum_mod_10,family-00365,0.990712583065033,0.05270085914274121,0.5,1,0.7349042564103487,11.659112930297852,44,sum_mod_10
7.461623191833496,0.0009430865757167339,True,False,family-00365-sum_mod_10,family-00365,0.9903485774993896,0.05439357044758675,0.5,2,0.4396939235183071,16.97003936767578,44,sum_mod_10
12.709898948669434,-0.004155983217060566,True,True,family-00365-sum_mod_10,family-00365,0.99955815076828,0.003854834478822498,0.5,3,0.6004225075200951,21.168258666992188,44,sum_mod_10
7.221887111663818,0.14057335257530212,True,False,family-00366-maximum,family-00366,0.9794909358024597,0.10001374303591169,1.0,0,0.766500485395472,9.421895027160645,44,maximum
5.4722113609313965,-0.01168900728225708,True,False,family-00366-maximum,family-00366,0.9291288256645203,0.2558865974461074,1.0,1,0.6729575994325512,8.131584167480469,44,maximum
6.726930141448975,0.40311816334724426,True,False,family-00366-maximum,family-00366,0.9756699204444885,0.11444326705863511,1.0,2,0.6747488380315239,9.969532012939453,44,maximum
7.309539318084717,0.3063265085220337,True,False,family-00366-maximum,family-00366,0.9938837885856628,0.0372706514686544,1.0,3,0.5815115750628391,12.569894790649414,44,maximum
5.740730285644531,0.27191227674484253,True,False,family-00366-minimum,family-00366,0.9732781052589417,0.1231556132485116,0.5,0,0.6103991276987782,9.404879570007324,44,minimum
10.039982795715332,0.793597936630249,True,False,family-00366-minimum,family-00366,0.9767104983329773,0.11057893524727581,0.5,1,1.115179758203829,9.00301742553711,44,minimum
5.304807186126709,-0.010128200054168701,True,False,family-00366-minimum,family-00366,0.9245072603225708,0.2676206295854077,0.5,2,0.3991747603854271,13.289435386657715,44,minimum
5.973025321960449,0.002621173858642578,True,False,family-00366-minimum,family-00366,0.9847901463508606,0.07875917768514654,0.5,3,0.39160262578554417,15.252771377563477,44,minimum
5.583926677703857,-0.012992128729820251,False,False,family-00366-sum_mod_10,family-00366,0.9829645752906799,0.0862655815726592,0.0,0,0.5923940151644379,9.426034927368164,44,sum_mod_10
9.243400573730469,-0.009205251932144165,False,False,family-00366-sum_mod_10,family-00366,0.9749845266342163,0.11696353185665662,0.0,1,1.0219194174756259,9.045136451721191,44,sum_mod_10
7.145702362060547,0.022253379225730896,False,False,family-00366-sum_mod_10,family-00366,0.9788570404052734,0.10245458588761534,0.0,2,0.5107554796821853,13.990456581115723,44,sum_mod_10
7.288210391998291,0.02029595896601677,False,True,family-00366-sum_mod_10,family-00366,0.9957095384597778,0.02767009888809433,0.0,3,0.40101160126166147,18.174562454223633,44,sum_mod_10
6.849372863769531,0.46399566531181335,False,False,family-00367-maximum,family-00367,0.9681077599525452,0.1412594748192077,0.5,0,0.7231574386685528,9.471482276916504,44,maximum
7.738380432128906,0.0067841410636901855,False,False,family-00367-maximum,family-00367,0.940493106842041,0.22560856043659874,0.5,1,0.9162604763893221,8.445611953735352,44,maximum
8.356477737426758,0.2612900137901306,False,False,family-00367-maximum,family-00367,0.9901295304298401,0.05540547547967148,0.5,2,0.6916732736510306,12.081539154052734,44,maximum
9.175276756286621,0.20020759105682373,False,False,family-00367-maximum,family-00367,0.9944250583648682,0.034490384182434705,0.5,3,0.6237198264782429,14.71057415008545,44,maximum
5.465639591217041,0.1247674822807312,False,False,family-00367-minimum,family-00367,0.9780574440956116,0.1055058412282574,0.0,0,0.5656106290778421,9.663254737854004,44,minimum
11.915045738220215,0.833081841468811,False,False,family-00367-minimum,family-00367,0.9812924265861511,0.09296568049007958,0.0,1,1.3425317090636193,8.875057220458984,44,minimum
5.8012213706970215,0.0418093204498291,False,False,family-00367-minimum,family-00367,0.8986852169036865,0.327962280652948,0.0,2,0.38801278198759565,14.951108932495117,44,minimum
5.9820170402526855,0.015953898429870605,False,False,family-00367-minimum,family-00367,0.9755592942237854,0.11485137650198918,0.0,3,0.34873352666772595,17.153547286987305,44,minimum
6.659115314483643,0.16138973832130432,False,False,family-00367-sum_mod_10,family-00367,0.9726890921592712,0.12526660255310906,1.0,0,0.6661711192315273,9.996103286743164,44,sum_mod_10
9.209935188293457,0.46346598863601685,False,False,family-00367-sum_mod_10,family-00367,0.9754549264907837,0.11523592727816404,1.0,1,0.9899626190412244,9.303316116333008,44,sum_mod_10
5.536015033721924,0.027866274118423462,False,False,family-00367-sum_mod_10,family-00367,0.9797102212905884,0.09916474786956189,1.0,2,0.39475155218047175,14.024048805236816,44,sum_mod_10
9.620962142944336,-0.3029165267944336,False,True,family-00367-sum_mod_10,family-00367,0.9932725429534912,0.04035254380524982,1.0,3,0.5672628966810292,16.960323333740234,44,sum_mod_10
8.021073341369629,0.4305223524570465,True,False,family-00368-maximum,family-00368,0.9805988073348999,0.09569942474854568,0.0,0,0.774451557465566,10.357101440429688,44,maximum
4.399205207824707,0.04041963815689087,True,False,family-00368-maximum,family-00368,0.940427303314209,0.2257901600428859,0.0,1,0.38301268651926657,11.485795021057129,44,maximum
8.104937553405762,0.32630231976509094,True,False,family-00368-maximum,family-00368,0.9927933216094971,0.04272936981452686,0.0,2,0.6508689837370885,12.452486991882324,44,maximum
8.822731971740723,0.18964934349060059,True,False,family-00368-maximum,family-00368,0.995899498462677,0.026631088284305614,0.0,3,0.563728156101789,15.65068531036377,44,maximum
5.585601329803467,0.41474649310112,False,False,family-00368-minimum,family-00368,0.9798251986503601,0.09871863145793017,1.0,0,0.49739195072794895,11.229778289794922,44,minimum
6.398232936859131,0.4701072573661804,False,False,family-00368-minimum,family-00368,0.9721627831459045,0.12714180658039756,1.0,1,0.6724007191615008,9.51550579071045,44,minimum
4.895852565765381,0.27553093433380127,False,False,family-00368-minimum,family-00368,0.9106243848800659,0.3010908393764205,1.0,2,0.5927987005173866,8.258878707885742,44,minimum
7.070123195648193,0.09251296520233154,False,False,family-00368-minimum,family-00368,0.9565741419792175,0.1786829002588013,1.0,3,0.7833373943055378,9.025642395019531,44,minimum
7.947354793548584,0.03965294361114502,False,False,family-00368-sum_mod_10,family-00368,0.9780574440956116,0.1055058412282574,0.5,0,0.8224304345839398,9.663254737854004,44,sum_mod_10
8.677225112915039,0.018066726624965668,False,False,family-00368-sum_mod_10,family-00368,0.9856998324394226,0.0749371625222723,0.5,1,0.759531805993843,11.424439430236816,44,sum_mod_10
6.661226272583008,-0.0007894337177276611,False,False,family-00368-sum_mod_10,family-00368,0.9877933859825134,0.06591143176245066,0.5,2,0.37506533624687977,17.760175704956055,44,sum_mod_10
11.859705924987793,0.03789728879928589,False,True,family-00368-sum_mod_10,family-00368,0.999142050743103,0.0069155313038066,0.5,3,0.6073614882760673,19.526601791381836,44,sum_mod_10
8.02271842956543,0.5974577069282532,False,False,family-00369-maximum,family-00369,0.9815162420272827,0.09207801456333566,1.0,0,0.7049975671620002,11.379781723022461,44,maximum
3.39141845703125,0.04203301668167114,False,False,family-00369-maximum,family-00369,0.8655518889427185,0.39475574602978425,1.0,1,0.2907005117521185,11.666365623474121,44,maximum
9.15372371673584,0.022272467613220215,False,False,family-00369-maximum,family-00369,0.9860076308250427,0.07363084251900762,1.0,2,0.7676888254371969,11.923742294311523,44,maximum
7.964034557342529,0.13122648000717163,False,False,family-00369-maximum,family-00369,0.9745984077453613,0.11837481600894605,1.0,3,0.5009759885460974,15.897038459777832,44,maximum
6.2937541007995605,0.30777615308761597,True,False,family-00369-minimum,family-00369,0.9730870723724365,0.12384171215580603,0.5,0,0.7188793812618243,8.754951477050781,44,minimum
6.538859844207764,0.05880284309387207,True,False,family-00369-minimum,family-00369,0.9630169868469238,0.15823451416709744,0.5,1,0.7470551401793806,8.752847671508789,44,minimum
4.9195427894592285,-0.005515992641448975,True,False,family-00369-minimum,family-00369,0.8905485272407532,0.34536696954839075,0.5,2,0.42603391496276294,11.547303199768066,44,minimum
9.786540031433105,0.2620677947998047,True,False,family-00369-minimum,family-00369,0.9867590069770813,0.07041279138739771,0.5,3,0.7457954246574765,13.122284889221191,44,minimum
4.835671424865723,-0.009049570187926292,False,False,family-00369-sum_mod_10,family-00369,0.9683666825294495,0.1403746885350306,0.0,0,0.46984372638593674,10.292084693908691,44,sum_mod_10
4.847490310668945,-0.004667971283197403,False,False,family-00369-sum_mod_10,family-00369,0.9359347224235535,0.2380097623776391,0.0,1,0.5090816111096199,9.522029876708984,44,sum_mod_10
4.170314788818359,-0.0011690529063344002,False,False,family-00369-sum_mod_10,family-00369,0.9470112919807434,0.2072230101847818,0.0,2,0.3812609910589343,10.938215255737305,44,sum_mod_10
7.282834529876709,-0.00020021013915538788,False,True,family-00369-sum_mod_10,family-00369,0.9863244891166687,0.07227889639612395,0.0,3,0.623177670138455,11.686610221862793,44,sum_mod_10
5.9338483810424805,0.2810526490211487,True,False,family-00370-maximum,family-00370,0.9805988073348999,0.09569942474854568,0.5,0,0.5729255830090916,10.357101440429688,44,maximum
7.326676368713379,0.12120062112808228,True,False,family-00370-maximum,family-00370,0.9601325392723083,0.16752270181709675,0.5,1,0.758052718498304,9.665127754211426,44,maximum
6.460869789123535,0.23281583189964294,True,False,family-00370-maximum,family-00370,0.9936003684997559,0.03870694371065248,0.5,2,0.47329692343966956,13.650774955749512,44,maximum
7.4887495040893555,0.36098286509513855,True,False,family-00370-maximum,family-00370,0.9901818633079529,0.05516417012501536,0.5,3,0.5391795815333268,13.889156341552734,44,maximum
6.678485870361328,0.10287356376647949,False,False,family-00370-minimum,family-00370,0.9726890921592712,0.12526660255310906,0.0,0,0.6681089299285591,9.996103286743164,44,minimum
10.339173316955566,0.34737199544906616,False,False,family-00370-minimum,family-00370,0.9761613011360168,0.1126242594833842,0.0,1,1.1226453916425565,9.209651947021484,44,minimum
4.700134754180908,0.003026604652404785,False,False,family-00370-minimum,family-00370,0.9593685269355774,0.16994583693989773,0.0,2,0.323431624061753,14.532081604003906,44,minimum
4.990548133850098,0.033702313899993896,False,False,family-00370-minimum,family-00370,0.9724730253219604,0.12603768501740895,0.0,3,0.29297943656243786,17.033782958984375,44,minimum
6.666993618011475,0.002807343378663063,False,False,family-00370-sum_mod_10,family-00370,0.9780574440956116,0.1055058412282574,1.0,0,0.689932512271954,9.663254737854004,44,sum_mod_10
9.911158561706543,0.00012701377272605896,False,False,family-00370-sum_mod_10,family-00370,0.9788112044334412,0.10263031972254491,1.0,1,1.0192699696472896,9.72378158569336,44,sum_mod_10
5.625900745391846,-0.013467449694871902,False,False,family-00370-sum_mod_10,family-00370,0.9863921403884888,0.07198928870800118,1.0,2,0.3952427698931578,14.234038352966309,44,sum_mod_10
10.556660652160645,0.022857651114463806,False,True,family-00370-sum_mod_10,family-00370,0.9962530136108398,0.02467363391869675,1.0,3,0.6037141407971378,17.486190795898438,44,sum_mod_10
7.766351699829102,0.6287232637405396,False,False,family-00371-maximum,family-00371,0.9780574440956116,0.1055058412282574,0.0,0,0.8036993653293505,9.663254737854004,44,maximum
5.080324649810791,0.05660080909729004,False,False,family-00371-maximum,family-00371,0.9271180033683777,0.2610307766942649,0.0,1,0.5049402491418462,10.061239242553711,44,maximum
7.202563762664795,0.23246997594833374,False,False,family-00371-maximum,family-00371,0.9895849823951721,0.057900007731621565,0.0,2,0.653587209745088,11.020050048828125,44,maximum
7.152952671051025,0.19715029001235962,False,False,family-00371-maximum,family-00371,0.9919037222862244,0.04705792821155219,0.0,3,0.5676719960552761,12.600502967834473,44,maximum
6.277341365814209,0.6150742769241333,True,False,family-00371-minimum,family-00371,0.9763849973678589,0.11179274954843188,1.0,0,0.6362464792564785,9.866209983825684,44,minimum
10.972124099731445,0.7683060765266418,True,False,family-00371-minimum,family-00371,0.9734768867492676,0.12244019520078128,1.0,1,1.264703457527791,8.675649642944336,44,minimum
4.660812854766846,0.12238866090774536,True,False,family-00371-minimum,family-00371,0.8558012843132019,0.4125127639330366,1.0,2,0.36871590547469446,12.640661239624023,44,minimum
4.3931427001953125,0.060893714427948,True,False,family-00371-minimum,family-00371,0.9574767351150513,0.17588193716314923,1.0,3,0.31876314024745306,13.781840324401855,44,minimum
8.560495376586914,-0.0005641523748636246,False,False,family-00371-sum_mod_10,family-00371,0.9815162420272827,0.09207801456333566,0.5,0,0.7522547958251393,11.379781723022461,44,sum_mod_10
9.029876708984375,-0.0035881903022527695,False,False,family-00371-sum_mod_10,family-00371,0.9827895164489746,0.08697458186880586,0.5,1,0.6919610502827803,13.049689292907715,44,sum_mod_10
5.710587978363037,0.0036566033959388733,False,False,family-00371-sum_mod_10,family-00371,0.9782510995864868,0.10476962787278075,0.5,2,0.3464489074567233,16.483203887939453,44,sum_mod_10
8.753990173339844,0.001845136284828186,False,True,family-00371-sum_mod_10,family-00371,0.9979540109634399,0.014712400830349677,0.5,3,0.4659707041077521,18.78656768798828,44,sum_mod_10
7.135168075561523,0.1661972850561142,True,False,family-00372-maximum,family-00372,0.9732781052589417,0.1231556132485116,1.0,0,0.7586666073126513,9.404879570007324,44,maximum
4.438166618347168,0.32758742570877075,True,False,family-00372-maximum,family-00372,0.8799549341201782,0.36701477227594176,1.0,1,0.5257583763401246,8.44145679473877,44,maximum
5.508013725280762,0.28908059000968933,True,False,family-00372-maximum,family-00372,0.9769694805145264,0.10960984957375093,1.0,2,0.645759145924567,8.52951717376709,44,maximum
6.938210487365723,0.2580725848674774,True,False,family-00372-maximum,family-00372,0.9850576519966125,0.07764114673844535,1.0,3,0.7762847994813415,8.937712669372559,44,maximum
5.229356288909912,0.01636064052581787,False,False,family-00372-minimum,family-00372,0.9768949747085571,0.10988894692276069,0.5,0,0.5348930526536351,9.77645206451416,44,minimum
6.998776435852051,0.017003178596496582,False,False,family-00372-minimum,family-00372,0.9508605599403381,0.19597353897088857,0.5,1,0.8278231409692619,8.454434394836426,44,minimum
4.22804594039917,-0.009482622146606445,False,False,family-00372-minimum,family-00372,0.8691069483757019,0.38808084161800444,0.5,2,0.3563669143337321,11.86430549621582,44,minimum
12.172152519226074,0.5506671667098999,False,False,family-00372-minimum,family-00372,0.9794784188270569,0.1000621318422799,0.5,3,0.9636076814244277,12.631855010986328,44,minimum
5.906635284423828,-0.06467671692371368,True,False,family-00372-sum_mod_10,family-00372,0.9794909358024597,0.10001374303591169,0.0,0,0.6269052316329866,9.421895027160645,44,sum_mod_10
7.831264972686768,-0.030886147171258926,True,False,family-00372-sum_mod_10,family-00372,0.963257372379303,0.15745013757983328,0.0,1,0.9492179047212158,8.250228881835938,44,sum_mod_10
5.018032550811768,-0.0002351030707359314,True,False,family-00372-sum_mod_10,family-00372,0.9279504418373108,0.25890854079533815,0.0,2,0.3982862330713031,12.599061012268066,44,sum_mod_10
7.848361492156982,0.020857861265540123,True,True,family-00372-sum_mod_10,family-00372,0.9915037751197815,0.04897116247277079,0.0,3,0.5405774841191966,14.518476486206055,44,sum_mod_10
5.2651262283325195,0.30917471647262573,True,False,family-00373-maximum,family-00373,0.9709507822990417,0.13142146106867747,0.5,0,0.5084077811861628,10.356108665466309,44,maximum
8.103259086608887,0.3894166052341461,True,False,family-00373-maximum,family-00373,0.9658347368240356,0.14893544550609517,0.5,1,0.8200757738443668,9.881110191345215,44,maximum
9.22964096069336,0.506844162940979,True,False,family-00373-maximum,family-00373,0.9934265613555908,0.03958146287826976,0.5,2,0.6533425378447321,14.126802444458008,44,maximum
6.717248439788818,0.11211776733398438,True,False,family-00373-maximum,family-00373,0.995318591594696,0.029782239737427232,0.5,3,0.3902546991769882,17.212472915649414,44,maximum
4.897500514984131,0.3022216558456421,True,False,family-00373-minimum,family-00373,0.9805988073348999,0.09569942474854568,0.0,0,0.47286400960276265,10.357101440429688,44,minimum
12.044090270996094,0.5001323223114014,True,False,family-00373-minimum,family-00373,0.984580397605896,0.07963246971049193,0.0,1,1.2796908916513712,9.411718368530273,44,minimum
5.1489481925964355,0.016967058181762695,True,False,family-00373-minimum,family-00373,0.9512670636177063,0.19476741538159065,0.0,2,0.3360873727252898,15.320266723632812,44,minimum
6.325884819030762,0.06687396764755249,True,False,family-00373-minimum,family-00373,0.9846228957176208,0.07945576354452065,0.0,3,0.3562638409203992,17.756179809570312,44,minimum
6.693402290344238,-0.057449303567409515,False,False,family-00373-sum_mod_10,family-00373,0.9780574440956116,0.1055058412282574,1.0,0,0.6926654084905864,9.663254737854004,44,sum_mod_10
10.542482376098633,0.061359673738479614,False,False,family-00373-sum_mod_10,family-00373,0.9831225275993347,0.08562429380463432,1.0,1,1.0539550412316063,10.002781867980957,44,sum_mod_10
6.218159198760986,-0.005289502441883087,False,False,family-00373-sum_mod_10,family-00373,0.9865217804908752,0.07143335943736849,1.0,2,0.40667240979167885,15.290339469909668,44,sum_mod_10
10.298785209655762,0.02797865867614746,False,True,family-00373-sum_mod_10,family-00373,0.9978477954864502,0.015367139959853705,1.0,3,0.5416354321428654,19.014238357543945,44,sum_mod_10
8.704288482666016,0.8362956643104553,False,False,family-00374-maximum,family-00374,0.9681898355484009,0.14097924321437244,0.0,0,0.8706441478991988,9.997527122497559,44,maximum
4.3039469718933105,0.02910757064819336,False,False,family-00374-maximum,family-00374,0.8697696328163147,0.3868243903113508,0.0,1,0.4155365670002304,10.357564926147461,44,maximum
7.65178918838501,0.1960155963897705,False,False,family-00374-maximum,family-00374,0.9860306978225708,0.07353266964527418,0.0,2,0.69303686245501,11.040955543518066,44,maximum
10.162612915039062,0.117606520652771,False,False,family-00374-maximum,family-00374,0.9756492376327515,0.1145196068075709,0.0,3,0.7452263130065037,13.636948585510254,44,maximum
5.732306480407715,0.39809679985046387,True,False,family-00374-minimum,family-00374,0.9732781052589417,0.1231556132485116,1.0,0,0.6095034431582042,9.404879570007324,44,minimum
7.595549583435059,0.3617079257965088,True,False,family-00374-minimum,family-00374,0.9629977345466614,0.15829726400008498,1.0,1,1.0164840052515822,7.47237491607666,44,minimum
4.545116901397705,-0.013983726501464844,True,False,family-00374-minimum,family-00374,0.8891937136650085,0.34819775976560824,1.0,2,0.48132586330161087,9.442910194396973,44,minimum
11.909839630126953,0.49926134943962097,True,False,family-00374-minimum,family-00374,0.9803615808486938,0.09662855050214975,1.0,3,1.169069156412731,10.187455177307129,44,minimum
6.7725629806518555,-0.027479540556669235,True,False,family-00374-sum_mod_10,family-00374,0.9805988073348999,0.09569942474854568,0.5,0,0.6539052474869727,10.357101440429688,44,sum_mod_10
8.470865249633789,-0.003997370600700378,True,False,family-00374-sum_mod_10,family-00374,0.9888560175895691,0.061194536227277455,0.5,1,0.7629619016647246,11.102605819702148,44,sum_mod_10
6.0633344650268555,0.019248535856604576,True,False,family-00374-sum_mod_10,family-00374,0.9902760982513428,0.0547289442199279,0.5,2,0.3784204526069953,16.02274513244629,44,sum_mod_10
14.299276351928711,-0.016678951680660248,True,True,family-00374-sum_mod_10,family-00374,0.9994381070137024,0.004767054100826387,0.5,3,0.7405106058239949,19.310022354125977,44,sum_mod_10
6.6721510887146,0.09135746210813522,True,False,family-00375-maximum,family-00375,0.9730870723724365,0.12384171215580603,1.0,0,0.7621002933259203,8.754951477050781,44,maximum
3.771083354949951,0.00141926109790802,True,False,family-00375-maximum,family-00375,0.9352249503135681,0.2399089314335882,1.0,1,0.5104191918057575,7.388208389282227,44,maximum
5.56997013092041,0.10136184841394424,True,False,family-00375-maximum,family-00375,0.9622441530227661,0.16074532337041555,1.0,2,0.6973992861150657,7.986773490905762,44,maximum
5.0917253494262695,0.021646514534950256,True,False,family-00375-maximum,family-00375,0.9766564965248108,0.1107806320814945,1.0,3,0.5002369047691548,10.178627967834473,44,maximum
6.277634143829346,0.7241751551628113,False,False,family-00375-minimum,family-00375,0.9798251986503601,0.09871863145793017,0.5,0,0.5590167483123113,11.229778289794922,44,minimum
8.04051399230957,0.7647925019264221,False,False,family-00375-minimum,family-00375,0.9781339764595032,0.10521510047631552,0.5,1,0.8188162768177435,9.819680213928223,44,minimum
3.951209545135498,0.005185961723327637,False,False,family-00375-minimum,family-00375,0.8390032649040222,0.44131900372993127,0.5,2,0.38195490156635725,10.344701766967773,44,minimum
9.606571197509766,0.3090330958366394,False,False,family-00375-minimum,family-00375,0.9691293239593506,0.13775581901904593,0.5,3,0.8736760384943334,10.995575904846191,44,minimum
5.787612438201904,-0.063943050801754,True,False,family-00375-sum_mod_10,family-00375,0.9803701639175415,0.0965949850673804,0.0,0,0.5839279494427969,9.911518096923828,44,sum_mod_10
5.923547267913818,0.00912647694349289,True,False,family-00375-sum_mod_10,family-00375,0.9433853626251221,0.2175491345349284,0.0,1,0.6164972064876583,9.608392715454102,44,sum_mod_10
5.699409484863281,0.008970760740339756,True,False,family-00375-sum_mod_10,family-00375,0.9773343205451965,0.10823958893385474,0.0,2,0.5398843148401915,10.556723594665527,44,sum_mod_10
7.637619495391846,-0.00447472371160984,True,True,family-00375-sum_mod_10,family-00375,0.9897510409355164,0.057142426159469836,0.0,3,0.6143745766339532,12.431535720825195,44,sum_mod_10
6.887484073638916,0.047426819801330566,False,False,family-00376-maximum,family-00376,0.9681077599525452,0.1412594748192077,0.5,0,0.7271812238328103,9.471482276916504,44,maximum
7.494301795959473,0.17263197898864746,False,False,family-00376-maximum,family-00376,0.9385941028594971,0.23081850218969452,0.5,1,0.8713959054174427,8.600340843200684,44,maximum
7.697640419006348,0.0653080940246582,False,False,family-00376-maximum,family-00376,0.990544319152832,0.05348508248214075,0.5,2,0.6341294426632371,12.138910293579102,44,maximum
11.167503356933594,0.19675874710083008,False,False,family-00376-maximum,family-00376,0.992150068283081,0.04586962507794759,0.5,3,0.7749334009223116,14.410920143127441,44,maximum
6.840686321258545,0.1187400221824646,False,False,family-00376-minimum,family-00376,0.9726890921592712,0.12526660255310906,0.0,0,0.684335297968626,9.996103286743164,44,minimum
10.208362579345703,0.6621859073638916,False,False,family-00376-minimum,family-00376,0.9765510559082031,0.11117408450486443,0.0,1,1.1097776711062637,9.198565483093262,44,minimum
4.742837429046631,0.007603824138641357,False,False,family-00376-minimum,family-00376,0.9439300298690796,0.21601408701181535,0.0,2,0.3315079889936072,14.306857109069824,44,minimum
4.721890449523926,0.02413862943649292,False,False,family-00376-minimum,family-00376,0.9738940596580505,0.12093379314810591,0.0,3,0.2824529037035262,16.717443466186523,44,minimum
6.688675880432129,-0.006861351430416107,False,False,family-00376-sum_mod_10,family-00376,0.9780574440956116,0.1055058412282574,1.0,0,0.692176296898237,9.663254737854004,44,sum_mod_10
10.188714981079102,-0.04144739732146263,False,False,family-00376-sum_mod_10,family-00376,0.9791593551635742,0.10129296662274659,1.0,1,1.038797024180454,9.808186531066895,44,sum_mod_10
5.760527610778809,0.0013240799307823181,False,False,family-00376-sum_mod_10,family-00376,0.9822857975959778,0.08900463261715032,1.0,2,0.40250158858944984,14.311813354492188,44,sum_mod_10
12.199843406677246,0.02743590995669365,False,True,family-00376-sum_mod_10,family-00376,0.9967607855796814,0.021802514405618086,1.0,3,0.6970078023690434,17.50316619873047,44,sum_mod_10
6.638242244720459,0.047276489436626434,False,False,family-00377-maximum,family-00377,0.9780574440956116,0.1055058412282574,0.0,0,0.6869571821092928,9.663254737854004,44,maximum
4.587703704833984,-0.03178708255290985,False,False,family-00377-maximum,family-00377,0.9465097188949585,0.20866666259274425,0.0,1,0.48874055651057224,9.386787414550781,44,maximum
6.764228343963623,0.015189796686172485,False,False,family-00377-maximum,family-00377,0.9856259226799011,0.07524983505081398,0.0,2,0.6477492363420106,10.442665100097656,44,maximum
6.974027633666992,0.06227938458323479,False,False,family-00377-maximum,family-00377,0.994171679019928,0.035798168047883924,0.0,3,0.5106572353428143,13.656964302062988,44,maximum
5.887711048126221,0.41569191217422485,False,False,family-00377-minimum,family-00377,0.9798251986503601,0.09871863145793017,1.0,0,0.5242945048591643,11.229778289794922,44,minimum
7.13964319229126,0.1950564980506897,False,False,family-00377-minimum,family-00377,0.9764519333839417,0.11154351813798194,1.0,1,0.706746657130671,10.10212516784668,44,minimum
4.200427055358887,0.005781650543212891,False,False,family-00377-minimum,family-00377,0.8435168266296387,0.4337918904994572,1.0,2,0.3945979321999611,10.644827842712402,44,minimum
12.091964721679688,0.4723854064941406,False,False,family-00377-minimum,family-00377,0.9735733866691589,0.12209233919211476,1.0,3,1.0681194741648714,11.32079792022705,44,minimum
7.737611293792725,-0.0028876056894659996,False,False,family-00377-sum_mod_10,family-00377,0.9681077599525452,0.1412594748192077,0.5,0,0.816937736625502,9.471482276916504,44,sum_mod_10
7.625385761260986,-0.005304678343236446,False,False,family-00377-sum_mod_10,family-00377,0.9779627919197083,0.10586504040041407,0.5,1,0.7552255552314774,10.096832275390625,44,sum_mod_10
6.816275119781494,0.0015440876595675945,False,False,family-00377-sum_mod_10,family-00377,0.9792965054512024,0.10076450503610514,0.5,2,0.4789582588805414,14.231459617614746,44,sum_mod_10
10.853854179382324,-0.0038942862302064896,False,True,family-00377-sum_mod_10,family-00377,0.9985175728797913,0.011137968614612286,0.5,3,0.598802772327862,18.125925064086914,44,sum_mod_10
6.561728000640869,0.48851001262664795,True,False,family-00378-maximum,family-00378,0.9763849973678589,0.11179274954843188,1.0,0,0.6650707831475242,9.866209983825684,44,maximum
4.679931640625,-0.048478543758392334,True,False,family-00378-maximum,family-00378,0.9372390508651733,0.23449774174405907,1.0,1,0.5892227624908025,7.9425506591796875,44,maximum
8.48752498626709,-0.06420296430587769,True,False,family-00378-maximum,family-00378,0.979121208190918,0.1014397887936173,1.0,2,0.9380049127184095,9.048486709594727,44,maximum
8.994004249572754,0.38352084159851074,True,False,family-00378-maximum,family-00378,0.9931499361991882,0.04096382290179114,1.0,3,0.6980664288778676,12.884166717529297,44,maximum
5.050072193145752,0.04103459417819977,False,False,family-00378-minimum,family-00378,0.9768949747085571,0.10988894692276069,0.5,0,0.516554692829327,9.77645206451416,44,minimum
4.0646748542785645,-0.054438814520835876,False,False,family-00378-minimum,family-00378,0.9608646631240845,0.16518639889469958,0.5,1,0.47968044641658336,8.473713874816895,44,minimum
6.621016025543213,-0.04039958119392395,False,False,family-00378-minimum,family-00378,0.9387261271476746,0.23045833684782857,0.5,2,0.7395599756527971,8.952642440795898,44,minimum
7.159225940704346,-0.011772394180297852,False,False,family-00378-minimum,family-00378,0.9931451082229614,0.04098784820987353,0.5,3,0.6338016366907264,11.29568862915039,44,minimum
6.066402435302734,-0.029683008790016174,True,False,family-00378-sum_mod_10,family-00378,0.9803701639175415,0.0965949850673804,0.0,0,0.6120558299929375,9.911518096923828,44,sum_mod_10
5.368415355682373,0.006322131492197514,True,False,family-00378-sum_mod_10,family-00378,0.936655580997467,0.23607232852216595,0.0,1,0.5628941012124961,9.5371675491333,44,sum_mod_10
6.730550289154053,-0.026368606835603714,True,False,family-00378-sum_mod_10,family-00378,0.9747066497802734,0.11797979722204435,0.0,2,0.6315741266907992,10.65678596496582,44,sum_mod_10
9.502204895019531,-0.04161614552140236,True,True,family-00378-sum_mod_10,family-00378,0.9938361048698425,0.037513207344077454,0.0,3,0.6891324282014817,13.78864860534668,44,sum_mod_10
7.960324287414551,0.2654252052307129,True,False,family-00379-maximum,family-00379,0.9757347106933594,0.1142040111322595,0.5,0,0.8354987354918889,9.527631759643555,44,maximum
7.355435848236084,0.02102792263031006,True,False,family-00379-maximum,family-00379,0.8791115283966064,0.36869147922907136,0.5,1,0.7756147761480109,9.483362197875977,44,maximum
7.228695392608643,0.10391968488693237,True,False,family-00379-maximum,family-00379,0.9921709299087524,0.04576863999772398,0.5,2,0.5761180465498221,12.547246932983398,44,maximum
10.925168991088867,0.3000473380088806,True,False,family-00379-maximum,family-00379,0.988684356212616,0.06196321862902454,0.5,3,0.796382895731399,13.718487739562988,44,maximum
5.254776954650879,0.15357919037342072,False,False,family-00379-minimum,family-00379,0.9681898355484009,0.14097924321437244,0.0,0,0.5256076718037593,9.997527122497559,44,minimum
4.462187767028809,-0.04081949591636658,False,False,family-00379-minimum,family-00379,0.9664720296859741,0.1467995595552533,0.0,1,0.5438860603524434,8.204269409179688,44,minimum
6.3577351570129395,-0.014908075332641602,False,False,family-00379-minimum,family-00379,0.9545234441757202,0.18497440465036946,0.0,2,0.8517100140214826,7.4646711349487305,44,minimum
8.392148971557617,0.2854519486427307,False,False,family-00379-minimum,family-00379,0.9896309971809387,0.05769035183095897,0.0,3,0.8041668825628194,10.435830116271973,44,minimum
6.593071460723877,-0.02397003211081028,False,False,family-00379-sum_mod_10,family-00379,0.9681898355484009,0.14097924321437244,1.0,0,0.6594702249806762,9.997527122497559,44,sum_mod_10
4.656815052032471,0.0009216992184519768,False,False,family-00379-sum_mod_10,family-00379,0.9270208477973938,0.2612777967325408,1.0,1,0.5529587561423354,8.421631813049316,44,sum_mod_10
7.387953758239746,-0.00026059430092573166,False,False,family-00379-sum_mod_10,family-00379,0.9810262322425842,0.09401787361034673,1.0,2,0.8616636510932423,8.574057579040527,44,sum_mod_10
12.017260551452637,0.0010538646019995213,False,True,family-00379-sum_mod_10,family-00379,0.9805313944816589,0.09596375453478534,1.0,3,1.0450213826563755,11.49953556060791,44,sum_mod_10
7.942074775695801,0.377679705619812,True,False,family-00380-maximum,family-00380,0.9794909358024597,0.10001374303591169,0.0,0,0.8429381512743517,9.421895027160645,44,maximum
4.202566623687744,-0.03738284111022949,True,False,family-00380-maximum,family-00380,0.9030559659004211,0.31831596987747274,0.0,1,0.3872118467369833,10.85340404510498,44,maximum
5.745008945465088,0.11429989337921143,True,False,family-00380-maximum,family-00380,0.987136721611023,0.06877891107074015,0.0,2,0.49168239950943404,11.6843900680542,44,maximum
10.828450202941895,0.3576914668083191,True,False,family-00380-maximum,family-00380,0.9895881414413452,0.05788562083465604,0.0,3,0.8186001400230546,13.228009223937988,44,maximum
6.628787040710449,0.022000275552272797,True,False,family-00380-minimum,family-00380,0.9763849973678589,0.11179274954843188,1.0,0,0.6718676220734657,9.866209983825684,44,minimum
4.994278907775879,-0.0012190863490104675,True,False,family-00380-minimum,family-00380,0.9782447218894958,0.1047939017275745,1.0,1,0.5541386857482915,9.012687683105469,44,minimum
4.304922103881836,0.0329572930932045,True,False,family-00380-minimum,family-00380,0.9417334794998169,0.22217090908230763,1.0,2,0.4987493804356209,8.631433486938477,44,minimum
5.889310359954834,0.053756602108478546,True,False,family-00380-minimum,family-00380,0.985241711139679,0.0768690593689283,1.0,3,0.6205695635204083,9.490169525146484,44,minimum
9.283900260925293,0.008353851735591888,False,False,family-00380-sum_mod_10,family-00380,0.9780574440956116,0.1055058412282574,0.5,0,0.9607425771937212,9.663254737854004,44,sum_mod_10
8.736661911010742,0.002877362072467804,False,False,family-00380-sum_mod_10,family-00380,0.9899114966392517,0.056407823456584794,0.5,1,0.6894669844272144,12.67161750793457,44,sum_mod_10
5.989366054534912,0.007934704422950745,False,False,family-00380-sum_mod_10,family-00380,0.9883334636688232,0.06352632720405821,0.5,2,0.31449100554408654,19.044633865356445,44,sum_mod_10
10.612913131713867,-0.01337297260761261,False,True,family-00380-sum_mod_10,family-00380,0.9993506073951721,0.005415381249213419,0.5,3,0.47062154485734203,22.550844192504883,44,sum_mod_10
6.570795059204102,0.38856959342956543,False,False,family-00381-maximum,family-00381,0.9749530553817749,0.11707878846180106,1.0,0,0.6202192666644403,10.59430980682373,44,maximum
4.975459575653076,0.026012897491455078,False,False,family-00381-maximum,family-00381,0.9142894148826599,0.2924997086146064,1.0,1,0.49553066205184926,10.040669441223145,44,maximum
6.503645420074463,0.04859668016433716,False,False,family-00381-maximum,family-00381,0.9880596995353699,0.06473842197716316,1.0,2,0.5858990814889656,11.100282669067383,44,maximum
11.392522811889648,0.19048112630844116,False,False,family-00381-maximum,family-00381,0.9870589971542358,0.0691160313775239,1.0,3,0.9517153249344028,11.970515251159668,44,maximum
5.107695579528809,0.31500571966171265,False,False,family-00381-minimum,family-00381,0.9768949747085571,0.10988894692276069,0.5,0,0.5224487928569038,9.77645206451416,44,minimum
9.02995777130127,0.7901584506034851,False,False,family-00381-minimum,family-00381,0.9569219946861267,0.1776057740389037,0.5,1,1.0656715248755246,8.473490715026855,44,minimum
5.356147289276123,0.09815794229507446,False,False,family-00381-minimum,family-00381,0.9071319103240967,0.3091237892486354,0.5,2,0.49494015768071314,10.821807861328125,44,minimum
5.781004428863525,0.052741408348083496,False,False,family-00381-minimum,family-00381,0.9807227253913879,0.09521291100348106,0.5,3,0.4789137472574433,12.071076393127441,44,minimum
5.198709011077881,0.015881314873695374,False,False,family-00381-sum_mod_10,family-00381,0.9780574440956116,0.1055058412282574,0.0,0,0.5379873709334086,9.663254737854004,44,sum_mod_10
9.593551635742188,-0.18779274821281433,False,False,family-00381-sum_mod_10,family-00381,0.9709571003913879,0.1313992883791833,0.0,1,1.1092773310214679,8.648469924926758,44,sum_mod_10
5.47179651260376,-0.013154517859220505,False,False,family-00381-sum_mod_10,family-00381,0.9490861296653748,0.20119733791463082,0.0,2,0.4484026928258079,12.202862739562988,44,sum_mod_10
7.294373989105225,0.0020141098648309708,False,True,family-00381-sum_mod_10,family-00381,0.9906069040298462,0.05319375068094976,0.0,3,0.4925718858070208,14.80875015258789,44,sum_mod_10
7.216490268707275,0.34558606147766113,False,False,family-00382-maximum,family-00382,0.9798251986503601,0.09871863145793017,0.5,0,0.6426209033232002,11.229778289794922,44,maximum
5.577615737915039,-0.13038688898086548,False,False,family-00382-maximum,family-00382,0.9048961400985718,0.3141898937665573,0.5,1,0.5848448727922897,9.536914825439453,44,maximum
8.514800071716309,0.061887264251708984,False,False,family-00382-maximum,family-00382,0.9778282642364502,0.10637484979773842,0.5,2,0.866292157616317,9.82901668548584,44,maximum
7.878647327423096,0.09304231405258179,False,False,family-00382-maximum,family-00382,0.9578136801719666,0.17483120823042997,0.5,3,0.5840904342661805,13.48874568939209,44,maximum
5.3515448570251465,0.5319033861160278,True,False,family-00382-minimum,family-00382,0.9803701639175415,0.0965949850673804,0.0,0,0.5399319059595996,9.911518096923828,44,minimum
6.256253719329834,0.5031492114067078,True,False,family-00382-minimum,family-00382,0.9701695442199707,0.13415232093013432,0.0,1,0.6631347669774093,9.434362411499023,44,minimum
5.261690139770508,0.00838238000869751,True,False,family-00382-minimum,family-00382,0.9539409875869751,0.18674351947083231,0.0,2,0.504327838570689,10.433074951171875,44,minimum
7.600419521331787,0.17956489324569702,True,False,family-00382-minimum,family-00382,0.9876608848571777,0.06649284943567388,0.0,3,0.5942216884326028,12.790545463562012,44,minimum
5.994305610656738,0.0018483474850654602,False,False,family-00382-sum_mod_10,family-00382,0.9681898355484009,0.14097924321437244,1.0,0,0.5995788295655311,9.997527122497559,44,sum_mod_10
4.87219762802124,0.06969153881072998,False,False,family-00382-sum_mod_10,family-00382,0.9315010905265808,0.24973867016473617,1.0,1,0.5883813651671638,8.280679702758789,44,sum_mod_10
7.551495552062988,0.03841637820005417,False,False,family-00382-sum_mod_10,family-00382,0.9771740436553955,0.10884228894958797,1.0,2,0.9264899768047461,8.150650024414062,44,sum_mod_10
11.067422866821289,-0.06924997270107269,False,True,family-00382-sum_mod_10,family-00382,0.9816638231277466,0.09149119016680982,1.0,3,0.9853954714566454,11.231452941894531,44,sum_mod_10
7.4308061599731445,0.454988569021225,False,False,family-00383-maximum,family-00383,0.9726890921592712,0.12526660255310906,0.0,0,0.7433702860821659,9.996103286743164,44,maximum
4.093832492828369,0.17056339979171753,False,False,family-00383-maximum,family-00383,0.9374089241027832,0.23403822605784302,0.0,1,0.4186302142821478,9.77911376953125,44,maximum
5.162597179412842,0.21792539954185486,False,False,family-00383-maximum,family-00383,0.9877820611000061,0.0659611822673703,0.0,2,0.500426298873458,10.316398620605469,44,maximum
6.848864555358887,0.36989524960517883,False,False,family-00383-maximum,family-00383,0.9859083294868469,0.07405302827220533,0.0,3,0.6112925723520484,11.203906059265137,44,maximum
5.2560625076293945,0.5046440362930298,True,False,family-00383-minimum,family-00383,0.9732781052589417,0.1231556132485116,1.0,0,0.5588654770648277,9.404879570007324,44,minimum
10.166604995727539,0.7634987235069275,True,False,family-00383-minimum,family-00383,0.9695062041282654,0.1364544838627516,1.0,1,1.1947494697826546,8.509403228759766,44,minimum
4.652866840362549,0.15989339351654053,True,False,family-00383-minimum,family-00383,0.8681356310844421,0.389915490374619,1.0,2,0.376736986648956,12.350438117980957,44,minimum
6.129043102264404,0.03845572471618652,True,False,family-00383-minimum,family-00383,0.9756903648376465,0.11436778959651633,1.0,3,0.47322441095714296,12.95166301727295,44,minimum
5.1555867195129395,-0.009040020406246185,True,False,family-00383-sum_mod_10,family-00383,0.9709507822990417,0.13142146106867747,0.5,0,0.49783049657492146,10.356108665466309,44,sum_mod_10
7.617366313934326,0.037296395748853683,True,False,family-00383-sum_mod_10,family-00383,0.972504198551178,0.12592654440044646,0.5,1,0.7417298395686568,10.269731521606445,44,sum_mod_10
4.804387092590332,0.044662415981292725,True,False,family-00383-sum_mod_10,family-00383,0.9784759283065796,0.10391269214266186,0.5,2,0.3493837022307505,13.751033782958984,44,sum_mod_10
7.68489408493042,-0.0200006365776062,True,True,family-00383-sum_mod_10,family-00383,0.9971398115158081,0.019607839939683423,0.5,3,0.47700484570232493,16.11072540283203,44,sum_mod_10
7.675025939941406,0.24353128671646118,False,False,family-00384-maximum,family-00384,0.9815162420272827,0.09207801456333566,1.0,0,0.6744440382730755,11.379781723022461,44,maximum
3.126241445541382,0.08680349588394165,False,False,family-00384-maximum,family-00384,0.8735401034355164,0.3796012780400673,1.0,1,0.27722995739518824,11.276708602905273,44,maximum
6.093253135681152,0.05543172359466553,False,False,family-00384-maximum,family-00384,0.9788059592247009,0.10265042324287083,1.0,2,0.5479890608698814,11.11929702758789,44,maximum
10.85837173461914,0.5416970252990723,False,False,family-00384-maximum,family-00384,0.966892421245575,0.14538377098852512,1.0,3,0.868050317793097,12.508919715881348,44,maximum
6.344528675079346,0.265239417552948,False,False,family-00384-minimum,family-00384,0.9681077599525452,0.1412594748192077,0.5,0,0.6698559411911653,9.471482276916504,44,minimum
9.454472541809082,0.27447396516799927,False,False,family-00384-minimum,family-00384,0.9688369631767273,0.1387620430015366,0.5,1,1.135320468693617,8.327580451965332,44,minimum
4.071740627288818,0.01953047513961792,False,False,family-00384-minimum,family-00384,0.8138500452041626,0.4805919508239115,0.5,2,0.32508942848005845,12.524986267089844,44,minimum
8.482596397399902,0.07072710990905762,False,False,family-00384-minimum,family-00384,0.9806400537490845,0.09553757738121049,0.5,3,0.6253302623559653,13.564986228942871,44,minimum
4.692844867706299,0.18173298239707947,False,False,family-00384-sum_mod_10,family-00384,0.9683666825294495,0.1403746885350306,0.0,0,0.4559664059589143,10.292084693908691,44,sum_mod_10
4.280746936798096,-0.09538108110427856,False,False,family-00384-sum_mod_10,family-00384,0.9345833659172058,0.24161848911474987,0.0,1,0.4581076910484505,9.344411849975586,44,sum_mod_10
3.9019110202789307,0.1517356038093567,False,False,family-00384-sum_mod_10,family-00384,0.9533116817474365,0.18864625577410374,0.0,2,0.37491907504969585,10.407341957092285,44,sum_mod_10
7.685495853424072,0.24090828001499176,False,True,family-00384-sum_mod_10,family-00384,0.9822216629981995,0.08926204804016007,0.0,3,0.6865196715675066,11.194866180419922,44,sum_mod_10
5.533268451690674,0.1420021653175354,False,False,family-00385-maximum,family-00385,0.9768949747085571,0.10988894692276069,0.5,0,0.5659791931855239,9.77645206451416,44,maximum
6.276793003082275,0.05396300554275513,False,False,family-00385-maximum,family-00385,0.9093667268753052,0.3040005427544628,0.5,1,0.7371780562528134,8.514622688293457,44,maximum
9.650659561157227,0.22129255533218384,False,False,family-00385-maximum,family-00385,0.9831845164299011,0.08537220852391313,0.5,2,0.8569064571410862,11.262208938598633,44,maximum
9.126677513122559,0.23376893997192383,False,False,family-00385-maximum,family-00385,0.9686563014984131,0.13938241304845203,0.5,3,0.6731257802127496,13.558650970458984,44,maximum
6.387543678283691,0.031054794788360596,False,False,family-00385-minimum,family-00385,0.9726890921592712,0.12526660255310906,0.0,0,0.6390033691183298,9.996103286743164,44,minimum
4.652196884155273,0.09701751917600632,False,False,family-00385-minimum,family-00385,0.9717481136322021,0.12861202758185863,0.0,1,0.5072400143577467,9.171588897705078,44,minimum
6.452210426330566,-0.5789355039596558,False,False,family-00385-minimum,family-00385,0.9350053668022156,0.2404947925676112,0.0,2,0.6824901123849623,9.453925132751465,44,minimum
8.168449401855469,0.19677796959877014,False,False,family-00385-minimum,family-00385,0.9575825333595276,0.17555231740324784,0.0,3,0.6596885155953235,12.382282257080078,44,minimum
6.043330669403076,-0.0029423022642731667,False,False,family-00385-sum_mod_10,family-00385,0.9726890921592712,0.12526660255310906,1.0,0,0.6045686500076228,9.996103286743164,44,sum_mod_10
5.205283164978027,0.00530491815879941,False,False,family-00385-sum_mod_10,family-00385,0.9640334248542786,0.15490668646499042,1.0,1,0.5766577708470679,9.026641845703125,44,sum_mod_10
6.358417510986328,-0.0069300467148423195,False,False,family-00385-sum_mod_10,family-00385,0.9827809929847717,0.08700905607964111,1.0,2,0.6351000370927584,10.011678695678711,44,sum_mod_10
13.22932243347168,0.002928797621279955,False,True,family-00385-sum_mod_10,family-00385,0.9901120066642761,0.055486214342804825,1.0,3,0.9953912758576993,13.29057502746582,44,sum_mod_10
6.8526611328125,0.6264069676399231,True,False,family-00386-maximum,family-00386,0.9768313765525818,0.11012698982396632,0.0,0,0.6131665758434316,11.17585563659668,44,maximum
3.8769595623016357,0.07398176193237305,True,False,family-00386-maximum,family-00386,0.8740030527114868,0.3787055978540679,0.0,1,0.2946359136787088,13.158475875854492,44,maximum
7.893838405609131,0.4068167507648468,True,False,family-00386-maximum,family-00386,0.977963924407959,0.10586074513793717,0.0,2,0.5883273245775112,13.417426109313965,44,maximum
6.336122512817383,0.11971431970596313,True,False,family-00386-maximum,family-00386,0.9865238666534424,0.07142440314751189,0.0,3,0.41111684589960523,15.411974906921387,44,maximum
6.092641353607178,0.4014825224876404,True,False,family-00386-minimum,family-00386,0.9763849973678589,0.11179274954843188,1.0,0,0.6175260169401664,9.866209983825684,44,minimum
6.45387077331543,0.08519792556762695,True,False,family-00386-minimum,family-00386,0.9763538837432861,0.11190853269032122,1.0,1,0.6990779024359355,9.231976509094238,44,minimum
3.9567065238952637,0.0030742287635803223,True,False,family-00386-minimum,family-00386,0.8636444807052612,0.39829213082312975,1.0,2,0.33002687921645785,11.989043235778809,44,minimum
12.250615119934082,0.32061249017715454,True,False,family-00386-minimum,family-00386,0.9784603714942932,0.10397206401699495,1.0,3,1.0037691055401123,12.204614639282227,44,minimum
6.9095892906188965,-0.011091776192188263,True,False,family-00386-sum_mod_10,family-00386,0.9803701639175415,0.0965949850673804,0.5,0,0.6971272435817254,9.911518096923828,44,sum_mod_10
6.457358360290527,0.0049538202583789825,True,False,family-00386-sum_mod_10,family-00386,0.9808444976806641,0.09473403051061062,0.5,1,0.5884713165218975,10.973106384277344,44,sum_mod_10
5.701892852783203,0.007907819002866745,True,False,family-00386-sum_mod_10,family-00386,0.9816352128982544,0.09160504682381278,0.5,2,0.39438518714844506,14.457674980163574,44,sum_mod_10
9.290070533752441,-0.028730828315019608,True,True,family-00386-sum_mod_10,family-00386,0.9982413053512573,0.01291286997809812,0.5,3,0.53203651953719,17.461339950561523,44,sum_mod_10
6.840125560760498,-0.17535321414470673,True,False,family-00387-maximum,family-00387,0.9763849973678589,0.11179274954843188,1.0,0,0.693288058127078,9.866209983825684,44,maximum
4.19108772277832,-0.01055905967950821,True,False,family-00387-maximum,family-00387,0.9163398146629333,0.2876190414947697,1.0,1,0.5046496667687141,8.30494499206543,44,maximum
5.38441801071167,0.062322430312633514,True,False,family-00387-maximum,family-00387,0.9735134840011597,0.12230831456774638,1.0,2,0.5959938056866709,9.03435230255127,44,maximum
5.192541599273682,-0.02274242788553238,True,False,family-00387-maximum,family-00387,0.9837591648101807,0.08302415282880357,1.0,3,0.6126744239299724,8.475205421447754,44,maximum
5.998386383056641,0.07818463444709778,True,False,family-00387-minimum,family-00387,0.9730870723724365,0.12384171215580603,0.5,0,0.6851421619845773,8.754951477050781,44,minimum
9.793943405151367,0.5267593264579773,True,False,family-00387-minimum,family-00387,0.9696468710899353,0.13596754460844013,0.5,1,1.0953090153977092,8.941717147827148,44,minimum
4.892143726348877,0.14073064923286438,True,False,family-00387-minimum,family-00387,0.8383277654647827,0.44243245168243855,0.5,2,0.41182216081648576,11.879262924194336,44,minimum
5.347297191619873,0.007898449897766113,True,False,family-00387-minimum,family-00387,0.971518874168396,0.12942210764954665,0.5,3,0.4160683307972698,12.851968765258789,44,minimum
5.173905372619629,-0.007970716804265976,True,False,family-00387-sum_mod_10,family-00387,0.9805988073348999,0.09569942474854568,0.0,0,0.49955148188690307,10.357101440429688,44,sum_mod_10
7.108875274658203,0.018635982647538185,True,False,family-00387-sum_mod_10,family-00387,0.9754664897918701,0.11519334386887453,0.0,1,0.8180737974472247,8.689772605895996,44,sum_mod_10
5.092668056488037,-0.020276349037885666,True,False,family-00387-sum_mod_10,family-00387,0.9648299813270569,0.15227796631963428,0.0,2,0.43245528178492565,11.776172637939453,44,sum_mod_10
6.732882022857666,0.011041101068258286,True,True,family-00387-sum_mod_10,family-00387,0.9907386302947998,0.0525791878246404,0.0,3,0.5141425760369603,13.095359802246094,44,sum_mod_10
6.430085182189941,0.18966573476791382,False,False,family-00388-maximum,family-00388,0.9768949747085571,0.10988894692276069,0.5,0,0.657711523542307,9.77645206451416,44,maximum
6.721571922302246,0.008709847927093506,False,False,family-00388-maximum,family-00388,0.9019876718521118,0.3206935322532799,0.5,1,0.7742030482914724,8.681923866271973,44,maximum
9.886151313781738,0.28590887784957886,False,False,family-00388-maximum,family-00388,0.9882105588912964,0.06407128506622961,0.5,2,0.842718536419329,11.731261253356934,44,maximum
7.959305763244629,0.163521409034729,False,False,family-00388-maximum,family-00388,0.9825931787490845,0.08776760827968631,0.5,3,0.48350307049361135,16.461748123168945,44,maximum
7.240828514099121,0.3869282603263855,True,False,family-00388-minimum,family-00388,0.9794909358024597,0.10001374303591169,0.0,0,0.7685108455598233,9.421895027160645,44,minimum
10.206575393676758,0.7374379634857178,True,False,family-00388-minimum,family-00388,0.9757500290870667,0.11414741782622087,0.0,1,1.2331898425634436,8.276564598083496,44,minimum
5.290231227874756,0.04395771026611328,True,False,family-00388-minimum,family-00388,0.8988871574401855,0.3275212808701575,0.0,2,0.40326439907404626,13.118517875671387,44,minimum
5.051389217376709,0.04632604122161865,True,False,family-00388-minimum,family-00388,0.9781270027160645,0.10524160453444593,0.0,3,0.3339032381600783,15.128302574157715,44,minimum
6.760690212249756,-0.00303680170327425,False,False,family-00388-sum_mod_10,family-00388,0.9780574440956116,0.1055058412282574,1.0,0,0.699628685743532,9.663254737854004,44,sum_mod_10
9.89553451538086,-9.132828563451767e-05,False,False,family-00388-sum_mod_10,family-00388,0.9779385328292847,0.10595703515812226,1.0,1,1.0169787550428864,9.730325698852539,44,sum_mod_10
6.354415416717529,-0.00043084751814603806,False,False,family-00388-sum_mod_10,family-00388,0.9832256436347961,0.0852048314306715,1.0,2,0.46387832554028446,13.698452949523926,44,sum_mod_10
10.00909423828125,0.003954594489187002,False,True,family-00388-sum_mod_10,family-00388,0.9959129691123962,0.026557077999830196,1.0,3,0.5662326193878192,17.676647186279297,44,sum_mod_10
7.37642765045166,0.3386843204498291,False,False,family-00389-maximum,family-00389,0.9681898355484009,0.14097924321437244,0.0,0,0.7378252201839387,9.997527122497559,44,maximum
4.840090751647949,0.10394555330276489,False,False,family-00389-maximum,family-00389,0.9183639287948608,0.2827471531555399,0.0,1,0.49404762136536645,9.796810150146484,44,maximum
5.943221092224121,0.07292509078979492,False,False,family-00389-maximum,family-00389,0.9801565408706665,0.09742925760914042,0.0,2,0.6461922069368267,9.197296142578125,44,maximum
6.407880783081055,0.2726749777793884,False,False,family-00389-maximum,family-00389,0.9908466935157776,0.05207361293815206,0.0,3,0.5341673864661272,11.996016502380371,44,maximum
6.65226936340332,0.4707629680633545,True,False,family-00389-minimum,family-00389,0.9794909358024597,0.10001374303591169,1.0,0,0.7060436721303643,9.421895027160645,44,minimum
5.753243923187256,0.5355382561683655,True,False,family-00389-minimum,family-00389,0.9689555764198303,0.13835415217429178,1.0,1,0.6828153043460151,8.425768852233887,44,minimum
6.100884437561035,0.5291842222213745,True,False,family-00389-minimum,family-00389,0.9224404692649841,0.27276805614049565,1.0,2,0.6836539966924662,8.923935890197754,44,minimum
4.312990665435791,0.10650324821472168,True,False,family-00389-minimum,family-00389,0.9741647839546204,0.11995255787710132,1.0,3,0.38454530404342824,11.215819358825684,44,minimum
7.756983280181885,0.036789000034332275,False,False,family-00389-sum_mod_10,family-00389,0.9681077599525452,0.1412594748192077,0.5,0,0.8189830327916968,9.471482276916504,44,sum_mod_10
7.794543743133545,0.0966867208480835,False,False,family-00389-sum_mod_10,family-00389,0.9806342124938965,0.09556050340445332,0.5,1,0.7628026927592663,10.21829605102539,44,sum_mod_10
5.464761257171631,-0.007770165801048279,False,False,family-00389-sum_mod_10,family-00389,0.9775577783584595,0.10739736818008316,0.5,2,0.3728328206913971,14.657403945922852,44,sum_mod_10
7.755960464477539,-0.027452394366264343,False,True,family-00389-sum_mod_10,family-00389,0.9985241293907166,0.011095254198078037,0.5,3,0.4675162236651434,16.58971405029297,44,sum_mod_10
5.55570125579834,0.09792083501815796,True,False,family-00300-maximum,family-00300,0.9887803792953491,0.06153356406557892,1.0,0,0.5029641304984094,11.045919418334961,55,maximum
5.806519508361816,-0.3169475793838501,True,False,family-00300-maximum,family-00300,0.9614759087562561,0.1632249262585554,1.0,1,0.6313447478245919,9.197066307067871,55,maximum
8.477458953857422,0.3708460330963135,True,False,family-00300-maximum,family-00300,0.9807580709457397,0.09507399243475595,1.0,2,0.8011241545701719,10.581954002380371,55,maximum
6.926316261291504,0.2702334523200989,True,False,family-00300-maximum,family-00300,0.9936105608940125,0.038655513943635054,1.0,3,0.5040505424076976,13.741312980651855,55,maximum
6.026740074157715,0.013600707054138184,True,False,family-00300-minimum,family-00300,0.9864903688430786,0.07156817603404184,0.5,0,0.5158855233648285,11.682320594787598,55,minimum
9.43725872039795,0.8035107254981995,True,False,family-00300-minimum,family-00300,0.9718807339668274,0.12814250446122305,0.5,1,0.8869337460061607,10.64031982421875,55,minimum
7.0955376625061035,0.05551707744598389,True,False,family-00300-minimum,family-00300,0.9820039868354797,0.09013397785587605,0.5,2,0.548452894278744,12.937369346618652,55,minimum
8.990548133850098,0.16133511066436768,True,False,family-00300-minimum,family-00300,0.9902291893959045,0.054945708398366926,0.5,3,0.5667388570987141,15.863652229309082,55,minimum
5.348067283630371,-0.07608801871538162,False,False,family-00300-sum_mod_10,family-00300,0.983428418636322,0.0843780854806949,0.0,0,0.5234191316132609,10.217561721801758,55,sum_mod_10
4.765270233154297,0.012167446315288544,False,False,family-00300-sum_mod_10,family-00300,0.9446624517440796,0.21394104052120988,0.0,1,0.46251384742067725,10.302978515625,55,sum_mod_10
5.3672943115234375,-0.010404162108898163,False,False,family-00300-sum_mod_10,family-00300,0.9720141887664795,0.12766937736111586,0.0,2,0.458697235093727,11.701169967651367,55,sum_mod_10
8.551010131835938,-0.000909898430109024,False,True,family-00300-sum_mod_10,family-00300,0.9923648834228516,0.04482706556382957,0.0,3,0.6170833085287846,13.85714054107666,55,sum_mod_10
6.554085731506348,0.6229749917984009,True,False,family-00301-maximum,family-00301,0.9887803792953491,0.06153356406557892,0.5,0,0.5933490444106732,11.045919418334961,55,maximum
3.9684484004974365,0.2493550181388855,True,False,family-00301-maximum,family-00301,0.9619570374488831,0.1616739085384533,0.5,1,0.4222450775429739,9.39844799041748,55,maximum
9.374814987182617,0.15214180946350098,True,False,family-00301-maximum,family-00301,0.9754898548126221,0.11510728198850362,0.5,2,1.020696551093981,9.184722900390625,55,maximum
11.1317138671875,0.6386526226997375,True,False,family-00301-maximum,family-00301,0.9911638498306274,0.050582301765934264,0.5,3,0.7933917193393433,14.030539512634277,55,maximum
6.135571002960205,0.02835749462246895,False,False,family-00301-minimum,family-00301,0.9887405037879944,0.06171208723210733,0.0,0,0.5001382576105042,12.267749786376953,55,minimum
4.37733268737793,0.02734363079071045,False,False,family-00301-minimum,family-00301,0.9751763939857483,0.11625997917582895,0.0,1,0.4314241124064583,10.146240234375,55,minimum
7.5218281745910645,-0.017325416207313538,False,False,family-00301-minimum,family-00301,0.9730147123336792,0.12410123045796218,0.0,2,0.7921515792746807,9.495440483093262,55,minimum
8.091447830200195,0.018242761492729187,False,False,family-00301-minimum,family-00301,0.9779008030891418,0.10610005880797765,0.0,3,0.8396144531480775,9.637099266052246,55,minimum
7.436246395111084,-0.05253477394580841,False,False,family-00301-sum_mod_10,family-00301,0.9829602241516113,0.08628322608637254,1.0,0,0.7049475077623636,10.548652648925781,55,sum_mod_10
4.623166561126709,0.00861811637878418,False,False,family-00301-sum_mod_10,family-00301,0.9692546129226685,0.1373237364785231,1.0,1,0.4971722844079668,9.298922538757324,55,sum_mod_10
5.638095378875732,0.04752910137176514,False,False,family-00301-sum_mod_10,family-00301,0.9533969759941101,0.18838888834708237,1.0,2,0.5734866214587855,9.831258773803711,55,sum_mod_10
11.169261932373047,-0.01995660364627838,False,True,family-00301-sum_mod_10,family-00301,0.9847509860992432,0.07892244378279992,1.0,3,0.903434956928817,12.363105773925781,55,sum_mod_10
7.1735334396362305,0.1570110023021698,False,False,family-00302-maximum,family-00302,0.9877796173095703,0.06597191650829523,0.0,0,0.565836964975481,12.677739143371582,55,maximum
5.1574907302856445,0.048574090003967285,False,False,family-00302-maximum,family-00302,0.9789464473724365,0.1021115097509076,0.0,1,0.45807142345904417,11.259140968322754,55,maximum
12.352423667907715,0.0343664288520813,False,False,family-00302-maximum,family-00302,0.9804994463920593,0.09608894169016326,0.0,2,1.0792293313429284,11.445596694946289,55,maximum
8.143165588378906,0.3680768609046936,False,False,family-00302-maximum,family-00302,0.9968546032905579,0.021263639504494242,0.0,3,0.4559607161764252,17.859357833862305,55,maximum
5.750521659851074,0.16569161415100098,True,False,family-00302-minimum,family-00302,0.9855624437332153,0.07551807254050555,1.0,0,0.5370383432968299,10.707841873168945,55,minimum
3.829974889755249,-0.005327999591827393,True,False,family-00302-minimum,family-00302,0.966593325138092,0.14639162522400986,1.0,1,0.41160816960305013,9.30490493774414,55,minimum
10.519377708435059,0.4377320110797882,True,False,family-00302-minimum,family-00302,0.9770987629890442,0.10912497392893802,1.0,2,1.0730638797118877,9.803123474121094,55,minimum
10.073554992675781,0.1650715470314026,True,False,family-00302-minimum,family-00302,0.9809629917144775,0.09426728444518198,1.0,3,0.7491579419420907,13.446503639221191,55,minimum
7.061598300933838,0.03642475605010986,False,False,family-00302-sum_mod_10,family-00302,0.9877796173095703,0.06597191650829523,0.5,0,0.5570076983817669,12.677739143371582,55,sum_mod_10
5.008388996124268,-0.13264121115207672,False,False,family-00302-sum_mod_10,family-00302,0.9814994931221008,0.09214453693866231,0.5,1,0.41019666283053446,12.209726333618164,55,sum_mod_10
7.009873867034912,0.1097305417060852,False,False,family-00302-sum_mod_10,family-00302,0.987957775592804,0.06518806111085222,0.5,2,0.5427004198287461,12.916654586791992,55,sum_mod_10
12.92277717590332,-0.11627097427845001,False,True,family-00302-sum_mod_10,family-00302,0.9967318773269653,0.02196800595552759,0.5,3,0.822704895230229,15.707670211791992,55,sum_mod_10
6.456147193908691,-0.02169683761894703,False,False,family-00303-maximum,family-00303,0.9839814305305481,0.08211045411503394,1.0,0,0.6158607294140829,10.483128547668457,55,maximum
6.172021865844727,-0.015352118760347366,False,False,family-00303-maximum,family-00303,0.9699711203575134,0.1348425423411545,1.0,1,0.5752872243137266,10.728591918945312,55,maximum
6.740251541137695,0.0009098462760448456,False,False,family-00303-maximum,family-00303,0.9902024269104004,0.05506927494781723,1.0,2,0.5393448039822438,12.497110366821289,55,maximum
5.844266891479492,-0.002422872930765152,False,False,family-00303-maximum,family-00303,0.9979408383369446,0.014793894694126621,1.0,3,0.39427332756950784,14.822881698608398,55,maximum
5.1144537925720215,0.14327621459960938,False,False,family-00303-minimum,family-00303,0.974578320980072,0.11844806858634942,0.5,0,0.5356069866989456,9.548892974853516,55,minimum
8.212438583374023,0.006500124931335449,False,False,family-00303-minimum,family-00303,0.9695120453834534,0.13643427684406012,0.5,1,0.9348578036519459,8.784692764282227,55,minimum
8.412781715393066,0.1085396409034729,False,False,family-00303-minimum,family-00303,0.9806298613548279,0.0955775797847151,0.5,2,0.7588543274685425,11.086161613464355,55,minimum
7.89507532119751,0.29174166917800903,False,False,family-00303-minimum,family-00303,0.988628089427948,0.06221460052571862,0.5,3,0.4844034372302559,16.298553466796875,55,minimum
6.131626605987549,-0.0035058334469795227,True,False,family-00303-sum_mod_10,family-00303,0.9826276898384094,0.08762837872362726,0.0,0,0.522896135425999,11.726280212402344,55,sum_mod_10
4.490851402282715,-0.0004733763635158539,True,False,family-00303-sum_mod_10,family-00303,0.9804777503013611,0.09617392640722602,0.0,1,0.3990619964849656,11.253518104553223,55,sum_mod_10
6.679703712463379,0.0027451906353235245,True,False,family-00303-sum_mod_10,family-00303,0.9910376071929932,0.051177265029416136,0.0,2,0.5612084329451793,11.902358055114746,55,sum_mod_10
8.387530326843262,0.0037917718291282654,True,True,family-00303-sum_mod_10,family-00303,0.9985113739967346,0.011178326443230035,0.0,3,0.5839478921085501,14.36349105834961,55,sum_mod_10
7.729174613952637,0.32994839549064636,True,False,family-00304-maximum,family-00304,0.9864903688430786,0.07156817603404184,0.5,0,0.661612951916525,11.682320594787598,55,maximum
3.708820343017578,0.15726333856582642,True,False,family-00304-maximum,family-00304,0.9635730981826782,0.15641744403065608,0.5,1,0.36166310457520595,10.254903793334961,55,maximum
8.890549659729004,-0.10086846351623535,True,False,family-00304-maximum,family-00304,0.9795088768005371,0.09994437214459301,0.5,2,0.8552225781871671,10.395597457885742,55,maximum
9.654973983764648,0.11993828415870667,True,False,family-00304-maximum,family-00304,0.9948710203170776,0.032160136911979054,0.5,3,0.6068010319240257,15.91126823425293,55,maximum
7.624825477600098,0.009627189487218857,False,False,family-00304-minimum,family-00304,0.9829602241516113,0.08628322608637254,0.0,0,0.7228245854105898,10.548652648925781,55,minimum
4.1724114418029785,0.013916442170739174,False,False,family-00304-minimum,family-00304,0.961818516254425,0.1621211052774055,0.0,1,0.4815698500141826,8.66418743133545,55,minimum
5.054332256317139,-0.005618635565042496,False,False,family-00304-minimum,family-00304,0.9361774921417236,0.23735824856963444,0.0,2,0.614552916459974,8.224405288696289,55,minimum
5.638387203216553,0.005276426672935486,False,False,family-00304-minimum,family-00304,0.9402586817741394,0.2262551564351047,0.0,3,0.6253335678576709,9.016607284545898,55,minimum
7.582067012786865,-0.02384774200618267,True,False,family-00304-sum_mod_10,family-00304,0.9893701076507568,0.05887633043393764,1.0,0,0.6576610354225236,11.528837203979492,55,sum_mod_10
2.7780203819274902,0.001912897452712059,True,False,family-00304-sum_mod_10,family-00304,0.9564334154129028,0.17911783134769255,1.0,1,0.31302852397404574,8.874655723571777,55,sum_mod_10
6.358432292938232,-0.014909965917468071,True,False,family-00304-sum_mod_10,family-00304,0.9866300821304321,0.07096796631007006,1.0,2,0.7025759363324297,9.0501708984375,55,sum_mod_10
12.189691543579102,0.010541182942688465,True,True,family-00304-sum_mod_10,family-00304,0.9933125376701355,0.04015265795399069,1.0,3,1.0679411402485193,11.41419792175293,55,sum_mod_10
7.718942165374756,0.18434399366378784,False,False,family-00305-maximum,family-00305,0.9877796173095703,0.06597191650829523,0.0,0,0.608857942104805,12.677739143371582,55,maximum
5.1679158210754395,-0.03047168254852295,False,False,family-00305-maximum,family-00305,0.9798953533172607,0.09844610047937989,0.0,1,0.4546272338614097,11.367369651794434,55,maximum
9.769478797912598,0.527228057384491,False,False,family-00305-maximum,family-00305,0.9842183589935303,0.0811330268436274,0.0,2,0.8205028290974897,11.906697273254395,55,maximum
9.68140697479248,0.16831836104393005,False,False,family-00305-maximum,family-00305,0.9983541965484619,0.012193269363933307,0.0,3,0.598784381161217,16.16843605041504,55,maximum
7.452944278717041,-0.016814470291137695,False,False,family-00305-minimum,family-00305,0.9877511262893677,0.06609702556704718,1.0,0,0.7031115312497722,10.599946022033691,55,minimum
4.000584602355957,-0.00754016637802124,False,False,family-00305-minimum,family-00305,0.9600714445114136,0.16771702673058597,1.0,1,0.4133428530522796,9.678610801696777,55,minimum
7.075793743133545,0.5418596267700195,False,False,family-00305-minimum,family-00305,0.9718371629714966,0.1282968321145287,1.0,2,0.6904011217622738,10.248815536499023,55,minimum
8.129837989807129,0.2631117105484009,False,False,family-00305-minimum,family-00305,0.9791617393493652,0.10128378787064833,1.0,3,0.7301972686147666,11.133755683898926,55,minimum
5.35893440246582,0.01691829413175583,True,False,family-00305-sum_mod_10,family-00305,0.9765461683273315,0.11119231075754603,0.5,0,0.47904634206973595,11.18667221069336,55,sum_mod_10
3.716811180114746,0.020993150770664215,True,False,family-00305-sum_mod_10,family-00305,0.9562335014343262,0.17973487091233953,0.5,1,0.33296841465674476,11.162653923034668,55,sum_mod_10
5.463018894195557,0.02090071514248848,True,False,family-00305-sum_mod_10,family-00305,0.9878515601158142,0.06565570340636614,0.5,2,0.46564334265233925,11.732195854187012,55,sum_mod_10
12.115442276000977,0.003054950386285782,True,True,family-00305-sum_mod_10,family-00305,0.9965613484382629,0.022939088358709565,0.5,3,0.8795922291283682,13.773930549621582,55,sum_mod_10
6.367440223693848,0.38534098863601685,True,False,family-00306-maximum,family-00306,0.9864903688430786,0.07156817603404184,1.0,0,0.5450492624329163,11.682320594787598,55,maximum
7.487283229827881,-0.03690570592880249,True,False,family-00306-maximum,family-00306,0.9655410647392273,0.1499155307777368,1.0,1,0.6807456827932562,10.998649597167969,55,maximum
5.686202049255371,0.05769968032836914,True,False,family-00306-maximum,family-00306,0.9862586259841919,0.07256052327057239,1.0,2,0.4896061999111347,11.6138277053833,55,maximum
9.35006332397461,0.4101797938346863,True,False,family-00306-maximum,family-00306,0.9959420561790466,0.026397115926797797,1.0,3,0.6800842744542592,13.74838924407959,55,maximum
5.5794677734375,0.05345165729522705,True,False,family-00306-minimum,family-00306,0.9709007740020752,0.13159691008851393,0.5,0,0.5714989596181812,9.762866020202637,55,minimum
8.835739135742188,0.8186407089233398,True,False,family-00306-minimum,family-00306,0.9700164198875427,0.13468508639685223,0.5,1,0.836775649564007,10.559268951416016,55,minimum
8.460662841796875,0.1552298665046692,True,False,family-00306-minimum,family-00306,0.9811551570892334,0.09350874775408477,0.5,2,0.6997770358171171,12.0905122756958,55,minimum
5.752042293548584,0.08845943212509155,True,False,family-00306-minimum,family-00306,0.976111650466919,0.11280852560254165,0.5,3,0.3366818592863841,17.084503173828125,55,minimum
6.229151725769043,-0.005604337900876999,False,False,family-00306-sum_mod_10,family-00306,0.9877796173095703,0.06597191650829523,0.0,0,0.4913456299521581,12.677739143371582,55,sum_mod_10
7.797440052032471,-0.001228107139468193,False,False,family-00306-sum_mod_10,family-00306,0.9833009243011475,0.0848981927330323,0.0,1,0.6856435799242038,11.37243938446045,55,sum_mod_10
5.054120063781738,-0.005447898060083389,False,False,family-00306-sum_mod_10,family-00306,0.9873441457748413,0.06787689736406194,0.0,2,0.3800929930330532,13.297061920166016,55,sum_mod_10
8.62227725982666,-0.0025185290724039078,False,True,family-00306-sum_mod_10,family-00306,0.9944630265235901,0.03429343138355481,0.0,3,0.5770146308811869,14.942909240722656,55,sum_mod_10
7.446855068206787,-0.024837464094161987,False,False,family-00307-maximum,family-00307,0.974578320980072,0.11844806858634942,0.5,0,0.7798658009695648,9.548892974853516,55,maximum
6.416045665740967,0.030380599200725555,False,False,family-00307-maximum,family-00307,0.9683530330657959,0.14042138576809074,0.5,1,0.6452790985348332,9.943055152893066,55,maximum
7.203075408935547,0.0824899822473526,False,False,family-00307-maximum,family-00307,0.9836542010307312,0.08345456462269782,0.5,2,0.6616172866617969,10.887072563171387,55,maximum
6.157011985778809,0.04803399369120598,False,False,family-00307-maximum,family-00307,0.9942790269851685,0.03524548692385301,0.5,3,0.48103422326335493,12.799530029296875,55,maximum
5.623798370361328,0.45251718163490295,True,False,family-00307-minimum,family-00307,0.9872077107429504,0.0684705887761132,0.0,0,0.5622082110897352,10.003052711486816,55,minimum
6.736436367034912,0.5085972547531128,True,False,family-00307-minimum,family-00307,0.9674326777458191,0.1435561868715654,0.0,1,0.8783491600761454,7.669428825378418,55,minimum
9.969179153442383,0.3935762047767639,True,False,family-00307-minimum,family-00307,0.9810906052589417,0.09376377574626134,0.0,2,1.0516695718065878,9.47938346862793,55,minimum
6.54283332824707,0.03628087043762207,True,False,family-00307-minimum,family-00307,0.9579169154167175,0.1745087182844442,0.0,3,0.41957223148331957,15.594057083129883,55,minimum
6.129347324371338,-0.01564636081457138,False,False,family-00307-sum_mod_10,family-00307,0.9829602241516113,0.08628322608637254,1.0,0,0.5810549961558852,10.548652648925781,55,sum_mod_10
7.301333904266357,-0.027167953550815582,False,False,family-00307-sum_mod_10,family-00307,0.9700013995170593,0.13473730328669617,1.0,1,0.767841294818929,9.508910179138184,55,sum_mod_10
5.7636399269104,-0.05182468146085739,False,False,family-00307-sum_mod_10,family-00307,0.967250645160675,0.14417299570022452,1.0,2,0.48337438758541174,11.923759460449219,55,sum_mod_10
9.395458221435547,0.018685705959796906,False,True,family-00307-sum_mod_10,family-00307,0.985181450843811,0.07712209311886221,1.0,3,0.6510118820704525,14.432084083557129,55,sum_mod_10
6.261547088623047,0.26595592498779297,True,False,family-00308-maximum,family-00308,0.9893701076507568,0.05887633043393764,0.0,0,0.5431204359847933,11.528837203979492,55,maximum
4.233583450317383,-0.005228102207183838,True,False,family-00308-maximum,family-00308,0.9610298871994019,0.16465718491989675,0.0,1,0.43750623356851054,9.676624298095703,55,maximum
9.162346839904785,0.7247782349586487,True,False,family-00308-maximum,family-00308,0.985901415348053,0.07408239767186282,0.0,2,0.9335514537778479,9.814506530761719,55,maximum
10.929620742797852,0.649233341217041,True,False,family-00308-maximum,family-00308,0.9969248175621033,0.020858506981199173,0.0,3,0.7792815225657367,14.025253295898438,55,maximum
6.420535564422607,0.048648688942193985,True,False,family-00308-minimum,family-00308,0.9872077107429504,0.0684705887761132,1.0,0,0.6418576158305861,10.003052711486816,55,minimum
4.439750671386719,0.09519129991531372,True,False,family-00308-minimum,family-00308,0.9707861542701721,0.13199870804401306,1.0,1,0.5388822947782747,8.238813400268555,55,minimum
8.04572582244873,0.044404368847608566,True,False,family-00308-minimum,family-00308,0.9792860150337219,0.10080495895289063,1.0,2,0.9260991627125807,8.687758445739746,55,minimum
8.649385452270508,0.0808175578713417,True,False,family-00308-minimum,family-00308,0.9827466011047363,0.08714811472764841,1.0,3,0.7772787533013533,11.127778053283691,55,minimum
5.646658420562744,-0.07167043536901474,False,False,family-00308-sum_mod_10,family-00308,0.982559323310852,0.08790412505115772,0.5,0,0.5267288901691249,10.720236778259277,55,sum_mod_10
5.883630752563477,-0.03302380442619324,False,False,family-00308-sum_mod_10,family-00308,0.9576893448829651,0.17521926117516007,0.5,1,0.6706161647453979,8.773469924926758,55,sum_mod_10
6.032351016998291,-0.005702197551727295,False,False,family-00308-sum_mod_10,family-00308,0.975284218788147,0.1158639329004779,0.5,2,0.6688711304683816,9.018704414367676,55,sum_mod_10
14.585564613342285,-0.03533576428890228,False,True,family-00308-sum_mod_10,family-00308,0.9882273077964783,0.06399709728761503,0.5,3,1.3304831690854741,10.962607383728027,55,sum_mod_10
7.037052154541016,0.32923978567123413,False,False,family-00309-maximum,family-00309,0.9877511262893677,0.06609702556704718,1.0,0,0.6638762253990135,10.599946022033691,55,maximum
4.175715446472168,0.0010878443717956543,False,False,family-00309-maximum,family-00309,0.9524683952331543,0.1911820422342865,1.0,1,0.5163597361214954,8.086833953857422,55,maximum
10.07642936706543,0.0036484599113464355,False,False,family-00309-maximum,family-00309,0.9658019542694092,0.1490449814207152,1.0,2,1.160770131874861,8.680813789367676,55,maximum
12.77044677734375,0.6955759525299072,False,False,family-00309-maximum,family-00309,0.9866899251937866,0.07071042812159595,1.0,3,0.9556354210972536,13.363304138183594,55,maximum
6.140950679779053,0.18064039945602417,True,False,family-00309-minimum,family-00309,0.9807712435722351,0.09502220315779537,0.5,0,0.5744945267253451,10.689311027526855,55,minimum
4.6103034019470215,0.09934079647064209,True,False,family-00309-minimum,family-00309,0.9598988890647888,0.16826535071900134,0.5,1,0.5226339782057707,8.821285247802734,55,minimum
10.911680221557617,0.2540947198867798,True,False,family-00309-minimum,family-00309,0.9772246479988098,0.10865212280408872,0.5,2,1.2158422448883086,8.97458553314209,55,minimum
8.275163650512695,0.3316042721271515,True,False,family-00309-minimum,family-00309,0.9853693842887878,0.07633213186674413,0.5,3,0.6047365092657653,13.683916091918945,55,minimum
6.601187705993652,-0.018791943788528442,False,False,family-00309-sum_mod_10,family-00309,0.9682032465934753,0.14093343296117808,0.0,0,0.619524788386258,10.655243873596191,55,sum_mod_10
4.356935977935791,-0.13165253400802612,False,False,family-00309-sum_mod_10,family-00309,0.9622109532356262,0.1608528133610499,0.0,1,0.392462790768396,11.101526260375977,55,sum_mod_10
7.787413120269775,0.2833908796310425,False,False,family-00309-sum_mod_10,family-00309,0.9835132956504822,0.08403128105239516,0.0,2,0.6303929720056758,12.353267669677734,55,sum_mod_10
7.754064083099365,-0.05039915442466736,False,True,family-00309-sum_mod_10,family-00309,0.9937360286712646,0.038021067901976596,0.0,3,0.4835397362237667,16.036043167114258,55,sum_mod_10
5.121713638305664,0.14636027812957764,False,False,family-00310-maximum,family-00310,0.982559323310852,0.08790412505115772,0.5,0,0.4777612420550765,10.720236778259277,55,maximum
5.910278797149658,0.14525896310806274,False,False,family-00310-maximum,family-00310,0.9487074613571167,0.20230360038168554,0.5,1,0.6982956289371813,8.463863372802734,55,maximum
10.14892578125,0.2702435255050659,False,False,family-00310-maximum,family-00310,0.9664681553840637,0.14681258190747223,0.5,2,1.1090408350404513,9.151083946228027,55,maximum
7.0898613929748535,0.1795610785484314,False,False,family-00310-maximum,family-00310,0.9892058372497559,0.05961975717374893,0.5,3,0.5501621012471758,12.886858940124512,55,maximum
5.22346305847168,0.3290233910083771,True,False,family-00310-minimum,family-00310,0.9893701076507568,0.05887633043393764,0.0,0,0.4530780482066881,11.528837203979492,55,minimum
6.362831115722656,0.46696197986602783,True,False,family-00310-minimum,family-00310,0.9616040587425232,0.16281242203178709,0.0,1,0.5934106710378508,10.722475051879883,55,minimum
7.456905364990234,-0.056139349937438965,True,False,family-00310-minimum,family-00310,0.9854010939598083,0.0761986024157684,0.0,2,0.6113419013577128,12.197602272033691,55,minimum
7.364875316619873,-0.03481060266494751,True,False,family-00310-minimum,family-00310,0.9783009886741638,0.10457968133301246,0.0,3,0.4993279151007639,14.749576568603516,55,minimum
6.533389568328857,0.004608526825904846,False,False,family-00310-sum_mod_10,family-00310,0.9877796173095703,0.06597191650829523,1.0,0,0.5153434294903259,12.677739143371582,55,sum_mod_10
7.653998374938965,-0.05370105803012848,False,False,family-00310-sum_mod_10,family-00310,0.9790104627609253,0.1018656290660378,1.0,1,0.6965018952077716,10.9891996383667,55,sum_mod_10
7.70284366607666,0.020894449204206467,False,False,family-00310-sum_mod_10,family-00310,0.9764635562896729,0.11150022124981905,1.0,2,0.5905271802046523,13.044012069702148,55,sum_mod_10
13.208165168762207,0.0233321376144886,False,True,family-00310-sum_mod_10,family-00310,0.990402340888977,0.05414444330600921,1.0,3,0.82918529097324,15.92908763885498,55,sum_mod_10
7.775892734527588,0.34197843074798584,True,False,family-00311-maximum,family-00311,0.9872077107429504,0.0684705887761132,0.0,0,0.7773519703238481,10.003052711486816,55,maximum
6.330679416656494,0.019361793994903564,True,False,family-00311-maximum,family-00311,0.9653982520103455,0.15039120812789608,0.0,1,0.7055369067776389,8.972853660583496,55,maximum
9.084546089172363,0.14803290367126465,True,False,family-00311-maximum,family-00311,0.9858570098876953,0.07427093820597655,0.0,2,1.0078528378483465,9.013762474060059,55,maximum
12.05859661102295,0.637786865234375,True,False,family-00311-maximum,family-00311,0.9953580498695374,0.029570596996277614,0.0,3,0.9517553235531,12.669849395751953,55,maximum
6.194453716278076,0.054346829652786255,False,False,family-00311-minimum,family-00311,0.9839814305305481,0.08211045411503394,1.0,0,0.5908974299142576,10.483128547668457,55,minimum
7.356069087982178,0.1934419423341751,False,False,family-00311-minimum,family-00311,0.9707829356193542,0.1320099842868609,1.0,1,0.6834490860214529,10.763155937194824,55,minimum
11.008277893066406,0.2579413056373596,False,False,family-00311-minimum,family-00311,0.9848831295967102,0.07837110325483188,1.0,2,0.9157777586665952,12.020687103271484,55,minimum
7.404446601867676,0.05248284339904785,False,False,family-00311-minimum,family-00311,0.9703856110572815,0.1333991804996976,1.0,3,0.4017399447362928,18.430944442749023,55,minimum
6.334991455078125,-0.002015594393014908,False,False,family-00311-sum_mod_10,family-00311,0.982559323310852,0.08790412505115772,0.5,0,0.590937643086908,10.720236778259277,55,sum_mod_10
8.072762489318848,-0.018618792295455933,False,False,family-00311-sum_mod_10,family-00311,0.95604407787323,0.1803186503688143,0.5,1,0.8058083776643975,10.018216133117676,55,sum_mod_10
5.302128791809082,0.005651242099702358,False,False,family-00311-sum_mod_10,family-00311,0.9832577109336853,0.08507425466953289,0.5,2,0.409779831837761,12.938969612121582,55,sum_mod_10
13.072436332702637,0.014147692359983921,False,True,family-00311-sum_mod_10,family-00311,0.9927502870559692,0.0429412079579979,0.5,3,0.9110825586800757,14.348245620727539,55,sum_mod_10
5.723011016845703,0.2141847014427185,True,False,family-00312-maximum,family-00312,0.9807712435722351,0.09502220315779537,1.0,0,0.535395686598317,10.689311027526855,55,maximum
5.812344551086426,0.058863669633865356,True,False,family-00312-maximum,family-00312,0.961759090423584,0.1623127931837799,1.0,1,0.626666355459415,9.275022506713867,55,maximum
8.05847454071045,0.01446765661239624,True,False,family-00312-maximum,family-00312,0.9860042929649353,0.07364504521728585,1.0,2,0.7534356309109013,10.695637702941895,55,maximum
7.884827136993408,0.2758347988128662,True,False,family-00312-maximum,family-00312,0.9964525699615479,0.023554070075256513,1.0,3,0.5902905259255917,13.357536315917969,55,maximum
4.973670482635498,-0.021815836429595947,False,False,family-00312-minimum,family-00312,0.982559323310852,0.08790412505115772,0.5,0,0.4639515512122027,10.720236778259277,55,minimum
8.16037654876709,0.5858269333839417,False,False,family-00312-minimum,family-00312,0.958564281463623,0.1724804011663976,0.5,1,0.9318379175766219,8.757291793823242,55,minimum
6.823792457580566,0.23417609930038452,False,False,family-00312-minimum,family-00312,0.9709762930870056,0.1313319249227905,0.5,2,0.6481898191857443,10.527460098266602,55,minimum
9.600947380065918,0.25763529539108276,False,False,family-00312-minimum,family-00312,0.9830524921417236,0.08590882310744344,0.5,3,0.6466509763397055,14.847186088562012,55,minimum
4.069745063781738,0.01807953417301178,True,False,family-00312-sum_mod_10,family-00312,0.9765461683273315,0.11119231075754603,0.0,0,0.36380301372301427,11.18667221069336,55,sum_mod_10
6.231024265289307,0.016431018710136414,True,False,family-00312-sum_mod_10,family-00312,0.9598775506019592,0.16833310347077676,0.0,1,0.5790596932793668,10.760590553283691,55,sum_mod_10
6.293391227722168,0.06579975038766861,True,False,family-00312-sum_mod_10,family-00312,0.9880568981170654,0.06475079221434284,0.0,2,0.5248729077379694,11.990314483642578,55,sum_mod_10
8.378363609313965,0.04765483736991882,True,True,family-00312-sum_mod_10,family-00312,0.9948520064353943,0.03226026107547825,0.0,3,0.6344319049954334,13.206088066101074,55,sum_mod_10
5.58695650100708,0.132276713848114,True,False,family-00313-maximum,family-00313,0.9855624437332153,0.07551807254050555,0.5,0,0.5217630748738019,10.707841873168945,55,maximum
6.153359413146973,-0.011216998100280762,True,False,family-00313-maximum,family-00313,0.9695903658866882,0.13616322625164695,0.5,1,0.6790050311869609,9.062317848205566,55,maximum
9.340886116027832,0.2749338746070862,True,False,family-00313-maximum,family-00313,0.9750197529792786,0.11683447487449836,0.5,2,0.9024690258042206,10.350367546081543,55,maximum
12.688193321228027,0.7286491394042969,True,False,family-00313-maximum,family-00313,0.9952881336212158,0.029945378811915002,0.5,3,0.9283216446541038,13.667884826660156,55,maximum
5.818752288818359,-0.12954503297805786,True,False,family-00313-minimum,family-00313,0.9826276898384094,0.08762837872362726,0.0,0,0.4962146719523327,11.726280212402344,55,minimum
4.757440090179443,-0.06472966820001602,True,False,family-00313-minimum,family-00313,0.9778408408164978,0.10632722473092103,0.0,1,0.4364118163877026,10.901263236999512,55,minimum
6.021568775177002,-0.1361488699913025,True,False,family-00313-minimum,family-00313,0.9817367792129517,0.09120064969775168,0.0,2,0.5608648144779274,10.736221313476562,55,minimum
8.330537796020508,-0.09443823248147964,True,False,family-00313-minimum,family-00313,0.9900524020195007,0.055760601868985654,0.0,3,0.7023983353182562,11.860133171081543,55,minimum
5.502853870391846,-0.008838213980197906,True,False,family-00313-sum_mod_10,family-00313,0.9893701076507568,0.05887633043393764,1.0,0,0.4773121324405887,11.528837203979492,55,sum_mod_10
4.288807392120361,-0.01286952942609787,True,False,family-00313-sum_mod_10,family-00313,0.9636131525039673,0.15628622961628796,1.0,1,0.4042235047950268,10.609990119934082,55,sum_mod_10
7.233546733856201,-0.004148907959461212,True,False,family-00313-sum_mod_10,family-00313,0.9872510433197021,0.06828218932991276,1.0,2,0.6327968702393757,11.431072235107422,55,sum_mod_10
12.806180953979492,0.03522811457514763,True,True,family-00313-sum_mod_10,family-00313,0.9964262843132019,0.02370217049346716,1.0,3,0.9123425766627075,14.036592483520508,55,sum_mod_10
7.257540702819824,0.19990253448486328,False,False,family-00314-maximum,family-00314,0.9887405037879944,0.06171208723210733,0.0,0,0.5915951033562122,12.267749786376953,55,maximum
3.878284454345703,0.09763956069946289,False,False,family-00314-maximum,family-00314,0.9733789563179016,0.12279283909637831,0.0,1,0.3932056539491358,9.86324691772461,55,maximum
8.005497932434082,0.2500174045562744,False,False,family-00314-maximum,family-00314,0.9761983156204224,0.11248682050936298,0.0,2,0.8328503697109927,9.612168312072754,55,maximum
10.82753849029541,0.3477407693862915,False,False,family-00314-maximum,family-00314,0.9928841590881348,0.042281369447048474,0.0,3,0.8051245034053722,13.448278427124023,55,maximum
7.110633850097656,-0.08571909368038177,True,False,family-00314-minimum,family-00314,0.9855624437332153,0.07551807254050555,1.0,0,0.6640585408638735,10.707841873168945,55,minimum
4.299325466156006,0.04071927070617676,True,False,family-00314-minimum,family-00314,0.9668672680854797,0.1454686360462178,1.0,1,0.4667720108430333,9.210761070251465,55,minimum
9.055442810058594,-0.3793216943740845,True,False,family-00314-minimum,family-00314,0.9690176844596863,0.1381403866983783,1.0,2,0.885848609236566,10.222336769104004,55,minimum
8.917287826538086,0.10036023706197739,True,False,family-00314-minimum,family-00314,0.9652389287948608,0.15092115781361357,1.0,3,0.7027516237847403,12.689103126525879,55,minimum
5.469672203063965,-0.04615619778633118,True,False,family-00314-sum_mod_10,family-00314,0.9765461683273315,0.11119231075754603,0.5,0,0.48894542541753355,11.18667221069336,55,sum_mod_10
3.8719775676727295,-0.010660886764526367,True,False,family-00314-sum_mod_10,family-00314,0.9552281498908997,0.18282352113140174,0.5,1,0.3694442606856688,10.480545997619629,55,sum_mod_10
5.427665710449219,0.015789709985256195,True,False,family-00314-sum_mod_10,family-00314,0.9837862849235535,0.0829128328576941,0.5,2,0.507793853889575,10.688718795776367,55,sum_mod_10
14.689559936523438,-0.019569464027881622,True,True,family-00314-sum_mod_10,family-00314,0.9884390234947205,0.06305723129724317,0.5,3,1.155060683144494,12.717565536499023,55,sum_mod_10
5.3523173332214355,0.14438939094543457,False,False,family-00315-maximum,family-00315,0.982251763343811,0.0891412644236175,1.0,0,0.5731924146708688,9.337732315063477,55,maximum
4.779977798461914,0.009197473526000977,False,False,family-00315-maximum,family-00315,0.9683578610420227,0.1404048691011916,1.0,1,0.5828047048372196,8.201680183410645,55,maximum
9.356969833374023,0.08635294437408447,False,False,family-00315-maximum,family-00315,0.9680131077766418,0.14158237592066814,1.0,2,1.1199880461478964,8.35452651977539,55,maximum
14.132529258728027,0.4515203535556793,False,False,family-00315-maximum,family-00315,0.9915322661399841,0.048835508356230704,1.0,3,1.0427358985375552,13.553316116333008,55,maximum
4.078118324279785,-0.07342451810836792,False,False,family-00315-minimum,family-00315,0.974578320980072,0.11844806858634942,0.5,0,0.42707760313360776,9.548892974853516,55,minimum
4.1766252517700195,-0.09971258044242859,False,False,family-00315-minimum,family-00315,0.9728821516036987,0.1245761408204884,0.5,1,0.48413217096159206,8.627035140991211,55,minimum
8.073922157287598,0.38573434948921204,False,False,family-00315-minimum,family-00315,0.9719552993774414,0.12787823394278033,0.5,2,0.9544315610426131,8.459403991699219,55,minimum
9.539484977722168,0.15391308069229126,False,False,family-00315-minimum,family-00315,0.9820007681846619,0.09014685038010992,0.5,3,0.8708586575166889,10.954113960266113,55,minimum
5.786952495574951,0.09277868270874023,True,False,family-00315-sum_mod_10,family-00315,0.9784067273139954,0.10417670659975296,0.0,0,0.5203469259914942,11.12133502960205,55,sum_mod_10
3.9177002906799316,-0.05519472062587738,True,False,family-00315-sum_mod_10,family-00315,0.9620686173439026,0.1613133069095214,0.0,1,0.3624132928892031,10.81003475189209,55,sum_mod_10
5.540083885192871,0.043356940150260925,True,False,family-00315-sum_mod_10,family-00315,0.9797465801239014,0.09902374632630018,0.0,2,0.4926329348901324,11.245865821838379,55,sum_mod_10
10.019041061401367,0.07239441573619843,True,True,family-00315-sum_mod_10,family-00315,0.9936443567276001,0.03848486643769721,0.0,3,0.7447341259601834,13.453178405761719,55,sum_mod_10
4.750763893127441,0.03012867271900177,False,False,family-00316-maximum,family-00316,0.974578320980072,0.11844806858634942,0.5,0,0.4975198596987438,9.548892974853516,55,maximum
6.546618461608887,-0.33270829916000366,False,False,family-00316-maximum,family-00316,0.9716532230377197,0.12894758065879464,0.5,1,0.7149941854742575,9.156184196472168,55,maximum
10.155570983886719,0.15706223249435425,False,False,family-00316-maximum,family-00316,0.979908287525177,0.09839582750052178,0.5,2,0.9294592452404317,10.926321983337402,55,maximum
7.740279197692871,0.13425135612487793,False,False,family-00316-maximum,family-00316,0.9946703314781189,0.033213410454178936,0.5,3,0.5147651351498769,15.03652572631836,55,maximum
3.7595374584198,0.14730846881866455,True,False,family-00316-minimum,family-00316,0.9765461683273315,0.11119231075754603,0.0,0,0.3360729077970168,11.18667221069336,55,minimum
7.1118903160095215,0.6007131338119507,True,False,family-00316-minimum,family-00316,0.9564566612243652,0.1790460203936564,0.0,1,0.7158448604236635,9.93496036529541,55,minimum
7.137631893157959,-0.015030086040496826,True,False,family-00316-minimum,family-00316,0.9801087975502014,0.09761539026572674,0.0,2,0.612956838928378,11.644591331481934,55,minimum
7.908594608306885,0.11008697748184204,True,False,family-00316-minimum,family-00316,0.9815824031829834,0.09181508803225918,0.0,3,0.5615981361423842,14.08230209350586,55,minimum
4.182793617248535,-0.03999841958284378,True,False,family-00316-sum_mod_10,family-00316,0.9709007740020752,0.13159691008851393,1.0,0,0.4284391088224437,9.762866020202637,55,sum_mod_10
4.913999080657959,0.0384291410446167,True,False,family-00316-sum_mod_10,family-00316,0.9687927961349487,0.13891380681211168,1.0,1,0.5189329343303841,9.469429969787598,55,sum_mod_10
5.561738014221191,-0.01941915601491928,True,False,family-00316-sum_mod_10,family-00316,0.9781342148780823,0.1052141943144758,1.0,2,0.5257208519232439,10.57926082611084,55,sum_mod_10
11.217829704284668,-0.07608302682638168,True,True,family-00316-sum_mod_10,family-00316,0.9952273368835449,0.030270428190848197,1.0,3,0.9069652465926002,12.36853313446045,55,sum_mod_10
8.589208602905273,0.23026853799819946,True,False,family-00317-maximum,family-00317,0.9872077107429504,0.0684705887761132,0.0,0,0.8586587365516947,10.003052711486816,55,maximum
3.500839948654175,-0.0072876811027526855,True,False,family-00317-maximum,family-00317,0.9594695568084717,0.16962627649687112,0.0,1,0.3755136093499074,9.32280445098877,55,maximum
10.107213020324707,0.0418892502784729,True,False,family-00317-maximum,family-00317,0.977120041847229,0.10904509581008241,0.0,2,1.1232520761208085,8.998169898986816,55,maximum
9.551777839660645,0.1341124176979065,True,False,family-00317-maximum,family-00317,0.9945816397666931,0.03367645240158482,0.0,3,0.5953601359469242,16.043697357177734,55,maximum
6.843354225158691,0.6541584730148315,False,False,family-00317-minimum,family-00317,0.982251763343811,0.0891412644236175,1.0,0,0.7328711077012889,9.337732315063477,55,minimum
4.827647686004639,0.5611299276351929,False,False,family-00317-minimum,family-00317,0.9698808193206787,0.13515620824000557,1.0,1,0.5829181330334464,8.281862258911133,55,minimum
7.415690898895264,0.30391252040863037,False,False,family-00317-minimum,family-00317,0.9588603377342224,0.17154929567604674,1.0,2,0.8943765577860259,8.291463851928711,55,minimum
9.815723419189453,0.4819808304309845,False,False,family-00317-minimum,family-00317,0.9654381275177002,0.15025845324931422,1.0,3,0.86034048730938,11.409114837646484,55,minimum
4.963613510131836,-0.014169363304972649,True,False,family-00317-sum_mod_10,family-00317,0.9765461683273315,0.11119231075754603,0.5,0,0.443707781603461,11.18667221069336,55,sum_mod_10
3.6127421855926514,-0.01408798061311245,True,False,family-00317-sum_mod_10,family-00317,0.9581763744354248,0.17369704234876387,0.5,1,0.32721194263400694,11.040985107421875,55,sum_mod_10
4.493185520172119,-0.0071382950991392136,True,False,family-00317-sum_mod_10,family-00317,0.9860842823982239,0.07330446511005284,0.5,2,0.3965891765068729,11.329571723937988,55,sum_mod_10
14.372212409973145,0.0023176781833171844,True,True,family-00317-sum_mod_10,family-00317,0.9931208491325378,0.041108516192284096,0.5,3,1.1046255741516409,13.01093578338623,55,sum_mod_10
6.950695991516113,0.06276452541351318,False,False,family-00318-maximum,family-00318,0.9839814305305481,0.08211045411503394,1.0,0,0.6630364170304877,10.483128547668457,55,maximum
3.839332342147827,0.03711843490600586,False,False,family-00318-maximum,family-00318,0.9685747623443604,0.1396620560556403,1.0,1,0.3861786533658085,9.941855430603027,55,maximum
7.280576705932617,-0.0014843940734863281,False,False,family-00318-maximum,family-00318,0.9801180362701416,0.09757938121823337,1.0,2,0.7458696824368798,9.761191368103027,55,maximum
11.489480018615723,0.23563814163208008,False,False,family-00318-maximum,family-00318,0.9914106130599976,0.0494140634026993,1.0,3,0.8826965267707573,13.016342163085938,55,maximum
6.955254077911377,0.20135831832885742,True,False,family-00318-minimum,family-00318,0.9855624437332153,0.07551807254050555,0.5,0,0.6495477016091755,10.707841873168945,55,minimum
4.263492107391357,0.05066162347793579,True,False,family-00318-minimum,family-00318,0.9650651812553406,0.15149822421796288,0.5,1,0.4714758709277346,9.042863845825195,55,minimum
9.073314666748047,0.816040575504303,True,False,family-00318-minimum,family-00318,0.9696311950683594,0.13602184268027484,0.5,2,0.9353614641962033,9.700329780578613,55,minimum
8.57677936553955,0.28621047735214233,True,False,family-00318-minimum,family-00318,0.9795286655426025,0.09986783814296854,0.5,3,0.6569930447199037,13.054596900939941,55,minimum
4.174983024597168,-0.04711005836725235,True,False,family-00318-sum_mod_10,family-00318,0.9765461683273315,0.11119231075754603,0.0,0,0.3732104549024235,11.18667221069336,55,sum_mod_10
3.843965768814087,0.0045511797070503235,True,False,family-00318-sum_mod_10,family-00318,0.957904577255249,0.17454727457215505,0.0,1,0.3795113155036872,10.128725051879883,55,sum_mod_10
5.366656303405762,-0.018833912909030914,True,False,family-00318-sum_mod_10,family-00318,0.9852786064147949,0.07671401244043813,0.0,2,0.5154803578552319,10.410981178283691,55,sum_mod_10
10.046768188476562,-0.007456548511981964,True,True,family-00318-sum_mod_10,family-00318,0.9931649565696716,0.04088905557689293,0.0,3,0.7716056616642331,13.020599365234375,55,sum_mod_10
5.537577152252197,0.22128838300704956,True,False,family-00319-maximum,family-00319,0.9807712435722351,0.09502220315779537,0.5,0,0.5180480891604672,10.689311027526855,55,maximum
6.312698841094971,0.0003942251205444336,True,False,family-00319-maximum,family-00319,0.965221643447876,0.15097860773863905,0.5,1,0.7268907124695626,8.68452262878418,55,maximum
11.347299575805664,0.5263456106185913,True,False,family-00319-maximum,family-00319,0.9730000495910645,0.1241537938714784,0.5,2,1.0868136058746454,10.440888404846191,55,maximum
7.048080921173096,0.1067703366279602,True,False,family-00319-maximum,family-00319,0.9938210844993591,0.037589535435820456,0.5,3,0.4384729548613851,16.07415199279785,55,maximum
4.48227596282959,0.055965423583984375,True,False,family-00319-minimum,family-00319,0.9709007740020752,0.13159691008851393,0.0,0,0.4591147674826492,9.762866020202637,55,minimum
6.667148113250732,0.37556344270706177,True,False,family-00319-minimum,family-00319,0.9690595865249634,0.1379960942365177,0.0,1,0.7201105925714498,9.258505821228027,55,minimum
5.2220611572265625,-0.10977452993392944,True,False,family-00319-minimum,family-00319,0.9698377847671509,0.1353055929988863,0.0,2,0.49102098071158357,10.63510799407959,55,minimum
7.6912384033203125,0.026823341846466064,True,False,family-00319-minimum,family-00319,0.9828700423240662,0.08664867268874263,0.0,3,0.663607568741248,11.59004020690918,55,minimum
6.884030818939209,-0.0033172164112329483,True,False,family-00319-sum_mod_10,family-00319,0.9826276898384094,0.08762837872362726,1.0,0,0.58706006459391,11.726280212402344,55,sum_mod_10
4.24531364440918,-0.01721670664846897,True,False,family-00319-sum_mod_10,family-00319,0.9789214730262756,0.10220738132056562,1.0,1,0.369017765356895,11.504361152648926,55,sum_mod_10
7.739245414733887,-0.01598534546792507,True,False,family-00319-sum_mod_10,family-00319,0.9862311482429504,0.07267792176211023,1.0,2,0.6457918498888054,11.98411750793457,55,sum_mod_10
12.07429313659668,0.011081170290708542,True,True,family-00319-sum_mod_10,family-00319,0.9966959953308105,0.022173063611259557,1.0,3,0.7885520810145933,15.311979293823242,55,sum_mod_10
6.128147602081299,0.08780169486999512,False,False,family-00320-maximum,family-00320,0.9887405037879944,0.06171208723210733,0.0,0,0.4995331424909287,12.267749786376953,55,maximum
4.757201671600342,0.021259307861328125,False,False,family-00320-maximum,family-00320,0.9743446111679077,0.11929916961328922,0.0,1,0.4836148084635082,9.83675765991211,55,maximum
8.740723609924316,0.01164478063583374,False,False,family-00320-maximum,family-00320,0.9779266715049744,0.10600200546499938,0.0,2,0.8242666053921293,10.604243278503418,55,maximum
13.449106216430664,0.5604274272918701,False,False,family-00320-maximum,family-00320,0.995804488658905,0.02715183632171935,0.0,3,0.8920334406036352,15.076908111572266,55,maximum
5.910194396972656,0.058377861976623535,False,False,family-00320-minimum,family-00320,0.9877511262893677,0.06609702556704718,1.0,0,0.5575683484319041,10.599946022033691,55,minimum
4.622704982757568,0.02533775568008423,False,False,family-00320-minimum,family-00320,0.9607922434806824,0.1654181305570022,1.0,1,0.534217414165785,8.653227806091309,55,minimum
9.89427661895752,0.6353379487991333,False,False,family-00320-minimum,family-00320,0.9672918319702148,0.14403352790552104,1.0,2,1.038339149922892,9.528944969177246,55,minimum
8.724822998046875,0.04396337270736694,False,False,family-00320-minimum,family-00320,0.9787171483039856,0.1029906113200409,1.0,3,0.6725959483119559,12.971863746643066,55,minimum
7.456128120422363,0.01769467070698738,False,False,family-00320-sum_mod_10,family-00320,0.9877796173095703,0.06597191650829523,0.5,0,0.588127586165134,12.677739143371582,55,sum_mod_10
5.461828231811523,0.0030035004019737244,False,False,family-00320-sum_mod_10,family-00320,0.9806901812553406,0.09534076072754384,0.5,1,0.45602937179948294,11.976922035217285,55,sum_mod_10
8.332261085510254,-6.295740604400635e-06,False,False,family-00320-sum_mod_10,family-00320,0.9838111996650696,0.08281052464315636,0.5,2,0.6408150584122457,13.002598762512207,55,sum_mod_10
13.101115226745605,0.0011194534599781036,False,True,family-00320-sum_mod_10,family-00320,0.996487021446228,0.02335966492740816,0.5,3,0.7513745695633439,17.43619728088379,55,sum_mod_10
6.718113899230957,0.06955599784851074,False,False,family-00321-maximum,family-00321,0.9839814305305481,0.08211045411503394,1.0,0,0.6408500924778917,10.483128547668457,55,maximum
6.3481574058532715,-0.0009095072746276855,False,False,family-00321-maximum,family-00321,0.9683353900909424,0.14048173650302176,1.0,1,0.6238323863969167,10.17606258392334,55,maximum
6.048586845397949,0.047622084617614746,False,False,family-00321-maximum,family-00321,0.9849379062652588,0.0781422160206736,1.0,2,0.5015304722081445,12.060257911682129,55,maximum
12.694602966308594,0.455533504486084,False,False,family-00321-maximum,family-00321,0.9960318207740784,0.02590213594580308,1.0,3,0.9049472216050821,14.028003692626953,55,maximum
4.90460729598999,0.0026213526725769043,False,False,family-00321-minimum,family-00321,0.974578320980072,0.11844806858634942,0.5,0,0.5136309841262232,9.548892974853516,55,minimum
6.843298435211182,-0.044409751892089844,False,False,family-00321-minimum,family-00321,0.9684072732925415,0.14023578439789935,0.5,1,0.8020616677277783,8.532135009765625,55,minimum
8.15858268737793,0.38520801067352295,False,False,family-00321-minimum,family-00321,0.96670001745224,0.14603242678237746,0.5,2,0.8149111440551186,10.011622428894043,55,minimum
5.83561372756958,0.3031342923641205,False,False,family-00321-minimum,family-00321,0.983747661113739,0.083071358160088,0.5,3,0.4379825552361097,13.32384967803955,55,minimum
5.663061141967773,-0.03861336410045624,False,False,family-00321-sum_mod_10,family-00321,0.9682032465934753,0.14093343296117808,0.0,0,0.5314811382216131,10.655243873596191,55,sum_mod_10
4.409521579742432,-0.018911242485046387,False,False,family-00321-sum_mod_10,family-00321,0.9648566246032715,0.1521897197762198,0.0,1,0.39864288492934696,11.061332702636719,55,sum_mod_10
5.880406379699707,-0.0036812424659729004,False,False,family-00321-sum_mod_10,family-00321,0.9864994287490845,0.07152929915570827,0.0,2,0.4684808048744074,12.552075386047363,55,sum_mod_10
8.584647178649902,-0.015953145921230316,False,True,family-00321-sum_mod_10,family-00321,0.9966509938240051,0.022429685087392653,0.0,3,0.5511896772581764,15.574760437011719,55,sum_mod_10
5.2043890953063965,0.055829405784606934,False,False,family-00322-maximum,family-00322,0.982251763343811,0.0891412644236175,0.5,0,0.5573504272456773,9.337732315063477,55,maximum
6.1300435066223145,0.0031431913375854492,False,False,family-00322-maximum,family-00322,0.9678331017494202,0.14219565968853023,0.5,1,0.7689786151924388,7.971669673919678,55,maximum
7.563162326812744,0.4056538939476013,False,False,family-00322-maximum,family-00322,0.9444847106933594,0.21444505684843965,0.5,2,0.8783871074571661,8.610283851623535,55,maximum
13.329937934875488,0.5797582864761353,False,False,family-00322-maximum,family-00322,0.9835255146026611,0.08398131832180906,0.5,3,1.0478337038277863,12.72142505645752,55,maximum
7.612703800201416,-0.10325387120246887,False,False,family-00322-minimum,family-00322,0.9829602241516113,0.08628322608637254,0.0,0,0.7216754644941933,10.548652648925781,55,minimum
4.94984245300293,0.007052868604660034,False,False,family-00322-minimum,family-00322,0.9651133418083191,0.1513383588165575,0.0,1,0.5540346712657905,8.934174537658691,55,minimum
5.107946872711182,-0.037796929478645325,False,False,family-00322-minimum,family-00322,0.9241417050361633,0.26853547170204706,0.0,2,0.5543594215900695,9.214142799377441,55,minimum
5.735321998596191,0.04407964646816254,False,False,family-00322-minimum,family-00322,0.9528155326843262,0.19014010749040522,0.0,3,0.5267393355780046,10.888349533081055,55,minimum
7.366035461425781,-0.020895779132843018,False,False,family-00322-sum_mod_10,family-00322,0.9877796173095703,0.06597191650829523,1.0,0,0.5810212198029829,12.677739143371582,55,sum_mod_10
5.363697528839111,-0.005818009376525879,False,False,family-00322-sum_mod_10,family-00322,0.9797657132148743,0.09894952040793248,1.0,1,0.4907578965481255,10.92941665649414,55,sum_mod_10
5.6792731285095215,-0.005579683929681778,False,False,family-00322-sum_mod_10,family-00322,0.9640019536018372,0.15501016653076807,1.0,2,0.5203980879891991,10.913324356079102,55,sum_mod_10
14.355871200561523,0.019293442368507385,False,True,family-00322-sum_mod_10,family-00322,0.9887036681175232,0.061876874087693316,1.0,3,1.1121681876713472,12.908003807067871,55,sum_mod_10
6.747252941131592,-0.13470694422721863,True,False,family-00323-maximum,family-00323,0.9748644232749939,0.11740316644253693,0.0,0,0.7156180774139138,9.428566932678223,55,maximum
4.471252918243408,0.061289429664611816,True,False,family-00323-maximum,family-00323,0.9569472074508667,0.1775275888722045,0.0,1,0.45746767467753713,9.773921012878418,55,maximum
9.209525108337402,0.4738178253173828,True,False,family-00323-maximum,family-00323,0.9857649207115173,0.07466148811759993,0.0,2,0.8509005932583248,10.823267936706543,55,maximum
8.170377731323242,0.3354833722114563,True,False,family-00323-maximum,family-00323,0.9963272213935852,0.02425858571097646,0.0,3,0.5709054628924131,14.311262130737305,55,maximum
5.632396221160889,0.12601494789123535,False,False,family-00323-minimum,family-00323,0.9877511262893677,0.06609702556704718,1.0,0,0.5313608398998493,10.599946022033691,55,minimum
4.256044387817383,0.10278165340423584,False,False,family-00323-minimum,family-00323,0.9572003483772278,0.17674173842068056,1.0,1,0.4964880381029176,8.57229995727539,55,minimum
11.418000221252441,0.009984791278839111,False,False,family-00323-minimum,family-00323,0.9692487120628357,0.1373440985068935,1.0,2,1.3294583968536207,8.588459968566895,55,minimum
9.27568244934082,0.2972291111946106,False,False,family-00323-minimum,family-00323,0.9707754850387573,0.1320360852996151,1.0,3,0.6890233682246947,13.462072372436523,55,minimum
7.095775604248047,0.0008335933089256287,True,False,family-00323-sum_mod_10,family-00323,0.9872077107429504,0.0684705887761132,0.5,0,0.7093610129735443,10.003052711486816,55,sum_mod_10
4.278085708618164,0.003445025533437729,True,False,family-00323-sum_mod_10,family-00323,0.9679639339447021,0.14175001569810866,0.5,1,0.46911003327452416,9.11957836151123,55,sum_mod_10
8.883464813232422,-0.009903475642204285,True,False,family-00323-sum_mod_10,family-00323,0.9903319478034973,0.05447056730734308,0.5,2,0.8766992245790074,10.132853507995605,55,sum_mod_10
12.642251968383789,0.003206716850399971,True,True,family-00323-sum_mod_10,family-00323,0.9965227842330933,0.023157501567990988,0.5,3,0.8623795378588981,14.659730911254883,55,sum_mod_10
7.424098968505859,0.4200649559497833,False,False,family-00324-maximum,family-00324,0.982251763343811,0.0891412644236175,1.0,0,0.7950644458429618,9.337732315063477,55,maximum
3.359086275100708,-0.08821183443069458,False,False,family-00324-maximum,family-00324,0.95992511510849,0.1681820629765592,1.0,1,0.428544457479772,7.8383612632751465,55,maximum
7.4683074951171875,-0.07012993097305298,False,False,family-00324-maximum,family-00324,0.959999680519104,0.1679451630603292,1.0,2,0.9662287058991912,7.729337215423584,55,maximum
9.72549819946289,0.09121060371398926,False,False,family-00324-maximum,family-00324,0.9888123273849487,0.061390428655757966,1.0,3,0.820696381923621,11.850299835205078,55,maximum
7.6376633644104,0.046591293066740036,False,False,family-00324-minimum,family-00324,0.982559323310852,0.08790412505115772,0.5,0,0.712452861106542,10.720236778259277,55,minimum
6.673995018005371,0.05621308088302612,False,False,family-00324-minimum,family-00324,0.9537715911865234,0.18725657931164408,0.5,1,0.809921721662801,8.240296363830566,55,minimum
8.085800170898438,0.0012293681502342224,False,False,family-00324-minimum,family-00324,0.9595776796340942,0.16928399005790046,0.5,2,0.997220721304565,8.108335494995117,55,minimum
9.243353843688965,0.03780520707368851,False,False,family-00324-minimum,family-00324,0.9670498371124268,0.1448522110520114,0.5,3,0.7560037555427757,12.226597785949707,55,minimum
7.37761116027832,0.002732396125793457,False,False,family-00324-sum_mod_10,family-00324,0.9877796173095703,0.06597191650829523,0.0,0,0.5819342926089172,12.677739143371582,55,sum_mod_10
5.274544715881348,0.0021984437480568886,False,False,family-00324-sum_mod_10,family-00324,0.980229377746582,0.09714506905643926,0.0,1,0.5091713727083766,10.359075546264648,55,sum_mod_10
7.682989597320557,-0.010990452952682972,False,False,family-00324-sum_mod_10,family-00324,0.9819477796554565,0.09035868609438694,0.0,2,0.6622561597306716,11.601235389709473,55,sum_mod_10
8.60030746459961,-0.0020177606493234634,False,True,family-00324-sum_mod_10,family-00324,0.9966363906860352,0.02251282882199721,0.0,3,0.5845585537606542,14.712482452392578,55,sum_mod_10
5.525595188140869,-0.047150373458862305,True,False,family-00325-maximum,family-00325,0.9807712435722351,0.09502220315779537,0.5,0,0.5169271596561733,10.689311027526855,55,maximum
8.571516036987305,-0.12546736001968384,True,False,family-00325-maximum,family-00325,0.9644230008125305,0.15362335569736169,0.5,1,0.9621239701969008,8.908951759338379,55,maximum
10.218981742858887,-0.035630881786346436,True,False,family-00325-maximum,family-00325,0.982684314250946,0.08739978523135566,0.5,2,0.9152622678175358,11.165085792541504,55,maximum
13.957895278930664,0.6102672815322876,True,False,family-00325-maximum,family-00325,0.994490385055542,0.03415135187250188,0.5,3,0.8800616696195647,15.860133171081543,55,maximum
5.951563358306885,0.21070313453674316,False,False,family-00325-minimum,family-00325,0.9887405037879944,0.06171208723210733,0.0,0,0.4851389588101932,12.267749786376953,55,minimum
8.687102317810059,0.06422394514083862,False,False,family-00325-minimum,family-00325,0.9760226011276245,0.11313874539149005,0.0,1,0.8646486156262126,10.046974182128906,55,minimum
6.565743446350098,0.05965930223464966,False,False,family-00325-minimum,family-00325,0.978376030921936,0.1042937463408046,0.0,2,0.4694570779064831,13.985822677612305,55,minimum
6.913815498352051,0.02035742998123169,False,False,family-00325-minimum,family-00325,0.9394333362579346,0.22852387944738628,0.0,3,0.42322873120718185,16.33588409423828,55,minimum
5.8143720626831055,0.06956023722887039,False,False,family-00325-sum_mod_10,family-00325,0.9887405037879944,0.06171208723210733,1.0,0,0.4739558732392658,12.267749786376953,55,sum_mod_10
7.681337356567383,0.006879068911075592,False,False,family-00325-sum_mod_10,family-00325,0.9766228199005127,0.11090634954868334,1.0,1,0.7575385015901369,10.139863967895508,55,sum_mod_10
5.645116806030273,0.05666521191596985,False,False,family-00325-sum_mod_10,family-00325,0.9830475449562073,0.08592891062620207,1.0,2,0.44491561699489274,12.688061714172363,55,sum_mod_10
12.715045928955078,0.044267721474170685,False,True,family-00325-sum_mod_10,family-00325,0.9906758069992065,0.05287252129184339,1.0,3,0.8600551007902975,14.783989906311035,55,sum_mod_10
6.536026477813721,0.05164968967437744,False,False,family-00326-maximum,family-00326,0.9887405037879944,0.06171208723210733,0.0,0,0.5327812020646056,12.267749786376953,55,maximum
7.670365333557129,0.06647562980651855,False,False,family-00326-maximum,family-00326,0.9741963744163513,0.1198378696599815,0.0,1,0.7978042867383811,9.614344596862793,55,maximum
8.192154884338379,0.2703233063220978,False,False,family-00326-maximum,family-00326,0.9837715029716492,0.08297351407060156,0.0,2,0.6863974266539894,11.935002326965332,55,maximum
8.512510299682617,0.3729100227355957,False,False,family-00326-maximum,family-00326,0.9926475286483765,0.04344599956281109,0.0,3,0.5702182489995963,14.928512573242188,55,maximum
5.051229476928711,0.27608054876327515,True,False,family-00326-minimum,family-00326,0.9887803792953491,0.06153356406557892,1.0,0,0.4572937105212128,11.045919418334961,55,minimum
7.414693832397461,0.6560827493667603,True,False,family-00326-minimum,family-00326,0.9643058180809021,0.1540098389728004,1.0,1,0.8155160635225785,9.092026710510254,55,minimum
10.786263465881348,0.29956817626953125,True,False,family-00326-minimum,family-00326,0.9851468205451965,0.07726739357438316,1.0,2,0.9792433823335243,11.01489543914795,55,minimum
7.539071559906006,0.0028221607208251953,True,False,family-00326-minimum,family-00326,0.964936375617981,0.15192544722627993,1.0,3,0.4669118676322322,16.146669387817383,55,minimum
5.2288618087768555,-0.011790923774242401,True,False,family-00326-sum_mod_10,family-00326,0.9807712435722351,0.09502220315779537,0.5,0,0.4891673369136343,10.689311027526855,55,sum_mod_10
7.641471862792969,0.0064221397042274475,True,False,family-00326-sum_mod_10,family-00326,0.9614298343658447,0.16337312748406307,0.5,1,0.8458297882222789,9.034290313720703,55,sum_mod_10
4.926784515380859,-0.004795335233211517,True,False,family-00326-sum_mod_10,family-00326,0.9847466945648193,0.07894032974421425,0.5,2,0.44260267550551263,11.131393432617188,55,sum_mod_10
14.366097450256348,-0.01125246286392212,True,True,family-00326-sum_mod_10,family-00326,0.9919467568397522,0.046850893031694596,0.5,3,1.134929900645053,12.658136367797852,55,sum_mod_10
6.78935432434082,-0.06637372821569443,False,False,family-00327-maximum,family-00327,0.982251763343811,0.0891412644236175,1.0,0,0.7270881296723772,9.337732315063477,55,maximum
6.736617088317871,0.030613768845796585,False,False,family-00327-maximum,family-00327,0.9680719971656799,0.14138151181529746,1.0,1,0.7491889099947289,8.991880416870117,55,maximum
7.3253703117370605,0.07364658266305923,False,False,family-00327-maximum,family-00327,0.9780043363571167,0.10570743311227859,1.0,2,0.6857603797801055,10.682113647460938,55,maximum
7.226070404052734,0.024815283715724945,False,False,family-00327-maximum,family-00327,0.9904594421386719,0.05387951626044947,1.0,3,0.5753666089534617,12.55907154083252,55,maximum
5.49970817565918,0.34227871894836426,False,False,family-00327-minimum,family-00327,0.974578320980072,0.11844806858634942,0.5,0,0.575952436595777,9.548892974853516,55,minimum
7.633760929107666,0.6528648734092712,False,False,family-00327-minimum,family-00327,0.9682970643043518,0.14061280126980802,0.5,1,0.868261050003623,8.792011260986328,55,minimum
8.994053840637207,0.3044505715370178,False,False,family-00327-minimum,family-00327,0.9763601422309875,0.11188524634850809,0.5,2,0.9213441752484057,9.761882781982422,55,minimum
5.887342929840088,0.08387565612792969,False,False,family-00327-minimum,family-00327,0.9669399261474609,0.14522343874478288,0.5,3,0.37953595407298374,15.511950492858887,55,minimum
5.661581993103027,-0.012560384348034859,False,False,family-00327-sum_mod_10,family-00327,0.9682032465934753,0.14093343296117808,0.0,0,0.5313423193562457,10.655243873596191,55,sum_mod_10
5.515585422515869,-0.014006396755576134,False,False,family-00327-sum_mod_10,family-00327,0.9650549292564392,0.1515322460874711,0.0,1,0.48850773595172214,11.290681838989258,55,sum_mod_10
6.373310565948486,-0.004690587520599365,False,False,family-00327-sum_mod_10,family-00327,0.9893109798431396,0.05914421443427186,0.0,2,0.4897066281676148,13.014548301696777,55,sum_mod_10
8.786588668823242,-0.005093270912766457,False,True,family-00327-sum_mod_10,family-00327,0.9948299527168274,0.03237630414661068,0.0,3,0.5550126554537725,15.831330299377441,55,sum_mod_10
5.4456257820129395,0.40032675862312317,False,False,family-00328-maximum,family-00328,0.982251763343811,0.0891412644236175,0.5,0,0.5831850387516619,9.337732315063477,55,maximum
6.4786505699157715,-0.047278404235839844,False,False,family-00328-maximum,family-00328,0.9706289172172546,0.13254914718713282,0.5,1,0.7926102117078457,8.173816680908203,55,maximum
7.414811134338379,0.8538951873779297,False,False,family-00328-maximum,family-00328,0.9608097672462463,0.16536206999424558,0.5,2,0.7114598207851687,10.421967506408691,55,maximum
10.443154335021973,0.5223649740219116,False,False,family-00328-maximum,family-00328,0.9790927171707153,0.10154940015910827,0.5,3,0.8980495641067572,11.628705978393555,55,maximum
5.81051778793335,0.04101598262786865,False,False,family-00328-minimum,family-00328,0.9887405037879944,0.06171208723210733,0.0,0,0.47364169379993326,12.267749786376953,55,minimum
7.21189546585083,0.05013000965118408,False,False,family-00328-minimum,family-00328,0.9756053686141968,0.1146814666956768,0.0,1,0.7500785317854116,9.614853858947754,55,minimum
8.558438301086426,0.02154982089996338,False,False,family-00328-minimum,family-00328,0.9750369787216187,0.11677134724803967,0.0,2,0.7089245993357692,12.072423934936523,55,minimum
7.186002731323242,0.04686605930328369,False,False,family-00328-minimum,family-00328,0.9112598299980164,0.2996133056852186,0.0,3,0.44798659393992435,16.040664672851562,55,minimum
6.61437463760376,-0.0021116062998771667,True,False,family-00328-sum_mod_10,family-00328,0.9872077107429504,0.0684705887761132,1.0,0,0.6612356076068926,10.003052711486816,55,sum_mod_10
6.539305686950684,-0.006347283720970154,True,False,family-00328-sum_mod_10,family-00328,0.9693573117256165,0.13696916759245878,1.0,1,0.8009142180352197,8.164801597595215,55,sum_mod_10
5.90006160736084,0.05325203388929367,True,False,family-00328-sum_mod_10,family-00328,0.9793174266815186,0.1006838108451362,1.0,2,0.6091934034949932,9.685038566589355,55,sum_mod_10
12.967230796813965,0.00538703054189682,True,True,family-00328-sum_mod_10,family-00328,0.9870577454566956,0.06912145658517876,1.0,3,1.0755147128674638,12.056767463684082,55,sum_mod_10
7.39954137802124,0.11134088039398193,True,False,family-00329-maximum,family-00329,0.9826276898384094,0.08762837872362726,0.0,0,0.631022049958783,11.726280212402344,55,maximum
5.844182014465332,-0.04943954944610596,True,False,family-00329-maximum,family-00329,0.9744442701339722,0.1189365099050518,0.0,1,0.49450043913855896,11.818355560302734,55,maximum
9.729007720947266,0.4799000024795532,True,False,family-00329-maximum,family-00329,0.9848559498786926,0.07848460030426108,0.0,2,0.9169378623301246,10.610323905944824,55,maximum
8.593602180480957,0.29307857155799866,True,False,family-00329-maximum,family-00329,0.9961662292480469,0.025157154179838905,0.0,3,0.536776609118497,16.0096435546875,55,maximum
7.566206455230713,0.2186257243156433,True,False,family-00329-minimum,family-00329,0.9855624437332153,0.07551807254050555,1.0,0,0.7066042387299022,10.707841873168945,55,minimum
7.119265079498291,0.48917192220687866,True,False,family-00329-minimum,family-00329,0.9667283296585083,0.1459370494365228,1.0,1,0.705365770001578,10.093011856079102,55,minimum
10.004323959350586,0.5646581649780273,True,False,family-00329-minimum,family-00329,0.9747784733772278,0.11771742181355357,1.0,2,0.8414994056324975,11.888688087463379,55,minimum
7.812146186828613,0.3197413682937622,True,False,family-00329-minimum,family-00329,0.9498477578163147,0.198963267424416,1.0,3,0.49635791789751876,15.738937377929688,55,minimum
6.626302719116211,-0.08179331570863724,True,False,family-00329-sum_mod_10,family-00329,0.9807712435722351,0.09502220315779537,0.5,0,0.6198998889687386,10.689311027526855,55,sum_mod_10
6.863637447357178,-0.039854176342487335,True,False,family-00329-sum_mod_10,family-00329,0.9611958265304565,0.16412494631198,0.5,1,0.7903164825791058,8.684669494628906,55,sum_mod_10
6.411216735839844,0.008400177583098412,True,False,family-00329-sum_mod_10,family-00329,0.9824966192245483,0.08815679292923366,0.5,2,0.6643543986111766,9.650296211242676,55,sum_mod_10
13.803545951843262,0.014470988884568214,True,True,family-00329-sum_mod_10,family-00329,0.985397458076477,0.07621391666838126,0.5,3,1.1104139452738926,12.430991172790527,55,sum_mod_10
6.392027378082275,0.1695498824119568,True,False,family-00330-maximum,family-00330,0.9855624437332153,0.07551807254050555,1.0,0,0.5969482416525992,10.707841873168945,55,maximum
4.1453857421875,0.006916165351867676,True,False,family-00330-maximum,family-00330,0.9581661820411682,0.1737289592537215,1.0,1,0.47067435121304907,8.807332992553711,55,maximum
6.80394983291626,0.366024911403656,True,False,family-00330-maximum,family-00330,0.9667010307312012,0.14602901370713386,1.0,2,0.7176337452471387,9.48108959197998,55,maximum
13.872913360595703,0.6241436004638672,True,False,family-00330-maximum,family-00330,0.9910789132118225,0.05098279447396045,1.0,3,1.0446347334131212,13.280157089233398,55,maximum
5.423662185668945,-0.03233788534998894,False,False,family-00330-minimum,family-00330,0.982251763343811,0.0891412644236175,0.5,0,0.5808329048927203,9.337732315063477,55,minimum
5.437244415283203,-0.10418428480625153,False,False,family-00330-minimum,family-00330,0.9657672643661499,0.1491608549014437,0.5,1,0.6811129614235248,7.982882022857666,55,minimum
6.343639850616455,-0.0022192802280187607,False,False,family-00330-minimum,family-00330,0.9463348984718323,0.20916866932420808,0.5,2,0.7783804280947633,8.14979362487793,55,minimum
9.625530242919922,-0.21178153157234192,False,False,family-00330-minimum,family-00330,0.9790575504302979,0.10168463984759764,0.5,3,0.9271087381314401,10.382309913635254,55,minimum
6.137838840484619,0.06052841246128082,False,False,family-00330-sum_mod_10,family-00330,0.9682032465934753,0.14093343296117808,0.0,0,0.5760392641687206,10.655243873596191,55,sum_mod_10
4.127622604370117,-0.028888985514640808,False,False,family-00330-sum_mod_10,family-00330,0.9632748961448669,0.15739289391029748,0.0,1,0.38080462695826467,10.839213371276855,55,sum_mod_10
4.661784648895264,0.007575958967208862,False,False,family-00330-sum_mod_10,family-00330,0.982120931148529,0.0896658777320148,0.0,2,0.3900217876674637,11.95262622833252,55,sum_mod_10
7.278174877166748,0.040170080959796906,False,True,family-00330-sum_mod_10,family-00330,0.9948491454124451,0.03227532066396375,0.0,3,0.5238443751618627,13.893773078918457,55,sum_mod_10
5.200069427490234,0.09387868642807007,False,False,family-00331-maximum,family-00331,0.982559323310852,0.08790412505115772,0.5,0,0.4850703893067003,10.720236778259277,55,maximum
5.70064640045166,0.04728221893310547,False,False,family-00331-maximum,family-00331,0.9553979635238647,0.18230349093749887,0.5,1,0.621838732620812,9.167403221130371,55,maximum
9.99807071685791,0.2940186858177185,False,False,family-00331-maximum,family-00331,0.9734421968460083,0.12256515468610708,0.5,2,1.0445268122033364,9.571866035461426,55,maximum
8.350019454956055,0.12356209754943848,False,False,family-00331-maximum,family-00331,0.9931914210319519,0.040757241761302784,0.5,3,0.5471806040401709,15.260079383850098,55,maximum
5.413277626037598,0.06118956208229065,True,False,family-00331-minimum,family-00331,0.9748644232749939,0.11740316644253693,0.0,0,0.5741357795611399,9.428566932678223,55,minimum
5.069060325622559,0.21269261837005615,True,False,family-00331-minimum,family-00331,0.9606027007102966,0.16602397970069363,0.0,1,0.5603070966044428,9.046932220458984,55,minimum
10.266985893249512,0.15159285068511963,True,False,family-00331-minimum,family-00331,0.9832025170326233,0.08529896332817109,0.0,2,0.9374630460326917,10.951883316040039,55,minimum
7.3880767822265625,0.21186000108718872,True,False,family-00331-minimum,family-00331,0.9825573563575745,0.08791205442619704,0.0,3,0.4317760259680037,17.11090087890625,55,minimum
4.604649066925049,0.004698973149061203,True,False,family-00331-sum_mod_10,family-00331,0.9709007740020752,0.13159691008851393,1.0,0,0.47164931459639914,9.762866020202637,55,sum_mod_10
3.3561017513275146,-0.004528988152742386,True,False,family-00331-sum_mod_10,family-00331,0.9674723148345947,0.14342173922554619,1.0,1,0.3506246501602413,9.571779251098633,55,sum_mod_10
9.401789665222168,0.004803486168384552,True,False,family-00331-sum_mod_10,family-00331,0.9776555299758911,0.10702822441336986,1.0,2,0.988036315992713,9.515631675720215,55,sum_mod_10
11.035425186157227,0.030024021863937378,True,True,family-00331-sum_mod_10,family-00331,0.9938395619392395,0.03749563455689607,1.0,3,0.790122912220803,13.966719627380371,55,sum_mod_10
7.243561267852783,0.14006102085113525,False,False,family-00332-maximum,family-00332,0.9887405037879944,0.06171208723210733,0.0,0,0.5904555761233887,12.267749786376953,55,maximum
4.153491020202637,0.1062706708908081,False,False,family-00332-maximum,family-00332,0.9686193466186523,0.1395091789385811,0.0,1,0.4257282417019546,9.756202697753906,55,maximum
12.282423973083496,0.04867619276046753,False,False,family-00332-maximum,family-00332,0.9747052788734436,0.11798480318049515,0.0,2,1.3336169548287984,9.209858894348145,55,maximum
7.902502536773682,0.32148870825767517,False,False,family-00332-maximum,family-00332,0.9948850274085999,0.032086332424454286,0.0,3,0.47901540826847516,16.497386932373047,55,maximum
6.346195220947266,0.3990160822868347,True,False,family-00332-minimum,family-00332,0.9864903688430786,0.07156817603404184,1.0,0,0.5432307022783472,11.682320594787598,55,minimum
4.639461040496826,-0.14288532733917236,True,False,family-00332-minimum,family-00332,0.963577389717102,0.1564033875305429,1.0,1,0.44889282402998804,10.335342407226562,55,minimum
7.746777534484863,0.4571516513824463,True,False,family-00332-minimum,family-00332,0.9749006628990173,0.11727057457380397,1.0,2,0.7808202073347693,9.921333312988281,55,minimum
10.55763053894043,-0.015460014343261719,True,False,family-00332-minimum,family-00332,0.9881715178489685,0.06424412045514341,1.0,3,0.9003035363892344,11.72674560546875,55,minimum
6.513604164123535,0.043941572308540344,True,False,family-00332-sum_mod_10,family-00332,0.9887803792953491,0.06153356406557892,0.5,0,0.5896842007838387,11.045919418334961,55,sum_mod_10
5.405009746551514,-0.042217448353767395,True,False,family-00332-sum_mod_10,family-00332,0.958997905254364,0.17111588668473024,0.5,1,0.6090957530784112,8.873826026916504,55,sum_mod_10
6.842385292053223,0.09221634268760681,True,False,family-00332-sum_mod_10,family-00332,0.9773764610290527,0.10808093301811941,0.5,2,0.7548029157087978,9.065128326416016,55,sum_mod_10
13.64039134979248,-0.1504783183336258,True,True,family-00332-sum_mod_10,family-00332,0.9905266761779785,0.05356713462373692,0.5,3,1.1918606584213245,11.444619178771973,55,sum_mod_10
5.955321788787842,0.11083012819290161,True,False,family-00333-maximum,family-00333,0.9791995882987976,0.10113803784463243,1.0,0,0.5652546240643973,10.53564453125,55,maximum
5.5719709396362305,0.2287845015525818,True,False,family-00333-maximum,family-00333,0.9654685854911804,0.15015701944319504,1.0,1,0.5499941354141349,10.130964279174805,55,maximum
6.788921356201172,0.36870676279067993,True,False,family-00333-maximum,family-00333,0.9606238007545471,0.1659565831536865,1.0,2,0.6581288439270286,10.315489768981934,55,maximum
12.000584602355957,0.42360877990722656,True,False,family-00333-maximum,family-00333,0.9866142868995667,0.07103589669294412,1.0,3,0.9504054518958034,12.626805305480957,55,maximum
6.928564071655273,0.06353044509887695,True,False,family-00333-minimum,family-00333,0.9864903688430786,0.07156817603404184,0.5,0,0.5930811447467595,11.682320594787598,55,minimum
4.869962215423584,0.27996909618377686,True,False,family-00333-minimum,family-00333,0.9687840342521667,0.13894390613042842,0.5,1,0.46107237685076996,10.562251091003418,55,minimum
8.842177391052246,0.24254238605499268,True,False,family-00333-minimum,family-00333,0.9799780249595642,0.09812462387363027,0.5,2,0.8324224298538482,10.622223854064941,55,minimum
8.82481575012207,0.24854016304016113,True,False,family-00333-minimum,family-00333,0.9899899959564209,0.056047499081156665,0.5,3,0.594470171904115,14.844841957092285,55,minimum
6.139832496643066,0.04572172462940216,False,False,family-00333-sum_mod_10,family-00333,0.983428418636322,0.0843780854806949,0.0,0,0.600909753600233,10.217561721801758,55,sum_mod_10
4.886763572692871,0.0432453379034996,False,False,family-00333-sum_mod_10,family-00333,0.9406834840774536,0.22508273571407703,0.0,1,0.5219211990244705,9.363029479980469,55,sum_mod_10
4.893555641174316,0.056826189160346985,False,False,family-00333-sum_mod_10,family-00333,0.9619393944740295,0.16173089557056725,0.0,2,0.48171637636562964,10.15858268737793,55,sum_mod_10
7.584715366363525,-0.05080164968967438,False,True,family-00333-sum_mod_10,family-00333,0.9864056706428528,0.07193132630767766,0.0,3,0.6410001072746131,11.832627296447754,55,sum_mod_10
5.070556640625,-0.04501616954803467,True,False,family-00334-maximum,family-00334,0.9709007740020752,0.13159691008851393,0.5,0,0.5193717326584552,9.762866020202637,55,maximum
4.144708633422852,0.1642535924911499,True,False,family-00334-maximum,family-00334,0.97038334608078,0.13340708389458264,0.5,1,0.41540743323603946,9.97745418548584,55,maximum
11.082669258117676,0.5596542358398438,True,False,family-00334-maximum,family-00334,0.9780307412147522,0.10560721921169955,0.5,2,1.0770501428448958,10.289835929870605,55,maximum
7.318519592285156,0.31289368867874146,True,False,family-00334-maximum,family-00334,0.9975952506065369,0.016903238975633852,0.5,3,0.45103605726365026,16.22601890563965,55,maximum
5.656497955322266,-0.0007405281066894531,True,False,family-00334-minimum,family-00334,0.9872077107429504,0.0684705887761132,0.0,0,0.5654771716664787,10.003052711486816,55,minimum
6.434813976287842,-0.15763723850250244,True,False,family-00334-minimum,family-00334,0.9694976806640625,0.13648396754385522,0.0,1,0.8125447975583886,7.919334411621094,55,minimum
6.361453533172607,0.24746134877204895,True,False,family-00334-minimum,family-00334,0.9791163802146912,0.10145836589729362,0.0,2,0.6189556305797212,10.277721405029297,55,minimum
7.845530986785889,0.36573901772499084,True,False,family-00334-minimum,family-00334,0.9903648495674133,0.05431820142851286,0.0,3,0.6395063681394025,12.268104553222656,55,minimum
6.04608678817749,-0.006063127890229225,False,False,family-00334-sum_mod_10,family-00334,0.9829602241516113,0.08628322608637254,1.0,0,0.5731619941806684,10.548652648925781,55,sum_mod_10
6.212215423583984,-0.017041940242052078,False,False,family-00334-sum_mod_10,family-00334,0.9703232049942017,0.13361687457205687,1.0,1,0.6569990482864516,9.455440521240234,55,sum_mod_10
6.1339030265808105,-0.01859993487596512,False,False,family-00334-sum_mod_10,family-00334,0.9616490602493286,0.16266746044764546,1.0,2,0.6601893958522967,9.291126251220703,55,sum_mod_10
10.166821479797363,-0.011992663145065308,False,True,family-00334-sum_mod_10,family-00334,0.9915751814842224,0.04863099319972059,1.0,3,0.8343586702492216,12.185193061828613,55,sum_mod_10
7.260159015655518,0.6204298734664917,True,False,family-00335-maximum,family-00335,0.9826276898384094,0.08762837872362726,0.0,0,0.6191357262618357,11.726280212402344,55,maximum
5.1342902183532715,-0.0020843148231506348,True,False,family-00335-maximum,family-00335,0.9762778878211975,0.11219116016264827,0.0,1,0.4559571474123763,11.260466575622559,55,maximum
9.041502952575684,0.3413011133670807,True,False,family-00335-maximum,family-00335,0.9831919074058533,0.08534213671027983,0.0,2,0.8106747862666482,11.153058052062988,55,maximum
8.164114952087402,0.3205795884132385,True,False,family-00335-maximum,family-00335,0.994987964630127,0.031542758282389186,0.0,3,0.5070826468133864,16.10016632080078,55,maximum
6.608245849609375,0.16559404134750366,True,False,family-00335-minimum,family-00335,0.9855624437332153,0.07551807254050555,1.0,0,0.6171407766272597,10.707841873168945,55,minimum
7.928715705871582,0.26148784160614014,True,False,family-00335-minimum,family-00335,0.9670672416687012,0.144793391884558,1.0,1,0.8419994184698709,9.416533470153809,55,minimum
9.909246444702148,0.3244917392730713,True,False,family-00335-minimum,family-00335,0.9684759974479675,0.14000048321630254,1.0,2,0.7777237120001101,12.741345405578613,55,minimum
6.9602580070495605,0.16393601894378662,True,False,family-00335-minimum,family-00335,0.9179257154464722,0.2838064921892858,1.0,3,0.4304287078149925,16.17052459716797,55,minimum
7.481723785400391,-0.02240348421037197,True,False,family-00335-sum_mod_10,family-00335,0.9872077107429504,0.0684705887761132,0.5,0,0.7479440527998913,10.003052711486816,55,sum_mod_10
7.739130020141602,-0.006208079867064953,True,False,family-00335-sum_mod_10,family-00335,0.9678348898887634,0.14218957259316817,0.5,1,0.9361586521639971,8.266900062561035,55,sum_mod_10
7.470746040344238,-0.0066496459767222404,True,False,family-00335-sum_mod_10,family-00335,0.9805450439453125,0.09591025342737877,0.5,2,0.7169306910576918,10.42045783996582,55,sum_mod_10
12.81589126586914,0.002857473213225603,True,True,family-00335-sum_mod_10,family-00335,0.971869945526123,0.1281807233838059,0.5,3,0.935498698677069,13.699528694152832,55,sum_mod_10
5.545290946960449,0.08368813991546631,False,False,family-00336-maximum,family-00336,0.982251763343811,0.0891412644236175,1.0,0,0.5938584187099556,9.337732315063477,55,maximum
7.485213279724121,-0.11690306663513184,False,False,family-00336-maximum,family-00336,0.9713558554649353,0.12999702224667373,1.0,1,0.8868258569217548,8.440454483032227,55,maximum
8.866148948669434,0.497786283493042,False,False,family-00336-maximum,family-00336,0.9800875782966614,0.09769807834453428,1.0,2,0.7673890616882404,11.553655624389648,55,maximum
7.069047451019287,0.2610098719596863,False,False,family-00336-maximum,family-00336,0.9910007119178772,0.05135080716192962,1.0,3,0.47934066835141736,14.74743938446045,55,maximum
5.69327449798584,0.4108619689941406,True,False,family-00336-minimum,family-00336,0.9864903688430786,0.07156817603404184,0.5,0,0.4873410596629284,11.682320594787598,55,minimum
8.292097091674805,0.713222861289978,True,False,family-00336-minimum,family-00336,0.9707618951797485,0.132083688507881,0.5,1,0.7853166485907662,10.558921813964844,55,minimum
7.215786933898926,0.2956829369068146,True,False,family-00336-minimum,family-00336,0.9853008389472961,0.0766205382155448,0.5,2,0.6470274095766851,11.152212142944336,55,minimum
7.932575702667236,-0.06515121459960938,True,False,family-00336-minimum,family-00336,0.9841610789299011,0.08136965988266895,0.5,3,0.5556603358902807,14.275943756103516,55,minimum
4.332788944244385,-0.16459202766418457,True,False,family-00336-sum_mod_10,family-00336,0.9765461683273315,0.11119231075754603,0.0,0,0.3873170557462714,11.18667221069336,55,sum_mod_10
5.887709617614746,0.10473792254924774,True,False,family-00336-sum_mod_10,family-00336,0.9597130417823792,0.1688550466444183,0.0,1,0.5467182132547028,10.769185066223145,55,sum_mod_10
5.390162944793701,-0.04826635122299194,True,False,family-00336-sum_mod_10,family-00336,0.9884135127067566,0.06317068736882707,0.0,2,0.45557356249378844,11.831597328186035,55,sum_mod_10
10.238058090209961,-0.1531773805618286,True,True,family-00336-sum_mod_10,family-00336,0.992997407913208,0.041721201383460735,0.0,3,0.770490717298821,13.287711143493652,55,sum_mod_10
7.048110008239746,0.4343900680541992,True,False,family-00337-maximum,family-00337,0.9864903688430786,0.07156817603404184,0.5,0,0.6033142089410268,11.682320594787598,55,maximum
3.593937397003174,0.08176720142364502,True,False,family-00337-maximum,family-00337,0.9699293971061707,0.13498750522259517,0.5,1,0.34207481879236545,10.506290435791016,55,maximum
11.188223838806152,0.7423954606056213,True,False,family-00337-maximum,family-00337,0.9821265339851379,0.08964343140531288,0.5,2,1.0808945485676864,10.350893020629883,55,maximum
11.831850051879883,0.196641206741333,True,False,family-00337-maximum,family-00337,0.9971739053726196,0.01940804978680355,0.5,3,0.6761547244362694,17.49873161315918,55,maximum
6.010750770568848,-0.018370112404227257,True,False,family-00337-minimum,family-00337,0.9826276898384094,0.08762837872362726,0.0,0,0.5125880212389565,11.726280212402344,55,minimum
3.9090967178344727,0.0021539367735385895,True,False,family-00337-minimum,family-00337,0.9756653904914856,0.11445998854435525,0.0,1,0.3657889276830234,10.686755180358887,55,minimum
6.204798221588135,-0.014477090910077095,True,False,family-00337-minimum,family-00337,0.9814096689224243,0.09250103247192981,0.0,2,0.6161450257591933,10.070353507995605,55,minimum
9.900662422180176,0.01682443916797638,True,False,family-00337-minimum,family-00337,0.9888848066329956,0.06106536104361579,0.0,3,0.860095860253106,11.511115074157715,55,minimum
6.470911979675293,-0.05089279264211655,False,False,family-00337-sum_mod_10,family-00337,0.9877796173095703,0.06597191650829523,1.0,0,0.510415296173572,12.677739143371582,55,sum_mod_10
4.865387916564941,-0.004177294671535492,False,False,family-00337-sum_mod_10,family-00337,0.9806233644485474,0.09560307553846825,1.0,1,0.4703548675786676,10.34407901763916,55,sum_mod_10
7.59399938583374,-0.04374660551548004,False,False,family-00337-sum_mod_10,family-00337,0.9788740277290344,0.10238943119172172,1.0,2,0.7293784356984537,10.411603927612305,55,sum_mod_10
12.961483001708984,0.02441902458667755,False,True,family-00337-sum_mod_10,family-00337,0.9962052702903748,0.024939883205802565,1.0,3,0.9324024516014928,13.901167869567871,55,sum_mod_10
7.237462997436523,-0.0006706118583679199,False,False,family-00338-maximum,family-00338,0.9829602241516113,0.08628322608637254,0.0,0,0.6861030729051021,10.548652648925781,55,maximum
5.345432758331299,0.02432072162628174,False,False,family-00338-maximum,family-00338,0.9667440056800842,0.14588422978816834,0.0,1,0.5306242783912911,10.073856353759766,55,maximum
8.963247299194336,0.009464144706726074,False,False,family-00338-maximum,family-00338,0.972124457359314,0.12727795669958517,0.0,2,0.973810060617012,9.204307556152344,55,maximum
13.452215194702148,0.5281115174293518,False,False,family-00338-maximum,family-00338,0.9941697120666504,0.03580827624287317,0.0,3,0.966818156208734,13.913904190063477,55,maximum
5.413458347320557,0.21225088834762573,False,False,family-00338-minimum,family-00338,0.9877511262893677,0.06609702556704718,1.0,0,0.5107062183210946,10.599946022033691,55,minimum
5.655635356903076,0.23587363958358765,False,False,family-00338-minimum,family-00338,0.9613187909126282,0.16373007074019333,1.0,1,0.66246714677138,8.5372314453125,55,minimum
10.071969032287598,0.16196000576019287,False,False,family-00338-minimum,family-00338,0.9752560257911682,0.11596753377410285,1.0,2,1.096227546290001,9.187845230102539,55,minimum
8.189677238464355,0.4247153103351593,False,False,family-00338-minimum,family-00338,0.9762267470359802,0.11238121140601896,1.0,3,0.5701434544171002,14.364239692687988,55,minimum
5.279063701629639,-0.10436835885047913,False,False,family-00338-sum_mod_10,family-00338,0.982559323310852,0.08790412505115772,0.5,0,0.4924390954065138,10.720236778259277,55,sum_mod_10
5.098005294799805,0.04208119213581085,False,False,family-00338-sum_mod_10,family-00338,0.9562908411026001,0.1795579884250334,0.5,1,0.5483552970362234,9.29690170288086,55,sum_mod_10
4.836363315582275,-0.019369691610336304,False,False,family-00338-sum_mod_10,family-00338,0.9821131825447083,0.08969691757852037,0.5,2,0.4745018931722572,10.192505836486816,55,sum_mod_10
13.396476745605469,-0.19845056533813477,False,True,family-00338-sum_mod_10,family-00338,0.9948445558547974,0.0322994754176715,0.5,3,1.1056899818150863,12.11594295501709,55,sum_mod_10
6.415243148803711,0.11108847707509995,True,False,family-00339-maximum,family-00339,0.9864903688430786,0.07156817603404184,1.0,0,0.5491411656401602,11.682320594787598,55,maximum
5.144579887390137,-0.08089984953403473,True,False,family-00339-maximum,family-00339,0.9663115739822388,0.14733849821504783,1.0,1,0.47342622035657544,10.866698265075684,55,maximum
8.355300903320312,0.13163146376609802,True,False,family-00339-maximum,family-00339,0.9848204255104065,0.07863286827710765,1.0,2,0.7180887354110542,11.63547134399414,55,maximum
7.6573662757873535,-0.052439793944358826,True,False,family-00339-maximum,family-00339,0.9979372024536133,0.014816373582439942,1.0,3,0.4551218399837299,16.824871063232422,55,maximum
5.120416641235352,0.15355202555656433,True,False,family-00339-minimum,family-00339,0.9709007740020752,0.13159691008851393,0.5,0,0.5244788395784082,9.762866020202637,55,minimum
5.830185413360596,0.20775490999221802,True,False,family-00339-minimum,family-00339,0.9705730080604553,0.1327446589169773,0.5,1,0.587641942271755,9.9213228225708,55,minimum
7.003366947174072,-0.04766643047332764,True,False,family-00339-minimum,family-00339,0.974912703037262,0.11722651079574513,0.5,2,0.7237442058331306,9.6765775680542,55,minimum
9.109541893005371,0.040579795837402344,True,False,family-00339-minimum,family-00339,0.9935235977172852,0.03909379796465782,0.5,3,0.7026925527756146,12.963766098022461,55,minimum
4.478728771209717,-0.016560303047299385,True,False,family-00339-sum_mod_10,family-00339,0.9765461683273315,0.11119231075754603,0.0,0,0.4003629217747609,11.18667221069336,55,sum_mod_10
4.440415859222412,-0.002225537784397602,True,False,family-00339-sum_mod_10,family-00339,0.9595327973365784,0.16942611132535565,0.0,1,0.4076960472397523,10.891486167907715,55,sum_mod_10
8.653210639953613,-0.023869970813393593,True,False,family-00339-sum_mod_10,family-00339,0.9873858690261841,0.0676950436489012,0.0,2,0.7640221966468924,11.325862884521484,55,sum_mod_10
8.827061653137207,-0.0006852615624666214,True,True,family-00339-sum_mod_10,family-00339,0.9964136481285095,0.02377329701327875,0.0,3,0.5836329578308668,15.124337196350098,55,sum_mod_10
5.85151481628418,0.15266424417495728,False,False,family-00340-maximum,family-00340,0.974578320980072,0.11844806858634942,0.5,0,0.6127950990438181,9.548892974853516,55,maximum
6.921266555786133,0.1902293562889099,False,False,family-00340-maximum,family-00340,0.9721249341964722,0.12727626309657472,0.5,1,0.7349613160345994,9.417184829711914,55,maximum
10.378608703613281,0.4127042293548584,False,False,family-00340-maximum,family-00340,0.9836282730102539,0.08356077869694885,0.5,2,1.0428421818123277,9.95223331451416,55,maximum
7.988533973693848,0.2809939980506897,False,False,family-00340-maximum,family-00340,0.9949741363525391,0.03161590300312504,0.5,3,0.5566987226796553,14.349833488464355,55,maximum
6.7188239097595215,0.23451948165893555,False,False,family-00340-minimum,family-00340,0.9877796173095703,0.06597191650829523,0.0,0,0.5299701968763402,12.677739143371582,55,minimum
8.13803482055664,0.778139591217041,False,False,family-00340-minimum,family-00340,0.9816126823425293,0.09169467698019651,0.0,1,0.7084721528165165,11.486739158630371,55,minimum
6.813215732574463,0.12424898147583008,False,False,family-00340-minimum,family-00340,0.9803301692008972,0.09675135805554774,0.0,2,0.5082676493124254,13.404779434204102,55,minimum
7.161866188049316,0.04951810836791992,False,False,family-00340-minimum,family-00340,0.9724823236465454,0.12600453788863017,0.0,3,0.42735331498444007,16.75865364074707,55,minimum
6.753330707550049,-0.0031419284641742706,True,False,family-00340-sum_mod_10,family-00340,0.9872077107429504,0.0684705887761132,1.0,0,0.6751269739681557,10.003052711486816,55,sum_mod_10
7.072761058807373,-0.050017256289720535,True,False,family-00340-sum_mod_10,family-00340,0.9700377583503723,0.1346108919210979,1.0,1,0.7875142767824794,8.981121063232422,55,sum_mod_10
7.667862415313721,0.0019913911819458008,True,False,family-00340-sum_mod_10,family-00340,0.9870074391365051,0.06933939687417714,1.0,2,0.7907612755232354,9.696810722351074,55,sum_mod_10
11.479955673217773,0.0034053735435009003,True,True,family-00340-sum_mod_10,family-00340,0.9959738850593567,0.026221835532076927,1.0,3,0.8856113607395295,12.962746620178223,55,sum_mod_10
8.237039566040039,0.16266626119613647,False,False,family-00341-maximum,family-00341,0.9829602241516113,0.08628322608637254,0.0,0,0.7808617688135608,10.548652648925781,55,maximum
4.433089733123779,-0.01438075304031372,False,False,family-00341-maximum,family-00341,0.966412365436554,0.14700005244852057,0.0,1,0.43970287433800026,10.082012176513672,55,maximum
8.992759704589844,0.17113447189331055,False,False,family-00341-maximum,family-00341,0.962972104549408,0.15838078478898213,0.0,2,0.9486183726255724,9.479849815368652,55,maximum
9.586838722229004,0.17637425661087036,False,False,family-00341-maximum,family-00341,0.9919822812080383,0.046679814022363944,0.0,3,0.641273459201825,14.949688911437988,55,maximum
6.613042831420898,0.13298219442367554,False,False,family-00341-minimum,family-00341,0.9877511262893677,0.06609702556704718,1.0,0,0.6238751421634248,10.599946022033691,55,minimum
4.331162929534912,0.14730846881866455,False,False,family-00341-minimum,family-00341,0.959735095500946,0.1687851166896428,1.0,1,0.46823445779418443,9.249987602233887,55,minimum
10.488917350769043,0.5821963548660278,False,False,family-00341-minimum,family-00341,0.9724354147911072,0.12617172796140672,1.0,2,1.1339446100183075,9.249938011169434,55,minimum
8.635222434997559,0.6467782258987427,False,False,family-00341-minimum,family-00341,0.9674248695373535,0.14358266616598214,1.0,3,0.6736390532808509,12.818767547607422,55,minimum
5.247519493103027,0.021349124610424042,True,False,family-00341-sum_mod_10,family-00341,0.9765461683273315,0.11119231075754603,0.5,0,0.46908673055485745,11.18667221069336,55,sum_mod_10
4.1643757820129395,0.028998123481869698,True,False,family-00341-sum_mod_10,family-00341,0.9581611752510071,0.17374463678406066,0.5,1,0.37227142317247536,11.186396598815918,55,sum_mod_10
4.912868976593018,-0.021291546523571014,True,False,family-00341-sum_mod_10,family-00341,0.9874514937400818,0.06740873075180026,0.5,2,0.4309231881772756,11.400799751281738,55,sum_mod_10
14.497187614440918,0.04761214181780815,True,True,family-00341-sum_mod_10,family-00341,0.99429851770401,0.03514492272467273,0.5,3,1.0805172641126874,13.416895866394043,55,sum_mod_10
5.493625640869141,0.04538094997406006,True,False,family-00342-maximum,family-00342,0.9887803792953491,0.06153356406557892,1.0,0,0.4973443524991094,11.045919418334961,55,maximum
5.350403308868408,-0.11172789335250854,True,False,family-00342-maximum,family-00342,0.9617855548858643,0.16222743952418509,1.0,1,0.592635649948171,9.028149604797363,55,maximum
7.521082401275635,-0.07913607358932495,True,False,family-00342-maximum,family-00342,0.9853518605232239,0.07640589452616267,1.0,2,0.8115051855937322,9.268064498901367,55,maximum
12.745362281799316,0.6913306713104248,True,False,family-00342-maximum,family-00342,0.995793342590332,0.027212785286904552,1.0,3,0.9477390776186962,13.448176383972168,55,maximum
4.7146100997924805,-0.28037598729133606,False,False,family-00342-minimum,family-00342,0.982559323310852,0.08790412505115772,0.5,0,0.43978600448021316,10.720236778259277,55,minimum
7.485011100769043,-0.0010036230087280273,False,False,family-00342-minimum,family-00342,0.9599635601043701,0.1680599383991645,0.5,1,0.8382749268568398,8.929064750671387,55,minimum
8.7880859375,0.29139047861099243,False,False,family-00342-minimum,family-00342,0.97157883644104,0.1292103986528947,0.5,2,0.9702706814813645,9.057354927062988,55,minimum
10.902837753295898,0.007112681865692139,False,False,family-00342-minimum,family-00342,0.9829436540603638,0.08635040991569629,0.5,3,0.7467572511514935,14.60024356842041,55,minimum
5.815500736236572,-0.0050162868574261665,True,False,family-00342-sum_mod_10,family-00342,0.9784067273139954,0.10417670659975296,0.0,0,0.5229139056378797,11.12133502960205,55,sum_mod_10
4.708076000213623,-0.007716338150203228,True,False,family-00342-sum_mod_10,family-00342,0.9639459848403931,0.1551941259228717,0.0,1,0.4252525444816989,11.071247100830078,55,sum_mod_10
5.842894077301025,-0.0032709678635001183,True,False,family-00342-sum_mod_10,family-00342,0.9867181181907654,0.07058900345767304,0.0,2,0.46023394510126553,12.695487022399902,55,sum_mod_10
8.830799102783203,-0.004893946461379528,True,True,family-00342-sum_mod_10,family-00342,0.9960445165634155,0.025831965307159206,0.0,3,0.5611392216437036,15.737269401550293,55,sum_mod_10
4.772999286651611,0.0630868673324585,True,False,family-00343-maximum,family-00343,0.9709007740020752,0.13159691008851393,0.5,0,0.4888932488446199,9.762866020202637,55,maximum
4.205620765686035,-0.0009895563125610352,True,False,family-00343-maximum,family-00343,0.9697989821434021,0.13544023328687504,0.5,1,0.44286532892588276,9.496387481689453,55,maximum
7.697035789489746,0.03950989246368408,True,False,family-00343-maximum,family-00343,0.9732504487037659,0.12325502902530153,0.5,2,0.825462459016712,9.32451343536377,55,maximum
13.065580368041992,0.5440424680709839,True,False,family-00343-maximum,family-00343,0.9947447776794434,0.03282359699596712,0.5,3,0.9684600328902723,13.4910888671875,55,maximum
5.894576072692871,0.08435451984405518,True,False,family-00343-minimum,family-00343,0.9893701076507568,0.05887633043393764,0.0,0,0.5112897309937031,11.528837203979492,55,minimum
4.36743688583374,0.041455864906311035,True,False,family-00343-minimum,family-00343,0.9625234007835388,0.15984000766533385,0.0,1,0.43537276858585666,10.031488418579102,55,minimum
8.12102222442627,-0.005852103233337402,True,False,family-00343-minimum,family-00343,0.9843206405639648,0.08070995958531822,0.0,2,0.8046794486664097,10.092245101928711,55,minimum
9.246707916259766,0.4259066879749298,True,False,family-00343-minimum,family-00343,0.9901703000068665,0.05521751235893997,0.0,3,0.658344146878349,14.045401573181152,55,minimum
7.372002124786377,-0.013277344405651093,False,False,family-00343-sum_mod_10,family-00343,0.9829602241516113,0.08628322608637254,1.0,0,0.6988572256701525,10.548652648925781,55,sum_mod_10
4.281818866729736,-0.000860258936882019,False,False,family-00343-sum_mod_10,family-00343,0.9682670831680298,0.14071529602552157,1.0,1,0.4521066633638342,9.470815658569336,55,sum_mod_10
5.215801239013672,0.04739486426115036,False,False,family-00343-sum_mod_10,family-00343,0.9492725729942322,0.20065156318067956,1.0,2,0.5231209864413479,9.970544815063477,55,sum_mod_10
10.818992614746094,0.02158895879983902,False,True,family-00343-sum_mod_10,family-00343,0.9858183264732361,0.07443506830749408,1.0,3,0.8724474964308555,12.400737762451172,55,sum_mod_10
6.443806171417236,0.07174926996231079,True,False,family-00344-maximum,family-00344,0.9748644232749939,0.11740316644253693,0.0,0,0.6834343137644616,9.428566932678223,55,maximum
4.522644996643066,-0.0780637264251709,True,False,family-00344-maximum,family-00344,0.9542540907859802,0.1857934863664829,0.0,1,0.49380620264816255,9.158744812011719,55,maximum
8.344568252563477,0.33876144886016846,True,False,family-00344-maximum,family-00344,0.9773091673851013,0.10833425057264082,0.0,2,0.8365070563648774,9.97549057006836,55,maximum
12.586219787597656,0.5854287147521973,True,False,family-00344-maximum,family-00344,0.9942001104354858,0.03565198399290828,0.0,3,0.932061780059232,13.503632545471191,55,maximum
6.041019916534424,0.06017941236495972,False,False,family-00344-minimum,family-00344,0.9839814305305481,0.08211045411503394,1.0,0,0.576261169465293,10.483128547668457,55,minimum
5.641778469085693,0.6182538270950317,False,False,family-00344-minimum,family-00344,0.9724679589271545,0.12605574459354738,1.0,1,0.5538162910826514,10.187093734741211,55,minimum
9.603666305541992,0.650596559047699,False,False,family-00344-minimum,family-00344,0.9746080040931702,0.11833981421819564,1.0,2,0.9089054223981475,10.56618881225586,55,minimum
9.285335540771484,0.19445359706878662,False,False,family-00344-minimum,family-00344,0.9769295454025269,0.10975947638279673,1.0,3,0.7331995160891327,12.664132118225098,55,minimum
5.357837200164795,-0.17175674438476562,True,False,family-00344-sum_mod_10,family-00344,0.9807712435722351,0.09502220315779537,0.5,0,0.5012331652028295,10.689311027526855,55,sum_mod_10
5.017569065093994,0.13724195957183838,True,False,family-00344-sum_mod_10,family-00344,0.9579505324363708,0.174403647205566,0.5,1,0.5739703954778839,8.741860389709473,55,sum_mod_10
7.9194655418396,-0.14963284134864807,True,False,family-00344-sum_mod_10,family-00344,0.9787255525588989,0.10295843527057584,0.5,2,0.8813314617432215,8.985796928405762,55,sum_mod_10
11.23840618133545,0.09312768280506134,True,True,family-00344-sum_mod_10,family-00344,0.9910051822662354,0.05132978838660317,0.5,3,0.9197696986026034,12.218717575073242,55,sum_mod_10
6.256931781768799,0.09590452909469604,False,False,family-00345-maximum,family-00345,0.9839814305305481,0.08211045411503394,1.0,0,0.5968572982118394,10.483128547668457,55,maximum
5.529506683349609,0.22575849294662476,False,False,family-00345-maximum,family-00345,0.9689476490020752,0.1383814277853799,1.0,1,0.5288792037953081,10.455141067504883,55,maximum
7.606753826141357,0.23932725191116333,False,False,family-00345-maximum,family-00345,0.9888436794281006,0.06124987398529874,1.0,2,0.6673550982522073,11.398360252380371,55,maximum
8.283153533935547,0.3972570300102234,False,False,family-00345-maximum,family-00345,0.9979361295700073,0.014823005469444702,1.0,3,0.5539595678823566,14.952631950378418,55,maximum
5.226865768432617,0.3124866485595703,False,False,family-00345-minimum,family-00345,0.974578320980072,0.11844806858634942,0.5,0,0.5473792388497055,9.548892974853516,55,minimum
5.123852729797363,-0.02123922109603882,False,False,family-00345-minimum,family-00345,0.9693166613578796,0.13710955588284207,0.5,1,0.5874861035495638,8.721657752990723,55,minimum
7.321755886077881,0.1455780267715454,False,False,family-00345-minimum,family-00345,0.9788234233856201,0.1025834825130576,0.5,2,0.8152420740151127,8.98108196258545,55,minimum
8.654600143432617,0.17484426498413086,False,False,family-00345-minimum,family-00345,0.9886919260025024,0.06192937767639316,0.5,3,0.7061044341383956,12.256827354431152,55,minimum
6.293156147003174,-0.010800205171108246,False,False,family-00345-sum_mod_10,family-00345,0.9877796173095703,0.06597191650829523,0.0,0,0.4963941974065212,12.677739143371582,55,sum_mod_10
5.900963306427002,0.019509952515363693,False,False,family-00345-sum_mod_10,family-00345,0.9828166961669922,0.08686462142348862,0.0,1,0.5206187054621136,11.33452033996582,55,sum_mod_10
6.771351337432861,-0.06164741516113281,False,False,family-00345-sum_mod_10,family-00345,0.9874886870384216,0.06724630657578942,0.0,2,0.521595527970022,12.981996536254883,55,sum_mod_10
9.30772876739502,-0.08224156498908997,False,True,family-00345-sum_mod_10,family-00345,0.9985799789428711,0.010730209104497849,0.0,3,0.5698998550238206,16.332218170166016,55,sum_mod_10
5.057681083679199,0.19522124528884888,False,False,family-00346-maximum,family-00346,0.974578320980072,0.11844806858634942,0.5,0,0.529661511234687,9.548892974853516,55,maximum
5.84691858291626,0.059241533279418945,False,False,family-00346-maximum,family-00346,0.9695853590965271,0.13618055990593098,0.5,1,0.6678830335636651,8.75440502166748,55,maximum
7.107303619384766,0.25971102714538574,False,False,family-00346-maximum,family-00346,0.9816810488700867,0.09142261704345553,0.5,2,0.7477216083581343,9.505280494689941,55,maximum
9.41128921508789,0.450145959854126,False,False,family-00346-maximum,family-00346,0.9910679459571838,0.05103444757192469,0.5,3,0.7926708772901601,11.872883796691895,55,maximum
7.835230827331543,0.20182454586029053,False,False,family-00346-minimum,family-00346,0.9877796173095703,0.06597191650829523,0.0,0,0.6180306077229951,12.677739143371582,55,minimum
7.609703063964844,0.14330512285232544,False,False,family-00346-minimum,family-00346,0.9783576726913452,0.10436372163651017,0.0,1,0.7492129104562467,10.156929969787598,55,minimum
8.319498062133789,0.09681940078735352,False,False,family-00346-minimum,family-00346,0.9759332537651062,0.1134697297876351,0.0,2,0.6769130850255269,12.290349006652832,55,minimum
7.788525104522705,0.07271915674209595,False,False,family-00346-minimum,family-00346,0.9458432197570801,0.2105773321459382,0.0,3,0.45968548015241534,16.943161010742188,55,minimum
6.856281280517578,-0.05709199607372284,True,False,family-00346-sum_mod_10,family-00346,0.9748644232749939,0.11740316644253693,1.0,0,0.7271816946809353,9.428566932678223,55,sum_mod_10
4.250474452972412,0.08965454250574112,True,False,family-00346-sum_mod_10,family-00346,0.9533821940422058,0.18843350322854352,1.0,1,0.41782922641024245,10.172755241394043,55,sum_mod_10
4.821064472198486,0.05874248594045639,True,False,family-00346-sum_mod_10,family-00346,0.9824790954589844,0.08822736452435773,1.0,2,0.44677165055099083,10.790891647338867,55,sum_mod_10
10.630559921264648,-0.024407804012298584,True,True,family-00346-sum_mod_10,family-00346,0.9887517094612122,0.06166193373742089,1.0,3,0.9100552452629073,11.681224822998047,55,sum_mod_10
7.172491073608398,0.09681969881057739,True,False,family-00347-maximum,family-00347,0.9872077107429504,0.0684705887761132,0.0,0,0.7170302187223311,10.003052711486816,55,maximum
3.9570400714874268,0.03306514024734497,True,False,family-00347-maximum,family-00347,0.9606038928031921,0.16602017229977264,0.0,1,0.44846997885544887,8.8234224319458,55,maximum
13.180408477783203,0.5961136817932129,True,False,family-00347-maximum,family-00347,0.9845162630081177,0.07989891475727161,0.0,2,1.5150916531864298,8.699413299560547,55,maximum
9.401543617248535,0.32711395621299744,True,False,family-00347-maximum,family-00347,0.9977432489395142,0.01600645792750991,0.0,3,0.5403091933699962,17.40030288696289,55,maximum
5.71920108795166,0.05733048915863037,True,False,family-00347-minimum,family-00347,0.9855624437332153,0.07551807254050555,1.0,0,0.5341133307433764,10.707841873168945,55,minimum
5.154916286468506,0.2239176630973816,True,False,family-00347-minimum,family-00347,0.9649179577827454,0.15198649545784312,1.0,1,0.5448794159320725,9.460655212402344,55,minimum
8.338162422180176,0.08175480365753174,True,False,family-00347-minimum,family-00347,0.9750171899795532,0.11684386652494393,1.0,2,0.7918891115753229,10.529457092285156,55,minimum
10.982202529907227,0.19795960187911987,True,False,family-00347-minimum,family-00347,0.9870986342430115,0.06894416963286526,1.0,3,0.7710176207554499,14.243776321411133,55,minimum
5.729281902313232,-0.01973079703748226,True,False,family-00347-sum_mod_10,family-00347,0.9807712435722351,0.09502220315779537,0.5,0,0.5359823367062034,10.689311027526855,55,sum_mod_10
4.434257984161377,0.010324811562895775,True,False,family-00347-sum_mod_10,family-00347,0.9601476192474365,0.16747472174156197,0.5,1,0.4637147793826154,9.562468528747559,55,sum_mod_10
6.648967742919922,-0.015604907646775246,True,False,family-00347-sum_mod_10,family-00347,0.9847366213798523,0.07898230725425659,0.5,2,0.655471052351017,10.143800735473633,55,sum_mod_10
10.279251098632812,-0.031886614859104156,True,True,family-00347-sum_mod_10,family-00347,0.9958733916282654,0.02677439776558812,0.5,3,0.8096705767854656,12.695596694946289,55,sum_mod_10
7.4286651611328125,0.3763743042945862,True,False,family-00348-maximum,family-00348,0.9864903688430786,0.07156817603404184,1.0,0,0.6358895136337317,11.682320594787598,55,maximum
4.4847917556762695,-0.04957926273345947,True,False,family-00348-maximum,family-00348,0.9670900702476501,0.14471622766595987,1.0,1,0.42300818312320904,10.602139472961426,55,maximum
7.395065784454346,0.5273106694221497,True,False,family-00348-maximum,family-00348,0.9835391044616699,0.08392573919308095,1.0,2,0.6672080395835654,11.083598136901855,55,maximum
9.310091018676758,0.21522486209869385,True,False,family-00348-maximum,family-00348,0.9967665672302246,0.02176938510948186,1.0,3,0.6153927326664393,15.128698348999023,55,maximum
6.915272235870361,0.20787692070007324,False,False,family-00348-minimum,family-00348,0.974578320980072,0.11844806858634942,0.5,0,0.7241962240106105,9.548892974853516,55,minimum
5.30675745010376,0.02659374475479126,False,False,family-00348-minimum,family-00348,0.9706647396087646,0.13242382032431138,0.5,1,0.550756167298068,9.63540267944336,55,minimum
5.802390098571777,0.028043687343597412,False,False,family-00348-minimum,family-00348,0.9801392555236816,0.09749665998093729,0.5,2,0.5783281008044651,10.033041954040527,55,minimum
8.458788871765137,0.1706487536430359,False,False,family-00348-minimum,family-00348,0.989336371421814,0.05902921614774205,0.5,3,0.6935553968044955,12.196269989013672,55,minimum
6.427264213562012,-0.0007018260657787323,False,False,family-00348-sum_mod_10,family-00348,0.9877796173095703,0.06597191650829523,0.0,0,0.5069724294589574,12.677739143371582,55,sum_mod_10
6.133944511413574,0.017622536048293114,False,False,family-00348-sum_mod_10,family-00348,0.9832504391670227,0.08510387048540058,0.0,1,0.5477863176635962,11.1976957321167,55,sum_mod_10
5.447479248046875,0.010331360623240471,False,False,family-00348-sum_mod_10,family-00348,0.9863318204879761,0.07224752802059752,0.0,2,0.4301389501668455,12.664463996887207,55,sum_mod_10
8.166027069091797,-0.04008536413311958,False,True,family-00348-sum_mod_10,family-00348,0.9980036616325378,0.014404463220898266,0.0,3,0.5631629835516841,14.500290870666504,55,sum_mod_10
6.761924743652344,0.3978710174560547,False,False,family-00349-maximum,family-00349,0.982251763343811,0.0891412644236175,0.5,0,0.7241506305277264,9.337732315063477,55,maximum
4.976260662078857,0.010967910289764404,False,False,family-00349-maximum,family-00349,0.9691990613937378,0.1375153812450462,0.5,1,0.5977226118272612,8.32536792755127,55,maximum
8.082839965820312,0.1296325922012329,False,False,family-00349-maximum,family-00349,0.9696313738822937,0.13602122335769543,0.5,2,0.9529199438916005,8.482181549072266,55,maximum
8.851174354553223,0.11747300624847412,False,False,family-00349-maximum,family-00349,0.992985188961029,0.04178172881315484,0.5,3,0.7009212065555348,12.62791633605957,55,maximum
6.611001014709473,-0.1604764461517334,True,False,family-00349-minimum,family-00349,0.9709007740020752,0.13159691008851393,0.0,0,0.6771578142145042,9.762866020202637,55,minimum
3.4317281246185303,-0.03398299962282181,True,False,family-00349-minimum,family-00349,0.9685488343238831,0.1397509318273673,0.0,1,0.3437429549668105,9.983413696289062,55,minimum
5.281400203704834,0.03779267147183418,True,False,family-00349-minimum,family-00349,0.9737140536308289,0.12158462429206371,0.0,2,0.5539145401492183,9.534684181213379,55,minimum
5.971792221069336,0.013066966086626053,True,False,family-00349-minimum,family-00349,0.9807533621788025,0.09509250311255577,0.0,3,0.5812404741351304,10.274219512939453,55,minimum
6.845691680908203,-0.0002568364143371582,False,False,family-00349-sum_mod_10,family-00349,0.9887405037879944,0.06171208723210733,1.0,0,0.5580234191367501,12.267749786376953,55,sum_mod_10
4.370696067810059,0.10314344614744186,False,False,family-00349-sum_mod_10,family-00349,0.9743072390556335,0.1194350644886397,1.0,1,0.4267521907913666,10.241765975952148,55,sum_mod_10
5.475750923156738,-0.05302681028842926,False,False,family-00349-sum_mod_10,family-00349,0.9810014367103577,0.09411568891155737,1.0,2,0.5407945819394906,10.125380516052246,55,sum_mod_10
13.010486602783203,0.0131264328956604,False,True,family-00349-sum_mod_10,family-00349,0.9922437071800232,0.04541590670786126,1.0,3,1.163777585954363,11.179530143737793,55,sum_mod_10
7.751347541809082,0.3068614900112152,True,False,family-00350-maximum,family-00350,0.9826276898384094,0.08762837872362726,0.0,0,0.6610235642851892,11.726280212402344,55,maximum
5.67209005355835,-0.18953898549079895,True,False,family-00350-maximum,family-00350,0.977150559425354,0.10893050135836901,0.0,1,0.47146146918046516,12.030866622924805,55,maximum
8.784405708312988,0.1377238929271698,True,False,family-00350-maximum,family-00350,0.988978922367096,0.06064254063590724,0.0,2,0.7289239127372593,12.051197052001953,55,maximum
8.890077590942383,0.3405403792858124,True,False,family-00350-maximum,family-00350,0.9975464940071106,0.017196646818206096,0.0,3,0.5399361477590898,16.46505355834961,55,maximum
5.880104064941406,0.24572503566741943,True,False,family-00350-minimum,family-00350,0.9872077107429504,0.0684705887761132,1.0,0,0.5878309586621592,10.003052711486816,55,minimum
8.317313194274902,0.6344192028045654,True,False,family-00350-minimum,family-00350,0.9689949750900269,0.13821856343475952,1.0,1,1.0346193272658402,8.039008140563965,55,minimum
10.050530433654785,0.4327389597892761,True,False,family-00350-minimum,family-00350,0.9829298257827759,0.08640646445919488,1.0,2,0.978991808188393,10.266204833984375,55,minimum
8.108023643493652,0.03468853235244751,True,False,family-00350-minimum,family-00350,0.9631074666976929,0.15793946990696883,1.0,3,0.5154139268619532,15.731091499328613,55,minimum
7.163790225982666,-0.022977914661169052,False,False,family-00350-sum_mod_10,family-00350,0.9877796173095703,0.06597191650829523,0.5,0,0.5650684357019742,12.677739143371582,55,sum_mod_10
7.191504001617432,-0.03624047711491585,False,False,family-00350-sum_mod_10,family-00350,0.9817039370536804,0.09133147705205227,0.5,1,0.58670907048619,12.257359504699707,55,sum_mod_10
5.754097938537598,0.003226514905691147,False,False,family-00350-sum_mod_10,family-00350,0.9890269637107849,0.060426399247844896,0.5,2,0.41387413281611035,13.903014183044434,55,sum_mod_10
14.162771224975586,0.0043196603655815125,False,True,family-00350-sum_mod_10,family-00350,0.9948648810386658,0.03219247313610712,0.5,3,0.8465960274112387,16.72907829284668,55,sum_mod_10
7.814993381500244,0.38519760966300964,True,False,family-00351-maximum,family-00351,0.9855624437332153,0.07551807254050555,1.0,0,0.7298383254129458,10.707841873168945,55,maximum
7.1358184814453125,-0.2361876368522644,True,False,family-00351-maximum,family-00351,0.959219217300415,0.1704176284187327,1.0,1,0.6992889119250593,10.204392433166504,55,maximum
6.559910297393799,0.3025283217430115,True,False,family-00351-maximum,family-00351,0.973942220211029,0.1207594477399429,1.0,2,0.5387501317785268,12.176164627075195,55,maximum
8.163991928100586,0.02176111936569214,True,False,family-00351-maximum,family-00351,0.9856722354888916,0.07505395564086713,1.0,3,0.5472516741214123,14.918167114257812,55,maximum
7.468060493469238,0.5348130464553833,True,False,family-00351-minimum,family-00351,0.9864903688430786,0.07156817603404184,0.5,0,0.6392617316803759,11.682320594787598,55,minimum
8.304988861083984,0.5755591988563538,True,False,family-00351-minimum,family-00351,0.9721951484680176,0.12702678839445952,0.5,1,0.7760642038874094,10.701419830322266,55,minimum
8.38532543182373,0.5014737844467163,True,False,family-00351-minimum,family-00351,0.9835754632949829,0.08377698453487872,0.5,2,0.7221180572323245,11.612125396728516,55,minimum
7.676695346832275,-0.013263881206512451,True,False,family-00351-minimum,family-00351,0.9787253737449646,0.10295911990268757,0.5,3,0.49460561130711306,15.520841598510742,55,minimum
6.199182033538818,0.11788378655910492,True,False,family-00351-sum_mod_10,family-00351,0.9826276898384094,0.08762837872362726,0.0,0,0.5286571633331967,11.726280212402344,55,sum_mod_10
6.365747451782227,0.014721393585205078,True,False,family-00351-sum_mod_10,family-00351,0.9775435328483582,0.10745112772538479,0.0,1,0.555526241762778,11.45895004272461,55,sum_mod_10
6.7906494140625,0.1580064445734024,True,False,family-00351-sum_mod_10,family-00351,0.9899683594703674,0.05614687587156192,0.0,2,0.5509824889927495,12.32461929321289,55,sum_mod_10
8.813892364501953,0.12274207174777985,True,True,family-00351-sum_mod_10,family-00351,0.9946634769439697,0.03324924922206741,0.0,3,0.5857934300879625,15.046075820922852,55,sum_mod_10
5.83351993560791,0.09117114543914795,False,False,family-00352-maximum,family-00352,0.974578320980072,0.11844806858634942,0.5,0,0.6109105998957328,9.548892974853516,55,maximum
7.304141521453857,-0.024332761764526367,False,False,family-00352-maximum,family-00352,0.9706169962882996,0.13259084331321563,0.5,1,0.7667097624775135,9.526605606079102,55,maximum
7.962099075317383,0.14779329299926758,False,False,family-00352-maximum,family-00352,0.9836193919181824,0.08359715046771914,0.5,2,0.6788286460692109,11.72917366027832,55,maximum
11.226710319519043,0.48112764954566956,False,False,family-00352-maximum,family-00352,0.9950776696205139,0.031067327533668303,0.5,3,0.7180806894906441,15.634329795837402,55,maximum
6.317886829376221,0.1298055648803711,False,False,family-00352-minimum,family-00352,0.9887405037879944,0.06171208723210733,0.0,0,0.5149996486227723,12.267749786376953,55,minimum
7.833263397216797,-0.19155818223953247,False,False,family-00352-minimum,family-00352,0.9756786823272705,0.11441092173175331,0.0,1,0.7567700041727617,10.350916862487793,55,minimum
7.803216457366943,0.010734915733337402,False,False,family-00352-minimum,family-00352,0.9817901253700256,0.09098801602033343,0.0,2,0.6341642951510404,12.304723739624023,55,minimum
8.106134414672852,0.3621482253074646,False,False,family-00352-minimum,family-00352,0.9834429621696472,0.08431869257133676,0.0,3,0.509704806016316,15.903586387634277,55,minimum
6.1646552085876465,-0.023798532783985138,False,False,family-00352-sum_mod_10,family-00352,0.9887405037879944,0.06171208723210733,1.0,0,0.502509043299314,12.267749786376953,55,sum_mod_10
7.283518314361572,0.002038765698671341,False,False,family-00352-sum_mod_10,family-00352,0.9766489863395691,0.11080867249655207,1.0,1,0.7041863247940477,10.343169212341309,55,sum_mod_10
6.4519548416137695,-0.010788396000862122,False,False,family-00352-sum_mod_10,family-00352,0.9861894249916077,0.07285607783728713,1.0,2,0.5528355173039622,11.670659065246582,55,sum_mod_10
10.100749015808105,0.0171897504478693,False,True,family-00352-sum_mod_10,family-00352,0.9955399632453918,0.028590463202394077,1.0,3,0.6773155688275053,14.912914276123047,55,sum_mod_10
6.432901859283447,0.2774119973182678,True,False,family-00353-maximum,family-00353,0.9748644232749939,0.11740316644253693,0.0,0,0.682277795259407,9.428566932678223,55,maximum
3.475381374359131,0.034257590770721436,True,False,family-00353-maximum,family-00353,0.9558112621307373,0.18103498978029314,0.0,1,0.3773810375685661,9.209210395812988,55,maximum
10.954471588134766,0.4942356050014496,True,False,family-00353-maximum,family-00353,0.9756453037261963,0.11453412472129773,0.0,2,1.1643030594768247,9.408608436584473,55,maximum
12.373847007751465,0.7355304956436157,True,False,family-00353-maximum,family-00353,0.9947838187217712,0.03261874836401502,0.0,3,0.8191746657967472,15.105260848999023,55,maximum
6.558239936828613,-0.08887287974357605,False,False,family-00353-minimum,family-00353,0.9877511262893677,0.06609702556704718,1.0,0,0.6187050314403731,10.599946022033691,55,minimum
4.384562015533447,-0.2791393995285034,False,False,family-00353-minimum,family-00353,0.9629812836647034,0.1583508748106017,1.0,1,0.5228852533519762,8.385323524475098,55,minimum
6.837587833404541,0.09610562026500702,False,False,family-00353-minimum,family-00353,0.9577688574790955,0.17497114480394613,1.0,2,0.7663053353101975,8.922798156738281,55,minimum
6.820274829864502,0.15423434972763062,False,False,family-00353-minimum,family-00353,0.9767980575561523,0.11025162883789531,1.0,3,0.6511022734483761,10.474967002868652,55,minimum
7.080111980438232,0.017704186961054802,False,False,family-00353-sum_mod_10,family-00353,0.9877796173095703,0.06597191650829523,0.5,0,0.5584680281215592,12.677739143371582,55,sum_mod_10
5.640017986297607,0.019072091206908226,False,False,family-00353-sum_mod_10,family-00353,0.9813299775123596,0.09281694256677989,0.5,1,0.4831756636469349,11.672810554504395,55,sum_mod_10
5.253281593322754,0.02807474695146084,False,False,family-00353-sum_mod_10,family-00353,0.9834912419319153,0.08412143438567522,0.5,2,0.42434308061398834,12.37979793548584,55,sum_mod_10
11.456358909606934,-0.022014178335666656,False,True,family-00353-sum_mod_10,family-00353,0.9967930912971497,0.02161726697682903,0.5,3,0.809530792273027,14.151850700378418,55,sum_mod_10
7.783812522888184,0.38406941294670105,True,False,family-00354-maximum,family-00354,0.9864903688430786,0.07156817603404184,1.0,0,0.666289925852673,11.682320594787598,55,maximum
6.719626426696777,0.09498131275177002,True,False,family-00354-maximum,family-00354,0.9629502296447754,0.15845205423890418,1.0,1,0.6508078618189046,10.325054168701172,55,maximum
5.948949813842773,0.3582536578178406,True,False,family-00354-maximum,family-00354,0.9816573858261108,0.09151681187699551,1.0,2,0.5875646006119297,10.12475872039795,55,maximum
11.728294372558594,0.060423433780670166,True,False,family-00354-maximum,family-00354,0.9930474162101746,0.04147325764244295,1.0,3,0.9487325271863611,12.362066268920898,55,maximum
7.55692195892334,0.10790449380874634,False,False,family-00354-minimum,family-00354,0.982559323310852,0.08790412505115772,0.5,0,0.704921179935954,10.720236778259277,55,minimum
8.214001655578613,0.8316664099693298,False,False,family-00354-minimum,family-00354,0.9578980207443237,0.17456776188451018,0.5,1,0.9506896662863763,8.640045166015625,55,minimum
7.750437259674072,0.18880099058151245,False,False,family-00354-minimum,family-00354,0.9687576293945312,0.1390345982501019,0.5,2,0.8106273389794177,9.561036109924316,55,minimum
7.382036209106445,0.06981569528579712,False,False,family-00354-minimum,family-00354,0.9519862532615662,0.19262478178149162,0.5,3,0.5598330704114686,13.186138153076172,55,minimum
4.701382160186768,0.01746249385178089,True,False,family-00354-sum_mod_10,family-00354,0.9765461683273315,0.11119231075754603,0.0,0,0.42026637338070105,11.18667221069336,55,sum_mod_10
5.97050142288208,0.017879221588373184,True,False,family-00354-sum_mod_10,family-00354,0.9573004841804504,0.17643044566885852,0.0,1,0.5655356660056355,10.557250022888184,55,sum_mod_10
6.06613826751709,-0.030081383883953094,True,False,family-00354-sum_mod_10,family-00354,0.9874140620231628,0.06757208339275607,0.0,2,0.5341279129475242,11.357089042663574,55,sum_mod_10
9.351683616638184,0.0294756181538105,True,True,family-00354-sum_mod_10,family-00354,0.9892486333847046,0.05942632277082592,0.0,3,0.7043881098750376,13.276322364807129,55,sum_mod_10
6.569780349731445,0.32931792736053467,False,False,family-00355-maximum,family-00355,0.982251763343811,0.0891412644236175,0.5,0,0.7035734296145096,9.337732315063477,55,maximum
7.048442363739014,-0.01626133918762207,False,False,family-00355-maximum,family-00355,0.9668462872505188,0.14553940885362546,0.5,1,0.7709463480375667,9.142584800720215,55,maximum
7.6580729484558105,0.2076265811920166,False,False,family-00355-maximum,family-00355,0.9726673364639282,0.12534432192351583,0.5,2,0.7215913022333547,10.612756729125977,55,maximum
12.775643348693848,0.41294723749160767,False,False,family-00355-maximum,family-00355,0.9936150312423706,0.03863295186745362,0.5,3,1.0180290446325322,12.549389839172363,55,maximum
6.365025997161865,0.04235804080963135,False,False,family-00355-minimum,family-00355,0.9829602241516113,0.08628322608637254,0.0,0,0.6033970601743196,10.548652648925781,55,minimum
8.127781867980957,0.643786609172821,False,False,family-00355-minimum,family-00355,0.9688705205917358,0.1386466920855171,0.0,1,0.8701969833991074,9.340163230895996,55,minimum
7.697029113769531,0.09135997295379639,False,False,family-00355-minimum,family-00355,0.9589598774909973,0.17123574191699814,0.0,2,0.7469895218664354,10.304065704345703,55,minimum
7.257603645324707,0.1928606927394867,False,False,family-00355-minimum,family-00355,0.9723082780838013,0.12662444955339644,0.0,3,0.5435533795751781,13.352145195007324,55,minimum
5.981536865234375,-0.06458073854446411,True,False,family-00355-sum_mod_10,family-00355,0.9893701076507568,0.05887633043393764,1.0,0,0.5188326246093304,11.528837203979492,55,sum_mod_10
6.3066511154174805,0.22126519680023193,True,False,family-00355-sum_mod_10,family-00355,0.9574640989303589,0.17592128744176289,1.0,1,0.5914722670916893,10.66263198852539,55,sum_mod_10
7.939866065979004,-0.1724926233291626,True,False,family-00355-sum_mod_10,family-00355,0.9875982403755188,0.06676723221616271,1.0,2,0.6147806338871898,12.914958000183105,55,sum_mod_10
12.417229652404785,-0.3221198618412018,True,True,family-00355-sum_mod_10,family-00355,0.9952620267868042,0.03008505481018715,1.0,3,0.7878522684228806,15.760860443115234,55,sum_mod_10
7.796291351318359,0.2599523663520813,False,False,family-00356-maximum,family-00356,0.9887405037879944,0.06171208723210733,0.0,0,0.6355111154920976,12.267749786376953,55,maximum
6.642605781555176,0.11827999353408813,False,False,family-00356-maximum,family-00356,0.9718842506408691,0.1281300454390639,0.0,1,0.6547859470944595,10.144698143005371,55,maximum
8.207365036010742,0.3474205732345581,False,False,family-00356-maximum,family-00356,0.9800717830657959,0.09775961488367808,0.0,2,0.6940253334827934,11.825742721557617,55,maximum
12.584142684936523,0.48018255829811096,False,False,family-00356-maximum,family-00356,0.9918729662895203,0.04720575103960872,0.0,3,0.8207726145187736,15.332069396972656,55,maximum
6.9446282386779785,0.07022744417190552,False,False,family-00356-minimum,family-00356,0.9877511262893677,0.06609702556704718,1.0,0,0.6551569436525858,10.599946022033691,55,minimum
7.36983060836792,0.480366587638855,False,False,family-00356-minimum,family-00356,0.96051424741745,0.16630638416162108,1.0,1,0.8788504157062081,8.385762214660645,55,minimum
9.239301681518555,0.1712297797203064,False,False,family-00356-minimum,family-00356,0.9660993814468384,0.14804999664183052,1.0,2,0.9412857343004397,9.815618515014648,55,minimum
7.621860504150391,0.06634390354156494,False,False,family-00356-minimum,family-00356,0.9271141886711121,0.26104047827422666,1.0,3,0.5581810565274169,13.654817581176758,55,minimum
5.828116416931152,-0.01713365688920021,True,False,family-00356-sum_mod_10,family-00356,0.9807712435722351,0.09502220315779537,0.5,0,0.5452284438092154,10.689311027526855,55,sum_mod_10
7.733855724334717,0.0014213696122169495,True,False,family-00356-sum_mod_10,family-00356,0.9592496156692505,0.17032162133183232,0.5,1,0.8994053935473338,8.598854064941406,55,sum_mod_10
6.952199935913086,-0.03937387466430664,True,False,family-00356-sum_mod_10,family-00356,0.9786666631698608,0.10318382449700167,0.5,2,0.656278670346794,10.593365669250488,55,sum_mod_10
13.651629447937012,0.007775536272674799,True,True,family-00356-sum_mod_10,family-00356,0.9766835570335388,0.11067957704786505,0.5,3,1.0199058308696198,13.385186195373535,55,sum_mod_10
6.120682716369629,0.5141669511795044,True,False,family-00357-maximum,family-00357,0.9887803792953491,0.06153356406557892,1.0,0,0.5541125627089037,11.045919418334961,55,maximum
5.705948829650879,-0.012666463851928711,True,False,family-00357-maximum,family-00357,0.9625135660171509,0.15987192841923076,1.0,1,0.610708318520154,9.343165397644043,55,maximum
8.64648723602295,0.7491106390953064,True,False,family-00357-maximum,family-00357,0.9796066880226135,0.09956589162772718,1.0,2,0.8133658637849538,10.630501747131348,55,maximum
12.094921112060547,0.6795565485954285,True,False,family-00357-maximum,family-00357,0.988654613494873,0.06209613469532755,1.0,3,0.8614396188443134,14.040358543395996,55,maximum
5.0885419845581055,0.06160318851470947,True,False,family-00357-minimum,family-00357,0.9709007740020752,0.13159691008851393,0.5,0,0.5212139523402461,9.762866020202637,55,minimum
7.765397071838379,0.5443520545959473,True,False,family-00357-minimum,family-00357,0.9716268181800842,0.12904089559593201,0.5,1,0.8275136973660568,9.384010314941406,55,minimum
6.791797637939453,0.060456037521362305,True,False,family-00357-minimum,family-00357,0.968254029750824,0.14075991183596487,0.5,2,0.5891137009140229,11.528840065002441,55,minimum
7.225304126739502,0.043572068214416504,True,False,family-00357-minimum,family-00357,0.9578739404678345,0.17464299705009734,0.5,3,0.5046316019302111,14.317977905273438,55,minimum
6.415261745452881,0.12490648031234741,False,False,family-00357-sum_mod_10,family-00357,0.983428418636322,0.0843780854806949,0.0,0,0.6278662091919929,10.217561721801758,55,sum_mod_10
5.3403401374816895,0.03047195076942444,False,False,family-00357-sum_mod_10,family-00357,0.9407892227172852,0.22479040358807828,0.0,1,0.5547043933836294,9.627362251281738,55,sum_mod_10
3.921612501144409,-0.04477539658546448,False,False,family-00357-sum_mod_10,family-00357,0.961783230304718,0.16223493756829713,0.0,2,0.3210619459836931,12.21450424194336,55,sum_mod_10
8.188886642456055,0.08330784738063812,False,True,family-00357-sum_mod_10,family-00357,0.9744723439216614,0.11883427725187372,0.0,3,0.5919844962629844,13.832941055297852,55,sum_mod_10
3.7518856525421143,0.0015986859798431396,True,False,family-00358-maximum,family-00358,0.9765461683273315,0.11119231075754603,0.5,0,0.3353888968835326,11.18667221069336,55,maximum
4.051743984222412,-0.08556671440601349,True,False,family-00358-maximum,family-00358,0.9590815901756287,0.17085200046554208,0.5,1,0.39207445218574305,10.334118843078613,55,maximum
9.194764137268066,0.03356005996465683,True,False,family-00358-maximum,family-00358,0.98183673620224,0.09080209854516633,0.5,2,0.8524113394102087,10.786768913269043,55,maximum
8.184133529663086,0.05621358007192612,True,False,family-00358-maximum,family-00358,0.9947362542152405,0.032868280823133866,0.5,3,0.5761287858088018,14.205389022827148,55,maximum
5.965737342834473,0.02804548293352127,False,False,family-00358-minimum,family-00358,0.9887405037879944,0.06171208723210733,0.0,0,0.48629434466125837,12.267749786376953,55,minimum
4.425939559936523,0.07665521651506424,False,False,family-00358-minimum,family-00358,0.9742732644081116,0.11955855686591768,0.0,1,0.4708362458772075,9.400167465209961,55,minimum
6.620511054992676,0.09417489171028137,False,False,family-00358-minimum,family-00358,0.9727846384048462,0.12492506497809666,0.0,2,0.779724800329227,8.490830421447754,55,minimum
7.064411163330078,0.0697098895907402,False,False,family-00358-minimum,family-00358,0.9801046848297119,0.09763141869136396,0.0,3,0.7275464837035591,9.70991039276123,55,minimum
6.321620464324951,-0.05670013278722763,False,False,family-00358-sum_mod_10,family-00358,0.9829602241516113,0.08628322608637254,1.0,0,0.5992822661545038,10.548652648925781,55,sum_mod_10
5.891270637512207,-0.148576557636261,False,False,family-00358-sum_mod_10,family-00358,0.9705012440681458,0.13299545390035009,1.0,1,0.6208869953495627,9.48847484588623,55,sum_mod_10
5.755781650543213,0.043398451060056686,False,False,family-00358-sum_mod_10,family-00358,0.9489345550537109,0.2016405113463303,1.0,2,0.5539928195603598,10.389632225036621,55,sum_mod_10
10.381624221801758,0.06969364732503891,False,True,family-00358-sum_mod_10,family-00358,0.9881201982498169,0.06447111493304505,1.0,3,0.7785732753487816,13.3341646194458,55,sum_mod_10
7.139271259307861,0.134189173579216,True,False,family-00359-maximum,family-00359,0.9748644232749939,0.11740316644253693,0.0,0,0.7571957976523503,9.428566932678223,55,maximum
4.844833850860596,-0.01838591694831848,True,False,family-00359-maximum,family-00359,0.9564293026924133,0.17913053501229337,0.0,1,0.48865273310907387,9.914676666259766,55,maximum
12.082776069641113,0.3688824474811554,True,False,family-00359-maximum,family-00359,0.9803589582443237,0.09663880584392565,0.0,2,1.0598471007873331,11.400489807128906,55,maximum
7.973849773406982,0.15620090067386627,True,False,family-00359-maximum,family-00359,0.9966192245483398,0.022610483810066688,0.0,3,0.47963149226124685,16.624950408935547,55,maximum
6.119320392608643,0.22688019275665283,False,False,family-00359-minimum,family-00359,0.982251763343811,0.0891412644236175,1.0,0,0.6553325996224003,9.337732315063477,55,minimum
7.422788143157959,-0.09782785177230835,False,False,family-00359-minimum,family-00359,0.9723654985427856,0.12642076745322425,1.0,1,0.8483719048873046,8.74945068359375,55,minimum
7.200815200805664,-0.042379140853881836,False,False,family-00359-minimum,family-00359,0.9685440063476562,0.13976747867118472,1.0,2,0.7488216173416037,9.616195678710938,55,minimum
9.701080322265625,0.2156643271446228,False,False,family-00359-minimum,family-00359,0.9817422032356262,0.09117903721697812,1.0,3,0.7197385192687794,13.478617668151855,55,minimum
7.222738742828369,-0.00605681911110878,False,False,family-00359-sum_mod_10,family-00359,0.9839814305305481,0.08211045411503394,0.5,0,0.6889869479311853,10.483128547668457,55,sum_mod_10
6.461651802062988,-0.011543484404683113,False,False,family-00359-sum_mod_10,family-00359,0.9673275947570801,0.14391238358261338,0.5,1,0.5775094348242588,11.188824653625488,55,sum_mod_10
5.2282915115356445,-0.00012369826436042786,False,False,family-00359-sum_mod_10,family-00359,0.9835624098777771,0.08383039930215028,0.5,2,0.4021537012260556,13.00072956085205,55,sum_mod_10
10.721648216247559,-0.013581354171037674,False,True,family-00359-sum_mod_10,family-00359,0.9945319890975952,0.03393502991953907,0.5,3,0.74846525006045,14.324844360351562,55,sum_mod_10
6.7775559425354,0.32069212198257446,False,False,family-00360-maximum,family-00360,0.9839814305305481,0.08211045411503394,1.0,0,0.6465203504580501,10.483128547668457,55,maximum
4.612566947937012,0.003669917583465576,False,False,family-00360-maximum,family-00360,0.9655827283859253,0.1497766430674609,1.0,1,0.47136231192538236,9.785608291625977,55,maximum
6.221192836761475,0.05653184652328491,False,False,family-00360-maximum,family-00360,0.9793771505355835,0.10045333410018095,1.0,2,0.631020206131796,9.858943939208984,55,maximum
14.1738862991333,0.3223575949668884,False,False,family-00360-maximum,family-00360,0.9891949892044067,0.05966876201582344,1.0,3,1.1546094308918835,12.275914192199707,55,maximum
5.058089256286621,-0.34503433108329773,False,False,family-00360-minimum,family-00360,0.974578320980072,0.11844806858634942,0.5,0,0.5297042567768663,9.548892974853516,55,minimum
4.116246223449707,-0.09854725003242493,False,False,family-00360-minimum,family-00360,0.9641531705856323,0.15451269132849305,0.5,1,0.4825280498550805,8.530584335327148,55,minimum
6.645316123962402,0.3556758761405945,False,False,family-00360-minimum,family-00360,0.9657792448997498,0.1491208408570685,0.5,2,0.7362425476261972,9.02598762512207,55,minimum
7.9779887199401855,0.1181516945362091,False,False,family-00360-minimum,family-00360,0.972044050693512,0.12756342061969214,0.5,3,0.7188570215227602,11.09815788269043,55,minimum
6.268877029418945,0.3425924777984619,False,False,family-00360-sum_mod_10,family-00360,0.983428418636322,0.0843780854806949,0.0,0,0.6135394333897398,10.217561721801758,55,sum_mod_10
3.961512804031372,0.038771867752075195,False,False,family-00360-sum_mod_10,family-00360,0.9392725229263306,0.22896452730996047,0.0,1,0.4335725579947192,9.136908531188965,55,sum_mod_10
4.712458610534668,0.08539313077926636,False,False,family-00360-sum_mod_10,family-00360,0.9630010724067688,0.15828638551759752,0.0,2,0.4704846151370606,10.016180038452148,55,sum_mod_10
7.533112049102783,0.061577558517456055,False,True,family-00360-sum_mod_10,family-00360,0.9851779341697693,0.07713685198681568,0.0,3,0.6915593940888654,10.892935752868652,55,sum_mod_10
8.327548027038574,0.2711532711982727,True,False,family-00361-maximum,family-00361,0.9887803792953491,0.06153356406557892,0.5,0,0.7539026595844796,11.045919418334961,55,maximum
3.2968456745147705,0.0036276578903198242,True,False,family-00361-maximum,family-00361,0.9604511260986328,0.16650778517538797,0.5,1,0.32115994335236636,10.265432357788086,55,maximum
8.966338157653809,0.04291355609893799,True,False,family-00361-maximum,family-00361,0.9804377555847168,0.09633052336432195,0.5,2,0.8467303316103127,10.589366912841797,55,maximum
9.987313270568848,0.07951802015304565,True,False,family-00361-maximum,family-00361,0.9912364482879639,0.050239333256621055,0.5,3,0.6780718090220795,14.72899055480957,55,maximum
5.645666122436523,-0.3464091420173645,True,False,family-00361-minimum,family-00361,0.9826276898384094,0.08762837872362726,0.0,0,0.48145413721781644,11.726280212402344,55,minimum
4.475190162658691,0.06207062304019928,True,False,family-00361-minimum,family-00361,0.9767111539840698,0.11057648560234194,0.0,1,0.42011537606893773,10.652288436889648,55,minimum
7.702670574188232,0.019044801592826843,True,False,family-00361-minimum,family-00361,0.9849787354469299,0.07797147758272527,0.0,2,0.7196644176658448,10.703142166137695,55,minimum
8.570268630981445,-0.1396569311618805,True,False,family-00361-minimum,family-00361,0.9892356991767883,0.0594848022699344,0.0,3,0.6428317284079729,13.332056045532227,55,minimum
7.05974006652832,0.036481454968452454,True,False,family-00361-sum_mod_10,family-00361,0.9893701076507568,0.05887633043393764,1.0,0,0.612354909833531,11.528837203979492,55,sum_mod_10
3.159841299057007,0.010711997747421265,True,False,family-00361-sum_mod_10,family-00361,0.9615357518196106,0.16303235164359803,1.0,1,0.3291271697556936,9.600669860839844,55,sum_mod_10
7.934719085693359,0.07024608552455902,True,False,family-00361-sum_mod_10,family-00361,0.9895839095115662,0.057904893627291315,1.0,2,0.795377718465466,9.976038932800293,55,sum_mod_10
12.220215797424316,-0.024689525365829468,True,True,family-00361-sum_mod_10,family-00361,0.9962735176086426,0.024559102672848297,1.0,3,0.8892561826321468,13.742064476013184,55,sum_mod_10
6.9429850578308105,0.18856781721115112,True,False,family-00362-maximum,family-00362,0.9872077107429504,0.0684705887761132,0.0,0,0.694086621162954,10.003052711486816,55,maximum
4.1121602058410645,0.003129422664642334,True,False,family-00362-maximum,family-00362,0.9669996500015259,0.14502176653516116,0.0,1,0.513076578828284,8.014710426330566,55,maximum
8.965614318847656,0.1256861686706543,True,False,family-00362-maximum,family-00362,0.975669264793396,0.11444568732717429,0.0,2,1.1545666227820244,7.765350341796875,55,maximum
12.815446853637695,0.5110410451889038,True,False,family-00362-maximum,family-00362,0.9940664768218994,0.03633787181567229,0.0,3,1.0489908222075242,12.21692943572998,55,maximum
6.286229133605957,0.08012371510267258,True,False,family-00362-minimum,family-00362,0.9864903688430786,0.07156817603404184,1.0,0,0.5380976393004262,11.682320594787598,55,minimum
4.334809303283691,0.1062132716178894,True,False,family-00362-minimum,family-00362,0.9672292470932007,0.14424543322383748,1.0,1,0.4250252235522055,10.198945999145508,55,minimum
8.66468620300293,-0.02488894760608673,True,False,family-00362-minimum,family-00362,0.9750321507453918,0.11678904168746093,1.0,2,0.9082912532006843,9.539546012878418,55,minimum
9.178205490112305,0.018895037472248077,True,False,family-00362-minimum,family-00362,0.9848161935806274,0.0786505254414489,1.0,3,0.7453458123947845,12.3140230178833,55,minimum
5.3738932609558105,0.08266019076108932,True,False,family-00362-sum_mod_10,family-00362,0.9807712435722351,0.09502220315779537,0.5,0,0.5027352321507991,10.689311027526855,55,sum_mod_10
4.949769973754883,0.09080398827791214,True,False,family-00362-sum_mod_10,family-00362,0.961319088935852,0.16372911320464012,0.5,1,0.5720902671211753,8.652078628540039,55,sum_mod_10
8.479963302612305,0.0783645510673523,True,False,family-00362-sum_mod_10,family-00362,0.980141282081604,0.09748875842841703,0.5,2,0.9280119812349648,9.137773513793945,55,sum_mod_10
15.274619102478027,-0.21630436182022095,True,True,family-00362-sum_mod_10,family-00362,0.9897270798683167,0.05725190660322499,0.5,3,1.1616911141424002,13.148606300354004,55,sum_mod_10
5.658494472503662,0.09130960702896118,False,False,family-00363-maximum,family-00363,0.9839814305305481,0.08211045411503394,1.0,0,0.5397715430821616,10.483128547668457,55,maximum
6.976131439208984,-0.01180875301361084,False,False,family-00363-maximum,family-00363,0.9680185914039612,0.14156367670774156,1.0,1,0.7204175681729836,9.683455467224121,55,maximum
7.62911319732666,0.032146990299224854,False,False,family-00363-maximum,family-00363,0.988154411315918,0.06431981026939183,1.0,2,0.7469185904342157,10.214116096496582,55,maximum
13.17274284362793,0.6873347163200378,False,False,family-00363-maximum,family-00363,0.9935675263404846,0.0388725508433372,1.0,3,1.004154929213973,13.118237495422363,55,maximum
5.456997871398926,0.24393880367279053,False,False,family-00363-minimum,family-00363,0.974578320980072,0.11844806858634942,0.5,0,0.5714796349450799,9.548892974853516,55,minimum
7.979733943939209,0.7224675416946411,False,False,family-00363-minimum,family-00363,0.9715354442596436,0.12936361657690373,0.5,1,0.850471805172522,9.38271427154541,55,minimum
8.338214874267578,0.1437026858329773,False,False,family-00363-minimum,family-00363,0.9760540723800659,0.11302207998745659,0.5,2,0.783658427630159,10.640113830566406,55,minimum
7.544768810272217,0.0852125883102417,False,False,family-00363-minimum,family-00363,0.9641665816307068,0.15446853963223534,0.5,3,0.4763433355880263,15.838930130004883,55,minimum
5.8548994064331055,-0.05401027202606201,True,False,family-00363-sum_mod_10,family-00363,0.9826276898384094,0.08762837872362726,0.0,0,0.4992972451946568,11.726280212402344,55,sum_mod_10
5.536181449890137,0.11474741995334625,True,False,family-00363-sum_mod_10,family-00363,0.9788287281990051,0.10256314606778213,0.0,1,0.4866098420789467,11.377043724060059,55,sum_mod_10
6.170831680297852,-0.0618005096912384,True,False,family-00363-sum_mod_10,family-00363,0.9911887645721436,0.05046466800249811,0.0,2,0.5055541856564374,12.206073760986328,55,sum_mod_10
9.484794616699219,-0.13815529644489288,True,True,family-00363-sum_mod_10,family-00363,0.9959757924079895,0.026211323834254226,0.0,3,0.640343641213355,14.81203842163086,55,sum_mod_10
6.426894187927246,0.053733885288238525,True,False,family-00364-maximum,family-00364,0.9864903688430786,0.07156817603404184,0.5,0,0.5501384879640085,11.682320594787598,55,maximum
6.940791606903076,0.2061021327972412,True,False,family-00364-maximum,family-00364,0.9702980518341064,0.13370457929390941,0.5,1,0.6262838998613182,11.082500457763672,55,maximum
7.035819053649902,0.14740067720413208,True,False,family-00364-maximum,family-00364,0.987984836101532,0.06506876867661593,0.5,2,0.6257009948586714,11.244698524475098,55,maximum
8.484824180603027,0.24142390489578247,True,False,family-00364-maximum,family-00364,0.9973015785217285,0.01865617881389251,0.5,3,0.5859766438760812,14.479799270629883,55,maximum
5.670021057128906,0.14320439100265503,False,False,family-00364-minimum,family-00364,0.9887405037879944,0.06171208723210733,0.0,0,0.4621891671955464,12.267749786376953,55,minimum
8.549391746520996,0.13161087036132812,False,False,family-00364-minimum,family-00364,0.9766427278518677,0.11083203761982657,0.0,1,0.8602115570603093,9.938708305358887,55,minimum
8.018989562988281,0.05722528696060181,False,False,family-00364-minimum,family-00364,0.9802832007408142,0.09693489137439999,0.0,2,0.5762277971052512,13.916353225708008,55,minimum
6.704552173614502,0.025858819484710693,False,False,family-00364-minimum,family-00364,0.9335047602653503,0.24447738495792026,0.0,3,0.3838420245834223,17.466957092285156,55,minimum
6.119976997375488,0.044412776827812195,False,False,family-00364-sum_mod_10,family-00364,0.9829602241516113,0.08628322608637254,1.0,0,0.580166700057065,10.548652648925781,55,sum_mod_10
7.85800838470459,0.0356757715344429,False,False,family-00364-sum_mod_10,family-00364,0.9702613353729248,0.1338325638419669,1.0,1,0.8249276611882527,9.525693893432617,55,sum_mod_10
5.7502760887146,-0.08044038712978363,False,False,family-00364-sum_mod_10,family-00364,0.9645803570747375,0.15310374533695612,1.0,2,0.47030696616670437,12.226644515991211,55,sum_mod_10
10.954425811767578,-0.044581130146980286,False,True,family-00364-sum_mod_10,family-00364,0.9859622120857239,0.0738240314768979,1.0,3,0.7624298647438544,14.367781639099121,55,sum_mod_10
7.3332905769348145,0.07878881692886353,False,False,family-00365-maximum,family-00365,0.9829602241516113,0.08628322608637254,0.0,0,0.6951874159664929,10.548652648925781,55,maximum
5.790019512176514,0.025914311408996582,False,False,family-00365-maximum,family-00365,0.9664278030395508,0.1469481871895239,0.0,1,0.5598298235136114,10.342463493347168,55,maximum
8.091897010803223,0.11728513240814209,False,False,family-00365-maximum,family-00365,0.97335284948349,0.12288678631180519,0.0,2,0.8383655872246253,9.65199089050293,55,maximum
12.181862831115723,0.3171077370643616,False,False,family-00365-maximum,family-00365,0.9949547648429871,0.03171830438611839,0.0,3,0.8884915880767373,13.710723876953125,55,maximum
6.006848335266113,-0.017258167266845703,False,False,family-00365-minimum,family-00365,0.982251763343811,0.0891412644236175,1.0,0,0.6432876990461553,9.337732315063477,55,minimum
6.57956600189209,-0.06713747978210449,False,False,family-00365-minimum,family-00365,0.9743812680244446,0.1191658213177828,1.0,1,0.7124380956668878,9.235280990600586,55,minimum
10.289870262145996,-0.09137630462646484,False,False,family-00365-minimum,family-00365,0.9780353307723999,0.10558979723360425,1.0,2,0.9585134665865604,10.735238075256348,55,minimum
8.343636512756348,0.2913784086704254,False,False,family-00365-minimum,family-00365,0.9843646883964539,0.0805275559749499,1.0,3,0.4772432065039515,17.482986450195312,55,minimum
6.158609867095947,-0.028589392080903053,True,False,family-00365-sum_mod_10,family-00365,0.9765461683273315,0.11119231075754603,0.5,0,0.5505310025271789,11.18667221069336,55,sum_mod_10
3.9518327713012695,-0.0015785777941346169,True,False,family-00365-sum_mod_10,family-00365,0.9523484706878662,0.19154137678446614,0.5,1,0.3381246463246115,11.68750286102295,55,sum_mod_10
5.553636074066162,-0.015118952840566635,True,False,family-00365-sum_mod_10,family-00365,0.988235592842102,0.06396039050681188,0.5,2,0.4436036103427711,12.519366264343262,55,sum_mod_10
10.559297561645508,-0.0011357637122273445,True,True,family-00365-sum_mod_10,family-00365,0.9969923496246338,0.020467333827211897,0.5,3,0.7226615226817558,14.611678123474121,55,sum_mod_10
6.249101638793945,0.10705280303955078,True,False,family-00366-maximum,family-00366,0.9872077107429504,0.0684705887761132,1.0,0,0.6247194550537465,10.003052711486816,55,maximum
7.225995063781738,0.01939910650253296,True,False,family-00366-maximum,family-00366,0.9701462388038635,0.13423345963183994,1.0,1,0.8553422676297248,8.448074340820312,55,maximum
8.471673011779785,0.4078733026981354,True,False,family-00366-maximum,family-00366,0.990313708782196,0.05455498226647319,1.0,2,0.8311404912220821,10.192829132080078,55,maximum
8.767966270446777,0.34962695837020874,True,False,family-00366-maximum,family-00366,0.9953202605247498,0.029773294868175856,1.0,3,0.6454196957529856,13.584906578063965,55,maximum
5.582169532775879,0.16344767808914185,True,False,family-00366-minimum,family-00366,0.9807712435722351,0.09502220315779537,0.5,0,0.5222197687391461,10.689311027526855,55,minimum
8.808083534240723,0.7325341105461121,True,False,family-00366-minimum,family-00366,0.968660295009613,0.1393687114617527,0.5,1,0.981937076978329,8.970109939575195,55,minimum
8.774874687194824,0.07456016540527344,True,False,family-00366-minimum,family-00366,0.9823055863380432,0.08892515935834325,0.5,2,0.7958477559529715,11.0258207321167,55,minimum
6.909811496734619,0.03246837854385376,True,False,family-00366-minimum,family-00366,0.9687017202377319,0.13922655206174617,0.5,3,0.4307944758133707,16.03969383239746,55,minimum
5.674783229827881,0.021774988621473312,False,False,family-00366-sum_mod_10,family-00366,0.9682032465934753,0.14093343296117808,0.0,0,0.5325812620666576,10.655243873596191,55,sum_mod_10
6.965137958526611,0.0028320476412773132,False,False,family-00366-sum_mod_10,family-00366,0.9662176370620728,0.14765364629335917,0.0,1,0.6042427350198242,11.527052879333496,55,sum_mod_10
6.756657123565674,-0.12971016764640808,False,False,family-00366-sum_mod_10,family-00366,0.9898064732551575,0.05688893335945085,0.0,2,0.4716310175343485,14.326150894165039,55,sum_mod_10
7.930697917938232,-0.005680553615093231,False,True,family-00366-sum_mod_10,family-00366,0.9929485321044922,0.041963182644311425,0.0,3,0.45922384531090166,17.269786834716797,55,sum_mod_10
5.406122207641602,0.18622630834579468,False,False,family-00367-maximum,family-00367,0.982559323310852,0.08790412505115772,0.5,0,0.5042913061962642,10.720236778259277,55,maximum
6.307243824005127,-0.05731922388076782,False,False,family-00367-maximum,family-00367,0.9579020738601685,0.17455509712631487,0.5,1,0.7149031945145414,8.822514533996582,55,maximum
9.411721229553223,0.5005667805671692,False,False,family-00367-maximum,family-00367,0.9713689088821411,0.12995102228573827,0.5,2,0.9872908464382307,9.532876014709473,55,maximum
7.2664008140563965,-0.018261611461639404,False,False,family-00367-maximum,family-00367,0.991257905960083,0.050137847309929394,0.5,3,0.5389675136438253,13.482075691223145,55,maximum
6.402734279632568,0.12650257349014282,False,False,family-00367-minimum,family-00367,0.9877796173095703,0.06597191650829523,0.0,0,0.5050375470913652,12.677739143371582,55,minimum
8.47590446472168,0.2708284854888916,False,False,family-00367-minimum,family-00367,0.9814972877502441,0.09215329496131508,0.0,1,0.747580419340428,11.337782859802246,55,minimum
6.134776592254639,0.03568136692047119,False,False,family-00367-minimum,family-00367,0.9758003354072571,0.11396149297334987,0.0,2,0.43608939345838066,14.067704200744629,55,minimum
8.235892295837402,0.040556132793426514,False,False,family-00367-minimum,family-00367,0.9592289924621582,0.1703867581291595,0.0,3,0.4747592987514585,17.347511291503906,55,minimum
6.569626808166504,0.04203847050666809,False,False,family-00367-sum_mod_10,family-00367,0.9829602241516113,0.08628322608637254,1.0,0,0.622792979047947,10.548652648925781,55,sum_mod_10
7.302024841308594,0.1937185525894165,False,False,family-00367-sum_mod_10,family-00367,0.9705373644828796,0.13286924571494205,1.0,1,0.7653267957556389,9.541054725646973,55,sum_mod_10
5.31207799911499,-0.12717965245246887,False,False,family-00367-sum_mod_10,family-00367,0.9570325016975403,0.1772629756753185,1.0,2,0.4501149425473124,11.801603317260742,55,sum_mod_10
10.584624290466309,-0.10534223914146423,False,True,family-00367-sum_mod_10,family-00367,0.9810758829116821,0.09382190854286013,1.0,3,0.7503591132487047,14.106078147888184,55,sum_mod_10
4.658311367034912,0.04742732644081116,True,False,family-00368-maximum,family-00368,0.9765461683273315,0.11119231075754603,0.0,0,0.41641618519777707,11.18667221069336,55,maximum
4.310507774353027,-0.19792312383651733,True,False,family-00368-maximum,family-00368,0.9521722197532654,0.19206890934068305,0.0,1,0.40254921100302987,10.708026885986328,55,maximum
11.709298133850098,0.2828059494495392,True,False,family-00368-maximum,family-00368,0.9828513860702515,0.08672421361824911,0.0,2,1.1286499998804989,10.374605178833008,55,maximum
8.672032356262207,0.13776591420173645,True,False,family-00368-maximum,family-00368,0.9967361092567444,0.021943795440960787,0.0,3,0.5272911133269826,16.44638442993164,55,maximum
4.428041934967041,0.14973604679107666,False,False,family-00368-minimum,family-00368,0.982251763343811,0.0891412644236175,1.0,0,0.4742095602616276,9.337732315063477,55,minimum
6.062376499176025,0.22987985610961914,False,False,family-00368-minimum,family-00368,0.9704950451850891,0.13301710880776013,1.0,1,0.798900052827576,7.588404178619385,55,minimum
7.394869327545166,0.5549345016479492,False,False,family-00368-minimum,family-00368,0.966025173664093,0.14829849634397282,1.0,2,0.8928755872747813,8.282082557678223,55,minimum
9.904500007629395,0.3010491132736206,False,False,family-00368-minimum,family-00368,0.978488564491272,0.10386445825483555,1.0,3,0.9767899981932582,10.139845848083496,55,minimum
7.119050979614258,0.07296864688396454,False,False,family-00368-sum_mod_10,family-00368,0.9877796173095703,0.06597191650829523,0.5,0,0.5615394747521979,12.677739143371582,55,sum_mod_10
5.920441150665283,0.13567142188549042,False,False,family-00368-sum_mod_10,family-00368,0.9813054203987122,0.09291422114543074,0.5,1,0.48729002309513414,12.149727821350098,55,sum_mod_10
6.093928337097168,0.097749263048172,False,False,family-00368-sum_mod_10,family-00368,0.9849445223808289,0.07811455655308652,0.5,2,0.4503266551474173,13.53223991394043,55,sum_mod_10
13.827099800109863,0.15199120342731476,False,True,family-00368-sum_mod_10,family-00368,0.9965779185295105,0.02284510855303003,0.5,3,0.9025029534590625,15.320836067199707,55,sum_mod_10
7.626710414886475,0.1711009442806244,False,False,family-00369-maximum,family-00369,0.9839814305305481,0.08211045411503394,1.0,0,0.7275223593993536,10.483128547668457,55,maximum
5.20272970199585,-0.191827654838562,False,False,family-00369-maximum,family-00369,0.9662861227989197,0.14742391088891774,1.0,1,0.48319970062730977,10.767245292663574,55,maximum
7.3670973777771,0.34116825461387634,False,False,family-00369-maximum,family-00369,0.9861897826194763,0.07285455132884516,1.0,2,0.635138181680353,11.599204063415527,55,maximum
7.913206577301025,0.16059210896492004,False,False,family-00369-maximum,family-00369,0.9967131614685059,0.0220750119814049,1.0,3,0.5302697176352865,14.92298412322998,55,maximum
8.201467514038086,-0.14234668016433716,True,False,family-00369-minimum,family-00369,0.9855624437332153,0.07551807254050555,0.5,0,0.7659309514636018,10.707841873168945,55,minimum
5.6981611251831055,-0.1500210165977478,True,False,family-00369-minimum,family-00369,0.9668160080909729,0.14564152267423605,0.5,1,0.5377791094598893,10.595727920532227,55,minimum
6.780243396759033,0.2748945355415344,True,False,family-00369-minimum,family-00369,0.9753784537315369,0.11551740801189488,0.5,2,0.5494473609124523,12.34011459350586,55,minimum
8.617749214172363,0.13790792226791382,True,False,family-00369-minimum,family-00369,0.9873435497283936,0.06787949426387821,0.5,3,0.6087525596923593,14.156407356262207,55,minimum
6.709122657775879,-0.02239072509109974,False,False,family-00369-sum_mod_10,family-00369,0.983428418636322,0.0843780854806949,0.0,0,0.6566265847418631,10.217561721801758,55,sum_mod_10
4.823239326477051,-0.0006509758532047272,False,False,family-00369-sum_mod_10,family-00369,0.9414936900138855,0.22283764673000195,0.0,1,0.4689342258556081,10.285534858703613,55,sum_mod_10
4.51239013671875,-0.0024122074246406555,False,False,family-00369-sum_mod_10,family-00369,0.971858024597168,0.1282229492863987,0.0,2,0.38294969709350263,11.783245086669922,55,sum_mod_10
7.965883255004883,-0.005922427400946617,False,True,family-00369-sum_mod_10,family-00369,0.990168571472168,0.05522548501736763,0.0,3,0.5595687998923313,14.235753059387207,55,sum_mod_10
3.887007474899292,0.2892782688140869,True,False,family-00370-maximum,family-00370,0.9765461683273315,0.11119231075754603,0.5,0,0.3474677188792298,11.18667221069336,55,maximum
5.1542067527771,0.26983585953712463,True,False,family-00370-maximum,family-00370,0.9592127203941345,0.17043814451597405,0.5,1,0.5219475583740888,9.874951362609863,55,maximum
7.389157295227051,0.3350141942501068,True,False,family-00370-maximum,family-00370,0.9796857237815857,0.09925971304226786,0.5,2,0.6856961586519736,10.776139259338379,55,maximum
9.588021278381348,0.2895912528038025,True,False,family-00370-maximum,family-00370,0.9905014038085938,0.053684610996849,0.5,3,0.7518823853631595,12.752022743225098,55,maximum
6.95438289642334,0.0763239860534668,False,False,family-00370-minimum,family-00370,0.9829602241516113,0.08628322608637254,0.0,0,0.6592674086326595,10.548652648925781,55,minimum
8.261688232421875,0.43633320927619934,False,False,family-00370-minimum,family-00370,0.9681177735328674,0.1412252970390192,0.0,1,0.9263248930525055,8.918780326843262,55,minimum
5.965800762176514,0.07320451736450195,False,False,family-00370-minimum,family-00370,0.9443686008453369,0.21477398148134547,0.0,2,0.46429471884788087,12.849167823791504,55,minimum
6.602110862731934,0.06532013416290283,False,False,family-00370-minimum,family-00370,0.9051086902618408,0.3137107873447648,0.0,3,0.4338348187596116,15.218029022216797,55,minimum
6.929305553436279,-0.027431797236204147,False,False,family-00370-sum_mod_10,family-00370,0.9877796173095703,0.06597191650829523,1.0,0,0.5465726558239835,12.677739143371582,55,sum_mod_10
8.898323059082031,-0.02465398609638214,False,False,family-00370-sum_mod_10,family-00370,0.9816253185272217,0.09164441168091227,1.0,1,0.8016764586100653,11.09964370727539,55,sum_mod_10
5.44929838180542,-0.0003879684954881668,False,False,family-00370-sum_mod_10,family-00370,0.9775263071060181,0.10751612169036498,1.0,2,0.38128371220904533,14.291977882385254,55,sum_mod_10
12.014187812805176,0.004862524569034576,False,True,family-00370-sum_mod_10,family-00370,0.9836064577102661,0.08365011268043253,1.0,3,0.7449264267874306,16.128019332885742,55,sum_mod_10
7.287222385406494,0.3446125090122223,False,False,family-00371-maximum,family-00371,0.9877796173095703,0.06597191650829523,0.0,0,0.574804569095156,12.677739143371582,55,maximum
6.796806335449219,0.02694857120513916,False,False,family-00371-maximum,family-00371,0.9778467416763306,0.10630487680469948,0.0,1,0.6090209160785577,11.160218238830566,55,maximum
11.012548446655273,0.36714956164360046,False,False,family-00371-maximum,family-00371,0.983091413974762,0.08575073388147916,0.0,2,0.9259071810343321,11.893793106079102,55,maximum
8.605424880981445,0.33792999386787415,False,False,family-00371-maximum,family-00371,0.9969581365585327,0.020665697781690688,0.0,3,0.525328341784478,16.381040573120117,55,maximum
5.578191757202148,0.2900264263153076,True,False,family-00371-minimum,family-00371,0.9887803792953491,0.06153356406557892,1.0,0,0.5050002218867349,11.045919418334961,55,minimum
6.187846660614014,0.5851656198501587,True,False,family-00371-minimum,family-00371,0.959185004234314,0.17052565519946158,1.0,1,0.6959018607069588,8.891838073730469,55,minimum
8.064702987670898,0.22802388668060303,True,False,family-00371-minimum,family-00371,0.982795774936676,0.08694926590244162,1.0,2,0.8138416092873051,9.909425735473633,55,minimum
8.066542625427246,0.0032677054405212402,True,False,family-00371-minimum,family-00371,0.968768835067749,0.13899611321269756,1.0,3,0.5952502196724315,13.551515579223633,55,minimum
6.754518032073975,-0.0022493284195661545,False,False,family-00371-sum_mod_10,family-00371,0.9839814305305481,0.08211045411503394,0.5,0,0.6443227326041175,10.483128547668457,55,sum_mod_10
6.0165886878967285,-0.006690053269267082,False,False,family-00371-sum_mod_10,family-00371,0.9673810601234436,0.14373119733399053,0.5,1,0.5646610387181022,10.655221939086914,55,sum_mod_10
8.136632919311523,-0.01534987986087799,False,False,family-00371-sum_mod_10,family-00371,0.9874714016914368,0.06732180607691192,0.5,2,0.7662455907917014,10.618831634521484,55,sum_mod_10
13.646470069885254,0.007281155325472355,False,True,family-00371-sum_mod_10,family-00371,0.9886428713798523,0.062148586847738274,0.5,3,0.9121919612983844,14.96008586883545,55,sum_mod_10
5.984670162200928,0.21431495249271393,True,False,family-00372-maximum,family-00372,0.9807712435722351,0.09502220315779537,1.0,0,0.5598742656836675,10.689311027526855,55,maximum
7.0683274269104,-0.019355833530426025,True,False,family-00372-maximum,family-00372,0.962085485458374,0.1612587632184004,1.0,1,0.8057586739411321,8.772263526916504,55,maximum
7.170958042144775,-0.03246590495109558,True,False,family-00372-maximum,family-00372,0.9842566847801208,0.08097457902819373,1.0,2,0.6466884124580388,11.088737487792969,55,maximum
7.192594528198242,0.33782559633255005,True,False,family-00372-maximum,family-00372,0.9962610602378845,0.024628700523937883,1.0,3,0.5273789852188785,13.638379096984863,55,maximum
5.9606547355651855,0.19059276580810547,False,False,family-00372-minimum,family-00372,0.974578320980072,0.11844806858634942,0.5,0,0.6242246877478093,9.548892974853516,55,minimum
7.548524379730225,-0.01222294569015503,False,False,family-00372-minimum,family-00372,0.972981870174408,0.12421895259448568,0.5,1,0.7879583419070775,9.579852104187012,55,minimum
7.889045715332031,0.10264831781387329,False,False,family-00372-minimum,family-00372,0.9813542366027832,0.09272081223525551,0.5,2,0.6835739496893399,11.540881156921387,55,minimum
7.8570733070373535,0.18242895603179932,False,False,family-00372-minimum,family-00372,0.9892818927764893,0.059275874644300244,0.5,3,0.48410929406527453,16.229957580566406,55,minimum
6.369363307952881,0.009632840752601624,True,False,family-00372-sum_mod_10,family-00372,0.9872077107429504,0.0684705887761132,0.0,0,0.6367419518482336,10.003052711486816,55,sum_mod_10
4.978464126586914,-0.0063360631465911865,True,False,family-00372-sum_mod_10,family-00372,0.9700607657432556,0.13453087697309837,0.0,1,0.5904940411014686,8.431015014648438,55,sum_mod_10
6.260953426361084,0.03893500939011574,True,False,family-00372-sum_mod_10,family-00372,0.9872419834136963,0.06832159190387185,0.0,2,0.6963697281573459,8.990846633911133,55,sum_mod_10
9.532795906066895,-0.01821192353963852,True,True,family-00372-sum_mod_10,family-00372,0.9974180459976196,0.01796502090257724,0.0,3,0.7610811522819237,12.525334358215332,55,sum_mod_10
7.154793739318848,0.3267497420310974,True,False,family-00373-maximum,family-00373,0.9709007740020752,0.13159691008851393,0.5,0,0.7328579255838588,9.762866020202637,55,maximum
6.155364036560059,-0.011688768863677979,True,False,family-00373-maximum,family-00373,0.9692829847335815,0.137225817881848,0.5,1,0.5821650256511463,10.57322883605957,55,maximum
7.508678913116455,0.28820717334747314,True,False,family-00373-maximum,family-00373,0.9763339757919312,0.1119825941551836,0.5,2,0.6504464279444554,11.543885231018066,55,maximum
8.410745620727539,0.0860527753829956,True,False,family-00373-maximum,family-00373,0.9912699460983276,0.05008087915484606,0.5,3,0.5907956573772035,14.236302375793457,55,maximum
4.029254913330078,0.47740763425827026,True,False,family-00373-minimum,family-00373,0.9765461683273315,0.11119231075754603,0.0,0,0.36018351458251424,11.18667221069336,55,minimum
6.002452850341797,0.3124801516532898,True,False,family-00373-minimum,family-00373,0.9585857391357422,0.17241299052657463,0.0,1,0.6094915048746999,9.848296165466309,55,minimum
7.203883171081543,0.24686837196350098,True,False,family-00373-minimum,family-00373,0.98037189245224,0.09658822489872765,0.0,2,0.6342210681969387,11.358631134033203,55,minimum
8.037339210510254,0.05390900373458862,True,False,family-00373-minimum,family-00373,0.9598839282989502,0.16831285458566836,0.0,3,0.54639362202856,14.709796905517578,55,minimum
6.846466064453125,0.11290838569402695,False,False,family-00373-sum_mod_10,family-00373,0.9877796173095703,0.06597191650829523,1.0,0,0.5400384080337167,12.677739143371582,55,sum_mod_10
8.804438591003418,-0.008537158370018005,False,False,family-00373-sum_mod_10,family-00373,0.9799092411994934,0.09839212040080961,1.0,1,0.8576375873616077,10.26591968536377,55,sum_mod_10
6.349429130554199,0.1145671010017395,False,False,family-00373-sum_mod_10,family-00373,0.9793075919151306,0.10072174670205467,1.0,2,0.4884895828747685,12.998085021972656,55,sum_mod_10
12.687957763671875,0.10636167973279953,False,True,family-00373-sum_mod_10,family-00373,0.9881893396377563,0.06416523928149989,1.0,3,0.8126569434180916,15.612932205200195,55,sum_mod_10
6.821490287780762,0.08841657638549805,False,False,family-00374-maximum,family-00374,0.9887405037879944,0.06171208723210733,0.0,0,0.5560506536704772,12.267749786376953,55,maximum
3.543792724609375,-0.09452176094055176,False,False,family-00374-maximum,family-00374,0.973599374294281,0.12199859905216918,0.0,1,0.36605435567363975,9.681056022644043,55,maximum
12.774123191833496,0.508420467376709,False,False,family-00374-maximum,family-00374,0.9793841242790222,0.10042641063996371,0.0,2,1.4086149193113744,9.068570137023926,55,maximum
10.446306228637695,0.364052951335907,False,False,family-00374-maximum,family-00374,0.9964088797569275,0.023800125588862187,0.0,3,0.6034516649019217,17.310924530029297,55,maximum
6.5794878005981445,-0.16676151752471924,True,False,family-00374-minimum,family-00374,0.9807712435722351,0.09502220315779537,1.0,0,0.6155202878515562,10.689311027526855,55,minimum
3.6769371032714844,0.04008454084396362,True,False,family-00374-minimum,family-00374,0.9625589847564697,0.15972449016696336,1.0,1,0.41032047167695906,8.961134910583496,55,minimum
8.389752388000488,0.2107890248298645,True,False,family-00374-minimum,family-00374,0.9778563380241394,0.1062685297747414,1.0,2,0.8993050117742982,9.329151153564453,55,minimum
8.143510818481445,0.1300228238105774,True,False,family-00374-minimum,family-00374,0.9908652901649475,0.05198647888592847,1.0,3,0.6216074560078503,13.100728988647461,55,minimum
5.5557780265808105,0.009789366275072098,True,False,family-00374-sum_mod_10,family-00374,0.9765461683273315,0.11119231075754603,0.5,0,0.4966426048731483,11.18667221069336,55,sum_mod_10
3.860569715499878,0.013673478737473488,True,False,family-00374-sum_mod_10,family-00374,0.9580286145210266,0.17415949083588314,0.5,1,0.3384877075077431,11.405346870422363,55,sum_mod_10
6.438694953918457,0.013439703732728958,True,False,family-00374-sum_mod_10,family-00374,0.9875790476799011,0.0668512320138191,0.5,2,0.5438865796389407,11.83830451965332,55,sum_mod_10
10.64079761505127,0.017162486910820007,True,True,family-00374-sum_mod_10,family-00374,0.9962186217308044,0.024865487536146702,0.5,3,0.7246084240737586,14.684893608093262,55,sum_mod_10
5.900947570800781,0.027804553508758545,True,False,family-00375-maximum,family-00375,0.9855624437332153,0.07551807254050555,1.0,0,0.551086543926934,10.707841873168945,55,maximum
4.925926685333252,-0.09290891885757446,True,False,family-00375-maximum,family-00375,0.9636456966400146,0.1561795842151334,1.0,1,0.5471674238247101,9.002594947814941,55,maximum
6.271573543548584,0.33393949270248413,True,False,family-00375-maximum,family-00375,0.9761477708816528,0.11267448415172537,1.0,2,0.6549538027123696,9.575596809387207,55,maximum
11.326003074645996,0.6308846473693848,True,False,family-00375-maximum,family-00375,0.9936798810958862,0.038305295941223234,1.0,3,0.9220918411991179,12.282944679260254,55,maximum
5.281418323516846,-0.3595452308654785,False,False,family-00375-minimum,family-00375,0.982251763343811,0.0891412644236175,0.5,0,0.5655996708105402,9.337732315063477,55,minimum
6.066308498382568,-0.1998273730278015,False,False,family-00375-minimum,family-00375,0.9704675674438477,0.13311308219488707,0.5,1,0.7625884018923169,7.954892158508301,55,minimum
7.364877700805664,0.3238375782966614,False,False,family-00375-minimum,family-00375,0.9661900401115417,0.14774617963083742,0.5,2,0.7886984561693481,9.338014602661133,55,minimum
8.30258560180664,0.2990846633911133,False,False,family-00375-minimum,family-00375,0.9797603487968445,0.09897033327518218,0.5,3,0.6069463804394916,13.67927360534668,55,minimum
5.961344242095947,0.0004016607999801636,True,False,family-00375-sum_mod_10,family-00375,0.9826276898384094,0.08762837872362726,0.0,0,0.5083747048608739,11.726280212402344,55,sum_mod_10
4.140885829925537,-0.027034051716327667,True,False,family-00375-sum_mod_10,family-00375,0.9785617589950562,0.10358491636422029,0.0,1,0.36334290803964037,11.39663314819336,55,sum_mod_10
5.0883660316467285,0.0029642246663570404,True,False,family-00375-sum_mod_10,family-00375,0.9888764023780823,0.06110307835384222,0.0,2,0.44817664693544473,11.353483200073242,55,sum_mod_10
9.035660743713379,-0.0039060041308403015,True,True,family-00375-sum_mod_10,family-00375,0.9967958331108093,0.02160152988562225,0.0,3,0.6869391770311505,13.153509140014648,55,sum_mod_10
6.239363670349121,0.4324710965156555,False,False,family-00376-maximum,family-00376,0.982559323310852,0.08790412505115772,0.5,0,0.5820173378075565,10.720236778259277,55,maximum
6.098949432373047,0.003427863121032715,False,False,family-00376-maximum,family-00376,0.9587726593017578,0.17182527776118914,0.5,1,0.6880291099285603,8.86437702178955,55,maximum
7.887109279632568,0.6790419816970825,False,False,family-00376-maximum,family-00376,0.9660330414772034,0.14827215734536925,0.5,2,0.7942736217460792,9.929965019226074,55,maximum
11.94478702545166,0.719994068145752,False,False,family-00376-maximum,family-00376,0.9845596551895142,0.07971867297652639,0.5,3,0.9308910402620791,12.831562995910645,55,maximum
7.904394149780273,0.05598944425582886,False,False,family-00376-minimum,family-00376,0.9829602241516113,0.08628322608637254,0.0,0,0.7493273703144653,10.548652648925781,55,minimum
6.471500396728516,0.24860620498657227,False,False,family-00376-minimum,family-00376,0.9650653004646301,0.15149782859649522,0.0,1,0.7237060314986058,8.942167282104492,55,minimum
5.538198471069336,0.10980349779129028,False,False,family-00376-minimum,family-00376,0.9348998665809631,0.24077599074537565,0.0,2,0.47117335774329655,11.754056930541992,55,minimum
6.64193868637085,0.0725739598274231,False,False,family-00376-minimum,family-00376,0.8964956998825073,0.3327151808908584,0.0,3,0.46855070460105686,14.175496101379395,55,minimum
7.758704662322998,-0.010935742408037186,False,False,family-00376-sum_mod_10,family-00376,0.9877796173095703,0.06597191650829523,1.0,0,0.6119943449364591,12.677739143371582,55,sum_mod_10
7.694221019744873,-0.019069243222475052,False,False,family-00376-sum_mod_10,family-00376,0.9795986413955688,0.09959704609791034,1.0,1,0.6897373305049571,11.155291557312012,55,sum_mod_10
5.224899768829346,0.00244884192943573,False,False,family-00376-sum_mod_10,family-00376,0.975333571434021,0.11568249720830545,1.0,2,0.38805261169456323,13.464410781860352,55,sum_mod_10
12.33896255493164,0.03134951740503311,False,True,family-00376-sum_mod_10,family-00376,0.9853143692016602,0.07656363505522781,1.0,3,0.8081043150437238,15.269021987915039,55,sum_mod_10
7.76002311706543,0.08555212616920471,False,False,family-00377-maximum,family-00377,0.9877796173095703,0.06597191650829523,0.0,0,0.6120983425599724,12.677739143371582,55,maximum
5.593923568725586,0.19710847735404968,False,False,family-00377-maximum,family-00377,0.9796208739280701,0.09951095955626232,0.0,1,0.4811224183462652,11.626819610595703,55,maximum
10.168551445007324,0.440982848405838,False,False,family-00377-maximum,family-00377,0.9832481145858765,0.0851133371590527,0.0,2,0.8676355434002935,11.719841957092285,55,maximum
7.953065872192383,0.33666861057281494,False,False,family-00377-maximum,family-00377,0.9982953667640686,0.012569202660004598,0.0,3,0.47790431637409997,16.641544342041016,55,maximum
6.031249046325684,0.18419158458709717,False,False,family-00377-minimum,family-00377,0.982251763343811,0.0891412644236175,1.0,0,0.6459008293262135,9.337732315063477,55,minimum
5.3264384269714355,-0.04060924053192139,False,False,family-00377-minimum,family-00377,0.9729032516479492,0.12450059272772386,1.0,1,0.610351998662404,8.72683048248291,55,minimum
9.19322681427002,-0.011889040470123291,False,False,family-00377-minimum,family-00377,0.9723915457725525,0.12632800932085403,1.0,2,1.0121972335143041,9.082446098327637,55,minimum
9.374550819396973,0.2550288438796997,False,False,family-00377-minimum,family-00377,0.9833803176879883,0.08457442783876484,1.0,3,0.6553071932983523,14.305582046508789,55,minimum
6.544754505157471,-0.04891499876976013,False,False,family-00377-sum_mod_10,family-00377,0.982559323310852,0.08790412505115772,0.5,0,0.610504659601389,10.720236778259277,55,sum_mod_10
5.943356037139893,-0.011167552322149277,False,False,family-00377-sum_mod_10,family-00377,0.9569768309593201,0.17743570620709065,0.5,1,0.6064523195116355,9.800203323364258,55,sum_mod_10
6.539660453796387,-0.0008020848035812378,False,False,family-00377-sum_mod_10,family-00377,0.9825949668884277,0.08776039602474986,0.5,2,0.626502088909484,10.438369750976562,55,sum_mod_10
10.97614860534668,-0.010001160204410553,False,True,family-00377-sum_mod_10,family-00377,0.9948834776878357,0.0320944999222717,0.5,3,0.7746249764351475,14.169629096984863,55,sum_mod_10
6.1380295753479,0.15853309631347656,True,False,family-00378-maximum,family-00378,0.9887803792953491,0.06153356406557892,1.0,0,0.5556829941344198,11.045919418334961,55,maximum
4.951070785522461,0.006157636642456055,True,False,family-00378-maximum,family-00378,0.9523966908454895,0.19139693100039698,1.0,1,0.5653387339663716,8.757706642150879,55,maximum
7.055992603302002,0.08061099052429199,True,False,family-00378-maximum,family-00378,0.972085177898407,0.1274174384470313,1.0,2,0.7740661922160923,9.115489959716797,55,maximum
13.393817901611328,0.7010554075241089,True,False,family-00378-maximum,family-00378,0.9915281534194946,0.0488550961897707,1.0,3,1.0005722976178442,13.386157035827637,55,maximum
4.239198207855225,-0.03428475931286812,False,False,family-00378-minimum,family-00378,0.974578320980072,0.11844806858634942,0.5,0,0.4439465620799102,9.548892974853516,55,minimum
4.861743450164795,-0.04075060412287712,False,False,family-00378-minimum,family-00378,0.9672451019287109,0.1441917622394582,0.5,1,0.5833632382030438,8.333990097045898,55,minimum
5.348824501037598,0.02602861262857914,False,False,family-00378-minimum,family-00378,0.9617630839347839,0.16229991445994055,0.5,2,0.6374037711798868,8.391579627990723,55,minimum
10.961124420166016,-0.26837241649627686,False,False,family-00378-minimum,family-00378,0.9779992699623108,0.10572665780589645,0.5,3,1.125541088235268,9.738537788391113,55,minimum
6.400320053100586,0.027865320444107056,True,False,family-00378-sum_mod_10,family-00378,0.9826276898384094,0.08762837872362726,0.0,0,0.5458099190168817,11.726280212402344,55,sum_mod_10
3.854959726333618,0.06836593151092529,True,False,family-00378-sum_mod_10,family-00378,0.977218747138977,0.10867430357627132,0.0,1,0.35197080820133037,10.952498435974121,55,sum_mod_10
5.333353042602539,0.06801912933588028,True,False,family-00378-sum_mod_10,family-00378,0.984789252281189,0.07876290636269385,0.0,2,0.48264442068612445,11.050273895263672,55,sum_mod_10
9.768465995788574,-0.005290418863296509,True,True,family-00378-sum_mod_10,family-00378,0.9958645105361938,0.02682311130619759,0.0,3,0.7384062129192156,13.229122161865234,55,sum_mod_10
6.186221122741699,0.16849792003631592,True,False,family-00379-maximum,family-00379,0.9864903688430786,0.07156817603404184,0.5,0,0.5295370104379655,11.682320594787598,55,maximum
4.54307746887207,-0.024289727210998535,True,False,family-00379-maximum,family-00379,0.9679757952690125,0.14170958609225082,0.5,1,0.44950539669323386,10.106836318969727,55,maximum
11.156408309936523,0.07778692245483398,True,False,family-00379-maximum,family-00379,0.9733436107635498,0.12292002617622601,0.5,2,1.1230608494365804,9.933930397033691,55,maximum
12.946049690246582,0.7449811100959778,True,False,family-00379-maximum,family-00379,0.9951267242431641,0.030806648184798738,0.5,3,0.7939314956041367,16.306255340576172,55,maximum
5.543176174163818,-0.034010082483291626,False,False,family-00379-minimum,family-00379,0.9887405037879944,0.06171208723210733,0.0,0,0.4518494647094437,12.267749786376953,55,minimum
4.458856105804443,0.18869447708129883,False,False,family-00379-minimum,family-00379,0.975714385509491,0.11427908656311436,0.0,1,0.45007514810380633,9.906914710998535,55,minimum
6.824217796325684,0.2879982590675354,False,False,family-00379-minimum,family-00379,0.9715142846107483,0.12943830665917894,0.0,2,0.7320883304949612,9.321577072143555,55,minimum
6.908513069152832,-0.3845921754837036,False,False,family-00379-minimum,family-00379,0.9812164902687073,0.09326622706055253,0.0,3,0.6794142600349606,10.168336868286133,55,minimum
5.559195518493652,-0.029757369309663773,False,False,family-00379-sum_mod_10,family-00379,0.9887405037879944,0.06171208723210733,1.0,0,0.4531552742188309,12.267749786376953,55,sum_mod_10
3.7582035064697266,-0.019757889211177826,False,False,family-00379-sum_mod_10,family-00379,0.9769789576530457,0.10957433072020814,1.0,1,0.37063801555513376,10.139822006225586,55,sum_mod_10
8.3045072555542,-0.03501398488879204,False,False,family-00379-sum_mod_10,family-00379,0.977668046951294,0.1069809244522398,1.0,2,0.843218957871719,9.848577499389648,55,sum_mod_10
11.452312469482422,0.008155135437846184,False,True,family-00379-sum_mod_10,family-00379,0.9936920404434204,0.038243786109216193,1.0,3,0.8498812046599791,13.475192070007324,55,sum_mod_10
6.985625743865967,0.22049623727798462,True,False,family-00380-maximum,family-00380,0.9872077107429504,0.0684705887761132,0.0,0,0.6983493884665983,10.003052711486816,55,maximum
3.8121535778045654,-0.00046449899673461914,True,False,family-00380-maximum,family-00380,0.9678655862808228,0.1420850614357161,0.0,1,0.46496524915444903,8.198792457580566,55,maximum
9.010363578796387,-0.003804147243499756,True,False,family-00380-maximum,family-00380,0.9820826053619385,0.08981937224688157,0.0,2,1.0615545510591162,8.487895011901855,55,maximum
11.601188659667969,0.6306830644607544,True,False,family-00380-maximum,family-00380,0.9961820244789124,0.025069298956564175,0.0,3,0.854870279933585,13.570700645446777,55,maximum
5.694544315338135,0.020322810858488083,True,False,family-00380-minimum,family-00380,0.9887803792953491,0.06153356406557892,1.0,0,0.5155337550159784,11.045919418334961,55,minimum
4.614109516143799,0.02889735996723175,True,False,family-00380-minimum,family-00380,0.9645175933837891,0.15331108572847096,1.0,1,0.5097698491745423,9.051358222961426,55,minimum
7.8287482261657715,0.02333795092999935,True,False,family-00380-minimum,family-00380,0.9765955209732056,0.11100822211733742,1.0,2,0.8841928602264316,8.854118347167969,55,minimum
9.479938507080078,0.030445383861660957,True,False,family-00380-minimum,family-00380,0.9759770035743713,0.1133077025866778,1.0,3,0.9557099772418324,9.919262886047363,55,minimum
7.366767883300781,0.019100680947303772,False,False,family-00380-sum_mod_10,family-00380,0.9877796173095703,0.06597191650829523,0.5,0,0.5810789920813614,12.677739143371582,55,sum_mod_10
5.543630599975586,-0.01190967857837677,False,False,family-00380-sum_mod_10,family-00380,0.981342077255249,0.09276899951490815,0.5,1,0.46684412294147587,11.874692916870117,55,sum_mod_10
6.424412250518799,-0.012598499655723572,False,False,family-00380-sum_mod_10,family-00380,0.9844589233398438,0.08013690200232311,0.5,2,0.5008705494428365,12.826492309570312,55,sum_mod_10
14.843683242797852,0.07754786312580109,False,True,family-00380-sum_mod_10,family-00380,0.9947768449783325,0.03265536113206936,0.5,3,0.9507820493633345,15.612077713012695,55,sum_mod_10
6.968649387359619,0.3000527620315552,False,False,family-00381-maximum,family-00381,0.9877511262893677,0.06609702556704718,1.0,0,0.6574231012944936,10.599946022033691,55,maximum
6.963804244995117,-0.05112546682357788,False,False,family-00381-maximum,family-00381,0.9598004817962646,0.16857770982260967,1.0,1,0.8603767849210623,8.093900680541992,55,maximum
7.433767318725586,0.6154409050941467,False,False,family-00381-maximum,family-00381,0.9715562462806702,0.12929017308016275,1.0,2,0.7327038586266861,10.14566421508789,55,maximum
12.900473594665527,0.6714930534362793,False,False,family-00381-maximum,family-00381,0.9844064712524414,0.0803544152106869,1.0,3,0.989605472502731,13.03597640991211,55,maximum
3.774024724960327,0.26939016580581665,False,False,family-00381-minimum,family-00381,0.974578320980072,0.11844806858634942,0.5,0,0.39523164987805537,9.548892974853516,55,minimum
8.356297492980957,0.6099650263786316,False,False,family-00381-minimum,family-00381,0.9728226661682129,0.12478903587876441,0.5,1,0.9695395816917932,8.618830680847168,55,minimum
7.6670660972595215,0.06658244132995605,False,False,family-00381-minimum,family-00381,0.9723976254463196,0.12630635504433813,0.5,2,0.7173210128486941,10.688472747802734,55,minimum
7.502784729003906,0.029381155967712402,False,False,family-00381-minimum,family-00381,0.9511241912841797,0.1951917319527016,0.5,3,0.4987556846872348,15.04300594329834,55,minimum
6.834564208984375,-0.08366778492927551,False,False,family-00381-sum_mod_10,family-00381,0.9877796173095703,0.06597191650829523,0.0,0,0.5390996085100672,12.677739143371582,55,sum_mod_10
7.16261625289917,-0.10478797554969788,False,False,family-00381-sum_mod_10,family-00381,0.981605589389801,0.09172288805898329,0.0,1,0.6562037752993548,10.915231704711914,55,sum_mod_10
5.367269992828369,0.0016519436612725258,False,False,family-00381-sum_mod_10,family-00381,0.9801441431045532,0.0974776029362348,0.0,2,0.40333256603506934,13.307306289672852,55,sum_mod_10
8.661771774291992,-0.0045036692172288895,False,True,family-00381-sum_mod_10,family-00381,0.9886771440505981,0.06199545603179963,0.0,3,0.5880722519072231,14.729094505310059,55,sum_mod_10
7.489485263824463,0.08281069993972778,False,False,family-00382-maximum,family-00382,0.982251763343811,0.0891412644236175,0.5,0,0.8020668199861061,9.337732315063477,55,maximum
4.8523054122924805,0.021114885807037354,False,False,family-00382-maximum,family-00382,0.9689913988113403,0.13823087316704866,0.5,1,0.5561401378302034,8.724968910217285,55,maximum
7.469207286834717,-0.013488709926605225,False,False,family-00382-maximum,family-00382,0.9692641496658325,0.1372908256795494,0.5,2,0.8353134263188157,8.941802024841309,55,maximum
12.75079345703125,-0.11159014701843262,False,False,family-00382-maximum,family-00382,0.9917504191398621,0.047793589545227964,0.5,3,1.0076244590118915,12.654311180114746,55,maximum
5.8864288330078125,-0.2399505078792572,True,False,family-00382-minimum,family-00382,0.9826276898384094,0.08762837872362726,0.0,0,0.5019860285090245,11.726280212402344,55,minimum
4.6091694831848145,0.018795937299728394,True,False,family-00382-minimum,family-00382,0.9776960015296936,0.10687526195730222,0.0,1,0.42741138429032527,10.783918380737305,55,minimum
8.418524742126465,-0.011683240532875061,True,False,family-00382-minimum,family-00382,0.984811544418335,0.07866992207236775,0.0,2,0.7760162801030086,10.848386764526367,55,minimum
8.551740646362305,-0.11424216628074646,True,False,family-00382-minimum,family-00382,0.9891624450683594,0.059815710524402675,0.0,3,0.6234729791177939,13.716297149658203,55,minimum
6.017282485961914,0.11226621270179749,False,False,family-00382-sum_mod_10,family-00382,0.9887405037879944,0.06171208723210733,1.0,0,0.49049602337373754,12.267749786376953,55,sum_mod_10
4.56766414642334,0.01997196674346924,False,False,family-00382-sum_mod_10,family-00382,0.977607011795044,0.10721150032820843,1.0,1,0.45603402966884393,10.016059875488281,55,sum_mod_10
6.745077610015869,0.05279803276062012,False,False,family-00382-sum_mod_10,family-00382,0.9850268959999084,0.07776993614531971,1.0,2,0.6683311966633741,10.09241771697998,55,sum_mod_10
12.017854690551758,0.06946980953216553,False,True,family-00382-sum_mod_10,family-00382,0.99437016248703,0.03477468707484991,1.0,3,0.967813023108071,12.417537689208984,55,sum_mod_10
7.604399681091309,0.39149290323257446,False,False,family-00383-maximum,family-00383,0.9829602241516113,0.08628322608637254,0.0,0,0.720888243662635,10.548652648925781,55,maximum
6.332830429077148,0.1284416913986206,False,False,family-00383-maximum,family-00383,0.9661150574684143,0.14799748082830813,0.0,1,0.6126313550045469,10.337098121643066,55,maximum
8.991859436035156,0.07622811198234558,False,False,family-00383-maximum,family-00383,0.9681944251060486,0.14096356658513243,0.0,2,0.8888207644728405,10.116617202758789,55,maximum
9.555933952331543,0.37898874282836914,False,False,family-00383-maximum,family-00383,0.9927646517753601,0.042870526128061644,0.0,3,0.7040312743434971,13.573166847229004,55,maximum
6.024523735046387,0.15087610483169556,True,False,family-00383-minimum,family-00383,0.9807712435722351,0.09502220315779537,1.0,0,0.5636026231748874,10.689311027526855,55,minimum
5.89695930480957,0.32819533348083496,True,False,family-00383-minimum,family-00383,0.9611009359359741,0.16442939133156612,1.0,1,0.6448039474442983,9.145352363586426,55,minimum
9.916341781616211,0.29363739490509033,True,False,family-00383-minimum,family-00383,0.9838727116584778,0.0825577689191034,1.0,2,0.9912587844245005,10.00378704071045,55,minimum
6.891895294189453,0.047583818435668945,True,False,family-00383-minimum,family-00383,0.9793668389320374,0.10049313959072012,1.0,3,0.4617309354620465,14.926215171813965,55,minimum
6.489377975463867,-0.040772922337055206,True,False,family-00383-sum_mod_10,family-00383,0.9709007740020752,0.13159691008851393,0.5,0,0.6647000954468875,9.762866020202637,55,sum_mod_10
4.773794174194336,0.034945979714393616,True,False,family-00383-sum_mod_10,family-00383,0.9653803706169128,0.1504507240018034,0.5,1,0.46712270756302865,10.219572067260742,55,sum_mod_10
5.0581512451171875,0.03464852273464203,True,False,family-00383-sum_mod_10,family-00383,0.9832453727722168,0.08512450255758397,0.5,2,0.4630616258863366,10.92327880859375,55,sum_mod_10
11.132006645202637,0.029901497066020966,True,True,family-00383-sum_mod_10,family-00383,0.9950254559516907,0.03134425459883734,0.5,3,0.8888328031799759,12.524297714233398,55,sum_mod_10
6.4794392585754395,0.29862022399902344,False,False,family-00384-maximum,family-00384,0.9839814305305481,0.08211045411503394,1.0,0,0.6180825913859966,10.483128547668457,55,maximum
5.9498491287231445,0.09238344430923462,False,False,family-00384-maximum,family-00384,0.9707626700401306,0.1320809744648179,1.0,1,0.5902401426218149,10.080387115478516,55,maximum
7.402099609375,0.11305481195449829,False,False,family-00384-maximum,family-00384,0.9787838459014893,0.1027351632791125,1.0,2,0.6656330412522539,11.120390892028809,55,maximum
11.324406623840332,0.30279022455215454,False,False,family-00384-maximum,family-00384,0.9897320866584778,0.057229034763822566,1.0,3,0.8532571685775759,13.271973609924316,55,maximum
6.5639166831970215,0.14743000268936157,False,False,family-00384-minimum,family-00384,0.982559323310852,0.08790412505115772,0.5,0,0.6122921367286117,10.720236778259277,55,minimum
7.029792785644531,0.61290043592453,False,False,family-00384-minimum,family-00384,0.9597211480140686,0.16882934412349784,0.5,1,0.84934484986013,8.276723861694336,55,minimum
7.50982666015625,0.2682494521141052,False,False,family-00384-minimum,family-00384,0.9604088068008423,0.16664275449313748,0.5,2,0.8215912169948442,9.14058780670166,55,minimum
8.007699012756348,0.23579752445220947,False,False,family-00384-minimum,family-00384,0.9696810245513916,0.13584921608965117,0.5,3,0.69598799111933,11.505513191223145,55,minimum
6.580501079559326,0.003485284745693207,False,False,family-00384-sum_mod_10,family-00384,0.983428418636322,0.0843780854806949,0.0,0,0.6440382998145399,10.217561721801758,55,sum_mod_10
4.3018646240234375,0.007827689871191978,False,False,family-00384-sum_mod_10,family-00384,0.9394407868385315,0.228503452952784,0.0,1,0.45521008914719957,9.450284004211426,55,sum_mod_10
4.2257537841796875,0.02073686383664608,False,False,family-00384-sum_mod_10,family-00384,0.9608384966850281,0.16527014353377656,0.0,2,0.42477456681089687,9.948226928710938,55,sum_mod_10
7.313582897186279,0.014815699309110641,False,True,family-00384-sum_mod_10,family-00384,0.9831205606460571,0.08563228886929651,0.0,3,0.6886571538075263,10.620063781738281,55,sum_mod_10
7.044620037078857,0.3272925615310669,False,False,family-00385-maximum,family-00385,0.974578320980072,0.11844806858634942,0.5,0,0.7377420666071425,9.548892974853516,55,maximum
3.5955049991607666,0.02190488576889038,False,False,family-00385-maximum,family-00385,0.9664230346679688,0.1469642081306056,0.5,1,0.3879565151131452,9.267804145812988,55,maximum
6.961316108703613,0.08656489849090576,False,False,family-00385-maximum,family-00385,0.9765989780426025,0.11099532302817147,0.5,2,0.7084424139029417,9.826227188110352,55,maximum
9.985469818115234,0.13741827011108398,False,False,family-00385-maximum,family-00385,0.9935719966888428,0.03885001897927276,0.5,3,0.7428837673546381,13.441496849060059,55,maximum
7.437287330627441,-0.24598395824432373,False,False,family-00385-minimum,family-00385,0.9829602241516113,0.08628322608637254,0.0,0,0.7050461872384067,10.548652648925781,55,minimum
4.568248748779297,0.15154236555099487,False,False,family-00385-minimum,family-00385,0.9666154384613037,0.14631720582863975,0.0,1,0.48889793847945445,9.343972206115723,55,minimum
5.93783712387085,0.4411699175834656,False,False,family-00385-minimum,family-00385,0.9588072896003723,0.17171629654008377,0.0,2,0.6686300323046018,8.88060188293457,55,minimum
7.662496566772461,0.29304537177085876,False,False,family-00385-minimum,family-00385,0.9791226387023926,0.10143428424764152,0.0,3,0.7588247849525328,10.097846984863281,55,minimum
7.379580020904541,-0.016349999234080315,False,False,family-00385-sum_mod_10,family-00385,0.9829602241516113,0.08628322608637254,1.0,0,0.6995756014068809,10.548652648925781,55,sum_mod_10
4.157951831817627,-0.0001844600774347782,False,False,family-00385-sum_mod_10,family-00385,0.9693648219108582,0.13694322466663594,1.0,1,0.42683869657771567,9.74127197265625,55,sum_mod_10
5.582487106323242,0.002310661133378744,False,False,family-00385-sum_mod_10,family-00385,0.966490626335144,0.14673704581562313,1.0,2,0.5875997253158982,9.500493049621582,55,sum_mod_10
10.282166481018066,0.0018280763179063797,False,True,family-00385-sum_mod_10,family-00385,0.9937272071838379,0.03806575710713731,1.0,3,0.8521356754926542,12.066349029541016,55,sum_mod_10
6.9652485847473145,0.07277500629425049,True,False,family-00386-maximum,family-00386,0.9748644232749939,0.11740316644253693,0.0,0,0.7387388385192072,9.428566932678223,55,maximum
4.001091480255127,-0.04927968978881836,True,False,family-00386-maximum,family-00386,0.9543166160583496,0.18560350057049377,0.0,1,0.399691494016653,10.010449409484863,55,maximum
9.329626083374023,0.5264610648155212,True,False,family-00386-maximum,family-00386,0.9823019504547119,0.08893976306148564,0.0,2,0.8582007738597622,10.871146202087402,55,maximum
10.19662857055664,0.05672496557235718,True,False,family-00386-maximum,family-00386,0.9956406354904175,0.028044864862307492,0.0,3,0.669048564675652,15.240490913391113,55,maximum
6.9684367179870605,0.08074796199798584,True,False,family-00386-minimum,family-00386,0.9887803792953491,0.06153356406557892,1.0,0,0.6308607236822906,11.045919418334961,55,minimum
4.067672252655029,-0.016556501388549805,True,False,family-00386-minimum,family-00386,0.9545732140541077,0.18482287583896287,1.0,1,0.4429224533791909,9.183712005615234,55,minimum
7.8658270835876465,0.46336790919303894,True,False,family-00386-minimum,family-00386,0.9759202003479004,0.11351805726230359,1.0,2,0.9049540255057392,8.691963195800781,55,minimum
9.902883529663086,0.11912143230438232,True,False,family-00386-minimum,family-00386,0.9849982857704163,0.07788968266209809,1.0,3,0.8972300503356212,11.0371732711792,55,minimum
7.056368350982666,0.018539458513259888,True,False,family-00386-sum_mod_10,family-00386,0.9826276898384094,0.08762837872362726,0.5,0,0.6017567568886399,11.726280212402344,55,sum_mod_10
3.8119101524353027,0.004497155547142029,True,False,family-00386-sum_mod_10,family-00386,0.9762736558914185,0.11220689129638478,0.5,1,0.3424804926139777,11.130298614501953,55,sum_mod_10
5.746517181396484,0.04751848429441452,True,False,family-00386-sum_mod_10,family-00386,0.9905202388763428,0.05359706430431551,0.5,2,0.4907010327697825,11.710831642150879,55,sum_mod_10
10.857583045959473,-0.01455514132976532,True,True,family-00386-sum_mod_10,family-00386,0.9975780844688416,0.01700665349824281,0.5,3,0.7674012687969481,14.148508071899414,55,sum_mod_10
6.150351047515869,0.26035642623901367,True,False,family-00387-maximum,family-00387,0.9887803792953491,0.06153356406557892,1.0,0,0.55679847141624,11.045919418334961,55,maximum
5.617441177368164,0.21443383395671844,True,False,family-00387-maximum,family-00387,0.9600006937980652,0.16794194280030672,1.0,1,0.6356783000386244,8.83692455291748,55,maximum
6.580594539642334,0.07226580381393433,True,False,family-00387-maximum,family-00387,0.982502818107605,0.08813182455289623,1.0,2,0.6953323349802699,9.463955879211426,55,maximum
6.654188632965088,0.3216116428375244,True,False,family-00387-maximum,family-00387,0.9890407919883728,0.060364145476947975,1.0,3,0.6155566908645697,10.810033798217773,55,maximum
6.356846809387207,0.39761438965797424,True,False,family-00387-minimum,family-00387,0.9855624437332153,0.07551807254050555,0.5,0,0.5936627459278984,10.707841873168945,55,minimum
6.54568338394165,0.6010218858718872,True,False,family-00387-minimum,family-00387,0.9653922319412231,0.15041124620735002,0.5,1,0.6998701849326829,9.352710723876953,55,minimum
9.101861953735352,0.3498000502586365,True,False,family-00387-minimum,family-00387,0.9782983660697937,0.10458966949268238,0.5,2,0.8635014517310619,10.540644645690918,55,minimum
7.072961807250977,0.14844965934753418,True,False,family-00387-minimum,family-00387,0.9701538681983948,0.1342068996670185,0.5,3,0.45814390555902723,15.438297271728516,55,minimum
4.3379807472229,-0.009183499962091446,True,False,family-00387-sum_mod_10,family-00387,0.9765461683273315,0.11119231075754603,0.0,0,0.3877811618611849,11.18667221069336,55,sum_mod_10
5.401761531829834,-0.01920570433139801,True,False,family-00387-sum_mod_10,family-00387,0.9586357474327087,0.17225584126330226,0.0,1,0.500437473030669,10.794078826904297,55,sum_mod_10
4.799638748168945,-0.023812979459762573,True,False,family-00387-sum_mod_10,family-00387,0.9888249039649963,0.06133405714546957,0.0,2,0.40954857576336084,11.719339370727539,55,sum_mod_10
9.035801887512207,0.005668900907039642,True,True,family-00387-sum_mod_10,family-00387,0.9929920434951782,0.04174777704319317,0.0,3,0.7001206459267794,12.9060640335083,55,sum_mod_10
5.301450252532959,0.28796127438545227,False,False,family-00388-maximum,family-00388,0.974578320980072,0.11844806858634942,0.5,0,0.5551900378917259,9.548892974853516,55,maximum
7.019473075866699,0.1493922472000122,False,False,family-00388-maximum,family-00388,0.9692301154136658,0.13740826210646587,0.5,1,0.7952856926605787,8.826354026794434,55,maximum
8.710640907287598,0.16959869861602783,False,False,family-00388-maximum,family-00388,0.9777588844299316,0.10663744662725934,0.5,2,0.8764142179973822,9.93895435333252,55,maximum
9.136883735656738,0.33519619703292847,False,False,family-00388-maximum,family-00388,0.9871315956115723,0.06880115908793821,0.5,3,0.6464595258567495,14.133728981018066,55,maximum
7.559854507446289,0.09642636775970459,True,False,family-00388-minimum,family-00388,0.9872077107429504,0.0684705887761132,0.0,0,0.7557547406268361,10.003052711486816,55,minimum
6.561218738555908,0.6505829691886902,True,False,family-00388-minimum,family-00388,0.9622336626052856,0.16077929116915363,0.0,1,0.8002726186406384,8.198729515075684,55,minimum
8.76272964477539,0.1943315863609314,True,False,family-00388-minimum,family-00388,0.9749019145965576,0.11726599396196759,0.0,2,0.9032887740830379,9.70091724395752,55,minimum
7.397613525390625,0.1578393578529358,True,False,family-00388-minimum,family-00388,0.938520610332489,0.2310188604503977,0.0,3,0.5424934279068535,13.636319160461426,55,minimum
7.990112781524658,-0.020563680678606033,False,False,family-00388-sum_mod_10,family-00388,0.9877796173095703,0.06597191650829523,1.0,0,0.630247451155532,12.677739143371582,55,sum_mod_10
7.9317169189453125,-0.010527336038649082,False,False,family-00388-sum_mod_10,family-00388,0.9783979654312134,0.10421011860550043,1.0,1,0.7953647978209876,9.972426414489746,55,sum_mod_10
5.926158428192139,0.001803387887775898,False,False,family-00388-sum_mod_10,family-00388,0.9791794419288635,0.10121562692056722,1.0,2,0.5027398553630148,11.787723541259766,55,sum_mod_10
11.524296760559082,0.0020818854682147503,False,True,family-00388-sum_mod_10,family-00388,0.9885085225105286,0.06274785374726806,1.0,3,0.8258898163934615,13.953794479370117,55,sum_mod_10
6.330098628997803,0.06809952855110168,False,False,family-00389-maximum,family-00389,0.9887405037879944,0.06171208723210733,0.0,0,0.515995087870738,12.267749786376953,55,maximum
4.826875686645508,0.1138782650232315,False,False,family-00389-maximum,family-00389,0.9730098843574524,0.12411853882735212,0.0,1,0.50305554790792,9.595114707946777,55,maximum
11.792459487915039,-0.40748345851898193,False,False,family-00389-maximum,family-00389,0.9851235747337341,0.07736488145934912,0.0,2,1.1863268507584015,9.940312385559082,55,maximum
7.007732391357422,0.11939749121665955,False,False,family-00389-maximum,family-00389,0.9964489936828613,0.023574231247796933,0.0,3,0.4376924919774782,16.010629653930664,55,maximum
6.259784698486328,0.43946096301078796,True,False,family-00389-minimum,family-00389,0.9872077107429504,0.0684705887761132,1.0,0,0.6257874349995199,10.003052711486816,55,minimum
4.58623743057251,0.05645257234573364,True,False,family-00389-minimum,family-00389,0.9679107069969177,0.1419313851774282,1.0,1,0.5579868390335413,8.219257354736328,55,minimum
11.130967140197754,0.4279111921787262,True,False,family-00389-minimum,family-00389,0.982745349407196,0.08715317447116736,1.0,2,1.312952549666848,8.477813720703125,55,minimum
8.303387641906738,0.25679710507392883,True,False,family-00389-minimum,family-00389,0.9823960065841675,0.08856173697870849,1.0,3,0.5952032407612491,13.950508117675781,55,minimum
5.471587181091309,-0.0819183886051178,False,False,family-00389-sum_mod_10,family-00389,0.982559323310852,0.08790412505115772,0.5,0,0.5103979785397772,10.720236778259277,55,sum_mod_10
5.750912189483643,-0.027629535645246506,False,False,family-00389-sum_mod_10,family-00389,0.953924834728241,0.18679247062140747,0.5,1,0.6413321438906581,8.967135429382324,55,sum_mod_10
6.733994960784912,-0.03893352672457695,False,False,family-00389-sum_mod_10,family-00389,0.9811216592788696,0.09364111723236536,0.5,2,0.7185764867497839,9.371298789978027,55,sum_mod_10
14.333940505981445,-0.015616517513990402,False,True,family-00389-sum_mod_10,family-00389,0.9947369694709778,0.03286453166496448,0.5,3,1.226627687206645,11.685648918151855,55,sum_mod_10
