ci95_high,ci95_low,layer,median,metric,replicated,seed_n,standardized_mean,std,task_family
0.10263393819332123,-0.4302217364311218,0,-0.021783234483774706,residual_norm_mean,False,5,-0.12392324209213257,0.3389305776475874,maximum
0.2717747688293457,0.013300059363245964,0,0.04294808445814093,residual_norm_variance,False,5,0.11634975671768188,0.17721282463288426,maximum
0.46141377091407776,0.04562675207853317,0,0.29037696152742687,residual_norm_first_difference_abs_mean,False,5,0.2700980603694916,0.26084042614580416,maximum
0.49024173617362976,0.10353484004735947,0,0.444363297695288,residual_norm_second_difference_abs_mean,False,5,0.32733863592147827,0.25925600770947804,maximum
-0.009637037292122841,-0.49907344579696655,0,-0.1766364155738527,residual_norm_acf_lag1,False,5,-0.23396751284599304,0.2999636643947712,maximum
0.08571270853281021,-0.25584086775779724,0,0.0,residual_norm_correlation_length,False,5,-0.06403341144323349,0.21812161033511807,maximum
0.29841357469558716,-0.21858644485473633,0,0.27189351894827857,residual_norm_window_mean_shift,False,5,0.10180477797985077,0.358638179476946,maximum
0.2908133864402771,-0.15371963381767273,0,0.13303928465021317,residual_norm_wasserstein,False,5,0.07962513715028763,0.27862331220050524,maximum
0.3620309829711914,-0.03791716694831848,0,0.105660063890343,residual_norm_w4_rolling_variance,False,5,0.1563597470521927,0.2611048262807397,maximum
0.41516613960266113,-0.09439017623662949,0,0.10657129342091552,residual_norm_w4_rolling_abs_skewness,False,5,0.15657798945903778,0.33347223545871224,maximum
0.2701438367366791,-0.5123553276062012,0,-0.1189454548041393,residual_norm_w4_rolling_abs_kurtosis,False,5,-0.11922013759613037,0.4909621377048155,maximum
0.3001917004585266,-0.07369305938482285,0,-0.04365734207798302,residual_norm_w8_rolling_variance,False,5,0.1042100340127945,0.24076498189779325,maximum
0.3241894841194153,-0.2103632241487503,0,0.1444850856407469,residual_norm_w8_rolling_abs_skewness,False,5,0.08141244202852249,0.33007123056835924,maximum
0.3830607235431671,-0.40752118825912476,0,-0.20388690437833154,residual_norm_w8_rolling_abs_kurtosis,False,5,-0.03346914052963257,0.5207562688953107,maximum
0.31926286220550537,-0.14692345261573792,0,-0.015740971874015776,residual_norm_w16_rolling_variance,False,5,0.08601444959640503,0.3051376332326949,maximum
0.25327906012535095,-0.2582971155643463,0,-0.029282663079819252,residual_norm_w16_rolling_abs_skewness,False,5,-0.017060894519090652,0.34061143469353966,maximum
0.38298067450523376,-0.34623226523399353,0,0.1826161958990571,residual_norm_w16_rolling_abs_kurtosis,False,5,0.02388601377606392,0.4677407743496829,maximum
0.24247071146965027,-0.4125661253929138,0,0.13997055824712556,block_update_norm_mean,False,5,-0.08504770696163177,0.43124201243635185,maximum
0.29308760166168213,-0.5140687227249146,0,0.14195165875524327,block_update_norm_variance,False,5,-0.02712550200521946,0.5398100943775497,maximum
0.27435144782066345,-0.6898252367973328,0,0.1531887364586571,block_update_norm_first_difference_abs_mean,False,5,-0.09672973304986954,0.6359501116841794,maximum
0.23283712565898895,-0.7018366456031799,0,0.08511092169916473,block_update_norm_second_difference_abs_mean,False,5,-0.1258067786693573,0.6320759379168094,maximum
0.5062167644500732,-0.4757813513278961,0,-0.03362326967089416,block_update_norm_acf_lag1,False,5,-0.0017512559425085783,0.5917658865061017,maximum
0.3641076683998108,-0.257876992225647,0,0.10716507159342475,block_update_norm_correlation_length,False,5,0.06996568292379379,0.4055259475599079,maximum
0.2664039731025696,-0.03802744299173355,0,0.09106615949302695,block_update_norm_window_mean_shift,False,5,0.0991910770535469,0.19940288561109612,maximum
0.22156886756420135,-0.07596393674612045,0,0.10581746675168441,block_update_norm_wasserstein,False,5,0.06959603726863861,0.19276237559393683,maximum
0.1835140883922577,-0.6443933844566345,0,0.06674939659566592,block_update_norm_w4_rolling_variance,False,5,-0.13838320970535278,0.564064395133021,maximum
0.20618507266044617,-0.22943755984306335,0,0.013639878469768947,block_update_norm_w4_rolling_abs_skewness,False,5,-0.01734553650021553,0.2866424633539566,maximum
0.2988871932029724,-0.4999096393585205,0,0.061886394269426735,block_update_norm_w4_rolling_abs_kurtosis,False,5,-0.054873812943696976,0.5074012224300005,maximum
0.2078901082277298,-0.6510248184204102,0,-0.04807433142594778,block_update_norm_w8_rolling_variance,False,5,-0.15325304865837097,0.5607137739443142,maximum
0.08752001821994781,-0.14433208107948303,0,-0.07990419604769466,block_update_norm_w8_rolling_abs_skewness,False,5,-0.03398409113287926,0.1495933318802682,maximum
0.34501543641090393,-0.08950449526309967,0,0.08474806960149205,block_update_norm_w8_rolling_abs_kurtosis,False,5,0.10151495784521103,0.2860428413715668,maximum
0.18216006457805634,-0.6310829520225525,0,-0.061430343916018273,block_update_norm_w16_rolling_variance,False,5,-0.1646484136581421,0.513879379084053,maximum
0.28384512662887573,-0.13008029758930206,0,0.21802874692616164,block_update_norm_w16_rolling_abs_skewness,False,5,0.1044519916176796,0.27611299509097975,maximum
0.4581565856933594,-0.04680731147527695,0,0.14110513460929447,block_update_norm_w16_rolling_abs_kurtosis,False,5,0.1792561113834381,0.3182957072056293,maximum
0.34066373109817505,-0.3529527187347412,0,0.0923699506930941,sa_update_norm_mean,False,5,-0.005315542221069336,0.4474460832472095,maximum
0.2506781220436096,-0.7535266876220703,0,0.2216430811606444,sa_update_norm_variance,False,5,-0.12182210385799408,0.6820704926510173,maximum
0.19548432528972626,-0.7519863247871399,0,0.0802204472216758,sa_update_norm_first_difference_abs_mean,False,5,-0.16048920154571533,0.6517701948750575,maximum
0.179238960146904,-0.7413804531097412,0,0.03423362909890794,sa_update_norm_second_difference_abs_mean,False,5,-0.17021460831165314,0.64591667324413,maximum
0.5582024455070496,-0.38971948623657227,0,-0.04397469926498132,sa_update_norm_acf_lag1,False,5,0.04428194835782051,0.5683911114418198,maximum
0.5601378679275513,0.12500238418579102,0,0.21422498831804396,sa_update_norm_correlation_length,False,5,0.3202049136161804,0.2798492581721707,maximum
0.34565553069114685,-0.1761258989572525,0,-0.029022113779485395,sa_update_norm_window_mean_shift,False,5,0.07742659747600555,0.3326178183509696,maximum
0.34228938817977905,-0.14882530272006989,0,0.19097972155063114,sa_update_norm_wasserstein,False,5,0.10072332620620728,0.3252671588315228,maximum
0.2369827777147293,-0.8544195294380188,0,0.11578157742464416,sa_update_norm_w4_rolling_variance,False,5,-0.16582147777080536,0.7560176949637581,maximum
-0.14281943440437317,-0.49886026978492737,0,-0.3219550879635646,sa_update_norm_w4_rolling_abs_skewness,False,5,-0.31059232354164124,0.22367993986673332,maximum
0.32989197969436646,0.09896264970302582,0,0.28531227169072204,sa_update_norm_w4_rolling_abs_kurtosis,False,5,0.21442732214927673,0.15373444715323184,maximum
0.26834774017333984,-0.8444923162460327,0,0.12963894463772968,sa_update_norm_w8_rolling_variance,False,5,-0.1440868079662323,0.780164368635839,maximum
0.09953674674034119,-0.5820509791374207,0,0.052032069302226674,sa_update_norm_w8_rolling_abs_skewness,False,5,-0.15543732047080994,0.4649754451949255,maximum
0.2574210464954376,-0.20358547568321228,0,0.06349001575775222,sa_update_norm_w8_rolling_abs_kurtosis,False,5,0.03083362616598606,0.2978811250593688,maximum
0.25690361857414246,-0.7525296807289124,0,0.14343176766127955,sa_update_norm_w16_rolling_variance,False,5,-0.1126001626253128,0.7116288889648862,maximum
0.5558598637580872,-0.4306011199951172,0,0.3140453619971864,sa_update_norm_w16_rolling_abs_skewness,False,5,0.11363153159618378,0.6365388492815177,maximum
0.5073255300521851,-0.21511904895305634,0,0.1679670153303701,sa_update_norm_w16_rolling_abs_kurtosis,False,5,0.14610323309898376,0.4886142592304803,maximum
0.14515483379364014,-0.20096950232982635,0,0.05712390340656162,ff_update_norm_mean,False,5,-0.025313546881079674,0.22237836103001216,maximum
0.18105986714363098,-0.1584915667772293,0,0.09717678608020651,ff_update_norm_variance,False,5,0.03195987269282341,0.21895129139968425,maximum
0.3761446475982666,-0.15701690316200256,0,0.26884691368913644,ff_update_norm_first_difference_abs_mean,False,5,0.12336113303899765,0.33848971952940865,maximum
0.3748024106025696,-0.11916229873895645,0,0.29519648173536917,ff_update_norm_second_difference_abs_mean,False,5,0.13054141402244568,0.321550857693526,maximum
0.01929343491792679,-0.4761888384819031,0,-0.04861190849693555,ff_update_norm_acf_lag1,False,5,-0.20541925728321075,0.31483682760096454,maximum
0.3036007881164551,0.2045787125825882,0,0.2756327435315739,ff_update_norm_correlation_length,True,5,0.2534094750881195,0.06622573676421256,maximum
0.37458449602127075,-0.125947505235672,0,0.214201997290897,ff_update_norm_window_mean_shift,False,5,0.1260158270597458,0.3251400247494425,maximum
0.04485365003347397,-0.19319084286689758,0,-0.06558820597971023,ff_update_norm_wasserstein,False,5,-0.06845073401927948,0.14766468718337586,maximum
0.2969357967376709,-0.35391297936439514,0,0.13231466863109387,ff_update_norm_w4_rolling_variance,False,5,0.018248438835144043,0.42149104328885845,maximum
0.1768457591533661,-0.31965672969818115,0,-0.19892386723054242,ff_update_norm_w4_rolling_abs_skewness,False,5,-0.08178679645061493,0.32777382485640555,maximum
0.2603091597557068,-0.4998852610588074,0,0.21386472640276047,ff_update_norm_w4_rolling_abs_kurtosis,False,5,-0.056904327124357224,0.4972469081704803,maximum
0.2460116446018219,-0.4674505889415741,0,0.08101310929020258,ff_update_norm_w8_rolling_variance,False,5,-0.053972769528627396,0.4628124214260086,maximum
0.10630951821804047,-0.16319765150547028,0,-0.10790278929582127,ff_update_norm_w8_rolling_abs_skewness,False,5,-0.02985256537795067,0.1743129292518996,maximum
0.1626524031162262,-0.22866134345531464,0,0.0756909035906553,ff_update_norm_w8_rolling_abs_kurtosis,False,5,-0.03300446644425392,0.2557264006663388,maximum
0.09348869323730469,-0.47864705324172974,0,-0.08278096784862223,ff_update_norm_w16_rolling_variance,False,5,-0.14634744822978973,0.3842764089550883,maximum
0.09391903132200241,-0.14536292850971222,0,-0.08250796370098935,ff_update_norm_w16_rolling_abs_skewness,False,5,-0.03430238738656044,0.16312510927891302,maximum
0.28458115458488464,-0.04355521872639656,0,0.13420536744666683,ff_update_norm_w16_rolling_abs_kurtosis,False,5,0.11851231753826141,0.20835080972884473,maximum
0.09601067006587982,-0.1733303964138031,0,-0.08244775752672735,attention_entropy_mean,False,5,-0.03865986317396164,0.17334910460953687,maximum
0.11615989357233047,-0.39013710618019104,0,-0.10287992682205141,attention_entropy_variance,False,5,-0.11666829884052277,0.33041919253280516,maximum
0.47917109727859497,-0.545883297920227,0,0.24897891288522903,attention_entropy_first_difference_abs_mean,False,5,0.04020608589053154,0.6566074115468403,maximum
0.5719410181045532,-0.5090500116348267,0,0.2988201308063289,attention_entropy_second_difference_abs_mean,False,5,0.08637943863868713,0.7130182815215732,maximum
0.24708545207977295,-0.371319979429245,0,-0.025809058370647762,attention_entropy_acf_lag1,False,5,-0.050050556659698486,0.3951502878492069,maximum
0.0,-0.09669876098632812,0,0.0,attention_entropy_correlation_length,False,5,-0.032232917845249176,0.07207499701564536,maximum
0.15164926648139954,-0.28331780433654785,0,0.061142859119956226,attention_entropy_window_mean_shift,False,5,-0.04526285454630852,0.29738422067489423,maximum
0.18414714932441711,-0.35841044783592224,0,0.057929279799433755,attention_entropy_wasserstein,False,5,-0.06383264064788818,0.35287348283181263,maximum
0.4078252911567688,-0.5086488723754883,0,0.10943694190753235,attention_entropy_w4_rolling_variance,False,5,-0.005472349934279919,0.5539464739152422,maximum
0.3943949341773987,-0.28944918513298035,0,-0.1006364876592076,attention_entropy_w4_rolling_abs_skewness,False,5,0.004203603137284517,0.4356820006789867,maximum
0.2948013246059418,-0.21008071303367615,0,0.051030934069905914,attention_entropy_w4_rolling_abs_kurtosis,False,5,0.06755010038614273,0.3352205650361848,maximum
0.34820741415023804,-0.24902546405792236,0,0.21416568902287722,attention_entropy_w8_rolling_variance,False,5,0.08201271295547485,0.37469078335191297,maximum
0.026277881115674973,-0.5534268617630005,0,-0.2520230333501513,attention_entropy_w8_rolling_abs_skewness,False,5,-0.2579347491264343,0.3879857972338856,maximum
0.48473867774009705,-0.19054117798805237,0,0.18468122987815747,attention_entropy_w8_rolling_abs_kurtosis,False,5,0.14709874987602234,0.44742690521366085,maximum
0.15541532635688782,-0.10926523059606552,0,0.07111049617803536,attention_entropy_w16_rolling_variance,False,5,0.024339379742741585,0.1763742854492298,maximum
0.39841127395629883,-0.24017906188964844,0,-0.16625521009214536,attention_entropy_w16_rolling_abs_skewness,False,5,0.049801331013441086,0.4030370768780489,maximum
0.2908233404159546,-0.45450305938720703,0,-0.4048653435592614,attention_entropy_w16_rolling_abs_kurtosis,False,5,-0.10226893424987793,0.47908391181410875,maximum
0.28862252831459045,-0.035521216690540314,0,0.15852301633649898,residual_vector_mean_shift,False,5,0.1337459534406662,0.19889743858887426,maximum
0.17455582320690155,-0.24658453464508057,0,-0.009382652969744224,residual_covariance_drift,False,5,-0.0261971615254879,0.2503981379509402,maximum
0.2908133864402771,-0.15371963381767273,0,0.13303928465021317,residual_wasserstein_norm,False,5,0.07962513715028763,0.27862331220050524,maximum
0.3027360737323761,-0.0518132820725441,0,0.13352399586358832,residual_mmd,False,5,0.13130953907966614,0.21280863228247776,maximum
0.20298758149147034,-0.04553890600800514,0,0.07380391827144364,residual_subspace_drift,False,5,0.07807306945323944,0.16430862425836443,maximum
0.18650062382221222,-0.2257821261882782,0,-0.15028072360329178,residual_eigenspectrum_drift,False,5,-0.019640758633613586,0.26863663320920345,maximum
0.16741889715194702,-0.25735074281692505,0,0.09288241202498523,residual_window_cka,False,5,-0.020416881889104843,0.2660394913283951,maximum
0.22641567885875702,-0.36471647024154663,0,-0.0757602476231412,residual_window_rsa,False,5,-0.0691504031419754,0.3741140814705587,maximum
0.04701778665184975,-0.24071499705314636,0,-0.03577288702486722,residual_first_stable_rank,False,5,-0.08405227214097977,0.1929389049900027,maximum
0.3066422939300537,-0.2436116635799408,0,-0.009296672283291132,residual_second_stable_rank,False,5,0.006921634078025818,0.34453569028740105,maximum
0.3115547001361847,-0.510291576385498,0,0.18902285675121885,attention_entropy_sa_norm_crosscorr_zero,False,5,-0.03004859760403633,0.5634015379292825,maximum
0.5426150560379028,-0.41658011078834534,0,-0.2100940464419935,attention_entropy_sa_norm_crosscorr_peak_abs,False,5,-0.0089584831148386,0.6189475370594312,maximum
0.34164828062057495,-0.17244338989257812,0,0.06541998169892885,sa_ff_norm_crosscorr_zero,False,5,0.08469603955745697,0.3311459755821939,maximum
0.4300565719604492,-0.2397274523973465,0,0.27871913409047,sa_ff_norm_crosscorr_peak_abs,False,5,0.10021207481622696,0.44864564159831166,maximum
0.12235182523727417,-0.06887044757604599,0,-0.032733058083531115,residual_update_norm_crosscorr_zero,False,5,0.01592634618282318,0.12889543219198313,maximum
0.18939046561717987,-0.5822321772575378,0,-0.473198547039949,residual_update_norm_crosscorr_peak_abs,False,5,-0.19869735836982727,0.5230826057552624,maximum
0.1949767768383026,-0.39163488149642944,1,-0.0711588352817785,residual_norm_mean,False,5,-0.055070094764232635,0.34941954719699664,maximum
0.27102023363113403,-0.060970671474933624,1,0.08123439615870642,residual_norm_variance,False,5,0.10052523761987686,0.21412886934036843,maximum
0.7036033868789673,0.02139357663691044,1,0.1927818118492791,residual_norm_first_difference_abs_mean,False,5,0.33757686614990234,0.43384527954151547,maximum
0.6671432256698608,0.047756802290678024,1,0.2382152632565126,residual_norm_second_difference_abs_mean,False,5,0.3570125102996826,0.42727980100695057,maximum
0.09402137994766235,-0.6107132434844971,1,-0.053274185947442904,residual_norm_acf_lag1,False,5,-0.23006241023540497,0.46069148200890636,maximum
0.24380357563495636,-0.2102023810148239,1,0.15430334996209139,residual_norm_correlation_length,False,5,0.04243859648704529,0.30483824155685296,maximum
0.248601034283638,-0.12827008962631226,1,0.05207285151566749,residual_norm_window_mean_shift,False,5,0.06681154668331146,0.24596066686418905,maximum
0.30656716227531433,-0.266989529132843,1,0.10572205635554151,residual_norm_wasserstein,False,5,0.049504995346069336,0.35004842166269506,maximum
0.5213927030563354,-0.06126592308282852,1,0.4166722424850432,residual_norm_w4_rolling_variance,False,5,0.2457887828350067,0.37109513478081113,maximum
0.5048430562019348,-0.008802803233265877,1,0.12428931399717849,residual_norm_w4_rolling_abs_skewness,False,5,0.20076648890972137,0.3429660413705523,maximum
0.10265398025512695,-0.6592360734939575,1,-0.2567898296626497,residual_norm_w4_rolling_abs_kurtosis,False,5,-0.2782910466194153,0.49513612763594655,maximum
0.33234062790870667,-0.06181380897760391,1,0.21329760739979356,residual_norm_w8_rolling_variance,False,5,0.15092137455940247,0.2526074860318696,maximum
0.6039472818374634,0.0913252979516983,1,0.30247600429115556,residual_norm_w8_rolling_abs_skewness,False,5,0.34763628244400024,0.3304563577911475,maximum
0.27763113379478455,-0.5625594258308411,1,-0.08432294872887929,residual_norm_w8_rolling_abs_kurtosis,False,5,-0.15342995524406433,0.5530076541691565,maximum
0.2021574079990387,-0.0732891634106636,1,0.10683062474474204,residual_norm_w16_rolling_variance,False,5,0.08618415147066116,0.1902920361064996,maximum
0.11663825809955597,-0.1721494495868683,1,-0.0314983413250695,residual_norm_w16_rolling_abs_skewness,False,5,-0.03545539826154709,0.19233355204525862,maximum
0.5563584566116333,-0.4460660517215729,1,0.2873859226051641,residual_norm_w16_rolling_abs_kurtosis,False,5,0.13328082859516144,0.6730439991241423,maximum
0.6041423678398132,-0.23871088027954102,1,0.07706764364149671,block_update_norm_mean,False,5,0.14238408207893372,0.540507953200491,maximum
0.7220598459243774,0.04125727340579033,1,0.23858310196474491,block_update_norm_variance,False,5,0.33610835671424866,0.46006405242008547,maximum
0.9537065625190735,-0.17364537715911865,1,0.2882826756835753,block_update_norm_first_difference_abs_mean,False,5,0.32694774866104126,0.7455535057511222,maximum
0.8420916795730591,-0.19656607508659363,1,0.31409142266963114,block_update_norm_second_difference_abs_mean,False,5,0.2850862145423889,0.6905279073471885,maximum
0.18376275897026062,-1.0971790552139282,1,-0.21960819761725867,block_update_norm_acf_lag1,False,5,-0.4004768431186676,0.8540396266789019,maximum
0.2089196741580963,-0.6196393966674805,1,-0.04336481060645748,block_update_norm_correlation_length,False,5,-0.18067359924316406,0.5433223960604727,maximum
0.47467130422592163,-0.5356767773628235,1,0.033527814292421056,block_update_norm_window_mean_shift,False,5,-0.00639996537938714,0.6055294427114786,maximum
0.44621220231056213,-0.21060827374458313,1,-0.0022683741836770814,block_update_norm_wasserstein,False,5,0.09029743820428848,0.4088365293870593,maximum
0.8668726682662964,-0.02980039454996586,1,0.30674964753766626,block_update_norm_w4_rolling_variance,False,5,0.37318962812423706,0.5983105270255037,maximum
0.37563803791999817,-0.1557604968547821,1,0.05201964216520138,block_update_norm_w4_rolling_abs_skewness,False,5,0.10993876308202744,0.34746579485810347,maximum
0.47821173071861267,0.15075847506523132,1,0.18696581079021138,block_update_norm_w4_rolling_abs_kurtosis,False,5,0.27608707547187805,0.21793299494982146,maximum
0.8070502281188965,-0.022996818646788597,1,0.3139154917917309,block_update_norm_w8_rolling_variance,False,5,0.3540826439857483,0.5376352630629879,maximum
0.6361403465270996,-0.04515693336725235,1,0.4848697170891338,block_update_norm_w8_rolling_abs_skewness,False,5,0.2909671664237976,0.44531896622954925,maximum
0.6673508882522583,-0.17546574771404266,1,0.5108703297316302,block_update_norm_w8_rolling_abs_kurtosis,False,5,0.24594254791736603,0.5569656843272415,maximum
0.7161647081375122,0.00014048856974113733,1,0.2186165206444377,block_update_norm_w16_rolling_variance,False,5,0.32620352506637573,0.4724464462471242,maximum
0.5064030289649963,-0.1373918354511261,1,0.23612277922876188,block_update_norm_w16_rolling_abs_skewness,False,5,0.1761426031589508,0.41528857777688677,maximum
0.521401047706604,-0.32172587513923645,1,0.02100621357628882,block_update_norm_w16_rolling_abs_kurtosis,False,5,0.09983755648136139,0.5413205723104302,maximum
0.6194440722465515,-0.23672720789909363,1,0.10337008866113234,sa_update_norm_mean,False,5,0.16260583698749542,0.5413759833023336,maximum
0.82159423828125,0.056853413581848145,1,0.32149314808845764,sa_update_norm_variance,False,5,0.37264400720596313,0.5131119496121892,maximum
1.1191996335983276,-0.1430109441280365,1,0.1887378005592366,sa_update_norm_first_difference_abs_mean,False,5,0.37439605593681335,0.8534985473694345,maximum
1.1442924737930298,-0.19105486571788788,1,0.19487951483718888,sa_update_norm_second_difference_abs_mean,False,5,0.3406134247779846,0.8357659253676032,maximum
0.10381414741277695,-1.473740577697754,1,-0.03414246578435168,sa_update_norm_acf_lag1,False,5,-0.49687209725379944,1.1256230341046627,maximum
0.29779723286628723,-1.2856582403182983,1,-0.10007303085677714,sa_update_norm_correlation_length,False,5,-0.33849555253982544,1.0796367400646798,maximum
0.36321544647216797,-0.6911252737045288,1,0.09574052545769873,sa_update_norm_window_mean_shift,False,5,-0.09100840985774994,0.694984756099939,maximum
0.5785908102989197,-0.20962901413440704,1,0.015525943124054488,sa_update_norm_wasserstein,False,5,0.18229685723781586,0.5185619656015499,maximum
1.01697838306427,-0.015286212787032127,1,0.328202484750774,sa_update_norm_w4_rolling_variance,False,5,0.41182002425193787,0.698364123659058,maximum
0.34182852506637573,-0.11231537908315659,1,0.02396975026428455,sa_update_norm_w4_rolling_abs_skewness,False,5,0.11475656926631927,0.29582096205247044,maximum
0.15669958293437958,-0.22923317551612854,1,0.06612539611660373,sa_update_norm_w4_rolling_abs_kurtosis,False,5,-0.020424578338861465,0.24815886818439892,maximum
0.9825574159622192,0.0013289437629282475,1,0.34289626685041735,sa_update_norm_w8_rolling_variance,False,5,0.4111732542514801,0.6568934888597543,maximum
0.7226197123527527,-0.2067151516675949,1,0.07856489348740694,sa_update_norm_w8_rolling_abs_skewness,False,5,0.22390766441822052,0.6178494967171617,maximum
0.4762938916683197,-0.142164409160614,1,0.19676282113419577,sa_update_norm_w8_rolling_abs_kurtosis,False,5,0.16944198310375214,0.3904242378973759,maximum
0.9251594543457031,0.011794408783316612,1,0.34556853173429253,sa_update_norm_w16_rolling_variance,False,5,0.4051956534385681,0.6015187838799856,maximum
0.5526041388511658,-0.2695796489715576,1,0.10829250140306709,sa_update_norm_w16_rolling_abs_skewness,False,5,0.14151224493980408,0.5238170657125765,maximum
0.3205132782459259,-0.4409639835357666,1,-0.19467696690300482,sa_update_norm_w16_rolling_abs_kurtosis,False,5,-0.09917350858449936,0.47569761607781,maximum
0.06405694782733917,-0.4573806822299957,1,-0.03238607184344471,ff_update_norm_mean,False,5,-0.156622052192688,0.3475833026017288,maximum
0.4090816378593445,-0.055690664798021317,1,0.06918124693614006,ff_update_norm_variance,False,5,0.1640956699848175,0.3052392539415205,maximum
0.22812800109386444,-0.02447185292840004,1,0.10711621852334835,ff_update_norm_first_difference_abs_mean,False,5,0.10393347591161728,0.16494816703052986,maximum
0.2392772138118744,-0.06310372799634933,1,0.059938216035625505,ff_update_norm_second_difference_abs_mean,False,5,0.0723646730184555,0.20495398154789218,maximum
0.4210684895515442,-0.30451416969299316,1,-0.020736038336574798,ff_update_norm_acf_lag1,False,5,0.06105785444378853,0.4723890437084885,maximum
0.06172134354710579,-0.31989920139312744,1,0.0,ff_update_norm_correlation_length,False,5,-0.11605855077505112,0.2582527309173903,maximum
0.09917856752872467,-0.1193087249994278,1,-0.006570536410625487,ff_update_norm_window_mean_shift,False,5,-0.005920705385506153,0.1480573405600322,maximum
0.14234420657157898,-0.12684842944145203,1,0.016169776754385214,ff_update_norm_wasserstein,False,5,0.0034483312629163265,0.16932712979314232,maximum
0.2869303822517395,-0.0577862374484539,1,0.03647528336223709,ff_update_norm_w4_rolling_variance,False,5,0.10764710605144501,0.23190564752719373,maximum
0.6969653367996216,-0.008413034491240978,1,0.3668865955928829,ff_update_norm_w4_rolling_abs_skewness,False,5,0.3451264798641205,0.4609150381385611,maximum
-0.020062413066625595,-0.6874171495437622,1,-0.22548125337606503,ff_update_norm_w4_rolling_abs_kurtosis,False,5,-0.315257728099823,0.42430374711827873,maximum
0.27379101514816284,-0.03859928250312805,1,0.08044597241526226,ff_update_norm_w8_rolling_variance,False,5,0.1141527071595192,0.2029396469496119,maximum
0.4579991400241852,-0.08843167126178741,1,0.16095115439520682,ff_update_norm_w8_rolling_abs_skewness,False,5,0.1847837269306183,0.3473501977015488,maximum
0.10678069293498993,-0.4266721308231354,1,-0.10127406888614979,ff_update_norm_w8_rolling_abs_kurtosis,False,5,-0.15326784551143646,0.360295566071269,maximum
0.3035873770713806,-0.05597768351435661,1,0.019902528059974965,ff_update_norm_w16_rolling_variance,False,5,0.11157889664173126,0.23358169506012227,maximum
0.35515737533569336,0.023089909926056862,1,0.19717260527207614,ff_update_norm_w16_rolling_abs_skewness,False,5,0.1980346441268921,0.2238388540969062,maximum
0.10591934621334076,-0.3160289227962494,1,0.02792184112642806,ff_update_norm_w16_rolling_abs_kurtosis,False,5,-0.09867177158594131,0.27025744605928714,maximum
0.10370242595672607,-0.4016072154045105,1,0.0031532022457965944,attention_entropy_mean,False,5,-0.12636785209178925,0.320966825759473,maximum
0.24839594960212708,0.028124643489718437,1,0.09029069990356757,attention_entropy_variance,False,5,0.12830166518688202,0.14252507965032765,maximum
0.9035090208053589,-0.14263440668582916,1,0.035091861456354775,attention_entropy_first_difference_abs_mean,False,5,0.26916003227233887,0.7024748011676242,maximum
0.7285351753234863,-0.12009425461292267,1,-0.09706290828619422,attention_entropy_second_difference_abs_mean,False,5,0.19424346089363098,0.5834885746590387,maximum
0.08764679729938507,-0.8755277395248413,1,-0.055879755042454175,attention_entropy_acf_lag1,False,5,-0.26979440450668335,0.6752816423514529,maximum
0.08999781310558319,-0.3244798183441162,1,0.0,attention_entropy_correlation_length,False,5,-0.11724100261926651,0.28061853258578473,maximum
0.15673494338989258,-0.6916261315345764,1,-0.02999128494904898,attention_entropy_window_mean_shift,False,5,-0.1748279631137848,0.583466166082669,maximum
0.18098871409893036,-0.6687541007995605,1,0.0008400692607415859,attention_entropy_wasserstein,False,5,-0.1614079475402832,0.5720989353092976,maximum
0.9061519503593445,-0.023283112794160843,1,0.11053610481920804,attention_entropy_w4_rolling_variance,False,5,0.37271925806999207,0.616160075877371,maximum
0.10969439893960953,0.023155052214860916,1,0.07009840015543158,attention_entropy_w4_rolling_abs_skewness,False,5,0.06584261357784271,0.058001623302292867,maximum
-0.0057043880224227905,-0.09415055811405182,1,-0.07101229490841778,attention_entropy_w4_rolling_abs_kurtosis,False,5,-0.05241842195391655,0.057852302022107616,maximum
0.9544374942779541,-0.033503856509923935,1,0.23923043524227558,attention_entropy_w8_rolling_variance,False,5,0.42832890152931213,0.641594102083685,maximum
0.22634920477867126,-0.04543457180261612,1,0.01590030788995118,attention_entropy_w8_rolling_abs_skewness,False,5,0.09045733511447906,0.17705609878226974,maximum
0.16041694581508636,-0.18982629477977753,1,-0.10743445815391338,attention_entropy_w8_rolling_abs_kurtosis,False,5,-0.019828516989946365,0.22618914877703195,maximum
0.745603621006012,-0.06010247394442558,1,0.08249467644780016,attention_entropy_w16_rolling_variance,False,5,0.3341272473335266,0.5370888093179568,maximum
0.46659979224205017,-0.17881859838962555,1,0.26785796485236407,attention_entropy_w16_rolling_abs_skewness,False,5,0.15336720645427704,0.41135126742127326,maximum
0.31684261560440063,-0.25756165385246277,1,0.08757460952085813,attention_entropy_w16_rolling_abs_kurtosis,False,5,0.04451099783182144,0.3757614189284148,maximum
0.2865784764289856,0.03430004417896271,1,0.1539536492354107,residual_vector_mean_shift,False,5,0.15978361666202545,0.1629139527637678,maximum
0.24380657076835632,-0.1983356922864914,1,0.025729875079580716,residual_covariance_drift,False,5,0.012849037535488605,0.28027039132601667,maximum
0.30656716227531433,-0.266989529132843,1,0.10572205635554151,residual_wasserstein_norm,False,5,0.049504995346069336,0.35004842166269506,maximum
0.27978190779685974,0.021138859912753105,1,0.12321974984397469,residual_mmd,False,5,0.15083472430706024,0.17892295034284797,maximum
0.32861238718032837,-0.11410553753376007,1,0.08544209448359132,residual_subspace_drift,False,5,0.11047986894845963,0.29469117927724076,maximum
0.28878170251846313,-0.18501271307468414,1,-0.029041555328427237,residual_eigenspectrum_drift,False,5,0.051884494721889496,0.3113395901328887,maximum
0.13505512475967407,-0.37869954109191895,1,-0.14555026695748138,residual_window_cka,False,5,-0.11105258762836456,0.31595485976674903,maximum
0.13593760132789612,-0.30232957005500793,1,-0.12329329402982366,residual_window_rsa,False,5,-0.09291668981313705,0.28175374691886823,maximum
0.0006735859205946326,-0.16944041848182678,1,-0.06575076090577135,residual_first_stable_rank,False,5,-0.07987489551305771,0.10888346746922932,maximum
0.28616443276405334,-0.3331531584262848,1,-0.09338802417180084,residual_second_stable_rank,False,5,-0.06414733827114105,0.40393672021693744,maximum
0.8737634420394897,-0.21935993432998657,1,-0.06519636091841492,attention_entropy_sa_norm_crosscorr_zero,False,5,0.23813846707344055,0.745124373020011,maximum
0.21376028656959534,-0.9017139673233032,1,0.015388794530181044,attention_entropy_sa_norm_crosscorr_peak_abs,False,5,-0.23841384053230286,0.7134671301476029,maximum
0.11448056995868683,-0.1614111363887787,1,-0.003454332564425618,sa_ff_norm_crosscorr_zero,False,5,-0.02346528135240078,0.17425653150396783,maximum
0.6388477087020874,-0.1918986439704895,1,0.5255635503070878,sa_ff_norm_crosscorr_peak_abs,False,5,0.2548352777957916,0.5377841982750113,maximum
0.09242795407772064,-0.632219135761261,1,-0.2397087302681468,residual_update_norm_crosscorr_zero,False,5,-0.2331099957227707,0.48485526198366746,maximum
0.17771199345588684,-0.21213562786579132,1,0.04553205653175307,residual_update_norm_crosscorr_peak_abs,False,5,0.011288893409073353,0.2502583078144322,maximum
0.20942647755146027,-0.18857194483280182,2,-0.07616549529371087,residual_norm_mean,False,5,0.012308621779084206,0.2523073893379033,maximum
0.28352421522140503,-0.3832232356071472,2,0.028710938925175174,residual_norm_variance,False,5,-0.0498494915664196,0.429433067685121,maximum
0.48486635088920593,0.07136248052120209,2,0.19193236411440945,residual_norm_first_difference_abs_mean,False,5,0.27795374393463135,0.2855226293626056,maximum
0.6159496307373047,0.08615203201770782,2,0.2047195104233509,residual_norm_second_difference_abs_mean,False,5,0.31123387813568115,0.3296938802774085,maximum
0.04569249227643013,-0.39782601594924927,2,-0.2058867241136221,residual_norm_acf_lag1,False,5,-0.19285526871681213,0.2818729964419067,maximum
-0.008276921696960926,-0.4989752173423767,2,-0.295305582753505,residual_norm_correlation_length,False,5,-0.2681735157966614,0.32704116341975104,maximum
0.11784350872039795,-0.24998481571674347,2,-0.08382020985827168,residual_norm_window_mean_shift,False,5,-0.06179683282971382,0.24377433909111337,maximum
0.17207208275794983,-0.22519855201244354,2,-0.06933016744381368,residual_norm_wasserstein,False,5,-0.03051811456680298,0.25797941544675107,maximum
0.4059571325778961,0.09168769419193268,2,0.3239837309802704,residual_norm_w4_rolling_variance,False,5,0.2638229727745056,0.1980471108910222,maximum
0.3799575865268707,-0.1990458071231842,2,0.11056357965518843,residual_norm_w4_rolling_abs_skewness,False,5,0.09045587480068207,0.375658267840299,maximum
0.10018892586231232,-0.467046320438385,2,0.013957142020023378,residual_norm_w4_rolling_abs_kurtosis,False,5,-0.12132371962070465,0.38276076557365035,maximum
0.33909010887145996,0.014354942366480827,2,0.17373610350861035,residual_norm_w8_rolling_variance,False,5,0.1850605607032776,0.21274208707709188,maximum
0.7607212066650391,0.06789133697748184,2,0.30350107222318373,residual_norm_w8_rolling_abs_skewness,False,5,0.4014059901237488,0.4608413103900237,maximum
0.3556266129016876,-0.3137444853782654,2,-0.11022976717512137,residual_norm_w8_rolling_abs_kurtosis,False,5,-0.03075120411813259,0.4536616951103168,maximum
0.34096628427505493,-0.07620908319950104,2,0.11212602076876081,residual_norm_w16_rolling_variance,False,5,0.1160021647810936,0.27135649560796604,maximum
0.25405460596084595,-0.25204095244407654,2,0.21482076029462818,residual_norm_w16_rolling_abs_skewness,False,5,0.04716653376817703,0.3385871200844516,maximum
0.31024032831192017,-0.4319170117378235,2,-0.05776985692132404,residual_norm_w16_rolling_abs_kurtosis,False,5,-0.07367175817489624,0.49562118820743184,maximum
0.6900010108947754,-0.13960054516792297,2,0.26869658158214627,block_update_norm_mean,False,5,0.26583537459373474,0.556820600609899,maximum
0.8493302464485168,0.04503903165459633,2,0.17777972281485133,block_update_norm_variance,False,5,0.44718462228775024,0.5260494543610726,maximum
0.8313148617744446,-0.00963919423520565,2,0.15778357893452483,block_update_norm_first_difference_abs_mean,False,5,0.4108378291130066,0.5485429001219854,maximum
0.7687711119651794,-0.048653244972229004,2,0.09912812170255862,block_update_norm_second_difference_abs_mean,False,5,0.3600589632987976,0.5342077626862511,maximum
0.24345462024211884,-0.6222003698348999,2,-0.0808878422029692,block_update_norm_acf_lag1,False,5,-0.18389102816581726,0.5649831753649319,maximum
0.23277977108955383,-0.4099031984806061,2,0.0,block_update_norm_correlation_length,False,5,-0.06815236806869507,0.40488055997075156,maximum
0.43361759185791016,-0.16602306067943573,2,0.28296368855019965,block_update_norm_window_mean_shift,False,5,0.178518146276474,0.3714666411692587,maximum
0.4258784353733063,0.2371530830860138,2,0.28251248490257375,block_update_norm_wasserstein,True,5,0.3296597898006439,0.12411958894321486,maximum
0.7599903345108032,-0.0020405836403369904,2,0.044567103717828176,block_update_norm_w4_rolling_variance,False,5,0.36772191524505615,0.49924347823539983,maximum
0.3562770187854767,-0.05286792665719986,2,0.08313800326546902,block_update_norm_w4_rolling_abs_skewness,False,5,0.13958683609962463,0.2711683695225945,maximum
0.22125163674354553,-0.26605290174484253,2,-0.13832677295202106,block_update_norm_w4_rolling_abs_kurtosis,False,5,-0.0224006287753582,0.3131261105763137,maximum
0.7291462421417236,-0.020371083170175552,2,0.05908123732976481,block_update_norm_w8_rolling_variance,False,5,0.34993866086006165,0.4928693062108711,maximum
0.40759262442588806,-0.2745094895362854,2,-0.1107630021792268,block_update_norm_w8_rolling_abs_skewness,False,5,0.06116345524787903,0.4382264818822517,maximum
0.6031934022903442,-0.2012445628643036,2,0.10731820043792893,block_update_norm_w8_rolling_abs_kurtosis,False,5,0.1941988170146942,0.5083564356845938,maximum
0.6925429105758667,-0.013363453559577465,2,0.05584609070726337,block_update_norm_w16_rolling_variance,False,5,0.32672119140625,0.4567126625109655,maximum
0.38332173228263855,-0.10208841413259506,2,0.15522928066917308,block_update_norm_w16_rolling_abs_skewness,False,5,0.16189731657505035,0.3187811846778444,maximum
0.5598629713058472,0.16456104815006256,2,0.1997768161001753,block_update_norm_w16_rolling_abs_kurtosis,False,5,0.348359078168869,0.2533474979159253,maximum
0.7182765603065491,-0.24608108401298523,2,0.1457270883811592,sa_update_norm_mean,False,5,0.23569615185260773,0.6157877007558862,maximum
0.9523722529411316,0.007915446534752846,2,0.14295454638235455,sa_update_norm_variance,False,5,0.4608793258666992,0.6044606711057852,maximum
0.8619611859321594,-0.0627097636461258,2,0.14337814206647806,sa_update_norm_first_difference_abs_mean,False,5,0.399625688791275,0.595409029962906,maximum
0.8336519002914429,-0.07870671898126602,2,0.12355824704965356,sa_update_norm_second_difference_abs_mean,False,5,0.3719902038574219,0.5817547490663693,maximum
0.40410399436950684,-0.7005237340927124,2,-0.09730059380985791,sa_update_norm_acf_lag1,False,5,-0.17135955393314362,0.705408439522603,maximum
0.25133243203163147,-0.5700491666793823,2,-0.2093151647789184,sa_update_norm_correlation_length,False,5,-0.1760575771331787,0.5309072177318116,maximum
0.6270431280136108,-0.3374764919281006,2,0.22570802336811874,sa_update_norm_window_mean_shift,False,5,0.16247591376304626,0.5993602404988339,maximum
0.7875745892524719,0.12281247228384018,2,0.35619771779964643,sa_update_norm_wasserstein,False,5,0.41724005341529846,0.41184605851904926,maximum
0.8328808546066284,-0.016391437500715256,2,0.023454999886466738,sa_update_norm_w4_rolling_variance,False,5,0.39658454060554504,0.5592538292233109,maximum
0.5302714705467224,-0.39605146646499634,2,0.06509158514417081,sa_update_norm_w4_rolling_abs_skewness,False,5,0.06132514402270317,0.5725677969627649,maximum
0.22692999243736267,-0.41339024901390076,2,0.16636103619400033,sa_update_norm_w4_rolling_abs_kurtosis,False,5,-0.061809785664081573,0.4095288802904054,maximum
0.8040728569030762,-0.015729935839772224,2,0.04316239716982759,sa_update_norm_w8_rolling_variance,False,5,0.3849179744720459,0.5429062165943928,maximum
0.4861116111278534,-0.41444531083106995,2,0.33283995847500697,sa_update_norm_w8_rolling_abs_skewness,False,5,0.07741693407297134,0.5689570423634743,maximum
0.45499926805496216,0.06486503779888153,2,0.3539320763917035,sa_update_norm_w8_rolling_abs_kurtosis,False,5,0.2906813621520996,0.2670696136386513,maximum
0.7671907544136047,-0.015619602985680103,2,0.05335826982279847,sa_update_norm_w16_rolling_variance,False,5,0.3677963614463806,0.5135275035049511,maximum
0.314614474773407,-0.24694731831550598,2,0.24202917107534294,sa_update_norm_w16_rolling_abs_skewness,False,5,0.10126328468322754,0.39197853349207257,maximum
0.4395720362663269,0.14820730686187744,2,0.41922426640000315,sa_update_norm_w16_rolling_abs_kurtosis,False,5,0.3250904679298401,0.20003281304768677,maximum
0.758204996585846,0.08624942600727081,2,0.1429806710270229,ff_update_norm_mean,False,5,0.40515702962875366,0.4315908978369133,maximum
1.0967600345611572,0.47156110405921936,2,0.6601764316038667,ff_update_norm_variance,True,5,0.7478965520858765,0.38595767923572055,maximum
0.56777024269104,0.10473044216632843,2,0.3373615648987502,ff_update_norm_first_difference_abs_mean,False,5,0.3196439743041992,0.3113496383348412,maximum
0.40101051330566406,0.0013467579847201705,2,0.2539425380177679,ff_update_norm_second_difference_abs_mean,False,5,0.2105298489332199,0.24662393788562423,maximum
0.2538486123085022,-0.260020911693573,2,0.029251343549995295,ff_update_norm_acf_lag1,False,5,-0.0060381414368748665,0.3423975047221509,maximum
0.19024935364723206,0.0,2,0.0,ff_update_norm_correlation_length,False,5,0.08518969267606735,0.12182448935362533,maximum
0.2449006289243698,-0.6382700800895691,2,-0.42286279588242576,ff_update_norm_window_mean_shift,False,5,-0.2363763302564621,0.5823292620357229,maximum
0.44339579343795776,-0.4545537531375885,2,-0.07961957017892704,ff_update_norm_wasserstein,False,5,-0.030311454087495804,0.5763290688506294,maximum
0.8078433871269226,0.3768625557422638,2,0.5034344270293707,ff_update_norm_w4_rolling_variance,True,5,0.5668839812278748,0.26606159164658066,maximum
0.7850028276443481,0.21680934727191925,2,0.5025668986039707,ff_update_norm_w4_rolling_abs_skewness,False,5,0.47375553846359253,0.34810708962616377,maximum
-0.1103418841958046,-0.6627484560012817,2,-0.3119876243117485,ff_update_norm_w4_rolling_abs_kurtosis,False,5,-0.36885181069374084,0.3516583891993809,maximum
0.8003768920898438,0.37927311658859253,2,0.6367048769224959,ff_update_norm_w8_rolling_variance,True,5,0.5813808441162109,0.2851844637914765,maximum
0.7032066583633423,0.2886243462562561,2,0.4091809451519589,ff_update_norm_w8_rolling_abs_skewness,True,5,0.4895727038383484,0.2723356429386366,maximum
0.15818074345588684,-0.3333049416542053,2,-0.007077673593343432,ff_update_norm_w8_rolling_abs_kurtosis,False,5,-0.07015379518270493,0.3142934144323871,maximum
0.880581259727478,0.30393779277801514,2,0.5359921704867584,ff_update_norm_w16_rolling_variance,True,5,0.5841652750968933,0.36341061215490816,maximum
0.6497636437416077,0.3095816671848297,2,0.4495731533230802,ff_update_norm_w16_rolling_abs_skewness,True,5,0.47079983353614807,0.2207223342602346,maximum
0.572254478931427,0.20186157524585724,2,0.30374314432049454,ff_update_norm_w16_rolling_abs_kurtosis,False,5,0.3870580196380615,0.23732754278379653,maximum
0.19546331465244293,-0.303518146276474,2,-0.012338045565515739,attention_entropy_mean,False,5,-0.05668381601572037,0.3416176900269995,maximum
0.3339781165122986,-0.007380656898021698,2,0.10610615346050854,attention_entropy_variance,False,5,0.1378728151321411,0.2241931354096779,maximum
0.9064744710922241,-0.3706319332122803,2,-0.023717132923208217,attention_entropy_first_difference_abs_mean,False,5,0.2172740399837494,0.8193477100320458,maximum
0.8946738243103027,-0.36157408356666565,2,-0.044967670715246384,attention_entropy_second_difference_abs_mean,False,5,0.19341805577278137,0.7787926105173335,maximum
0.47150078415870667,-0.9613338708877563,2,-0.007091142606416325,attention_entropy_acf_lag1,False,5,-0.2268555909395218,0.9241120315548417,maximum
-0.1602606326341629,-0.6515714526176453,2,-0.2867441755680878,attention_entropy_correlation_length,False,5,-0.3727234899997711,0.33097554559224207,maximum
0.4223887324333191,-0.7111830711364746,2,-0.1370438400434105,attention_entropy_window_mean_shift,False,5,-0.14439716935157776,0.7324335807174127,maximum
0.38745445013046265,-0.6661664247512817,2,-0.1409057106414004,attention_entropy_wasserstein,False,5,-0.13930156826972961,0.6854731001894853,maximum
0.8985904455184937,-0.37239599227905273,2,-0.04923070438759087,attention_entropy_w4_rolling_variance,False,5,0.22468462586402893,0.8083004679684733,maximum
0.7806620597839355,-0.0982341319322586,2,0.04983870903087084,attention_entropy_w4_rolling_abs_skewness,False,5,0.26749929785728455,0.5913013432090505,maximum
0.19469690322875977,-0.660794734954834,2,0.012697185871813744,attention_entropy_w4_rolling_abs_kurtosis,False,5,-0.15436890721321106,0.5651516078373039,maximum
0.7938936948776245,-0.33416056632995605,2,-0.09316988995714238,attention_entropy_w8_rolling_variance,False,5,0.19584186375141144,0.7212725026407931,maximum
0.2589654326438904,-0.24532942473888397,2,0.17123726724454857,attention_entropy_w8_rolling_abs_skewness,False,5,0.03530852124094963,0.3279477756107161,maximum
0.17692823708057404,0.033990852534770966,2,0.07470078531098683,attention_entropy_w8_rolling_abs_kurtosis,False,5,0.09496518969535828,0.09073602763611772,maximum
0.4219583570957184,-0.2963449954986572,2,0.04124712497896876,attention_entropy_w16_rolling_variance,False,5,0.0788549929857254,0.47420129816368,maximum
0.5068303346633911,-0.08027704060077667,2,0.39542372315544405,attention_entropy_w16_rolling_abs_skewness,False,5,0.21242523193359375,0.3916230841608126,maximum
0.5429242849349976,-0.1402241736650467,2,0.21537146285789374,attention_entropy_w16_rolling_abs_kurtosis,False,5,0.1850574016571045,0.42824282147249215,maximum
0.2895269989967346,0.013725752010941505,2,0.1237847542789886,residual_vector_mean_shift,False,5,0.1504654735326767,0.17931699876166515,maximum
0.21970000863075256,-0.21611054241657257,2,0.018218020316866708,residual_covariance_drift,False,5,0.013143286108970642,0.2707310216154791,maximum
0.17207208275794983,-0.22519855201244354,2,-0.06933016744381368,residual_wasserstein_norm,False,5,-0.03051811456680298,0.25797941544675107,maximum
0.28288647532463074,-0.02284589596092701,2,0.041840718299753714,residual_mmd,False,5,0.12632374465465546,0.19734077552423074,maximum
0.32770830392837524,0.03001396358013153,2,0.0742568905491784,residual_subspace_drift,False,5,0.14128544926643372,0.20596098269120133,maximum
0.34106993675231934,-0.33042705059051514,2,-0.261493091891755,residual_eigenspectrum_drift,False,5,-0.016963541507720947,0.43623741985776093,maximum
0.07279803603887558,-0.3790551424026489,2,-0.27955567383027063,residual_window_cka,False,5,-0.15312853455543518,0.29129475151514417,maximum
0.43820375204086304,-0.3681996762752533,2,-0.005009167429499748,residual_window_rsa,False,5,0.040065549314022064,0.5417323982056479,maximum
0.052503444254398346,-0.16662843525409698,2,-0.07914283424051986,residual_first_stable_rank,False,5,-0.05148280784487724,0.14185878014855022,maximum
0.28057435154914856,-0.4685309827327728,2,-0.22195793354544152,residual_second_stable_rank,False,5,-0.14379262924194336,0.4907011375224291,maximum
0.5744722485542297,-0.03325657546520233,2,0.03741420255027526,attention_entropy_sa_norm_crosscorr_zero,False,5,0.1905037760734558,0.4251023318920213,maximum
0.11527363210916519,-0.5381343364715576,2,0.031236120085864117,attention_entropy_sa_norm_crosscorr_peak_abs,False,5,-0.14138062298297882,0.4513076601276822,maximum
0.6857421398162842,-0.29960113763809204,2,0.34499554276660876,sa_ff_norm_crosscorr_zero,False,5,0.19307048618793488,0.6499819533440808,maximum
0.4994416832923889,-0.33591097593307495,2,-0.15870851592064197,sa_ff_norm_crosscorr_peak_abs,False,5,0.07516910880804062,0.5714151722943351,maximum
0.12279442697763443,-0.6803008317947388,2,-0.30214731559135766,residual_update_norm_crosscorr_zero,False,5,-0.2787531912326813,0.5380174084995626,maximum
0.33224090933799744,-0.2887972891330719,2,0.0329406579842417,residual_update_norm_crosscorr_peak_abs,False,5,0.021721815690398216,0.4016408639078969,maximum
0.5961326360702515,-0.07746078819036484,3,0.21875213889576442,residual_norm_mean,False,5,0.2591581642627716,0.43621928773022484,maximum
0.44809597730636597,-0.08273286372423172,3,0.11270461339210507,residual_norm_variance,False,5,0.15219171345233917,0.33747222599310217,maximum
0.5137228965759277,0.008108004927635193,3,0.19300531579758212,residual_norm_first_difference_abs_mean,False,5,0.24663154780864716,0.33787893407222785,maximum
0.5059953927993774,-0.023313170298933983,3,0.13551384094054245,residual_norm_second_difference_abs_mean,False,5,0.20155560970306396,0.3457419595312264,maximum
-0.02739551104605198,-0.5667614340782166,3,-0.27085839559376085,residual_norm_acf_lag1,False,5,-0.2744196057319641,0.3584888028764959,maximum
-0.03089088760316372,-0.2661912739276886,3,-0.07754624857744614,residual_norm_correlation_length,False,5,-0.14723259210586548,0.15896138187609624,maximum
-0.021284377202391624,-0.7470586895942688,3,-0.26370367596718264,residual_norm_window_mean_shift,False,5,-0.34964388608932495,0.4640674306306464,maximum
0.13171181082725525,-0.530756950378418,3,-0.20417608836706067,residual_norm_wasserstein,False,5,-0.19172577559947968,0.4270498745796175,maximum
0.6324844360351562,0.06871731579303741,3,0.23746002511830128,residual_norm_w4_rolling_variance,False,5,0.3236413300037384,0.3516232635088536,maximum
0.7421400547027588,-0.08252207934856415,3,0.21037402611242945,residual_norm_w4_rolling_abs_skewness,False,5,0.3298090100288391,0.5265438932385548,maximum
0.033080775290727615,-0.5540785193443298,3,-0.07918410984793407,residual_norm_w4_rolling_abs_kurtosis,False,5,-0.26049888134002686,0.3857992702733897,maximum
0.5774577260017395,0.014034101739525795,3,0.30334708829266016,residual_norm_w8_rolling_variance,False,5,0.2877434492111206,0.36246095958186636,maximum
0.546467125415802,-0.17030520737171173,3,0.3491742934572236,residual_norm_w8_rolling_abs_skewness,False,5,0.18808095157146454,0.46074575751005886,maximum
0.25258928537368774,-0.2369442880153656,3,-0.05846608145420153,residual_norm_w8_rolling_abs_kurtosis,False,5,-0.012768255546689034,0.3101263978184582,maximum
0.5243079662322998,-0.06470633298158646,3,0.26436183343745256,residual_norm_w16_rolling_variance,False,5,0.22980082035064697,0.3828404011222999,maximum
0.282583087682724,-0.4254390597343445,3,-0.19661457305071528,residual_norm_w16_rolling_abs_skewness,False,5,-0.11951170861721039,0.4508741201378693,maximum
0.35203322768211365,-0.2446187287569046,3,0.067830418241866,residual_norm_w16_rolling_abs_kurtosis,False,5,0.05513383075594902,0.37866751202284465,maximum
0.7836228609085083,-0.2808564305305481,3,0.43425524400369714,block_update_norm_mean,False,5,0.3151388466358185,0.701007066184507,maximum
0.9998626708984375,0.018960822373628616,3,0.6865205185910983,block_update_norm_variance,False,5,0.55312579870224,0.5999603361995903,maximum
0.9810166358947754,0.15614637732505798,3,0.5555930377161169,block_update_norm_first_difference_abs_mean,False,5,0.5830358862876892,0.5326892961948334,maximum
0.868009090423584,0.14316099882125854,3,0.4729801090539687,block_update_norm_second_difference_abs_mean,False,5,0.5209898948669434,0.49112455815667194,maximum
-0.2848382592201233,-0.989841103553772,3,-0.43788094433814717,block_update_norm_acf_lag1,True,5,-0.5709746479988098,0.4743916843153174,maximum
-0.09404513984918594,-0.5728585124015808,3,-0.33884987377546605,block_update_norm_correlation_length,False,5,-0.3717951774597168,0.2891967729559027,maximum
0.09069080650806427,-0.2844424843788147,3,-0.02459374960812615,block_update_norm_window_mean_shift,False,5,-0.09746358543634415,0.23946602603154346,maximum
0.2160506248474121,-0.2035442441701889,3,0.023642584543482704,block_update_norm_wasserstein,False,5,0.005165023263543844,0.25518478544729023,maximum
0.9347670674324036,0.021524477750062943,3,0.47912853772486685,block_update_norm_w4_rolling_variance,False,5,0.5408862829208374,0.5485365764995267,maximum
0.38336580991744995,0.03013526275753975,3,0.19320483240284028,block_update_norm_w4_rolling_abs_skewness,False,5,0.2067505419254303,0.228518105985474,maximum
0.07620720565319061,-0.5448247194290161,3,-0.13251020397913899,block_update_norm_w4_rolling_abs_kurtosis,False,5,-0.19386692345142365,0.403536443078702,maximum
0.9272165298461914,0.0033358929213136435,3,0.5704865941818733,block_update_norm_w8_rolling_variance,False,5,0.5189238786697388,0.5756082355570934,maximum
0.6920934915542603,0.1558213084936142,3,0.39274958831570284,block_update_norm_w8_rolling_abs_skewness,False,5,0.40504685044288635,0.3387896423260344,maximum
0.18674607574939728,-0.711178719997406,3,-0.06059554391635851,block_update_norm_w8_rolling_abs_kurtosis,False,5,-0.17846450209617615,0.5888782473742862,maximum
0.8461054563522339,-0.009984063915908337,3,0.5085163401252463,block_update_norm_w16_rolling_variance,False,5,0.4497241973876953,0.561350724417034,maximum
0.5130945444107056,0.07453571259975433,3,0.4405633974689938,block_update_norm_w16_rolling_abs_skewness,False,5,0.3258731961250305,0.2842288645898516,maximum
0.4020690321922302,-0.14642471075057983,3,0.07492066455952709,block_update_norm_w16_rolling_abs_kurtosis,False,5,0.12776830792427063,0.34800049313297376,maximum
0.7079850435256958,-0.34261736273765564,3,0.5526208186817614,sa_update_norm_mean,False,5,0.26097381114959717,0.699982794457802,maximum
0.8599352836608887,0.02471495233476162,3,0.4821539138333976,sa_update_norm_variance,False,5,0.4423251152038574,0.5333096985346664,maximum
0.8762194514274597,0.08509494364261627,3,0.4987625370897915,sa_update_norm_first_difference_abs_mean,False,5,0.4806572496891022,0.5033633927797351,maximum
0.8169499635696411,0.09809766709804535,3,0.5056062992277855,sa_update_norm_second_difference_abs_mean,False,5,0.4687306880950928,0.47467069293274394,maximum
-0.04677704721689224,-0.8355695009231567,3,-0.42619437331182164,sa_update_norm_acf_lag1,False,5,-0.4271863102912903,0.5238852909316941,maximum
0.04533175751566887,-0.6296950578689575,3,-0.17956024030669346,sa_update_norm_correlation_length,False,5,-0.26605600118637085,0.4329555646424768,maximum
0.11102896928787231,-0.4967750012874603,3,-0.11060292639150242,sa_update_norm_window_mean_shift,False,5,-0.16788791120052338,0.3994899079738265,maximum
0.23453064262866974,-0.3801077902317047,3,-0.0879782133561564,sa_update_norm_wasserstein,False,5,-0.08610102534294128,0.39727559960680187,maximum
0.8161761164665222,0.042752232402563095,3,0.3145184804376282,sa_update_norm_w4_rolling_variance,False,5,0.44224849343299866,0.5193364693254765,maximum
0.6131542921066284,0.18867599964141846,3,0.2691817443851189,sa_update_norm_w4_rolling_abs_skewness,False,5,0.357886403799057,0.27913104231280583,maximum
0.13862472772598267,-0.4190555512905121,3,-0.3425401923822797,sa_update_norm_w4_rolling_abs_kurtosis,False,5,-0.16265305876731873,0.3513760303537313,maximum
0.8086973428726196,0.024280181154608727,3,0.4186147593328245,sa_update_norm_w8_rolling_variance,False,5,0.44000253081321716,0.5468348352352704,maximum
0.5741836428642273,0.2543678879737854,3,0.2956817212456376,sa_update_norm_w8_rolling_abs_skewness,True,5,0.41427579522132874,0.21093730540234706,maximum
0.5371593236923218,-0.10978571325540543,3,0.21265043285996663,sa_update_norm_w8_rolling_abs_kurtosis,False,5,0.2256571501493454,0.39970568840572135,maximum
0.798358678817749,-0.040910303592681885,3,0.3786996343698912,sa_update_norm_w16_rolling_variance,False,5,0.3844246566295624,0.5515413328024396,maximum
0.32982802391052246,-0.02543218806385994,3,0.2295868163809455,sa_update_norm_w16_rolling_abs_skewness,False,5,0.167092427611351,0.22980418093530566,maximum
0.45763063430786133,0.007512152194976807,3,0.3120963494717378,sa_update_norm_w16_rolling_abs_kurtosis,False,5,0.24697832763195038,0.2759617517153974,maximum
0.5406960248947144,0.06778606027364731,3,0.2803781750794786,ff_update_norm_mean,False,5,0.29947012662887573,0.31160073072250766,maximum
0.6197729110717773,0.4346982538700104,3,0.5720738636116569,ff_update_norm_variance,True,5,0.5372006893157959,0.11775950577185848,maximum
0.7557390928268433,0.3342481851577759,3,0.4851066798259521,ff_update_norm_first_difference_abs_mean,True,5,0.5470714569091797,0.27047190752982647,maximum
0.7031630277633667,0.10822858661413193,3,0.44928453740534197,ff_update_norm_second_difference_abs_mean,False,5,0.4136236310005188,0.3688121409538728,maximum
0.040613025426864624,-0.4653196334838867,3,-0.32610691027214006,ff_update_norm_acf_lag1,False,5,-0.23365525901317596,0.3190856816443583,maximum
0.24411173164844513,-0.150151327252388,3,0.1571348402636779,ff_update_norm_correlation_length,False,5,0.06676303595304489,0.26196964854631133,maximum
0.46948331594467163,-0.14543431997299194,3,-0.0190177235822341,ff_update_norm_window_mean_shift,False,5,0.12544462084770203,0.40589906660310915,maximum
0.5656633973121643,-0.10287740081548691,3,0.0020349778925114652,ff_update_norm_wasserstein,False,5,0.1718166321516037,0.4447891295993387,maximum
0.7151414752006531,0.29109621047973633,3,0.4380470219913678,ff_update_norm_w4_rolling_variance,True,5,0.4990028440952301,0.2675100728554701,maximum
0.19487053155899048,-0.1261260062456131,3,-0.07639545117474096,ff_update_norm_w4_rolling_abs_skewness,False,5,0.02372075989842415,0.20269566512707282,maximum
0.07620996981859207,-0.28254571557044983,3,-0.09152294505929226,ff_update_norm_w4_rolling_abs_kurtosis,False,5,-0.10508394241333008,0.23320184571659705,maximum
0.6468226313591003,0.26214027404785156,3,0.3361690087561439,ff_update_norm_w8_rolling_variance,True,5,0.42254728078842163,0.24548709214995557,maximum
0.4264979958534241,-0.1761074811220169,3,0.24702678217785026,ff_update_norm_w8_rolling_abs_skewness,False,5,0.17780543863773346,0.4068519400799621,maximum
0.24712951481342316,-0.04526013880968094,3,0.10378666511622896,ff_update_norm_w8_rolling_abs_kurtosis,False,5,0.10093468427658081,0.1900308032455453,maximum
0.5649720430374146,0.24755962193012238,3,0.3134079925724932,ff_update_norm_w16_rolling_variance,True,5,0.3761444687843323,0.21472869671389985,maximum
0.3481271266937256,-0.13205592334270477,3,0.2721425545587804,ff_update_norm_w16_rolling_abs_skewness,False,5,0.14672091603279114,0.30389010312602127,maximum
0.17854562401771545,-0.18058481812477112,3,0.10386797958350102,ff_update_norm_w16_rolling_abs_kurtosis,False,5,0.008065340109169483,0.22812859394325158,maximum
0.11042346805334091,-0.3670377731323242,3,-0.19841620909649024,attention_entropy_mean,False,5,-0.12902012467384338,0.3087412390182397,maximum
0.22711452841758728,-0.17362625896930695,3,-0.033506402096731454,attention_entropy_variance,False,5,0.020486032590270042,0.2540747349427862,maximum
0.3704582750797272,0.08383522927761078,3,0.2542852268932271,attention_entropy_first_difference_abs_mean,False,5,0.22608475387096405,0.1860846488908174,maximum
0.37014880776405334,0.09545441716909409,3,0.21420936095306173,attention_entropy_second_difference_abs_mean,False,5,0.22003421187400818,0.1714564817168205,maximum
0.02723650634288788,-0.20294050872325897,3,-0.13273804096788985,attention_entropy_acf_lag1,False,5,-0.10322614014148712,0.14299532001723136,maximum
0.20235708355903625,-0.42131900787353516,3,-0.4073636823697215,attention_entropy_correlation_length,False,5,-0.11233355849981308,0.4204404069097089,maximum
-0.03746231645345688,-0.4455764889717102,3,-0.16288718351405498,attention_entropy_window_mean_shift,False,5,-0.22501829266548157,0.26268084853150553,maximum
-0.07368971407413483,-0.4383290410041809,3,-0.14060737841791096,attention_entropy_wasserstein,False,5,-0.237716406583786,0.2373751592303476,maximum
0.3348059058189392,-0.012501669116318226,3,0.13469533323416305,attention_entropy_w4_rolling_variance,False,5,0.15456567704677582,0.2253415801154137,maximum
0.09248017519712448,-0.7899731397628784,3,-0.2707915527025904,attention_entropy_w4_rolling_abs_skewness,False,5,-0.29523491859436035,0.5774742532121278,maximum
0.750148594379425,-0.13621920347213745,3,0.1306862846005636,attention_entropy_w4_rolling_abs_kurtosis,False,5,0.2648652493953705,0.573175949346368,maximum
0.43475303053855896,-0.05077549070119858,3,0.1948936927562426,attention_entropy_w8_rolling_variance,False,5,0.18898995220661163,0.30759608160333346,maximum
-0.08725868165493011,-0.3470846712589264,3,-0.3365949840403285,attention_entropy_w8_rolling_abs_skewness,False,5,-0.2256944179534912,0.16694845209040746,maximum
0.4370977282524109,0.003144198562949896,3,0.2985698486937786,attention_entropy_w8_rolling_abs_kurtosis,False,5,0.2208189070224762,0.28100361410472274,maximum
0.36593466997146606,-0.3025706708431244,3,0.1490251168131258,attention_entropy_w16_rolling_variance,False,5,0.06979019939899445,0.41505922935764394,maximum
0.15769270062446594,-0.08334985375404358,3,0.02463532581283405,attention_entropy_w16_rolling_abs_skewness,False,5,0.038749538362026215,0.15454886995026937,maximum
0.14798681437969208,-0.3500169813632965,3,-0.33689036480787965,attention_entropy_w16_rolling_abs_kurtosis,False,5,-0.10122797638177872,0.3384076906749524,maximum
0.5362010598182678,0.18328580260276794,3,0.3542997549738991,residual_vector_mean_shift,False,5,0.35288187861442566,0.23371590372468218,maximum
0.6353051662445068,0.07978130877017975,3,0.26391350925932777,residual_covariance_drift,False,5,0.330485075712204,0.3653533520448205,maximum
0.13171181082725525,-0.530756950378418,3,-0.20417608836706067,residual_wasserstein_norm,False,5,-0.19172577559947968,0.4270498745796175,maximum
0.4077809453010559,0.0977901965379715,3,0.3549637461460694,residual_mmd,False,5,0.2527855634689331,0.20675003514731602,maximum
0.35620415210723877,-0.053406499326229095,3,0.010358281382276681,residual_subspace_drift,False,5,0.12077797949314117,0.2784388851418423,maximum
0.6077898740768433,-0.2752784788608551,3,0.2420002098331549,residual_eigenspectrum_drift,False,5,0.18328866362571716,0.5683975948752572,maximum
-0.10202232748270035,-0.6364997029304504,3,-0.22555315065556752,residual_window_cka,False,5,-0.32701849937438965,0.344077449552225,maximum
0.20428960025310516,-0.5168669819831848,3,0.020855887070196383,residual_window_rsa,False,5,-0.09864218533039093,0.46716929855516737,maximum
0.3729069232940674,-0.16120880842208862,3,0.1939989782429872,residual_first_stable_rank,False,5,0.10509983450174332,0.34553371094385843,maximum
0.2527503967285156,-0.9160212278366089,3,-0.6842586586416551,residual_second_stable_rank,False,5,-0.3699518144130707,0.7503475660671858,maximum
0.5437296628952026,-0.1091708093881607,3,0.42970743275462836,attention_entropy_sa_norm_crosscorr_zero,False,5,0.27179306745529175,0.4125500438588273,maximum
0.07742943614721298,-0.5060757994651794,3,-0.32493303981757643,attention_entropy_sa_norm_crosscorr_peak_abs,False,5,-0.23033969104290009,0.38725380872637233,maximum
0.5383564829826355,-0.04519159346818924,3,0.40461105157352434,sa_ff_norm_crosscorr_zero,False,5,0.26014089584350586,0.36968346034747224,maximum
0.48632559180259705,0.04444446414709091,3,0.2817857711441277,sa_ff_norm_crosscorr_peak_abs,False,5,0.28672027587890625,0.2966517706165263,maximum
0.5303727388381958,-0.1611877828836441,3,0.39102169342491494,residual_update_norm_crosscorr_zero,False,5,0.18470127880573273,0.45332395829663613,maximum
0.4360221326351166,-0.18041585385799408,3,0.2386280841568805,residual_update_norm_crosscorr_peak_abs,False,5,0.1380961388349533,0.39517999487574373,maximum
0.45463457703590393,-0.18998917937278748,0,0.1368316957993162,residual_norm_mean,False,5,0.1323227435350418,0.4318018676543856,minimum
0.04802830144762993,-0.20446284115314484,0,-0.08999002816744404,residual_norm_variance,False,5,-0.0782172679901123,0.16496937563595782,minimum
0.16534188389778137,-0.3137081563472748,0,-0.09843783558793087,residual_norm_first_difference_abs_mean,False,5,-0.0732780322432518,0.34504309633358893,minimum
0.2640329897403717,-0.49426889419555664,0,-0.10324978846010922,residual_norm_second_difference_abs_mean,False,5,-0.09688679128885269,0.5076556553472409,minimum
0.5891088843345642,-0.24474823474884033,0,0.13569016172437626,residual_norm_acf_lag1,False,5,0.11849600076675415,0.5560202629740415,minimum
0.15504047274589539,0.02154187299311161,0,0.10770936444684094,residual_norm_correlation_length,False,5,0.08829116821289062,0.08423655539857461,minimum
0.04978093132376671,-0.3231329321861267,0,-0.07461472543142807,residual_norm_window_mean_shift,False,5,-0.12968969345092773,0.2448736135741213,minimum
0.03475898876786232,-0.24667568504810333,0,-0.16105018044781533,residual_norm_wasserstein,False,5,-0.11236504465341568,0.17161176848683884,minimum
0.15043525397777557,-0.26386553049087524,0,-0.2186142350703539,residual_norm_w4_rolling_variance,False,5,-0.0819033607840538,0.2616942156968423,minimum
0.12834861874580383,-0.4787936210632324,0,-0.05111048747645301,residual_norm_w4_rolling_abs_skewness,False,5,-0.15738078951835632,0.38651076134441936,minimum
0.22334182262420654,0.10825850814580917,0,0.20150325484642465,residual_norm_w4_rolling_abs_kurtosis,False,5,0.17053450644016266,0.07256098325442133,minimum
-0.0038946198765188456,-0.27436384558677673,0,-0.16415938187812376,residual_norm_w8_rolling_variance,False,5,-0.1346380114555359,0.18144553596777066,minimum
-0.00013683736324310303,-0.5166326761245728,0,-0.3117886869798515,residual_norm_w8_rolling_abs_skewness,False,5,-0.261811763048172,0.3332342508685924,minimum
0.5698962211608887,0.05397013947367668,0,0.20599018744236813,residual_norm_w8_rolling_abs_kurtosis,False,5,0.30965933203697205,0.33423844545921993,minimum
0.03590148687362671,-0.2612374424934387,0,-0.14775125185822002,residual_norm_w16_rolling_variance,False,5,-0.10811673104763031,0.19519115559719458,minimum
0.3254477381706238,-0.47394609451293945,0,-0.36932262552761097,residual_norm_w16_rolling_abs_skewness,False,5,-0.1273728758096695,0.5153849682913885,minimum
0.7631325721740723,-0.02321772836148739,0,0.06321407494033011,residual_norm_w16_rolling_abs_kurtosis,False,5,0.3636486530303955,0.5157069603096249,minimum
0.47172537446022034,-0.3141646981239319,0,0.2393126745839411,block_update_norm_mean,False,5,0.10538960993289948,0.5210577129961037,minimum
0.6707196235656738,0.053640760481357574,0,0.6011707997284406,block_update_norm_variance,False,5,0.40594035387039185,0.3876308456122314,minimum
0.5092212557792664,-0.04748384654521942,0,0.43608443234332084,block_update_norm_first_difference_abs_mean,False,5,0.2529975473880768,0.35052857161308165,minimum
0.4505108594894409,-0.038065340369939804,0,0.30194955530273326,block_update_norm_second_difference_abs_mean,False,5,0.21998433768749237,0.31719890543066775,minimum
0.24786265194416046,-0.2580409646034241,0,-0.008793152579980463,block_update_norm_acf_lag1,False,5,-0.004819220397621393,0.33251466365296006,minimum
0.5710090398788452,-0.32550740242004395,0,-0.1879753004933976,block_update_norm_correlation_length,False,5,0.02661769464612007,0.6112924311681582,minimum
0.5004736185073853,-0.047178301960229874,0,0.21211140489440336,block_update_norm_window_mean_shift,False,5,0.2169041633605957,0.352283493423967,minimum
0.23973913490772247,0.014109564013779163,0,0.14691557324171564,block_update_norm_wasserstein,False,5,0.12834756076335907,0.1457248344646275,minimum
0.6302255392074585,0.14500533044338226,0,0.37886024822880465,block_update_norm_w4_rolling_variance,False,5,0.39456790685653687,0.3117102090319506,minimum
0.3479442894458771,0.022852012887597084,0,0.07655241491813551,block_update_norm_w4_rolling_abs_skewness,False,5,0.16486018896102905,0.21216176865201894,minimum
-0.05536644160747528,-0.36440595984458923,0,-0.21535847051058318,block_update_norm_w4_rolling_abs_kurtosis,False,5,-0.20351476967334747,0.20004397843991278,minimum
0.6304256916046143,0.14636000990867615,0,0.41217580400805004,block_update_norm_w8_rolling_variance,False,5,0.3981638550758362,0.31329456141972817,minimum
0.4171639084815979,-0.13020934164524078,0,0.014375809424765707,block_update_norm_w8_rolling_abs_skewness,False,5,0.13532547652721405,0.35659645111046556,minimum
0.18174998462200165,-0.20677483081817627,0,-0.07888433669073805,block_update_norm_w8_rolling_abs_kurtosis,False,5,-0.014112189412117004,0.24994981305636027,minimum
0.5814422369003296,0.26964348554611206,0,0.40272640437916124,block_update_norm_w16_rolling_variance,True,5,0.42554283142089844,0.19641171004563593,minimum
0.4288938641548157,0.015277345664799213,0,0.3197038984994062,block_update_norm_w16_rolling_abs_skewness,False,5,0.2220856249332428,0.2652085254380857,minimum
0.38498157262802124,-0.10395984351634979,0,0.09455310404210955,block_update_norm_w16_rolling_abs_kurtosis,False,5,0.1266348958015442,0.31149394190804564,minimum
0.3099072277545929,-0.2944270074367523,0,0.1488897724791115,sa_update_norm_mean,False,5,0.06096382066607475,0.3972575441387768,minimum
0.5475845336914062,0.12764543294906616,0,0.3256169423741807,sa_update_norm_variance,False,5,0.3376149833202362,0.2654491310749781,minimum
0.5689595937728882,-0.4289484918117523,0,0.29008041631676784,sa_update_norm_first_difference_abs_mean,False,5,0.1137985959649086,0.6307270505496008,minimum
0.5313427448272705,-0.45031166076660156,0,0.26473449550962375,sa_update_norm_second_difference_abs_mean,False,5,0.05469078943133354,0.6711541134115994,minimum
0.3672723174095154,-0.6395701169967651,0,-0.18233038798030093,sa_update_norm_acf_lag1,False,5,-0.13735486567020416,0.648171316112898,minimum
0.5486458539962769,-0.44432884454727173,0,-0.12359310337704418,sa_update_norm_correlation_length,False,5,0.011114828288555145,0.659108835426337,minimum
0.23681572079658508,-0.4344877600669861,0,0.07530151536045775,sa_update_norm_window_mean_shift,False,5,-0.08158915489912033,0.43496960137366475,minimum
0.19102978706359863,-0.352507084608078,0,-0.14570773347568786,sa_update_norm_wasserstein,False,5,-0.08073864877223969,0.3763976558461968,minimum
0.5583345890045166,-0.17984601855278015,0,0.19523390801942267,sa_update_norm_w4_rolling_variance,False,5,0.1925029158592224,0.4830659694642457,minimum
0.4594845175743103,-0.1465701460838318,0,0.14804655545394582,sa_update_norm_w4_rolling_abs_skewness,False,5,0.16828103363513947,0.410650902057575,minimum
-0.054853469133377075,-0.33065709471702576,0,-0.21094908819448122,sa_update_norm_w4_rolling_abs_kurtosis,False,5,-0.19275526702404022,0.17458446799465105,minimum
0.5272289514541626,-0.18658152222633362,0,0.23747921198367003,sa_update_norm_w8_rolling_variance,False,5,0.18031808733940125,0.47987392582296295,minimum
0.4649011194705963,0.08497663587331772,0,0.36084330110876783,sa_update_norm_w8_rolling_abs_skewness,False,5,0.3031270503997803,0.2546634397496976,minimum
0.7307257652282715,-0.530738115310669,0,-0.34247184285971793,sa_update_norm_w8_rolling_abs_kurtosis,False,5,0.060993753373622894,0.8160772253094999,minimum
0.5195902585983276,-0.13717524707317352,0,0.2891311668719123,sa_update_norm_w16_rolling_variance,False,5,0.23581238090991974,0.43346686616883046,minimum
0.41712141036987305,0.014985683374106884,0,0.3774925697981045,sa_update_norm_w16_rolling_abs_skewness,False,5,0.22177603840827942,0.2614345841130404,minimum
0.14027294516563416,-0.02426004968583584,0,0.07242331085334186,sa_update_norm_w16_rolling_abs_kurtosis,False,5,0.0716489925980568,0.10300841117228654,minimum
0.5493831634521484,-0.30313780903816223,0,-0.23212301378033964,ff_update_norm_mean,False,5,0.04710158705711365,0.557082046999117,minimum
0.46688175201416016,0.060528311878442764,0,0.1456600609027326,ff_update_norm_variance,False,5,0.22268037497997284,0.27717808057378374,minimum
0.49203819036483765,0.030793771147727966,0,0.13255144818334766,ff_update_norm_first_difference_abs_mean,False,5,0.21952080726623535,0.3145317270070892,minimum
0.5217956304550171,0.014262374490499496,0,0.130622008491678,ff_update_norm_second_difference_abs_mean,False,5,0.21751746535301208,0.3377329512500001,minimum
0.2228173315525055,-0.8304569125175476,0,-0.15968757055072355,ff_update_norm_acf_lag1,False,5,-0.21822614967823029,0.7053349878077972,minimum
0.0758134052157402,-0.3434563875198364,0,-0.11552783220223012,ff_update_norm_correlation_length,False,5,-0.12691545486450195,0.2608775437885142,minimum
-0.2288254052400589,-0.7179746627807617,0,-0.3697546115587246,ff_update_norm_window_mean_shift,True,5,-0.47279953956604004,0.32616887307019954,minimum
-0.0008316293242387474,-0.7488476037979126,0,-0.3013398555890518,ff_update_norm_wasserstein,False,5,-0.3888300061225891,0.4939579634054298,minimum
0.661474347114563,0.15901117026805878,0,0.3522343799880213,ff_update_norm_w4_rolling_variance,False,5,0.4102427363395691,0.3220113768747615,minimum
0.510318398475647,0.13261160254478455,0,0.3844435500643213,ff_update_norm_w4_rolling_abs_skewness,False,5,0.3262069821357727,0.25058158386321805,minimum
-0.11296447366476059,-0.5961467027664185,0,-0.4243470448069038,ff_update_norm_w4_rolling_abs_kurtosis,False,5,-0.354555606842041,0.3100178148013649,minimum
0.8033714294433594,0.16792096197605133,0,0.5210879305352156,ff_update_norm_w8_rolling_variance,False,5,0.48564624786376953,0.4046447372481989,minimum
0.4238069951534271,0.13788245618343353,0,0.34148007355746796,ff_update_norm_w8_rolling_abs_skewness,False,5,0.304983526468277,0.18206654308298695,minimum
0.7466644644737244,-0.7816261649131775,0,0.04122663424036724,ff_update_norm_w8_rolling_abs_kurtosis,False,5,-0.03728656843304634,0.9442843309337322,minimum
0.6366935968399048,0.18130691349506378,0,0.39603840290075776,ff_update_norm_w16_rolling_variance,False,5,0.39938122034072876,0.30676832505521967,minimum
0.6053438186645508,0.11215241253376007,0,0.423084848311876,ff_update_norm_w16_rolling_abs_skewness,False,5,0.3587481379508972,0.31861526514460753,minimum
0.6409076452255249,-0.7758866548538208,0,0.1559329757259872,ff_update_norm_w16_rolling_abs_kurtosis,False,5,0.030685067176818848,0.954834650521818,minimum
-0.02443152293562889,-0.6542668342590332,0,-0.19501946674702542,attention_entropy_mean,False,5,-0.29709577560424805,0.3962785936643471,minimum
0.16118769347667694,-0.11757268011569977,0,-0.08637459096421704,attention_entropy_variance,False,5,0.006771379616111517,0.18554159031901069,minimum
0.6479929089546204,-0.02555791661143303,0,0.19761890306356406,attention_entropy_first_difference_abs_mean,False,5,0.2896268963813782,0.4391839343864083,minimum
0.4950953423976898,-0.14363548159599304,0,0.1312933612212184,attention_entropy_second_difference_abs_mean,False,5,0.18516340851783752,0.4173520113082436,minimum
-0.03588658571243286,-0.7399901747703552,0,-0.38154628891875597,attention_entropy_acf_lag1,False,5,-0.36277681589126587,0.46279185739369527,minimum
0.0,0.0,0,0.0,attention_entropy_correlation_length,False,5,0.0,0.0,minimum
0.07264407724142075,-0.5138100385665894,0,-0.28529851674109596,attention_entropy_window_mean_shift,False,5,-0.22069481015205383,0.3892347741100249,minimum
0.10264172405004501,-0.4125445485115051,0,-0.16685810610767285,attention_entropy_wasserstein,False,5,-0.15495142340660095,0.34316449753697714,minimum
0.8466848134994507,-0.0049147577956318855,0,0.24635493542741982,attention_entropy_w4_rolling_variance,False,5,0.3848715126514435,0.54957958911061,minimum
0.5214403867721558,-0.0932813435792923,0,0.1631078819213165,attention_entropy_w4_rolling_abs_skewness,False,5,0.21407952904701233,0.38879792694927995,minimum
-0.0334414467215538,-0.57762211561203,0,-0.10193467208463666,attention_entropy_w4_rolling_abs_kurtosis,False,5,-0.2859240770339966,0.3438028042843551,minimum
0.8694745898246765,0.07011326402425766,0,0.15212900505576304,attention_entropy_w8_rolling_variance,False,5,0.39034637808799744,0.5467149669115229,minimum
0.357330858707428,-0.058703772723674774,0,0.3241032087393125,attention_entropy_w8_rolling_abs_skewness,False,5,0.19467175006866455,0.2874146478552948,minimum
0.15903405845165253,-0.3948795199394226,0,0.09261617474946775,attention_entropy_w8_rolling_abs_kurtosis,False,5,-0.10864488780498505,0.3594586622764058,minimum
0.794366717338562,0.03378338739275932,0,0.3279315725672583,attention_entropy_w16_rolling_variance,False,5,0.3897368609905243,0.4916025640351973,minimum
0.45777860283851624,0.12579792737960815,0,0.2673507582452443,attention_entropy_w16_rolling_abs_skewness,False,5,0.28530409932136536,0.2190133138997757,minimum
0.7332243919372559,0.0019854188431054354,0,0.39110700812163623,attention_entropy_w16_rolling_abs_kurtosis,False,5,0.39650771021842957,0.4896774857961905,minimum
0.9963312149047852,-0.38453230261802673,0,0.08744699057634903,residual_vector_mean_shift,False,5,0.26192110776901245,0.888200767720449,minimum
0.3853035867214203,-0.17358165979385376,0,0.12683455293954451,residual_covariance_drift,False,5,0.09547839313745499,0.3745273645289906,minimum
0.03475898876786232,-0.24667568504810333,0,-0.16105018044781533,residual_wasserstein_norm,False,5,-0.11236504465341568,0.17161176848683884,minimum
1.0530894994735718,-0.3254632353782654,0,0.1004105321829845,residual_mmd,False,5,0.30914247035980225,0.8804320935809637,minimum
0.11662320792675018,-0.21211910247802734,0,-0.1294001599213439,residual_subspace_drift,False,5,-0.07143737375736237,0.21686043907144797,minimum
-0.05363546684384346,-0.5599016547203064,0,-0.42464473899505023,residual_eigenspectrum_drift,False,5,-0.31706780195236206,0.34270130372224106,minimum
0.5449928641319275,-0.03739149495959282,0,0.228226996683477,residual_window_cka,False,5,0.2288549393415451,0.3681921461003617,minimum
0.5491901636123657,-0.19989971816539764,0,0.3314078348674213,residual_window_rsa,False,5,0.19391372799873352,0.47302775933070185,minimum
-0.013698416762053967,-0.7448004484176636,0,-0.18150433748393868,residual_first_stable_rank,False,5,-0.32860133051872253,0.4813330957880909,minimum
-0.08410283178091049,-0.6755355596542358,0,-0.18154752248701872,residual_second_stable_rank,False,5,-0.33273524045944214,0.39321997970741096,minimum
0.600390613079071,-0.5678977370262146,0,-0.15756223988790088,attention_entropy_sa_norm_crosscorr_zero,False,5,0.016246438026428223,0.7490640202558253,minimum
0.6024662256240845,-0.5816956162452698,0,0.20847644588363948,attention_entropy_sa_norm_crosscorr_peak_abs,False,5,0.01088492851704359,0.7582941939371414,minimum
0.4739033579826355,-0.0718085989356041,0,0.291766452253371,sa_ff_norm_crosscorr_zero,False,5,0.19710595905780792,0.35879123788904344,minimum
0.22934642434120178,-0.2695804536342621,0,-0.04748159610682734,sa_ff_norm_crosscorr_peak_abs,False,5,-0.020117033272981644,0.31586629043402653,minimum
0.11196756362915039,-0.34343457221984863,0,0.016942729458856783,residual_update_norm_crosscorr_zero,False,5,-0.09526171535253525,0.3073196018358468,minimum
0.4450264573097229,-0.23029200732707977,0,0.15422696521191023,residual_update_norm_crosscorr_peak_abs,False,5,0.1171255111694336,0.4075725592685256,minimum
0.6094290614128113,-0.07863909751176834,1,0.2615682526366799,residual_norm_mean,False,5,0.27882301807403564,0.46530467827139466,minimum
0.2579835057258606,0.06650446355342865,1,0.18848597317377688,residual_norm_variance,False,5,0.16224399209022522,0.1250314351067622,minimum
0.2236742526292801,-0.04335200414061546,1,0.1692724602807812,residual_norm_first_difference_abs_mean,False,5,0.10040606558322906,0.16945445891925157,minimum
0.33347856998443604,-0.02495761774480343,1,0.19612475555908745,residual_norm_second_difference_abs_mean,False,5,0.15426047146320343,0.22629972203918947,minimum
0.105893075466156,-0.2051364928483963,1,-0.06767853488804645,residual_norm_acf_lag1,False,5,-0.05410338565707207,0.19730884380784697,minimum
0.25453367829322815,0.08475223183631897,1,0.21188057538790908,residual_norm_correlation_length,False,5,0.17977818846702576,0.11276738084074941,minimum
0.10013134777545929,-0.27557289600372314,1,0.034803442391359275,residual_norm_window_mean_shift,False,5,-0.05443616956472397,0.25673630285872673,minimum
0.17505881190299988,-0.3224415183067322,1,0.027974020723081125,residual_norm_wasserstein,False,5,-0.04603777453303337,0.3035345134633449,minimum
0.3897218406200409,0.012602562084794044,1,0.262143311084465,residual_norm_w4_rolling_variance,False,5,0.2048490345478058,0.2470472613933062,minimum
0.5021546483039856,-0.09402330964803696,1,0.23244994115491344,residual_norm_w4_rolling_abs_skewness,False,5,0.22575902938842773,0.3745224289855415,minimum
0.269885778427124,-0.391742467880249,1,0.1983935601846479,residual_norm_w4_rolling_abs_kurtosis,False,5,-0.038985900580883026,0.42030996040100155,minimum
0.288959264755249,-0.01437870878726244,1,0.1984023469790312,residual_norm_w8_rolling_variance,False,5,0.15542680025100708,0.18895105123599876,minimum
0.37080520391464233,-0.49685540795326233,1,-0.039834784911739744,residual_norm_w8_rolling_abs_skewness,False,5,-0.07363402098417282,0.5550352502196657,minimum
0.5154876112937927,-0.7184606790542603,1,0.3913258072204824,residual_norm_w8_rolling_abs_kurtosis,False,5,-0.04089365154504776,0.7905422582179028,minimum
0.33629271388053894,-0.00447941105812788,1,0.12086163397180603,residual_norm_w16_rolling_variance,False,5,0.15558426082134247,0.21817157824977573,minimum
0.11603660881519318,-0.22503562271595,1,-0.03603462713917336,residual_norm_w16_rolling_abs_skewness,False,5,-0.03864524886012077,0.23270641580112444,minimum
0.21663203835487366,-0.0531347393989563,1,0.14368659171805281,residual_norm_w16_rolling_abs_kurtosis,False,5,0.08174864947795868,0.17214396654342295,minimum
0.7243925333023071,-0.08032170683145523,1,0.17838807718813163,block_update_norm_mean,False,5,0.3369221091270447,0.512889304487749,minimum
1.0605170726776123,-0.2471051663160324,1,0.14632342633988993,block_update_norm_variance,False,5,0.3934284448623657,0.8629210109114096,minimum
1.0485684871673584,-0.11137089878320694,1,0.24506625657502748,block_update_norm_first_difference_abs_mean,False,5,0.46859875321388245,0.780312965993664,minimum
0.9576625823974609,-0.03615928441286087,1,0.2296924944784426,block_update_norm_second_difference_abs_mean,False,5,0.46075162291526794,0.6691849936521113,minimum
-0.10886486619710922,-0.7232804894447327,1,-0.5443605290454769,block_update_norm_acf_lag1,False,5,-0.41607269644737244,0.4008341262787988,minimum
0.009750796481966972,-0.6847391724586487,1,-0.3762691699872908,block_update_norm_correlation_length,False,5,-0.3375309109687805,0.4605748640324471,minimum
0.3037205636501312,-0.2793215811252594,1,-0.19925577495758542,block_update_norm_window_mean_shift,False,5,-0.05724327638745308,0.39921401795314304,minimum
0.7099202275276184,-0.2509952187538147,1,-0.13402458173797677,block_update_norm_wasserstein,False,5,0.11579500138759613,0.6703462699809751,minimum
1.0632965564727783,-0.1908208727836609,1,0.4700293668932979,block_update_norm_w4_rolling_variance,False,5,0.4362378716468811,0.7974652585621274,minimum
1.310604453086853,0.06423168629407883,1,0.5864043553325249,block_update_norm_w4_rolling_abs_skewness,False,5,0.6150342226028442,0.8168808517158956,minimum
-0.1610918939113617,-1.0155665874481201,1,-0.3542669219550213,block_update_norm_w4_rolling_abs_kurtosis,False,5,-0.5080714225769043,0.5527876853627851,minimum
0.9949842691421509,-0.2107102870941162,1,0.3871109281894346,block_update_norm_w8_rolling_variance,False,5,0.39213699102401733,0.7687970990295194,minimum
0.7234641313552856,-0.28352484107017517,1,0.4287087306572093,block_update_norm_w8_rolling_abs_skewness,False,5,0.21996960043907166,0.6500628683108263,minimum
0.4132901728153229,0.08516205102205276,1,0.2731020931851643,block_update_norm_w8_rolling_abs_kurtosis,False,5,0.24688608944416046,0.20734300342261583,minimum
0.9685007333755493,-0.25439077615737915,1,0.16347581808419137,block_update_norm_w16_rolling_variance,False,5,0.3523194491863251,0.7866071505328409,minimum
0.5864682793617249,-0.3203738331794739,1,0.3948379509953677,block_update_norm_w16_rolling_abs_skewness,False,5,0.14526736736297607,0.580577549393666,minimum
0.18602481484413147,-0.21096420288085938,1,0.1252175137362915,block_update_norm_w16_rolling_abs_kurtosis,False,5,0.012390309944748878,0.25799943204941433,minimum
0.7450606226921082,-0.11822503805160522,1,0.20371049312188946,sa_update_norm_mean,False,5,0.31341782212257385,0.5737308895843566,minimum
1.173602819442749,-0.4695495069026947,1,-0.15697262989311714,sa_update_norm_variance,False,5,0.29682525992393494,1.0398489840127352,minimum
1.0167453289031982,-0.44418469071388245,1,0.11495341059464857,sa_update_norm_first_difference_abs_mean,False,5,0.2862803041934967,0.9200317566437902,minimum
0.9093030095100403,-0.43781596422195435,1,0.08751071012096921,sa_update_norm_second_difference_abs_mean,False,5,0.23574349284172058,0.8471852082293122,minimum
0.41599589586257935,-1.00650155544281,1,-0.35983178685723827,sa_update_norm_acf_lag1,False,5,-0.29525285959243774,0.9137214766832401,minimum
0.13145895302295685,-1.2599923610687256,1,-0.41312822478777494,sa_update_norm_correlation_length,False,5,-0.5201205015182495,0.892363240006963,minimum
-0.17550140619277954,-0.4940820634365082,1,-0.43932736167964714,sa_update_norm_window_mean_shift,False,5,-0.33603039383888245,0.2076166970655706,minimum
0.08424170315265656,-0.3470805585384369,1,-0.28174143871379187,sa_update_norm_wasserstein,False,5,-0.16509072482585907,0.29248739071640106,minimum
0.9732369780540466,-0.4233078956604004,1,0.14374835764680896,sa_update_norm_w4_rolling_variance,False,5,0.292726993560791,0.9012983440163709,minimum
0.6045583486557007,-0.033130913972854614,1,0.13392465597867553,sa_update_norm_w4_rolling_abs_skewness,False,5,0.28571373224258423,0.4121662027641394,minimum
0.02294575795531273,-0.4991298317909241,1,0.00947162716925504,sa_update_norm_w4_rolling_abs_kurtosis,False,5,-0.19308288395404816,0.33625634826676004,minimum
0.9289491176605225,-0.3998658359050751,1,0.1423273763650798,sa_update_norm_w8_rolling_variance,False,5,0.2817676067352295,0.8579623337887659,minimum
0.4499084949493408,-0.43955159187316895,1,-0.11348707470289765,sa_update_norm_w8_rolling_abs_skewness,False,5,0.0051784394308924675,0.5647354123902499,minimum
0.4573913514614105,0.04525752738118172,1,0.37812060683397114,sa_update_norm_w8_rolling_abs_kurtosis,False,5,0.26960960030555725,0.25928191157191827,minimum
0.931606113910675,-0.3982287347316742,1,0.06376171088235472,sa_update_norm_w16_rolling_variance,False,5,0.26668867468833923,0.845314667523746,minimum
0.15545624494552612,-0.3130229711532593,1,0.09996810297230807,sa_update_norm_w16_rolling_abs_skewness,False,5,-0.06632335484027863,0.30910546857446597,minimum
0.15940207242965698,-0.48068198561668396,1,0.09170457857410698,sa_update_norm_w16_rolling_abs_kurtosis,False,5,-0.13775740563869476,0.4056362465918587,minimum
0.44896215200424194,0.14235970377922058,1,0.18710179278047448,ff_update_norm_mean,False,5,0.2869853675365448,0.19490878286091598,minimum
0.8508695363998413,0.0098240552470088,1,0.1897821591484446,ff_update_norm_variance,False,5,0.3928421437740326,0.532468177276207,minimum
0.853380560874939,0.009371589869260788,1,0.23502290202359757,ff_update_norm_first_difference_abs_mean,False,5,0.43137606978416443,0.5414026995653254,minimum
0.8476155996322632,0.07580175250768661,1,0.21521352368045316,ff_update_norm_second_difference_abs_mean,False,5,0.43665456771850586,0.5033781017766854,minimum
0.03461330756545067,-0.4434012472629547,1,-0.19810022159000445,ff_update_norm_acf_lag1,False,5,-0.21408042311668396,0.3152015717655618,minimum
0.09669876098632812,-0.011723739095032215,1,0.0,ff_update_norm_correlation_length,False,5,0.028325006365776062,0.07474003413790134,minimum
0.30266672372817993,-0.12652137875556946,1,0.11288325419036056,ff_update_norm_window_mean_shift,False,5,0.12603113055229187,0.26416664292000336,minimum
0.2580762505531311,-0.2194409817457199,1,-0.040255738002972004,ff_update_norm_wasserstein,False,5,0.019317638128995895,0.3043470237039809,minimum
0.8268068432807922,-0.001856616116128862,1,0.01999948454788694,ff_update_norm_w4_rolling_variance,False,5,0.381356805562973,0.5337511319317416,minimum
1.2291488647460938,-0.2322680950164795,1,0.18766121102571737,ff_update_norm_w4_rolling_abs_skewness,False,5,0.44891005754470825,0.9898042356734512,minimum
0.41000351309776306,-1.3030670881271362,1,0.18327884422864743,ff_update_norm_w4_rolling_abs_kurtosis,False,5,-0.3663034737110138,1.1200082337807302,minimum
0.7170824408531189,-0.08149807155132294,1,0.08308432457827808,ff_update_norm_w8_rolling_variance,False,5,0.31779220700263977,0.5374204568018495,minimum
0.7677358388900757,0.18543292582035065,1,0.2992356318483431,ff_update_norm_w8_rolling_abs_skewness,False,5,0.439706951379776,0.37547324584495834,minimum
0.1399507224559784,-0.2875717580318451,1,-0.09200473862787334,ff_update_norm_w8_rolling_abs_kurtosis,False,5,-0.06850875169038773,0.28483483217502803,minimum
0.6570072770118713,-0.03177435323596001,1,0.1407444937064935,ff_update_norm_w16_rolling_variance,False,5,0.29453244805336,0.46280165452903077,minimum
0.755804717540741,0.12142690271139145,1,0.5990374496807065,ff_update_norm_w16_rolling_abs_skewness,False,5,0.4572712779045105,0.40892966162935823,minimum
0.46692904829978943,-0.12524136900901794,1,-0.03488945795743089,ff_update_norm_w16_rolling_abs_kurtosis,False,5,0.13203714787960052,0.40272936916074414,minimum
0.12144225835800171,-0.6981763243675232,1,-0.32027283783244326,attention_entropy_mean,False,5,-0.29456520080566406,0.5113085759311451,minimum
0.13370002806186676,-0.3518162667751312,1,-0.1053721412927,attention_entropy_variance,False,5,-0.09791770577430725,0.32832342253308516,minimum
0.5829561948776245,-0.5286572575569153,1,-0.11441456181040932,attention_entropy_first_difference_abs_mean,False,5,0.0203534122556448,0.7153998159504783,minimum
0.4082140326499939,-0.5315525531768799,1,-0.182112663966545,attention_entropy_second_difference_abs_mean,False,5,-0.06166922301054001,0.6416013651388589,minimum
0.528816282749176,-0.8712077140808105,1,0.1863373172987163,attention_entropy_acf_lag1,False,5,-0.17119570076465607,0.8989805677429079,minimum
0.2051805704832077,-0.18701693415641785,1,0.0,attention_entropy_correlation_length,False,5,-0.013672473840415478,0.26191588845632024,minimum
0.43501314520835876,-0.8037951588630676,1,0.20030812137589038,attention_entropy_window_mean_shift,False,5,-0.18439102172851562,0.8052633507449315,minimum
0.4128192961215973,-0.7748512029647827,1,0.1763577915065467,attention_entropy_wasserstein,False,5,-0.18101593852043152,0.771428396914628,minimum
0.6192961931228638,-0.400372177362442,1,-0.08594985015544213,attention_entropy_w4_rolling_variance,False,5,0.09965874254703522,0.6697963793031529,minimum
0.7358222603797913,-0.265960156917572,1,0.028041238383452266,attention_entropy_w4_rolling_abs_skewness,False,5,0.1852746307849884,0.6099432804919179,minimum
0.2104700356721878,-0.5157808065414429,1,-0.0586303031047542,attention_entropy_w4_rolling_abs_kurtosis,False,5,-0.11294658482074738,0.45467341174273745,minimum
0.6048902273178101,-0.3225920796394348,1,0.057292265069870806,attention_entropy_w8_rolling_variance,False,5,0.14114904403686523,0.5896731933253259,minimum
0.21113169193267822,-0.10946555435657501,1,0.02320087404862557,attention_entropy_w8_rolling_abs_skewness,False,5,0.0358840636909008,0.2052421076833245,minimum
0.27451834082603455,0.08629576861858368,1,0.211522765763783,attention_entropy_w8_rolling_abs_kurtosis,False,5,0.1804070770740509,0.11941492253366058,minimum
0.9123443365097046,0.035101938992738724,1,0.3942961967186638,attention_entropy_w16_rolling_variance,False,5,0.4719406068325043,0.5737754492725978,minimum
0.15942449867725372,-0.21196690201759338,1,-0.1051120338557909,attention_entropy_w16_rolling_abs_skewness,False,5,-0.05277527496218681,0.2390532351775811,minimum
0.53040611743927,-0.1627061665058136,1,0.3476898324182897,attention_entropy_w16_rolling_abs_kurtosis,False,5,0.1871117204427719,0.4549307826096337,minimum
0.7839990854263306,-0.24962659180164337,1,0.2649857529811969,residual_vector_mean_shift,False,5,0.2479274719953537,0.6879378477327077,minimum
0.533138632774353,-0.18955305218696594,1,0.10178230500828495,residual_covariance_drift,False,5,0.12724363803863525,0.48406573614247683,minimum
0.17505881190299988,-0.3224415183067322,1,0.027974020723081125,residual_wasserstein_norm,False,5,-0.04603777453303337,0.3035345134633449,minimum
0.8657150268554688,-0.1931881159543991,1,0.2641749436042733,residual_mmd,False,5,0.2994498610496521,0.687213697018462,minimum
0.3778804540634155,-0.18120722472667694,1,-0.1576448778666984,residual_subspace_drift,False,5,0.08019784837961197,0.35962245919217134,minimum
0.03024517558515072,-0.4382699131965637,1,-0.1818176786869231,residual_eigenspectrum_drift,False,5,-0.20365694165229797,0.31555274475201445,minimum
0.4764723777770996,-0.10692828893661499,1,0.06121382931510158,residual_window_cka,False,5,0.14936110377311707,0.37746533333646076,minimum
0.36691534519195557,-0.2845976650714874,1,-0.03800708616488357,residual_window_rsa,False,5,0.04115884751081467,0.411306178862811,minimum
-0.0970187559723854,-0.6226276159286499,1,-0.3164823884876205,residual_first_stable_rank,False,5,-0.3467020094394684,0.3268922539540575,minimum
0.027794983237981796,-0.469980388879776,1,-0.07793785158784529,residual_second_stable_rank,False,5,-0.17123576998710632,0.3307831647600874,minimum
0.815941333770752,-0.2829867899417877,1,0.6604918143987146,attention_entropy_sa_norm_crosscorr_zero,False,5,0.3202168345451355,0.6888720165300851,minimum
0.3036585748195648,-0.8005832433700562,1,-0.6016558888653214,attention_entropy_sa_norm_crosscorr_peak_abs,False,5,-0.28241580724716187,0.7200529678220613,minimum
0.6402359008789062,0.23974904417991638,1,0.4392162508815623,sa_ff_norm_crosscorr_zero,True,5,0.4434703290462494,0.2412886104476412,minimum
0.29062801599502563,-0.26254165172576904,1,-0.05906802121737205,sa_ff_norm_crosscorr_peak_abs,False,5,0.024456316605210304,0.3682767599140326,minimum
0.3223816454410553,-1.1116359233856201,1,-0.28189269857739857,residual_update_norm_crosscorr_zero,False,5,-0.3946271538734436,0.9272086354796961,minimum
0.5523837208747864,-0.2670212388038635,1,-0.09366063569022916,residual_update_norm_crosscorr_peak_abs,False,5,0.1068403571844101,0.564587108679337,minimum
0.8558052778244019,0.22726643085479736,2,0.688624963913027,residual_norm_mean,True,5,0.5888956785202026,0.391063788351475,minimum
0.20489628612995148,-0.265049546957016,2,-0.04740838327594398,residual_norm_variance,False,5,-0.02811647579073906,0.3108372291819923,minimum
0.2028428316116333,-0.0495707243680954,2,0.06847781209777612,residual_norm_first_difference_abs_mean,False,5,0.08789677917957306,0.16959854358456886,minimum
0.28642910718917847,-0.05278416723012924,2,0.1747533861651971,residual_norm_second_difference_abs_mean,False,5,0.12901918590068817,0.2170501202771611,minimum
0.18024152517318726,-0.7118087410926819,2,-0.023970930372051693,residual_norm_acf_lag1,False,5,-0.20578904449939728,0.5793130143237218,minimum
0.3619842231273651,-0.25563374161720276,2,0.1280336004257061,residual_norm_correlation_length,False,5,0.08603952080011368,0.38809347171076525,minimum
0.08125382661819458,-0.9901384115219116,2,-0.3216324816015873,residual_norm_window_mean_shift,False,5,-0.3834819197654724,0.7203409146974826,minimum
0.16220387816429138,-0.6896985173225403,2,-0.15661074532280642,residual_norm_wasserstein,False,5,-0.2271633893251419,0.5289604176734928,minimum
0.3506167531013489,0.04294773191213608,2,0.28819305102863607,residual_norm_w4_rolling_variance,False,5,0.19678224623203278,0.2000591731919903,minimum
0.33983898162841797,-0.3010925054550171,2,-0.033254881707533164,residual_norm_w4_rolling_abs_skewness,False,5,0.011969342827796936,0.4000662141972314,minimum
0.23332436382770538,-0.3683937191963196,2,-0.06627987659991644,residual_norm_w4_rolling_abs_kurtosis,False,5,-0.06138705089688301,0.3926260206980601,minimum
0.25132519006729126,0.14541707932949066,2,0.2379223362466529,residual_norm_w8_rolling_variance,False,5,0.1994641274213791,0.06957364679480281,minimum
0.28110718727111816,-0.2515249252319336,2,0.12730743938078468,residual_norm_w8_rolling_abs_skewness,False,5,0.031040316447615623,0.35967840738489854,minimum
0.3500523567199707,-0.8396946787834167,2,-0.14955866081636818,residual_norm_w8_rolling_abs_kurtosis,False,5,-0.1976437270641327,0.8055127905049556,minimum
0.30423131585121155,0.08303872495889664,2,0.1715684569687021,residual_norm_w16_rolling_variance,False,5,0.19122816622257233,0.14265995622662492,minimum
0.157423734664917,-0.4164508283138275,2,0.025715749485529744,residual_norm_w16_rolling_abs_skewness,False,5,-0.12070301920175552,0.36718744001894166,minimum
0.43505334854125977,-0.36481255292892456,2,0.005262693710098171,residual_norm_w16_rolling_abs_kurtosis,False,5,0.03054683282971382,0.5204901991058493,minimum
1.0373308658599854,-0.015327257104218006,2,0.48179372619365407,block_update_norm_mean,False,5,0.519259512424469,0.7046903202533961,minimum
1.0343011617660522,-0.07980912923812866,2,0.47656334386022914,block_update_norm_variance,False,5,0.4772460460662842,0.7028519310576377,minimum
1.0497334003448486,-0.11457164585590363,2,0.5134016045300974,block_update_norm_first_difference_abs_mean,False,5,0.4675808846950531,0.7427444480703528,minimum
0.9915291666984558,-0.1444081813097,2,0.44529455418037406,block_update_norm_second_difference_abs_mean,False,5,0.4235604703426361,0.7216331768538924,minimum
0.457749605178833,-0.38083571195602417,2,-0.017208949559950008,block_update_norm_acf_lag1,False,5,0.002809882164001465,0.5494139867909449,minimum
0.4022499918937683,-0.1590285301208496,2,0.20518637886793104,block_update_norm_correlation_length,False,5,0.12161076068878174,0.3722599864533271,minimum
0.4308634400367737,-0.3205678462982178,2,0.07904002617187901,block_update_norm_window_mean_shift,False,5,0.04711643233895302,0.49305787588692707,minimum
0.8001468777656555,-0.16293367743492126,2,0.21556059003342368,block_update_norm_wasserstein,False,5,0.27139371633529663,0.6045920205842494,minimum
0.9758455157279968,-0.10463812202215195,2,0.531609498813504,block_update_norm_w4_rolling_variance,False,5,0.4584992825984955,0.7119611315119933,minimum
0.5244095325469971,-0.09980596601963043,2,0.2181013885072966,block_update_norm_w4_rolling_abs_skewness,False,5,0.22132544219493866,0.37375550320127415,minimum
-0.012174871750175953,-0.639453113079071,2,-0.2782260176801493,block_update_norm_w4_rolling_abs_kurtosis,False,5,-0.31764161586761475,0.4067720664225621,minimum
0.9918516278266907,-0.14024068415164948,2,0.5071743179743119,block_update_norm_w8_rolling_variance,False,5,0.44618383049964905,0.7386605352292823,minimum
0.42961210012435913,-0.3322892487049103,2,-0.04810080148275652,block_update_norm_w8_rolling_abs_skewness,False,5,0.015422689728438854,0.48431857657459976,minimum
0.377404123544693,-0.26641952991485596,2,0.13289823702284473,block_update_norm_w8_rolling_abs_kurtosis,False,5,0.05175577849149704,0.4022499683689214,minimum
1.0209007263183594,-0.17386594414710999,2,0.416227933472022,block_update_norm_w16_rolling_variance,False,5,0.410816490650177,0.7668570311767845,minimum
0.3724009692668915,-0.3662184178829193,2,-0.11897412247646452,block_update_norm_w16_rolling_abs_skewness,False,5,-0.04606522247195244,0.4741774262668091,minimum
0.3371272087097168,-0.37745267152786255,2,0.06819668942234472,block_update_norm_w16_rolling_abs_kurtosis,False,5,0.021981799975037575,0.4735404675582245,minimum
1.0790311098098755,-0.2159912884235382,2,0.47589170909684236,sa_update_norm_mean,False,5,0.4814949631690979,0.8489278058857047,minimum
0.9902921915054321,-0.07602110505104065,2,0.4631278697431073,sa_update_norm_variance,False,5,0.45713549852371216,0.6911461391915453,minimum
1.032745361328125,-0.23594768345355988,2,0.5225862929939497,sa_update_norm_first_difference_abs_mean,False,5,0.43025749921798706,0.8138546147144793,minimum
0.9909303784370422,-0.2691947817802429,2,0.4559111869364478,sa_update_norm_second_difference_abs_mean,False,5,0.3858863413333893,0.8111718055291032,minimum
0.5544976592063904,-0.5340626239776611,2,-0.3884141698936257,sa_update_norm_acf_lag1,False,5,-0.10209085792303085,0.7383057248718139,minimum
0.4269649386405945,-0.37483856081962585,2,-0.07898935058749497,sa_update_norm_correlation_length,False,5,-0.023821020498871803,0.5076612181666639,minimum
0.4642453193664551,-0.40691447257995605,2,-0.2618125390512286,sa_update_norm_window_mean_shift,False,5,0.010504787787795067,0.5555172990416896,minimum
0.7062593698501587,-0.1278550922870636,2,0.04156081894548085,sa_update_norm_wasserstein,False,5,0.24750971794128418,0.5459429509262711,minimum
0.9995447993278503,-0.2192872315645218,2,0.5290823525275581,sa_update_norm_w4_rolling_variance,False,5,0.3901287913322449,0.7842240559772262,minimum
0.11080510914325714,-0.385366290807724,2,-0.12997996564608666,sa_update_norm_w4_rolling_abs_skewness,False,5,-0.12569203972816467,0.31314546346742905,minimum
0.4516444206237793,0.09079030901193619,2,0.11928704912540947,sa_update_norm_w4_rolling_abs_kurtosis,False,5,0.2220470905303955,0.2498749240088547,minimum
1.0092277526855469,-0.2610378861427307,2,0.4943833030781199,sa_update_norm_w8_rolling_variance,False,5,0.37409496307373047,0.8156616721518886,minimum
0.2595575749874115,-0.740371823310852,2,-0.07024932199271737,sa_update_norm_w8_rolling_abs_skewness,False,5,-0.22412613034248352,0.6581718987395839,minimum
0.2639060616493225,-0.24493782222270966,2,0.2068994451412653,sa_update_norm_w8_rolling_abs_kurtosis,False,5,0.0707254558801651,0.350561564379679,minimum
0.9772573709487915,-0.2713926434516907,2,0.4258067627992529,sa_update_norm_w16_rolling_variance,False,5,0.3437393605709076,0.836551899769451,minimum
0.24966676533222198,-0.6164466142654419,2,-0.3203219970862955,sa_update_norm_w16_rolling_abs_skewness,False,5,-0.22991032898426056,0.5365975882437594,minimum
0.4368045926094055,-0.5361887216567993,2,0.13443080881889324,sa_update_norm_w16_rolling_abs_kurtosis,False,5,0.001470291637815535,0.6188785412082242,minimum
0.2047278881072998,-0.37399202585220337,2,-0.04314496383041707,ff_update_norm_mean,False,5,-0.05719771981239319,0.3811421621085655,minimum
0.3362724184989929,-0.32645663619041443,2,-0.07581020728283744,ff_update_norm_variance,False,5,0.014233345165848732,0.43003911721271093,minimum
0.4215124547481537,-0.33781734108924866,2,0.2011302957757055,ff_update_norm_first_difference_abs_mean,False,5,0.04184754937887192,0.5280618553009929,minimum
0.4362514615058899,-0.39159053564071655,2,0.15782399308179496,ff_update_norm_second_difference_abs_mean,False,5,0.041417188942432404,0.5184863353692925,minimum
0.44090861082077026,-0.22922182083129883,2,0.07836322028314575,ff_update_norm_acf_lag1,False,5,0.08625086396932602,0.4216005388717092,minimum
0.2629324495792389,0.03333333507180214,2,0.16666666666666602,ff_update_norm_correlation_length,False,5,0.14977550506591797,0.14597424245155416,minimum
0.4842822551727295,-0.03963181748986244,2,0.06795586000732219,ff_update_norm_window_mean_shift,False,5,0.22232523560523987,0.33884440847587416,minimum
0.5026029944419861,-0.10941791534423828,2,0.15024547783160636,ff_update_norm_wasserstein,False,5,0.19025197625160217,0.3983894493931015,minimum
0.3310331702232361,-0.36224737763404846,2,-0.0719690006967439,ff_update_norm_w4_rolling_variance,False,5,-0.00980224646627903,0.46349006722734026,minimum
-0.1697295606136322,-0.4484702944755554,2,-0.2168510371388098,ff_update_norm_w4_rolling_abs_skewness,False,5,-0.27875304222106934,0.1905854260048729,minimum
0.53309565782547,0.1181299090385437,2,0.4745828252651389,ff_update_norm_w4_rolling_abs_kurtosis,False,5,0.3494463264942169,0.26869405388416895,minimum
0.3053321838378906,-0.36413124203681946,2,-0.18394968680737095,ff_update_norm_w8_rolling_variance,False,5,-0.02939951978623867,0.46990966293351355,minimum
0.03790406882762909,-0.6076905727386475,2,-0.08136625459678655,ff_update_norm_w8_rolling_abs_skewness,False,5,-0.2374800145626068,0.4179630181183179,minimum
0.028281420469284058,-0.2909581661224365,2,-0.12101675401174405,ff_update_norm_w8_rolling_abs_kurtosis,False,5,-0.13133835792541504,0.20791238076727286,minimum
0.3742266297340393,-0.4219892621040344,2,-0.21832224853707785,ff_update_norm_w16_rolling_variance,False,5,-0.030708730220794678,0.5176724820973764,minimum
-0.0024353028275072575,-0.22922448813915253,2,-0.09353397212921834,ff_update_norm_w16_rolling_abs_skewness,False,5,-0.10574158281087875,0.14863794236108413,minimum
0.19752287864685059,-0.24254465103149414,2,0.014025862398635774,ff_update_norm_w16_rolling_abs_kurtosis,False,5,-0.022510886192321777,0.28553923499991235,minimum
-0.14262720942497253,-0.8829036951065063,2,-0.335450285234095,attention_entropy_mean,False,5,-0.4443967938423157,0.4907216439401703,minimum
0.041574813425540924,-0.48968395590782166,2,-0.4558890497529254,attention_entropy_variance,False,5,-0.22405457496643066,0.3574981392511503,minimum
0.6374884843826294,-0.39522072672843933,2,0.26857769122170183,attention_entropy_first_difference_abs_mean,False,5,0.1892690360546112,0.6943870838727284,minimum
0.5601968765258789,-0.5431553721427917,2,0.3116619966750004,attention_entropy_second_difference_abs_mean,False,5,0.10871610790491104,0.7257863891214507,minimum
0.42744866013526917,-0.7450922727584839,2,-0.4729513262877809,attention_entropy_acf_lag1,False,5,-0.24270574748516083,0.7561458978657373,minimum
0.30189815163612366,-0.6704003810882568,2,-0.2967443294363031,attention_entropy_correlation_length,False,5,-0.24231228232383728,0.6297763829266836,minimum
-0.0380295030772686,-0.7181364893913269,2,-0.2787169689323688,attention_entropy_window_mean_shift,False,5,-0.3543374836444855,0.44180579896110306,minimum
-0.0677662044763565,-0.6725591421127319,2,-0.2896075106530034,attention_entropy_wasserstein,False,5,-0.35295605659484863,0.4076185877291911,minimum
0.6164457201957703,-0.5209229588508606,2,0.5542165145461222,attention_entropy_w4_rolling_variance,False,5,0.15916940569877625,0.7470667459047742,minimum
0.4202250838279724,-0.5611951947212219,2,0.1967820521041003,attention_entropy_w4_rolling_abs_skewness,False,5,-0.002775847911834717,0.6349837956549214,minimum
0.5562382936477661,-0.1289750039577484,2,-0.06692187654742508,attention_entropy_w4_rolling_abs_kurtosis,False,5,0.12991908192634583,0.4761557644208466,minimum
0.6166054010391235,-0.5262975692749023,2,0.5578675593749801,attention_entropy_w8_rolling_variance,False,5,0.15472078323364258,0.745477705017405,minimum
0.38733601570129395,-0.46082448959350586,2,-0.03576611864788517,attention_entropy_w8_rolling_abs_skewness,False,5,-0.0054447040893137455,0.49713917723687545,minimum
0.40484175086021423,-0.5055371522903442,2,0.25053685187204083,attention_entropy_w8_rolling_abs_kurtosis,False,5,-0.018056774511933327,0.6037534962336484,minimum
0.5615203380584717,-0.4058972895145416,2,0.475904196167798,attention_entropy_w16_rolling_variance,False,5,0.14892272651195526,0.6191364659615431,minimum
0.332967072725296,-0.4537663459777832,2,-0.07432828382700706,attention_entropy_w16_rolling_abs_skewness,False,5,-0.06039963290095329,0.5164963141379103,minimum
0.3713558316230774,-0.32700809836387634,2,0.01819806048435093,attention_entropy_w16_rolling_abs_kurtosis,False,5,0.03773994371294975,0.45743973276361194,minimum
1.1239140033721924,-0.1334315836429596,2,0.2875155260156769,residual_vector_mean_shift,False,5,0.4257618486881256,0.7665781223087701,minimum
0.9162617921829224,-0.22049112617969513,2,-0.1348123661190047,residual_covariance_drift,False,5,0.2472500503063202,0.7453751283325,minimum
0.16220387816429138,-0.6896985173225403,2,-0.15661074532280642,residual_wasserstein_norm,False,5,-0.2271633893251419,0.5289604176734928,minimum
0.9949801564216614,-0.09701582044363022,2,0.2583432681322698,residual_mmd,False,5,0.40744638442993164,0.6956255453031355,minimum
0.25783300399780273,-0.3954116106033325,2,-0.15029134062789454,residual_subspace_drift,False,5,-0.06954161077737808,0.4389506258297431,minimum
0.308735728263855,-0.14329023659229279,2,-0.016645073087459536,residual_eigenspectrum_drift,False,5,0.05468170717358589,0.302496616992467,minimum
0.406820684671402,-0.06686682254076004,2,-0.015157877420194317,residual_window_cka,False,5,0.11940153688192368,0.3260410039475158,minimum
0.38050249218940735,-0.20026442408561707,2,-0.03655200624317909,residual_window_rsa,False,5,0.04879395291209221,0.3925699082314422,minimum
-0.1745232343673706,-0.47675785422325134,2,-0.40354783831940905,residual_first_stable_rank,False,5,-0.3452710509300232,0.19802938504702391,minimum
0.13762442767620087,-0.985969603061676,2,0.010444240962792027,residual_second_stable_rank,False,5,-0.3027888238430023,0.7716382772485932,minimum
0.5360829830169678,-0.06902680546045303,2,0.26087010483603984,attention_entropy_sa_norm_crosscorr_zero,False,5,0.23385784029960632,0.3793707993019518,minimum
0.08387234061956406,-0.6075092554092407,2,-0.27936086157285794,attention_entropy_sa_norm_crosscorr_peak_abs,False,5,-0.26181846857070923,0.43973120449706166,minimum
0.44952481985092163,-0.3393355906009674,2,0.3968389319037888,sa_ff_norm_crosscorr_zero,False,5,0.08974477648735046,0.5113837254972681,minimum
0.5423181056976318,-0.10867863893508911,2,0.31944549164918545,sa_ff_norm_crosscorr_peak_abs,False,5,0.25669288635253906,0.42478592988783737,minimum
0.4240972399711609,-0.21401123702526093,2,-0.14771855459568872,residual_update_norm_crosscorr_zero,False,5,0.0538443848490715,0.42405391734677755,minimum
1.0017093420028687,-0.2200581580400467,2,0.047253398481876395,residual_update_norm_crosscorr_peak_abs,False,5,0.29878178238868713,0.7666622984320938,minimum
1.158831238746643,0.5087103843688965,3,0.9361467959056167,residual_norm_mean,True,5,0.8471873998641968,0.4138183444460201,minimum
0.5852596163749695,-0.343597948551178,3,0.0048516911533173996,residual_norm_variance,False,5,0.12083085626363754,0.6016859279139791,minimum
0.863791823387146,-0.03350108489394188,3,0.3431905923230818,residual_norm_first_difference_abs_mean,False,5,0.4151453971862793,0.5650219054961074,minimum
0.8326260447502136,-0.012520062737166882,3,0.4895382447545472,residual_norm_second_difference_abs_mean,False,5,0.4100530743598938,0.5441480019695275,minimum
-0.03704585134983063,-0.6691081523895264,3,-0.49401685094838443,residual_norm_acf_lag1,False,5,-0.370536744594574,0.4092953030475916,minimum
0.14553916454315186,-0.4613400399684906,3,-0.2794432384760947,residual_norm_correlation_length,False,5,-0.18349340558052063,0.3776628593447575,minimum
-0.25015324354171753,-0.9184408187866211,3,-0.6300380584946664,residual_norm_window_mean_shift,True,5,-0.5941883325576782,0.4062890549386563,minimum
-0.1925494521856308,-0.6497198939323425,3,-0.59954918874874,residual_norm_wasserstein,False,5,-0.48007693886756897,0.31502622592405005,minimum
0.8902375102043152,-0.05587666109204292,3,0.5021198404207103,residual_norm_w4_rolling_variance,False,5,0.41450589895248413,0.5900971263375037,minimum
0.1993025839328766,-0.16046977043151855,3,-0.046634723601374495,residual_norm_w4_rolling_abs_skewness,False,5,0.010618000291287899,0.23142590991261217,minimum
0.31324514746665955,-0.015722190961241722,3,0.06061410538591368,residual_norm_w4_rolling_abs_kurtosis,False,5,0.12266650050878525,0.21867928379611068,minimum
0.8576099276542664,-0.054661788046360016,3,0.48965612010081755,residual_norm_w8_rolling_variance,False,5,0.40147408843040466,0.5732724747083587,minimum
0.7285155057907104,-0.39779478311538696,3,0.1986607992689739,residual_norm_w8_rolling_abs_skewness,False,5,0.13643936812877655,0.7116910230717471,minimum
0.3071778416633606,-0.26835840940475464,3,0.14401149098544402,residual_norm_w8_rolling_abs_kurtosis,False,5,0.032141782343387604,0.3772872550381872,minimum
0.8994733095169067,-0.06789759546518326,3,0.47503123847663753,residual_norm_w16_rolling_variance,False,5,0.4098052978515625,0.616984987696217,minimum
0.2398868054151535,-0.595237135887146,3,-0.23856971726221632,residual_norm_w16_rolling_abs_skewness,False,5,-0.20428912341594696,0.5634470894520617,minimum
-0.08875807374715805,-0.30737215280532837,3,-0.14937844231018887,residual_norm_w16_rolling_abs_kurtosis,False,5,-0.19595292210578918,0.14175450525388603,minimum
0.43421968817710876,-0.6092216372489929,3,-0.4287930157654697,block_update_norm_mean,False,5,-0.1400771141052246,0.7098005741776864,minimum
0.620965838432312,-0.44777101278305054,3,-0.2963002608330547,block_update_norm_variance,False,5,0.02540459670126438,0.6551501100981924,minimum
0.45137500762939453,-0.3341176509857178,3,-0.2756826385328793,block_update_norm_first_difference_abs_mean,False,5,-0.05167005583643913,0.5513832145188385,minimum
0.38261446356773376,-0.32349589467048645,3,-0.26389254893588776,block_update_norm_second_difference_abs_mean,False,5,-0.05839725583791733,0.4876170860824237,minimum
0.08492990583181381,-0.2563004195690155,3,-0.19196025479787962,block_update_norm_acf_lag1,False,5,-0.10154148191213608,0.22806669544918126,minimum
0.32006463408470154,-0.1202944666147232,3,0.030831503971412627,block_update_norm_correlation_length,False,5,0.09978514164686203,0.2904930460316648,minimum
0.4794260859489441,-0.2866009473800659,3,-0.18341516949666342,block_update_norm_window_mean_shift,False,5,0.09436053037643433,0.496546069043348,minimum
0.7333216667175293,-0.2829688489437103,3,-0.17155528906206668,block_update_norm_wasserstein,False,5,0.22483126819133759,0.6749617862738386,minimum
0.5774882435798645,-0.4476725161075592,3,-0.36159733778274866,block_update_norm_w4_rolling_variance,False,5,-0.012994488701224327,0.655112016065502,minimum
0.5788534283638,-0.20513136684894562,3,-0.031293754991880404,block_update_norm_w4_rolling_abs_skewness,False,5,0.11372741311788559,0.5040501406784446,minimum
0.12810972332954407,-0.31189391016960144,3,0.08677159918521009,block_update_norm_w4_rolling_abs_kurtosis,False,5,-0.052452851086854935,0.2969870573087526,minimum
0.5396106839179993,-0.5125735402107239,3,-0.35253953794548265,block_update_norm_w8_rolling_variance,False,5,-0.05836000293493271,0.6701374937958375,minimum
0.5577532649040222,-0.2723214626312256,3,-0.027072652155342318,block_update_norm_w8_rolling_abs_skewness,False,5,0.09894542396068573,0.532990101056413,minimum
0.29939326643943787,-0.08258508145809174,3,0.09541838570927905,block_update_norm_w8_rolling_abs_kurtosis,False,5,0.1055447906255722,0.24890852248991543,minimum
0.5309044718742371,-0.5311321020126343,3,-0.3654224434327419,block_update_norm_w16_rolling_variance,False,5,-0.06063290312886238,0.6888140662645645,minimum
0.27134209871292114,-0.264732301235199,3,0.041254189793689576,block_update_norm_w16_rolling_abs_skewness,False,5,0.0009164094808511436,0.35946998971598365,minimum
0.23369839787483215,-0.2890547513961792,3,0.05689086145294632,block_update_norm_w16_rolling_abs_kurtosis,False,5,0.009250948205590248,0.33152207544916446,minimum
0.4857582151889801,-0.6838139295578003,3,-0.5567172343401364,sa_update_norm_mean,False,5,-0.1977362185716629,0.7886157081121125,minimum
0.6443414688110352,-0.5525036454200745,3,-0.516222226231787,sa_update_norm_variance,False,5,-0.027088869363069534,0.7607310104320932,minimum
0.5345519781112671,-0.38342252373695374,3,-0.24574087432990416,sa_update_norm_first_difference_abs_mean,False,5,-0.029117465019226074,0.6079007560070173,minimum
0.5120540857315063,-0.3090612292289734,3,-0.14062779279922477,sa_update_norm_second_difference_abs_mean,False,5,0.02183070406317711,0.5290595799359736,minimum
0.017988618463277817,-0.29715514183044434,3,-0.21909078759978112,sa_update_norm_acf_lag1,False,5,-0.16286881268024445,0.20189382466721587,minimum
0.3181164860725403,-0.09482098370790482,3,0.20016705892077316,sa_update_norm_correlation_length,False,5,0.11792699992656708,0.28177792900386817,minimum
0.3076931834220886,-0.2743166983127594,3,-0.03843812307300249,sa_update_norm_window_mean_shift,False,5,0.010594487190246582,0.37913283188530844,minimum
0.5561900734901428,-0.32409435510635376,3,-0.16612966978776947,sa_update_norm_wasserstein,False,5,0.103756383061409,0.5655892370875062,minimum
0.6531471014022827,-0.4811221957206726,3,-0.39663357055573967,sa_update_norm_w4_rolling_variance,False,5,-0.011283171363174915,0.7220443927846357,minimum
0.413862407207489,-0.46394768357276917,3,-0.30296814152959545,sa_update_norm_w4_rolling_abs_skewness,False,5,-0.03527611494064331,0.565336771019334,minimum
0.30852484703063965,-0.1661982536315918,3,0.028144107545922167,sa_update_norm_w4_rolling_abs_kurtosis,False,5,0.08022604137659073,0.3242635789164381,minimum
0.6398331522941589,-0.5448228716850281,3,-0.38770097432225914,sa_update_norm_w8_rolling_variance,False,5,-0.04290936514735222,0.757546140115596,minimum
0.33586549758911133,-0.31952399015426636,3,-0.24801378036013758,sa_update_norm_w8_rolling_abs_skewness,False,5,-0.028835665434598923,0.41013542377457246,minimum
0.32646340131759644,0.07589106261730194,3,0.14585280942278933,sa_update_norm_w8_rolling_abs_kurtosis,False,5,0.19866636395454407,0.16404089868102203,minimum
0.6382712125778198,-0.5418258905410767,3,-0.3967360267965024,sa_update_norm_w16_rolling_variance,False,5,-0.04117044433951378,0.7615142041974113,minimum
0.22964462637901306,-0.36609211564064026,3,0.06662766037168584,sa_update_norm_w16_rolling_abs_skewness,False,5,-0.052985645830631256,0.37926084128657095,minimum
0.3397304117679596,0.025072867050766945,3,0.19621159882603859,sa_update_norm_w16_rolling_abs_kurtosis,False,5,0.1824016273021698,0.20453148907179297,minimum
0.621077835559845,-0.3074374794960022,3,0.3595770700232792,ff_update_norm_mean,False,5,0.24726872146129608,0.6235718683889684,minimum
0.8416609764099121,-0.13145741820335388,3,0.5464220610638691,ff_update_norm_variance,False,5,0.36221402883529663,0.625316000065357,minimum
0.5230873227119446,-0.34402376413345337,3,0.07649719586872708,ff_update_norm_first_difference_abs_mean,False,5,0.11679351329803467,0.5821325877473847,minimum
0.4625116288661957,-0.4945121705532074,3,0.08547647193545743,ff_update_norm_second_difference_abs_mean,False,5,0.02121725305914879,0.6104008128545998,minimum
0.5667768716812134,-0.11303286254405975,3,0.11567648836960029,ff_update_norm_acf_lag1,False,5,0.22419854998588562,0.45330862240298914,minimum
0.22943559288978577,-0.1392769068479538,3,0.0,ff_update_norm_correlation_length,False,5,0.04589993506669998,0.2411547367491543,minimum
0.7527329921722412,0.13021157681941986,3,0.33525126392999866,ff_update_norm_window_mean_shift,False,5,0.39336055517196655,0.4029096905224481,minimum
0.7556736469268799,0.0916709154844284,3,0.4562216626840368,ff_update_norm_wasserstein,False,5,0.42115339636802673,0.42687929383384116,minimum
0.5549150705337524,-0.3537465035915375,3,0.14245817172400715,ff_update_norm_w4_rolling_variance,False,5,0.13192254304885864,0.6013975463611014,minimum
-0.05005142092704773,-0.7980566620826721,3,-0.367258081365786,ff_update_norm_w4_rolling_abs_skewness,False,5,-0.4240540564060211,0.47121630578529994,minimum
0.6207560896873474,-0.06072167307138443,3,0.3362614394702846,ff_update_norm_w4_rolling_abs_kurtosis,False,5,0.2769532799720764,0.4502510961096806,minimum
0.4892558753490448,-0.4719471037387848,3,0.19218258499290145,ff_update_norm_w8_rolling_variance,False,5,0.07230774313211441,0.6173425784999554,minimum
0.15042056143283844,-0.4336281716823578,3,-0.17009022780316035,ff_update_norm_w8_rolling_abs_skewness,False,5,-0.14160379767417908,0.36611279295749005,minimum
0.1382499784231186,-0.1677335947751999,3,-0.16120456606506472,ff_update_norm_w8_rolling_abs_kurtosis,False,5,-0.04486067593097687,0.19951544346381284,minimum
0.39860785007476807,-0.37935692071914673,3,0.24160728376784585,ff_update_norm_w16_rolling_variance,False,5,0.045549578964710236,0.5177497637641694,minimum
0.12672337889671326,-0.5228530168533325,3,-0.04748456407599959,ff_update_norm_w16_rolling_abs_skewness,False,5,-0.1711672842502594,0.42459477749081587,minimum
0.6003671884536743,-0.1468019038438797,3,0.17844234976084036,ff_update_norm_w16_rolling_abs_kurtosis,False,5,0.19484779238700867,0.4961828231352906,minimum
-0.004974407609552145,-0.9604768753051758,3,-0.30145404289999106,attention_entropy_mean,False,5,-0.4828599989414215,0.6137707963202694,minimum
-0.11209020763635635,-0.6515816450119019,3,-0.2147464619608283,attention_entropy_variance,False,5,-0.3626227378845215,0.36596255523526305,minimum
0.860987663269043,-0.04580261930823326,3,0.2075071121236665,attention_entropy_first_difference_abs_mean,False,5,0.3279338479042053,0.5875749454513682,minimum
0.7836143970489502,-0.14711758494377136,3,0.31796125513820794,attention_entropy_second_difference_abs_mean,False,5,0.3003118634223938,0.5699647239091027,minimum
-0.16322900354862213,-1.0028207302093506,3,-0.1975049060410374,attention_entropy_acf_lag1,False,5,-0.45907872915267944,0.5944887965855726,minimum
-0.18791671097278595,-1.0279783010482788,3,-0.2754173212684713,attention_entropy_correlation_length,False,5,-0.5284495949745178,0.5442881306344433,minimum
-0.1629982888698578,-0.9228822588920593,3,-0.33300360816086055,attention_entropy_window_mean_shift,False,5,-0.5124232769012451,0.482500625812517,minimum
-0.18727432191371918,-0.8974195718765259,3,-0.34623629940312245,attention_entropy_wasserstein,False,5,-0.5184115171432495,0.4594064166258624,minimum
0.7772500514984131,0.010026293806731701,3,0.11764088175092471,attention_entropy_w4_rolling_variance,False,5,0.31893959641456604,0.5027263909348615,minimum
0.0003272340109106153,-0.5045969486236572,3,-0.134768319053982,attention_entropy_w4_rolling_abs_skewness,False,5,-0.2293085753917694,0.33664906860537824,minimum
0.7830904126167297,0.02647647261619568,3,0.12102685404128252,attention_entropy_w4_rolling_abs_kurtosis,False,5,0.3487057089805603,0.5019772344593748,minimum
0.756771445274353,-0.0713052749633789,3,0.15836047822005841,attention_entropy_w8_rolling_variance,False,5,0.2943301796913147,0.5128314780399444,minimum
0.21257230639457703,-0.16556371748447418,3,-0.07591329206190758,attention_entropy_w8_rolling_abs_skewness,False,5,0.001146209193393588,0.24423096734171504,minimum
0.1654210388660431,-0.5369764566421509,3,-0.07887948304058637,attention_entropy_w8_rolling_abs_kurtosis,False,5,-0.15585622191429138,0.45745551377329896,minimum
0.6531580090522766,-0.05574016273021698,3,0.31352862741346194,attention_entropy_w16_rolling_variance,False,5,0.2966151833534241,0.46763755858138517,minimum
0.09086885303258896,-0.1418571025133133,3,0.023328791524230435,attention_entropy_w16_rolling_abs_skewness,False,5,-0.0069130538031458855,0.14873481089281596,minimum
0.07212415337562561,-0.4557921886444092,3,-0.04673979324260593,attention_entropy_w16_rolling_abs_kurtosis,False,5,-0.17449252307415009,0.333839516818584,minimum
1.042091965675354,-0.028985291719436646,3,0.4170537834908894,residual_vector_mean_shift,False,5,0.5061757564544678,0.7003885320799244,minimum
0.677068829536438,-0.16668492555618286,3,0.18575985231397157,residual_covariance_drift,False,5,0.21873006224632263,0.5455918748868173,minimum
-0.1925494521856308,-0.6497198939323425,3,-0.59954918874874,residual_wasserstein_norm,False,5,-0.48007693886756897,0.31502622592405005,minimum
1.0935754776000977,-0.010577434673905373,3,0.3016571798319412,residual_mmd,False,5,0.5328488349914551,0.7536721259001385,minimum
0.010297301225364208,-0.26955968141555786,3,-0.1347792201997785,residual_subspace_drift,False,5,-0.12444086372852325,0.1900296198445225,minimum
0.31732720136642456,-0.03358998894691467,3,0.14743051874677032,residual_eigenspectrum_drift,False,5,0.1371447741985321,0.240496583060604,minimum
0.18288400769233704,-0.2495720386505127,3,-0.06947977229783196,residual_window_cka,False,5,-0.05864369124174118,0.28956395015020675,minimum
0.16905051469802856,-0.3156936764717102,3,0.01261506619924191,residual_window_rsa,False,5,-0.07332158088684082,0.3147680479478135,minimum
-0.1024555191397667,-0.776929497718811,3,-0.6107844407928387,residual_first_stable_rank,False,5,-0.4730300009250641,0.4405060946651937,minimum
-0.25904062390327454,-0.9490845799446106,3,-0.8026796386074139,residual_second_stable_rank,True,5,-0.653209388256073,0.45924410011197625,minimum
0.14373071491718292,-0.5708736181259155,3,-0.3303339581996493,attention_entropy_sa_norm_crosscorr_zero,False,5,-0.21354779601097107,0.49423860454943336,minimum
0.9152505993843079,-0.1168222650885582,3,0.32514442791842146,attention_entropy_sa_norm_crosscorr_peak_abs,False,5,0.3412635326385498,0.6913820300326541,minimum
0.3806383013725281,-0.11872849613428116,3,0.06241479882947374,sa_ff_norm_crosscorr_zero,False,5,0.10769746452569962,0.30145640815632363,minimum
0.4661320745944977,-0.05165182799100876,3,0.16339746576265718,sa_ff_norm_crosscorr_peak_abs,False,5,0.1923142373561859,0.33301633982611434,minimum
0.6882846355438232,0.12868395447731018,3,0.4242603233252084,residual_update_norm_crosscorr_zero,False,5,0.4082697033882141,0.3631757671016124,minimum
0.6090816259384155,0.24757421016693115,3,0.36962657094275064,residual_update_norm_crosscorr_peak_abs,True,5,0.4068244993686676,0.22858902928265507,minimum
0.22465424239635468,-0.3002607226371765,0,0.08050091295367821,residual_norm_mean,False,5,-0.037803247570991516,0.3374144275736375,sum_mod_10
0.16943146288394928,-0.420815646648407,0,-0.0031399192456378093,residual_norm_variance,False,5,-0.08301599323749542,0.3849763363345785,sum_mod_10
0.06470312923192978,-0.2861967086791992,0,-0.07433845403096566,residual_norm_first_difference_abs_mean,False,5,-0.09561033546924591,0.23274562882325633,sum_mod_10
0.02477465197443962,-0.2639455497264862,0,-0.0934941596259757,residual_norm_second_difference_abs_mean,False,5,-0.1051098108291626,0.18502798137563395,sum_mod_10
0.1237015575170517,0.04520105570554733,0,0.10549850573236234,residual_norm_acf_lag1,False,5,0.08445131033658981,0.051886620061432194,sum_mod_10
0.2904304563999176,-0.06246950477361679,0,0.0,residual_norm_correlation_length,False,5,0.11398045718669891,0.23615954639442857,sum_mod_10
0.06968603283166885,-0.7008557319641113,0,0.02174658693126089,residual_norm_window_mean_shift,False,5,-0.2602465748786926,0.4977656546692417,sum_mod_10
0.07094985246658325,-0.29766178131103516,0,-0.26367062781653505,residual_norm_wasserstein,False,5,-0.1350584328174591,0.2409045660873039,sum_mod_10
0.20939907431602478,-0.3286345899105072,0,-0.11033109258876969,residual_norm_w4_rolling_variance,False,5,-0.0667276531457901,0.3378122416319791,sum_mod_10
-0.028394287452101707,-0.2955136299133301,0,-0.10475544200511591,residual_norm_w4_rolling_abs_skewness,False,5,-0.14459817111492157,0.170582429261186,sum_mod_10
0.1446119099855423,-0.05957875773310661,0,0.03618975019512076,residual_norm_w4_rolling_abs_kurtosis,False,5,0.04187323525547981,0.12351206426702308,sum_mod_10
0.2827988266944885,-0.42960256338119507,0,-0.1537334574378331,residual_norm_w8_rolling_variance,False,5,-0.08049698173999786,0.44463608602485377,sum_mod_10
0.33641475439071655,-0.25254565477371216,0,0.0430639048621612,residual_norm_w8_rolling_abs_skewness,False,5,0.03412196412682533,0.3683712986163692,sum_mod_10
0.35333386063575745,-0.11938498914241791,0,-0.014691214906545067,residual_norm_w8_rolling_abs_kurtosis,False,5,0.0706341415643692,0.3177475273764856,sum_mod_10
0.21672987937927246,-0.5091075897216797,0,-0.04619336639513932,residual_norm_w16_rolling_variance,False,5,-0.11928031593561172,0.44709232131119764,sum_mod_10
0.29035288095474243,-0.1259637326002121,0,0.14249637010715097,residual_norm_w16_rolling_abs_skewness,False,5,0.08219458162784576,0.2674657738806875,sum_mod_10
0.22914977371692657,-0.12047688663005829,0,-0.022503208797452736,residual_norm_w16_rolling_abs_kurtosis,False,5,0.048035942018032074,0.22547432888756347,sum_mod_10
0.2257600873708725,-0.25726017355918884,0,0.10034869992200561,block_update_norm_mean,False,5,0.035441599786281586,0.32590225755493657,sum_mod_10
0.06331450492143631,-0.35687312483787537,0,-0.28527164261559185,block_update_norm_variance,False,5,-0.14677929878234863,0.27408713938194335,sum_mod_10
0.3968175947666168,-0.1044563427567482,0,-0.07809717055105908,block_update_norm_first_difference_abs_mean,False,5,0.14420798420906067,0.3354247580269007,sum_mod_10
0.36787813901901245,-0.17312021553516388,0,-0.15776463012515682,block_update_norm_second_difference_abs_mean,False,5,0.08810257911682129,0.3561089719924653,sum_mod_10
-0.058994561433792114,-0.3464185893535614,0,-0.20813728160654152,block_update_norm_acf_lag1,False,5,-0.199620321393013,0.18977058672903122,sum_mod_10
0.02553543448448181,-0.4670432209968567,0,-0.11113889930989783,block_update_norm_correlation_length,False,5,-0.2064812183380127,0.32979238636051617,sum_mod_10
-0.15200582146644592,-0.5196073651313782,0,-0.16322644826890578,block_update_norm_window_mean_shift,False,5,-0.3229157030582428,0.23627775810547727,sum_mod_10
-0.09431898593902588,-0.560921847820282,0,-0.2696452497027629,block_update_norm_wasserstein,False,5,-0.32413721084594727,0.3059748034674717,sum_mod_10
0.2983521521091461,-0.2841234803199768,0,-0.09052084962180842,block_update_norm_w4_rolling_variance,False,5,0.00711433868855238,0.37350481715967565,sum_mod_10
-0.011384531855583191,-0.4225479066371918,0,-0.323092338465056,block_update_norm_w4_rolling_abs_skewness,False,5,-0.23209920525550842,0.2758006577725355,sum_mod_10
0.3278074562549591,-0.10604216158390045,0,-0.01260958466325238,block_update_norm_w4_rolling_abs_kurtosis,False,5,0.09933224320411682,0.27598100473115944,sum_mod_10
0.2855241894721985,-0.30147963762283325,0,-0.00942949898073056,block_update_norm_w8_rolling_variance,False,5,-0.011793404817581177,0.38506868711031766,sum_mod_10
0.20559914410114288,-0.6206599473953247,0,-0.3785139574483355,block_update_norm_w8_rolling_abs_skewness,False,5,-0.2346205711364746,0.5343851396312581,sum_mod_10
0.2737514078617096,-0.33781856298446655,0,0.07245252389453898,block_update_norm_w8_rolling_abs_kurtosis,False,5,-0.009236144833266735,0.4105111767626761,sum_mod_10
0.2933044135570526,-0.32645511627197266,0,0.05594145179184061,block_update_norm_w16_rolling_variance,False,5,-0.005749159958213568,0.4055743938913759,sum_mod_10
0.08362303674221039,-0.5641090273857117,0,-0.3490544436289998,block_update_norm_w16_rolling_abs_skewness,False,5,-0.252177894115448,0.41360355290304446,sum_mod_10
-0.12033679336309433,-0.3727680742740631,0,-0.32370476362816575,block_update_norm_w16_rolling_abs_kurtosis,False,5,-0.2657509446144104,0.1638851399486608,sum_mod_10
0.18067869544029236,-0.10277251899242401,0,0.12169632798948223,sa_update_norm_mean,False,5,0.0443267747759819,0.19065493031276265,sum_mod_10
0.07182947546243668,-0.3234136700630188,0,-0.1614612082271177,sa_update_norm_variance,False,5,-0.13690614700317383,0.2541329306986343,sum_mod_10
0.24391040205955505,-0.2968805730342865,0,0.041854318163017594,sa_update_norm_first_difference_abs_mean,False,5,-0.010011563077569008,0.32955016487034045,sum_mod_10
0.3182688355445862,-0.22158527374267578,0,0.04764512796642821,sa_update_norm_second_difference_abs_mean,False,5,0.03750927373766899,0.33659060868090473,sum_mod_10
0.21342460811138153,-0.3908597528934479,0,0.004909779244516072,sa_update_norm_acf_lag1,False,5,-0.08871756494045258,0.3863729261768444,sum_mod_10
0.3581482470035553,-0.4059979021549225,0,-0.04489566864676512,sa_update_norm_correlation_length,False,5,-0.0204639732837677,0.48502886086749813,sum_mod_10
0.048751913011074066,-0.5687161684036255,0,-0.03927526158961164,sa_update_norm_window_mean_shift,False,5,-0.24164220690727234,0.39375655116355973,sum_mod_10
-0.04028929024934769,-0.558478593826294,0,-0.06716648180673393,sa_update_norm_wasserstein,False,5,-0.2993839383125305,0.35723314854182253,sum_mod_10
0.2132856547832489,-0.3559702932834625,0,0.09438294774297562,sa_update_norm_w4_rolling_variance,False,5,-0.018916510045528412,0.37617031011169283,sum_mod_10
0.149626225233078,-0.15180277824401855,0,0.0046173431106445945,sa_update_norm_w4_rolling_abs_skewness,False,5,0.005996000953018665,0.20024361942906768,sum_mod_10
0.20399340987205505,-0.07272632420063019,0,0.003127317397566498,sa_update_norm_w4_rolling_abs_kurtosis,False,5,0.06140716001391411,0.18265745836950945,sum_mod_10
0.1758682131767273,-0.3202266991138458,0,0.11380242988489025,sa_update_norm_w8_rolling_variance,False,5,-0.0180196575820446,0.3395324827597282,sum_mod_10
0.14481577277183533,-0.33125585317611694,0,-0.277002598005617,sa_update_norm_w8_rolling_abs_skewness,False,5,-0.13857167959213257,0.31603817583148264,sum_mod_10
0.2912599444389343,-0.3985876441001892,0,0.187518290266649,sa_update_norm_w8_rolling_abs_kurtosis,False,5,-0.05366384983062744,0.46224722238417504,sum_mod_10
0.1326494961977005,-0.2900310158729553,0,0.1024931701322947,sa_update_norm_w16_rolling_variance,False,5,-0.03426650911569595,0.2988910855078751,sum_mod_10
0.22611048817634583,-0.3396722674369812,0,-0.24961317945398256,sa_update_norm_w16_rolling_abs_skewness,False,5,-0.08286187797784805,0.3753593867912045,sum_mod_10
0.2216271162033081,-0.24303829669952393,0,-0.193915736133965,sa_update_norm_w16_rolling_abs_kurtosis,False,5,-0.01070557814091444,0.30853001840254746,sum_mod_10
0.4145323634147644,-0.20763298869132996,0,-0.17948433747869588,ff_update_norm_mean,False,5,0.08286790549755096,0.3992041160319451,sum_mod_10
0.29436415433883667,-0.3142545819282532,0,-0.024034583522181463,ff_update_norm_variance,False,5,0.0107051907107234,0.4108487332396811,sum_mod_10
0.3318106532096863,-0.09575281292200089,0,0.21522288696591024,ff_update_norm_first_difference_abs_mean,False,5,0.11952932178974152,0.29345446188210167,sum_mod_10
0.3411547541618347,-0.13293448090553284,0,0.24887784412776753,ff_update_norm_second_difference_abs_mean,False,5,0.130623459815979,0.29687607659002074,sum_mod_10
0.11758781969547272,-0.2515523433685303,0,-0.056840747061631114,ff_update_norm_acf_lag1,False,5,-0.05397357791662216,0.2416921656973635,sum_mod_10
-0.1635497361421585,-0.33172550797462463,0,-0.22087947746873257,ff_update_norm_correlation_length,False,5,-0.24011394381523132,0.10671752040129867,sum_mod_10
0.2236042320728302,-0.031135987490415573,0,0.08288685416443817,ff_update_norm_window_mean_shift,False,5,0.0917545035481453,0.1647342969033277,sum_mod_10
0.19981610774993896,-0.043261490762233734,0,0.029570122387347398,ff_update_norm_wasserstein,False,5,0.05981729179620743,0.15342254333770466,sum_mod_10
0.3979014754295349,-0.2475273311138153,0,0.32123634147778257,ff_update_norm_w4_rolling_variance,False,5,0.10416767746210098,0.4202781671942517,sum_mod_10
0.3432528078556061,0.0011503517162054777,0,0.3187840679262255,ff_update_norm_w4_rolling_abs_skewness,False,5,0.1727326214313507,0.22928129755976615,sum_mod_10
0.1460379660129547,-0.27373841404914856,0,-0.053077974738269446,ff_update_norm_w4_rolling_abs_kurtosis,False,5,-0.06385022401809692,0.27202354754177965,sum_mod_10
0.4334851801395416,-0.272959440946579,0,0.2787188084079208,ff_update_norm_w8_rolling_variance,False,5,0.08995433151721954,0.4571869112063109,sum_mod_10
0.042312733829021454,-0.2367200404405594,0,-0.06753581030787832,ff_update_norm_w8_rolling_abs_skewness,False,5,-0.09720364958047867,0.18325022139014144,sum_mod_10
-0.06876587867736816,-0.22851917147636414,0,-0.18313184774417798,ff_update_norm_w8_rolling_abs_kurtosis,False,5,-0.16223923861980438,0.10670653613699642,sum_mod_10
0.48291927576065063,-0.27442872524261475,0,0.4368490282027818,ff_update_norm_w16_rolling_variance,False,5,0.1371368169784546,0.48326494229701583,sum_mod_10
0.1663593351840973,-0.3632625639438629,0,-0.1886211933232819,ff_update_norm_w16_rolling_abs_skewness,False,5,-0.09845162183046341,0.3411880261909737,sum_mod_10
0.07534721493721008,-0.3880525231361389,0,-0.2868461186387295,ff_update_norm_w16_rolling_abs_kurtosis,False,5,-0.1655515879392624,0.2945229097419216,sum_mod_10
0.14487507939338684,-0.12139487266540527,0,0.06779765998532988,attention_entropy_mean,False,5,0.01563217118382454,0.17594351796933883,sum_mod_10
-0.05539955943822861,-0.27557116746902466,0,-0.13782230889238384,attention_entropy_variance,False,5,-0.16376784443855286,0.14162335967986248,sum_mod_10
-0.010240140371024609,-0.3143565058708191,0,-0.19092319103579167,attention_entropy_first_difference_abs_mean,False,5,-0.17371398210525513,0.18949585530893462,sum_mod_10
0.11396882683038712,-0.34982067346572876,0,-0.23166542259171452,attention_entropy_second_difference_abs_mean,False,5,-0.11792592704296112,0.29810988929681825,sum_mod_10
0.2799901068210602,0.11621743440628052,0,0.14891473724450463,attention_entropy_acf_lag1,False,5,0.18646201491355896,0.10663813723607614,sum_mod_10
0.0,0.0,0,0.0,attention_entropy_correlation_length,False,5,0.0,0.0,sum_mod_10
0.20634885132312775,-0.11672687530517578,0,-0.046078394876012375,attention_entropy_window_mean_shift,False,5,0.007209617644548416,0.21650943100908865,sum_mod_10
0.18746857345104218,-0.1478627473115921,0,-0.09263398614316783,attention_entropy_wasserstein,False,5,-0.014495189301669598,0.228835230741131,sum_mod_10
-0.04876791685819626,-0.3171077370643616,0,-0.13975415379528783,attention_entropy_w4_rolling_variance,False,5,-0.1692146509885788,0.1742232103020827,sum_mod_10
0.173588365316391,-0.2348829209804535,0,-0.019677336242769506,attention_entropy_w4_rolling_abs_skewness,False,5,-0.03474289923906326,0.26348660276411834,sum_mod_10
0.23563513159751892,-0.20432332158088684,0,0.06286628155711381,attention_entropy_w4_rolling_abs_kurtosis,False,5,0.04157768562436104,0.28438300017274953,sum_mod_10
0.04396190866827965,-0.31128746271133423,0,-0.055258475316869435,attention_entropy_w8_rolling_variance,False,5,-0.11324317753314972,0.22941370370748762,sum_mod_10
0.2774454653263092,-0.2856507897377014,0,0.05478178512718363,attention_entropy_w8_rolling_abs_skewness,False,5,0.010696500539779663,0.34493867245565485,sum_mod_10
0.4169280529022217,0.08853741735219955,0,0.3417013045808434,attention_entropy_w8_rolling_abs_kurtosis,False,5,0.27676674723625183,0.2113945725633598,sum_mod_10
0.08496911823749542,-0.20975656807422638,0,-0.03517049299007334,attention_entropy_w16_rolling_variance,False,5,-0.059542298316955566,0.18931254711824874,sum_mod_10
0.2730487287044525,-0.10397131741046906,0,0.016682751904259923,attention_entropy_w16_rolling_abs_skewness,False,5,0.07835641503334045,0.24061629889949526,sum_mod_10
0.17247138917446136,-0.166744202375412,0,0.02166240457455691,attention_entropy_w16_rolling_abs_kurtosis,False,5,0.01010804157704115,0.21424786952908623,sum_mod_10
0.3011743128299713,-0.09022931754589081,0,0.023803501038201957,residual_vector_mean_shift,False,5,0.10622906684875488,0.2722005679903443,sum_mod_10
0.5300107598304749,-0.22700151801109314,0,0.057719000147662715,residual_covariance_drift,False,5,0.12198998034000397,0.48509885912250084,sum_mod_10
0.07094985246658325,-0.29766178131103516,0,-0.26367062781653505,residual_wasserstein_norm,False,5,-0.1350584328174591,0.2409045660873039,sum_mod_10
0.28013134002685547,-0.11339578777551651,0,0.04083203543662226,residual_mmd,False,5,0.08655713498592377,0.26466300445851687,sum_mod_10
0.5273180603981018,-0.07375290244817734,0,0.33492491169302646,residual_subspace_drift,False,5,0.2222990095615387,0.38058768690395695,sum_mod_10
0.31832942366600037,-0.12190280109643936,0,0.12013629432449642,residual_eigenspectrum_drift,False,5,0.09165742993354797,0.2858119409757923,sum_mod_10
0.1795469969511032,-0.14522519707679749,0,-0.06666343829116474,residual_window_cka,False,5,0.017160898074507713,0.20929464823709337,sum_mod_10
-0.11396701633930206,-0.43550294637680054,0,-0.19819788698457108,residual_window_rsa,False,5,-0.24674835801124573,0.21467659324392468,sum_mod_10
0.16953296959400177,-0.2124004364013672,0,-0.0938665335059832,residual_first_stable_rank,False,5,-0.04458148404955864,0.2613959137397599,sum_mod_10
0.40292176604270935,-0.1717124879360199,0,-0.07082843729768322,residual_second_stable_rank,False,5,0.11560463905334473,0.3771771581914656,sum_mod_10
0.5105913281440735,-0.0406874418258667,0,0.22677670593101162,attention_entropy_sa_norm_crosscorr_zero,False,5,0.23986804485321045,0.360800961230386,sum_mod_10
0.06870491057634354,-0.4656746983528137,0,-0.22677670593101162,attention_entropy_sa_norm_crosscorr_peak_abs,False,5,-0.21775689721107483,0.350367324059097,sum_mod_10
0.23770125210285187,-0.09554789215326309,0,0.08320391154975947,sa_ff_norm_crosscorr_zero,False,5,0.07580171525478363,0.21189528593883122,sum_mod_10
0.11454585939645767,-0.37864503264427185,0,-0.29756761353781186,sa_ff_norm_crosscorr_peak_abs,False,5,-0.1320495903491974,0.32267080156353817,sum_mod_10
0.07549288123846054,-0.2978511452674866,0,-0.06515461194088415,residual_update_norm_crosscorr_zero,False,5,-0.11117912828922272,0.24064191046835415,sum_mod_10
0.19262373447418213,-0.3997592628002167,0,0.02003518342473677,residual_update_norm_crosscorr_peak_abs,False,5,-0.06505541503429413,0.37788727480566564,sum_mod_10
0.3443903625011444,-0.20598196983337402,1,0.23346442978551418,residual_norm_mean,False,5,0.07032810151576996,0.36867413799790555,sum_mod_10
0.22507372498512268,-0.4082954525947571,1,0.1704616455255153,residual_norm_variance,False,5,-0.0800928846001625,0.4129095988663669,sum_mod_10
0.25569164752960205,-0.39453357458114624,1,-0.21260338114017818,residual_norm_first_difference_abs_mean,False,5,-0.09095237404108047,0.4326117586005437,sum_mod_10
0.18154147267341614,-0.338969886302948,1,-0.1437293333468157,residual_norm_second_difference_abs_mean,False,5,-0.09654118120670319,0.3402167152932136,sum_mod_10
0.2570576071739197,-0.2954721748828888,1,0.11872172906260234,residual_norm_acf_lag1,False,5,-0.005329018924385309,0.34524813862261716,sum_mod_10
0.0876699835062027,-0.29139891266822815,1,0.0,residual_norm_correlation_length,False,5,-0.08959218114614487,0.24391055926575117,sum_mod_10
0.06487604975700378,-0.39758753776550293,1,-0.3117139969240764,residual_norm_window_mean_shift,False,5,-0.17039704322814941,0.29902971616981056,sum_mod_10
0.3252519369125366,-0.3597145676612854,1,-0.2630566493398852,residual_norm_wasserstein,False,5,-0.06578083336353302,0.43177210699801466,sum_mod_10
0.2563181519508362,-0.5071408748626709,1,-0.2309726449926085,residual_norm_w4_rolling_variance,False,5,-0.11068151146173477,0.5197333106527439,sum_mod_10
-0.0010408877860754728,-0.3735307455062866,1,-0.11534547373866745,residual_norm_w4_rolling_abs_skewness,False,5,-0.1732492297887802,0.24495468942496712,sum_mod_10
0.3694775104522705,-0.020394066348671913,1,0.10907502332032862,residual_norm_w4_rolling_abs_kurtosis,False,5,0.14743228256702423,0.2625043664489074,sum_mod_10
0.28573259711265564,-0.5245060324668884,1,-0.12833156379120228,residual_norm_w8_rolling_variance,False,5,-0.11239086091518402,0.5353081565845186,sum_mod_10
0.5378940105438232,-0.29194319248199463,1,-0.05656852239660097,residual_norm_w8_rolling_abs_skewness,False,5,0.11318445205688477,0.5535784605784337,sum_mod_10
0.23471002280712128,-0.10443820804357529,1,0.06101867568298634,residual_norm_w8_rolling_abs_kurtosis,False,5,0.0716741755604744,0.2297237407161468,sum_mod_10
0.27300214767456055,-0.45947518944740295,1,-0.0978976255361758,residual_norm_w16_rolling_variance,False,5,-0.10413652658462524,0.4791560026213871,sum_mod_10
0.27138304710388184,-0.462934672832489,1,-0.03640188741753559,residual_norm_w16_rolling_abs_skewness,False,5,-0.09804878383874893,0.4639960081824514,sum_mod_10
0.4172457158565521,0.057032592594623566,1,0.34578253466321796,residual_norm_w16_rolling_abs_kurtosis,False,5,0.23713915050029755,0.2334344504486067,sum_mod_10
0.09551748633384705,-0.20627069473266602,1,0.033561268830284874,block_update_norm_mean,False,5,-0.044114433228969574,0.1919689272588932,sum_mod_10
0.06108161807060242,-0.222776859998703,1,-0.12190064857664934,block_update_norm_variance,False,5,-0.08999093621969223,0.18718468434725555,sum_mod_10
0.18009427189826965,-0.19720792770385742,1,-0.09962211054518665,block_update_norm_first_difference_abs_mean,False,5,-0.031813811510801315,0.24176005330695502,sum_mod_10
0.17652198672294617,-0.12901952862739563,1,-0.08746655704114979,block_update_norm_second_difference_abs_mean,False,5,-0.009757029823958874,0.21183261411359006,sum_mod_10
0.0875663310289383,-0.2753429710865021,1,-0.023160771942677814,block_update_norm_acf_lag1,False,5,-0.07000769674777985,0.23410915110535482,sum_mod_10
-0.04058394953608513,-0.34418985247612,1,-0.29042387557430854,block_update_norm_correlation_length,False,5,-0.20813016593456268,0.20078277023976657,sum_mod_10
0.2153322696685791,-0.31051817536354065,1,0.055256492798077046,block_update_norm_window_mean_shift,False,5,-0.05110260099172592,0.3642482108783124,sum_mod_10
0.19466960430145264,-0.201605886220932,1,-0.06486483011622447,block_update_norm_wasserstein,False,5,-0.027388637885451317,0.2622974816238734,sum_mod_10
0.14898115396499634,-0.19150929152965546,1,0.07430496011120867,block_update_norm_w4_rolling_variance,False,5,-0.003889751387760043,0.21454615939612726,sum_mod_10
0.0811285525560379,-0.3957306742668152,1,-0.023741533060871973,block_update_norm_w4_rolling_abs_skewness,False,5,-0.1357363909482956,0.31984357189437107,sum_mod_10
0.278534859418869,-0.008292176760733128,1,0.21049177726696303,block_update_norm_w4_rolling_abs_kurtosis,False,5,0.14014631509780884,0.1835951989497124,sum_mod_10
0.1811511367559433,-0.22065210342407227,1,0.10944120183664345,block_update_norm_w8_rolling_variance,False,5,0.00029284358606673777,0.2628494253797718,sum_mod_10
0.1645677387714386,-0.37521037459373474,1,-0.21609891350060134,block_update_norm_w8_rolling_abs_skewness,False,5,-0.1224425882101059,0.3495255478000214,sum_mod_10
0.14851410686969757,-0.3694702684879303,1,-0.05192429983310639,block_update_norm_w8_rolling_abs_kurtosis,False,5,-0.11007652431726456,0.3363448074065373,sum_mod_10
0.21323171257972717,-0.14703316986560822,1,0.16756208167893305,block_update_norm_w16_rolling_variance,False,5,0.05877523496747017,0.23093738127998714,sum_mod_10
0.018920058384537697,-0.303499311208725,1,-0.2214262067256608,block_update_norm_w16_rolling_abs_skewness,False,5,-0.13950493931770325,0.20351884064341097,sum_mod_10
0.018694493919610977,-0.5057312250137329,1,-0.09827394903141175,block_update_norm_w16_rolling_abs_kurtosis,False,5,-0.2293119728565216,0.3342867972072735,sum_mod_10
0.1175614520907402,-0.2263423651456833,1,-0.06764405853470323,sa_update_norm_mean,False,5,-0.05242534726858139,0.21691091325677425,sum_mod_10
0.045129016041755676,-0.13149774074554443,1,-0.0648605622419276,sa_update_norm_variance,False,5,-0.04671670123934746,0.11534549929246914,sum_mod_10
0.19088351726531982,-0.14195413887500763,1,-0.039540210238927294,sa_update_norm_first_difference_abs_mean,False,5,0.012763428501784801,0.21483925571825718,sum_mod_10
0.1731661558151245,-0.15170778334140778,1,-0.017991292397279444,sa_update_norm_second_difference_abs_mean,False,5,0.010729188099503517,0.21026118489792078,sum_mod_10
0.1328977644443512,-0.1875355988740921,1,0.059416513026514135,sa_update_norm_acf_lag1,False,5,-0.011332571506500244,0.2120357927481415,sum_mod_10
0.17738790810108185,-0.11157090961933136,1,0.11849161250261224,sa_update_norm_correlation_length,False,5,0.03910674527287483,0.1854398001324212,sum_mod_10
0.17687034606933594,-0.0225228164345026,1,0.12944049061980353,sa_update_norm_window_mean_shift,False,5,0.08630906045436859,0.1328883002909612,sum_mod_10
0.13846799731254578,-0.019825827330350876,1,0.03766316865224824,sa_update_norm_wasserstein,False,5,0.05038649961352348,0.09931925695317215,sum_mod_10
0.14480242133140564,-0.13012662529945374,1,0.06819493169764526,sa_update_norm_w4_rolling_variance,False,5,0.007337900809943676,0.17809699940837426,sum_mod_10
0.2080308496952057,-0.31420189142227173,1,0.11374753562813207,sa_update_norm_w4_rolling_abs_skewness,False,5,-0.02811707928776741,0.350102369163046,sum_mod_10
0.2475600689649582,-0.284947007894516,1,0.045773517563026236,sa_update_norm_w4_rolling_abs_kurtosis,False,5,0.004825906362384558,0.3323638464614163,sum_mod_10
0.17250260710716248,-0.1591303050518036,1,0.11673578726146397,sa_update_norm_w8_rolling_variance,False,5,0.016784265637397766,0.20982962919845527,sum_mod_10
0.14212588965892792,-0.238772913813591,1,-0.013171400807313261,sa_update_norm_w8_rolling_abs_skewness,False,5,-0.04265834018588066,0.23657236999377187,sum_mod_10
0.32676661014556885,-0.25651079416275024,1,0.1469473943902628,sa_update_norm_w8_rolling_abs_kurtosis,False,5,0.05304299667477608,0.3729157455912764,sum_mod_10
0.2009371966123581,-0.11185989528894424,1,0.17613702989991784,sa_update_norm_w16_rolling_variance,False,5,0.0605323500931263,0.19959401954854714,sum_mod_10
0.0874740332365036,-0.23124492168426514,1,-0.011836703134869805,sa_update_norm_w16_rolling_abs_skewness,False,5,-0.06612422317266464,0.20345773709064252,sum_mod_10
0.16161085665225983,-0.4242512285709381,1,0.026865471214397346,sa_update_norm_w16_rolling_abs_kurtosis,False,5,-0.07838095724582672,0.3824944278376306,sum_mod_10
0.37607476115226746,-0.07848837226629257,1,0.2783754365848716,ff_update_norm_mean,False,5,0.1822260618209839,0.28297860457687546,sum_mod_10
0.3739582598209381,-0.4669407904148102,1,0.08690488773469086,ff_update_norm_variance,False,5,-0.010173091664910316,0.5581980952999533,sum_mod_10
0.38914039731025696,-0.3854306638240814,1,-0.10260390636843464,ff_update_norm_first_difference_abs_mean,False,5,-0.013120862655341625,0.5029145046557694,sum_mod_10
0.37385863065719604,-0.32571202516555786,1,-0.09993513017203065,ff_update_norm_second_difference_abs_mean,False,5,-0.015231085009872913,0.4246297653021925,sum_mod_10
0.5314110517501831,-0.37550634145736694,1,-0.11667636338451289,ff_update_norm_acf_lag1,False,5,0.02849963866174221,0.5781946222023594,sum_mod_10
-0.031234752386808395,-0.2513578534126282,1,-0.1561737618886062,ff_update_norm_correlation_length,False,5,-0.14129629731178284,0.14256308663679737,sum_mod_10
0.40525609254837036,0.14548958837985992,1,0.2133884282860432,ff_update_norm_window_mean_shift,False,5,0.2711016535758972,0.1778016377403463,sum_mod_10
0.3337410092353821,0.008219966664910316,1,0.20032784190915057,ff_update_norm_wasserstein,False,5,0.18262703716754913,0.19816055821561007,sum_mod_10
0.37115997076034546,-0.5231459140777588,1,-0.03428025653911073,ff_update_norm_w4_rolling_variance,False,5,-0.053551338613033295,0.5523466459328009,sum_mod_10
0.820144772529602,0.11068140715360641,1,0.3810486715613935,ff_update_norm_w4_rolling_abs_skewness,False,5,0.451514333486557,0.47397148488531665,sum_mod_10
0.05872761085629463,-0.6885991096496582,1,-0.5548158290475432,ff_update_norm_w4_rolling_abs_kurtosis,False,5,-0.3159778118133545,0.500787908734205,sum_mod_10
0.41067036986351013,-0.5150958299636841,1,-0.06934191034645183,ff_update_norm_w8_rolling_variance,False,5,-0.038412027060985565,0.5727949733660916,sum_mod_10
0.5301618576049805,-0.19532769918441772,1,0.4302030437210263,ff_update_norm_w8_rolling_abs_skewness,False,5,0.19640493392944336,0.4565053287532182,sum_mod_10
-0.09006720036268234,-0.4501955509185791,1,-0.2504495507685698,ff_update_norm_w8_rolling_abs_kurtosis,False,5,-0.27143603563308716,0.22555074451385734,sum_mod_10
0.31071558594703674,-0.44070664048194885,1,0.08093893966779639,ff_update_norm_w16_rolling_variance,False,5,-0.006525146774947643,0.5047609939202621,sum_mod_10
0.5580708384513855,-0.4474541246891022,1,0.30465362498897514,ff_update_norm_w16_rolling_abs_skewness,False,5,0.05530836433172226,0.6530656616771895,sum_mod_10
0.24925212562084198,-0.519003689289093,1,-0.35208947171791855,ff_update_norm_w16_rolling_abs_kurtosis,False,5,-0.17094485461711884,0.48252471569876,sum_mod_10
0.22003217041492462,-0.20426981151103973,1,-0.15601823592477534,attention_entropy_mean,False,5,-0.005351695232093334,0.2695146053324533,sum_mod_10
0.21435005962848663,-0.3024011254310608,1,-0.08620318451031232,attention_entropy_variance,False,5,-0.045129675418138504,0.3197038053049838,sum_mod_10
0.12995518743991852,-0.48356372117996216,1,-0.2783619620939224,attention_entropy_first_difference_abs_mean,False,5,-0.17680425941944122,0.3947406958154479,sum_mod_10
0.1485918015241623,-0.35425105690956116,1,-0.3265925076352393,attention_entropy_second_difference_abs_mean,False,5,-0.1071515902876854,0.33747020783643955,sum_mod_10
0.4517417848110199,-0.10823923349380493,1,0.03081291479757988,attention_entropy_acf_lag1,False,5,0.17175129055976868,0.3595731894944269,sum_mod_10
0.13417455554008484,-0.1871572881937027,1,0.0,attention_entropy_correlation_length,False,5,-0.01766090653836727,0.190884693755692,sum_mod_10
0.5785736441612244,-0.12984108924865723,1,0.06861519268006706,attention_entropy_window_mean_shift,False,5,0.22523489594459534,0.4529059912409335,sum_mod_10
0.567151665687561,-0.15577247738838196,1,0.05558842340152756,attention_entropy_wasserstein,False,5,0.20568962395191193,0.4613544428914887,sum_mod_10
0.14710216224193573,-0.4593779146671295,1,-0.1575852668132283,attention_entropy_w4_rolling_variance,False,5,-0.1561378836631775,0.3826442551255846,sum_mod_10
0.327547162771225,-0.39779242873191833,1,-0.09823484057462299,attention_entropy_w4_rolling_abs_skewness,False,5,-0.031957853585481644,0.4822028362541338,sum_mod_10
0.6240756511688232,-0.19596824049949646,1,0.05258884535377132,attention_entropy_w4_rolling_abs_kurtosis,False,5,0.16629928350448608,0.5391224188777239,sum_mod_10
0.15419107675552368,-0.4468120038509369,1,-0.21474301939903798,attention_entropy_w8_rolling_variance,False,5,-0.146310493350029,0.379674415342757,sum_mod_10
0.29908403754234314,-0.2919135093688965,1,-0.2678166950305246,attention_entropy_w8_rolling_abs_skewness,False,5,-0.05914272740483284,0.38540725743176674,sum_mod_10
0.6326344609260559,0.06114250421524048,1,0.31645856802790934,attention_entropy_w8_rolling_abs_kurtosis,False,5,0.34067413210868835,0.34824397236207977,sum_mod_10
0.08734335750341415,-0.2829994261264801,1,-0.1696329885581345,attention_entropy_w16_rolling_variance,False,5,-0.09782804548740387,0.24569413137677165,sum_mod_10
0.04378052428364754,-0.347017765045166,1,-0.009289531892331615,attention_entropy_w16_rolling_abs_skewness,False,5,-0.13889510929584503,0.24831838128884656,sum_mod_10
0.17117604613304138,-0.20818491280078888,1,0.026909260135702544,attention_entropy_w16_rolling_abs_kurtosis,False,5,-0.01850442960858345,0.23925535639106066,sum_mod_10
0.32413017749786377,-0.012389693409204483,1,0.02419752341967828,residual_vector_mean_shift,False,5,0.13581904768943787,0.22036958856914854,sum_mod_10
0.4421165883541107,-0.08861172199249268,1,0.017273275771404577,residual_covariance_drift,False,5,0.16425052285194397,0.34145519561698134,sum_mod_10
0.3252519369125366,-0.3597145676612854,1,-0.2630566493398852,residual_wasserstein_norm,False,5,-0.06578083336353302,0.43177210699801466,sum_mod_10
0.22453351318836212,-0.04651312902569771,1,0.018971890499760752,residual_mmd,False,5,0.08407758176326752,0.1770931627232021,sum_mod_10
0.47546109557151794,-0.057845793664455414,1,0.33375260447730365,residual_subspace_drift,False,5,0.22426919639110565,0.33677211610317287,sum_mod_10
0.23663608729839325,-0.2545204758644104,1,-0.0828743710190849,residual_eigenspectrum_drift,False,5,-0.006086340639740229,0.3151744060902662,sum_mod_10
0.18225212395191193,-0.19663578271865845,1,0.05450028685471661,residual_window_cka,False,5,0.01384465117007494,0.2422431231636914,sum_mod_10
-0.029510170221328735,-0.39676952362060547,1,-0.13909922790846618,residual_window_rsa,False,5,-0.19056548178195953,0.23539626998398025,sum_mod_10
0.20318599045276642,-0.2766203284263611,1,-0.05443094101789715,residual_first_stable_rank,False,5,-0.04351305961608887,0.31137033179084095,sum_mod_10
0.19125983119010925,-0.1681252419948578,1,-0.11364821021510416,residual_second_stable_rank,False,5,-0.012512080371379852,0.24652966005912635,sum_mod_10
0.24509048461914062,-0.07434137165546417,1,0.0471687944169353,attention_entropy_sa_norm_crosscorr_zero,False,5,0.08169330656528473,0.20402896053332312,sum_mod_10
0.07367528975009918,-0.22983136773109436,1,-0.04993296022048846,attention_entropy_sa_norm_crosscorr_peak_abs,False,5,-0.08136270195245743,0.2062043673080813,sum_mod_10
0.14917293190956116,-0.642447292804718,1,-0.1871576998552533,sa_ff_norm_crosscorr_zero,False,5,-0.24408157169818878,0.5226811807269911,sum_mod_10
0.42427676916122437,-0.12760089337825775,1,0.20124065262535495,sa_ff_norm_crosscorr_peak_abs,False,5,0.17196498811244965,0.3647980097953205,sum_mod_10
0.3010687530040741,-0.0603075735270977,1,0.16761770695525469,residual_update_norm_crosscorr_zero,False,5,0.146852508187294,0.23727416008605398,sum_mod_10
0.22738954424858093,-0.5255088210105896,1,-0.06017165168302486,residual_update_norm_crosscorr_peak_abs,False,5,-0.12976902723312378,0.45145464776267025,sum_mod_10
0.14617423713207245,-0.32041478157043457,2,0.055332460173101686,residual_norm_mean,False,5,-0.09170878678560257,0.3001572213035177,sum_mod_10
0.28783291578292847,-0.296586811542511,2,0.08209047267297175,residual_norm_variance,False,5,0.010933196172118187,0.3747364108628494,sum_mod_10
0.32955601811408997,-0.25869959592819214,2,-0.16348344131324824,residual_norm_first_difference_abs_mean,False,5,0.014296865090727806,0.37186235627472874,sum_mod_10
0.3084595799446106,-0.1565672904253006,2,-0.08469744112453916,residual_norm_second_difference_abs_mean,False,5,0.06032838672399521,0.2958732333609363,sum_mod_10
0.14866778254508972,-0.22376544773578644,2,-0.019313905366979585,residual_norm_acf_lag1,False,5,-0.03754883259534836,0.23897242146693748,sum_mod_10
0.40365830063819885,-0.26547691226005554,2,-0.09163529075375443,residual_norm_correlation_length,False,5,0.021562015637755394,0.42706786973312316,sum_mod_10
0.08575759083032608,-0.21939654648303986,2,-0.16836764352073982,residual_norm_window_mean_shift,False,5,-0.07488662004470825,0.1971751123927379,sum_mod_10
0.035761162638664246,-0.21164841949939728,2,-0.13765171096904041,residual_norm_wasserstein,False,5,-0.09080754220485687,0.16059213653014023,sum_mod_10
0.31587839126586914,-0.36807432770729065,2,-0.04261243936836268,residual_norm_w4_rolling_variance,False,5,-0.02326567843556404,0.4330976996478136,sum_mod_10
0.587443470954895,-0.031288716942071915,2,0.11615102220674144,residual_norm_w4_rolling_abs_skewness,False,5,0.21403977274894714,0.42208556332637553,sum_mod_10
0.02883525751531124,-0.1019800677895546,2,-0.06174459433614388,residual_norm_w4_rolling_abs_kurtosis,False,5,-0.0365724079310894,0.0860033355659267,sum_mod_10
0.2751407325267792,-0.34344640374183655,2,0.03767809485387967,residual_norm_w8_rolling_variance,False,5,-0.02444847859442234,0.40632903705977685,sum_mod_10
0.19200220704078674,-0.26106590032577515,2,-0.0450334729419155,residual_norm_w8_rolling_abs_skewness,False,5,-0.03238667920231819,0.2843009707496589,sum_mod_10
0.33842554688453674,-0.44351354241371155,2,-0.05432454712102203,residual_norm_w8_rolling_abs_kurtosis,False,5,-0.048837583512067795,0.48152768075392793,sum_mod_10
0.2527361214160919,-0.30786508321762085,2,-0.026611073636040598,residual_norm_w16_rolling_variance,False,5,-0.01751895621418953,0.3733745959598483,sum_mod_10
0.15998812019824982,-0.2101752758026123,2,-0.11823692979685753,residual_norm_w16_rolling_abs_skewness,False,5,-0.06045527383685112,0.24886994132338774,sum_mod_10
0.14883172512054443,-0.3527040481567383,2,-0.19686998894476787,residual_norm_w16_rolling_abs_kurtosis,False,5,-0.11939512193202972,0.3177835302140616,sum_mod_10
0.12111599743366241,-0.35855886340141296,2,-0.228843126029225,block_update_norm_mean,False,5,-0.13590571284294128,0.3034278153425945,sum_mod_10
0.27100101113319397,-0.32222169637680054,2,0.19737120420069404,block_update_norm_variance,False,5,-0.023273954167962074,0.39365370221021717,sum_mod_10
0.26685842871665955,-0.371372789144516,2,0.10371796257350842,block_update_norm_first_difference_abs_mean,False,5,-0.04725559800863266,0.4174790165459908,sum_mod_10
0.27484676241874695,-0.3760989308357239,2,0.06034271658456881,block_update_norm_second_difference_abs_mean,False,5,-0.05999966710805893,0.40388958618916,sum_mod_10
0.35387033224105835,-0.2795630991458893,2,-0.0675429631067624,block_update_norm_acf_lag1,False,5,-0.008771930821239948,0.42564985085501583,sum_mod_10
0.2134588658809662,-0.3535057604312897,2,0.03467195134695477,block_update_norm_correlation_length,False,5,-0.07002343237400055,0.3645594269257632,sum_mod_10
0.09207786619663239,-0.2743007242679596,2,-0.03826265232707874,block_update_norm_window_mean_shift,False,5,-0.09111142158508301,0.23881243896938883,sum_mod_10
0.24006661772727966,-0.3849443793296814,2,0.17973080340621084,block_update_norm_wasserstein,False,5,-0.019724154844880104,0.4147750148430604,sum_mod_10
0.22632774710655212,-0.3901653587818146,2,0.005319564255161713,block_update_norm_w4_rolling_variance,False,5,-0.08398963510990143,0.3993480353260091,sum_mod_10
0.25752609968185425,-0.21053485572338104,2,-0.1301622039055922,block_update_norm_w4_rolling_abs_skewness,False,5,0.008302420377731323,0.2954640386602668,sum_mod_10
0.114948570728302,-0.2582108974456787,2,-0.1900250436907174,block_update_norm_w4_rolling_abs_kurtosis,False,5,-0.07318754494190216,0.2447825367018971,sum_mod_10
0.19645391404628754,-0.3929433226585388,2,-0.04268172807046967,block_update_norm_w8_rolling_variance,False,5,-0.10611824691295624,0.38690050190314534,sum_mod_10
0.4948517382144928,-0.09292273968458176,2,0.04047675841895799,block_update_norm_w8_rolling_abs_skewness,False,5,0.15194302797317505,0.3847552573849691,sum_mod_10
0.04760885611176491,-0.3828892111778259,2,-0.176464715769413,block_update_norm_w8_rolling_abs_kurtosis,False,5,-0.16764019429683685,0.27244936425637534,sum_mod_10
0.1804421842098236,-0.4172428548336029,2,-0.05726677321332483,block_update_norm_w16_rolling_variance,False,5,-0.11422137916088104,0.3881270940982005,sum_mod_10
0.4505026340484619,-0.12321363389492035,2,0.1622205703272692,block_update_norm_w16_rolling_abs_skewness,False,5,0.16364450752735138,0.3669425813781858,sum_mod_10
0.4625903069972992,-0.3548259139060974,2,-0.19246382921537886,block_update_norm_w16_rolling_abs_kurtosis,False,5,0.0538821816444397,0.5357730220240511,sum_mod_10
-0.039809759706258774,-0.3682836592197418,2,-0.23153520251087192,sa_update_norm_mean,False,5,-0.20404669642448425,0.21847155560999854,sum_mod_10
0.2365313023328781,-0.44316238164901733,2,-0.20078929648152224,sa_update_norm_variance,False,5,-0.10331554710865021,0.4303556161082345,sum_mod_10
0.2392064332962036,-0.44358596205711365,2,-0.13270005702459697,sa_update_norm_first_difference_abs_mean,False,5,-0.10163295269012451,0.43433004087209937,sum_mod_10
0.2074635922908783,-0.4701290726661682,2,-0.11072186865380279,sa_update_norm_second_difference_abs_mean,False,5,-0.13133274018764496,0.43519700629357255,sum_mod_10
0.48233762383461,-0.29771026968955994,2,0.0013837048853619664,sa_update_norm_acf_lag1,False,5,0.07107241451740265,0.49002086969376507,sum_mod_10
0.35012486577033997,-0.08154977858066559,2,0.025095496590373675,sa_update_norm_correlation_length,False,5,0.08932626992464066,0.2931563402906748,sum_mod_10
0.0352623350918293,-0.3778638243675232,2,-0.22663467649791572,sa_update_norm_window_mean_shift,False,5,-0.1772441565990448,0.2686860379233457,sum_mod_10
0.1789354532957077,-0.3222179412841797,2,0.018189688622518546,sa_update_norm_wasserstein,False,5,-0.04715178534388542,0.32403266727380736,sum_mod_10
0.23954477906227112,-0.464632511138916,2,-0.06501048773537267,sa_update_norm_w4_rolling_variance,False,5,-0.11254385858774185,0.4536909887173506,sum_mod_10
-0.03465330973267555,-0.4712478220462799,2,-0.3586558980567681,sa_update_norm_w4_rolling_abs_skewness,False,5,-0.27660131454467773,0.2917569967398944,sum_mod_10
0.3558421730995178,-0.0977516621351242,2,0.13201219204531403,sa_update_norm_w4_rolling_abs_kurtosis,False,5,0.12097456306219101,0.2990188153465248,sum_mod_10
0.2213405817747116,-0.46232104301452637,2,-0.06473553358548305,sa_update_norm_w8_rolling_variance,False,5,-0.12049023807048798,0.4419662328484445,sum_mod_10
0.30689334869384766,-0.25023794174194336,2,-0.18875254126795374,sa_update_norm_w8_rolling_abs_skewness,False,5,-0.018534282222390175,0.3635965590844565,sum_mod_10
0.06535781174898148,-0.4238143861293793,2,0.02582540972006817,sa_update_norm_w8_rolling_abs_kurtosis,False,5,-0.1395142376422882,0.3191699771467244,sum_mod_10
0.20909962058067322,-0.4731419086456299,2,-0.056195063136469645,sa_update_norm_w16_rolling_variance,False,5,-0.14262787997722626,0.42633028724686295,sum_mod_10
0.4615337550640106,-0.1514396369457245,2,0.23465262096509507,sa_update_norm_w16_rolling_abs_skewness,False,5,0.1673232764005661,0.38511314573919525,sum_mod_10
0.5232632756233215,0.03380850702524185,2,0.3637742825622661,sa_update_norm_w16_rolling_abs_kurtosis,False,5,0.2807396650314331,0.31535766821911015,sum_mod_10
0.2658386528491974,0.020211219787597656,2,0.23762690280867327,ff_update_norm_mean,False,5,0.14302492141723633,0.16257409732139574,sum_mod_10
0.389500230550766,-0.21306876838207245,2,-0.017270141944688115,ff_update_norm_variance,False,5,0.0593608133494854,0.3758375488301252,sum_mod_10
0.06412021070718765,-0.10410682111978531,2,-0.07002411899822372,ff_update_norm_first_difference_abs_mean,False,5,-0.027628520503640175,0.11456429807578358,sum_mod_10
0.10301794111728668,-0.14030484855175018,2,-0.016552117280380113,ff_update_norm_second_difference_abs_mean,False,5,-0.020484168082475662,0.14848783405762275,sum_mod_10
0.2289377748966217,-0.291287362575531,2,-0.2558119258818878,ff_update_norm_acf_lag1,False,5,-0.03852652385830879,0.34286763185118596,sum_mod_10
0.3020157516002655,-0.1579512059688568,2,-0.15523010514126565,ff_update_norm_correlation_length,False,5,0.016848504543304443,0.3094204213557602,sum_mod_10
0.23460188508033752,-0.5011841654777527,2,0.08663842661511692,ff_update_norm_window_mean_shift,False,5,-0.13329115509986877,0.4821166124770424,sum_mod_10
0.17624147236347198,-0.23344731330871582,2,0.07315899465545882,ff_update_norm_wasserstein,False,5,-0.029483187943696976,0.2743409938715526,sum_mod_10
0.16367550194263458,-0.16995055973529816,2,0.0031945654413552214,ff_update_norm_w4_rolling_variance,False,5,-0.006608417723327875,0.22135513072600488,sum_mod_10
0.7214504480361938,-0.20383384823799133,2,0.014480260811594637,ff_update_norm_w4_rolling_abs_skewness,False,5,0.24007351696491241,0.6329035745631967,sum_mod_10
0.1980932056903839,-0.6788046360015869,2,-0.10750150357815305,ff_update_norm_w4_rolling_abs_kurtosis,False,5,-0.2175770252943039,0.5721443513953322,sum_mod_10
0.12790235877037048,-0.2216608077287674,2,0.01420976033225269,ff_update_norm_w8_rolling_variance,False,5,-0.04457877203822136,0.23469787404357284,sum_mod_10
0.5102427005767822,-0.32493042945861816,2,0.3544666262777407,ff_update_norm_w8_rolling_abs_skewness,False,5,0.1319178342819214,0.5535907144805695,sum_mod_10
0.1227191910147667,-0.18711364269256592,2,-0.05966714282040929,ff_update_norm_w8_rolling_abs_kurtosis,False,5,-0.035269845277071,0.19520103187429866,sum_mod_10
0.03596418350934982,-0.22616353631019592,2,-0.057702729223647914,ff_update_norm_w16_rolling_variance,False,5,-0.08239878714084625,0.17339668411850312,sum_mod_10
0.35703346133232117,-0.5249367356300354,2,0.09495867982964037,ff_update_norm_w16_rolling_abs_skewness,False,5,-0.0012686013942584395,0.5901730643594522,sum_mod_10
0.32032474875450134,-0.09193206578493118,2,0.1677381358926113,ff_update_norm_w16_rolling_abs_kurtosis,False,5,0.1157015934586525,0.2690129035576825,sum_mod_10
0.408903032541275,-0.05836572125554085,2,0.12660103236653397,attention_entropy_mean,False,5,0.17526865005493164,0.3077724859262664,sum_mod_10
0.1790635883808136,-0.1677793562412262,2,-0.03564625707052358,attention_entropy_variance,False,5,-0.01183064840734005,0.21295428907959554,sum_mod_10
0.05127372592687607,-0.612412691116333,2,-0.21247248316370898,attention_entropy_first_difference_abs_mean,False,5,-0.27716708183288574,0.43063861182909896,sum_mod_10
0.1387937068939209,-0.5307547450065613,2,-0.1826739378717753,attention_entropy_second_difference_abs_mean,False,5,-0.19598054885864258,0.4317057421556388,sum_mod_10
0.5778411626815796,-0.13811302185058594,2,0.005196659001713767,attention_entropy_acf_lag1,False,5,0.21986408531665802,0.47264566143623116,sum_mod_10
0.1673508584499359,-0.33503973484039307,2,0.0,attention_entropy_correlation_length,False,5,-0.08384443074464798,0.32360582694441786,sum_mod_10
0.41790375113487244,-0.0523279532790184,2,0.105000564334466,attention_entropy_window_mean_shift,False,5,0.1771080195903778,0.30443376453122956,sum_mod_10
0.40044212341308594,-0.03509419038891792,2,0.1177374806660265,attention_entropy_wasserstein,False,5,0.17425453662872314,0.28609335322116125,sum_mod_10
0.07503066956996918,-0.588659942150116,2,-0.2191379860450655,attention_entropy_w4_rolling_variance,False,5,-0.269962340593338,0.4327886613946065,sum_mod_10
0.096432164311409,-0.39165717363357544,2,-0.1925772397268179,attention_entropy_w4_rolling_abs_skewness,False,5,-0.1536165177822113,0.3043613868402644,sum_mod_10
0.2871491014957428,-0.1719801425933838,2,-0.04138283698832278,attention_entropy_w4_rolling_abs_kurtosis,False,5,0.051692843437194824,0.2970666630585672,sum_mod_10
0.050270359963178635,-0.5654980540275574,2,-0.28119489348253773,attention_entropy_w8_rolling_variance,False,5,-0.28350239992141724,0.40253104855514066,sum_mod_10
-0.08314213901758194,-0.2640548348426819,2,-0.11145119060831674,attention_entropy_w8_rolling_abs_skewness,False,5,-0.15975800156593323,0.11460523704472914,sum_mod_10
0.3998008668422699,-0.13001176714897156,2,0.2672743710107263,attention_entropy_w8_rolling_abs_kurtosis,False,5,0.13879892230033875,0.337470912575965,sum_mod_10
0.02324860729277134,-0.6367328763008118,2,-0.3502303107619083,attention_entropy_w16_rolling_variance,False,5,-0.33241280913352966,0.4195951516667205,sum_mod_10
0.2897753417491913,0.0046072108671069145,2,0.13858928262702327,attention_entropy_w16_rolling_abs_skewness,False,5,0.14094242453575134,0.18989846724632448,sum_mod_10
0.3731282651424408,-0.15607601404190063,2,-0.12037922751061789,attention_entropy_w16_rolling_abs_kurtosis,False,5,0.07210113853216171,0.34438441524829394,sum_mod_10
0.31796857714653015,-0.04543059319257736,2,0.057456458663300784,residual_vector_mean_shift,False,5,0.11843185126781464,0.23011653225868017,sum_mod_10
0.43766170740127563,0.005092918872833252,2,0.07933967002882122,residual_covariance_drift,False,5,0.21629974246025085,0.27863760673644067,sum_mod_10
0.035761162638664246,-0.21164841949939728,2,-0.13765171096904041,residual_wasserstein_norm,False,5,-0.09080754220485687,0.16059213653014023,sum_mod_10
0.20832479000091553,-0.059228766709566116,2,0.05307538765113209,residual_mmd,False,5,0.0684332475066185,0.15860403109538618,sum_mod_10
0.5424301028251648,-0.044776417315006256,2,0.47836678433678453,residual_subspace_drift,False,5,0.2970920503139496,0.3909953332905772,sum_mod_10
0.04702930152416229,-0.3830187916755676,2,0.004978740790206573,residual_eigenspectrum_drift,False,5,-0.12591621279716492,0.2842943143501123,sum_mod_10
0.26958757638931274,-0.22694803774356842,2,0.16910746232727275,residual_window_cka,False,5,0.057044338434934616,0.3297958185590281,sum_mod_10
-0.1256144493818283,-0.43583616614341736,2,-0.23398954638545874,residual_window_rsa,False,5,-0.2665872871875763,0.1888414415650978,sum_mod_10
0.3394578993320465,-0.14331482350826263,2,0.02022272525876652,residual_first_stable_rank,False,5,0.06575442850589752,0.3261899384663706,sum_mod_10
0.20351466536521912,-0.3147485554218292,2,-0.16930830994229187,residual_second_stable_rank,False,5,-0.07425429672002792,0.3385632487940781,sum_mod_10
0.3865613043308258,-0.28661566972732544,2,0.14753473859420158,attention_entropy_sa_norm_crosscorr_zero,False,5,0.050173450261354446,0.44094591684584644,sum_mod_10
0.27602440118789673,-0.3896803855895996,2,-0.14858563593994714,attention_entropy_sa_norm_crosscorr_peak_abs,False,5,-0.050822388380765915,0.429229250089402,sum_mod_10
0.16375936567783356,-0.19884148240089417,2,0.08243110994590422,sa_ff_norm_crosscorr_zero,False,5,0.020286982879042625,0.2509489821712869,sum_mod_10
0.6289761662483215,-0.1485196352005005,2,0.0015527812505673226,sa_ff_norm_crosscorr_peak_abs,False,5,0.15828731656074524,0.5371480294345307,sum_mod_10
0.23623406887054443,-0.314255028963089,2,0.06920432027173178,residual_update_norm_crosscorr_zero,False,5,-0.032098669558763504,0.35376055612045626,sum_mod_10
0.14290785789489746,-0.3100036680698395,2,-0.08583396288752466,residual_update_norm_crosscorr_peak_abs,False,5,-0.07511509954929352,0.299725241249854,sum_mod_10
0.09081543982028961,-0.3438706398010254,3,-0.2980293989264151,residual_norm_mean,False,5,-0.18371303379535675,0.3004169727582889,sum_mod_10
0.11423467099666595,-0.2911292314529419,3,-0.12572774823555458,residual_norm_variance,False,5,-0.09678038954734802,0.26200340105910597,sum_mod_10
0.1969955861568451,-0.3758854269981384,3,0.048830794060359374,residual_norm_first_difference_abs_mean,False,5,-0.06903140246868134,0.3631829744114816,sum_mod_10
0.20637980103492737,-0.27771472930908203,3,0.08518312699694426,residual_norm_second_difference_abs_mean,False,5,-0.032253820449113846,0.3236692102825104,sum_mod_10
0.26268428564071655,-0.16992390155792236,3,0.05033503609431884,residual_norm_acf_lag1,False,5,0.0392618328332901,0.27242393656780595,sum_mod_10
0.16168159246444702,-0.17663900554180145,3,-0.09288532168923552,residual_norm_correlation_length,False,5,-0.03100106678903103,0.22066938719771478,sum_mod_10
0.32532334327697754,-0.22293178737163544,3,-0.08664820285196316,residual_norm_window_mean_shift,False,5,0.05119576305150986,0.35333688757651527,sum_mod_10
0.22270309925079346,-0.3303040862083435,3,-0.10616459320274842,residual_norm_wasserstein,False,5,-0.05380050092935562,0.3548864529432637,sum_mod_10
0.18056544661521912,-0.43312692642211914,3,-0.4129546301037357,residual_norm_w4_rolling_variance,False,5,-0.14767977595329285,0.3951176549771873,sum_mod_10
0.2971482574939728,-0.4595917761325836,3,0.005407632845701097,residual_norm_w4_rolling_abs_skewness,False,5,-0.03431500867009163,0.47998663179053175,sum_mod_10
0.26110586524009705,-0.3282008469104767,3,-0.048531797768757,residual_norm_w4_rolling_abs_kurtosis,False,5,-0.023665785789489746,0.37848348710752455,sum_mod_10
0.16702669858932495,-0.4484606385231018,3,-0.3823518018890001,residual_norm_w8_rolling_variance,False,5,-0.15167474746704102,0.3977166098807357,sum_mod_10
0.39947646856307983,-0.011642633937299252,3,0.14346135276657646,residual_norm_w8_rolling_abs_skewness,False,5,0.18976306915283203,0.26380663386982783,sum_mod_10
-0.0713275820016861,-0.38154134154319763,3,-0.1366761264987172,residual_norm_w8_rolling_abs_kurtosis,False,5,-0.1946987807750702,0.20118788732418313,sum_mod_10
0.1334795206785202,-0.45621657371520996,3,-0.3303183895109018,residual_norm_w16_rolling_variance,False,5,-0.16162924468517303,0.38407361292655945,sum_mod_10
0.3871573805809021,-0.10945918411016464,3,0.3046949164533294,residual_norm_w16_rolling_abs_skewness,False,5,0.19132432341575623,0.33309055841076807,sum_mod_10
-0.021464142948389053,-0.2870415449142456,3,-0.07692819815028273,residual_norm_w16_rolling_abs_kurtosis,False,5,-0.15134203433990479,0.1810026386735561,sum_mod_10
0.2866131663322449,-0.2980192005634308,3,0.129844030516886,block_update_norm_mean,False,5,0.02988946996629238,0.3760074184014922,sum_mod_10
0.1462138593196869,-0.22024080157279968,3,-0.0015997547085965542,block_update_norm_variance,False,5,-0.026964396238327026,0.24372430038460288,sum_mod_10
0.31672966480255127,-0.06492748111486435,3,0.0995699006197741,block_update_norm_first_difference_abs_mean,False,5,0.13116589188575745,0.24936539265617483,sum_mod_10
0.3504541516304016,-0.04402733966708183,3,0.19445693663124036,block_update_norm_second_difference_abs_mean,False,5,0.15321341156959534,0.25641946501222124,sum_mod_10
0.09863939881324768,-0.49808940291404724,3,-0.2815425113567383,block_update_norm_acf_lag1,False,5,-0.19610819220542908,0.40440634850100077,sum_mod_10
0.05669615790247917,-0.5135451555252075,3,-0.49352641884120074,block_update_norm_correlation_length,False,5,-0.23079900443553925,0.38464581782395674,sum_mod_10
0.03768900781869888,-0.5894243121147156,3,-0.47266249435923996,block_update_norm_window_mean_shift,False,5,-0.2760109305381775,0.4195154085617055,sum_mod_10
0.05302193760871887,-0.5366123914718628,3,-0.3438662139893282,block_update_norm_wasserstein,False,5,-0.25339263677597046,0.3759904569792865,sum_mod_10
0.3119165301322937,-0.1450713574886322,3,0.10992927919680451,block_update_norm_w4_rolling_variance,False,5,0.08342257887125015,0.29848896764520355,sum_mod_10
0.24590086936950684,-0.1538066565990448,3,0.06660731207300888,block_update_norm_w4_rolling_abs_skewness,False,5,0.04639742895960808,0.2507061092520555,sum_mod_10
0.1338219791650772,-0.19553864002227783,3,-0.12376784089788571,block_update_norm_w4_rolling_abs_kurtosis,False,5,-0.045837003737688065,0.2201826226833677,sum_mod_10
0.30929499864578247,-0.13412579894065857,3,0.16052738429778537,block_update_norm_w8_rolling_variance,False,5,0.0875416249036789,0.3059001979750106,sum_mod_10
0.2605997622013092,-0.11535032093524933,3,0.14733079762742718,block_update_norm_w8_rolling_abs_skewness,False,5,0.09315760433673859,0.24159498234678087,sum_mod_10
0.36215275526046753,-0.19389064610004425,3,0.16957051112701976,block_update_norm_w8_rolling_abs_kurtosis,False,5,0.10448968410491943,0.342875131670815,sum_mod_10
0.31819266080856323,-0.07562382519245148,3,0.039993589353622336,block_update_norm_w16_rolling_variance,False,5,0.10420286655426025,0.2569112459372471,sum_mod_10
0.11088283360004425,-0.4501454830169678,3,-0.22168397492493813,block_update_norm_w16_rolling_abs_skewness,False,5,-0.18711316585540771,0.3513776795318391,sum_mod_10
0.4365166127681732,-0.2640434205532074,3,0.14056515753817025,block_update_norm_w16_rolling_abs_kurtosis,False,5,0.08623658120632172,0.45123208979736884,sum_mod_10
0.3864244818687439,-0.2402026355266571,3,0.2395798380410493,sa_update_norm_mean,False,5,0.0900849848985672,0.4296930200153312,sum_mod_10
0.22371956706047058,-0.11622749269008636,3,0.1434470844248363,sa_update_norm_variance,False,5,0.07777965813875198,0.21522461464391082,sum_mod_10
0.4292154908180237,0.001881241798400879,3,0.33928526573493645,sa_update_norm_first_difference_abs_mean,False,5,0.2203965187072754,0.2817295928753695,sum_mod_10
0.4574111998081207,-0.018367353826761246,3,0.3854081906859764,sa_update_norm_second_difference_abs_mean,False,5,0.2229711264371872,0.3093064522848535,sum_mod_10
-0.031182724982500076,-0.5206975936889648,3,-0.26897336419466866,sa_update_norm_acf_lag1,False,5,-0.27608591318130493,0.3174010547676298,sum_mod_10
0.12495668232440948,-0.3453417420387268,3,-0.21351233616369408,sa_update_norm_correlation_length,False,5,-0.11511671543121338,0.310496657672624,sum_mod_10
0.018239671364426613,-0.6917818188667297,3,-0.44714375126860006,sa_update_norm_window_mean_shift,False,5,-0.3428899049758911,0.4580140651744416,sum_mod_10
0.019341450184583664,-0.43534690141677856,3,-0.34727853985693935,sa_update_norm_wasserstein,False,5,-0.2080027312040329,0.31000522760306315,sum_mod_10
0.43271493911743164,-0.10616667568683624,3,0.29367108643547496,sa_update_norm_w4_rolling_variance,False,5,0.17059046030044556,0.3451025722987466,sum_mod_10
0.30412405729293823,-0.25325217843055725,3,0.0006433645451804428,sa_update_norm_w4_rolling_abs_skewness,False,5,0.038502514362335205,0.3772552291910023,sum_mod_10
0.18570664525032043,-0.314433753490448,3,-0.0386173280528997,sa_update_norm_w4_rolling_abs_kurtosis,False,5,-0.07705307006835938,0.3388617733297566,sum_mod_10
0.42198100686073303,-0.1089094877243042,3,0.3075506171622781,sa_update_norm_w8_rolling_variance,False,5,0.17364592850208282,0.3349510533504622,sum_mod_10
0.13349708914756775,-0.19313466548919678,3,0.02529817967884491,sa_update_norm_w8_rolling_abs_skewness,False,5,-0.029818793758749962,0.22048309153718315,sum_mod_10
0.36270540952682495,0.03623097017407417,3,0.1252309255268059,sa_update_norm_w8_rolling_abs_kurtosis,False,5,0.1692800670862198,0.22073220774081745,sum_mod_10
0.37919020652770996,-0.004821407608687878,3,0.2790249773754564,sa_update_norm_w16_rolling_variance,False,5,0.18833991885185242,0.2537631578973565,sum_mod_10
0.024022061377763748,-0.2957063317298889,3,-0.018207047090671266,sa_update_norm_w16_rolling_abs_skewness,False,5,-0.09823155403137207,0.21708501547248163,sum_mod_10
0.21212561428546906,-0.18915341794490814,3,0.05107437366827303,sa_update_norm_w16_rolling_abs_kurtosis,False,5,0.02982049621641636,0.2678836032435747,sum_mod_10
0.3048076927661896,-0.5521361231803894,3,-0.2727521237641017,ff_update_norm_mean,False,5,-0.16453488171100616,0.535958325776515,sum_mod_10
0.1459156572818756,-0.48328953981399536,3,-0.13512928708444774,ff_update_norm_variance,False,5,-0.18234236538410187,0.41862682857442757,sum_mod_10
0.34692707657814026,-0.21201443672180176,3,0.11684933172080947,ff_update_norm_first_difference_abs_mean,False,5,0.08068903535604477,0.3577467687701012,sum_mod_10
0.33775225281715393,-0.11964006721973419,3,0.19175344177081408,ff_update_norm_second_difference_abs_mean,False,5,0.1251440942287445,0.303107145290476,sum_mod_10
0.11840648949146271,-0.40377721190452576,3,-0.24189691667025098,ff_update_norm_acf_lag1,False,5,-0.1429305374622345,0.3428080357742123,sum_mod_10
0.03076835907995701,-0.3250473141670227,3,-0.20334166302985776,ff_update_norm_correlation_length,False,5,-0.1451386660337448,0.24419256393184538,sum_mod_10
0.2694656550884247,-0.2738027572631836,3,-0.1738661427708975,ff_update_norm_window_mean_shift,False,5,-0.0367448553442955,0.3656681467915238,sum_mod_10
0.217433363199234,-0.43240222334861755,3,-0.35531696376078026,ff_update_norm_wasserstein,False,5,-0.1397407501935959,0.40918067303628985,sum_mod_10
0.28333625197410583,-0.3327353596687317,3,0.1629479009837537,ff_update_norm_w4_rolling_variance,False,5,-0.024278542026877403,0.4117402305741029,sum_mod_10
0.09402630478143692,-0.36530885100364685,3,0.005679616549631826,ff_update_norm_w4_rolling_abs_skewness,False,5,-0.1111159548163414,0.30344849799409496,sum_mod_10
0.3099154531955719,-0.06350483000278473,3,0.18814576440147934,ff_update_norm_w4_rolling_abs_kurtosis,False,5,0.12905149161815643,0.23830266135478875,sum_mod_10
0.2246171534061432,-0.3002951741218567,3,0.10772722166636287,ff_update_norm_w8_rolling_variance,False,5,-0.03783899545669556,0.34998083998579593,sum_mod_10
0.31496143341064453,-0.3316097855567932,3,0.20879618786190482,ff_update_norm_w8_rolling_abs_skewness,False,5,0.043109260499477386,0.4094210549476068,sum_mod_10
0.33718276023864746,-0.6096943020820618,3,0.2500053443407304,ff_update_norm_w8_rolling_abs_kurtosis,False,5,-0.042668044567108154,0.6277549543112613,sum_mod_10
0.2888389527797699,-0.3120938241481781,3,0.12813301225410345,ff_update_norm_w16_rolling_variance,False,5,0.00020895600027870387,0.3815159099320448,sum_mod_10
0.2395666539669037,-0.5062612295150757,3,0.11264914912117782,ff_update_norm_w16_rolling_abs_skewness,False,5,-0.06744571775197983,0.5075740905978297,sum_mod_10
0.25680768489837646,-0.3897767961025238,3,-0.058128372899530815,ff_update_norm_w16_rolling_abs_kurtosis,False,5,-0.04831752926111221,0.41638084209633436,sum_mod_10
-0.11263541877269745,-0.29085955023765564,3,-0.23419235598520682,attention_entropy_mean,False,5,-0.20236575603485107,0.11935319738083387,sum_mod_10
0.03555547446012497,-0.45176035165786743,3,-0.04557454207516689,attention_entropy_variance,False,5,-0.2049194872379303,0.331372453596689,sum_mod_10
0.19401094317436218,-0.09669709205627441,3,0.011701450233599347,attention_entropy_first_difference_abs_mean,False,5,0.048791687935590744,0.19156069380466847,sum_mod_10
0.1780071258544922,-0.10543906688690186,3,0.03873263714050651,attention_entropy_second_difference_abs_mean,False,5,0.04302180930972099,0.17931259886741682,sum_mod_10
0.006798761896789074,-0.13992361724376678,3,-0.1028694923408069,attention_entropy_acf_lag1,False,5,-0.06656242907047272,0.09595746110448504,sum_mod_10
0.1620894968509674,-0.3861241936683655,3,-0.27425817186212076,attention_entropy_correlation_length,False,5,-0.13944317400455475,0.3494158246097073,sum_mod_10
0.06929264962673187,-0.42367124557495117,3,-0.21035172278521966,attention_entropy_window_mean_shift,False,5,-0.17718929052352905,0.3288394354601181,sum_mod_10
0.025888342410326004,-0.41142281889915466,3,-0.2353008679264918,attention_entropy_wasserstein,False,5,-0.19276723265647888,0.2862205409515388,sum_mod_10
0.26412495970726013,-0.1336727887392044,3,-0.029850728813017785,attention_entropy_w4_rolling_variance,False,5,0.055204860866069794,0.2577693035626151,sum_mod_10
0.1966313272714615,-0.23134145140647888,3,-0.007954912678991469,attention_entropy_w4_rolling_abs_skewness,False,5,-0.012968826107680798,0.28561239176876113,sum_mod_10
0.20770780742168427,-0.261588990688324,3,0.16506947658713664,attention_entropy_w4_rolling_abs_kurtosis,False,5,-0.01191208977252245,0.3028415290783383,sum_mod_10
0.26554715633392334,-0.1031005010008812,3,-0.017606322855189555,attention_entropy_w8_rolling_variance,False,5,0.06708286702632904,0.2498940604362769,sum_mod_10
0.09002436697483063,-0.4621512293815613,3,-0.22019105315830637,attention_entropy_w8_rolling_abs_skewness,False,5,-0.18445752561092377,0.34154105058414963,sum_mod_10
0.21253244578838348,-0.05347948521375656,3,0.061751556295164454,attention_entropy_w8_rolling_abs_kurtosis,False,5,0.0820668637752533,0.1786862567723791,sum_mod_10
0.2433696985244751,-0.16940633952617645,3,-0.029834785114771428,attention_entropy_w16_rolling_variance,False,5,0.012406835332512856,0.2758310345002044,sum_mod_10
0.17490850389003754,-0.2138359099626541,3,0.02282210815380002,attention_entropy_w16_rolling_abs_skewness,False,5,-0.01947069726884365,0.2525150667708665,sum_mod_10
0.18113328516483307,-0.3914015591144562,3,-0.007701314044214367,attention_entropy_w16_rolling_abs_kurtosis,False,5,-0.10790904611349106,0.3918440484927299,sum_mod_10
0.27456292510032654,-0.132684126496315,3,-0.10038964999860546,residual_vector_mean_shift,False,5,0.04917657747864723,0.28797223929983484,sum_mod_10
0.5623473525047302,0.008226792328059673,3,0.12857633530904355,residual_covariance_drift,False,5,0.28019779920578003,0.3571942678001919,sum_mod_10
0.22270309925079346,-0.3303040862083435,3,-0.10616459320274842,residual_wasserstein_norm,False,5,-0.05380050092935562,0.3548864529432637,sum_mod_10
0.19351442158222198,-0.11302709579467773,3,-0.005193754905902956,residual_mmd,False,5,0.026363154873251915,0.20036693051238075,sum_mod_10
0.7277281880378723,0.04148968309164047,3,0.49286576733094756,residual_subspace_drift,False,5,0.41779762506484985,0.44740452491950516,sum_mod_10
-0.07342909276485443,-0.45331573486328125,3,-0.3523369070717259,residual_eigenspectrum_drift,False,5,-0.28076767921447754,0.24951449319086624,sum_mod_10
0.4842255115509033,-0.19504408538341522,3,0.23948050620250172,residual_window_cka,False,5,0.15907296538352966,0.4438250437135869,sum_mod_10
-0.08294638246297836,-0.48725637793540955,3,-0.22165454815097252,residual_window_rsa,False,5,-0.2744778096675873,0.25282618775962745,sum_mod_10
0.4849051535129547,-0.045587800443172455,3,0.08390744104656081,residual_first_stable_rank,False,5,0.17201443016529083,0.3500467970620246,sum_mod_10
0.28518909215927124,-0.15787917375564575,3,0.23103441010372985,residual_second_stable_rank,False,5,0.07817372679710388,0.29343473331889536,sum_mod_10
0.44953250885009766,-0.04520712420344353,3,-0.0012626548279566622,attention_entropy_sa_norm_crosscorr_zero,False,5,0.19127579033374786,0.3171177749785595,sum_mod_10
0.16963669657707214,-0.4936348497867584,3,-0.12072296838559891,attention_entropy_sa_norm_crosscorr_peak_abs,False,5,-0.16242972016334534,0.4376914867521063,sum_mod_10
0.30178752541542053,-0.4867950975894928,3,0.16469081348881254,sa_ff_norm_crosscorr_zero,False,5,-0.06737738102674484,0.5307844352876473,sum_mod_10
0.18300454318523407,-0.37405410408973694,3,-0.04489548110211988,sa_ff_norm_crosscorr_peak_abs,False,5,-0.1026906743645668,0.3744066267378902,sum_mod_10
0.05076050013303757,-0.590947151184082,3,-0.09104287622748283,residual_update_norm_crosscorr_zero,False,5,-0.23267190158367157,0.40559348218963115,sum_mod_10
0.016352463513612747,-0.7219572067260742,3,-0.3304116593455454,residual_update_norm_crosscorr_peak_abs,False,5,-0.3392237424850464,0.4575660750655728,sum_mod_10
