gate_block_above_0_9_ci95_high,gate_block_above_0_9_ci95_low,gate_block_above_0_9_mean,gate_block_below_0_5_ci95_high,gate_block_below_0_5_ci95_low,gate_block_below_0_5_mean,gate_block_mean_ci95_high,gate_block_mean_ci95_low,gate_block_mean_mean,gate_candidate_norm_spearman_ci95_high,gate_candidate_norm_spearman_ci95_low,gate_candidate_norm_spearman_mean,gate_ff_above_0_9_ci95_high,gate_ff_above_0_9_ci95_low,gate_ff_above_0_9_mean,gate_ff_below_0_5_ci95_high,gate_ff_below_0_5_ci95_low,gate_ff_below_0_5_mean,gate_ff_mean_ci95_high,gate_ff_mean_ci95_low,gate_ff_mean_mean,gate_sa_above_0_9_ci95_high,gate_sa_above_0_9_ci95_low,gate_sa_above_0_9_mean,gate_sa_below_0_5_ci95_high,gate_sa_below_0_5_ci95_low,gate_sa_below_0_5_mean,gate_sa_mean_ci95_high,gate_sa_mean_ci95_low,gate_sa_mean_mean,gate_utility_block_spearman_ci95_high,gate_utility_block_spearman_ci95_low,gate_utility_block_spearman_mean,gate_utility_ff_spearman_ci95_high,gate_utility_ff_spearman_ci95_low,gate_utility_ff_spearman_mean,gate_utility_sa_spearman_ci95_high,gate_utility_sa_spearman_ci95_low,gate_utility_sa_spearman_mean,layer,seed_n,task_family,utility_block_mean_ci95_high,utility_block_mean_ci95_low,utility_block_mean_mean,utility_ff_mean_ci95_high,utility_ff_mean_ci95_low,utility_ff_mean_mean,utility_sa_mean_ci95_high,utility_sa_mean_ci95_low,utility_sa_mean_mean,variant
1.0,0.22999998927116394,0.6299999952316284,0.0,0.0,0.0,0.9523214101791382,0.8209139108657837,0.8934990763664246,0.3331170678138733,-0.18879902362823486,0.011872815899550915,1.0,1.0,1.0,0.0,0.0,0.0,1.0,1.0,1.0,1.0,1.0,1.0,0.0,0.0,0.0,1.0,1.0,1.0,0.0015471667284145951,-0.2693188786506653,-0.12289875745773315,,,,,,,0,5,first,0.165670245885849,0.02339971251785755,0.07731422036886215,0.027645325288176537,0.0008068227325566113,0.011529916897416115,0.08699061721563339,0.0013938331976532936,0.03059316612780094,gated
0.7233332991600037,0.0833333283662796,0.3933333456516266,0.0,0.0,0.0,0.9287196397781372,0.8059444427490234,0.8725448846817017,0.46811890602111816,-0.10629619657993317,0.17900528013706207,1.0,1.0,1.0,0.0,0.0,0.0,1.0,1.0,1.0,1.0,1.0,1.0,0.0,0.0,0.0,1.0,1.0,1.0,0.09191443026065826,-0.2311197817325592,-0.07412058860063553,,,,,,,1,5,first,0.12466497719287872,0.017600025981664658,0.07113250344991684,0.045603953301906586,0.0009306229185312986,0.01675880327820778,0.13193389773368835,0.0003909373190253973,0.04743840917944908,gated
0.6599999666213989,0.030000001192092896,0.29333335161209106,0.0,0.0,0.0,0.8964311480522156,0.7695964574813843,0.8359425663948059,0.23937758803367615,-0.260250061750412,0.02369547262787819,1.0,1.0,1.0,0.0,0.0,0.0,1.0,1.0,1.0,1.0,1.0,1.0,0.0,0.0,0.0,1.0,1.0,1.0,0.05368157476186752,-0.2981606125831604,-0.12570157647132874,,,,,,,2,5,first,0.05182970315217972,0.015062456950545311,0.02988973632454872,0.006182973273098469,0.0006477037677541375,0.0034153382293879986,0.02711154893040657,0.006698410026729107,0.016904978081583977,gated
0.8833333849906921,0.4333333373069763,0.6766666769981384,0.0,0.0,0.0,0.9453685879707336,0.88456791639328,0.9137375950813293,0.4257071614265442,0.032142262905836105,0.20208947360515594,1.0,1.0,1.0,0.0,0.0,0.0,1.0,1.0,1.0,1.0,1.0,1.0,0.0,0.0,0.0,1.0,1.0,1.0,0.11593220382928848,-0.075376495718956,0.012492358684539795,,,,,,,3,5,first,0.9029756784439087,0.046524178236722946,0.45917439460754395,0.0030536851845681667,0.00018558646843302995,0.0013558005448430777,0.9819430112838745,0.025302261114120483,0.500698983669281,gated
0.9266666173934937,0.653333306312561,0.7900000214576721,0.0,0.0,0.0,0.951530933380127,0.8944571614265442,0.9226016998291016,0.591731071472168,0.413592666387558,0.507996678352356,1.0,1.0,1.0,0.0,0.0,0.0,1.0,1.0,1.0,1.0,1.0,1.0,0.0,0.0,0.0,1.0,1.0,1.0,0.4929591119289398,0.23717698454856873,0.3778827488422394,,,,,,,4,5,first,0.14721746742725372,0.00015226354298647493,0.05120221897959709,0.0016820499440655112,0.0003604292869567871,0.0009949684608727694,0.13890859484672546,-5.698860695702024e-05,0.04730682820081711,gated
0.9966667294502258,0.6599999666213989,0.8500000238418579,0.03333333507180214,0.0,0.013333333656191826,0.9589985609054565,0.8762536644935608,0.9225234985351562,0.3379113972187042,-0.33272576332092285,0.08702417463064194,1.0,1.0,1.0,0.0,0.0,0.0,1.0,1.0,1.0,1.0,1.0,1.0,0.0,0.0,0.0,1.0,1.0,1.0,0.3029952645301819,-0.18416225910186768,0.09867185354232788,,,,,,,5,5,first,1.7600886821746826,0.011086267419159412,0.5993684530258179,0.005630569998174906,0.00020719233725685626,0.0022544427774846554,1.785096526145935,0.007920891046524048,0.6033301949501038,gated
0.9666666984558105,0.6499999761581421,0.8166667222976685,0.07000000029802322,0.0,0.023333333432674408,0.9474706649780273,0.8615599870681763,0.9132059216499329,0.742361843585968,0.44848018884658813,0.5954209566116333,1.0,1.0,1.0,0.0,0.0,0.0,1.0,1.0,1.0,1.0,1.0,1.0,0.0,0.0,0.0,1.0,1.0,1.0,0.5416615605354309,0.30355098843574524,0.4191497266292572,,,,,,,6,5,first,0.05346717685461044,0.00401570787653327,0.027386074885725975,0.0007458104519173503,-0.00011630911467364058,0.0003147506504319608,0.042932040989398956,0.004943339619785547,0.022128988057374954,gated
0.6899999380111694,0.33666664361953735,0.4899999499320984,0.1599999964237213,0.0033333334140479565,0.06333333998918533,0.8950061798095703,0.7644035220146179,0.8375332951545715,0.8555265665054321,0.3717588186264038,0.6202611327171326,1.0,1.0,1.0,0.0,0.0,0.0,1.0,1.0,1.0,1.0,1.0,1.0,0.0,0.0,0.0,1.0,1.0,1.0,0.5842512249946594,0.20210058987140656,0.3931758999824524,,,,,,,7,5,first,0.019238801673054695,0.0009699119837023318,0.007586367428302765,0.0025248494930565357,0.00031810373184271157,0.0012155072763562202,0.011930761858820915,0.0004815255233552307,0.004916556179523468,gated
0.8300000429153442,0.43333330750465393,0.65666663646698,0.17000000178813934,0.009999999776482582,0.08999999612569809,0.9147791862487793,0.7770000696182251,0.8475378155708313,0.5964990258216858,0.13183662295341492,0.36416783928871155,1.0,1.0,1.0,0.0,0.0,0.0,1.0,1.0,1.0,1.0,1.0,1.0,0.0,0.0,0.0,1.0,1.0,1.0,0.5092525482177734,0.2610725164413452,0.38231730461120605,,,,,,,8,5,first,0.0024194319266825914,-0.0006219776114448905,0.0008576138061471283,0.0012936891289427876,0.00010277482215315104,0.0005667872610501945,0.0031110206618905067,-0.0009184826631098986,0.0008753989823162556,gated
0.49333328008651733,0.2633333206176758,0.37999996542930603,0.3466666638851166,0.15000000596046448,0.23666667938232422,0.7915266156196594,0.6428993940353394,0.7167825698852539,0.8105806112289429,0.3896971344947815,0.6174604296684265,1.0,1.0,1.0,0.0,0.0,0.0,1.0,1.0,1.0,1.0,1.0,1.0,0.0,0.0,0.0,1.0,1.0,1.0,0.6098138689994812,0.2856571078300476,0.42934149503707886,,,,,,,9,5,first,0.001213712152093649,0.0003571590641513467,0.0007547271088697016,0.0003311758046038449,0.00021216002642177045,0.00027356570353731513,0.0005718722240999341,-0.00017763780488166958,0.00018527776410337538,gated
0.47333335876464844,0.3100000023841858,0.3933333158493042,0.23999997973442078,0.019999999552965164,0.12000000476837158,0.8577173352241516,0.7206867933273315,0.7931603789329529,0.7727368474006653,0.443189799785614,0.6209725141525269,1.0,1.0,1.0,0.0,0.0,0.0,1.0,1.0,1.0,1.0,1.0,1.0,0.0,0.0,0.0,1.0,1.0,1.0,0.5269907712936401,0.23678798973560333,0.3759933114051819,,,,,,,10,5,first,0.0030857762321829796,0.00048154228716157377,0.0016752246301621199,0.001126892864704132,-0.00046774567454122007,0.00031600985676050186,0.003344797994941473,0.00018895405810326338,0.0014183077728375793,gated
0.5666667222976685,0.2566666603088379,0.42666664719581604,0.30666667222976685,0.05000000447034836,0.17666666209697723,0.8333318829536438,0.6784214973449707,0.7580448985099792,0.7747596502304077,0.439788818359375,0.6525367498397827,1.0,1.0,1.0,0.0,0.0,0.0,1.0,1.0,1.0,1.0,1.0,1.0,0.0,0.0,0.0,1.0,1.0,1.0,0.6102473139762878,0.2430119514465332,0.4266296327114105,,,,,,,11,5,first,0.0006953118136152625,-0.0012177760945633054,3.661126902443357e-05,0.0009552905103191733,0.00030798272928223014,0.0006104615167714655,0.00025238347006961703,-0.0017760476330295205,-0.00050306913908571,gated
0.7099999785423279,0.3700000047683716,0.5300000309944153,0.273333340883255,0.03333333507180214,0.14666667580604553,0.889829695224762,0.707478404045105,0.8014969825744629,0.7651791572570801,0.453481525182724,0.6069130897521973,1.0,1.0,1.0,0.0,0.0,0.0,1.0,1.0,1.0,1.0,1.0,1.0,0.0,0.0,0.0,1.0,1.0,1.0,0.6041345000267029,0.44491249322891235,0.5188108086585999,,,,,,,12,5,first,0.0019769154023379087,0.00034047808730974793,0.0009447155753150582,0.0012550392420962453,0.000135373993543908,0.0005508986650966108,0.0004554540500976145,7.748264033580199e-05,0.00023605380556546152,gated
0.5099999904632568,0.3100000023841858,0.4000000059604645,0.35999998450279236,0.10333333164453506,0.22333332896232605,0.7998376488685608,0.6099435687065125,0.7121258974075317,0.8708640933036804,0.7593887448310852,0.8151264190673828,1.0,1.0,1.0,0.0,0.0,0.0,1.0,1.0,1.0,1.0,1.0,1.0,0.0,0.0,0.0,1.0,1.0,1.0,0.7083523273468018,0.6145929098129272,0.6630841493606567,,,,,,,13,5,first,0.0022762443404644728,0.000737684837076813,0.0014891389291733503,0.001229015877470374,0.00031998445047065616,0.0006944394554011524,0.0013123011449351907,0.00017913106421474367,0.000618627411313355,gated
0.5099999904632568,0.09666667878627777,0.26333335041999817,0.46666663885116577,0.1666666567325592,0.3100000321865082,0.7653642296791077,0.5201923847198486,0.638069748878479,0.8822228312492371,0.7921422719955444,0.838932991027832,1.0,1.0,1.0,0.0,0.0,0.0,1.0,1.0,1.0,1.0,1.0,1.0,0.0,0.0,0.0,1.0,1.0,1.0,0.7256616353988647,0.447626531124115,0.6001467108726501,,,,,,,14,5,first,0.0007864255458116531,-7.978548092069104e-05,0.00040587992407381535,0.0005082449060864747,0.00021129062224645168,0.0003818833502009511,0.00020186910114716738,-0.0004443240468390286,-5.2048813813598827e-05,gated
0.39666667580604553,0.1733333319425583,0.27666670083999634,0.45333331823349,0.07999999821186066,0.2600000202655792,0.7764828205108643,0.5672812461853027,0.6775683164596558,0.8934362530708313,0.703006386756897,0.812714695930481,1.0,1.0,1.0,0.0,0.0,0.0,1.0,1.0,1.0,1.0,1.0,1.0,0.0,0.0,0.0,1.0,1.0,1.0,0.8487135767936707,0.5777493715286255,0.7368935346603394,,,,,,,15,5,first,0.0010865958174690604,0.0003831630165223032,0.0006814412772655487,0.0010666354792192578,0.00022587070998270065,0.0006121579790487885,0.00013776763807982206,-0.00011108315084129572,2.2626627469435334e-05,gated
1.0,0.22999998927116394,0.6299999952316284,0.0,0.0,0.0,0.9533127546310425,0.816004753112793,0.8921171426773071,0.5394312143325806,-0.2849566340446472,0.12715408205986023,1.0,1.0,1.0,0.0,0.0,0.0,1.0,1.0,1.0,1.0,1.0,1.0,0.0,0.0,0.0,1.0,1.0,1.0,0.15924973785877228,-0.12848907709121704,0.01023672241717577,,,,,,,0,5,last,1.432877540588379,0.03623875975608826,0.6635513305664062,0.008722304366528988,0.0005741083296015859,0.003990617115050554,1.6891275644302368,0.016268718987703323,0.7837346792221069,gated
0.7066666483879089,0.0,0.30666667222976685,0.0,0.0,0.0,0.9121478796005249,0.7325437664985657,0.8223458528518677,0.5052958726882935,0.10488469898700714,0.2968713641166687,1.0,1.0,1.0,0.0,0.0,0.0,1.0,1.0,1.0,1.0,1.0,1.0,0.0,0.0,0.0,1.0,1.0,1.0,0.14148375391960144,-0.035632118582725525,0.05976104736328125,,,,,,,1,5,last,0.09534414112567902,-6.300029053818434e-05,0.03560568019747734,0.005798978265374899,0.0015054990071803331,0.0030302784871309996,0.020457535982131958,-0.0009741673129610717,0.006976589560508728,gated
0.6100000143051147,0.0033333334140479565,0.2199999988079071,0.0,0.0,0.0,0.8888399004936218,0.7736373543739319,0.8319118618965149,0.13308140635490417,-0.07108641415834427,0.0356098935008049,1.0,1.0,1.0,0.0,0.0,0.0,1.0,1.0,1.0,1.0,1.0,1.0,0.0,0.0,0.0,1.0,1.0,1.0,0.10525145381689072,-0.07168658077716827,0.009991663508117199,,,,,,,2,5,last,0.031292568892240524,0.007196737919002771,0.019079197198152542,0.00350510748103261,0.0013120219809934497,0.0021676651667803526,0.045159969478845596,0.00021217469475232065,0.01901192218065262,gated
1.0,0.37000003457069397,0.7366666793823242,0.0,0.0,0.0,0.9603010416030884,0.872810959815979,0.9212737083435059,0.13507084548473358,-0.3353375792503357,-0.10142817348241806,1.0,1.0,1.0,0.0,0.0,0.0,1.0,1.0,1.0,1.0,1.0,1.0,0.0,0.0,0.0,1.0,1.0,1.0,0.09924979507923126,-0.08400110900402069,-0.0019338686252012849,,,,,,,3,5,last,0.596649169921875,0.04894551262259483,0.31492525339126587,0.004509659018367529,-0.0001083329480024986,0.002165063749998808,0.664059579372406,0.04070358723402023,0.29582393169403076,gated
0.8834167718887329,0.5566666722297668,0.7300000190734863,0.0,0.0,0.0,0.943407416343689,0.878477931022644,0.913281261920929,0.641019880771637,0.030575156211853027,0.38268405199050903,1.0,1.0,1.0,0.0,0.0,0.0,1.0,1.0,1.0,1.0,1.0,1.0,0.0,0.0,0.0,1.0,1.0,1.0,0.3881078362464905,0.07819949835538864,0.23315365612506866,,,,,,,4,5,last,0.3766644597053528,0.008225543424487114,0.13422159850597382,0.0012482290621846914,-0.0005531368078663945,0.0003601376083679497,0.3760278820991516,0.005900255404412746,0.1323019415140152,gated
0.9366666674613953,0.6700000166893005,0.8033332824707031,0.04000000283122063,0.0,0.013333333656191826,0.9418787956237793,0.8980191349983215,0.919948935508728,0.34987497329711914,-0.009069186635315418,0.1597999632358551,1.0,1.0,1.0,0.0,0.0,0.0,1.0,1.0,1.0,1.0,1.0,1.0,0.0,0.0,0.0,1.0,1.0,1.0,0.29106974601745605,-0.002411781344562769,0.12979160249233246,,,,,,,5,5,last,0.07572591304779053,0.006274793297052383,0.03085239604115486,0.0036234166473150253,0.0001472654694225639,0.0014514003414660692,0.046541571617126465,0.004727015271782875,0.019992155954241753,gated
0.9533333778381348,0.5866667032241821,0.7733333110809326,0.09000000357627869,0.0,0.030000001192092896,0.9494559168815613,0.8227260708808899,0.8976375460624695,0.7794609665870667,0.4634842872619629,0.6184828877449036,1.0,1.0,1.0,0.0,0.0,0.0,1.0,1.0,1.0,1.0,1.0,1.0,0.0,0.0,0.0,1.0,1.0,1.0,0.5072075724601746,0.08377882838249207,0.2954931855201721,,,,,,,6,5,last,0.012895843014121056,0.0027929735369980335,0.007167516741901636,0.00042423891136422753,0.0001049705533660017,0.00025886818184517324,0.010221063159406185,0.0016746526816859841,0.00531612616032362,gated
0.7500000596046448,0.33666667342185974,0.5366666913032532,0.1733333319425583,0.013333333656191826,0.07999999821186066,0.9127117395401001,0.764471173286438,0.8428360223770142,0.7771381139755249,0.37030285596847534,0.5876520872116089,1.0,1.0,1.0,0.0,0.0,0.0,1.0,1.0,1.0,1.0,1.0,1.0,0.0,0.0,0.0,1.0,1.0,1.0,0.5345039963722229,0.17598220705986023,0.3892192244529724,,,,,,,7,5,last,0.017498809844255447,0.0011114177759736776,0.006971592549234629,0.0006390450871549547,-0.00012326569412834942,0.00025788971106521785,0.02038348838686943,0.0007045479724183679,0.007797358091920614,gated
0.830000102519989,0.3266666829586029,0.5999999642372131,0.23341676592826843,0.02666666731238365,0.12333333492279053,0.9187003374099731,0.6941360831260681,0.8158995509147644,0.5531758666038513,0.24732427299022675,0.37963879108428955,1.0,1.0,1.0,0.0,0.0,0.0,1.0,1.0,1.0,1.0,1.0,1.0,0.0,0.0,0.0,1.0,1.0,1.0,0.372336745262146,0.17831620573997498,0.2784884572029114,,,,,,,8,5,last,0.0027680478524416685,0.0011889631859958172,0.0019105287501588464,0.0010604143608361483,9.804071305552498e-05,0.0005525933811441064,0.001633375883102417,0.0005701808258891106,0.0010503835510462523,gated
0.5699999928474426,0.12333333492279053,0.3466666340827942,0.23000001907348633,0.07000000774860382,0.15333333611488342,0.8520668148994446,0.6879804730415344,0.7672723531723022,0.6900027990341187,0.16729091107845306,0.4577493667602539,1.0,1.0,1.0,0.0,0.0,0.0,1.0,1.0,1.0,1.0,1.0,1.0,0.0,0.0,0.0,1.0,1.0,1.0,0.478266179561615,0.28251180052757263,0.3853737413883209,,,,,,,9,5,last,0.0038265485782176256,0.0007616697112098336,0.0019972610753029585,0.0008679403108544648,0.0004041492356918752,0.00063604477327317,0.0031644112896174192,3.279417069279589e-05,0.001315965550020337,gated
0.47333335876464844,0.2199999988079071,0.3399999737739563,0.20666666328907013,0.03333333507180214,0.11666667461395264,0.8305765390396118,0.7286038398742676,0.7726278305053711,0.698104977607727,0.4891025125980377,0.5841400027275085,1.0,1.0,1.0,0.0,0.0,0.0,1.0,1.0,1.0,1.0,1.0,1.0,0.0,0.0,0.0,1.0,1.0,1.0,0.519566535949707,0.3991330862045288,0.46196165680885315,,,,,,,10,5,last,0.002332920441403985,0.0008427118882536888,0.0015281852101907134,0.0031308408360928297,0.0003725630813278258,0.0013241092674434185,0.0011343506630510092,-0.0006230468861758709,0.00029916668427176774,gated
0.5533333420753479,0.17000000178813934,0.36000001430511475,0.28333336114883423,0.08666666597127914,0.17666666209697723,0.8234858512878418,0.6722711324691772,0.7572578191757202,0.7975659966468811,0.43278688192367554,0.6495581865310669,1.0,1.0,1.0,0.0,0.0,0.0,1.0,1.0,1.0,1.0,1.0,1.0,0.0,0.0,0.0,1.0,1.0,1.0,0.5649902820587158,0.18501806259155273,0.3750041425228119,,,,,,,11,5,last,0.0023472518660128117,-1.945192889252212e-05,0.0011061644181609154,0.0019075411837548018,0.0006684170803055167,0.0012085660127922893,0.000808229495305568,-0.0011464726412668824,-8.687597437528893e-05,gated
0.6866666674613953,0.2199999988079071,0.46000003814697266,0.30666667222976685,0.06000000238418579,0.17666666209697723,0.8798424005508423,0.6514293551445007,0.7704775929450989,0.7532092332839966,0.22721867263317108,0.49021396040916443,1.0,1.0,1.0,0.0,0.0,0.0,1.0,1.0,1.0,1.0,1.0,1.0,0.0,0.0,0.0,1.0,1.0,1.0,0.6383106112480164,0.342195063829422,0.5076298713684082,,,,,,,12,5,last,0.0007706633186899126,0.0004951466107740998,0.000619778351392597,0.0008698763558641076,0.0003625012468546629,0.0005967761971987784,0.00011203988833585754,-0.00011876964708790183,-3.620416009653127e-06,gated
0.4566667079925537,0.15666666626930237,0.31333333253860474,0.3700000047683716,0.12999999523162842,0.2433333396911621,0.7778743505477905,0.592526376247406,0.6852003335952759,0.7918088436126709,0.7290913462638855,0.7608224153518677,1.0,1.0,1.0,0.0,0.0,0.0,1.0,1.0,1.0,1.0,1.0,1.0,0.0,0.0,0.0,1.0,1.0,1.0,0.6744874119758606,0.46156153082847595,0.5736371278762817,,,,,,,13,5,last,0.0011337429750710726,0.0005707248346880078,0.0008669635280966759,0.001413768739439547,0.0003376031818334013,0.0008176974952220917,0.000273579906206578,-0.0003514670243021101,2.975243842229247e-05,gated
0.5766666531562805,0.046666670590639114,0.25,0.4899999499320984,0.0833333283662796,0.2866666913032532,0.7826868295669556,0.4826953411102295,0.6231468915939331,0.8335204124450684,0.6413336992263794,0.7374271154403687,1.0,1.0,1.0,0.0,0.0,0.0,1.0,1.0,1.0,1.0,1.0,1.0,0.0,0.0,0.0,1.0,1.0,1.0,0.6372880935668945,0.43545427918434143,0.5363712310791016,,,,,,,14,5,last,0.0016480006743222475,0.0002819704241119325,0.0008521996205672622,0.001087021199055016,0.000231565602007322,0.0005880416138097644,0.00043687300058081746,5.374904958443949e-06,0.00018412989447824657,gated
0.4034167528152466,0.10333333909511566,0.25333333015441895,0.4699999690055847,0.09333334118127823,0.2666666805744171,0.7668480277061462,0.5080631971359253,0.6530033349990845,0.8787329792976379,0.6194387674331665,0.7811281085014343,1.0,1.0,1.0,0.0,0.0,0.0,1.0,1.0,1.0,1.0,1.0,1.0,0.0,0.0,0.0,1.0,1.0,1.0,0.6710752844810486,0.24612390995025635,0.5187441110610962,,,,,,,15,5,last,0.0009837005054578185,0.0005217058933340013,0.0007350160740315914,0.0007742522284388542,0.0003438103594817221,0.0005459861713461578,0.000226950432988815,9.443768067285419e-05,0.00014872841711621732,gated
0.9600000381469727,0.1599999964237213,0.5600000023841858,0.0,0.0,0.0,0.9475889205932617,0.8411636352539062,0.894376277923584,0.44781428575515747,-0.042387377470731735,0.17439714074134827,1.0,1.0,1.0,0.0,0.0,0.0,1.0,1.0,1.0,1.0,1.0,1.0,0.0,0.0,0.0,1.0,1.0,1.0,-0.006016019266098738,-0.10166566073894501,-0.05384083837270737,,,,,,,0,5,maximum,0.9706522822380066,0.02048954926431179,0.4064534306526184,0.057136207818984985,0.004785812925547361,0.03375063091516495,0.45179328322410583,-0.00609217444434762,0.20599091053009033,gated
0.7633333206176758,0.030000001192092896,0.3933333456516266,0.08000000566244125,0.0,0.02666666731238365,0.9185870885848999,0.7208293676376343,0.8312844038009644,0.30007225275039673,-0.1293470412492752,0.0698305144906044,1.0,1.0,1.0,0.0,0.0,0.0,1.0,1.0,1.0,1.0,1.0,1.0,0.0,0.0,0.0,1.0,1.0,1.0,0.08958043158054352,-0.1318255066871643,-0.02756320871412754,,,,,,,1,5,maximum,3.0721402168273926,0.10496250540018082,1.4133150577545166,0.07340440899133682,0.004731555003672838,0.0386710986495018,3.364654541015625,0.09014534205198288,1.5459864139556885,gated
0.9266666173934937,0.14666667580604553,0.5366666913032532,0.6000000238418579,0.0,0.20000000298023224,0.9384118318557739,0.4644319415092468,0.7477596998214722,0.405889630317688,-0.09018061310052872,0.17411503195762634,1.0,1.0,1.0,0.0,0.0,0.0,1.0,1.0,1.0,1.0,1.0,1.0,0.0,0.0,0.0,1.0,1.0,1.0,0.11487635225057602,-0.17473742365837097,-0.029930537566542625,,,,,,,2,5,maximum,0.880031943321228,0.0025301086716353893,0.32218608260154724,0.03317626938223839,-0.012058647349476814,0.007168036885559559,1.0543172359466553,-0.004631658084690571,0.3718799948692322,gated
0.846666693687439,0.20999999344348907,0.5300000309944153,0.6000000238418579,0.0,0.20000000298023224,0.9417610168457031,0.45946836471557617,0.7658759951591492,0.42728468775749207,0.21149209141731262,0.3167102038860321,1.0,1.0,1.0,0.0,0.0,0.0,1.0,1.0,1.0,1.0,1.0,1.0,0.0,0.0,0.0,1.0,1.0,1.0,0.17846068739891052,-0.06431786715984344,0.05707141011953354,,,,,,,3,5,maximum,0.08364269137382507,0.009674436412751675,0.04666230082511902,0.06657212227582932,-0.004511998500674963,0.028587553650140762,0.04197002202272415,0.0023597395047545433,0.02118425816297531,gated
0.6000000238418579,0.0,0.20000000298023224,0.3866666853427887,0.0,0.1599999964237213,0.8726916313171387,0.5306919813156128,0.6954239010810852,0.47515422105789185,0.024217838421463966,0.2277188003063202,1.0,1.0,1.0,0.0,0.0,0.0,1.0,1.0,1.0,1.0,1.0,1.0,0.0,0.0,0.0,1.0,1.0,1.0,0.3764490485191345,0.04656849056482315,0.2016560286283493,,,,,,,4,5,maximum,0.05362672358751297,-0.020584052428603172,0.019047658890485764,0.04617041349411011,-0.011035772040486336,0.01244703121483326,0.0684499442577362,-0.02525501325726509,0.020429257303476334,gated
0.7333333492279053,0.0033333334140479565,0.33666667342185974,0.5899999737739563,0.0,0.2433333396911621,0.8935486674308777,0.43169593811035156,0.675646185874939,0.24317865073680878,-0.18308418989181519,0.012336757965385914,1.0,1.0,1.0,0.0,0.0,0.0,1.0,1.0,1.0,1.0,1.0,1.0,0.0,0.0,0.0,1.0,1.0,1.0,0.4745318293571472,0.02824118174612522,0.29485970735549927,,,,,,,5,5,maximum,0.2397710084915161,0.0006607867544516921,0.09246049076318741,0.014583924785256386,-0.006527862045913935,0.002867612289264798,0.2488580197095871,0.0005119644338265061,0.09218941628932953,gated
0.9966667294502258,0.4033333361148834,0.7866666913032532,0.0,0.0,0.0,0.9856535792350769,0.8891533613204956,0.9426803588867188,0.4716421067714691,-0.14865240454673767,0.18117253482341766,1.0,1.0,1.0,0.0,0.0,0.0,1.0,1.0,1.0,1.0,1.0,1.0,0.0,0.0,0.0,1.0,1.0,1.0,0.43308696150779724,0.07380939275026321,0.2534481883049011,,,,,,,6,5,maximum,0.058868568390607834,-0.016482161357998848,0.02119320258498192,0.027850711718201637,-0.019336936995387077,0.0020058113150298595,0.030446549877524376,-0.0006534362328238785,0.014896556735038757,gated
0.8966667056083679,0.23666667938232422,0.5666666626930237,0.5099999904632568,0.0,0.20333333313465118,0.9522137641906738,0.5996219515800476,0.7905682325363159,0.4620172083377838,-0.019805502146482468,0.19979992508888245,1.0,1.0,1.0,0.0,0.0,0.0,1.0,1.0,1.0,1.0,1.0,1.0,0.0,0.0,0.0,1.0,1.0,1.0,0.2840900123119354,-0.22677132487297058,0.06161711364984512,,,,,,,7,5,maximum,0.07603046298027039,-0.009267926216125488,0.02847934700548649,-0.0009721642127260566,-0.008850492537021637,-0.0047864848747849464,0.07888968288898468,-0.004924177657812834,0.032947514206171036,gated
0.7866666316986084,0.08666667342185974,0.4366666376590729,0.31333333253860474,0.006666666828095913,0.15333333611488342,0.9111984372138977,0.5955828428268433,0.7533906102180481,0.6158599257469177,0.3611225187778473,0.498482882976532,1.0,1.0,1.0,0.0,0.0,0.0,1.0,1.0,1.0,1.0,1.0,1.0,0.0,0.0,0.0,1.0,1.0,1.0,0.3992852568626404,0.13106973469257355,0.2769324779510498,,,,,,,8,5,maximum,0.013854710385203362,-0.0279703252017498,-0.006664406508207321,-0.0009490891825407743,-0.009591943584382534,-0.005392417777329683,0.010284306481480598,-0.02177213504910469,-0.005378019995987415,gated
0.7333333492279053,0.0,0.3333333432674408,0.6866666674613953,0.1066666692495346,0.39666667580604553,0.8590819239616394,0.3572544455528259,0.6081681251525879,0.7040510773658752,0.27164214849472046,0.518356442451477,1.0,1.0,1.0,0.0,0.0,0.0,1.0,1.0,1.0,1.0,1.0,1.0,0.0,0.0,0.0,1.0,1.0,1.0,0.3783162236213684,-0.06412532180547714,0.17959924042224884,,,,,,,9,5,maximum,0.018831055611371994,-0.003269810928031802,0.007780622690916061,0.001085770665667951,-0.005107108503580093,-0.0018726938869804144,0.026006381958723068,-0.004878657404333353,0.00877835787832737,gated
0.79666668176651,0.2563333511352539,0.5200000405311584,0.05000000074505806,0.0,0.01666666753590107,0.9441359639167786,0.8092023730278015,0.8818483352661133,0.7058182954788208,0.37777161598205566,0.545540452003479,1.0,1.0,1.0,0.0,0.0,0.0,1.0,1.0,1.0,1.0,1.0,1.0,0.0,0.0,0.0,1.0,1.0,1.0,0.3725251853466034,-0.17325922846794128,0.09058072417974472,,,,,,,10,5,maximum,0.02898770198225975,0.004174253903329372,0.01722007617354393,0.0014916871441528201,-0.002606223104521632,-0.0006059881416149437,0.028987929224967957,0.005864819046109915,0.018237661570310593,gated
0.8999999761581421,0.15333333611488342,0.5266666412353516,0.26333335041999817,0.0,0.12999999523162842,0.9595341682434082,0.6591269969940186,0.8164433240890503,0.5637343525886536,0.2501583695411682,0.43180885910987854,1.0,1.0,1.0,0.0,0.0,0.0,1.0,1.0,1.0,1.0,1.0,1.0,0.0,0.0,0.0,1.0,1.0,1.0,0.3137204647064209,-0.4938482642173767,-0.08138926327228546,,,,,,,11,5,maximum,0.03336424380540848,-0.022101053968071938,0.0071444520726799965,0.015213659033179283,-0.000768932222854346,0.007457303814589977,0.013147259131073952,-0.023552486672997475,-0.0029109858442097902,gated
0.7566667199134827,0.26333335041999817,0.5099999904632568,0.2199999839067459,0.01666666753590107,0.10999999940395355,0.9104159474372864,0.6957303285598755,0.8102555274963379,0.6019561290740967,0.2281300276517868,0.41345930099487305,1.0,1.0,1.0,0.0,0.0,0.0,1.0,1.0,1.0,1.0,1.0,1.0,0.0,0.0,0.0,1.0,1.0,1.0,0.4833564758300781,-0.055170875042676926,0.2216837853193283,,,,,,,12,5,maximum,0.0007872958667576313,-0.018304357305169106,-0.00659052561968565,0.0026851261500269175,-0.004951086826622486,-0.0011859070509672165,-0.0008088080212473869,-0.014203493483364582,-0.005757391918450594,gated
0.7566666007041931,0.22999998927116394,0.4933333396911621,0.18333332240581512,0.013333333656191826,0.0833333358168602,0.9063857197761536,0.7016346454620361,0.8222802877426147,0.7634121179580688,0.49737149477005005,0.6582050323486328,1.0,1.0,1.0,0.0,0.0,0.0,1.0,1.0,1.0,1.0,1.0,1.0,0.0,0.0,0.0,1.0,1.0,1.0,0.3606557250022888,-0.04533481225371361,0.15040844678878784,,,,,,,13,5,maximum,0.008387464098632336,-0.012833130545914173,-0.0016045549418777227,0.005228730384260416,-0.012012647464871407,-0.0027855250518769026,0.0032803677022457123,-0.001354218227788806,0.0008608076605014503,gated
0.603583574295044,0.14000000059604645,0.3766666352748871,0.36666664481163025,0.013333333656191826,0.1599999964237213,0.8586408495903015,0.5555692911148071,0.73609858751297,0.8427896499633789,0.7344484329223633,0.7885968685150146,1.0,1.0,1.0,0.0,0.0,0.0,1.0,1.0,1.0,1.0,1.0,1.0,0.0,0.0,0.0,1.0,1.0,1.0,0.5053306221961975,0.31844401359558105,0.41453734040260315,,,,,,,14,5,maximum,0.0069698067381978035,-0.010011390782892704,-0.0021771094761788845,0.0015205508098006248,-0.0074430545791983604,-0.002961251884698868,0.005368264392018318,-0.0035175257362425327,0.0006640065694227815,gated
0.7066666483879089,0.18333332240581512,0.45333331823349,0.2933333218097687,0.006666666828095913,0.14666667580604553,0.8868834376335144,0.6396842002868652,0.7700752019882202,0.7934092879295349,0.6512030959129333,0.7238788604736328,1.0,1.0,1.0,0.0,0.0,0.0,1.0,1.0,1.0,1.0,1.0,1.0,0.0,0.0,0.0,1.0,1.0,1.0,0.6143817901611328,0.24465684592723846,0.42457351088523865,,,,,,,15,5,maximum,0.012897332198917866,0.0018095707055181265,0.007384869270026684,0.005143333226442337,-0.001463860273361206,0.0016984209651127458,0.01032886654138565,0.0016057111788541079,0.00551938358694315,gated
1.0,0.23333331942558289,0.6333333253860474,0.0,0.0,0.0,0.953812301158905,0.8212347030639648,0.8922845721244812,0.5785334706306458,0.025124505162239075,0.2788555920124054,1.0,1.0,1.0,0.0,0.0,0.0,1.0,1.0,1.0,1.0,1.0,1.0,0.0,0.0,0.0,1.0,1.0,1.0,0.14418140053749084,-0.06998682022094727,0.033533431589603424,,,,,,,0,5,middle,1.1334731578826904,0.005089729093015194,0.41830888390541077,0.0023330755066126585,0.0005743774818256497,0.0013518359046429396,0.9497729539871216,0.0030108329374343157,0.334597110748291,gated
0.6733333468437195,0.01666666753590107,0.2900000214576721,0.0,0.0,0.0,0.9032668471336365,0.7838546633720398,0.8446381688117981,0.1518833488225937,-0.05026496574282646,0.049664728343486786,1.0,1.0,1.0,0.0,0.0,0.0,1.0,1.0,1.0,1.0,1.0,1.0,0.0,0.0,0.0,1.0,1.0,1.0,0.023712800815701485,-0.19928868114948273,-0.0877879410982132,,,,,,,1,5,middle,0.19871731102466583,0.004209449049085379,0.08373835682868958,0.0011218858417123556,-0.0009090278181247413,0.0002528213954064995,0.10327140241861343,0.00016350121586583555,0.050454556941986084,gated
0.6433333158493042,0.04333333298563957,0.2866666913032532,0.0,0.0,0.0,0.8897714614868164,0.7693693041801453,0.8293299674987793,0.16176508367061615,-0.14013513922691345,0.03587237745523453,1.0,1.0,1.0,0.0,0.0,0.0,1.0,1.0,1.0,1.0,1.0,1.0,0.0,0.0,0.0,1.0,1.0,1.0,0.07984106242656708,-0.24426908791065216,-0.08183056116104126,,,,,,,2,5,middle,0.17802366614341736,0.004439632408320904,0.07256827503442764,0.007293966598808765,0.00022533244919031858,0.0027539839502424,0.1596781313419342,0.0017703553894534707,0.06441686302423477,gated
1.0,0.42000001668930054,0.7400000095367432,0.0,0.0,0.0,0.957453727722168,0.8678226470947266,0.9192062616348267,0.4564023017883301,0.06849351525306702,0.2662220001220703,1.0,1.0,1.0,0.0,0.0,0.0,1.0,1.0,1.0,1.0,1.0,1.0,0.0,0.0,0.0,1.0,1.0,1.0,0.2794758379459381,-0.05065450817346573,0.09102056920528412,,,,,,,3,5,middle,1.5353771448135376,0.04281351715326309,0.5833351016044617,0.0008786135585978627,0.00045416736975312233,0.0006563818897120655,1.383888840675354,0.0506945475935936,0.5198078155517578,gated
0.8066666722297668,0.3800000250339508,0.59333336353302,0.0,0.0,0.0,0.9241716265678406,0.8448492288589478,0.881944477558136,0.6922963857650757,0.08621376752853394,0.430186927318573,1.0,1.0,1.0,0.0,0.0,0.0,1.0,1.0,1.0,1.0,1.0,1.0,0.0,0.0,0.0,1.0,1.0,1.0,0.5035260319709778,0.19607658684253693,0.33977603912353516,,,,,,,4,5,middle,0.0676318034529686,0.0034218449145555496,0.032300107181072235,0.004342312458902597,8.925314614316449e-05,0.0016607472207397223,0.06523240357637405,0.0012587739620357752,0.029118532314896584,gated
0.9600000381469727,0.7666666507720947,0.8633333444595337,0.06000000238418579,0.0,0.019999999552965164,0.9555126428604126,0.908857524394989,0.9345127940177917,0.6056044101715088,0.343130886554718,0.4582189917564392,1.0,1.0,1.0,0.0,0.0,0.0,1.0,1.0,1.0,1.0,1.0,1.0,0.0,0.0,0.0,1.0,1.0,1.0,0.42741191387176514,0.20386651158332825,0.31553465127944946,,,,,,,5,5,middle,0.016309063881635666,0.005173102021217346,0.010846040211617947,0.0004910216084681451,-0.00036818275111727417,0.00013465716619975865,0.018098775297403336,0.00409582769498229,0.0106706153601408,gated
0.9600000381469727,0.6133333444595337,0.7866666913032532,0.09000000357627869,0.0,0.030000001192092896,0.9533871412277222,0.841212272644043,0.9034665822982788,0.720531702041626,0.3235032260417938,0.5102583169937134,1.0,1.0,1.0,0.0,0.0,0.0,1.0,1.0,1.0,1.0,1.0,1.0,0.0,0.0,0.0,1.0,1.0,1.0,0.40650755167007446,0.10930562019348145,0.2512489855289459,,,,,,,6,5,middle,0.030727112665772438,0.0008880581008270383,0.012165444903075695,0.0011088901665061712,0.00033077102852985263,0.0007305238978005946,0.02252069115638733,7.362959877355024e-05,0.010041136294603348,gated
0.7233332991600037,0.28333333134651184,0.503333330154419,0.1066666692495346,0.013333333656191826,0.06000000238418579,0.8939691781997681,0.7956078052520752,0.844623863697052,0.8693526983261108,0.4004562497138977,0.6349161863327026,1.0,1.0,1.0,0.0,0.0,0.0,1.0,1.0,1.0,1.0,1.0,1.0,0.0,0.0,0.0,1.0,1.0,1.0,0.723326563835144,0.27826833724975586,0.5189641118049622,,,,,,,7,5,middle,0.011422155424952507,0.000870583753567189,0.004789892118424177,0.0026404722593724728,0.00012269341095816344,0.001022667158395052,0.018007628619670868,0.00017905169806908816,0.006255132611840963,gated
0.8033332824707031,0.5033333897590637,0.6500000357627869,0.11666667461395264,0.03325000777840614,0.07333333790302277,0.9069603681564331,0.8186475038528442,0.8600701093673706,0.5060309171676636,-0.026710035279393196,0.23712997138500214,1.0,1.0,1.0,0.0,0.0,0.0,1.0,1.0,1.0,1.0,1.0,1.0,0.0,0.0,0.0,1.0,1.0,1.0,0.48957347869873047,0.02101106010377407,0.25529229640960693,,,,,,,8,5,middle,0.004653553012758493,0.0007576399948447943,0.00250437599606812,0.0003069668309763074,-0.00021924723114352673,8.156245166901499e-05,0.006581841502338648,0.000533035141415894,0.0032340337056666613,gated
0.5,0.30000001192092896,0.3999999761581421,0.21000000834465027,0.07999999821186066,0.15000000596046448,0.8263382911682129,0.728486180305481,0.7698341608047485,0.7277461886405945,0.5061830282211304,0.6206846237182617,1.0,1.0,1.0,0.0,0.0,0.0,1.0,1.0,1.0,1.0,1.0,1.0,0.0,0.0,0.0,1.0,1.0,1.0,0.6698547601699829,0.35180026292800903,0.5108274817466736,,,,,,,9,5,middle,0.005201518535614014,-7.262379222083837e-05,0.001980374101549387,0.0010755883995443583,-0.000586853944696486,0.0002906534355133772,0.0020943055860698223,0.00022606163111049682,0.0009563928470015526,gated
0.4633333086967468,0.22333332896232605,0.33666667342185974,0.25,0.03666666895151138,0.1433333456516266,0.8353374600410461,0.7000600099563599,0.7607269883155823,0.7022247314453125,0.491933673620224,0.5973303318023682,1.0,1.0,1.0,0.0,0.0,0.0,1.0,1.0,1.0,1.0,1.0,1.0,0.0,0.0,0.0,1.0,1.0,1.0,0.7270126342773438,0.2720867097377777,0.5025126934051514,,,,,,,10,5,middle,0.0012474163668230176,0.00029819109477102757,0.000738563307095319,0.0013835292775183916,0.0001643027935642749,0.000633364892564714,0.00024522270541638136,-4.578078369377181e-05,0.00010054744780063629,gated
0.5133333206176758,0.23333331942558289,0.37333330512046814,0.31333333253860474,0.06666667014360428,0.18333332240581512,0.8316594958305359,0.6884913444519043,0.7644001245498657,0.8422258496284485,0.5483508706092834,0.7132555246353149,1.0,1.0,1.0,0.0,0.0,0.0,1.0,1.0,1.0,1.0,1.0,1.0,0.0,0.0,0.0,1.0,1.0,1.0,0.6708954572677612,0.3362194001674652,0.5161946415901184,,,,,,,11,5,middle,0.0014287185622379184,0.0004913933807983994,0.0009565426153130829,0.0008198069408535957,0.0002568330673966557,0.0005346764228306711,0.0003802369465120137,0.00017795382882468402,0.00026888493448495865,gated
0.7100000381469727,0.2866666913032532,0.48000001907348633,0.18333333730697632,0.04333333298563957,0.1133333295583725,0.8846558332443237,0.7083732485771179,0.796514630317688,0.7349976897239685,0.20767855644226074,0.4713381230831146,1.0,1.0,1.0,0.0,0.0,0.0,1.0,1.0,1.0,1.0,1.0,1.0,0.0,0.0,0.0,1.0,1.0,1.0,0.6031147837638855,0.32776939868927,0.46544212102890015,,,,,,,12,5,middle,0.0012614165898412466,-0.00026984262512996793,0.0004546353593468666,0.0008660499006509781,-0.0005694461287930608,0.0001760966842994094,0.00040077295852825046,8.501157572027296e-05,0.00021240251953713596,gated
0.4633333086967468,0.16333334147930145,0.31333333253860474,0.3633333146572113,0.09333333373069763,0.23333331942558289,0.7949188351631165,0.5877965092658997,0.6904163956642151,0.832797646522522,0.7426909804344177,0.7901294231414795,1.0,1.0,1.0,0.0,0.0,0.0,1.0,1.0,1.0,1.0,1.0,1.0,0.0,0.0,0.0,1.0,1.0,1.0,0.7724722623825073,0.496567040681839,0.6541032195091248,,,,,,,13,5,middle,0.0017144426237791777,0.0003719279484357685,0.0008879729430191219,0.0008803341770544648,0.00023694666742812842,0.0005014750058762729,0.0007382690673694015,7.918260234873742e-05,0.00030868584872223437,gated
0.5900000333786011,0.07666666805744171,0.2866666615009308,0.44333332777023315,0.10333333164453506,0.273333340883255,0.7940691709518433,0.5385657548904419,0.6511949896812439,0.8473353385925293,0.6600886583328247,0.7586491703987122,1.0,1.0,1.0,0.0,0.0,0.0,1.0,1.0,1.0,1.0,1.0,1.0,0.0,0.0,0.0,1.0,1.0,1.0,0.8100751638412476,0.45081859827041626,0.6422840356826782,,,,,,,14,5,middle,0.0005141159635968506,0.0003009681240655482,0.00042371475137770176,0.0007016009767539799,0.0002153154491679743,0.0004258939588908106,8.571009675506502e-05,-0.00032060558442026377,-6.891194789204746e-05,gated
0.4000000059604645,0.10333333909511566,0.25,0.44999998807907104,0.10000000149011612,0.2666666805744171,0.7571567296981812,0.5612254738807678,0.6621628403663635,0.9015487432479858,0.685256838798523,0.812737762928009,1.0,1.0,1.0,0.0,0.0,0.0,1.0,1.0,1.0,1.0,1.0,1.0,0.0,0.0,0.0,1.0,1.0,1.0,0.8014346361160278,0.4178999364376068,0.6523803472518921,,,,,,,15,5,middle,0.0021085781045258045,0.00038260623114183545,0.0011743552749976516,0.001898020738735795,0.00022608297877013683,0.001034713932313025,0.00012495156261138618,-1.0187394764216151e-05,5.741601489717141e-05,gated
0.9566666483879089,0.15666666626930237,0.5566666722297668,0.0,0.0,0.0,0.9487726092338562,0.8412677049636841,0.8950201272964478,0.4168538451194763,0.09583552926778793,0.2563447058200836,1.0,1.0,1.0,0.0,0.0,0.0,1.0,1.0,1.0,1.0,1.0,1.0,0.0,0.0,0.0,1.0,1.0,1.0,0.006130949594080448,-0.13032212853431702,-0.05944428965449333,,,,,,,0,5,minimum,0.21574082970619202,0.05048908665776253,0.13311496376991272,0.05991209298372269,0.027602508664131165,0.042650990188121796,0.2190813571214676,0.019164646044373512,0.10378186404705048,gated
0.7566666603088379,0.05000000074505806,0.4033333361148834,0.0,0.0,0.0,0.9281861186027527,0.8238934278488159,0.8709477186203003,0.5761600732803345,0.12743540108203888,0.34759655594825745,1.0,1.0,1.0,0.0,0.0,0.0,1.0,1.0,1.0,1.0,1.0,1.0,0.0,0.0,0.0,1.0,1.0,1.0,0.06718037277460098,-0.2152264565229416,-0.08517922461032867,,,,,,,1,5,minimum,1.0862410068511963,0.11494249105453491,0.5999945998191833,0.04672962427139282,-0.013053873553872108,0.014643261209130287,1.3559582233428955,0.07472933828830719,0.6120048761367798,gated
0.7866666913032532,0.0,0.3866666853427887,0.023333335295319557,0.0,0.010000000707805157,0.9356141090393066,0.6917116045951843,0.8136628270149231,0.14170601963996887,-0.38527366518974304,-0.12866906821727753,1.0,1.0,1.0,0.0,0.0,0.0,1.0,1.0,1.0,1.0,1.0,1.0,0.0,0.0,0.0,1.0,1.0,1.0,0.3647346496582031,-0.17732703685760498,0.09370379894971848,,,,,,,2,5,minimum,1.129664659500122,0.04761653393507004,0.44982582330703735,0.05300379544496536,0.01173069141805172,0.032179079949855804,0.9648109674453735,0.03447083756327629,0.3695214092731476,gated
0.9800000190734863,0.25999999046325684,0.6399999856948853,0.0,0.0,0.0,0.9695391654968262,0.8536559343338013,0.9168030023574829,0.2043793499469757,-0.25008058547973633,-0.024239718914031982,1.0,1.0,1.0,0.0,0.0,0.0,1.0,1.0,1.0,1.0,1.0,1.0,0.0,0.0,0.0,1.0,1.0,1.0,0.11360933631658554,-0.23199021816253662,-0.02306314744055271,,,,,,,3,5,minimum,0.5281310081481934,0.053602468222379684,0.259479820728302,0.011980739422142506,-0.01158188283443451,0.001761092571541667,0.5978133678436279,0.05954986810684204,0.27323997020721436,gated
0.9800000190734863,0.3700000047683716,0.75,0.3100000023841858,0.0,0.10333333164453506,0.9805542230606079,0.6951783895492554,0.8754337430000305,0.43400946259498596,-0.10464628785848618,0.1380716860294342,1.0,1.0,1.0,0.0,0.0,0.0,1.0,1.0,1.0,1.0,1.0,1.0,0.0,0.0,0.0,1.0,1.0,1.0,0.20609059929847717,-0.36593499779701233,-0.13271464407444,,,,,,,4,5,minimum,0.30974045395851135,0.07313688099384308,0.17557355761528015,0.006683728192001581,0.0010807139333337545,0.0037304989527910948,0.3228112757205963,0.06634201109409332,0.1804724484682083,gated
1.0,0.4000000059604645,0.800000011920929,0.12000000476837158,0.0,0.03999999910593033,0.9871820211410522,0.7696986794471741,0.9112669229507446,0.45303696393966675,0.14028063416481018,0.28747984766960144,1.0,1.0,1.0,0.0,0.0,0.0,1.0,1.0,1.0,1.0,1.0,1.0,0.0,0.0,0.0,1.0,1.0,1.0,0.3270019590854645,-0.16539038717746735,0.06552931666374207,,,,,,,5,5,minimum,0.152506023645401,0.006824226584285498,0.0905897244811058,0.061455536633729935,-0.019248448312282562,0.014489948749542236,0.14071211218833923,-0.004104708321392536,0.07383313030004501,gated
0.9233333468437195,0.13333332538604736,0.5266667008399963,0.5133333206176758,0.0,0.24000000953674316,0.9582799077033997,0.5427894592285156,0.75053471326828,0.6045123338699341,0.08834289014339447,0.3465407192707062,1.0,1.0,1.0,0.0,0.0,0.0,1.0,1.0,1.0,1.0,1.0,1.0,0.0,0.0,0.0,1.0,1.0,1.0,0.43883299827575684,0.064273402094841,0.27749931812286377,,,,,,,6,5,minimum,0.13229982554912567,0.014992324635386467,0.05772259086370468,0.010797454044222832,-0.0033644139766693115,0.0018565605860203505,0.1421906054019928,0.014021364040672779,0.061289817094802856,gated
0.9533332586288452,0.2433333396911621,0.6133333444595337,0.550000011920929,0.0,0.18333333730697632,0.9598170518875122,0.5484625697135925,0.7984563112258911,0.6739872097969055,-0.03023061715066433,0.3218783140182495,1.0,1.0,1.0,0.0,0.0,0.0,1.0,1.0,1.0,1.0,1.0,1.0,0.0,0.0,0.0,1.0,1.0,1.0,0.20112252235412598,-0.02093915082514286,0.08025562763214111,,,,,,,7,5,minimum,0.009867869317531586,-0.03536149114370346,-0.012021059170365334,0.01851528510451317,-0.009683270007371902,0.00435209646821022,0.003235227894037962,-0.03910694271326065,-0.01365075446665287,gated
0.8566666841506958,0.11666665971279144,0.4866666793823242,0.24666666984558105,0.0,0.09333333373069763,0.9529551267623901,0.674834132194519,0.8261274099349976,0.5725701451301575,0.05532648414373398,0.319744348526001,1.0,1.0,1.0,0.0,0.0,0.0,1.0,1.0,1.0,1.0,1.0,1.0,0.0,0.0,0.0,1.0,1.0,1.0,0.5199111104011536,-0.11538760364055634,0.1910308301448822,,,,,,,8,5,minimum,0.009832428768277168,-0.03457636758685112,-0.011078628711402416,0.003935105167329311,-0.010319463908672333,-0.002384426072239876,0.008401450701057911,-0.03274453431367874,-0.010039676912128925,gated
0.8666666746139526,0.17000001668930054,0.5199999809265137,0.3166666626930237,0.0,0.1433333456516266,0.9569298028945923,0.5744363069534302,0.7767366766929626,0.7336927056312561,0.3106640875339508,0.5586551427841187,1.0,1.0,1.0,0.0,0.0,0.0,1.0,1.0,1.0,1.0,1.0,1.0,0.0,0.0,0.0,1.0,1.0,1.0,0.4325534701347351,-0.19985553622245789,0.1485634744167328,,,,,,,9,5,minimum,0.013196239247918129,-0.005152498837560415,0.004143205471336842,0.006037660874426365,-0.004141428507864475,0.0008821353549137712,0.00955981481820345,0.0003791765193454921,0.005021643824875355,gated
0.5233333110809326,0.10608338564634323,0.3033333420753479,0.6200000047683716,0.0,0.30000001192092896,0.8672126531600952,0.4352945387363434,0.6660386919975281,0.5809502601623535,0.3158988356590271,0.44805780053138733,1.0,1.0,1.0,0.0,0.0,0.0,1.0,1.0,1.0,1.0,1.0,1.0,0.0,0.0,0.0,1.0,1.0,1.0,0.36516809463500977,0.07285357266664505,0.2270519733428955,,,,,,,10,5,minimum,0.010414903052151203,-0.017461437731981277,-0.0023614554665982723,0.017079100012779236,-0.0063722459599375725,0.005358393769711256,0.005194113589823246,-0.018549956381320953,-0.006670728325843811,gated
0.6899999976158142,0.019999999552965164,0.3400000035762787,0.5699999928474426,0.07333333790302277,0.3166666626930237,0.8584259748458862,0.44181308150291443,0.6501195430755615,0.7598221898078918,0.540928065776825,0.6510252952575684,1.0,1.0,1.0,0.0,0.0,0.0,1.0,1.0,1.0,1.0,1.0,1.0,0.0,0.0,0.0,1.0,1.0,1.0,0.4668477177619934,0.04356343671679497,0.30964845418930054,,,,,,,11,5,minimum,0.012067288160324097,-0.022677039727568626,-0.0039522345177829266,0.01112897414714098,-0.0016009839018806815,0.004422105848789215,0.009981231763958931,-0.026982519775629044,-0.006063676904886961,gated
0.8399999737739563,0.14666667580604553,0.48000001907348633,0.5366666913032532,0.030000001192092896,0.25999999046325684,0.9204303622245789,0.5250964164733887,0.7291662693023682,0.7904529571533203,0.5357488393783569,0.6612058877944946,1.0,1.0,1.0,0.0,0.0,0.0,1.0,1.0,1.0,1.0,1.0,1.0,0.0,0.0,0.0,1.0,1.0,1.0,0.4903917908668518,0.04670186713337898,0.2829452455043793,,,,,,,12,5,minimum,0.011637733317911625,-0.005621327552944422,0.0029380531050264835,0.022937964648008347,-0.0005259832832962275,0.008580131456255913,0.0010588082950562239,-0.01238581445068121,-0.005661997478455305,gated
0.3866666555404663,0.046666666865348816,0.21666666865348816,0.5833333730697632,0.16333332657814026,0.3733333349227905,0.7238889336585999,0.40318721532821655,0.5666438937187195,0.7307918667793274,0.48000001907348633,0.6082022786140442,1.0,1.0,1.0,0.0,0.0,0.0,1.0,1.0,1.0,1.0,1.0,1.0,0.0,0.0,0.0,1.0,1.0,1.0,0.6349652409553528,0.40069589018821716,0.5248414278030396,,,,,,,13,5,minimum,0.004794759210199118,-0.010473442263901234,-0.0018462315201759338,0.003533706534653902,-0.005848394241183996,-0.00037808530032634735,0.0011775733437389135,-0.005313038360327482,-0.0015520319575443864,gated
0.4699999690055847,0.01666666753590107,0.2433333396911621,0.5066666603088379,0.12666666507720947,0.3166666626930237,0.7661433815956116,0.491863489151001,0.6290034055709839,0.6717755198478699,0.5097304582595825,0.5749596953392029,1.0,1.0,1.0,0.0,0.0,0.0,1.0,1.0,1.0,1.0,1.0,1.0,0.0,0.0,0.0,1.0,1.0,1.0,0.6097360849380493,0.43805503845214844,0.5248903036117554,,,,,,,14,5,minimum,0.0023782472126185894,-0.008000296540558338,-0.0019652987830340862,0.0019158077193424106,-0.004080544225871563,-0.0010096138576045632,0.0030117426067590714,-0.006538463290780783,-0.0015102619072422385,gated
0.3166666626930237,0.009999999776482582,0.13333332538604736,0.6566666960716248,0.006666666828095913,0.32333335280418396,0.814652144908905,0.3653196692466736,0.5899859666824341,0.8085356950759888,0.37301474809646606,0.5787051916122437,1.0,1.0,1.0,0.0,0.0,0.0,1.0,1.0,1.0,1.0,1.0,1.0,0.0,0.0,0.0,1.0,1.0,1.0,0.5025396347045898,0.2667434513568878,0.38464152812957764,,,,,,,15,5,minimum,0.0078450758010149,-0.008106949739158154,0.0005907887825742364,0.005942610092461109,-0.008256414905190468,-6.370898518071044e-06,0.001839627861045301,-0.0008756071329116821,0.0005564134335145354,gated
0.5133333206176758,0.0,0.2199999988079071,0.0,0.0,0.0,0.8895236849784851,0.7657713294029236,0.8276475071907043,0.3311142027378082,-0.0692303404211998,0.12631288170814514,0.17000000178813934,0.0,0.07666666805744171,0.24666666984558105,0.0,0.1133333295583725,0.8143203854560852,0.5831348896026611,0.7018024325370789,1.0,0.9466665983200073,0.9766666293144226,0.0,0.0,0.0,0.9728537797927856,0.9341315031051636,0.9534927606582642,0.060450125485658646,-0.3593220114707947,-0.11632119119167328,0.1675354242324829,-0.06504029035568237,0.051247574388980865,0.06788469105958939,-0.050047438591718674,0.008918623439967632,0,5,first,0.06201130151748657,0.0073591419495642185,0.029277974739670753,0.006235410925000906,0.0004242122231516987,0.002848649863153696,0.035222459584474564,0.0014055271167308092,0.013052873313426971,sa_ff_gated
0.36000001430511475,0.0,0.12666667997837067,0.0,0.0,0.0,0.8836376070976257,0.8034365773200989,0.8435064554214478,0.2518255114555359,-0.2580049932003021,-0.03053070232272148,0.12999999523162842,0.0,0.04333333298563957,0.020000001415610313,0.0,0.006666666828095913,0.8135560154914856,0.6644619107246399,0.7390090227127075,1.0,0.7699999809265137,0.9233333468437195,0.0,0.0,0.0,0.9685901403427124,0.9259557723999023,0.9480037689208984,-0.039977774024009705,-0.20180049538612366,-0.1207113042473793,0.03518754988908768,-0.08607946336269379,-0.02019449882209301,0.18065018951892853,-0.11641011387109756,0.03212003782391548,1,5,first,0.2908443808555603,0.010121798142790794,0.11638889461755753,0.033626534044742584,0.00033644886570982635,0.01251903735101223,0.12532325088977814,0.001123499241657555,0.04654648154973984,sa_ff_gated
0.3100000023841858,0.0,0.10333333164453506,0.0,0.0,0.0,0.8365260362625122,0.6624787449836731,0.7495023012161255,0.03288691118359566,-0.1877743899822235,-0.07273131608963013,0.030000001192092896,0.0,0.009999999776482582,0.7700000405311584,0.0033333334140479565,0.3799999952316284,0.7524367570877075,0.40076571702957153,0.5779231786727905,0.9966667294502258,0.38333335518836975,0.7800000309944153,0.0,0.0,0.0,0.9560526609420776,0.8623224496841431,0.92108154296875,0.01083634328097105,-0.323134183883667,-0.13973882794380188,0.046913035213947296,-0.18564045429229736,-0.07133091986179352,0.009658236987888813,-0.15318700671195984,-0.07187552005052567,2,5,first,0.061448752880096436,0.0019559988286346197,0.023498009890317917,0.0006034355028532445,-2.4961733288364485e-05,0.00028923689387738705,0.04877474904060364,0.001530288951471448,0.018680324777960777,sa_ff_gated
0.6000000238418579,0.08999999612569809,0.35333335399627686,0.10999999940395355,0.0,0.03666666895151138,0.9015673398971558,0.6523196697235107,0.8009822964668274,0.18376214802265167,-0.36496806144714355,-0.09060294926166534,0.3799999952316284,0.0,0.1733333319425583,0.6499999761581421,0.0,0.25,0.8664082288742065,0.35109078884124756,0.6548441648483276,0.9933333396911621,0.8933332562446594,0.9533332586288452,0.0,0.0,0.0,0.9658998250961304,0.9299030303955078,0.9471203684806824,0.1726924180984497,-0.1461961567401886,-0.013737151399254799,0.07614870369434357,-0.1664351224899292,-0.04471241682767868,0.1269574910402298,0.0035232012160122395,0.06524033844470978,3,5,first,0.3994651436805725,0.023334145545959473,0.1921842396259308,0.000825500232167542,5.4143474699230865e-05,0.0004228140169288963,0.8218938112258911,0.009874945506453514,0.3225322365760803,sa_ff_gated
0.4233333170413971,0.02666666731238365,0.20666666328907013,0.0,0.0,0.0,0.8637024164199829,0.7818037867546082,0.8243815302848816,0.5018394589424133,0.1758488565683365,0.35602110624313354,0.20666666328907013,0.03333333507180214,0.12000000476837158,0.27000001072883606,0.023333333432674408,0.12666666507720947,0.803382396697998,0.5994797945022583,0.711006760597229,0.9966667294502258,0.6166666746139526,0.8066666722297668,0.0,0.0,0.0,0.9697090983390808,0.8990814089775085,0.937756359577179,0.34907475113868713,-0.1619783341884613,0.12010003626346588,0.29722699522972107,-0.07487635314464569,0.11117532104253769,0.4363434314727783,0.13457071781158447,0.30724090337753296,4,5,first,0.07545999437570572,0.0009302363032475114,0.026237497106194496,0.0008211504900828004,7.394998101517558e-05,0.000412841938668862,0.0656152293086052,0.0006312549812719226,0.022594762966036797,sa_ff_gated
0.4866666793823242,0.0,0.18666666746139526,0.020000001415610313,0.0,0.006666666828095913,0.8640201687812805,0.7283352613449097,0.7959715723991394,0.4707418382167816,0.055848848074674606,0.24540147185325623,0.19050048291683197,0.0,0.0833333283662796,0.5166667103767395,0.03666666895151138,0.24666666984558105,0.7598773241043091,0.504682183265686,0.6353952288627625,1.0,0.8100000619888306,0.9100000262260437,0.0,0.0,0.0,0.9765075445175171,0.9377368092536926,0.9565478563308716,0.37429285049438477,-0.015904420986771584,0.19175326824188232,0.29462629556655884,0.04389859735965729,0.16200055181980133,0.33470410108566284,-0.24571271240711212,0.10298416763544083,5,5,first,2.0957043170928955,0.0025592204183340073,0.7011317014694214,0.0012817444512620568,-4.049771450809203e-05,0.0005618560826405883,2.0664737224578857,0.002485293196514249,0.6908735632896423,sa_ff_gated
0.5199999809265137,0.15666666626930237,0.33000001311302185,0.04000000283122063,0.0,0.013333333656191826,0.8766989707946777,0.7950931787490845,0.8358961343765259,0.54897540807724,0.19378714263439178,0.35036396980285645,0.5066667199134827,0.06333333253860474,0.25333333015441895,0.21666666865348816,0.0533333346247673,0.1366666704416275,0.8170208930969238,0.6616652607917786,0.7346321940422058,0.9533332586288452,0.7698333263397217,0.8633333444595337,0.04000000283122063,0.0,0.013333333656191826,0.9652144312858582,0.9054340124130249,0.9371598958969116,0.40285634994506836,0.08722423017024994,0.2232620269060135,0.414014995098114,0.24942705035209656,0.32231175899505615,0.5485745668411255,0.3046846091747284,0.4243289530277252,6,5,first,0.03196586295962334,0.0027181734330952168,0.016910694539546967,0.00032986351288855076,9.278288052882999e-05,0.00021560490131378174,0.02590325102210045,0.002015187870711088,0.011090847663581371,sa_ff_gated
0.2666666805744171,0.05000000074505806,0.1599999964237213,0.04000000283122063,0.0,0.013333333656191826,0.8078560829162598,0.6947277784347534,0.7489049434661865,0.46679630875587463,-0.1873520314693451,0.18192832171916962,0.46666663885116577,0.046666670590639114,0.20333333313465118,0.4866666793823242,0.12666666507720947,0.30666667222976685,0.7597438097000122,0.5165882706642151,0.6378512382507324,0.7266666293144226,0.40666666626930237,0.5566666722297668,0.10000000149011612,0.0,0.04333333298563957,0.9093028903007507,0.7961815595626831,0.8599586486816406,0.2611392140388489,0.05295915529131889,0.15931090712547302,0.4570602774620056,0.2781217098236084,0.3706362843513489,0.5824395418167114,0.14900806546211243,0.3657238185405731,7,5,first,0.0031106811948120594,0.0006962396437302232,0.001871673041023314,0.00028970756102353334,8.516490197507665e-05,0.00019123833044432104,0.0030185182113200426,0.0005139080458320677,0.0017932377522811294,sa_ff_gated
0.32333335280418396,0.07000000774860382,0.18333332240581512,0.17666666209697723,0.03666666895151138,0.1066666692495346,0.8114267587661743,0.7023146152496338,0.7513731122016907,0.6512030959129333,0.4563712179660797,0.5537871718406677,0.3233333230018616,0.023333333432674408,0.16999998688697815,0.36666664481163025,0.19333334267139435,0.2800000011920929,0.7425329089164734,0.608158528804779,0.6692345142364502,0.8399999737739563,0.3499999940395355,0.6299999952316284,0.15666668117046356,0.01666666753590107,0.0833333358168602,0.9072524905204773,0.748205304145813,0.8335117101669312,0.5522867441177368,0.25071409344673157,0.401500403881073,0.5708473920822144,0.2284301072359085,0.3989219069480896,0.4430675506591797,0.05791609361767769,0.2745206952095032,8,5,first,0.0019275980303063989,0.00055078009609133,0.0011559424456208944,0.0005573598900809884,0.00018799917597789317,0.0003228424466215074,0.0008955967496149242,0.00032450311118736863,0.0006331729236990213,sa_ff_gated
0.40666666626930237,0.17333334684371948,0.2900000214576721,0.3266666531562805,0.010000000707805157,0.14000000059604645,0.8303318023681641,0.6660202741622925,0.7509831190109253,0.8022339940071106,0.3027063012123108,0.5786163210868835,0.5699999928474426,0.27666667103767395,0.4233333170413971,0.273333340883255,0.01666666753590107,0.1433333307504654,0.8619133234024048,0.6875931024551392,0.7717283368110657,0.5600000619888306,0.25999999046325684,0.4099999964237213,0.40666666626930237,0.0533333346247673,0.22999998927116394,0.8532004356384277,0.6066803932189941,0.7302379608154297,0.5801166892051697,0.22578494250774384,0.3805723786354065,0.5441511869430542,0.3689635992050171,0.45659351348876953,0.4709419310092926,0.19931091368198395,0.32729092240333557,9,5,first,0.0032976449001580477,0.00050929537974298,0.0014768389519304037,0.0002816113701555878,0.00012009675992885605,0.00021535242558456957,0.0022847026120871305,0.0002152083907276392,0.0009669893188402057,sa_ff_gated
0.30000001192092896,0.06666667759418488,0.1833333522081375,0.15000000596046448,0.0,0.05000000074505806,0.8233022689819336,0.6917165517807007,0.7610457539558411,0.6788997054100037,0.37568214535713196,0.5399500131607056,0.4033333361148834,0.2133333384990692,0.30000001192092896,0.33666664361953735,0.0833333358168602,0.20333333313465118,0.8010396957397461,0.6142414212226868,0.7163910865783691,0.5766667127609253,0.3566666543483734,0.45333331823349,0.26341673731803894,0.013333333656191826,0.12000000476837158,0.8674077987670898,0.7381772994995117,0.805700421333313,0.3882189393043518,0.10732980817556381,0.24384553730487823,0.6231619715690613,0.39875516295433044,0.5099861025810242,0.5985996127128601,0.36841344833374023,0.46811890602111816,10,5,first,0.0018013480585068464,0.0005246660439297557,0.001012180233374238,0.000546536932233721,0.00016260691336356103,0.0003403289010748267,0.0010362878674641252,0.0002376065094722435,0.0005959817208349705,sa_ff_gated
0.29666668176651,0.0,0.12333333492279053,0.226666659116745,0.0,0.08666666597127914,0.7742218971252441,0.6862534284591675,0.7324370741844177,0.7433953285217285,0.30385106801986694,0.5229341387748718,0.5033333897590637,0.26333335041999817,0.36666667461395264,0.28999999165534973,0.10999999940395355,0.20000000298023224,0.7740891575813293,0.6752395629882812,0.7257381677627563,0.4399999976158142,0.16333334147930145,0.31333333253860474,0.3199999928474426,0.07650001347064972,0.1900000125169754,0.7886751294136047,0.6969226002693176,0.7391359210014343,0.57036954164505,0.08921366930007935,0.3297916054725647,0.659338653087616,0.4524701237678528,0.5614892840385437,0.5457797646522522,0.2164267748594284,0.3589683473110199,11,5,first,0.0007231762283481658,0.000339058373356238,0.0005311173154041171,0.00038347733789123595,0.00029202442965470254,0.00034021068131551147,0.0003126016235910356,3.139752516290173e-05,0.0001574421621626243,sa_ff_gated
0.32999998331069946,0.09666667133569717,0.21666666865348816,0.1300000101327896,0.006666666828095913,0.07000000774860382,0.7581987380981445,0.6777970790863037,0.7139829397201538,0.7756487727165222,0.43469852209091187,0.6243289709091187,0.43666666746139526,0.18333333730697632,0.2900000214576721,0.3399999737739563,0.0533333346247673,0.1966666728258133,0.7955752611160278,0.6021950244903564,0.6994483470916748,0.6766666769981384,0.3166666626930237,0.503333330154419,0.3933333456516266,0.14000000059604645,0.26333335041999817,0.8143491744995117,0.6127942800521851,0.7285176515579224,0.5773826241493225,0.18771879374980927,0.3825507164001465,0.7282485365867615,0.3528091013431549,0.544475257396698,0.497504860162735,0.32582440972328186,0.4231286644935608,12,5,first,0.0013463227078318596,0.00044781179167330265,0.0008366307010874152,0.0007252103532664478,0.00023146902094595134,0.00047833967255428433,0.0005026700091548264,0.00011607692431425676,0.000281528482446447,sa_ff_gated
0.26008340716362,0.07333333790302277,0.17000000178813934,0.2800000011920929,0.013333333656191826,0.14000000059604645,0.7958377599716187,0.6471779346466064,0.7249640226364136,0.7052736878395081,0.6159489154815674,0.6618949174880981,0.7766667008399963,0.3400000035762787,0.5366666913032532,0.3233333230018616,0.03658334165811539,0.1733333319425583,0.8775846362113953,0.6563503742218018,0.7623151540756226,0.3166666626930237,0.05666666477918625,0.18666666746139526,0.2900000214576721,0.09333333373069763,0.20000000298023224,0.7587307691574097,0.6231721639633179,0.6876128911972046,0.5521533489227295,0.35762155055999756,0.4356210231781006,0.7090970277786255,0.42447346448898315,0.5559211373329163,0.5759377479553223,0.24680188298225403,0.4118477404117584,13,5,first,0.000817430263850838,0.00044931320007890463,0.0006347632152028382,0.0006207943661138415,0.0002697088348213583,0.00043239863589406013,0.00024279164790641516,7.459351763827726e-05,0.0001578259252710268,sa_ff_gated
0.2966666519641876,0.0,0.12999999523162842,0.3400000035762787,0.09333333373069763,0.20999999344348907,0.7515066862106323,0.5650901794433594,0.658484697341919,0.7949430346488953,0.47653236985206604,0.6707529425621033,0.6933333277702332,0.3397499918937683,0.5166667103767395,0.3466666340827942,0.02666666731238365,0.18666665256023407,0.8871994018554688,0.6565831899642944,0.7716861963272095,0.25,0.056666672229766846,0.15000000596046448,0.5333333015441895,0.3530833423137665,0.4333333373069763,0.626187264919281,0.4678030014038086,0.5452832579612732,0.500839114189148,0.28521254658699036,0.3938983082771301,0.7019504904747009,0.3710586130619049,0.5447512865066528,0.5567435026168823,0.2603389620780945,0.41374826431274414,14,5,first,0.0005592365632764995,0.0003340073162689805,0.0004481496289372444,0.0004656860255636275,0.00028528732946142554,0.00037545611849054694,8.131926006171852e-05,2.1788591766380705e-05,5.632041211356409e-05,sa_ff_gated
0.3333333432674408,0.05000000074505806,0.1899999976158142,0.3566666543483734,0.09975002706050873,0.21666665375232697,0.7673156261444092,0.6411983966827393,0.7091479897499084,0.8451458811759949,0.45284801721572876,0.6529925465583801,0.6133333444595337,0.25333333015441895,0.41999998688697815,0.21666666865348816,0.1066666692495346,0.15666666626930237,0.8092412948608398,0.6934042572975159,0.7580779790878296,0.3199999928474426,0.18666668236255646,0.25333335995674133,0.3800000250339508,0.18000000715255737,0.28333333134651184,0.7237950563430786,0.5972365140914917,0.6602180004119873,0.6691636443138123,0.4234398305416107,0.5466741323471069,0.7842556238174438,0.5325924158096313,0.6582017540931702,0.5631008744239807,0.2607502043247223,0.40138930082321167,15,5,first,0.0010093966266140342,0.0005625702906399965,0.0007639247924089432,0.0009459435241296887,0.000306338828522712,0.0006023389287292957,0.00022595495101995766,6.059564111637883e-05,0.00013614642375614494,sa_ff_gated
0.5366666913032532,0.0,0.22999998927116394,0.0,0.0,0.0,0.8741170167922974,0.71637362241745,0.795245349407196,0.5980755090713501,-0.09627118706703186,0.2508141100406647,0.21666666865348816,0.0,0.09666667133569717,0.5333333015441895,0.04333333298563957,0.27000001072883606,0.8002678155899048,0.4778801500797272,0.6390739679336548,1.0,0.9133332967758179,0.9600000381469727,0.0,0.0,0.0,0.9720363616943359,0.9317091107368469,0.9514167904853821,0.1394498646259308,-0.11536537110805511,0.01971658691763878,0.07119755446910858,-0.04102250561118126,0.016749095171689987,0.1528160125017166,-0.05370211601257324,0.06090989708900452,0,5,last,0.6509803533554077,0.030872249975800514,0.26531556248664856,0.0032909989822655916,-0.002631399780511856,0.00018438484403304756,0.9096562266349792,0.012841287069022655,0.3624616265296936,sa_ff_gated
0.0,0.0,0.0,0.0,0.0,0.0,0.8298285603523254,0.6930140256881714,0.7701703906059265,0.2504807114601135,0.021728258579969406,0.14545151591300964,0.0,0.0,0.0,0.6100000143051147,0.0,0.20999999344348907,0.7175565958023071,0.44206103682518005,0.5999432802200317,1.0,0.6399999856948853,0.8799999952316284,0.0,0.0,0.0,0.9642592668533325,0.91118985414505,0.9403975605964661,0.04351208731532097,0.009836065582931042,0.028007781133055687,0.06747936457395554,-0.0580272302031517,0.0033787176944315434,0.2672853469848633,0.025929424911737442,0.142028346657753,1,5,last,0.0438995361328125,-0.001711829798296094,0.015523607842624187,0.002412567613646388,-0.002390436828136444,0.00028075024602003396,0.016279492527246475,-0.0011319711338728666,0.0067112864926457405,sa_ff_gated
0.08000000566244125,0.0,0.02666666731238365,0.010000000707805157,0.0,0.0033333334140479565,0.8240629434585571,0.6669003963470459,0.7415981292724609,0.053259242326021194,-0.2584717869758606,-0.09302584081888199,0.0,0.0,0.0,0.6766666769981384,0.05000000074505806,0.35999998450279236,0.7080932855606079,0.4435192942619324,0.571810781955719,1.0,0.4000000059604645,0.7400000095367432,0.0,0.0,0.0,0.9534987211227417,0.8474526405334473,0.9113853573799133,-0.07734119892120361,-0.14290635287761688,-0.10705195367336273,-0.013148096390068531,-0.10918588936328888,-0.06015004590153694,0.1093778982758522,-0.2164268046617508,-0.027985554188489914,2,5,last,0.15041503310203552,0.0049002147279679775,0.06105636805295944,0.0002450298343319446,-0.0008017794461920857,-0.0002623186446726322,0.1787066012620926,-0.0012701721861958504,0.06641698628664017,sa_ff_gated
0.3566666543483734,0.010000000707805157,0.17999999225139618,0.0,0.0,0.0,0.8657522201538086,0.6551162004470825,0.7665471434593201,-0.10036563873291016,-0.29474854469299316,-0.1956098973751068,0.18000000715255737,0.0,0.06000000238418579,0.7233333587646484,0.03999999910593033,0.3633333444595337,0.7926049828529358,0.3267882764339447,0.5772318243980408,1.0,0.7633333206176758,0.903333306312561,0.0,0.0,0.0,0.9815961122512817,0.9250738024711609,0.9558625221252441,0.2817680239677429,-0.10337315499782562,0.10142817348241806,0.15104195475578308,-0.30895861983299255,-0.07161490619182587,0.08545707166194916,-0.19833286106586456,-0.05493748188018799,3,5,last,0.4469059109687805,0.07801772654056549,0.24020425975322723,0.07227382808923721,-0.0006785572622902691,0.025193441659212112,0.24426491558551788,0.07476510107517242,0.15951500833034515,sa_ff_gated
0.17999999225139618,0.0,0.07333333790302277,0.0,0.0,0.0,0.8150404095649719,0.7486799955368042,0.78565514087677,0.5093525648117065,-0.019383162260055542,0.25357043743133545,0.020000001415610313,0.0,0.006666666828095913,0.3766666352748871,0.12666666507720947,0.2199999839067459,0.6867725849151611,0.5488699674606323,0.624681830406189,0.9800000190734863,0.6966665983200073,0.8666666746139526,0.0,0.0,0.0,0.9644542932510376,0.9220479130744934,0.9466284513473511,0.31763264536857605,0.07217560708522797,0.18486246466636658,0.05126979947090149,-0.1736815869808197,-0.03994442895054817,0.42248401045799255,0.06417949497699738,0.2625284790992737,4,5,last,0.24211521446704865,0.012072455137968063,0.09587877988815308,0.0005497250822372735,-0.001236286829225719,-0.00027027964824810624,0.25981462001800537,0.013657313771545887,0.10043440759181976,sa_ff_gated
0.3733333349227905,0.023333333432674408,0.19333334267139435,0.04000000283122063,0.0,0.013333333656191826,0.8612262010574341,0.7112605571746826,0.7955669164657593,0.5312587022781372,0.1880633533000946,0.33053624629974365,0.1433333307504654,0.0033333334140479565,0.06666667014360428,0.6101668477058411,0.05000000074505806,0.25999999046325684,0.7813385725021362,0.4581894874572754,0.6511842012405396,0.9533332586288452,0.7133333086967468,0.8299999237060547,0.030000001192092896,0.0,0.009999999776482582,0.9638989567756653,0.916000485420227,0.9399496912956238,0.3088858127593994,-0.02554043009877205,0.142239511013031,0.2141483724117279,0.0724979117512703,0.14588496088981628,0.18858571350574493,-0.0970047265291214,0.04313420504331589,5,5,last,0.05235649272799492,0.005885098595172167,0.022852584719657898,0.003385416464880109,7.437092426698655e-05,0.0014890754828229547,0.03918749466538429,0.004610166419297457,0.017535895109176636,sa_ff_gated
0.44333332777023315,0.10999999940395355,0.27000004053115845,0.06000000238418579,0.0,0.019999999552965164,0.8634656667709351,0.7804619073867798,0.8258990049362183,0.5512309074401855,0.07697694003582001,0.30185049772262573,0.5,0.05000000074505806,0.22999998927116394,0.23666667938232422,0.0533333346247673,0.1366666853427887,0.8014186024665833,0.6595285534858704,0.7293826341629028,0.9466665983200073,0.6966666579246521,0.8233333826065063,0.030000001192092896,0.0,0.009999999776482582,0.9454032778739929,0.8949562311172485,0.9224154353141785,0.43119755387306213,-0.06501807272434235,0.19435398280620575,0.4193609356880188,0.21223673224449158,0.32975825667381287,0.5289247035980225,0.0631842240691185,0.288435697555542,6,5,last,0.04762304574251175,0.0021637738682329655,0.021098559722304344,0.0021401806734502316,-0.001393730053678155,0.0004996355273760855,0.037129975855350494,0.0007505766116082668,0.018043149262666702,sa_ff_gated
0.3233333230018616,0.0533333346247673,0.1733333319425583,0.030000001192092896,0.0,0.013333333656191826,0.84156334400177,0.6772176623344421,0.7670698165893555,0.4756765365600586,0.10981938987970352,0.32516807317733765,0.38333332538604736,0.02666666731238365,0.1966666728258133,0.5300000309944153,0.06316667795181274,0.29333335161209106,0.8066145777702332,0.49807673692703247,0.657869279384613,0.7833333611488342,0.4399999976158142,0.59333336353302,0.046666670590639114,0.0,0.020000001415610313,0.9094769358634949,0.8430636525154114,0.8762702941894531,0.2900027632713318,0.12077798694372177,0.20539037883281708,0.41305917501449585,0.14796333014965057,0.28122255206108093,0.47673243284225464,0.09738259762525558,0.29543763399124146,7,5,last,0.004571968223899603,0.00019958996563218534,0.0022066726814955473,0.0013843486085534096,0.0003837012918666005,0.0008100030827336013,0.0036259170155972242,-0.00021594768622890115,0.0013965143589302897,sa_ff_gated
0.2566666603088379,0.006666666828095913,0.10999999940395355,0.2566666901111603,0.013333333656191826,0.12333333492279053,0.7789140939712524,0.6247488260269165,0.7086389064788818,0.61082524061203,0.2672266960144043,0.43063074350357056,0.18333333730697632,0.0033333334140479565,0.08666667342185974,0.5133333206176758,0.18000000715255737,0.3466666638851166,0.6990227699279785,0.5272732973098755,0.6084977388381958,0.8366667032241821,0.30000001192092896,0.6333333253860474,0.3866666257381439,0.019999999552965164,0.1666666567325592,0.9238654375076294,0.6346727609634399,0.8087800741195679,0.32440122961997986,0.17245900630950928,0.2577827274799347,0.43409839272499084,0.17719534039497375,0.2955487370491028,0.2928257882595062,0.14368435740470886,0.22580716013908386,8,5,last,0.0038932226598262787,-0.0003013697569258511,0.0019943262450397015,0.005291922949254513,-0.0009552297997288406,0.0014440378872677684,0.005165950860828161,-0.0012612001737579703,0.0020809811539947987,sa_ff_gated
0.45341673493385315,0.0833333358168602,0.27000001072883606,0.07999999821186066,0.013333333656191826,0.046666670590639114,0.8432285785675049,0.7409348487854004,0.7868496179580688,0.5138538479804993,0.2113587111234665,0.35709917545318604,0.5466666221618652,0.24666666984558105,0.39666667580604553,0.1900000125169754,0.04333333298563957,0.1133333295583725,0.8469452857971191,0.7389035224914551,0.7939184308052063,0.5766667127609253,0.13975001871585846,0.34333330392837524,0.23666667938232422,0.0033333334140479565,0.1066666692495346,0.8651851415634155,0.6885591149330139,0.779780924320221,0.4413226246833801,0.17210336029529572,0.3393053412437439,0.5397832989692688,0.35644346475601196,0.4529480040073395,0.43310484290122986,0.2228841334581375,0.32676854729652405,9,5,last,0.005798850208520889,-0.0008593635866418481,0.0023484104312956333,0.0007802693289704621,-0.0004437823372427374,0.0001588016311870888,0.004942379891872406,-0.001040315954014659,0.0021218950860202312,sa_ff_gated
0.2800000309944153,0.046666670590639114,0.16333332657814026,0.09000000357627869,0.0,0.030000001192092896,0.80657958984375,0.7157145142555237,0.7611470818519592,0.7341595888137817,0.5302139520645142,0.635932207107544,0.26999998092651367,0.18000000715255737,0.21666666865348816,0.32999998331069946,0.07333333790302277,0.20000000298023224,0.7766080498695374,0.6227229833602905,0.7032454609870911,0.5899999737739563,0.3564999997615814,0.48000001907348633,0.1600000113248825,0.03333333507180214,0.09666667133569717,0.8449176549911499,0.7936913371086121,0.8190487027168274,0.5229171514511108,0.22596275806427002,0.37268128991127014,0.5510085821151733,0.3176993727684021,0.45016947388648987,0.5272353887557983,0.2636287808418274,0.3855293393135071,10,5,last,0.002170963678508997,-0.00041974856867454946,0.0009704951080493629,0.0037197289057075977,0.00046253250911831856,0.0018770731985569,0.0011371070286259055,-0.0022091856226325035,-0.00018346376600675285,sa_ff_gated
0.226666659116745,0.009999999776482582,0.09666667133569717,0.21666665375232697,0.02666666731238365,0.1066666692495346,0.7793735861778259,0.6922896504402161,0.7318015694618225,0.7651570439338684,0.4157174229621887,0.5904372334480286,0.38333335518836975,0.22333332896232605,0.3033333420753479,0.2900000214576721,0.09666667133569717,0.20333334803581238,0.7826057076454163,0.6328685879707336,0.707450807094574,0.4766666293144226,0.17000000178813934,0.3233333230018616,0.15666666626930237,0.06000000238418579,0.10999999940395355,0.791936993598938,0.7203675508499146,0.7561522722244263,0.4949597418308258,0.16890737414360046,0.34611278772354126,0.6875242590904236,0.4222505986690521,0.5811503529548645,0.36894693970680237,0.26646289229393005,0.31189775466918945,11,5,last,0.003663774114102125,0.0005802108207717538,0.002001936314627528,0.0035960651002824306,0.0005298244650475681,0.0017816750332713127,0.0014536780072376132,-0.0008537392131984234,0.00029733372502960265,sa_ff_gated
0.3199999928474426,0.09000000357627869,0.20666666328907013,0.25333333015441895,0.0,0.10000000149011612,0.7697048783302307,0.6355753540992737,0.7068374752998352,0.6917254328727722,0.29871633648872375,0.5125757455825806,0.4166666567325592,0.11666665971279144,0.24666666984558105,0.3333333432674408,0.07999999821186066,0.20666666328907013,0.7914937734603882,0.615609884262085,0.6931928992271423,0.6866666674613953,0.2133333384990692,0.47333335876464844,0.43666666746139526,0.12666666507720947,0.2566666901111603,0.8248509168624878,0.5747542977333069,0.7204819917678833,0.4493137001991272,0.2467796504497528,0.34730759263038635,0.563956618309021,0.3593553602695465,0.4633842408657074,0.46920815110206604,0.24412336945533752,0.3566657602787018,12,5,last,0.0012889041099697351,0.00030021806014701724,0.0007699692505411804,0.001587678911164403,-0.00031748568289913237,0.0007221050327643752,0.0011527726892381907,-0.00042204419150948524,0.0003245030529797077,sa_ff_gated
0.20000000298023224,0.06000000238418579,0.12666666507720947,0.25333333015441895,0.03333333507180214,0.1433333307504654,0.7856930494308472,0.6558914184570312,0.721908450126648,0.7088302373886108,0.6230064630508423,0.6677743792533875,0.7400000095367432,0.2633333206176758,0.48000001907348633,0.3101668357849121,0.03666666895151138,0.15333333611488342,0.8689970970153809,0.6508078575134277,0.7599878311157227,0.33666664361953735,0.023333333432674408,0.17999999225139618,0.2633333206176758,0.08000000566244125,0.18333332240581512,0.7396698594093323,0.6398846507072449,0.6838291883468628,0.48674631118774414,0.28918033838272095,0.38796329498291016,0.5386385321617126,0.3568435609340668,0.4657849371433258,0.38115033507347107,0.21764934062957764,0.2891136705875397,13,5,last,0.0028447068762034178,-0.00043403758900240064,0.0011881692335009575,0.0029789763502776623,-0.000272152858087793,0.001149368705227971,0.0003088858793489635,-0.0005856904317624867,-8.195069676730782e-05,sa_ff_gated
0.2866666615009308,0.0,0.1133333295583725,0.34008342027664185,0.04000000283122063,0.1900000125169754,0.7697964906692505,0.5530473589897156,0.6614218950271606,0.8477355241775513,0.40205612778663635,0.6608280539512634,0.7366666793823242,0.3329166769981384,0.54666668176651,0.33666664361953735,0.01666666753590107,0.17666666209697723,0.9153211712837219,0.658016562461853,0.7866688966751099,0.20333333313465118,0.04333333298563957,0.12333333492279053,0.5333333611488342,0.3100000023841858,0.42666664719581604,0.634397029876709,0.4480782151222229,0.536175012588501,0.5189552903175354,0.27744370698928833,0.39818841218948364,0.5727479457855225,0.1664351224899292,0.36782440543174744,0.6205669641494751,0.4390330910682678,0.5213467478752136,14,5,last,0.0017450011800974607,-0.0006478803115896881,0.00041178608080372214,0.0015443310840055346,-2.150574619008694e-05,0.0006203589728102088,0.00021136626310180873,-0.0010362451430410147,-0.00028228628798387945,sa_ff_gated
0.3700000047683716,0.0533333346247673,0.20000000298023224,0.4166666567325592,0.09666667133569717,0.22333335876464844,0.7793127298355103,0.6064099073410034,0.7031803131103516,0.8603723645210266,0.4363211691379547,0.6589163541793823,0.6299999952316284,0.1966666728258133,0.41333332657814026,0.226666659116745,0.08000000566244125,0.1433333307504654,0.8306516408920288,0.6612913012504578,0.7603675127029419,0.32999998331069946,0.1132500022649765,0.2199999988079071,0.41999998688697815,0.18000000715255737,0.29666668176651,0.7170721292495728,0.5615351796150208,0.6459931135177612,0.58457350730896,0.22073908150196075,0.4407780170440674,0.5800944566726685,0.4649735987186432,0.5225340127944946,0.5331481099128723,0.24428951740264893,0.424940288066864,15,5,last,0.002032361924648285,-6.9623347371816635e-06,0.0010350196389481425,0.0017662160098552704,0.00029903926770202816,0.0010326275369152427,0.0003610677958931774,-0.0004844045324716717,1.0795665730256587e-05,sa_ff_gated
0.3466666638851166,0.009999999776482582,0.15000000596046448,0.0,0.0,0.0,0.8839622735977173,0.8148553967475891,0.8502838015556335,0.46484023332595825,0.1612670123577118,0.31081968545913696,0.03666666895151138,0.0033333334140479565,0.020000001415610313,0.04000000283122063,0.0,0.013333333656191826,0.8227139711380005,0.6892050504684448,0.7594868540763855,1.0,0.7800000309944153,0.90666663646698,0.0,0.0,0.0,0.971373438835144,0.9118339419364929,0.9410807490348816,0.042289525270462036,-0.23549874126911163,-0.0966046005487442,0.16220061480998993,-0.060627955943346024,0.02471797540783882,0.116169273853302,-0.1602923572063446,-0.020755548030138016,0,5,maximum,0.3553667664527893,-0.00984190870076418,0.16168761253356934,0.009043479338288307,-0.013784104958176613,-0.002038195263594389,0.4063993990421295,-0.025895660743117332,0.148639976978302,sa_ff_gated
0.020000001415610313,0.0,0.006666666828095913,0.0,0.0,0.0,0.8251677751541138,0.6526437997817993,0.753563642501831,0.2180050164461136,-0.3118532598018646,-0.07456514984369278,0.0,0.0,0.0,0.6200000047683716,0.0,0.2199999988079071,0.7246984243392944,0.3639025092124939,0.5916999578475952,1.0,0.3866666555404663,0.7800000309944153,0.0,0.0,0.0,0.9636151194572449,0.8335439562797546,0.9154273867607117,0.29068073630332947,0.03053070232272148,0.15873298048973083,0.13733814656734467,-0.1273687183856964,0.000777995795942843,0.16969159245491028,-0.03792164474725723,0.0746874064207077,1,5,maximum,2.599608898162842,0.05981557443737984,1.3092714548110962,0.005834562238305807,-0.007728627882897854,-0.0005831421003676951,3.2092881202697754,0.055716246366500854,1.5333702564239502,sa_ff_gated
0.5733333230018616,0.0,0.20000000298023224,0.5399999618530273,0.0,0.17999999225139618,0.8788939714431763,0.6133521199226379,0.7699542045593262,0.3204557001590729,-0.03495720773935318,0.16695748269557953,0.4266666769981384,0.0,0.1599999964237213,0.6299999952316284,0.0,0.22999998927116394,0.834091305732727,0.35674887895584106,0.6305109262466431,1.0,0.24000000953674316,0.6399999856948853,0.0,0.0,0.0,0.9593765139579773,0.8488427400588989,0.9093974828720093,0.16162995994091034,-0.10439566522836685,0.024951372295618057,0.01842733845114708,-0.1052292212843895,-0.04004445672035217,0.18165826797485352,-0.12740205228328705,-0.004467904567718506,2,5,maximum,0.8336300849914551,0.0023300806060433388,0.3076266050338745,0.03129557892680168,-0.006459100637584925,0.012418240308761597,1.0103633403778076,-0.016075249761343002,0.3454028069972992,sa_ff_gated
0.09666667133569717,0.006666666828095913,0.05000000074505806,0.5300000309944153,0.0,0.17666666209697723,0.8538850545883179,0.5790183544158936,0.7506273984909058,0.33164483308792114,-0.09149207919836044,0.12413449585437775,0.550000011920929,0.0,0.18666666746139526,0.5400000214576721,0.0033333334140479565,0.20999999344348907,0.8300580978393555,0.5407341122627258,0.6798108816146851,0.98333340883255,0.18333333730697632,0.5833333730697632,0.550000011920929,0.0,0.18333333730697632,0.9604774713516235,0.620477557182312,0.8214438557624817,0.16272661089897156,-0.00463462108746171,0.07903306186199188,0.09796054661273956,-0.02055015042424202,0.04848013445734978,0.09049180895090103,-0.053537093102931976,0.03260905668139458,3,5,maximum,0.07148841768503189,-0.017462927848100662,0.026035506278276443,0.015792932361364365,-0.007841646671295166,0.0030264989472925663,0.09335874021053314,-0.023010727018117905,0.027218231931328773,sa_ff_gated
0.5699999928474426,0.0,0.1899999976158142,0.3100000023841858,0.0,0.10333333164453506,0.8873994946479797,0.6098736524581909,0.7494913935661316,0.28888508677482605,-0.022072795778512955,0.12797999382019043,0.8199999928474426,0.14666667580604553,0.4833333492279053,0.23666667938232422,0.0,0.11666667461395264,0.9256003499031067,0.6154088973999023,0.7709653973579407,0.7133333086967468,0.0,0.31333333253860474,0.3566666543483734,0.0,0.16333332657814026,0.9037176370620728,0.5538684129714966,0.7280175089836121,0.34709641337394714,-0.013081413693726063,0.16161155700683594,0.21045847237110138,-0.10557377338409424,0.0704195648431778,0.38391774892807007,-0.020905809476971626,0.19095304608345032,4,5,maximum,0.03535304218530655,0.004809463396668434,0.022360313683748245,0.03148745745420456,-0.012951185926795006,0.00845414400100708,0.07159344106912613,-0.009672519750893116,0.02366408333182335,sa_ff_gated
0.4866666793823242,0.0,0.21333332359790802,0.5799999833106995,0.0,0.19333332777023315,0.8626881837844849,0.4695005416870117,0.6925705671310425,0.33144763112068176,-0.13464851677417755,0.09644900262355804,0.6100000143051147,0.009999999776482582,0.273333340883255,0.6000000238418579,0.0,0.20000000298023224,0.8928591012954712,0.5011025667190552,0.739575982093811,0.7733333706855774,0.0,0.3733333349227905,0.6203336715698242,0.046666666865348816,0.3333333432674408,0.8800625801086426,0.4110676348209381,0.6455650925636292,0.49161434173583984,0.1430286318063736,0.3225674033164978,0.08130036294460297,-0.19824394583702087,-0.04519033432006836,0.4970380663871765,-0.03163101151585579,0.26009446382522583,5,5,maximum,0.2692349851131439,-0.015404780395328999,0.10098938643932343,0.015027202665805817,-0.006531686522066593,0.004247758071869612,0.17694233357906342,-0.014268008060753345,0.060980845242738724,sa_ff_gated
0.6966665983200073,0.226666659116745,0.45666664838790894,0.0,0.0,0.0,0.9245534539222717,0.801712691783905,0.873083233833313,0.7061739563941956,0.46571826934814453,0.5873075723648071,0.45666664838790894,0.13333334028720856,0.2866666913032532,0.28333333134651184,0.0,0.10333333164453506,0.882027268409729,0.6333436369895935,0.7827755212783813,1.0,0.8033334016799927,0.9233333468437195,0.0,0.0,0.0,0.9915669560432434,0.9311049580574036,0.9633908271789551,0.4357098937034607,-0.046435125172138214,0.21461515128612518,0.39403170347213745,-0.06796333938837051,0.15098638832569122,0.04132258892059326,-0.042834121733903885,-0.009813837707042694,6,5,maximum,0.0761232003569603,0.006956286728382111,0.041539739817380905,0.011910680681467056,-0.01705094799399376,-0.0027190966065973043,0.0621960386633873,0.007414560299366713,0.03263973817229271,sa_ff_gated
0.7333333492279053,0.019999999552965164,0.35333332419395447,0.0,0.0,0.0,0.8832653164863586,0.7304290533065796,0.8061314821243286,0.30227285623550415,-0.13458183407783508,0.07365380227565765,0.8033334016799927,0.09666666388511658,0.44999998807907104,0.35999998450279236,0.0,0.13333334028720856,0.9261516332626343,0.6023920774459839,0.7790796160697937,0.9166666269302368,0.31333333253860474,0.6299999952316284,0.19333334267139435,0.0,0.09333333373069763,0.972370982170105,0.680374264717102,0.8331832885742188,0.07295359671115875,-0.051247574388980865,0.01916087605059147,0.3120533525943756,0.034153930842876434,0.17310364544391632,0.2650403082370758,-0.32153376936912537,-0.005523750092834234,7,5,maximum,0.06468787044286728,-0.005576274357736111,0.027662228792905807,0.005216583609580994,-0.014726763591170311,-0.0035982676781713963,0.08060382306575775,-0.010604800656437874,0.03284621611237526,sa_ff_gated
0.6166666746139526,0.02666666731238365,0.27000001072883606,0.31333333253860474,0.0033333334140479565,0.15000000596046448,0.8433230519294739,0.588540256023407,0.719145655632019,0.6229063272476196,0.14487358927726746,0.39470964670181274,0.41350018978118896,0.11666667461395264,0.2733333706855774,0.4099999964237213,0.0033333334140479565,0.14666667580604553,0.868368923664093,0.5621551275253296,0.7437570691108704,0.6966666579246521,0.13333332538604736,0.35999998450279236,0.34333333373069763,0.12333333492279053,0.25333333015441895,0.8483607172966003,0.5803908109664917,0.6945342421531677,0.34777435660362244,0.08070019632577896,0.2229730635881424,0.4037565588951111,-0.019605448469519615,0.19207558035850525,0.3891080915927887,-0.04492358863353729,0.19923311471939087,8,5,maximum,0.021637674421072006,-0.014878945425152779,0.004648496396839619,0.006279033608734608,-0.007060275878757238,-0.00039062154246494174,0.020029719918966293,-0.013562227599322796,0.004651716444641352,sa_ff_gated
0.3466666638851166,0.0,0.15333333611488342,0.5505838990211487,0.019999999552965164,0.25333335995674133,0.8249422311782837,0.4800533354282379,0.6606735587120056,0.6683189868927002,-0.04986941069364548,0.3777160048484802,0.3100000023841858,0.0,0.10333333164453506,0.533333420753479,0.11333334445953369,0.3199999928474426,0.7657056450843811,0.460427463054657,0.613066554069519,0.7199999690055847,0.046666666865348816,0.35999998450279236,0.5699999928474426,0.0,0.20999999344348907,0.9093837738037109,0.4537832736968994,0.7082805633544922,0.26251736283302307,0.047499071806669235,0.16605722904205322,0.3277243673801422,0.1999444216489792,0.25208112597465515,0.13093635439872742,-0.0959155336022377,0.039055291563272476,9,5,maximum,0.004423653241246939,-0.01906738430261612,-0.005990099627524614,-0.002488634781911969,-0.009996620938181877,-0.006242627743631601,0.008206380531191826,-0.017150403931736946,-0.003577881958335638,sa_ff_gated
0.44333332777023315,0.0533333346247673,0.23666667938232422,0.0,0.0,0.0,0.8785951733589172,0.7796969413757324,0.8285948634147644,0.7182217836380005,-0.032474566251039505,0.43548765778541565,0.7099999785423279,0.25,0.5066666603088379,0.22999998927116394,0.0,0.08999999612569809,0.8979783058166504,0.6837843656539917,0.8075766563415527,0.8333333134651184,0.09333334118127823,0.4633333086967468,0.07666666805744171,0.0,0.03666666895151138,0.9494121670722961,0.7569778561592102,0.8496131896972656,0.30681854486465454,-0.08502361923456192,0.10118366777896881,0.5208446383476257,0.2557932734489441,0.375548779964447,0.2977493703365326,-0.25791609287261963,0.01991664245724678,10,5,maximum,0.022980688139796257,-0.011820283718407154,0.007187177427113056,0.005009607411921024,-0.00877169705927372,-0.0017807347467169166,0.025843512266874313,-0.005235041491687298,0.01087227463722229,sa_ff_gated
0.5533333420753479,0.0,0.20666666328907013,0.010000000707805157,0.0,0.0033333334140479565,0.884040355682373,0.7065339684486389,0.7906343340873718,0.5584551095962524,-0.05639566108584404,0.27390941977500916,0.7000000476837158,0.06000000238418579,0.3733333349227905,0.38999998569488525,0.006666666828095913,0.1900000125169754,0.8896716237068176,0.60124272108078,0.7454571723937988,0.9233333468437195,0.15666666626930237,0.5400000214576721,0.17666666209697723,0.0,0.0833333358168602,0.9726028442382812,0.6918490529060364,0.8358114361763,0.4718421399593353,-0.20981383323669434,0.12193386256694794,0.5308993458747864,0.13442622125148773,0.33032506704330444,0.11815503984689713,-0.4561711847782135,-0.1647457629442215,11,5,maximum,0.02129237912595272,-0.011793197132647038,0.006226042751222849,0.008115602657198906,-0.004075323231518269,0.0024113624822348356,0.01283893920481205,-0.00977933406829834,0.0036032896023243666,sa_ff_gated
0.54666668176651,0.09333333373069763,0.3199999928474426,0.10999999940395355,0.0,0.03666666895151138,0.8709458112716675,0.7043617367744446,0.7963129878044128,0.8024809956550598,0.11278688907623291,0.5547652840614319,0.6499999761581421,0.12666666507720947,0.3933333456516266,0.12999999523162842,0.013333333656191826,0.07000000029802322,0.8801017999649048,0.7659913301467896,0.8227431178092957,0.7900000214576721,0.2866666913032532,0.5666666626930237,0.5,0.0033333334140479565,0.1900000125169754,0.9196438789367676,0.5300390124320984,0.76988285779953,0.20041120052337646,-0.054804105311632156,0.07582105696201324,0.3318508565425873,0.02185051515698433,0.15486523509025574,0.22977495193481445,0.0428452342748642,0.155709907412529,12,5,maximum,0.0006608938565477729,-0.008094560354948044,-0.0032954763155430555,0.0018690042197704315,-0.005553537514060736,-0.0014303599018603563,0.0014478841330856085,-0.005419933702796698,-0.0016623015981167555,sa_ff_gated
0.17666666209697723,0.013333333656191826,0.08999999612569809,0.30000001192092896,0.0,0.12000000476837158,0.8369274139404297,0.6373752355575562,0.741795003414154,0.612414538860321,-0.07392053306102753,0.3037399351596832,0.7566666603088379,0.20999999344348907,0.4599999785423279,0.5266666412353516,0.013166681863367558,0.21333332359790802,0.900526225566864,0.48820170760154724,0.7219502925872803,0.4833332896232605,0.03333333507180214,0.22333332896232605,0.25,0.0,0.11666667461395264,0.8485487699508667,0.6748442649841309,0.7616397738456726,0.4038010537624359,0.015004165470600128,0.19841066002845764,0.5734926462173462,0.2927035391330719,0.4321978688240051,0.3879299759864807,-0.0701305940747261,0.1588996946811676,13,5,maximum,0.010714760981500149,-0.001355607993900776,0.004679576493799686,0.0065770396031439304,-0.0019049796974286437,0.002215674612671137,0.005564070772379637,-0.0028972323052585125,0.001654686639085412,sa_ff_gated
0.4300000071525574,0.0033333334140479565,0.1599999964237213,0.20666666328907013,0.0,0.08666666597127914,0.8381592631340027,0.5967562794685364,0.7174577116966248,0.4992164671421051,0.054692965000867844,0.28489023447036743,0.8833333253860474,0.22316667437553406,0.5500000715255737,0.503333330154419,0.0,0.1900000125169754,0.9285604357719421,0.525300145149231,0.7483533620834351,0.5066666603088379,0.03333333507180214,0.27000001072883606,0.5099999308586121,0.12000000476837158,0.28333333134651184,0.8110507130622864,0.5356937646865845,0.6865621209144592,0.27223116159439087,0.07664351165294647,0.16839122772216797,0.5281244516372681,-0.015486055985093117,0.30558091402053833,0.4939038157463074,0.18742984533309937,0.32656848430633545,14,5,maximum,0.00546841137111187,-0.005957986693829298,-0.00042589716031216085,0.0024928548373281956,-0.009086588397622108,-0.002671425463631749,0.004633997566998005,0.0001647310855332762,0.0025769476778805256,sa_ff_gated
0.3266666531562805,0.09333333373069763,0.22333332896232605,0.25333333015441895,0.03999999910593033,0.14666667580604553,0.7954049706459045,0.6501211524009705,0.7345640063285828,0.8619616627693176,0.47833284735679626,0.6675187945365906,0.6933333277702332,0.31333333253860474,0.4833332896232605,0.1966666728258133,0.030000001192092896,0.11333334445953369,0.8934710621833801,0.7278979420661926,0.8092840909957886,0.35999998450279236,0.07666666805744171,0.20666666328907013,0.48666661977767944,0.09333334118127823,0.2800000011920929,0.8053559064865112,0.5182908177375793,0.6598438620567322,0.5473631620407104,0.12262406945228577,0.34632954001426697,0.6368979215621948,0.2553931772708893,0.44614553451538086,0.5544984936714172,0.10407757759094238,0.3516309857368469,15,5,maximum,0.02008824609220028,0.0032418728806078434,0.009763462468981743,0.008876044303178787,-0.0017252204706892371,0.003315739333629608,0.012788934633135796,0.0009880552534013987,0.006423824932426214,sa_ff_gated
0.45333331823349,0.0,0.1733333319425583,0.0,0.0,0.0,0.878466010093689,0.7544238567352295,0.816444993019104,0.5469783544540405,0.18594014644622803,0.36651572585105896,0.1300000101327896,0.0,0.06333333253860474,0.30666667222976685,0.0,0.14000000059604645,0.8005465269088745,0.5605177879333496,0.6805321574211121,1.0,0.9033333659172058,0.9633333086967468,0.0,0.0,0.0,0.9736313819885254,0.9323477745056152,0.9523577690124512,0.1439283788204193,-0.09801328182220459,0.02171272039413452,0.12777793407440186,-0.05677846074104309,0.01799994334578514,0.18117821216583252,0.017898770049214363,0.10216005891561508,0,5,middle,0.7435843348503113,0.003053851192817092,0.28057920932769775,0.0017367766704410315,0.0003396852407604456,0.0010112377349287271,0.5243905186653137,0.0018196100136265159,0.18599388003349304,sa_ff_gated
0.0,0.0,0.0,0.0,0.0,0.0,0.8414398431777954,0.7736408114433289,0.8021775484085083,0.19326351583003998,-0.07086001336574554,0.06120175123214722,0.0,0.0,0.0,0.1599999964237213,0.006666666828095913,0.06666667014360428,0.7449659705162048,0.603933572769165,0.6646080613136292,1.0,0.6600000262260437,0.8866666555404663,0.0,0.0,0.0,0.9617776870727539,0.9118484258651733,0.9397470355033875,-0.028258632868528366,-0.10139210522174835,-0.06482537090778351,0.08239739388227463,-0.1834079623222351,-0.05044319108128548,0.08614298701286316,-0.12443246692419052,-0.025202149525284767,1,5,middle,0.1827750951051712,0.0043046558275818825,0.06660745292901993,0.0009934237459674478,0.0002433496993035078,0.0005681592156179249,0.12042993307113647,0.0013974772300571203,0.049645476043224335,sa_ff_gated
0.1366666704416275,0.0,0.05000000074505806,0.0,0.0,0.0,0.8401288986206055,0.7349059581756592,0.7875174283981323,0.037772323936223984,-0.0969059020280838,-0.023817826062440872,0.020000001415610313,0.0,0.006666666828095913,0.273333340883255,0.0,0.12000000476837158,0.7388937473297119,0.5873974561691284,0.664483904838562,0.9966667294502258,0.3799999952316284,0.7700000405311584,0.0,0.0,0.0,0.9534828066825867,0.8416086435317993,0.9105510711669922,0.08359688520431519,-0.2719540596008301,-0.09298880398273468,0.26941949129104614,-0.18180304765701294,0.043808210641145706,0.05852343887090683,-0.07291673123836517,-0.011875872500240803,2,5,middle,0.18964684009552002,0.005667567253112793,0.07389648258686066,0.0016434099525213242,0.0002623217005748302,0.0007462676730938256,0.11052684485912323,0.006851746700704098,0.048341311514377594,sa_ff_gated
0.746666669845581,0.046666666865348816,0.3933333456516266,0.0,0.0,0.0,0.9245284199714661,0.7645496129989624,0.8461272120475769,0.39339807629585266,-0.07069214433431625,0.2131684124469757,0.6399999856948853,0.023333333432674408,0.27666667103767395,0.43333330750465393,0.0,0.20000000298023224,0.9080201983451843,0.5785313844680786,0.7469360828399658,1.0,0.5233333706855774,0.8366667032241821,0.0,0.0,0.0,0.9735878705978394,0.9053196907043457,0.945318341255188,0.35523471236228943,-0.0720619261264801,0.14609655737876892,0.29396170377731323,-0.12087617069482803,0.0865427628159523,0.36850565671920776,0.007274444214999676,0.18496067821979523,3,5,middle,1.8365676403045654,0.04114856943488121,0.7126737236976624,0.030209574848413467,0.0002622712345328182,0.010470395907759666,1.438507318496704,0.04092441126704216,0.5404492020606995,sa_ff_gated
0.2199999988079071,0.0,0.08666666597127914,0.0,0.0,0.0,0.8335493206977844,0.7618082165718079,0.7974402904510498,0.5683713555335999,0.053087711334228516,0.3107295334339142,0.09666667133569717,0.0,0.03666666895151138,0.2666666507720947,0.07333333790302277,0.1666666567325592,0.7217495441436768,0.5842107534408569,0.6529802083969116,0.9566666483879089,0.8033334016799927,0.8766666650772095,0.0,0.0,0.0,0.952053427696228,0.9322909712791443,0.941900372505188,0.4682213366031647,-0.0356181263923645,0.21107947826385498,0.3907996714115143,0.04052851349115372,0.2154364287853241,0.42332300543785095,0.19838759303092957,0.31085529923439026,4,5,middle,0.023705091327428818,0.0013169494923204184,0.009073341265320778,0.0012299703666940331,1.2339785826043226e-05,0.00044317380525171757,0.02556690201163292,0.0010161366080865264,0.009474379941821098,sa_ff_gated
0.6333333253860474,0.06333333253860474,0.3233333230018616,0.030000001192092896,0.0,0.009999999776482582,0.8919059634208679,0.7470125555992126,0.8194593191146851,0.609599769115448,0.04127263277769089,0.31389158964157104,0.503333330154419,0.0,0.1900000125169754,0.46000003814697266,0.03666666895151138,0.23000001907348633,0.8352153897285461,0.5343340039253235,0.6861761808395386,0.9766666293144226,0.85999995470047,0.9266667366027832,0.010000000707805157,0.0,0.0033333334140479565,0.9679242372512817,0.93480384349823,0.9527423977851868,0.4309483468532562,-0.07554994523525238,0.17769919335842133,0.3588040769100189,0.10605959594249725,0.23243184387683868,0.3778432309627533,0.1501510888338089,0.28293633460998535,5,5,middle,0.010206024162471294,0.0037340447306632996,0.007000093348324299,0.00021870915952604264,-0.00017565084272064269,5.385166878113523e-05,0.008392630144953728,0.0026451630983501673,0.005578700918704271,sa_ff_gated
0.28333333134651184,0.03333333507180214,0.14666667580604553,0.04000000283122063,0.0,0.013333333656191826,0.8274105191230774,0.6556503176689148,0.7511471509933472,0.5256805419921875,0.03724857047200203,0.2698327600955963,0.4333333373069763,0.02666666731238365,0.19333334267139435,0.6899999976158142,0.10000000149011612,0.3633333444595337,0.7688260078430176,0.3558042049407959,0.5846894979476929,0.9399999380111694,0.6599999666213989,0.7999999523162842,0.06333333998918533,0.0,0.030000001192092896,0.9644224047660828,0.8707872629165649,0.9176048040390015,0.3494326174259186,0.15046265721321106,0.25449347496032715,0.4324207603931427,-0.06663412600755692,0.23979949951171875,0.4552329182624817,0.03624434769153595,0.2458355724811554,6,5,middle,0.005698715802282095,0.0014216011622920632,0.0034698229283094406,0.0005535736563615501,4.441097189555876e-05,0.00029914811602793634,0.008127033710479736,0.0009909427026286721,0.004014299716800451,sa_ff_gated
0.1966666728258133,0.006666666828095913,0.09000000357627869,0.06000000238418579,0.0,0.019999999552965164,0.7863262295722961,0.6869769096374512,0.7370659708976746,0.313764750957489,-0.05533404275774956,0.15291735529899597,0.34008342027664185,0.023333335295319557,0.1599999964237213,0.5199999809265137,0.16999998688697815,0.34333333373069763,0.7557345628738403,0.49639806151390076,0.6260663270950317,0.7800000309944153,0.3266666829586029,0.5533334016799927,0.10999999940395355,0.0033333334140479565,0.056666672229766846,0.9060678482055664,0.7900635600090027,0.8480657339096069,0.248245969414711,-0.0026543985586613417,0.12887783348560333,0.5029246211051941,0.3031092584133148,0.41338616609573364,0.5802161693572998,0.1343577355146408,0.3805329501628876,7,5,middle,0.00534821767359972,0.0006985345389693975,0.002480029361322522,0.0006651848088949919,0.00011235601414227858,0.00036718123010359704,0.005639299750328064,0.000569877156522125,0.002409388078376651,sa_ff_gated
0.2834167778491974,0.023333335295319557,0.1300000101327896,0.09000000357627869,0.019999999552965164,0.05666666477918625,0.7823905944824219,0.7101137042045593,0.746865451335907,0.566494882106781,0.20241078734397888,0.37525472044944763,0.31666669249534607,0.006666666828095913,0.15000000596046448,0.4233333468437195,0.1599999964237213,0.27666670083999634,0.7413669228553772,0.5412881970405579,0.649683952331543,0.8166667222976685,0.35333332419395447,0.6433333158493042,0.18350017070770264,0.02666666731238365,0.10333333909511566,0.9159764051437378,0.7307174801826477,0.8440470695495605,0.4404587149620056,0.17662538588047028,0.30854207277297974,0.510158360004425,0.34118494391441345,0.4287561774253845,0.38957923650741577,0.2119036465883255,0.3033529222011566,8,5,middle,0.004616537131369114,0.000706625753082335,0.002427723491564393,0.0005086794262751937,-2.148442763427738e-05,0.0002262880589114502,0.004188154824078083,0.00063034932827577,0.0023786230012774467,sa_ff_gated
0.3566666543483734,0.1733333170413971,0.273333340883255,0.1733333319425583,0.0033333334140479565,0.06333333998918533,0.8305879831314087,0.7284967303276062,0.782181441783905,0.5471549034118652,0.11513064056634903,0.37858524918556213,0.5399999618530273,0.3400000035762787,0.4399999976158142,0.2800000011920929,0.023333335295319557,0.15000000596046448,0.8514612913131714,0.7154569625854492,0.7846466302871704,0.47333329916000366,0.1666666567325592,0.3199999928474426,0.20333333313465118,0.019999999552965164,0.10999999940395355,0.832055926322937,0.7320548892021179,0.7797163724899292,0.5634888410568237,0.10129763931035995,0.3051988184452057,0.5792255401611328,0.3053321838378906,0.4451623857021332,0.5826390981674194,0.2731779217720032,0.4323265552520752,9,5,middle,0.005455895327031612,0.0005222129402682185,0.0022754205856472254,0.0005788522539660335,7.518311031162739e-05,0.0003270176821388304,0.004004468210041523,0.0002698239404708147,0.0015990607207641006,sa_ff_gated
0.2199999988079071,0.030000001192092896,0.12333333492279053,0.07666666805744171,0.0,0.03666666895151138,0.801042377948761,0.6762609481811523,0.7420210838317871,0.6500505805015564,0.4554359018802643,0.5527063608169556,0.2800000309944153,0.1666666567325592,0.22333332896232605,0.3933333456516266,0.10000000149011612,0.24000000953674316,0.7764866948127747,0.5928910970687866,0.6926823258399963,0.4833333492279053,0.30666667222976685,0.4000000059604645,0.2199999988079071,0.046666666865348816,0.12666666507720947,0.8285481333732605,0.7541716694831848,0.7913599014282227,0.5403317213058472,0.12238633632659912,0.3385949730873108,0.6214032173156738,0.49030932784080505,0.5693651437759399,0.7104046940803528,0.29421767592430115,0.497633159160614,10,5,middle,0.0017370333662256598,0.0003454393590800464,0.0009329731692560017,0.0013156018685549498,0.00020406574185471982,0.00067503796890378,0.0005218703881837428,0.00010474449663888663,0.00028909501270391047,sa_ff_gated
0.31333333253860474,0.0,0.11999998986721039,0.25,0.0,0.09000000357627869,0.7777776122093201,0.6998088955879211,0.7399520874023438,0.7916539907455444,0.3722161650657654,0.5715309977531433,0.38999998569488525,0.2866666615009308,0.3466666638851166,0.3233333230018616,0.12999999523162842,0.226666659116745,0.7619687914848328,0.6637603044509888,0.7188476324081421,0.46666663885116577,0.20666667819023132,0.33666667342185974,0.23666664958000183,0.04316668212413788,0.1300000101327896,0.7966412305831909,0.7260051965713501,0.7610564231872559,0.7053717970848083,0.17414693534374237,0.43975934386253357,0.7997055053710938,0.5835949778556824,0.7001639604568481,0.6412156820297241,0.3723193109035492,0.4967425465583801,11,5,middle,0.0014437207719311118,0.000466647237772122,0.0008473825873807073,0.000550731725525111,0.00023175233218353242,0.00037722528213635087,0.0005215484416112304,0.00019627662550192326,0.0003429682401474565,sa_ff_gated
0.30666667222976685,0.07999999821186066,0.19333334267139435,0.1666666716337204,0.02666666731238365,0.09666667133569717,0.7600131034851074,0.6662893891334534,0.7091151475906372,0.7417256236076355,0.2754097878932953,0.5433107018470764,0.42025026679039,0.1666666567325592,0.28333336114883423,0.33666664361953735,0.030000001192092896,0.18333332240581512,0.7892528176307678,0.6084461212158203,0.698756992816925,0.6134167313575745,0.226666659116745,0.43666666746139526,0.3566666543483734,0.12000000476837158,0.23666667938232422,0.8157255053520203,0.6213251352310181,0.7194733023643494,0.3742035925388336,0.23087289929389954,0.30061545968055725,0.6671375036239624,0.37483906745910645,0.5242277979850769,0.3976227939128876,0.17102274298667908,0.2730756103992462,12,5,middle,0.0012306415010243654,0.00038372428389266133,0.0008070204639807343,0.0008936079102568328,0.0001871732238214463,0.0004949880531057715,0.0005283640930429101,9.990097169065848e-05,0.00027149487868882716,sa_ff_gated
0.25,0.04000000283122063,0.1300000101327896,0.3100000023841858,0.006666666828095913,0.1366666704416275,0.7861611843109131,0.6377379298210144,0.7207962274551392,0.7521052360534668,0.5707613229751587,0.6579863429069519,0.7799999713897705,0.31333333253860474,0.5433332920074463,0.3266666531562805,0.023333335295319557,0.15666666626930237,0.8862517476081848,0.6558445692062378,0.7763658165931702,0.3233333230018616,0.030000001192092896,0.17666666209697723,0.36341679096221924,0.11666667461395264,0.2433333396911621,0.7342151403427124,0.6038245558738708,0.6652267575263977,0.6486181616783142,0.13404543697834015,0.4091939330101013,0.7343920469284058,0.3947928547859192,0.5678768157958984,0.46473565697669983,0.23565426468849182,0.3458733856678009,13,5,middle,0.0009483941830694675,0.00039636940346099436,0.0006449454231187701,0.0005840429803356528,0.00030225474620237947,0.00044314880506135523,0.00033587374491617084,8.516138223058078e-06,0.00015482548042200506,sa_ff_gated
0.2933333218097687,0.006583340931683779,0.12999999523162842,0.2566666603088379,0.023333335295319557,0.12999999523162842,0.7818637490272522,0.5880045890808105,0.6824741363525391,0.8319486379623413,0.25778454542160034,0.5902526378631592,0.75,0.3100000023841858,0.5533333420753479,0.30000001192092896,0.006666666828095913,0.15333333611488342,0.914120078086853,0.671249270439148,0.7951031923294067,0.25999999046325684,0.06333333998918533,0.15333333611488342,0.5199999809265137,0.2800000309944153,0.38333335518836975,0.6447705030441284,0.49491968750953674,0.5698450803756714,0.5715690851211548,0.08459807932376862,0.33506351709365845,0.7374268770217896,0.21202588081359863,0.5101526975631714,0.686029314994812,0.3195236027240753,0.5293634533882141,14,5,middle,0.0005427227006293833,0.0003598601615522057,0.0004537540371529758,0.0004011831188108772,0.0002914346114266664,0.0003482114989310503,9.000791033031419e-05,3.6757803172804415e-05,6.62054299027659e-05,sa_ff_gated
0.34333333373069763,0.06666667014360428,0.20000000298023224,0.31333333253860474,0.09333334118127823,0.1966666579246521,0.7680834531784058,0.6393483877182007,0.7053035497665405,0.8672076463699341,0.5045341849327087,0.6878432035446167,0.6233333349227905,0.21666666865348816,0.41999998688697815,0.2433333396911621,0.056666672229766846,0.1433333307504654,0.8293724060058594,0.6690937876701355,0.755597710609436,0.356666624546051,0.15666666626930237,0.25333333015441895,0.3799999952316284,0.19325000047683716,0.28999999165534973,0.709419846534729,0.6005992293357849,0.6550095677375793,0.6868232488632202,0.3070969581604004,0.5207185745239258,0.6673722267150879,0.5275222659111023,0.6029545068740845,0.5508022904396057,0.3670920431613922,0.4709692597389221,15,5,middle,0.0010887266835197806,0.00036970150540582836,0.0006632500444538891,0.0010170056484639645,0.00025100188213400543,0.0005629310035146773,7.896764145698398e-05,4.100256410310976e-05,6.241971277631819e-05,sa_ff_gated
0.40666666626930237,0.0,0.1666666716337204,0.0,0.0,0.0,0.8834551572799683,0.8053304553031921,0.8432354927062988,0.4442456364631653,0.24161489307880402,0.34901919960975647,0.37333330512046814,0.0,0.14666667580604553,0.03999999910593033,0.0,0.019999999552965164,0.8316515684127808,0.6659432649612427,0.7475587129592896,1.0,0.73333340883255,0.8933333158493042,0.0,0.0,0.0,0.9715239405632019,0.9051244854927063,0.9389122724533081,0.066651850938797,-0.18789663910865784,-0.059583209455013275,0.06967490911483765,-0.06434009969234467,0.011914417147636414,0.07727362960577011,-0.0955875813961029,-0.006784616503864527,0,5,minimum,0.3004991412162781,0.0321749784052372,0.14484526216983795,0.04664263501763344,0.014957095496356487,0.029874766245484352,0.2719747722148895,0.023773493245244026,0.11855858564376831,sa_ff_gated
0.6000000238418579,0.0,0.20000000298023224,0.0,0.0,0.0,0.903099536895752,0.7297655344009399,0.8186429142951965,0.5755376219749451,0.04878021404147148,0.28007784485816956,0.6000000238418579,0.0,0.20000000298023224,0.4700000286102295,0.0,0.15666666626930237,0.8487979769706726,0.5171311497688293,0.6901364922523499,1.0,0.7933333516120911,0.90666663646698,0.0,0.0,0.0,0.9660481214523315,0.9296601414680481,0.9471491575241089,0.06631842255592346,-0.08022227883338928,-0.002634062897413969,0.07618783414363861,-0.14574047923088074,-0.029741594567894936,0.12312308698892593,-0.13880522549152374,0.0007113069295883179,1,5,minimum,0.9298735857009888,0.1771862953901291,0.5535299181938171,0.021257856860756874,-0.018534008413553238,0.002772357314825058,0.7996403574943542,0.16152438521385193,0.4805823862552643,sa_ff_gated
0.6000000238418579,0.0,0.20000000298023224,0.010000000707805157,0.0,0.0033333334140479565,0.8786274790763855,0.6815497279167175,0.7722623944282532,0.09328146278858185,-0.40225619077682495,-0.14761878550052643,0.6000000238418579,0.0,0.20000000298023224,0.3033333420753479,0.0,0.12999999523162842,0.8517441749572754,0.5583803057670593,0.7008978128433228,1.0,0.20000000298023224,0.6000000238418579,0.05000000074505806,0.0,0.01666666753590107,0.9689251780509949,0.7040032148361206,0.8436267971992493,0.20833563804626465,-0.1634676307439804,0.0645623728632927,0.16669075191020966,-0.1724812388420105,0.0073798298835754395,0.23523202538490295,-0.06532842665910721,0.08749096095561981,2,5,minimum,1.1201913356781006,0.0493810661137104,0.43703269958496094,0.0563177689909935,0.007318222429603338,0.03181799501180649,0.9745339751243591,0.02721998654305935,0.3602979779243469,sa_ff_gated
0.6233333349227905,0.0,0.22333332896232605,0.0,0.0,0.0,0.9140228033065796,0.7252739667892456,0.8165377378463745,0.19095304608345032,-0.3917087912559509,-0.0810447409749031,0.6033333539962769,0.0,0.20333333313465118,0.5666666626930237,0.0033333334140479565,0.20666666328907013,0.861635684967041,0.5049921274185181,0.6948370933532715,1.0,0.40666666626930237,0.800000011920929,0.0,0.0,0.0,0.9784940481185913,0.8865938782691956,0.9382385015487671,0.15296471118927002,-0.24501249194145203,-0.03420950472354889,0.1869741529226303,-0.1967269778251648,-0.014843118377029896,0.0984940156340599,-0.16621284186840057,-0.014237293973565102,3,5,minimum,0.40270549058914185,0.048928599804639816,0.2074737846851349,0.029501402750611305,0.01151894312351942,0.02071940153837204,0.4794588088989258,0.057780422270298004,0.2298327386379242,sa_ff_gated
0.6433333158493042,0.013333333656191826,0.27666667103767395,0.10999999940395355,0.0,0.03666666895151138,0.9050865769386292,0.6915314197540283,0.8009262084960938,0.6240955591201782,-0.22865240275859833,0.20544596016407013,0.5066666603088379,0.0,0.1733333319425583,0.4633333683013916,0.019999999552965164,0.21666666865348816,0.8468610644340515,0.5344489812850952,0.6906550526618958,1.0,0.39666667580604553,0.7900000214576721,0.04000000283122063,0.0,0.013333333656191826,0.9860637784004211,0.7936573028564453,0.9111974835395813,0.3325701653957367,-0.14037232100963593,0.09787163883447647,0.281100332736969,-0.2037874311208725,0.03557655215263367,0.14405111968517303,-0.34330111742019653,-0.10226752609014511,4,5,minimum,0.23692205548286438,0.06782759726047516,0.15123037993907928,0.009457752108573914,-0.002752068219706416,0.0037578486371785402,0.23444637656211853,0.0661214217543602,0.14777502417564392,sa_ff_gated
0.59333336353302,0.0,0.20000000298023224,0.0,0.0,0.0,0.8797152638435364,0.7285758256912231,0.7953732013702393,0.29165881872177124,-0.17395943403244019,0.06049458310008049,0.49000000953674316,0.0,0.16333332657814026,0.4866666793823242,0.03333333507180214,0.23333331942558289,0.8355084657669067,0.5385279059410095,0.6870182156562805,1.0,0.4000000059604645,0.800000011920929,0.20000000298023224,0.0,0.06666667014360428,0.9922424554824829,0.7387548685073853,0.9037281274795532,0.4299638867378235,-0.021783828735351562,0.20409002900123596,0.2514142692089081,0.05641566962003708,0.14299526810646057,0.38540706038475037,-0.32487910985946655,0.021861642599105835,5,5,minimum,0.11639654636383057,0.044615041464567184,0.0836760401725769,0.04082954302430153,-0.011679522693157196,0.010197950527071953,0.1021147146821022,0.03446820378303528,0.0716133713722229,sa_ff_gated
0.17000000178813934,0.0,0.05666666477918625,0.11666667461395264,0.0,0.04333333298563957,0.7829752564430237,0.6460776925086975,0.7145265340805054,0.24086689949035645,-0.07988885790109634,0.08048901706933975,0.6000000238418579,0.0,0.20000000298023224,0.4000000059604645,0.010000000707805157,0.15666666626930237,0.8613184094429016,0.5484374761581421,0.6969786882400513,0.8033332824707031,0.020000001415610313,0.4099999964237213,0.4000000059604645,0.0533333346247673,0.226666659116745,0.8946183323860168,0.5684462785720825,0.7320743203163147,0.20961377024650574,0.05508197098970413,0.13234786689281464,0.40671294927597046,0.0896693542599678,0.24819116294384003,0.5002611875534058,0.15986661612987518,0.34027227759361267,6,5,minimum,0.15724150836467743,0.018575262278318405,0.07230924814939499,0.007502025458961725,-0.016910139471292496,-0.003701225621625781,0.16940046846866608,0.01478566788136959,0.07397101074457169,sa_ff_gated
0.4399999976158142,0.0,0.14666667580604553,0.49000000953674316,0.0,0.16333332657814026,0.8380008935928345,0.5231703519821167,0.6760475635528564,0.42666298151016235,-0.2209947109222412,0.07923310995101929,0.7000000476837158,0.0,0.3333333432674408,0.7700000405311584,0.08666666597127914,0.44333332777023315,0.8537753820419312,0.3453676104545593,0.5995715260505676,0.9100000262260437,0.11666665971279144,0.5133333206176758,0.5733333230018616,0.0,0.226666659116745,0.9649998545646667,0.5400471091270447,0.7525235414505005,0.32469019293785095,-0.028541261330246925,0.1480744630098343,0.32172268629074097,-0.018849682062864304,0.1230897456407547,0.13155874609947205,-0.11114197969436646,-0.008891358971595764,7,5,minimum,0.012098092585802078,-0.03346031904220581,-0.008343413472175598,0.008860914036631584,-0.01486485730856657,-0.003001971635967493,0.004448818974196911,-0.04840841144323349,-0.016552988439798355,sa_ff_gated
0.7266666293144226,0.0,0.3266666531562805,0.41333332657814026,0.0,0.17999999225139618,0.899564266204834,0.5480080842971802,0.7237861752510071,0.7775270938873291,0.30721864104270935,0.5456515550613403,0.5833333134651184,0.0,0.22999998927116394,0.4833332896232605,0.07666666805744171,0.2800000011920929,0.828554630279541,0.4773600995540619,0.6529573202133179,0.9966667294502258,0.20666666328907013,0.6033333539962769,0.3933333456516266,0.0,0.19333334267139435,0.9836939573287964,0.5940600633621216,0.7946150302886963,0.409611314535141,0.07643234729766846,0.25295913219451904,0.4775993227958679,0.06995277106761932,0.2737760543823242,0.3172992467880249,-0.17330369353294373,0.07199776917695999,8,5,minimum,0.0019519852939993143,-0.04799821227788925,-0.023576106876134872,-0.002842474728822708,-0.02739405259490013,-0.014034357853233814,0.000546290713828057,-0.03127240017056465,-0.015324423089623451,sa_ff_gated
0.8400000333786011,0.17000000178813934,0.5099999904632568,0.10000000149011612,0.0,0.03333333507180214,0.9438230395317078,0.7330695390701294,0.8501273393630981,0.7745291590690613,0.5345706939697266,0.6625396013259888,0.8799999952316284,0.6466666460037231,0.7866666913032532,0.0,0.0,0.0,0.9518025517463684,0.9047660827636719,0.9310706257820129,0.7333332896232605,0.10999999940395355,0.4099999964237213,0.41999998688697815,0.0,0.18666666746139526,0.9354483485221863,0.5449960231781006,0.7691839337348938,0.46306195855140686,-0.17491525411605835,0.13565990328788757,0.33162543177604675,0.11065296083688736,0.2147374153137207,0.37607115507125854,-0.25089192390441895,0.10809668153524399,9,5,minimum,0.00819678045809269,-0.0005100601119920611,0.003737557679414749,-0.0005874168127775192,-0.013874855823814869,-0.0069816829636693,0.018960462883114815,0.005540139973163605,0.013339310884475708,sa_ff_gated
0.23333331942558289,0.0,0.09333333373069763,0.3799999952316284,0.0,0.12666666507720947,0.8241720199584961,0.5436895489692688,0.6979933381080627,0.6412336826324463,-0.13125868141651154,0.2684745788574219,0.40666666626930237,0.0,0.1733333319425583,0.4300000071525574,0.006666666828095913,0.20333333313465118,0.8456624150276184,0.5282018184661865,0.6869320869445801,0.7666667103767395,0.1133333295583725,0.4399999678134918,0.550000011920929,0.0,0.2633333206176758,0.9293365478515625,0.4887726306915283,0.7090545892715454,0.5663350820541382,0.04966934770345688,0.32620173692703247,0.529122531414032,0.41098085045814514,0.46745529770851135,0.288235604763031,-0.11547652631998062,0.08637956529855728,10,5,minimum,0.007631911896169186,-0.014922022819519043,-0.0008015200728550553,0.0037178420461714268,-0.008250427432358265,-0.0011168119963258505,0.006558815483003855,-0.005746277514845133,0.0006610423442907631,sa_ff_gated
0.25,0.0,0.0833333283662796,0.47333329916000366,0.0,0.18666665256023407,0.8148626089096069,0.49207744002342224,0.6765064001083374,0.5428285598754883,-0.2716754972934723,0.12453460693359375,0.6366666555404663,0.10999999940395355,0.3733333647251129,0.44999998807907104,0.0,0.17000000178813934,0.8954788446426392,0.49202266335487366,0.7275190353393555,0.5166667103767395,0.0033333334140479565,0.2133333384990692,0.5899999737739563,0.05000000074505806,0.3199999928474426,0.8152776956558228,0.420565128326416,0.6254936456680298,0.24870243668556213,0.021272575482726097,0.13742706179618835,0.4662628173828125,0.20861348509788513,0.33743816614151,0.2940816879272461,-0.18338248133659363,0.0752585306763649,11,5,minimum,0.03161826729774475,-0.020576026290655136,0.002374111907556653,0.017987266182899475,-0.0069837868213653564,0.0036102209705859423,0.016250357031822205,-0.020620467141270638,-0.0007217749953269958,sa_ff_gated
0.3766666650772095,0.0033333334140479565,0.15333333611488342,0.3233333230018616,0.0533333346247673,0.17000000178813934,0.8125971555709839,0.5538550019264221,0.6703953742980957,0.6187718510627747,0.4330314099788666,0.5259016752243042,0.3633333444595337,0.10999999940395355,0.22999998927116394,0.45666664838790894,0.05000000074505806,0.23333331942558289,0.7955371737480164,0.5120473504066467,0.6649564504623413,0.7233333587646484,0.0833333358168602,0.4000000059604645,0.653333306312561,0.07666666805744171,0.3333333432674408,0.8769189715385437,0.4400929808616638,0.6758343577384949,0.4673853814601898,0.2473798245191574,0.3666685223579407,0.6030166745185852,0.34861689805984497,0.5004369020462036,0.4744206368923187,-0.08452348411083221,0.221772700548172,12,5,minimum,0.010735003277659416,0.00025126879336312413,0.005607105791568756,0.014036598615348339,-0.00039292103610932827,0.005971311591565609,0.005963651929050684,-0.011324608698487282,-0.0012740078382194042,sa_ff_gated
0.2199999988079071,0.0033333334140479565,0.0833333358168602,0.1599999964237213,0.006666666828095913,0.07333333790302277,0.7588006258010864,0.6666287779808044,0.712619423866272,0.5594443082809448,-0.2798777222633362,0.1782383918762207,0.7199999690055847,0.24000000953674316,0.4866666793823242,0.29666668176651,0.023333333432674408,0.1599999964237213,0.8919253349304199,0.6637473106384277,0.7806739211082458,0.38999998569488525,0.0,0.1366666704416275,0.3633333146572113,0.0833333358168602,0.22333332896232605,0.7401273846626282,0.5429462194442749,0.6445649862289429,0.48863571882247925,0.1629391461610794,0.3177216053009033,0.5520497560501099,0.34809666872024536,0.45005837082862854,0.3825618326663971,0.11226451396942139,0.23558764159679413,13,5,minimum,0.003065043594688177,-0.0005363966338336468,0.0010792643297463655,0.003354074899107218,-0.0020040443632751703,0.0006056037964299321,0.0043046982027590275,-0.0015359867829829454,0.001410280354321003,sa_ff_gated
0.10999999940395355,0.013333333656191826,0.06000000238418579,0.27666667103767395,0.006666666828095913,0.1366666704416275,0.7209916114807129,0.5962342023849487,0.6590989828109741,0.8409669995307922,0.2538038194179535,0.5502973198890686,0.7166666984558105,0.22333332896232605,0.4699999690055847,0.1966666728258133,0.013333333656191826,0.09333334118127823,0.8862484097480774,0.7370389699935913,0.8116437196731567,0.1066666692495346,0.0033333334140479565,0.04333333298563957,0.7166666984558105,0.2566666603088379,0.48666661977767944,0.6621023416519165,0.3449852466583252,0.5065543055534363,0.6899694204330444,0.2677854895591736,0.4788774847984314,0.6717976927757263,0.38933032751083374,0.560778021812439,0.3497082591056824,0.26059460639953613,0.29357045888900757,14,5,minimum,0.004081671591848135,-0.003871908411383629,0.000727123930118978,0.013989132829010487,-0.00988917425274849,0.0023331723641604185,0.006690674927085638,-0.010038962587714195,-0.0008350344141945243,sa_ff_gated
0.3466666638851166,0.013333333656191826,0.17666666209697723,0.5666666626930237,0.08666666597127914,0.2900000214576721,0.7943087816238403,0.5228342413902283,0.6585341691970825,0.6482467651367188,0.3199889063835144,0.5003612637519836,0.5400000214576721,0.1599999964237213,0.3499999940395355,0.3633333146572113,0.1133333295583725,0.25333333015441895,0.7790229916572571,0.5627334117889404,0.665052056312561,0.5433333516120911,0.07000000029802322,0.3100000023841858,0.47333329916000366,0.03666666895151138,0.2433333396911621,0.8475273847579956,0.45650514960289,0.652016282081604,0.4774993062019348,0.2272297888994217,0.33323702216148376,0.6458310484886169,0.44290080666542053,0.5443658828735352,0.4171825349330902,0.15864406526088715,0.28791332244873047,15,5,minimum,0.0059012481942772865,-0.004261352587491274,0.0012927297502756119,0.004109457600861788,-0.0018546712817624211,0.0012124504428356886,0.0019428512314334512,-0.0035406507086008787,-0.0002546556352172047,sa_ff_gated
