attention_effective_support,attention_entropy,candidate_cosine,candidate_update_norm,distractor,example_id,family_id,full_correct,full_probability,goal_identifiability,identifiability,layer,relative_update_norm,repair_detected,repair_score,seed,skipped_probability,task,utility
9.75203800201416,1.8952738046646118,-0.43716156482696533,7.5759758949279785,True,family-00300-maximum,family-00300,False,0.17263266444206238,1.0,high,0,0.6996079683303833,False,0.0,11,0.1884268820285797,maximum,-0.015794217586517334
6.681041717529297,1.6803295612335205,-0.36185669898986816,5.037878036499023,True,family-00300-maximum,family-00300,False,0.17263266444206238,1.0,high,1,0.4965626299381256,False,0.0,11,0.10470729321241379,maximum,0.06792537122964859
10.321624755859375,1.828935146331787,0.24436058104038239,6.553956985473633,True,family-00300-maximum,family-00300,False,0.17263266444206238,1.0,high,2,0.6858322024345398,False,0.0,11,0.19591549038887024,maximum,-0.02328282594680786
7.67735481262207,1.842095971107483,0.2395128458738327,7.767771244049072,True,family-00300-maximum,family-00300,False,0.17263266444206238,1.0,high,3,0.6049317121505737,False,0.0,11,0.06827317923307419,maximum,0.10435948520898819
13.07840633392334,2.0474820137023926,-0.3451608121395111,7.045647621154785,True,family-00300-minimum,family-00300,True,0.7959597110748291,0.5,medium,0,0.6355612874031067,False,0.0,11,0.43165305256843567,minimum,0.36430665850639343
11.302658081054688,2.0339765548706055,0.0732061043381691,6.551234245300293,True,family-00300-minimum,family-00300,True,0.7959597110748291,0.5,medium,1,0.6015223264694214,False,0.0,11,0.7876604199409485,minimum,0.008299291133880615
9.172284126281738,1.3366085290908813,0.1123802661895752,7.178144454956055,True,family-00300-minimum,family-00300,True,0.7959597110748291,0.5,medium,2,0.547358512878418,False,0.0,11,0.7523928880691528,minimum,0.04356682300567627
12.057140350341797,2.062195301055908,0.5665462613105774,7.0367889404296875,True,family-00300-minimum,family-00300,True,0.7959597110748291,0.5,medium,3,0.44987189769744873,False,0.0,11,0.7435459494590759,minimum,0.052413761615753174
19.9426326751709,2.968334197998047,-0.2687949538230896,3.999112367630005,False,family-00300-sum_mod_10,family-00300,False,0.055065371096134186,0.0,low,0,0.38697531819343567,False,0.0,11,0.0420197956264019,sum_mod_10,0.013045575469732285
21.25484275817871,3.041814088821411,0.07398875057697296,2.779649019241333,False,family-00300-sum_mod_10,family-00300,False,0.055065371096134186,0.0,low,1,0.2771722376346588,False,0.0,11,0.05979602411389351,sum_mod_10,-0.004730653017759323
13.22181510925293,2.236778736114502,0.25893163681030273,5.132890224456787,False,family-00300-sum_mod_10,family-00300,False,0.055065371096134186,0.0,low,2,0.484096497297287,False,0.0,11,0.0414469912648201,sum_mod_10,0.013618379831314087
10.872087478637695,2.1386358737945557,0.3057454824447632,6.7548699378967285,False,family-00300-sum_mod_10,family-00300,False,0.055065371096134186,0.0,low,3,0.5227777361869812,False,0.0,11,0.11316996812820435,sum_mod_10,-0.05810459703207016
9.794215202331543,1.9115679264068604,-0.41076791286468506,5.047174453735352,True,family-00301-maximum,family-00301,True,0.9348084926605225,0.5,medium,0,0.4660843312740326,False,0.0,11,0.8819646835327148,maximum,0.05284380912780762
1.4519712924957275,0.2815774381160736,-0.22160065174102783,8.925185203552246,True,family-00301-maximum,family-00301,True,0.9348084926605225,0.5,medium,1,0.902328372001648,False,0.0,11,0.03719692677259445,maximum,0.8976115584373474
22.839336395263672,2.937917947769165,0.054923806339502335,4.715802192687988,True,family-00301-maximum,family-00301,True,0.9348084926605225,0.5,medium,2,0.4008987843990326,False,0.0,11,0.9051573276519775,maximum,0.029651165008544922
9.896347999572754,1.3745810985565186,0.11553701758384705,11.264546394348145,True,family-00301-maximum,family-00301,True,0.9348084926605225,0.5,medium,3,0.8724550008773804,False,0.0,11,0.6296716332435608,maximum,0.30513685941696167
11.941024780273438,2.1320018768310547,-0.25862303376197815,6.135204792022705,False,family-00301-minimum,family-00301,False,0.006561314687132835,0.0,low,0,0.5778055191040039,False,0.0,11,0.006818064022809267,minimum,-0.00025674933567643166
4.778326034545898,1.104858636856079,-0.35289111733436584,6.131853103637695,False,family-00301-minimum,family-00301,False,0.006561314687132835,0.0,low,1,0.5676438808441162,False,0.0,11,0.03975405916571617,minimum,-0.033192746341228485
7.084627628326416,1.0296738147735596,-0.4370327591896057,8.334360122680664,False,family-00301-minimum,family-00301,False,0.006561314687132835,0.0,low,2,0.80368971824646,False,0.0,11,0.19580906629562378,minimum,-0.1892477571964264
14.375097274780273,2.4173390865325928,0.3232422471046448,4.816156387329102,False,family-00301-minimum,family-00301,False,0.006561314687132835,0.0,low,3,0.47814497351646423,False,0.0,11,0.006823269184678793,minimum,-0.00026195449754595757
12.923311233520508,2.4851956367492676,-0.2998426854610443,4.697262287139893,False,family-00301-sum_mod_10,family-00301,False,0.15496399998664856,1.0,high,0,0.40481507778167725,False,0.0,11,0.1725446730852127,sum_mod_10,-0.017580673098564148
5.754172325134277,1.2444238662719727,0.018229708075523376,6.693947792053223,False,family-00301-sum_mod_10,family-00301,False,0.15496399998664856,1.0,high,1,0.6010873913764954,False,0.0,11,0.22072069346904755,sum_mod_10,-0.06575669348239899
6.202075958251953,1.1752933263778687,0.5365935564041138,6.278345584869385,False,family-00301-sum_mod_10,family-00301,False,0.15496399998664856,1.0,high,2,0.4793521463871002,False,0.0,11,0.1090213879942894,sum_mod_10,0.04594261199235916
6.468289852142334,1.4770737886428833,0.3661857545375824,7.802762508392334,False,family-00301-sum_mod_10,family-00301,False,0.15496399998664856,1.0,high,3,0.4510846436023712,False,0.0,11,0.12393689900636673,sum_mod_10,0.03102710098028183
10.680039405822754,2.136190176010132,-0.28429579734802246,4.473247051239014,False,family-00302-maximum,family-00302,True,0.7084373235702515,0.0,low,0,0.42352530360221863,False,0.0,11,0.7208454608917236,maximum,-0.012408137321472168
7.288569450378418,1.6327365636825562,-0.2688317894935608,6.766384601593018,False,family-00302-maximum,family-00302,True,0.7084373235702515,0.0,low,1,0.661274790763855,False,0.0,11,0.3468781113624573,maximum,0.3615592122077942
10.276874542236328,1.8389534950256348,0.1389141082763672,5.620114326477051,False,family-00302-maximum,family-00302,True,0.7084373235702515,0.0,low,2,0.5280910730361938,False,0.0,11,0.6772997379302979,maximum,0.031137585639953613
11.197334289550781,2.2113680839538574,0.19603699445724487,8.790322303771973,False,family-00302-maximum,family-00302,True,0.7084373235702515,0.0,low,3,0.6917828321456909,False,0.0,11,0.3100075423717499,maximum,0.3984297811985016
8.701347351074219,1.5809836387634277,-0.32602012157440186,6.1990203857421875,True,family-00302-minimum,family-00302,True,0.6694950461387634,1.0,high,0,0.5963362455368042,False,0.0,11,0.2620103657245636,minimum,0.40748468041419983
8.712422370910645,2.054250478744507,-0.2756354808807373,3.531355381011963,True,family-00302-minimum,family-00302,True,0.6694950461387634,1.0,high,1,0.34549787640571594,False,0.0,11,0.48632994294166565,minimum,0.18316510319709778
3.692213535308838,1.0329358577728271,0.14428825676441193,7.50337028503418,True,family-00302-minimum,family-00302,True,0.6694950461387634,1.0,high,2,0.7616833448410034,False,0.0,11,0.5441189408302307,minimum,0.12537610530853271
14.8477783203125,2.2055764198303223,0.08485443890094757,7.870156764984131,True,family-00302-minimum,family-00302,True,0.6694950461387634,1.0,high,3,0.5954830050468445,False,0.0,11,0.566449761390686,minimum,0.10304528474807739
4.998921871185303,1.3149484395980835,-0.21463891863822937,6.934201717376709,False,family-00302-sum_mod_10,family-00302,False,0.14663594961166382,0.5,medium,0,0.656527578830719,False,0.0,11,0.08131322264671326,sum_mod_10,0.06532272696495056
10.765202522277832,2.2940940856933594,-0.03826465085148811,4.290188789367676,False,family-00302-sum_mod_10,family-00302,False,0.14663594961166382,0.5,medium,1,0.3789098560810089,False,0.0,11,0.17538654804229736,sum_mod_10,-0.028750598430633545
2.5545365810394287,0.6256734132766724,0.28789737820625305,6.738430500030518,False,family-00302-sum_mod_10,family-00302,False,0.14663594961166382,0.5,medium,2,0.5637202262878418,False,0.0,11,0.14299650490283966,sum_mod_10,0.0036394447088241577
6.3563232421875,1.350121021270752,0.4440678358078003,8.621087074279785,False,family-00302-sum_mod_10,family-00302,False,0.14663594961166382,0.5,medium,3,0.5627709627151489,False,0.0,11,0.3286852240562439,sum_mod_10,-0.18204927444458008
4.719437122344971,1.3017534017562866,-0.5154623985290527,6.3371992111206055,False,family-00303-maximum,family-00303,False,0.008429914712905884,1.0,high,0,0.7273927330970764,False,0.0,11,0.013072655536234379,maximum,-0.004642740823328495
12.346110343933105,2.4536068439483643,-0.28652259707450867,3.279000759124756,False,family-00303-maximum,family-00303,False,0.008429914712905884,1.0,high,1,0.4263684153556824,False,0.0,11,0.019143780693411827,maximum,-0.010713865980505943
7.715160369873047,1.7051218748092651,0.003358609974384308,5.989799499511719,False,family-00303-maximum,family-00303,False,0.008429914712905884,1.0,high,2,0.8044129014015198,False,0.0,11,0.021850446239113808,maximum,-0.013420531526207924
6.03753662109375,1.4188232421875,0.13087832927703857,8.187851905822754,False,family-00303-maximum,family-00303,False,0.008429914712905884,1.0,high,3,0.8553978800773621,False,0.0,11,0.010327348485589027,maximum,-0.0018974337726831436
6.552456855773926,1.0703394412994385,-0.3433343768119812,7.160148620605469,False,family-00303-minimum,family-00303,True,0.7845379114151001,0.5,medium,0,0.6600411534309387,False,0.0,11,0.5682731866836548,minimum,0.2162647247314453
4.821696758270264,1.2369697093963623,-0.03262985870242119,6.908668518066406,False,family-00303-minimum,family-00303,True,0.7845379114151001,0.5,medium,1,0.6425304412841797,False,0.0,11,0.6135881543159485,minimum,0.1709497570991516
3.5746493339538574,0.8772904872894287,0.13915711641311646,7.714005470275879,False,family-00303-minimum,family-00303,True,0.7845379114151001,0.5,medium,2,0.6127371191978455,False,0.0,11,0.5754932165145874,minimum,0.2090446949005127
10.972664833068848,1.966215968132019,0.4119182527065277,7.8061747550964355,False,family-00303-minimum,family-00303,True,0.7845379114151001,0.5,medium,3,0.4986898899078369,False,0.0,11,0.8176277279853821,minimum,-0.03308981657028198
9.725910186767578,1.916358470916748,-0.5050029754638672,6.446258544921875,True,family-00303-sum_mod_10,family-00303,False,0.028788110241293907,0.0,low,0,0.6098194122314453,False,0.0,11,0.06034865230321884,sum_mod_10,-0.031560540199279785
11.083104133605957,2.0207066535949707,0.014896996319293976,5.311962127685547,True,family-00303-sum_mod_10,family-00303,False,0.028788110241293907,0.0,low,1,0.5779622793197632,False,0.047393016977697634,11,0.03421167656779289,sum_mod_10,-0.005423566326498985
12.485225677490234,2.0712573528289795,0.40114498138427734,6.381354808807373,True,family-00303-sum_mod_10,family-00303,False,0.028788110241293907,0.0,low,2,0.5972937345504761,False,0.0,11,0.015881845727562904,sum_mod_10,0.012906264513731003
11.256696701049805,2.2643814086914062,0.62367844581604,6.908854961395264,True,family-00303-sum_mod_10,family-00303,False,0.028788110241293907,0.0,low,3,0.47725361585617065,False,0.0,11,0.022784002125263214,sum_mod_10,0.006004108116030693
13.99305534362793,2.2823281288146973,-0.4482840895652771,5.053916931152344,True,family-00304-maximum,family-00304,True,0.8569203019142151,0.5,medium,0,0.4558947682380676,False,0.0,11,0.806710958480835,maximum,0.05020934343338013
2.21578049659729,0.7513648271560669,-0.273508757352829,10.117293357849121,True,family-00304-maximum,family-00304,True,0.8569203019142151,0.5,medium,1,1.0209405422210693,False,0.0,11,0.03249914571642876,maximum,0.8244211673736572
23.459762573242188,3.1193697452545166,0.1932573765516281,4.3879923820495605,True,family-00304-maximum,family-00304,True,0.8569203019142151,0.5,medium,2,0.36350247263908386,False,0.0,11,0.7533961534500122,maximum,0.10352414846420288
16.17049789428711,2.4630019664764404,0.18403136730194092,7.5925092697143555,True,family-00304-maximum,family-00304,True,0.8569203019142151,0.5,medium,3,0.5575389862060547,False,0.0,11,0.5673080086708069,maximum,0.2896122932434082
11.69989013671875,2.015979766845703,-0.41207975149154663,5.394322395324707,False,family-00304-minimum,family-00304,False,0.1325889229774475,0.0,low,0,0.46488845348358154,False,0.0,11,0.08321523666381836,minimum,0.04937368631362915
3.0081894397735596,0.8314931392669678,-0.1732802391052246,8.59466552734375,False,family-00304-minimum,family-00304,False,0.1325889229774475,0.0,low,1,0.8115658760070801,False,0.0,11,0.38767576217651367,minimum,-0.25508683919906616
6.543919563293457,1.6110855340957642,0.019725730642676353,5.111128807067871,False,family-00304-minimum,family-00304,False,0.1325889229774475,0.0,low,2,0.41122961044311523,False,0.0,11,0.11126501113176346,minimum,0.02132391184568405
12.12922477722168,2.3286659717559814,0.16149386763572693,5.130855560302734,False,family-00304-minimum,family-00304,False,0.1325889229774475,0.0,low,3,0.3791727125644684,False,0.0,11,0.09098684042692184,minimum,0.041602082550525665
15.56346321105957,2.340954065322876,-0.19171519577503204,5.309750556945801,True,family-00304-sum_mod_10,family-00304,False,0.06458233296871185,1.0,high,0,0.5355890393257141,False,0.0,11,0.058751288801431656,sum_mod_10,0.005831044167280197
7.638640403747559,1.785106897354126,0.19747456908226013,5.47151517868042,True,family-00304-sum_mod_10,family-00304,False,0.06458233296871185,1.0,high,1,0.5307047963142395,False,0.0,11,0.06717543303966522,sum_mod_10,-0.002593100070953369
7.344860076904297,1.3180012702941895,0.384673148393631,6.513549327850342,True,family-00304-sum_mod_10,family-00304,False,0.06458233296871185,1.0,high,2,0.5173542499542236,False,0.0,11,0.036014657467603683,sum_mod_10,0.02856767550110817
6.205035209655762,1.481419324874878,0.4841313362121582,8.074262619018555,True,family-00304-sum_mod_10,family-00304,False,0.06458233296871185,1.0,high,3,0.49690958857536316,False,0.0,11,0.05219436064362526,sum_mod_10,0.012387972325086594
6.254904270172119,1.5339370965957642,-0.24699950218200684,7.140593528747559,False,family-00305-maximum,family-00305,True,0.7887610793113708,0.0,low,0,0.6760686635971069,False,0.0,11,0.5891715884208679,maximum,0.19958949089050293
6.582335948944092,1.587712049484253,-0.2438240945339203,7.1434855461120605,False,family-00305-maximum,family-00305,True,0.7887610793113708,0.0,low,1,0.6382033824920654,False,0.0,11,0.12771448493003845,maximum,0.6610466241836548
7.691799163818359,1.7176368236541748,-0.03732307627797127,4.948242664337158,False,family-00305-maximum,family-00305,True,0.7887610793113708,0.0,low,2,0.4222579002380371,False,0.0,11,0.7501265406608582,maximum,0.038634538650512695
9.618919372558594,1.9487024545669556,0.11397179216146469,6.251376152038574,False,family-00305-maximum,family-00305,True,0.7887610793113708,0.0,low,3,0.4981522262096405,False,0.0,11,0.636418879032135,maximum,0.15234220027923584
4.074249267578125,1.2482868432998657,-0.24400660395622253,6.492077827453613,False,family-00305-minimum,family-00305,True,0.8558896780014038,1.0,high,0,0.5993757247924805,False,0.0,11,0.4477595090866089,minimum,0.4081301689147949
7.758001327514648,1.6741509437561035,-0.053182341158390045,6.232179164886475,False,family-00305-minimum,family-00305,True,0.8558896780014038,1.0,high,1,0.5570889115333557,False,0.0,11,0.8281828165054321,minimum,0.02770686149597168
8.150379180908203,1.850378394126892,-0.19475144147872925,7.189530849456787,False,family-00305-minimum,family-00305,True,0.8558896780014038,1.0,high,2,0.5745663642883301,False,0.0,11,0.5277953743934631,minimum,0.3280943036079407
11.423076629638672,2.0314598083496094,0.024196505546569824,8.543295860290527,False,family-00305-minimum,family-00305,True,0.8558896780014038,1.0,high,3,0.6491162776947021,False,0.0,11,0.6546417474746704,minimum,0.2012479305267334
15.391571044921875,2.6877903938293457,-0.14261609315872192,4.385974884033203,True,family-00305-sum_mod_10,family-00305,False,0.05083678662776947,0.5,medium,0,0.4654204547405243,False,0.0,11,0.03767712041735649,sum_mod_10,0.013159666210412979
8.915910720825195,1.9874811172485352,0.05325764790177345,7.32008171081543,True,family-00305-sum_mod_10,family-00305,False,0.05083678662776947,0.5,medium,1,0.7461187839508057,False,0.0,11,0.08058732748031616,sum_mod_10,-0.029750540852546692
3.9691660404205322,1.123253345489502,0.3806687891483307,6.719310283660889,True,family-00305-sum_mod_10,family-00305,False,0.05083678662776947,0.5,medium,2,0.535430371761322,False,0.0,11,0.026810893788933754,sum_mod_10,0.024025892838835716
8.695404052734375,1.7359280586242676,0.46084731817245483,8.328524589538574,True,family-00305-sum_mod_10,family-00305,False,0.05083678662776947,0.5,medium,3,0.5098559856414795,False,0.0,11,0.044471804052591324,sum_mod_10,0.006364982575178146
14.036205291748047,2.2612369060516357,-0.3787594139575958,6.239321708679199,True,family-00306-maximum,family-00306,True,0.7678245306015015,1.0,high,0,0.5628256797790527,False,0.0,11,0.7266406416893005,maximum,0.04118388891220093
11.895814895629883,2.36464524269104,-0.20686966180801392,3.6581506729125977,True,family-00306-maximum,family-00306,True,0.7678245306015015,1.0,high,1,0.34970366954803467,False,0.0,11,0.5614401698112488,maximum,0.20638436079025269
8.079975128173828,1.714211106300354,-0.05365239456295967,8.566347122192383,True,family-00306-maximum,family-00306,True,0.7678245306015015,1.0,high,2,0.82823246717453,False,0.0,11,0.6682286262512207,maximum,0.09959590435028076
9.73472785949707,1.683245062828064,0.272238552570343,7.431433200836182,True,family-00306-maximum,family-00306,True,0.7678245306015015,1.0,high,3,0.5685434937477112,False,0.0,11,0.4444499909877777,maximum,0.32337453961372375
16.252643585205078,2.4719834327697754,-0.21647396683692932,6.1108245849609375,True,family-00306-minimum,family-00306,True,0.8552191853523254,0.5,medium,0,0.6010024547576904,False,0.0,11,0.9343165755271912,minimum,-0.07909739017486572
10.460330963134766,1.925795316696167,0.09595959633588791,5.813240051269531,True,family-00306-minimum,family-00306,True,0.8552191853523254,0.5,medium,1,0.5448799133300781,False,0.0,11,0.8505501747131348,minimum,0.004669010639190674
4.466062545776367,1.2173125743865967,0.13722164928913116,11.817127227783203,True,family-00306-minimum,family-00306,True,0.8552191853523254,0.5,medium,2,0.9356275200843811,False,0.0,11,0.09285120666027069,minimum,0.7623679637908936
12.263138771057129,2.0693154335021973,0.5112903118133545,5.656957149505615,True,family-00306-minimum,family-00306,True,0.8552191853523254,0.5,medium,3,0.3067344129085541,False,0.0,11,0.804360568523407,minimum,0.05085861682891846
4.8453240394592285,1.4462625980377197,-0.2555445432662964,7.812643527984619,False,family-00306-sum_mod_10,family-00306,False,0.015505420044064522,0.0,low,0,0.7396981120109558,False,0.0,11,0.014398016966879368,sum_mod_10,0.001107403077185154
8.481451988220215,1.809788703918457,0.10807331651449203,4.835215091705322,False,family-00306-sum_mod_10,family-00306,False,0.015505420044064522,0.0,low,1,0.42339542508125305,False,0.011336779885881722,11,0.022954536601901054,sum_mod_10,-0.007449116557836533
3.226651191711426,0.9426493048667908,-0.12660059332847595,12.266870498657227,False,family-00306-sum_mod_10,family-00306,False,0.015505420044064522,0.0,low,2,0.9528599977493286,False,0.0,11,0.08385178446769714,sum_mod_10,-0.06834636628627777
12.172453880310059,1.9534282684326172,0.24119889736175537,6.197408199310303,False,family-00306-sum_mod_10,family-00306,False,0.015505420044064522,0.0,low,3,0.37288913130760193,False,0.0,11,0.014314567670226097,sum_mod_10,0.0011908523738384247
7.683135986328125,1.4878181219100952,-0.12481482326984406,6.0510382652282715,False,family-00307-maximum,family-00307,False,0.013791374862194061,0.5,medium,0,0.5578004717826843,False,0.0,11,0.00917813554406166,maximum,0.0046132393181324005
2.3536016941070557,0.6847200393676758,-0.28846475481987,6.162491321563721,False,family-00307-maximum,family-00307,False,0.013791374862194061,0.5,medium,1,0.5247596502304077,False,0.0,11,0.03570747375488281,maximum,-0.02191609889268875
9.18004035949707,1.969024658203125,0.11487804353237152,3.6551363468170166,False,family-00307-maximum,family-00307,False,0.013791374862194061,0.5,medium,2,0.3155987858772278,False,0.0,11,0.011514833196997643,maximum,0.0022765416651964188
6.937001705169678,1.205378770828247,-0.11548630893230438,7.6500115394592285,False,family-00307-maximum,family-00307,False,0.013791374862194061,0.5,medium,3,0.6101112961769104,False,0.0,11,0.007475113030523062,maximum,0.0063162618316709995
10.982038497924805,1.9449119567871094,-0.16770979762077332,6.852534294128418,True,family-00307-minimum,family-00307,True,0.6363319754600525,0.0,low,0,0.6390196681022644,False,0.0,11,0.8712179064750671,minimum,-0.23488593101501465
9.522984504699707,1.8073184490203857,-0.24775129556655884,3.897099256515503,True,family-00307-minimum,family-00307,True,0.6363319754600525,0.0,low,1,0.33258384466171265,False,0.0,11,0.4806528389453888,minimum,0.1556791365146637
4.629161834716797,1.0819319486618042,0.03131767734885216,11.148193359375,True,family-00307-minimum,family-00307,True,0.6363319754600525,0.0,low,2,0.9782748222351074,False,0.0,11,0.06239141896367073,minimum,0.5739405751228333
13.890275955200195,2.31345796585083,0.36787813901901245,6.195357799530029,True,family-00307-minimum,family-00307,True,0.6363319754600525,0.0,low,3,0.3826752007007599,False,0.0,11,0.3870410919189453,minimum,0.24929088354110718
8.13621997833252,1.7494080066680908,-0.34885624051094055,6.7118635177612305,False,family-00307-sum_mod_10,family-00307,False,0.10503875464200974,1.0,high,0,0.5784355401992798,False,0.0,11,0.058955781161785126,sum_mod_10,0.04608297348022461
9.919299125671387,1.679470419883728,0.16011197865009308,5.447999000549316,False,family-00307-sum_mod_10,family-00307,False,0.10503875464200974,1.0,high,1,0.4866005778312683,False,0.0,11,0.08652255684137344,sum_mod_10,0.01851619780063629
6.151399612426758,1.2720664739608765,0.28686535358428955,8.851099014282227,False,family-00307-sum_mod_10,family-00307,False,0.10503875464200974,1.0,high,2,0.6699145436286926,False,0.0,11,0.18159694969654083,sum_mod_10,-0.0765581950545311
11.120309829711914,2.2307262420654297,0.4265061616897583,7.113998889923096,False,family-00307-sum_mod_10,family-00307,False,0.10503875464200974,1.0,high,3,0.3976844847202301,False,0.0,11,0.0622146911919117,sum_mod_10,0.04282406345009804
15.50619125366211,2.5127124786376953,-0.23908379673957825,6.5082879066467285,True,family-00308-maximum,family-00308,True,0.8680064678192139,0.0,low,0,0.6564843058586121,False,0.0,11,0.146392360329628,maximum,0.7216141223907471
7.232511520385742,1.2997709512710571,-0.409705251455307,6.932390213012695,True,family-00308-maximum,family-00308,True,0.8680064678192139,0.0,low,1,0.6616098284721375,False,0.0,11,0.050200045108795166,maximum,0.8178064227104187
7.85799503326416,1.581059455871582,0.28862717747688293,6.812777042388916,True,family-00308-maximum,family-00308,True,0.8680064678192139,0.0,low,2,0.6870473027229309,False,0.0,11,0.723181962966919,maximum,0.14482450485229492
11.53282356262207,1.819787621498108,0.14981746673583984,10.873019218444824,True,family-00308-maximum,family-00308,True,0.8680064678192139,0.0,low,3,0.8021403551101685,False,0.0,11,0.4066723585128784,maximum,0.46133410930633545
12.199652671813965,2.297356605529785,-0.2952747344970703,5.812504768371582,True,family-00308-minimum,family-00308,False,0.011027287691831589,1.0,high,0,0.5420337319374084,False,0.0,11,0.005375133827328682,minimum,0.005652153864502907
6.520665168762207,1.4472334384918213,-0.22827717661857605,5.0363945960998535,True,family-00308-minimum,family-00308,False,0.011027287691831589,1.0,high,1,0.47595903277397156,False,0.0,11,0.020792387425899506,minimum,-0.009765099734067917
5.221688270568848,1.2852802276611328,-0.2364203929901123,5.755116939544678,True,family-00308-minimum,family-00308,False,0.011027287691831589,1.0,high,2,0.5413867831230164,False,0.0,11,0.013315518386662006,minimum,-0.0022882306948304176
11.504274368286133,1.9421107769012451,-0.06088782474398613,8.700531959533691,True,family-00308-minimum,family-00308,False,0.011027287691831589,1.0,high,3,0.8036869764328003,False,0.0,11,0.021257467567920685,minimum,-0.010230179876089096
11.224170684814453,2.233694076538086,-0.20184430480003357,5.844356536865234,False,family-00308-sum_mod_10,family-00308,False,0.048891834914684296,0.5,medium,0,0.5223836898803711,False,0.0,11,0.14912346005439758,sum_mod_10,-0.10023162513971329
5.2726006507873535,1.4120948314666748,-0.03223435953259468,6.891846656799316,False,family-00308-sum_mod_10,family-00308,False,0.048891834914684296,0.5,medium,1,0.5977579355239868,False,0.0737736444208988,11,0.0418064184486866,sum_mod_10,0.007085416465997696
3.6434898376464844,0.9378389120101929,0.4107307195663452,5.785237789154053,False,family-00308-sum_mod_10,family-00308,False,0.048891834914684296,0.5,medium,2,0.43694332242012024,False,0.0,11,0.07930141687393188,sum_mod_10,-0.03040958195924759
4.220235824584961,1.2311092615127563,0.6009971499443054,9.125744819641113,False,family-00308-sum_mod_10,family-00308,False,0.048891834914684296,0.5,medium,3,0.5536396503448486,False,0.0,11,0.055087074637413025,sum_mod_10,-0.006195239722728729
4.003688812255859,1.2399053573608398,-0.28603172302246094,7.265642166137695,False,family-00309-maximum,family-00309,True,0.8624560236930847,1.0,high,0,0.6707944273948669,False,0.0,11,0.6358885765075684,maximum,0.22656744718551636
6.77284574508667,1.4265191555023193,-0.30635151267051697,5.285634994506836,False,family-00309-maximum,family-00309,True,0.8624560236930847,1.0,high,1,0.4725932776927948,False,0.0,11,0.29385673999786377,maximum,0.568599283695221
5.97270393371582,1.6433138847351074,0.2038477063179016,7.976809978485107,False,family-00309-maximum,family-00309,True,0.8624560236930847,1.0,high,2,0.738067626953125,False,0.0,11,0.10411986708641052,maximum,0.7583361864089966
7.4532551765441895,1.3732634782791138,0.2719433307647705,10.988153457641602,False,family-00309-maximum,family-00309,True,0.8624560236930847,1.0,high,3,0.748370885848999,False,0.0,11,0.6312122344970703,maximum,0.2312437891960144
11.571568489074707,2.171743631362915,-0.21952584385871887,5.702310085296631,True,family-00309-minimum,family-00309,True,0.7095580697059631,0.5,medium,0,0.5537160634994507,False,0.0,11,0.31627076864242554,minimum,0.3932873010635376
9.864846229553223,1.530922770500183,-0.3047761917114258,7.613552093505859,True,family-00309-minimum,family-00309,True,0.7095580697059631,0.5,medium,1,0.7168967723846436,False,0.03101195883251572,11,0.5147790908813477,minimum,0.19477897882461548
5.074957847595215,1.277923345565796,-0.04984341561794281,6.548659324645996,True,family-00309-minimum,family-00309,True,0.7095580697059631,0.5,medium,2,0.5941866636276245,False,0.0,11,0.2958824336528778,minimum,0.4136756360530853
9.911724090576172,1.6846444606781006,0.27866029739379883,7.715688228607178,True,family-00309-minimum,family-00309,True,0.7095580697059631,0.5,medium,3,0.6154706478118896,False,0.0,11,0.7397406101226807,minimum,-0.03018254041671753
13.63127613067627,2.4959840774536133,-0.1888270080089569,5.956973075866699,False,family-00309-sum_mod_10,family-00309,True,0.4736096262931824,0.0,low,0,0.533391535282135,False,0.0,11,0.6205223798751831,sum_mod_10,-0.14691275358200073
10.011991500854492,2.068808078765869,-0.04002193361520767,4.540212631225586,False,family-00309-sum_mod_10,family-00309,True,0.4736096262931824,0.0,low,1,0.3906327188014984,False,0.012232976889041462,11,0.5077200531959534,sum_mod_10,-0.034110426902770996
9.50637149810791,1.9326255321502686,0.25600409507751465,6.409471035003662,False,family-00309-sum_mod_10,family-00309,True,0.4736096262931824,0.0,low,2,0.52077317237854,False,0.0,11,0.5227998495101929,sum_mod_10,-0.0491902232170105
9.88840103149414,1.4735960960388184,0.39988788962364197,9.139283180236816,False,family-00309-sum_mod_10,family-00309,True,0.4736096262931824,0.0,low,3,0.5988006591796875,False,0.0,11,0.14978672564029694,sum_mod_10,0.32382291555404663
12.039482116699219,2.1424474716186523,-0.3072022795677185,4.282464027404785,False,family-00310-maximum,family-00310,True,0.6813929677009583,0.5,medium,0,0.38277769088745117,False,0.0,11,0.5176140666007996,maximum,0.1637789011001587
3.817737102508545,0.938642680644989,-0.5427693724632263,7.397223949432373,False,family-00310-maximum,family-00310,True,0.6813929677009583,0.5,medium,1,0.6925989389419556,False,0.0,11,0.0617956668138504,maximum,0.619597315788269
18.73659324645996,2.9062771797180176,0.019186146557331085,4.005075454711914,False,family-00310-maximum,family-00310,True,0.6813929677009583,0.5,medium,2,0.43954434990882874,False,0.0,11,0.5561653971672058,maximum,0.12522757053375244
6.445769309997559,1.4742438793182373,0.15829506516456604,8.43233871459961,False,family-00310-maximum,family-00310,True,0.6813929677009583,0.5,medium,3,0.8412703275680542,False,0.0,11,0.4240279197692871,maximum,0.25736504793167114
15.8167142868042,2.435159206390381,-0.20532506704330444,5.270702362060547,True,family-00310-minimum,family-00310,True,0.8549914360046387,0.0,low,0,0.5316503047943115,False,0.0,11,0.9115175008773804,minimum,-0.0565260648727417
7.506770133972168,1.5442531108856201,-0.01091485470533371,4.723653316497803,True,family-00310-minimum,family-00310,True,0.8549914360046387,0.0,low,1,0.4618462920188904,False,0.0,11,0.8436567187309265,minimum,0.011334717273712158
7.288631439208984,0.9276903867721558,-0.03615870326757431,12.457695007324219,True,family-00310-minimum,family-00310,True,0.8549914360046387,0.0,low,2,1.1104133129119873,False,0.0,11,0.1184932067990303,minimum,0.736498236656189
13.051240921020508,2.175727367401123,0.5469799041748047,7.197048664093018,True,family-00310-minimum,family-00310,True,0.8549914360046387,0.0,low,3,0.43722811341285706,False,0.0,11,0.8105130791664124,minimum,0.04447835683822632
9.451105117797852,2.0359010696411133,-0.20606496930122375,4.756621360778809,False,family-00310-sum_mod_10,family-00310,False,0.0910177081823349,1.0,high,0,0.45035508275032043,False,0.0,11,0.12440595775842667,sum_mod_10,-0.033388249576091766
6.31502628326416,1.505125880241394,0.008029524236917496,5.161810874938965,False,family-00310-sum_mod_10,family-00310,False,0.0910177081823349,1.0,high,1,0.48456522822380066,False,0.0,11,0.04350501671433449,sum_mod_10,0.04751269146800041
5.420400142669678,1.0176880359649658,0.3376609683036804,10.945246696472168,False,family-00310-sum_mod_10,family-00310,False,0.0910177081823349,1.0,high,2,0.9217488765716553,False,0.0,11,0.12897582352161407,sum_mod_10,-0.037958115339279175
8.29723072052002,2.013017177581787,0.39332273602485657,7.960991382598877,False,family-00310-sum_mod_10,family-00310,False,0.0910177081823349,1.0,high,3,0.42640408873558044,False,0.0,11,0.06050052121281624,sum_mod_10,0.03051718696951866
9.957484245300293,1.8202327489852905,-0.31366050243377686,7.807260036468506,True,family-00311-maximum,family-00311,True,0.8514935374259949,0.0,low,0,0.7280507683753967,False,0.0,11,0.7848548293113708,maximum,0.06663870811462402
8.186948776245117,1.4133858680725098,-0.2851127088069916,7.789267063140869,True,family-00311-maximum,family-00311,True,0.8514935374259949,0.0,low,1,0.7011188864707947,False,0.0,11,0.016382111236453056,maximum,0.8351114392280579
15.705830574035645,2.4443044662475586,0.1395549476146698,3.616858959197998,True,family-00311-maximum,family-00311,True,0.8514935374259949,0.0,low,2,0.3115736246109009,False,0.0,11,0.786542534828186,maximum,0.06495100259780884
13.916662216186523,2.1799378395080566,0.3718207776546478,6.729210376739502,True,family-00311-maximum,family-00311,True,0.8514935374259949,0.0,low,3,0.5327332615852356,False,0.0,11,0.6642651557922363,maximum,0.18722838163375854
6.962554931640625,1.7123501300811768,-0.3089396059513092,6.404801845550537,False,family-00311-minimum,family-00311,True,0.6435124278068542,1.0,high,0,0.7351522445678711,False,0.0,11,0.47025519609451294,minimum,0.1732572317123413
9.240951538085938,2.092113494873047,-0.2245899736881256,5.179510593414307,False,family-00311-minimum,family-00311,True,0.6435124278068542,1.0,high,1,0.5704305171966553,False,0.02734576422876531,11,0.6641528010368347,minimum,-0.02064037322998047
7.509644031524658,1.453001618385315,0.028332620859146118,8.704485893249512,False,family-00311-minimum,family-00311,True,0.6435124278068542,1.0,high,2,0.9271174669265747,False,0.0,11,0.08477956056594849,minimum,0.5587328672409058
7.615386009216309,1.49576997756958,0.39468836784362793,9.096582412719727,False,family-00311-minimum,family-00311,True,0.6435124278068542,1.0,high,3,0.7006750106811523,False,0.0,11,0.50716632604599,minimum,0.13634610176086426
10.40060043334961,2.18259859085083,-0.1879509538412094,6.300359725952148,False,family-00311-sum_mod_10,family-00311,False,0.01100870780646801,0.5,medium,0,0.5631424188613892,False,0.0,11,0.01231587864458561,sum_mod_10,-0.0013071708381175995
7.85178279876709,1.9071686267852783,0.05308643355965614,5.90785551071167,False,family-00311-sum_mod_10,family-00311,False,0.01100870780646801,0.5,medium,1,0.5022437572479248,False,0.0,11,0.019617795944213867,sum_mod_10,-0.008609088137745857
4.296538829803467,0.9833206534385681,0.39052438735961914,7.902861595153809,False,family-00311-sum_mod_10,family-00311,False,0.01100870780646801,0.5,medium,2,0.5879879593849182,False,0.0,11,0.030846109613776207,sum_mod_10,-0.019837401807308197
5.547397613525391,1.4379513263702393,0.4975234568119049,7.883647918701172,False,family-00311-sum_mod_10,family-00311,False,0.01100870780646801,0.5,medium,3,0.43659162521362305,False,0.0,11,0.006448420230299234,sum_mod_10,0.0045602875761687756
12.499410629272461,2.1031594276428223,-0.238820880651474,6.505823612213135,True,family-00312-maximum,family-00312,False,0.2495945692062378,1.0,high,0,0.6317402720451355,False,0.0,11,0.24332736432552338,maximum,0.0062672048807144165
13.99842643737793,2.4978270530700684,-0.279857337474823,4.306828498840332,True,family-00312-maximum,family-00312,False,0.2495945692062378,1.0,high,1,0.39922821521759033,False,0.014533537420803083,11,0.20346209406852722,maximum,0.04613247513771057
10.190258026123047,1.9115091562271118,0.1723751723766327,6.522525310516357,True,family-00312-maximum,family-00312,False,0.2495945692062378,1.0,high,2,0.6249681711196899,False,0.0,11,0.18639951944351196,maximum,0.06319504976272583
8.46877670288086,1.9425103664398193,0.297948956489563,7.082505702972412,True,family-00312-maximum,family-00312,False,0.2495945692062378,1.0,high,3,0.5354889035224915,False,0.0,11,0.09616737812757492,maximum,0.15342718362808228
12.436279296875,2.4530816078186035,-0.269725501537323,5.4448442459106445,False,family-00312-minimum,family-00312,True,0.6219121813774109,0.5,medium,0,0.4866742193698883,False,0.0,11,0.5076925754547119,minimum,0.11421960592269897
5.750236988067627,1.4919583797454834,-0.2526280879974365,6.367218494415283,False,family-00312-minimum,family-00312,True,0.6219121813774109,0.5,medium,1,0.5765712261199951,False,0.0020956300164195005,11,0.5834051966667175,minimum,0.03850698471069336
5.718432903289795,1.0317074060440063,0.09314517676830292,8.057437896728516,False,family-00312-minimum,family-00312,True,0.6219121813774109,0.5,medium,2,0.7150726914405823,False,0.0,11,0.46945470571517944,minimum,0.15245747566223145
6.5504608154296875,1.5327889919281006,0.5318165421485901,8.005746841430664,False,family-00312-minimum,family-00312,True,0.6219121813774109,0.5,medium,3,0.5540294051170349,False,0.0,11,0.6283383369445801,minimum,-0.0064261555671691895
8.154712677001953,1.7223947048187256,-0.1626724749803543,6.896382808685303,True,family-00312-sum_mod_10,family-00312,False,0.11749370396137238,0.0,low,0,0.7318139672279358,False,0.0,11,0.058222126215696335,sum_mod_10,0.05927157774567604
13.838186264038086,2.122666358947754,-0.011369612067937851,5.122315883636475,True,family-00312-sum_mod_10,family-00312,False,0.11749370396137238,0.0,low,1,0.47719812393188477,False,0.0,11,0.10885240882635117,sum_mod_10,0.00864129513502121
9.60737419128418,1.494459629058838,0.4549683928489685,6.868441581726074,True,family-00312-sum_mod_10,family-00312,False,0.11749370396137238,0.0,low,2,0.5800548195838928,False,0.0,11,0.10736855864524841,sum_mod_10,0.010125145316123962
11.334953308105469,2.0106496810913086,0.5319958925247192,6.6352219581604,True,family-00312-sum_mod_10,family-00312,False,0.11749370396137238,0.0,low,3,0.4104034900665283,False,0.0,11,0.11350857466459274,sum_mod_10,0.003985129296779633
6.018954277038574,1.5290837287902832,-0.4699972867965698,7.009638786315918,True,family-00313-maximum,family-00313,True,0.7363089919090271,0.5,medium,0,0.6743165254592896,False,0.0,11,0.5591786503791809,maximum,0.1771303415298462
4.131992340087891,1.1041491031646729,-0.3291599750518799,7.224223613739014,True,family-00313-maximum,family-00313,True,0.7363089919090271,0.5,medium,1,0.7670571804046631,False,0.0,11,0.3303739130496979,maximum,0.4059350788593292
23.7681827545166,3.064875841140747,0.14423082768917084,3.0833513736724854,True,family-00313-maximum,family-00313,True,0.7363089919090271,0.5,medium,2,0.3145311176776886,False,0.0,11,0.7137516140937805,maximum,0.022557377815246582
9.461114883422852,2.1071040630340576,0.48128020763397217,5.687252521514893,True,family-00313-maximum,family-00313,True,0.7363089919090271,0.5,medium,3,0.5319020748138428,False,0.0,11,0.5537205338478088,maximum,0.18258845806121826
10.513980865478516,2.255187749862671,-0.2925833463668823,6.089601516723633,True,family-00313-minimum,family-00313,True,0.5162332057952881,0.0,low,0,0.5760794878005981,False,0.0,11,0.24040749669075012,minimum,0.27582570910453796
3.8625781536102295,1.1457281112670898,-0.02956247143447399,6.640932083129883,True,family-00313-minimum,family-00313,True,0.5162332057952881,0.0,low,1,0.6298865079879761,False,0.0,11,0.44873207807540894,minimum,0.06750112771987915
8.913046836853027,1.389539122581482,-0.04686838015913963,8.295260429382324,True,family-00313-minimum,family-00313,True,0.5162332057952881,0.0,low,2,0.6747941374778748,False,0.0,11,0.1984809786081314,minimum,0.31775224208831787
15.992521286010742,2.635097026824951,0.47548460960388184,5.677028656005859,True,family-00313-minimum,family-00313,True,0.5162332057952881,0.0,low,3,0.39140650629997253,False,0.0,11,0.40960031747817993,minimum,0.10663288831710815
14.362312316894531,2.282334804534912,-0.24829170107841492,7.507094860076904,True,family-00313-sum_mod_10,family-00313,False,0.042017728090286255,1.0,high,0,0.7572329044342041,False,0.0,11,0.04949602112174034,sum_mod_10,-0.007478293031454086
7.480417251586914,1.753636360168457,0.34524959325790405,4.706185340881348,True,family-00313-sum_mod_10,family-00313,False,0.042017728090286255,1.0,high,1,0.4338224232196808,False,0.014986846108519533,11,0.03926476836204529,sum_mod_10,0.002752959728240967
8.569719314575195,1.5714852809906006,0.18282179534435272,7.784093379974365,True,family-00313-sum_mod_10,family-00313,False,0.042017728090286255,1.0,high,2,0.5882814526557922,False,0.0,11,0.07279461622238159,sum_mod_10,-0.030776888132095337
6.1893134117126465,1.5493167638778687,0.5261172652244568,8.686314582824707,True,family-00313-sum_mod_10,family-00313,False,0.042017728090286255,1.0,high,3,0.5253958702087402,False,0.0,11,0.027827637270092964,sum_mod_10,0.01419009082019329
12.208658218383789,2.201266288757324,-0.2658732235431671,5.816387176513672,False,family-00314-maximum,family-00314,True,0.8951053023338318,0.0,low,0,0.5477797389030457,False,0.0,11,0.8683670163154602,maximum,0.026738286018371582
5.388835906982422,1.1677443981170654,-0.33487939834594727,8.533428192138672,False,family-00314-maximum,family-00314,True,0.8951053023338318,0.0,low,1,0.8001609444618225,False,0.0,11,0.07324232161045074,maximum,0.8218629956245422
10.100646018981934,1.8979390859603882,0.03604130446910858,4.922077655792236,False,family-00314-maximum,family-00314,True,0.8951053023338318,0.0,low,2,0.43918782472610474,False,0.0,11,0.8261280059814453,maximum,0.06897729635238647
6.814792633056641,1.2601468563079834,0.2716607451438904,13.632692337036133,False,family-00314-maximum,family-00314,True,0.8951053023338318,0.0,low,3,1.0992496013641357,False,0.0,11,0.6378439664840698,maximum,0.25726133584976196
7.0146660804748535,1.784427285194397,-0.2763882577419281,5.759549617767334,True,family-00314-minimum,family-00314,True,0.6402208209037781,1.0,high,0,0.5540598630905151,False,0.01801973527620108,11,0.5587990283966064,minimum,0.08142179250717163
6.907168865203857,1.54013192653656,-0.2702491879463196,6.207029342651367,True,family-00314-minimum,family-00314,True,0.6402208209037781,1.0,high,1,0.5968945622444153,False,0.0,11,0.3796771764755249,minimum,0.2605436444282532
2.6205334663391113,0.8424104452133179,-0.19197988510131836,7.122350215911865,True,family-00314-minimum,family-00314,True,0.6402208209037781,1.0,high,2,0.6736708879470825,False,0.0,11,0.6106319427490234,minimum,0.02958887815475464
11.887295722961426,1.6649456024169922,0.17790587246418,10.037862777709961,True,family-00314-minimum,family-00314,True,0.6402208209037781,1.0,high,3,0.868462085723877,False,0.0,11,0.6061506271362305,minimum,0.03407019376754761
14.15776538848877,2.44468355178833,0.01642608642578125,4.355101585388184,True,family-00314-sum_mod_10,family-00314,False,0.06563583761453629,0.5,medium,0,0.46214431524276733,False,0.0,11,0.0762338936328888,sum_mod_10,-0.010598056018352509
7.355213165283203,1.6168334484100342,0.024298029020428658,6.884300231933594,True,family-00314-sum_mod_10,family-00314,False,0.06563583761453629,0.5,medium,1,0.6590306758880615,False,0.02742223688387993,11,0.05496642366051674,sum_mod_10,0.010669413954019547
4.2116546630859375,0.7963654398918152,0.527030885219574,6.252269744873047,True,family-00314-sum_mod_10,family-00314,False,0.06563583761453629,0.5,medium,2,0.4942708909511566,False,0.0,11,0.12517599761486053,sum_mod_10,-0.05954016000032425
7.6710028648376465,1.572484016418457,0.49121350049972534,9.039188385009766,True,family-00314-sum_mod_10,family-00314,False,0.06563583761453629,0.5,medium,3,0.5378337502479553,False,0.0,11,0.07268276065587997,sum_mod_10,-0.007046923041343689
14.695869445800781,2.4872047901153564,-0.3007967174053192,4.240752696990967,False,family-00315-maximum,family-00315,True,0.9439103603363037,1.0,high,0,0.4465421736240387,False,0.0,11,0.8951953649520874,maximum,0.04871499538421631
4.8233842849731445,1.2001547813415527,-0.15300309658050537,6.354739189147949,False,family-00315-maximum,family-00315,True,0.9439103603363037,1.0,high,1,0.6935818195343018,False,0.0,11,0.8461315035820007,maximum,0.09777885675430298
5.591154098510742,0.9634074568748474,-0.28421831130981445,10.860998153686523,False,family-00315-maximum,family-00315,True,0.9439103603363037,1.0,high,2,1.0523749589920044,False,0.0,11,0.23989349603652954,maximum,0.7040168642997742
6.420316219329834,1.2592787742614746,0.5529093146324158,10.605419158935547,False,family-00315-maximum,family-00315,True,0.9439103603363037,1.0,high,3,0.8364558815956116,False,0.0,11,0.8058688640594482,maximum,0.13804149627685547
8.960590362548828,1.852689266204834,-0.25271129608154297,4.419748783111572,False,family-00315-minimum,family-00315,False,0.07191388309001923,0.5,medium,0,0.4074239432811737,False,0.0,11,0.07159221917390823,minimum,0.00032166391611099243
3.1312193870544434,0.7781020402908325,-0.38901132345199585,6.861314296722412,False,family-00315-minimum,family-00315,False,0.07191388309001923,0.5,medium,1,0.6455117464065552,False,0.0,11,0.04976027458906174,minimum,0.02215360850095749
4.9662370681762695,1.158896803855896,-0.3730037808418274,5.607874393463135,False,family-00315-minimum,family-00315,False,0.07191388309001923,0.5,medium,2,0.5517116189002991,False,0.0,11,0.04864542558789253,minimum,0.023268457502126694
8.315658569335938,1.744670033454895,0.10838037729263306,7.278053283691406,False,family-00315-minimum,family-00315,False,0.07191388309001923,0.5,medium,3,0.7577934861183167,False,0.0,11,0.07430855184793472,minimum,-0.002394668757915497
14.593860626220703,2.4114224910736084,-0.14672711491584778,5.873156547546387,True,family-00315-sum_mod_10,family-00315,False,0.14535483717918396,0.0,low,0,0.5454218983650208,False,0.0,11,0.1596415489912033,sum_mod_10,-0.014286711812019348
16.925769805908203,2.4989047050476074,0.06902368366718292,4.493261814117432,True,family-00315-sum_mod_10,family-00315,False,0.14535483717918396,0.0,low,1,0.391255646944046,False,0.0,11,0.046418216079473495,sum_mod_10,0.09893661737442017
10.981163024902344,1.985317587852478,0.413448303937912,4.830836296081543,True,family-00315-sum_mod_10,family-00315,False,0.14535483717918396,0.0,low,2,0.3828696012496948,False,0.0,11,0.13034890592098236,sum_mod_10,0.015005931258201599
19.68197250366211,2.407867193222046,0.2970241904258728,7.219702243804932,True,family-00315-sum_mod_10,family-00315,False,0.14535483717918396,0.0,low,3,0.4730408191680908,False,0.0,11,0.12867110967636108,sum_mod_10,0.016683727502822876
7.336338996887207,1.2750744819641113,-0.1981630027294159,7.467006206512451,False,family-00316-maximum,family-00316,True,0.33406081795692444,0.5,medium,0,0.6883280873298645,False,0.0,11,0.4411998987197876,maximum,-0.10713908076286316
3.419508934020996,0.8784704804420471,-0.3455697298049927,7.136591911315918,False,family-00316-maximum,family-00316,True,0.33406081795692444,0.5,medium,1,0.6003016829490662,False,0.0,11,0.18531562387943268,maximum,0.14874519407749176
11.163744926452637,2.1249094009399414,0.2754170894622803,4.455136299133301,False,family-00316-maximum,family-00316,True,0.33406081795692444,0.5,medium,2,0.38540366291999817,False,0.0,11,0.4360218942165375,maximum,-0.10196107625961304
5.457398414611816,1.4349722862243652,0.08030275255441666,7.254511833190918,False,family-00316-maximum,family-00316,True,0.33406081795692444,0.5,medium,3,0.5379738211631775,False,0.0,11,0.11670906096696854,maximum,0.2173517644405365
8.57481861114502,1.667874813079834,-0.14493346214294434,6.778538227081299,True,family-00316-minimum,family-00316,True,0.5908001661300659,0.0,low,0,0.7193087935447693,False,0.0,11,0.25695905089378357,minimum,0.33384111523628235
15.205726623535156,2.3017992973327637,-0.017262283712625504,4.920258522033691,True,family-00316-minimum,family-00316,True,0.5908001661300659,0.0,low,1,0.45636656880378723,False,0.0,11,0.6069644689559937,minimum,-0.016164302825927734
8.23554515838623,1.3001428842544556,0.05540120601654053,8.624211311340332,True,family-00316-minimum,family-00316,True,0.5908001661300659,0.0,low,2,0.7325097918510437,False,0.0,11,0.5941514372825623,minimum,-0.003351271152496338
16.784543991088867,2.5246849060058594,0.4890594482421875,5.740674018859863,True,family-00316-minimum,family-00316,True,0.5908001661300659,0.0,low,3,0.3833569288253784,False,0.0,11,0.5091373920440674,minimum,0.08166277408599854
10.927614212036133,2.3186826705932617,-0.2751525044441223,5.819042682647705,True,family-00316-sum_mod_10,family-00316,False,0.09954631328582764,1.0,high,0,0.5723055601119995,False,0.0,11,0.03323143720626831,sum_mod_10,0.06631487607955933
8.538877487182617,1.8251900672912598,-0.22701780498027802,4.792780876159668,True,family-00316-sum_mod_10,family-00316,False,0.09954631328582764,1.0,high,1,0.4684324264526367,False,0.0,11,0.22663141787052155,sum_mod_10,-0.1270851045846939
6.775041103363037,1.5087285041809082,0.32653599977493286,5.202145576477051,True,family-00316-sum_mod_10,family-00316,False,0.09954631328582764,1.0,high,2,0.506736695766449,False,0.0,11,0.06245295703411102,sum_mod_10,0.037093356251716614
10.919901847839355,2.165323495864868,0.4532724618911743,6.047847270965576,True,family-00316-sum_mod_10,family-00316,False,0.09954631328582764,1.0,high,3,0.4675348997116089,False,0.0,11,0.16677531599998474,sum_mod_10,-0.0672290027141571
15.918739318847656,2.564765453338623,-0.25146937370300293,5.129025459289551,True,family-00317-maximum,family-00317,True,0.917108416557312,0.0,low,0,0.47829723358154297,False,0.0,11,0.8993476033210754,maximum,0.017760813236236572
5.595974922180176,1.0814356803894043,-0.2800467610359192,10.10200309753418,True,family-00317-maximum,family-00317,True,0.917108416557312,0.0,low,1,0.9476435780525208,False,0.0,11,0.10097057372331619,maximum,0.8161378502845764
12.773881912231445,2.2286324501037598,0.24253791570663452,4.787954807281494,True,family-00317-maximum,family-00317,True,0.917108416557312,0.0,low,2,0.3841157555580139,False,0.0,11,0.9098364114761353,maximum,0.007272005081176758
13.809453964233398,2.376417875289917,0.24398961663246155,7.228828430175781,True,family-00317-maximum,family-00317,True,0.917108416557312,0.0,low,3,0.5021381378173828,False,0.0,11,0.8197147846221924,maximum,0.09739363193511963
12.973617553710938,2.2889716625213623,-0.307483971118927,5.158806324005127,False,family-00317-minimum,family-00317,False,0.12215336412191391,1.0,high,0,0.5432112812995911,False,0.0,11,0.11951673030853271,minimum,0.002636633813381195
6.151861667633057,1.3746131658554077,-0.13610903918743134,8.71562671661377,False,family-00317-minimum,family-00317,False,0.12215336412191391,1.0,high,1,0.9361636638641357,False,0.03952663783721443,11,0.13071224093437195,minimum,-0.008558876812458038
3.2461795806884766,0.8422285914421082,-0.24120113253593445,8.828794479370117,False,family-00317-minimum,family-00317,False,0.12215336412191391,1.0,high,2,0.7447110414505005,False,0.0,11,0.07286402583122253,minimum,0.049289338290691376
9.204490661621094,1.7678005695343018,0.24497300386428833,8.84725284576416,False,family-00317-minimum,family-00317,False,0.12215336412191391,1.0,high,3,0.6825718283653259,False,0.0,11,0.149677112698555,minimum,-0.027523748576641083
14.926259994506836,2.5044941902160645,0.01599631831049919,4.378750324249268,True,family-00317-sum_mod_10,family-00317,False,0.0327802374958992,0.5,medium,0,0.4646538197994232,False,0.0,11,0.052597373723983765,sum_mod_10,-0.019817136228084564
6.747925758361816,1.6891064643859863,0.0024715885519981384,8.009288787841797,True,family-00317-sum_mod_10,family-00317,False,0.0327802374958992,0.5,medium,1,0.7660992741584778,False,0.0,11,0.08932453393936157,sum_mod_10,-0.05654429644346237
3.130084276199341,0.761695384979248,0.4707809090614319,6.52439546585083,True,family-00317-sum_mod_10,family-00317,False,0.0327802374958992,0.5,medium,2,0.4948093295097351,False,0.0,11,0.047724414616823196,sum_mod_10,-0.014944177120923996
7.590912818908691,1.6741468906402588,0.5686591267585754,8.2996187210083,True,family-00317-sum_mod_10,family-00317,False,0.0327802374958992,0.5,medium,3,0.48124369978904724,False,0.0,11,0.020412271842360497,sum_mod_10,0.012367965653538704
9.483806610107422,2.153627634048462,-0.4767190217971802,3.9597673416137695,False,family-00318-maximum,family-00318,True,0.9388027191162109,1.0,high,0,0.4545077085494995,False,0.0,11,0.810780942440033,maximum,0.12802177667617798
5.763838768005371,1.4569950103759766,-0.1952999234199524,6.025932312011719,False,family-00318-maximum,family-00318,True,0.9388027191162109,1.0,high,1,0.7865763306617737,False,0.0,11,0.15949659049510956,maximum,0.7793061137199402
10.265084266662598,1.9878840446472168,0.25427013635635376,6.998144149780273,False,family-00318-maximum,family-00318,True,0.9388027191162109,1.0,high,2,0.7976658940315247,False,0.0,11,0.6942042708396912,maximum,0.24459844827651978
9.957693099975586,1.9551351070404053,0.6365397572517395,10.456911087036133,False,family-00318-maximum,family-00318,True,0.9388027191162109,1.0,high,3,0.8341086506843567,False,0.0,11,0.8750273585319519,maximum,0.06377536058425903
7.794710636138916,1.596721887588501,-0.3455513119697571,6.17155647277832,True,family-00318-minimum,family-00318,True,0.7291194200515747,0.5,medium,0,0.593694269657135,False,0.0,11,0.3240624964237213,minimum,0.4050569236278534
8.530620574951172,1.3938337564468384,-0.19893985986709595,6.806282043457031,True,family-00318-minimum,family-00318,True,0.7291194200515747,0.5,medium,1,0.6745492219924927,False,0.03653470842541938,11,0.6027249097824097,minimum,0.12639451026916504
4.041239261627197,1.093593716621399,0.09003940224647522,5.75329065322876,True,family-00318-minimum,family-00318,True,0.7291194200515747,0.5,medium,2,0.523435115814209,False,0.0,11,0.44492170214653015,minimum,0.28419771790504456
17.147279739379883,2.6250901222229004,0.12842869758605957,4.769235134124756,True,family-00318-minimum,family-00318,True,0.7291194200515747,0.5,medium,3,0.3709484338760376,False,0.0,11,0.6287499666213989,minimum,0.10036945343017578
12.811767578125,2.3791537284851074,-0.12820965051651,4.380579471588135,True,family-00318-sum_mod_10,family-00318,False,0.05115397647023201,0.0,low,0,0.4648479223251343,False,0.0,11,0.018768178299069405,sum_mod_10,0.032385796308517456
11.348899841308594,2.0232629776000977,-0.09467844665050507,5.507785320281982,True,family-00318-sum_mod_10,family-00318,False,0.05115397647023201,0.0,low,1,0.5580527782440186,False,0.0,11,0.03302910923957825,sum_mod_10,0.018124867230653763
8.294984817504883,1.4948726892471313,0.41626450419425964,6.117661952972412,True,family-00318-sum_mod_10,family-00318,False,0.05115397647023201,0.0,low,2,0.5644880533218384,False,0.0,11,0.03256814181804657,sum_mod_10,0.01858583465218544
14.898896217346191,2.566002130508423,0.5107837319374084,5.868551254272461,True,family-00318-sum_mod_10,family-00318,False,0.05115397647023201,0.0,low,3,0.4048961400985718,False,0.0,11,0.06545305997133255,sum_mod_10,-0.01429908350110054
15.268014907836914,2.6685848236083984,-0.20269551873207092,5.049487113952637,True,family-00319-maximum,family-00319,True,0.39272502064704895,0.5,medium,0,0.4903244376182556,False,0.0,11,0.28451475501060486,maximum,0.10821026563644409
7.36026668548584,1.6851253509521484,-0.44240760803222656,5.391331672668457,True,family-00319-maximum,family-00319,True,0.39272502064704895,0.5,medium,1,0.5129469633102417,False,0.0,11,0.2637190520763397,maximum,0.12900596857070923
12.862646102905273,2.2392096519470215,0.07274433225393295,5.341317176818848,True,family-00319-maximum,family-00319,True,0.39272502064704895,0.5,medium,2,0.5649150013923645,False,0.0,11,0.4550569951534271,maximum,-0.062331974506378174
6.183574676513672,1.4866381883621216,0.15400075912475586,8.528181076049805,True,family-00319-maximum,family-00319,True,0.39272502064704895,0.5,medium,3,0.7619436979293823,False,0.0,11,0.20287282764911652,maximum,0.18985219299793243
10.211575508117676,2.203064441680908,-0.26921796798706055,6.6772780418396,True,family-00319-minimum,family-00319,True,0.5054962038993835,0.0,low,0,0.6567134261131287,False,0.0,11,0.1528305858373642,minimum,0.35266560316085815
9.919488906860352,1.9677093029022217,-0.1840260773897171,4.603189945220947,True,family-00319-minimum,family-00319,True,0.5054962038993835,0.0,low,1,0.43610548973083496,False,0.0,11,0.3582149147987366,minimum,0.14728128910064697
4.549768924713135,1.0516618490219116,-0.18194879591464996,8.24132251739502,True,family-00319-minimum,family-00319,True,0.5054962038993835,0.0,low,2,0.7694470882415771,False,0.0,11,0.32460352778434753,minimum,0.180892676115036
16.87374496459961,2.4984841346740723,0.4831355810165405,4.637961387634277,True,family-00319-minimum,family-00319,True,0.5054962038993835,0.0,low,3,0.3780366778373718,False,0.0,11,0.39034321904182434,minimum,0.1151529848575592
14.655157089233398,2.469041585922241,-0.16857650876045227,6.759052753448486,True,family-00319-sum_mod_10,family-00319,False,0.013163074851036072,1.0,high,0,0.6394098997116089,False,0.0,11,0.02074308693408966,sum_mod_10,-0.007580012083053589
7.658694267272949,1.6862297058105469,-0.023599423468112946,5.498478889465332,True,family-00319-sum_mod_10,family-00319,False,0.013163074851036072,1.0,high,1,0.4761759340763092,False,0.02557018783003874,11,0.018206607550382614,sum_mod_10,-0.005043532699346542
6.035847187042236,1.4321876764297485,0.5138098001480103,6.555135726928711,True,family-00319-sum_mod_10,family-00319,False,0.013163074851036072,1.0,high,2,0.5173028111457825,False,0.0,11,0.016010256484150887,sum_mod_10,-0.0028471816331148148
5.248574733734131,1.426750659942627,0.5033560991287231,8.207533836364746,True,family-00319-sum_mod_10,family-00319,False,0.013163074851036072,1.0,high,3,0.48287758231163025,False,0.0,11,0.00854889303445816,sum_mod_10,0.004614181816577911
9.97248649597168,1.7344720363616943,-0.44343632459640503,5.773156642913818,False,family-00320-maximum,family-00320,True,0.8810773491859436,0.0,low,0,0.543708324432373,False,0.0,11,0.6947084069252014,maximum,0.1863689422607422
5.572033405303955,1.228264331817627,-0.3178905248641968,7.328793525695801,False,family-00320-maximum,family-00320,True,0.8810773491859436,0.0,low,1,0.7652934789657593,False,0.0,11,0.010080295614898205,maximum,0.8709970712661743
15.97745132446289,2.619114875793457,0.19455841183662415,4.827651023864746,False,family-00320-maximum,family-00320,True,0.8810773491859436,0.0,low,2,0.4808501899242401,False,0.0,11,0.7534903287887573,maximum,0.12758702039718628
8.605566024780273,1.4763450622558594,0.20582599937915802,11.405518531799316,False,family-00320-maximum,family-00320,True,0.8810773491859436,0.0,low,3,0.9538965821266174,False,0.0,11,0.4946095645427704,maximum,0.3864677846431732
5.306835651397705,1.3728474378585815,-0.3292098939418793,5.317333698272705,False,family-00320-minimum,family-00320,True,0.6337364912033081,1.0,high,0,0.49091845750808716,False,0.0,11,0.459970086812973,minimum,0.17376640439033508
8.502954483032227,1.6217670440673828,-0.28364723920822144,4.597811222076416,False,family-00320-minimum,family-00320,True,0.6337364912033081,1.0,high,1,0.4430977702140808,False,0.0,11,0.6566676497459412,minimum,-0.022931158542633057
3.1564953327178955,0.9707784652709961,0.03105791285634041,7.556019306182861,False,family-00320-minimum,family-00320,True,0.6337364912033081,1.0,high,2,0.7490878701210022,False,0.0,11,0.3785340487957001,minimum,0.25520244240760803
11.599969863891602,2.1166510581970215,0.10143148899078369,7.527480125427246,False,family-00320-minimum,family-00320,True,0.6337364912033081,1.0,high,3,0.588561475276947,False,0.0,11,0.521632730960846,minimum,0.11210376024246216
5.458125591278076,1.5133254528045654,-0.19657808542251587,6.871676921844482,False,family-00320-sum_mod_10,family-00320,False,0.14268432557582855,0.5,medium,0,0.6506077647209167,False,0.0,11,0.10229918360710144,sum_mod_10,0.04038514196872711
10.626456260681152,2.199632167816162,0.11918391287326813,5.106377124786377,False,family-00320-sum_mod_10,family-00320,False,0.14268432557582855,0.5,medium,1,0.4474463164806366,False,0.017737324383301358,11,0.1347687691450119,sum_mod_10,0.00791555643081665
3.541210651397705,0.8698864579200745,0.30805474519729614,6.259091377258301,False,family-00320-sum_mod_10,family-00320,False,0.14268432557582855,0.5,medium,2,0.47975996136665344,False,0.0,11,0.14796872437000275,sum_mod_10,-0.005284398794174194
9.959122657775879,1.8169087171554565,0.3614965081214905,8.112300872802734,False,family-00320-sum_mod_10,family-00320,False,0.14268432557582855,0.5,medium,3,0.5034014582633972,False,0.0,11,0.3021286129951477,sum_mod_10,-0.15944428741931915
6.823343276977539,1.5960721969604492,-0.42027848958969116,6.549558639526367,False,family-00321-maximum,family-00321,True,0.9281789064407349,1.0,high,0,0.751767635345459,False,0.0,11,0.7830296158790588,maximum,0.14514929056167603
8.359882354736328,1.919593334197998,0.04421692341566086,4.674408435821533,False,family-00321-maximum,family-00321,True,0.9281789064407349,1.0,high,1,0.555391252040863,False,0.0,11,0.8940179347991943,maximum,0.03416097164154053
7.6482367515563965,1.628797173500061,-0.007554508745670319,9.223347663879395,False,family-00321-maximum,family-00321,True,0.9281789064407349,1.0,high,2,0.9405438303947449,False,0.0,11,0.691650927066803,maximum,0.23652797937393188
8.704513549804688,1.767645001411438,0.5370055437088013,10.402990341186523,False,family-00321-maximum,family-00321,True,0.9281789064407349,1.0,high,3,0.7756754159927368,False,0.0,11,0.798413872718811,maximum,0.12976503372192383
6.2346649169921875,1.014870285987854,-0.24005234241485596,7.416604995727539,False,family-00321-minimum,family-00321,True,0.6528155207633972,0.5,medium,0,0.6836819648742676,False,0.0,11,0.5098966360092163,minimum,0.1429188847541809
4.0404767990112305,0.9942378997802734,-0.0997081845998764,6.906294345855713,False,family-00321-minimum,family-00321,True,0.6528155207633972,0.5,medium,1,0.5964822173118591,False,0.016125872326740634,11,0.5477900505065918,minimum,0.10502547025680542
3.5231337547302246,1.0300649404525757,0.09767627716064453,7.016369819641113,False,family-00321-minimum,family-00321,True,0.6528155207633972,0.5,medium,2,0.5448884963989258,False,0.0,11,0.33434155583381653,minimum,0.3184739649295807
9.852998733520508,1.7904951572418213,0.34873664379119873,8.114825248718262,False,family-00321-minimum,family-00321,True,0.6528155207633972,0.5,medium,3,0.5319753885269165,False,0.0,11,0.7141397595405579,minimum,-0.061324238777160645
10.110783576965332,1.9681689739227295,-0.33766454458236694,7.092657566070557,False,family-00321-sum_mod_10,family-00321,False,0.2119426727294922,0.0,low,0,0.6350815296173096,False,0.0,11,0.08063119649887085,sum_mod_10,0.13131147623062134
11.402852058410645,2.173835277557373,0.021599851548671722,4.586343765258789,False,family-00321-sum_mod_10,family-00321,False,0.2119426727294922,0.0,low,1,0.4160155951976776,False,0.0,11,0.1623367965221405,sum_mod_10,0.049605876207351685
14.111477851867676,2.5200929641723633,0.3411770164966583,5.235957622528076,False,family-00321-sum_mod_10,family-00321,False,0.2119426727294922,0.0,low,2,0.4351869225502014,False,0.0,11,0.1665663868188858,sum_mod_10,0.045376285910606384
13.395711898803711,2.5130202770233154,0.49195605516433716,5.684446811676025,False,family-00321-sum_mod_10,family-00321,False,0.2119426727294922,0.0,low,3,0.3875332474708557,False,0.0,11,0.255705863237381,sum_mod_10,-0.043763190507888794
13.530067443847656,2.5130844116210938,-0.32228073477745056,5.109108924865723,False,family-00322-maximum,family-00322,True,0.9305039048194885,0.5,medium,0,0.5379782319068909,False,0.0,11,0.8949643969535828,maximum,0.03553950786590576
1.263540506362915,0.21323801577091217,-0.30511176586151123,8.92731761932373,False,family-00322-maximum,family-00322,True,0.9305039048194885,0.5,medium,1,0.9681950807571411,False,0.0,11,0.0481158122420311,maximum,0.8823881149291992
11.770713806152344,2.4252281188964844,0.08840249478816986,5.344778060913086,False,family-00322-maximum,family-00322,True,0.9305039048194885,0.5,medium,2,0.49952176213264465,False,0.0,11,0.8897995948791504,maximum,0.040704309940338135
7.807479381561279,1.434212327003479,0.27036231756210327,11.957367897033691,False,family-00322-maximum,family-00322,True,0.9305039048194885,0.5,medium,3,0.9661805629730225,False,0.0,11,0.7286155819892883,maximum,0.2018883228302002
13.255085945129395,2.365290641784668,-0.3015279769897461,5.565913200378418,False,family-00322-minimum,family-00322,False,0.2079201191663742,0.0,low,0,0.47967633605003357,False,0.0,11,0.16602779924869537,minimum,0.04189231991767883
5.14493989944458,1.021666169166565,-0.13214300572872162,6.435518741607666,False,family-00322-minimum,family-00322,False,0.2079201191663742,0.0,low,1,0.5717980861663818,False,0.0,11,0.1639515906572342,minimum,0.043968528509140015
6.5687255859375,1.1133126020431519,-0.3839274048805237,7.5972747802734375,False,family-00322-minimum,family-00322,False,0.2079201191663742,0.0,low,2,0.6225063800811768,False,0.0,11,0.07589054107666016,minimum,0.13202957808971405
8.924692153930664,1.8498377799987793,0.2373039424419403,7.333274841308594,False,family-00322-minimum,family-00322,False,0.2079201191663742,0.0,low,3,0.6300541162490845,False,0.0,11,0.31518471240997314,minimum,-0.10726459324359894
10.87426471710205,2.2960896492004395,-0.24359337985515594,4.2929205894470215,False,family-00322-sum_mod_10,family-00322,False,0.03304123878479004,1.0,high,0,0.40645208954811096,False,0.0,11,0.055340372025966644,sum_mod_10,-0.022299133241176605
4.553174018859863,1.3063979148864746,0.04924449697136879,6.1680450439453125,False,family-00322-sum_mod_10,family-00322,False,0.03304123878479004,1.0,high,1,0.5938123464584351,False,0.0,11,0.030083615332841873,sum_mod_10,0.002957623451948166
3.9407505989074707,1.0216025114059448,0.36754459142684937,6.026627540588379,False,family-00322-sum_mod_10,family-00322,False,0.03304123878479004,1.0,high,2,0.4884246587753296,False,0.0,11,0.033248577266931534,sum_mod_10,-0.00020733848214149475
3.8441336154937744,1.0681257247924805,0.44632554054260254,11.087311744689941,False,family-00322-sum_mod_10,family-00322,False,0.03304123878479004,1.0,high,3,0.7109126448631287,False,0.0,11,0.04267207905650139,sum_mod_10,-0.00963084027171135
14.905502319335938,2.2200398445129395,-0.292297899723053,5.9832000732421875,True,family-00323-maximum,family-00323,False,0.016714727506041527,0.0,low,0,0.5680249929428101,False,0.0,11,0.010483354330062866,maximum,0.006231373175978661
10.99592399597168,1.9309295415878296,-0.012378882616758347,5.202437400817871,True,family-00323-maximum,family-00323,False,0.016714727506041527,0.0,low,1,0.4962429404258728,False,0.0,11,0.03946748003363609,maximum,-0.022752752527594566
18.856996536254883,2.7217202186584473,0.25201553106307983,3.818446159362793,True,family-00323-maximum,family-00323,False,0.016714727506041527,0.0,low,2,0.32788509130477905,False,0.0,11,0.011802930384874344,maximum,0.004911797121167183
12.219334602355957,1.9344522953033447,-0.03617937117815018,6.9772210121154785,True,family-00323-maximum,family-00323,False,0.016714727506041527,0.0,low,3,0.5310580134391785,False,0.0,11,0.008280930109322071,maximum,0.008433797396719456
3.3600878715515137,1.0756362676620483,-0.2132558524608612,7.263871669769287,False,family-00323-minimum,family-00323,True,0.8249436616897583,1.0,high,0,0.6706309914588928,False,0.0,11,0.40318697690963745,minimum,0.42175668478012085
10.028644561767578,1.9028878211975098,0.10171540081501007,4.379965305328369,False,family-00323-minimum,family-00323,True,0.8249436616897583,1.0,high,1,0.37485471367836,False,0.03797592477279748,11,0.7896696925163269,minimum,0.035273969173431396
6.171913146972656,1.4833499193191528,0.11609556525945663,7.446333408355713,False,family-00323-minimum,family-00323,True,0.8249436616897583,1.0,high,2,0.5777367353439331,False,0.0,11,0.7492049932479858,minimum,0.07573866844177246
11.064733505249023,1.9563307762145996,0.2068108469247818,8.568634986877441,False,family-00323-minimum,family-00323,True,0.8249436616897583,1.0,high,3,0.5487154722213745,False,0.0,11,0.7945843935012817,minimum,0.030359268188476562
10.694600105285645,1.8221468925476074,-0.09328529983758926,7.0220136642456055,True,family-00323-sum_mod_10,family-00323,False,0.055163346230983734,0.5,medium,0,0.6548241376876831,False,0.0,11,0.045123904943466187,sum_mod_10,0.010039441287517548
15.701774597167969,2.6379690170288086,0.18222640454769135,4.053860664367676,True,family-00323-sum_mod_10,family-00323,False,0.055163346230983734,0.5,medium,1,0.3307170271873474,False,0.0,11,0.08541268855333328,sum_mod_10,-0.03024934232234955
5.799737453460693,1.2677501440048218,0.37472859025001526,5.6739935874938965,True,family-00323-sum_mod_10,family-00323,False,0.055163346230983734,0.5,medium,2,0.4173888862133026,False,0.0,11,0.044563040137290955,sum_mod_10,0.01060030609369278
15.929220199584961,2.080786943435669,0.3750431537628174,7.215587615966797,True,family-00323-sum_mod_10,family-00323,False,0.055163346230983734,0.5,medium,3,0.4352753460407257,False,0.0,11,0.05500173196196556,sum_mod_10,0.00016161426901817322
15.33414077758789,2.520477056503296,-0.35403287410736084,3.737530469894409,False,family-00324-maximum,family-00324,True,0.8394879102706909,1.0,high,0,0.3935539722442627,False,0.0,11,0.7825063467025757,maximum,0.056981563568115234
4.874205589294434,1.0911567211151123,-0.07146933674812317,8.58320140838623,False,family-00324-maximum,family-00324,True,0.8394879102706909,1.0,high,1,0.9655207395553589,False,0.0,11,0.21507465839385986,maximum,0.624413251876831
4.788973808288574,0.9673877954483032,0.08183194696903229,9.757377624511719,False,family-00324-maximum,family-00324,True,0.8394879102706909,1.0,high,2,0.8194218277931213,False,0.0,11,0.7150121331214905,maximum,0.12447577714920044
6.442877292633057,1.5584893226623535,0.389095276594162,8.824241638183594,False,family-00324-maximum,family-00324,True,0.8394879102706909,1.0,high,3,0.5515002012252808,False,0.0,11,0.7952545881271362,maximum,0.04423332214355469
8.418526649475098,1.5366601943969727,-0.4272459149360657,5.103109836578369,False,family-00324-minimum,family-00324,True,0.2844729721546173,0.5,medium,0,0.45612913370132446,False,0.0,11,0.13190975785255432,minimum,0.152563214302063
4.445109844207764,1.0381007194519043,-0.3277705907821655,9.424131393432617,False,family-00324-minimum,family-00324,True,0.2844729721546173,0.5,medium,1,0.9311919808387756,False,0.0,11,0.2995050251483917,minimum,-0.015032052993774414
6.369028091430664,1.3493424654006958,-0.15693894028663635,6.00121545791626,False,family-00324-minimum,family-00324,True,0.2844729721546173,0.5,medium,2,0.5289615988731384,False,0.0,11,0.19038844108581543,minimum,0.09408453106880188
12.277755737304688,2.13970947265625,0.19587945938110352,6.734312534332275,False,family-00324-minimum,family-00324,True,0.2844729721546173,0.5,medium,3,0.5624451637268066,False,0.0,11,0.31394389271736145,minimum,-0.02947092056274414
3.626589775085449,1.2082315683364868,-0.2557709515094757,6.771866798400879,False,family-00324-sum_mod_10,family-00324,False,0.030127085745334625,0.0,low,0,0.6411577463150024,False,0.0,11,0.07186032086610794,sum_mod_10,-0.041733235120773315
9.587759017944336,1.940972924232483,0.058481715619564056,4.973794937133789,False,family-00324-sum_mod_10,family-00324,False,0.030127085745334625,0.0,low,1,0.45249027013778687,False,0.0,11,0.02955137938261032,sum_mod_10,0.0005757063627243042
7.13262939453125,1.6586127281188965,0.22533658146858215,4.978233337402344,False,family-00324-sum_mod_10,family-00324,False,0.030127085745334625,0.0,low,2,0.40384331345558167,False,0.0,11,0.016111809760332108,sum_mod_10,0.014015275985002518
11.38273811340332,1.6735587120056152,0.3508012890815735,9.704573631286621,False,family-00324-sum_mod_10,family-00324,False,0.030127085745334625,0.0,low,3,0.6787944436073303,False,0.0,11,0.02950855903327465,sum_mod_10,0.0006185267120599747
18.1718692779541,2.8407950401306152,-0.2540077865123749,3.539701223373413,True,family-00325-maximum,family-00325,True,0.7485414743423462,0.5,medium,0,0.3437184691429138,False,0.0,11,0.7025720477104187,maximum,0.04596942663192749
4.00176477432251,1.1421046257019043,-0.3004797101020813,7.704880237579346,True,family-00325-maximum,family-00325,True,0.7485414743423462,0.5,medium,1,0.7702376842498779,False,0.0,11,0.15241798758506775,maximum,0.596123456954956
21.8946533203125,2.986542224884033,0.04621122032403946,4.307604789733887,True,family-00325-maximum,family-00325,True,0.7485414743423462,0.5,medium,2,0.40502482652664185,False,0.0,11,0.7062968015670776,maximum,0.042244672775268555
7.30001974105835,1.4243662357330322,0.3276635408401489,8.591431617736816,True,family-00325-maximum,family-00325,True,0.7485414743423462,0.5,medium,3,0.7369759678840637,False,0.0,11,0.5760543942451477,maximum,0.1724870800971985
12.063222885131836,2.1722981929779053,-0.24442484974861145,6.280116081237793,False,family-00325-minimum,family-00325,True,0.9375967979431152,0.0,low,0,0.5914530754089355,False,0.0,11,0.8945478200912476,minimum,0.043048977851867676
5.127687454223633,1.2685129642486572,-0.10552464425563812,6.283341407775879,False,family-00325-minimum,family-00325,True,0.9375967979431152,0.0,low,1,0.5745793581008911,False,0.0,11,0.9593433737754822,minimum,-0.021746575832366943
6.507044792175293,0.9889802932739258,-0.058518607169389725,12.0754976272583,False,family-00325-minimum,family-00325,True,0.9375967979431152,0.0,low,2,1.00432288646698,False,0.0,11,0.048950668424367905,minimum,0.888646125793457
11.884611129760742,2.070866107940674,0.4601847231388092,7.191775798797607,False,family-00325-minimum,family-00325,True,0.9375967979431152,0.0,low,3,0.4349554479122162,False,0.0,11,0.8839977383613586,minimum,0.05359905958175659
12.860374450683594,2.4618043899536133,-0.2614976465702057,4.540230751037598,False,family-00325-sum_mod_10,family-00325,False,0.06899005174636841,1.0,high,0,0.4275929629802704,False,0.0,11,0.05532004311680794,sum_mod_10,0.01367000862956047
4.2361016273498535,1.264984369277954,-0.33322131633758545,4.563750267028809,False,family-00325-sum_mod_10,family-00325,False,0.06899005174636841,1.0,high,1,0.43885231018066406,False,0.0,11,0.06824615597724915,sum_mod_10,0.0007438957691192627
6.9128618240356445,1.0614981651306152,0.31359466910362244,10.320169448852539,False,family-00325-sum_mod_10,family-00325,False,0.06899005174636841,1.0,high,2,1.0460026264190674,False,0.0,11,0.07239138334989548,sum_mod_10,-0.003401331603527069
9.92551040649414,1.8087897300720215,0.40487048029899597,7.318634510040283,False,family-00325-sum_mod_10,family-00325,False,0.06899005174636841,1.0,high,3,0.4472978711128235,False,0.0,11,0.04582510143518448,sum_mod_10,0.02316495031118393
10.42630386352539,1.942798137664795,-0.21181772649288177,6.63460111618042,False,family-00326-maximum,family-00326,True,0.42990821599960327,0.0,low,0,0.6248380541801453,False,0.0,11,0.09864814579486847,maximum,0.331260085105896
7.685674667358398,1.751534104347229,-0.2721303105354309,6.605906963348389,False,family-00326-maximum,family-00326,True,0.42990821599960327,0.0,low,1,0.5863677859306335,False,0.0,11,0.022661807015538216,maximum,0.4072464108467102
10.029387474060059,1.8616434335708618,-0.002037663012742996,4.31494665145874,False,family-00326-maximum,family-00326,True,0.42990821599960327,0.0,low,2,0.3783700168132782,False,0.0,11,0.4094494879245758,maximum,0.020458728075027466
7.956161975860596,1.6185823678970337,0.0010501202195882797,8.339420318603516,False,family-00326-maximum,family-00326,True,0.42990821599960327,0.0,low,3,0.684409499168396,False,0.0,11,0.11982850730419159,maximum,0.3100796937942505
10.390771865844727,2.1093575954437256,-0.44320279359817505,5.881795406341553,True,family-00326-minimum,family-00326,True,0.4537947177886963,1.0,high,0,0.5431578755378723,False,0.0,11,0.4181180000305176,minimum,0.03567671775817871
4.822589874267578,1.3719810247421265,-0.4319113492965698,5.879926681518555,True,family-00326-minimum,family-00326,True,0.4537947177886963,1.0,high,1,0.6019947528839111,False,0.0,11,0.9195324778556824,minimum,-0.4657377600669861
10.796509742736816,1.744997501373291,-0.20172874629497528,6.370203971862793,True,family-00326-minimum,family-00326,True,0.4537947177886963,1.0,high,2,0.7105913162231445,False,0.0,11,0.332303911447525,minimum,0.12149080634117126
9.405754089355469,1.8101139068603516,0.13386550545692444,9.611318588256836,True,family-00326-minimum,family-00326,True,0.4537947177886963,1.0,high,3,0.9713638424873352,False,0.0,11,0.16828522086143494,minimum,0.28550949692726135
19.383182525634766,2.8827195167541504,-0.19721171259880066,4.267673492431641,True,family-00326-sum_mod_10,family-00326,False,0.09387027472257614,0.5,medium,0,0.4144073724746704,False,0.0,11,0.151143416762352,sum_mod_10,-0.05727314203977585
11.72347354888916,2.201200485229492,-0.0455513522028923,4.554709434509277,True,family-00326-sum_mod_10,family-00326,False,0.09387027472257614,0.5,medium,1,0.44045960903167725,False,0.0,11,0.10032939165830612,sum_mod_10,-0.0064591169357299805
4.326532363891602,0.8333180546760559,0.31730297207832336,6.47168493270874,True,family-00326-sum_mod_10,family-00326,False,0.09387027472257614,0.5,medium,2,0.5826166272163391,False,0.0,11,0.1028907522559166,sum_mod_10,-0.009020477533340454
5.000197410583496,1.4150792360305786,0.6241849660873413,9.972393989562988,True,family-00326-sum_mod_10,family-00326,False,0.09387027472257614,0.5,medium,3,0.6867074966430664,False,0.0,11,0.1529703438282013,sum_mod_10,-0.05910006910562515
9.230524063110352,2.0783157348632812,-0.46347978711128235,4.795341968536377,False,family-00327-maximum,family-00327,False,0.03265662491321564,1.0,high,0,0.5049392580986023,False,0.0,11,0.08737651258707047,maximum,-0.05471988767385483
7.8978071212768555,1.8328197002410889,-0.05449127405881882,4.952802658081055,False,family-00327-maximum,family-00327,False,0.03265662491321564,1.0,high,1,0.5879079103469849,False,0.0,11,0.047236211597919464,maximum,-0.014579586684703827
4.791775226593018,1.0215461254119873,0.2564486563205719,8.48401927947998,False,family-00327-maximum,family-00327,False,0.03265662491321564,1.0,high,2,0.889589786529541,False,0.0,11,0.03429034352302551,maximum,-0.0016337186098098755
6.659332275390625,1.6183480024337769,0.3354134261608124,7.7790021896362305,False,family-00327-maximum,family-00327,False,0.03265662491321564,1.0,high,3,0.5440625548362732,False,0.0,11,0.016510993242263794,maximum,0.016145631670951843
9.180132865905762,1.6549346446990967,-0.26567012071609497,5.9757819175720215,False,family-00327-minimum,family-00327,True,0.7355424761772156,0.5,medium,0,0.5508631467819214,False,0.0,11,0.8496594429016113,minimum,-0.11411696672439575
3.9958980083465576,1.1325416564941406,-0.06815516948699951,6.520214557647705,False,family-00327-minimum,family-00327,True,0.7355424761772156,0.5,medium,1,0.5978442430496216,False,0.006697411919112791,11,0.6658751964569092,minimum,0.0696672797203064
2.765450954437256,0.7590668797492981,0.28167328238487244,8.931114196777344,False,family-00327-minimum,family-00327,True,0.7355424761772156,0.5,medium,2,0.7249685525894165,False,0.0,11,0.2102469503879547,minimum,0.5252954959869385
7.7362446784973145,1.5191518068313599,0.5020513534545898,6.570100784301758,False,family-00327-minimum,family-00327,True,0.7355424761772156,0.5,medium,3,0.383494108915329,False,0.0,11,0.5844903588294983,minimum,0.15105211734771729
13.587861061096191,2.5010719299316406,-0.24586912989616394,5.419596195220947,False,family-00327-sum_mod_10,family-00327,False,0.015972554683685303,0.0,low,0,0.48527443408966064,False,0.0,11,0.03794766217470169,sum_mod_10,-0.021975107491016388
10.178339958190918,1.9766823053359985,-0.05784258246421814,4.218238353729248,False,family-00327-sum_mod_10,family-00327,False,0.015972554683685303,0.0,low,1,0.3782977759838104,False,0.0,11,0.017484772950410843,sum_mod_10,-0.0015122182667255402
5.55184268951416,0.8086641430854797,0.298794686794281,9.722793579101562,False,family-00327-sum_mod_10,family-00327,False,0.015972554683685303,0.0,low,2,0.8316232562065125,False,0.0,11,0.05148031562566757,sum_mod_10,-0.03550776094198227
15.348116874694824,2.6147639751434326,0.41311556100845337,6.459443092346191,False,family-00327-sum_mod_10,family-00327,False,0.015972554683685303,0.0,low,3,0.37346577644348145,False,0.0,11,0.011560453101992607,sum_mod_10,0.004412101581692696
12.477964401245117,2.454436779022217,-0.3102378845214844,5.159067630767822,False,family-00328-maximum,family-00328,True,0.9245462417602539,0.5,medium,0,0.5432387590408325,False,0.0,11,0.8201733231544495,maximum,0.10437291860580444
1.4291518926620483,0.31499427556991577,-0.2605239748954773,8.648368835449219,False,family-00328-maximum,family-00328,True,0.9245462417602539,0.5,medium,1,0.9303824305534363,False,0.0,11,0.05421571433544159,maximum,0.8703305125236511
10.56688117980957,2.285407543182373,0.09810357540845871,5.437952995300293,False,family-00328-maximum,family-00328,True,0.9245462417602539,0.5,medium,2,0.4978419244289398,False,0.0,11,0.8806037306785583,maximum,0.04394251108169556
9.511995315551758,1.8051353693008423,0.34990501403808594,11.508156776428223,False,family-00328-maximum,family-00328,True,0.9245462417602539,0.5,medium,3,0.9082713723182678,False,0.0,11,0.7061221599578857,maximum,0.21842408180236816
11.512153625488281,2.1655972003936768,-0.3033662438392639,6.0160369873046875,False,family-00328-minimum,family-00328,True,0.9518986940383911,0.0,low,0,0.566582441329956,False,0.0,11,0.9292464852333069,minimum,0.02265220880508423
4.643627643585205,1.0661811828613281,-0.26758575439453125,6.024542808532715,False,family-00328-minimum,family-00328,True,0.9518986940383911,0.0,low,1,0.5739492774009705,False,0.08098132163090072,11,0.9555835127830505,minimum,-0.003684818744659424
7.278923988342285,1.0298947095870972,-0.00758623331785202,11.806909561157227,False,family-00328-minimum,family-00328,True,0.9518986940383911,0.0,low,2,1.1125144958496094,False,0.0,11,0.3761844038963318,minimum,0.5757142901420593
12.730815887451172,2.128708839416504,0.5310762524604797,6.931393146514893,False,family-00328-minimum,family-00328,True,0.9518986940383911,0.0,low,3,0.43826258182525635,False,0.0,11,0.9305366277694702,minimum,0.0213620662689209
14.185576438903809,2.4951415061950684,-0.2606619894504547,4.390791893005371,True,family-00328-sum_mod_10,family-00328,False,0.13125279545783997,1.0,high,0,0.40945470333099365,False,0.0,11,0.12919776141643524,sum_mod_10,0.002055034041404724
4.52366304397583,1.3288286924362183,-0.010804958641529083,5.411022663116455,True,family-00328-sum_mod_10,family-00328,False,0.13125279545783997,1.0,high,1,0.5165637135505676,False,0.0,11,0.13102148473262787,sum_mod_10,0.00023131072521209717
5.519720077514648,1.0392872095108032,0.1727089285850525,10.007994651794434,True,family-00328-sum_mod_10,family-00328,False,0.13125279545783997,1.0,high,2,0.8526149392127991,False,0.0,11,0.23377269506454468,sum_mod_10,-0.10251989960670471
14.307332992553711,2.449615001678467,0.45072734355926514,6.576326370239258,True,family-00328-sum_mod_10,family-00328,False,0.13125279545783997,1.0,high,3,0.3940547704696655,False,0.0,11,0.12174054980278015,sum_mod_10,0.009512245655059814
16.20171546936035,2.571721076965332,-0.21940641105175018,5.213550567626953,True,family-00329-maximum,family-00329,True,0.8546810150146484,0.0,low,0,0.49320459365844727,False,0.0,11,0.8346248865127563,maximum,0.02005612850189209
6.902440071105957,1.3423030376434326,-0.16962605714797974,9.181587219238281,True,family-00329-maximum,family-00329,True,0.8546810150146484,0.0,low,1,0.8571617603302002,False,0.0,11,0.047965098172426224,maximum,0.8067159056663513
12.382600784301758,2.066091775894165,0.20410871505737305,4.849575519561768,True,family-00329-maximum,family-00329,True,0.8546810150146484,0.0,low,2,0.37676915526390076,False,0.0,11,0.855181872844696,maximum,-0.0005008578300476074
12.142884254455566,2.1748127937316895,0.3203461170196533,7.230974197387695,True,family-00329-maximum,family-00329,True,0.8546810150146484,0.0,low,3,0.4935218095779419,False,0.0,11,0.8165589570999146,maximum,0.03812205791473389
7.368790626525879,1.8355064392089844,-0.27681225538253784,5.660101890563965,True,family-00329-minimum,family-00329,True,0.669282853603363,1.0,high,0,0.5444931387901306,False,0.018136991384033258,11,0.6746990084648132,minimum,-0.005416154861450195
6.790833950042725,1.615237832069397,-0.16759511828422546,7.903412342071533,True,family-00329-minimum,family-00329,True,0.669282853603363,1.0,high,1,0.7621933817863464,False,0.0007163917199603831,11,0.7399601936340332,minimum,-0.07067734003067017
4.285675525665283,1.1813099384307861,-0.06719496846199036,7.6443891525268555,True,family-00329-minimum,family-00329,True,0.669282853603363,1.0,high,2,0.6403393149375916,False,0.0,11,0.2604251503944397,minimum,0.40885770320892334
14.139122009277344,2.164231777191162,0.0693250298500061,8.260523796081543,True,family-00329-minimum,family-00329,True,0.669282853603363,1.0,high,3,0.6013597846031189,False,0.0,11,0.24761763215065002,minimum,0.421665221452713
14.310604095458984,2.162111282348633,-0.23211145401000977,4.554607391357422,True,family-00329-sum_mod_10,family-00329,False,0.03571395203471184,0.5,medium,0,0.4422697424888611,False,0.0,11,0.03475165367126465,sum_mod_10,0.0009622983634471893
12.215229034423828,2.2161223888397217,-0.18511676788330078,4.2714080810546875,True,family-00329-sum_mod_10,family-00329,False,0.03571395203471184,0.5,medium,1,0.41679832339286804,False,0.0,11,0.03625890985131264,sum_mod_10,-0.0005449578166007996
6.4077301025390625,1.059719443321228,0.18152928352355957,5.978091716766357,True,family-00329-sum_mod_10,family-00329,False,0.03571395203471184,0.5,medium,2,0.5777546167373657,False,0.0,11,0.06124972179532051,sum_mod_10,-0.025535769760608673
4.141045093536377,1.285285472869873,0.5163660645484924,9.494688034057617,True,family-00329-sum_mod_10,family-00329,False,0.03571395203471184,0.5,medium,3,0.738584041595459,False,0.0,11,0.03953717276453972,sum_mod_10,-0.003823220729827881
12.926473617553711,2.4724783897399902,-0.13491490483283997,4.910272598266602,True,family-00330-maximum,family-00330,True,0.6446678042411804,1.0,high,0,0.4723607003688812,False,0.0,11,0.40973925590515137,maximum,0.23492854833602905
5.3832597732543945,1.3157635927200317,-0.16147099435329437,6.605808734893799,True,family-00330-maximum,family-00330,True,0.6446678042411804,1.0,high,1,0.6070923209190369,False,0.0,11,0.11681568622589111,maximum,0.5278521180152893
7.001524925231934,0.9753465056419373,0.0629287138581276,8.7822265625,True,family-00330-maximum,family-00330,True,0.6446678042411804,1.0,high,2,0.7453768849372864,False,0.0,11,0.19156138598918915,maximum,0.4531064033508301
8.704731941223145,1.9090386629104614,0.4213288724422455,7.348422050476074,True,family-00330-maximum,family-00330,True,0.6446678042411804,1.0,high,3,0.48562681674957275,False,0.0,11,0.5608872771263123,maximum,0.08378052711486816
12.890867233276367,2.467407464981079,-0.32178205251693726,5.224213600158691,False,family-00330-minimum,family-00330,False,0.22122950851917267,0.5,medium,0,0.5500985383987427,False,0.0,11,0.024591144174337387,minimum,0.19663836061954498
2.7447571754455566,0.6390298008918762,-0.264369934797287,7.039915561676025,False,family-00330-minimum,family-00330,False,0.22122950851917267,0.5,medium,1,0.7611125707626343,False,0.0,11,0.3919771909713745,minimum,-0.17074768245220184
3.873762607574463,0.8028470277786255,-0.3797723650932312,6.593883514404297,False,family-00330-minimum,family-00330,False,0.22122950851917267,0.5,medium,2,0.6571431756019592,False,0.0,11,0.015697846189141273,minimum,0.20553165674209595
7.058428764343262,1.543914794921875,0.15108290314674377,7.076769828796387,False,family-00330-minimum,family-00330,False,0.22122950851917267,0.5,medium,3,0.7302660346031189,False,0.0,11,0.21102306246757507,minimum,0.010206446051597595
14.501590728759766,2.640288829803467,-0.17016449570655823,4.713525772094727,False,family-00330-sum_mod_10,family-00330,False,0.059148967266082764,0.0,low,0,0.42205238342285156,False,0.0,11,0.17708683013916016,sum_mod_10,-0.11793786287307739
7.362283706665039,1.8182735443115234,-0.0974741280078888,4.915670871734619,False,family-00330-sum_mod_10,family-00330,False,0.059148967266082764,0.0,low,1,0.43275272846221924,False,0.0,11,0.021654341369867325,sum_mod_10,0.03749462589621544
11.31378173828125,1.975215196609497,0.3166845738887787,5.746737003326416,False,family-00330-sum_mod_10,family-00330,False,0.059148967266082764,0.0,low,2,0.4817349910736084,False,0.0,11,0.07503639161586761,sum_mod_10,-0.01588742434978485
8.530961990356445,1.672778844833374,0.28836458921432495,8.584192276000977,False,family-00330-sum_mod_10,family-00330,False,0.059148967266082764,0.0,low,3,0.5803945064544678,False,0.0,11,0.25423529744148254,sum_mod_10,-0.19508633017539978
10.592324256896973,2.121544361114502,-0.30390530824661255,6.1789727210998535,False,family-00331-maximum,family-00331,True,0.6401716470718384,0.5,medium,0,0.55229252576828,False,0.0,11,0.525871753692627,maximum,0.11429989337921143
3.6494839191436768,1.046010971069336,-0.45005667209625244,6.649713516235352,False,family-00331-maximum,family-00331,True,0.6401716470718384,0.5,medium,1,0.6036959290504456,False,0.0,11,0.40455162525177,maximum,0.23562002182006836
10.45610523223877,2.0863704681396484,0.13623657822608948,4.739837646484375,False,family-00331-maximum,family-00331,True,0.6401716470718384,0.5,medium,2,0.474889874458313,False,0.0,11,0.6179349422454834,maximum,0.02223670482635498
7.0674967765808105,1.561353325843811,0.1719275414943695,9.535659790039062,False,family-00331-maximum,family-00331,True,0.6401716470718384,0.5,medium,3,0.820775032043457,False,0.0,11,0.13230055570602417,maximum,0.5078710913658142
11.547782897949219,1.9233258962631226,-0.25389933586120605,6.822873592376709,True,family-00331-minimum,family-00331,True,0.5012633800506592,0.0,low,0,0.6477407813072205,False,0.0,11,0.24285082519054413,minimum,0.25841253995895386
10.770271301269531,2.1660120487213135,0.044373851269483566,4.536539554595947,True,family-00331-minimum,family-00331,True,0.5012633800506592,0.0,low,1,0.412398099899292,False,0.0,11,0.38245394825935364,minimum,0.11880943179130554
10.218219757080078,1.6700618267059326,0.023892143741250038,7.373751163482666,True,family-00331-minimum,family-00331,True,0.5012633800506592,0.0,low,2,0.6102192401885986,False,0.0,11,0.39649447798728943,minimum,0.10476890206336975
16.550636291503906,2.4752280712127686,0.5035019516944885,5.894114017486572,True,family-00331-minimum,family-00331,True,0.5012633800506592,0.0,low,3,0.41201716661453247,False,0.0,11,0.41282370686531067,minimum,0.08843967318534851
10.211042404174805,2.2421693801879883,-0.25885412096977234,5.988689422607422,True,family-00331-sum_mod_10,family-00331,False,0.04350050166249275,1.0,high,0,0.5889903903007507,False,0.0,11,0.04377099126577377,sum_mod_10,-0.0002704896032810211
9.977415084838867,1.9362179040908813,-0.18279996514320374,4.577864646911621,True,family-00331-sum_mod_10,family-00331,False,0.04350050166249275,1.0,high,1,0.44107121229171753,False,0.0,11,0.06575676053762436,sum_mod_10,-0.022256258875131607
5.917468547821045,1.4797766208648682,0.2538906931877136,4.5274739265441895,True,family-00331-sum_mod_10,family-00331,False,0.04350050166249275,1.0,high,2,0.4291321039199829,False,0.0,11,0.047610241919755936,sum_mod_10,-0.004109740257263184
10.61194133758545,1.7973839044570923,0.5310595035552979,7.859185695648193,True,family-00331-sum_mod_10,family-00331,False,0.04350050166249275,1.0,high,3,0.629114031791687,False,0.0,11,0.0573645755648613,sum_mod_10,-0.013864073902368546
12.763030052185059,2.155724048614502,-0.34664028882980347,4.744995594024658,False,family-00332-maximum,family-00332,True,0.6207923293113708,0.0,low,0,0.44687744975090027,False,0.056556642440628704,11,0.6087890267372131,maximum,0.012003302574157715
7.076806545257568,1.6490312814712524,-0.24660933017730713,6.6903862953186035,False,family-00332-maximum,family-00332,True,0.6207923293113708,0.0,low,1,0.6679379940032959,False,0.0,11,0.38804155588150024,maximum,0.2327507734298706
17.615156173706055,2.7187349796295166,0.23389507830142975,4.522219657897949,False,family-00332-maximum,family-00332,True,0.6207923293113708,0.0,low,2,0.4272361993789673,False,0.0,11,0.38861319422721863,maximum,0.23217913508415222
10.246856689453125,2.04760479927063,0.08763180673122406,6.927056312561035,False,family-00332-maximum,family-00332,True,0.6207923293113708,0.0,low,3,0.5566089153289795,False,0.0,11,0.21379239857196808,maximum,0.40699994564056396
15.136679649353027,2.3617961406707764,-0.4245262145996094,4.827389717102051,True,family-00332-minimum,family-00332,True,0.5900510549545288,1.0,high,0,0.4354605972766876,False,0.0,11,0.16744939982891083,minimum,0.4226016402244568
10.988073348999023,2.344069242477417,-0.12745746970176697,4.001529216766357,True,family-00332-minimum,family-00332,True,0.5900510549545288,1.0,high,1,0.39864176511764526,False,0.0,11,0.44595471024513245,minimum,0.14409634470939636
9.032930374145508,1.613031268119812,0.08248039335012436,6.201649188995361,True,family-00332-minimum,family-00332,True,0.5900510549545288,1.0,high,2,0.6008496880531311,False,0.0,11,0.5498597621917725,minimum,0.04019129276275635
15.090599060058594,2.18898868560791,0.2301885336637497,8.796366691589355,True,family-00332-minimum,family-00332,True,0.5900510549545288,1.0,high,3,0.7052857875823975,False,0.0,11,0.6487014889717102,minimum,-0.058650434017181396
11.168539047241211,1.9800519943237305,-0.3343847990036011,6.206214904785156,True,family-00332-sum_mod_10,family-00332,False,0.16454093158245087,0.5,medium,0,0.5731166005134583,False,0.0,11,0.043135978281497955,sum_mod_10,0.12140495330095291
7.854602336883545,1.918586254119873,-0.07918503880500793,5.645560264587402,True,family-00332-sum_mod_10,family-00332,False,0.16454093158245087,0.5,medium,1,0.5362484455108643,False,0.025011591623663353,11,0.17756593227386475,sum_mod_10,-0.01302500069141388
3.5957536697387695,0.7998751401901245,0.33413439989089966,6.756227016448975,True,family-00332-sum_mod_10,family-00332,False,0.16454093158245087,0.5,medium,2,0.5851888656616211,False,0.0,11,0.1620149314403534,sum_mod_10,0.002526000142097473
7.0113959312438965,1.5231428146362305,0.44344085454940796,8.616257667541504,True,family-00332-sum_mod_10,family-00332,False,0.16454093158245087,0.5,medium,3,0.56682288646698,False,0.0,11,0.3994176685810089,sum_mod_10,-0.23487673699855804
11.309704780578613,1.9490196704864502,-0.19071689248085022,6.21039342880249,True,family-00333-maximum,family-00333,True,0.884445309638977,1.0,high,0,0.5795624256134033,False,0.0,11,0.7515774369239807,maximum,0.13286787271499634
10.533831596374512,1.8759042024612427,-0.061463817954063416,4.995046138763428,True,family-00333-maximum,family-00333,True,0.884445309638977,1.0,high,1,0.44148576259613037,False,0.0,11,0.5884166359901428,maximum,0.29602867364883423
3.7002875804901123,1.0986213684082031,0.09829848259687424,10.419113159179688,True,family-00333-maximum,family-00333,True,0.884445309638977,1.0,high,2,0.862251341342926,False,0.0,11,0.18428771197795868,maximum,0.7001575827598572
10.696982383728027,1.6337690353393555,0.4557188153266907,9.163003921508789,True,family-00333-maximum,family-00333,True,0.884445309638977,1.0,high,3,0.5482571125030518,False,0.0,11,0.7686367034912109,maximum,0.11580860614776611
13.759403228759766,2.2826929092407227,-0.35726118087768555,6.15834379196167,True,family-00333-minimum,family-00333,True,0.7143141627311707,0.5,medium,0,0.5555209517478943,False,0.0,11,0.15113143622875214,minimum,0.5631827116012573
9.739557266235352,1.509967565536499,-0.0760267972946167,7.125166416168213,True,family-00333-minimum,family-00333,True,0.7143141627311707,0.5,medium,1,0.6731507778167725,False,0.1137917024509259,11,0.5827635526657104,minimum,0.1315506100654602
5.264647483825684,1.399376630783081,-0.04708416759967804,5.426880836486816,True,family-00333-minimum,family-00333,True,0.7143141627311707,0.5,medium,2,0.4411393702030182,False,0.0,11,0.36422622203826904,minimum,0.3500879406929016
12.033387184143066,2.114283561706543,0.23526543378829956,4.87449312210083,True,family-00333-minimum,family-00333,True,0.7143141627311707,0.5,medium,3,0.3690018355846405,False,0.0,11,0.6210008263587952,minimum,0.09331333637237549
19.45323371887207,2.9309167861938477,-0.19167307019233704,4.525264739990234,False,family-00333-sum_mod_10,family-00333,True,0.3247005045413971,0.0,low,0,0.43788862228393555,False,0.0,11,0.2760505974292755,sum_mod_10,0.04864990711212158
22.47879409790039,3.102510690689087,0.08739442378282547,3.215942144393921,False,family-00333-sum_mod_10,family-00333,True,0.3247005045413971,0.0,low,1,0.3075407147407532,False,0.0,11,0.41261181235313416,sum_mod_10,-0.08791130781173706
15.088818550109863,2.564749240875244,0.18804430961608887,4.406472682952881,False,family-00333-sum_mod_10,family-00333,True,0.3247005045413971,0.0,low,2,0.39323392510414124,False,0.0,11,0.29050928354263306,sum_mod_10,0.03419122099876404
14.924036026000977,2.23283314704895,0.19205746054649353,7.397996425628662,False,family-00333-sum_mod_10,family-00333,True,0.3247005045413971,0.0,low,3,0.5784704685211182,False,0.0,11,0.0556546114385128,sum_mod_10,0.269045889377594
12.694524765014648,2.3758420944213867,-0.2602645754814148,5.910177707672119,True,family-00334-maximum,family-00334,False,0.0875055193901062,0.5,medium,0,0.5812687277793884,False,0.0,11,0.2115870714187622,maximum,-0.124081552028656
5.508454322814941,1.6567375659942627,-0.3582395017147064,5.738119602203369,True,family-00334-maximum,family-00334,False,0.0875055193901062,0.5,medium,1,0.554640531539917,False,0.06118827859404955,11,0.097918801009655,maximum,-0.010413281619548798
14.899003028869629,2.452864170074463,0.14938244223594666,4.512349605560303,True,family-00334-maximum,family-00334,False,0.0875055193901062,0.5,medium,2,0.4571590721607208,False,0.0,11,0.05515386536717415,maximum,0.03235165402293205
11.804888725280762,2.084545850753784,0.044491853564977646,6.458348751068115,True,family-00334-maximum,family-00334,False,0.0875055193901062,0.5,medium,3,0.5640683770179749,False,0.0,11,0.028557706624269485,maximum,0.058947812765836716
8.557174682617188,1.50729501247406,-0.3564132750034332,7.7348952293396,True,family-00334-minimum,family-00334,True,0.7463714480400085,0.0,low,0,0.7213025093078613,False,0.0,11,0.5069211721420288,minimum,0.23945027589797974
6.258199691772461,1.6463184356689453,-0.16988268494606018,4.791698932647705,True,family-00334-minimum,family-00334,True,0.7463714480400085,0.0,low,1,0.4454808235168457,False,0.0,11,0.6287114024162292,minimum,0.1176600456237793
5.625829219818115,1.1697397232055664,0.08877797424793243,8.910408020019531,True,family-00334-minimum,family-00334,True,0.7463714480400085,0.0,low,2,0.8095510005950928,False,0.0,11,0.5102658867835999,minimum,0.2361055612564087
15.695685386657715,2.416975975036621,0.5067634582519531,6.129581451416016,True,family-00334-minimum,family-00334,True,0.7463714480400085,0.0,low,3,0.4151912033557892,False,0.0,11,0.805396318435669,minimum,-0.0590248703956604
8.717720985412598,1.947455883026123,-0.47138336300849915,5.922737121582031,False,family-00334-sum_mod_10,family-00334,False,0.10420738160610199,1.0,high,0,0.5104278326034546,False,0.0,11,0.06293006986379623,sum_mod_10,0.041277311742305756
5.751089096069336,1.3197219371795654,0.04971141368150711,5.75914192199707,False,family-00334-sum_mod_10,family-00334,False,0.10420738160610199,1.0,high,1,0.5622262358665466,False,0.0,11,0.08680297434329987,sum_mod_10,0.017404407262802124
5.393468856811523,1.2126350402832031,0.4950520992279053,7.373033046722412,False,family-00334-sum_mod_10,family-00334,False,0.10420738160610199,1.0,high,2,0.6145015954971313,False,0.0,11,0.12527704238891602,sum_mod_10,-0.021069660782814026
7.899908065795898,1.9102122783660889,0.6052994728088379,7.797359466552734,False,family-00334-sum_mod_10,family-00334,False,0.10420738160610199,1.0,high,3,0.4611383080482483,False,0.0,11,0.15790441632270813,sum_mod_10,-0.05369703471660614
16.11563491821289,2.5680198669433594,-0.21551106870174408,5.264584064483643,True,family-00335-maximum,family-00335,True,0.8910226821899414,0.0,low,0,0.4980323910713196,False,0.0,11,0.4724007844924927,maximum,0.41862189769744873
6.351451873779297,1.2734359502792358,-0.19901779294013977,7.627542972564697,True,family-00335-maximum,family-00335,True,0.8910226821899414,0.0,low,1,0.7098221778869629,False,0.0,11,0.036498043686151505,maximum,0.8545246124267578
13.863770484924316,2.1229500770568848,0.1288788616657257,4.680676460266113,True,family-00335-maximum,family-00335,True,0.8910226821899414,0.0,low,2,0.39414864778518677,False,0.0,11,0.8856567740440369,maximum,0.005365908145904541
11.578837394714355,1.844498634338379,0.33382466435432434,10.672667503356934,True,family-00335-maximum,family-00335,True,0.8910226821899414,0.0,low,3,0.8016148209571838,False,0.0,11,0.7609789967536926,maximum,0.13004368543624878
7.280866622924805,1.7627887725830078,-0.2795870900154114,5.8995466232299805,True,family-00335-minimum,family-00335,True,0.9011780023574829,1.0,high,0,0.5675273537635803,False,0.05952942942134371,11,0.7942644357681274,minimum,0.10691356658935547
6.854860305786133,1.5311306715011597,-0.28186964988708496,6.131808280944824,True,family-00335-minimum,family-00335,True,0.9011780023574829,1.0,high,1,0.588477373123169,False,0.08604154771934534,11,0.8836719989776611,minimum,0.017506003379821777
3.096446990966797,0.9865243434906006,-0.10154008865356445,8.020509719848633,True,family-00335-minimum,family-00335,True,0.9011780023574829,1.0,high,2,0.7641960382461548,False,0.0,11,0.30285629630088806,minimum,0.5983216762542725
12.63979721069336,2.0177903175354004,0.0948638916015625,8.238661766052246,True,family-00335-minimum,family-00335,True,0.9011780023574829,1.0,high,3,0.656709611415863,False,0.0,11,0.5844222903251648,minimum,0.3167557120323181
16.61724853515625,2.6665263175964355,-0.22071215510368347,4.690880298614502,True,family-00335-sum_mod_10,family-00335,False,0.026875948533415794,0.5,medium,0,0.43743884563446045,False,0.0,11,0.019413383677601814,sum_mod_10,0.00746256485581398
7.540239334106445,1.7048566341400146,0.12651047110557556,6.206545829772949,True,family-00335-sum_mod_10,family-00335,False,0.026875948533415794,0.5,medium,1,0.5792844891548157,False,0.05259937526942934,11,0.02747449465095997,sum_mod_10,-0.0005985461175441742
4.664887428283691,0.9979932308197021,0.2875427007675171,8.36181926727295,True,family-00335-sum_mod_10,family-00335,False,0.026875948533415794,0.5,medium,2,0.6410587430000305,False,0.0,11,0.03912239894270897,sum_mod_10,-0.012246450409293175
9.359021186828613,1.9659852981567383,0.4562727212905884,7.2332611083984375,True,family-00335-sum_mod_10,family-00335,False,0.026875948533415794,0.5,medium,3,0.41568809747695923,False,0.0,11,0.016295215114951134,sum_mod_10,0.01058073341846466
13.90620231628418,2.395991802215576,-0.2739178538322449,5.385888576507568,False,family-00336-maximum,family-00336,True,0.36909613013267517,1.0,high,0,0.5671225190162659,False,0.0,11,0.06956075876951218,maximum,0.2995353639125824
8.171524047851562,1.8579788208007812,-0.16513292491436005,4.374259948730469,False,family-00336-maximum,family-00336,True,0.36909613013267517,1.0,high,1,0.45810163021087646,False,0.0,11,0.354215145111084,maximum,0.014880985021591187
4.938831329345703,0.9642211198806763,0.1926977038383484,11.170344352722168,False,family-00336-maximum,family-00336,True,0.36909613013267517,1.0,high,2,1.1370137929916382,False,0.0,11,0.21494939923286438,maximum,0.1541467308998108
7.227766036987305,1.7673286199569702,0.263272225856781,8.215320587158203,False,family-00336-maximum,family-00336,True,0.36909613013267517,1.0,high,3,0.506014347076416,False,0.0,11,0.14626535773277283,maximum,0.22283077239990234
19.091655731201172,2.8969526290893555,-0.3319642245769501,4.2933502197265625,True,family-00336-minimum,family-00336,True,0.87535560131073,0.5,medium,0,0.387286901473999,False,0.0,11,0.874393880367279,minimum,0.0009617209434509277
8.916423797607422,1.8358814716339111,-0.09750290215015411,6.142665863037109,True,family-00336-minimum,family-00336,True,0.87535560131073,0.5,medium,1,0.5864103436470032,False,0.0,11,0.7929866313934326,minimum,0.08236896991729736
7.8262939453125,1.067567229270935,0.0049338433891534805,10.067851066589355,True,family-00336-minimum,family-00336,True,0.87535560131073,0.5,medium,2,0.8667883276939392,False,0.0,11,0.14509356021881104,minimum,0.730262041091919
13.468957901000977,2.0460867881774902,0.427048921585083,7.070749282836914,True,family-00336-minimum,family-00336,True,0.87535560131073,0.5,medium,3,0.4588817358016968,False,0.0,11,0.8397548794746399,minimum,0.03560072183609009
18.026042938232422,2.842616558074951,-0.07131220400333405,3.909198760986328,True,family-00336-sum_mod_10,family-00336,False,0.22742021083831787,0.0,low,0,0.41482704877853394,False,0.0,11,0.45541876554489136,sum_mod_10,-0.2279985547065735
10.94472599029541,1.8317781686782837,-0.10143481940031052,5.444917678833008,True,family-00336-sum_mod_10,family-00336,False,0.22742021083831787,0.0,low,1,0.5476955771446228,False,0.0,11,0.30538123846054077,sum_mod_10,-0.0779610276222229
7.092001438140869,1.3669607639312744,0.10160703957080841,7.792595863342285,True,family-00336-sum_mod_10,family-00336,False,0.22742021083831787,0.0,low,2,0.7188938856124878,False,0.0,11,0.025117740035057068,sum_mod_10,0.2023024708032608
14.621076583862305,2.5940356254577637,0.48087483644485474,6.410784721374512,True,family-00336-sum_mod_10,family-00336,False,0.22742021083831787,0.0,low,3,0.45862850546836853,False,0.0,11,0.3211010694503784,sum_mod_10,-0.09368085861206055
17.825458526611328,2.8234972953796387,-0.32713618874549866,4.325023174285889,True,family-00337-maximum,family-00337,True,0.8977433443069458,0.5,medium,0,0.390144020318985,False,0.0,11,0.8728466629981995,maximum,0.024896681308746338
1.5792019367218018,0.444278359413147,-0.3023086190223694,11.03039836883545,True,family-00337-maximum,family-00337,True,0.8977433443069458,0.5,medium,1,1.0506138801574707,False,0.0,11,0.08140517771244049,maximum,0.8163381814956665
22.664241790771484,3.0287201404571533,0.21323822438716888,4.941036224365234,True,family-00337-maximum,family-00337,True,0.8977433443069458,0.5,medium,2,0.388349324464798,False,0.0,11,0.8342332243919373,maximum,0.06351011991500854
14.97917366027832,2.2550430297851562,0.2601158618927002,8.317609786987305,True,family-00337-maximum,family-00337,True,0.8977433443069458,0.5,medium,3,0.5697745084762573,False,0.0,11,0.6627479791641235,maximum,0.23499536514282227
16.731229782104492,2.578350782394409,-0.2046113908290863,5.2082037925720215,True,family-00337-minimum,family-00337,False,0.004359673708677292,0.0,low,0,0.4926987886428833,False,0.0,11,0.004077053163200617,minimum,0.00028262054547667503
8.055994987487793,1.4640579223632812,-0.16111746430397034,8.882306098937988,True,family-00337-minimum,family-00337,False,0.004359673708677292,0.0,low,1,0.8235065937042236,False,0.0,11,0.017527727410197258,minimum,-0.013168053701519966
7.708738327026367,1.3877828121185303,-0.10848163813352585,7.641051769256592,True,family-00337-minimum,family-00337,False,0.004359673708677292,0.0,low,2,0.5960107445716858,False,0.0,11,0.00973450392484665,minimum,-0.005374830216169357
18.76650047302246,2.7668681144714355,0.2425316721200943,4.4374213218688965,True,family-00337-minimum,family-00337,False,0.004359673708677292,0.0,low,3,0.3126087784767151,False,0.0,11,0.004353974014520645,minimum,5.6996941566467285e-06
10.383231163024902,2.237034797668457,-0.2165522575378418,4.376431941986084,False,family-00337-sum_mod_10,family-00337,False,0.014607653021812439,1.0,high,0,0.414358913898468,False,0.0,11,0.033093202859163284,sum_mod_10,-0.018485549837350845
4.687439441680908,1.3304814100265503,-0.014902200549840927,5.721839427947998,False,family-00337-sum_mod_10,family-00337,False,0.014607653021812439,1.0,high,1,0.5438578724861145,False,0.03780279477837028,11,0.012784983962774277,sum_mod_10,0.0018226690590381622
5.947023391723633,1.1394659280776978,0.25740471482276917,8.345539093017578,False,family-00337-sum_mod_10,family-00337,False,0.014607653021812439,1.0,high,2,0.7012482285499573,False,0.0,11,0.03529950976371765,sum_mod_10,-0.020691856741905212
4.160965442657471,1.049809455871582,0.3799731731414795,9.30372142791748,False,family-00337-sum_mod_10,family-00337,False,0.014607653021812439,1.0,high,3,0.5743342638015747,False,0.0,11,0.009571106173098087,sum_mod_10,0.005036546848714352
10.797189712524414,2.0962255001068115,-0.4308348298072815,4.739602565765381,False,family-00338-maximum,family-00338,True,0.6113240122795105,0.0,low,0,0.4084640145301819,False,0.0,11,0.16222751140594482,maximum,0.4490965008735657
6.166965484619141,1.232879638671875,-0.30271676182746887,9.460156440734863,False,family-00338-maximum,family-00338,True,0.6113240122795105,0.0,low,1,0.9031562805175781,False,0.0,11,0.026756422594189644,maximum,0.5845676064491272
18.6044979095459,2.801248788833618,0.37376418709754944,4.536996841430664,False,family-00338-maximum,family-00338,True,0.6113240122795105,0.0,low,2,0.38452184200286865,False,0.0,11,0.6233768463134766,maximum,-0.012052834033966064
9.864885330200195,1.7921898365020752,0.4930940270423889,8.795490264892578,False,family-00338-maximum,family-00338,True,0.6113240122795105,0.0,low,3,0.622216522693634,False,0.0,11,0.41703328490257263,maximum,0.19429072737693787
5.920289993286133,1.6885987520217896,-0.47766953706741333,3.771491527557373,False,family-00338-minimum,family-00338,False,0.20013628900051117,1.0,high,0,0.34819984436035156,False,0.0,11,0.23694756627082825,minimum,-0.03681127727031708
7.117260932922363,1.7006983757019043,-0.08065302670001984,5.14542293548584,False,family-00338-minimum,family-00338,False,0.20013628900051117,1.0,high,1,0.5349457859992981,False,0.0,11,0.1725568026304245,minimum,0.02757948637008667
6.6601972579956055,1.3916056156158447,-0.2150929570198059,7.117027759552002,False,family-00338-minimum,family-00338,False,0.20013628900051117,1.0,high,2,0.6754900217056274,False,0.0,11,0.06453857570886612,minimum,0.13559770584106445
10.863968849182129,1.9303669929504395,-0.04161349684000015,8.910494804382324,False,family-00338-minimum,family-00338,False,0.20013628900051117,1.0,high,3,0.7833009362220764,False,0.0,11,0.04930231347680092,minimum,0.15083397924900055
11.630263328552246,2.2324466705322266,-0.28360703587532043,4.050697326660156,False,family-00338-sum_mod_10,family-00338,False,0.10747260600328445,0.5,medium,0,0.3620617687702179,False,0.0,11,0.11686854809522629,sum_mod_10,-0.009395942091941833
6.725922107696533,1.772555947303772,-0.03925511986017227,5.461909770965576,False,family-00338-sum_mod_10,family-00338,False,0.10747260600328445,0.5,medium,1,0.5074077248573303,False,0.0,11,0.10301289707422256,sum_mod_10,0.00445970892906189
3.6703591346740723,0.7200195789337158,0.2735382914543152,6.28128719329834,False,family-00338-sum_mod_10,family-00338,False,0.10747260600328445,0.5,medium,2,0.5288155674934387,False,0.0,11,0.19795958697795868,sum_mod_10,-0.09048698097467422
5.503320217132568,1.4848146438598633,0.506252646446228,9.057581901550293,False,family-00338-sum_mod_10,family-00338,False,0.10747260600328445,0.5,medium,3,0.6087844371795654,False,0.0,11,0.14995139837265015,sum_mod_10,-0.04247879236936569
15.430715560913086,2.337128162384033,-0.37855714559555054,5.237723350524902,True,family-00339-maximum,family-00339,False,0.0927044004201889,1.0,high,0,0.47247523069381714,False,0.0,11,0.16478566825389862,maximum,-0.07208126783370972
11.71692943572998,2.335035800933838,-0.10658678412437439,3.0770528316497803,True,family-00339-maximum,family-00339,False,0.0927044004201889,1.0,high,1,0.2983555495738983,False,0.0,11,0.1066913902759552,maximum,-0.013986989855766296
3.3946146965026855,1.1046628952026367,0.024375256150960922,8.294137954711914,True,family-00339-maximum,family-00339,False,0.0927044004201889,1.0,high,2,0.7941832542419434,False,0.0,11,0.043532416224479675,maximum,0.04917198419570923
8.450730323791504,1.3264442682266235,0.21173708140850067,9.799161911010742,True,family-00339-maximum,family-00339,False,0.0927044004201889,1.0,high,3,0.7261937260627747,False,0.0,11,0.055344901978969574,maximum,0.03735949844121933
17.640295028686523,2.720330238342285,-0.2696606516838074,4.369583606719971,True,family-00339-minimum,family-00339,True,0.7165871262550354,0.5,medium,0,0.42975059151649475,False,0.0,11,0.5655431151390076,minimum,0.15104401111602783
10.151071548461914,1.7529422044754028,0.008687630295753479,6.658742427825928,True,family-00339-minimum,family-00339,True,0.7165871262550354,0.5,medium,1,0.6708759665489197,False,0.0,11,0.4197924733161926,minimum,0.2967946529388428
2.632209062576294,0.698502779006958,0.004731856286525726,7.786048412322998,True,family-00339-minimum,family-00339,True,0.7165871262550354,0.5,medium,2,0.6488336324691772,False,0.0,11,0.5593632459640503,minimum,0.1572238802909851
11.435930252075195,1.67313551902771,0.4169236421585083,8.151325225830078,True,family-00339-minimum,family-00339,True,0.7165871262550354,0.5,medium,3,0.5686085820198059,False,0.0,11,0.7598242163658142,minimum,-0.04323709011077881
16.715606689453125,2.691439390182495,-0.16533784568309784,4.59353494644165,True,family-00339-sum_mod_10,family-00339,False,0.12819701433181763,0.0,low,0,0.4874458312988281,False,0.0,11,0.14904384315013885,sum_mod_10,-0.020846828818321228
12.074872016906738,1.9128456115722656,-0.021670209243893623,5.729731559753418,True,family-00339-sum_mod_10,family-00339,False,0.12819701433181763,0.0,low,1,0.5860347151756287,False,0.009347947565034756,11,0.11605602502822876,sum_mod_10,0.012140989303588867
6.448012828826904,1.2157073020935059,0.5172629356384277,5.9715576171875,True,family-00339-sum_mod_10,family-00339,False,0.12819701433181763,0.0,low,2,0.5320013761520386,False,0.0,11,0.11907431483268738,sum_mod_10,0.009122699499130249
11.613801956176758,1.6958783864974976,0.4317764937877655,8.189921379089355,True,family-00339-sum_mod_10,family-00339,False,0.12819701433181763,0.0,low,3,0.5388611555099487,False,0.0,11,0.12547828257083893,sum_mod_10,0.0027187317609786987
9.302215576171875,1.657101035118103,-0.14692699909210205,5.893954753875732,False,family-00340-maximum,family-00340,False,0.26843181252479553,0.5,medium,0,0.5433201193809509,False,0.0,11,0.3750479817390442,maximum,-0.10661616921424866
2.078442096710205,0.6024541854858398,-0.3620617389678955,5.915830612182617,False,family-00340-maximum,family-00340,False,0.26843181252479553,0.5,medium,1,0.5117566585540771,False,0.0,11,0.16802306473255157,maximum,0.10040874779224396
5.706141948699951,1.6568048000335693,0.2588231861591339,5.368568420410156,False,family-00340-maximum,family-00340,False,0.26843181252479553,0.5,medium,2,0.4919143319129944,False,0.0,11,0.21443749964237213,maximum,0.0539943128824234
8.110671997070312,1.529897928237915,-0.061558470129966736,7.414083480834961,False,family-00340-maximum,family-00340,False,0.26843181252479553,0.5,medium,3,0.5553069114685059,False,0.0,11,0.12955787777900696,maximum,0.13887393474578857
6.655886650085449,1.56105637550354,-0.24628344178199768,7.0113725662231445,False,family-00340-minimum,family-00340,True,0.7714325189590454,0.0,low,0,0.6638340950012207,False,0.0,11,0.9028757810592651,minimum,-0.13144326210021973
7.070716857910156,1.6485412120819092,-0.17478156089782715,5.129795551300049,False,family-00340-minimum,family-00340,True,0.7714325189590454,0.0,low,1,0.460228830575943,False,0.0036826355736138457,11,0.7800306677818298,minimum,-0.008598148822784424
2.3475263118743896,0.5324452519416809,0.01172955334186554,11.578397750854492,False,family-00340-minimum,family-00340,True,0.7714325189590454,0.0,low,2,1.013292908668518,False,0.0,11,0.09716849029064178,minimum,0.6742640137672424
12.4760103225708,2.2801101207733154,0.4324977695941925,5.713815212249756,False,family-00340-minimum,family-00340,True,0.7714325189590454,0.0,low,3,0.34920406341552734,False,0.0,11,0.6235705018043518,minimum,0.1478620171546936
13.995737075805664,2.1777470111846924,-0.24084654450416565,6.307822227478027,True,family-00340-sum_mod_10,family-00340,False,0.08611465245485306,1.0,high,0,0.5882236361503601,False,0.0,11,0.07816135883331299,sum_mod_10,0.00795329362154007
6.798273086547852,1.6220024824142456,0.13756197690963745,4.815939903259277,True,family-00340-sum_mod_10,family-00340,False,0.08611465245485306,1.0,high,1,0.43565842509269714,False,0.0,11,0.0889449417591095,sum_mod_10,-0.002830289304256439
5.539116382598877,1.0804741382598877,0.10814902186393738,10.819283485412598,True,family-00340-sum_mod_10,family-00340,False,0.08611465245485306,1.0,high,2,0.8552332520484924,False,0.0,11,0.07178259640932083,sum_mod_10,0.014332056045532227
10.99268627166748,1.9390254020690918,0.41835421323776245,7.607759475708008,True,family-00340-sum_mod_10,family-00340,False,0.08611465245485306,1.0,high,3,0.43440890312194824,False,0.0,11,0.0450313501060009,sum_mod_10,0.04108330234885216
11.0781888961792,2.185606002807617,-0.3123630881309509,6.057737827301025,False,family-00341-maximum,family-00341,True,0.803886890411377,0.0,low,0,0.5220623016357422,False,0.0,11,0.7033683657646179,maximum,0.10051852464675903
5.205582618713379,1.0623247623443604,-0.194391131401062,9.684916496276855,False,family-00341-maximum,family-00341,True,0.803886890411377,0.0,low,1,0.8579651713371277,False,0.0,11,0.06537722796201706,maximum,0.7385096549987793
8.444026947021484,1.806764006614685,0.30743205547332764,6.1078782081604,False,family-00341-maximum,family-00341,True,0.803886890411377,0.0,low,2,0.4568841755390167,False,0.0,11,0.7767914533615112,maximum,0.027095437049865723
10.049903869628906,1.9050652980804443,0.2392835170030594,7.7630696296691895,False,family-00341-maximum,family-00341,True,0.803886890411377,0.0,low,3,0.4757786691188812,False,0.0,11,0.6974208354949951,maximum,0.10646605491638184
5.056169509887695,1.579148769378662,-0.44497135281562805,4.719671249389648,False,family-00341-minimum,family-00341,False,0.1497664749622345,1.0,high,0,0.43573975563049316,False,0.0,11,0.0944235622882843,minimum,0.055342912673950195
5.689192771911621,1.3674378395080566,-0.17410288751125336,6.645847320556641,False,family-00341-minimum,family-00341,False,0.1497664749622345,1.0,high,1,0.6851023435592651,False,0.0,11,0.2061670571565628,minimum,-0.05640058219432831
2.9128854274749756,0.8326680660247803,-0.3298720717430115,8.259241104125977,False,family-00341-minimum,family-00341,False,0.1497664749622345,1.0,high,2,0.7674497961997986,False,0.0,11,0.03573791682720184,minimum,0.11402855813503265
6.030256271362305,1.4461603164672852,0.048426613211631775,9.281042098999023,False,family-00341-minimum,family-00341,False,0.1497664749622345,1.0,high,3,0.828821063041687,False,0.0,11,0.05525720492005348,minimum,0.09450927376747131
12.135462760925293,2.291135787963867,-0.025600681081414223,4.5359954833984375,True,family-00341-sum_mod_10,family-00341,True,0.1844746321439743,0.5,medium,0,0.4813399910926819,False,0.0,11,0.1640028953552246,sum_mod_10,0.020471736788749695
9.945152282714844,2.1173408031463623,0.1423410177230835,5.554120063781738,True,family-00341-sum_mod_10,family-00341,True,0.1844746321439743,0.5,medium,1,0.5364549160003662,False,0.02318355648310964,11,0.2330208271741867,sum_mod_10,-0.0485461950302124
4.235099792480469,0.7900503277778625,0.38937705755233765,6.207700729370117,True,family-00341-sum_mod_10,family-00341,True,0.1844746321439743,0.5,medium,2,0.49956458806991577,False,0.0,11,0.18519710004329681,sum_mod_10,-0.0007224678993225098
9.092159271240234,1.9412682056427002,0.5572375059127808,7.694673538208008,True,family-00341-sum_mod_10,family-00341,True,0.1844746321439743,0.5,medium,3,0.48374247550964355,False,0.0,11,0.06598754227161407,sum_mod_10,0.11848708987236023
8.645426750183105,2.073359966278076,-0.4317324161529541,5.571021556854248,True,family-00342-maximum,family-00342,True,0.7318148612976074,1.0,high,0,0.5144593119621277,False,0.0,11,0.6230505704879761,maximum,0.10876429080963135
5.288551330566406,1.3871040344238281,-0.31979134678840637,6.39346170425415,True,family-00342-maximum,family-00342,True,0.7318148612976074,1.0,high,1,0.6518174409866333,False,0.0,11,0.3388870358467102,maximum,0.3929278254508972
10.509971618652344,1.8049155473709106,0.03263906016945839,7.944605350494385,True,family-00342-maximum,family-00342,True,0.7318148612976074,1.0,high,2,0.8067470788955688,False,0.0,11,0.5043826103210449,maximum,0.2274322509765625
8.845465660095215,1.6144276857376099,0.42219051718711853,8.391557693481445,True,family-00342-maximum,family-00342,True,0.7318148612976074,1.0,high,3,0.6528841257095337,False,0.0,11,0.512141227722168,maximum,0.21967363357543945
12.222091674804688,2.427327871322632,-0.2609328627586365,5.00893497467041,False,family-00342-minimum,family-00342,True,0.5988540649414062,0.5,medium,0,0.4477115273475647,False,0.0,11,0.5216301679611206,minimum,0.07722389698028564
4.799393653869629,1.3162856101989746,-0.16886518895626068,6.714364528656006,False,family-00342-minimum,family-00342,True,0.5988540649414062,0.5,medium,1,0.6103647351264954,False,0.0,11,0.49339911341667175,minimum,0.1054549515247345
7.381664752960205,1.35468327999115,-0.01734223961830139,6.468924045562744,False,family-00342-minimum,family-00342,True,0.5988540649414062,0.5,medium,2,0.5444921255111694,False,0.0,11,0.38112759590148926,minimum,0.217726469039917
7.577160358428955,1.5953770875930786,0.3487996459007263,8.271519660949707,False,family-00342-minimum,family-00342,True,0.5988540649414062,0.5,medium,3,0.6159560680389404,False,0.0,11,0.5398762226104736,minimum,0.05897784233093262
13.737634658813477,2.436033010482788,-0.2323485016822815,5.94968318939209,True,family-00342-sum_mod_10,family-00342,False,0.00942584965378046,0.0,low,0,0.5525286793708801,False,0.0,11,0.030609531328082085,sum_mod_10,-0.02118368074297905
15.513537406921387,2.2804973125457764,0.10775126516819,4.310251712799072,True,family-00342-sum_mod_10,family-00342,False,0.00942584965378046,0.0,low,1,0.3909068703651428,False,0.0,11,0.017645878717303276,sum_mod_10,-0.008220029063522816
10.274943351745605,2.0153799057006836,0.3809126019477844,5.600196361541748,True,family-00342-sum_mod_10,family-00342,False,0.00942584965378046,0.0,low,2,0.45664674043655396,False,0.0,11,0.009746984578669071,sum_mod_10,-0.00032113492488861084
15.951278686523438,2.03299617767334,0.45201295614242554,9.589004516601562,True,family-00342-sum_mod_10,family-00342,False,0.00942584965378046,0.0,low,3,0.6267414689064026,False,0.0,11,0.015342038124799728,sum_mod_10,-0.005916188471019268
12.645401000976562,2.164341688156128,-0.24655777215957642,5.914381504058838,True,family-00343-maximum,family-00343,True,0.9053083658218384,0.5,medium,0,0.5816822052001953,False,0.0,11,0.9096165299415588,maximum,-0.004308164119720459
2.7835559844970703,0.9309680461883545,-0.40300434827804565,7.512938022613525,True,family-00343-maximum,family-00343,True,0.9053083658218384,0.5,medium,1,0.7205729484558105,False,0.0,11,0.027859732508659363,maximum,0.8774486184120178
21.591407775878906,3.0136520862579346,0.07969437539577484,3.8093483448028564,True,family-00343-maximum,family-00343,True,0.9053083658218384,0.5,medium,2,0.3771517872810364,False,0.0,11,0.8646672368049622,maximum,0.04064112901687622
13.616138458251953,2.027653455734253,0.19580377638339996,9.836515426635742,True,family-00343-maximum,family-00343,True,0.9053083658218384,0.5,medium,3,0.8881575465202332,False,0.0,11,0.5321500301361084,maximum,0.37315833568573
14.302227020263672,2.337097644805908,-0.2210974544286728,5.035482883453369,True,family-00343-minimum,family-00343,True,0.4689890444278717,0.0,low,0,0.50792396068573,False,0.0,11,0.17352475225925446,minimum,0.29546427726745605
6.9446611404418945,1.099581003189087,-0.23975971341133118,5.558237075805664,True,family-00343-minimum,family-00343,True,0.4689890444278717,0.0,low,1,0.5515228509902954,False,0.08023863491399238,11,0.5972548723220825,minimum,-0.12826582789421082
9.7374906539917,1.4420876502990723,-0.05874783173203468,8.589313507080078,True,family-00343-minimum,family-00343,True,0.4689890444278717,0.0,low,2,0.835850179195404,False,0.0,11,0.13686007261276245,minimum,0.33212897181510925
22.55459213256836,2.982964038848877,0.18546095490455627,5.1157636642456055,True,family-00343-minimum,family-00343,True,0.4689890444278717,0.0,low,3,0.3935149013996124,False,0.0,11,0.4231586754322052,minimum,0.045830368995666504
8.06689167022705,1.7427153587341309,-0.3443114757537842,6.756950855255127,False,family-00343-sum_mod_10,family-00343,False,0.0553789958357811,1.0,high,0,0.5823212265968323,False,0.0,11,0.03852596879005432,sum_mod_10,0.016853027045726776
9.753500938415527,1.689348578453064,0.11569969356060028,6.167871952056885,False,family-00343-sum_mod_10,family-00343,False,0.0553789958357811,1.0,high,1,0.5488112568855286,False,0.009498864563602362,11,0.06370028108358383,sum_mod_10,-0.008321285247802734
6.833940029144287,1.6035127639770508,0.47018107771873474,6.06113338470459,False,family-00343-sum_mod_10,family-00343,False,0.0553789958357811,1.0,high,2,0.451282799243927,False,0.0,11,0.1177547350525856,sum_mod_10,-0.062375739216804504
10.909514427185059,2.17551326751709,0.4332144558429718,7.328261852264404,False,family-00343-sum_mod_10,family-00343,False,0.0553789958357811,1.0,high,3,0.42762720584869385,False,0.0,11,0.08405392616987228,sum_mod_10,-0.028674930334091187
15.887462615966797,2.4221041202545166,-0.221065491437912,5.921755313873291,True,family-00344-maximum,family-00344,True,0.7895538210868835,0.0,low,0,0.5621916055679321,False,0.0,11,0.7707244157791138,maximum,0.018829405307769775
8.832362174987793,1.3389971256256104,-0.17962011694908142,6.848206520080566,True,family-00344-maximum,family-00344,True,0.7895538210868835,0.0,low,1,0.6292560696601868,False,0.0,11,0.03680518642067909,maximum,0.7527486085891724
17.771303176879883,2.519733190536499,0.24155783653259277,3.6428844928741455,True,family-00344-maximum,family-00344,True,0.7895538210868835,0.0,low,2,0.3094709515571594,False,0.0,11,0.811741828918457,maximum,-0.022188007831573486
13.370673179626465,1.714603066444397,0.38408657908439636,10.733728408813477,True,family-00344-maximum,family-00344,True,0.7895538210868835,0.0,low,3,0.8171299695968628,False,0.0,11,0.5486552715301514,maximum,0.24089854955673218
8.109585762023926,2.0285139083862305,-0.2865867018699646,5.665858268737793,False,family-00344-minimum,family-00344,True,0.5370899438858032,1.0,high,0,0.6503352522850037,False,0.0,11,0.08330527693033218,minimum,0.45378467440605164
4.994428634643555,1.3590729236602783,-0.20717063546180725,5.662558078765869,False,family-00344-minimum,family-00344,True,0.5370899438858032,1.0,high,1,0.6342379450798035,False,0.0,11,0.5723497867584229,minimum,-0.03525984287261963
5.554516792297363,1.3925522565841675,-0.2151537388563156,6.46438455581665,False,family-00344-minimum,family-00344,True,0.5370899438858032,1.0,high,2,0.6782907247543335,False,0.0,11,0.0794609934091568,minimum,0.4576289653778076
12.517875671386719,2.322171688079834,0.06644999980926514,6.27156925201416,False,family-00344-minimum,family-00344,True,0.5370899438858032,1.0,high,3,0.6088431477546692,False,0.0,11,0.35752978920936584,minimum,0.17956015467643738
12.980228424072266,2.254791021347046,-0.20242255926132202,5.98907470703125,True,family-00344-sum_mod_10,family-00344,False,0.22656914591789246,0.5,medium,0,0.5815619826316833,False,0.0,11,0.37578508257865906,sum_mod_10,-0.1492159366607666
12.72203540802002,2.1914234161376953,-0.2729584276676178,5.237288475036621,True,family-00344-sum_mod_10,family-00344,False,0.22656914591789246,0.5,medium,1,0.48428380489349365,False,0.0,11,0.3052976429462433,sum_mod_10,-0.07872849702835083
4.950586318969727,0.9290371537208557,0.08240029215812683,6.864700794219971,True,family-00344-sum_mod_10,family-00344,False,0.22656914591789246,0.5,medium,2,0.6444587707519531,False,0.0,11,0.32455959916114807,sum_mod_10,-0.09799045324325562
12.03825569152832,2.019550323486328,0.36404716968536377,7.865013122558594,True,family-00344-sum_mod_10,family-00344,False,0.22656914591789246,0.5,medium,3,0.5985936522483826,False,0.0,11,0.05598113313317299,sum_mod_10,0.17058801651000977
8.924570083618164,1.9701135158538818,-0.49024295806884766,4.6158127784729,False,family-00345-maximum,family-00345,True,0.366033673286438,1.0,high,0,0.5298095345497131,False,0.0,11,0.20123283565044403,maximum,0.16480083763599396
6.5753679275512695,1.7280797958374023,-0.44247519969940186,4.2008891105651855,False,family-00345-maximum,family-00345,True,0.366033673286438,1.0,high,1,0.5526569485664368,False,0.0,11,0.41869258880615234,maximum,-0.052658915519714355
6.127169609069824,1.4549015760421753,0.13661718368530273,6.151565074920654,False,family-00345-maximum,family-00345,True,0.366033673286438,1.0,high,2,0.8956953883171082,False,0.0,11,0.40283408761024475,maximum,-0.03680041432380676
5.600836277008057,1.0083703994750977,0.29802656173706055,10.113670349121094,False,family-00345-maximum,family-00345,True,0.366033673286438,1.0,high,3,1.0292575359344482,False,0.0,11,0.0992002785205841,maximum,0.2668333947658539
7.4084086418151855,1.4219244718551636,-0.31176215410232544,5.503575801849365,False,family-00345-minimum,family-00345,True,0.8455396890640259,0.5,medium,0,0.5073339343070984,False,0.0,11,0.571519672870636,minimum,0.2740200161933899
4.734515190124512,1.171044111251831,-0.07934854179620743,7.332790851593018,False,family-00345-minimum,family-00345,True,0.8455396890640259,0.5,medium,1,0.6968051195144653,False,0.0,11,0.6274667382240295,minimum,0.21807295083999634
2.7792510986328125,0.7474109530448914,0.10856112837791443,7.490185737609863,False,family-00345-minimum,family-00345,True,0.8455396890640259,0.5,medium,2,0.6070020198822021,False,0.0,11,0.5893693566322327,minimum,0.2561703324317932
8.476903915405273,1.5485517978668213,0.2601672112941742,7.721414089202881,False,family-00345-minimum,family-00345,True,0.8455396890640259,0.5,medium,3,0.5108733773231506,False,0.0,11,0.8145222067832947,minimum,0.0310174822807312
3.848022937774658,1.3038238286972046,-0.2517809569835663,6.822606086730957,False,family-00345-sum_mod_10,family-00345,False,0.2576635181903839,0.0,low,0,0.6459617018699646,False,0.0,11,0.20888465642929077,sum_mod_10,0.04877886176109314
11.019400596618652,1.9972870349884033,0.13690173625946045,4.966670036315918,False,family-00345-sum_mod_10,family-00345,False,0.2576635181903839,0.0,low,1,0.4500010013580322,False,0.0,11,0.14591844379901886,sum_mod_10,0.11174507439136505
7.7041015625,1.648628830909729,0.2738233506679535,5.362815856933594,False,family-00345-sum_mod_10,family-00345,False,0.2576635181903839,0.0,low,2,0.422003835439682,False,0.0,11,0.25345805287361145,sum_mod_10,0.004205465316772461
11.805328369140625,1.7440414428710938,0.3836507201194763,9.448508262634277,False,family-00345-sum_mod_10,family-00345,False,0.2576635181903839,0.0,low,3,0.6263267993927002,False,0.0,11,0.450027197599411,sum_mod_10,-0.1923636794090271
7.38072395324707,1.3062293529510498,-0.19474460184574127,7.355486869812012,False,family-00346-maximum,family-00346,True,0.8814600110054016,0.5,medium,0,0.6780478954315186,False,0.0,11,0.8949960470199585,maximum,-0.013536036014556885
1.5851562023162842,0.337022602558136,-0.36343973875045776,10.419206619262695,False,family-00346-maximum,family-00346,True,0.8814600110054016,0.5,medium,1,0.8783758282661438,False,0.0,11,0.013874534517526627,maximum,0.8675854802131653
12.005165100097656,2.296489715576172,0.30788370966911316,4.25164794921875,False,family-00346-maximum,family-00346,True,0.8814600110054016,0.5,medium,2,0.33672434091567993,False,0.0,11,0.8790332078933716,maximum,0.0024268031120300293
8.830045700073242,1.8849984407424927,0.1302514374256134,7.651378154754639,False,family-00346-maximum,family-00346,True,0.8814600110054016,0.5,medium,3,0.527290940284729,False,0.0,11,0.8039878010749817,maximum,0.07747220993041992
7.814873695373535,1.9781461954116821,-0.34332412481307983,5.25419282913208,False,family-00346-minimum,family-00346,True,0.9295646548271179,0.0,low,0,0.49746495485305786,False,0.0,11,0.8923041224479675,minimum,0.03726053237915039
2.867440700531006,0.8838338851928711,-0.3492977023124695,8.343364715576172,False,family-00346-minimum,family-00346,True,0.9295646548271179,0.0,low,1,0.8299664258956909,False,0.0,11,0.9529221653938293,minimum,-0.023357510566711426
3.9718902111053467,0.8212196230888367,-0.007565580308437347,10.33407974243164,False,family-00346-minimum,family-00346,True,0.9295646548271179,0.0,low,2,0.9761548042297363,False,0.0,11,0.2688030004501343,minimum,0.6607616543769836
12.658008575439453,2.2166454792022705,0.40640631318092346,6.001277923583984,False,family-00346-minimum,family-00346,True,0.9295646548271179,0.0,low,3,0.40719425678253174,False,0.0,11,0.8380728363990784,minimum,0.09149181842803955
13.9266357421875,2.115171432495117,-0.2374344915151596,6.8290910720825195,True,family-00346-sum_mod_10,family-00346,False,0.22500242292881012,1.0,high,0,0.6483310461044312,False,0.0,11,0.05717897042632103,sum_mod_10,0.1678234487771988
14.081024169921875,2.282963275909424,0.205788254737854,4.593872547149658,True,family-00346-sum_mod_10,family-00346,False,0.22500242292881012,1.0,high,1,0.4134952127933502,False,0.0,11,0.1327928751707077,sum_mod_10,0.09220954775810242
5.400633811950684,1.2732300758361816,0.15086254477500916,8.082533836364746,True,family-00346-sum_mod_10,family-00346,False,0.22500242292881012,1.0,high,2,0.6282004714012146,False,0.0,11,0.019058313220739365,sum_mod_10,0.20594410598278046
13.768375396728516,2.3264918327331543,0.3502679765224457,6.078108310699463,True,family-00346-sum_mod_10,family-00346,False,0.22500242292881012,1.0,high,3,0.37533318996429443,False,0.0,11,0.3419133126735687,sum_mod_10,-0.1169108897447586
10.102668762207031,1.8351414203643799,-0.1068061888217926,6.970607757568359,True,family-00347-maximum,family-00347,True,0.38714292645454407,0.0,low,0,0.6500303745269775,False,0.0,11,0.4722900986671448,maximum,-0.08514717221260071
10.660661697387695,1.8428418636322021,-0.17947351932525635,5.514358043670654,True,family-00347-maximum,family-00347,True,0.38714292645454407,0.0,low,1,0.4538671672344208,False,0.0,11,0.14733321964740753,maximum,0.23980970680713654
20.41720199584961,2.9397945404052734,0.07132592797279358,4.224063396453857,True,family-00347-maximum,family-00347,True,0.38714292645454407,0.0,low,2,0.3404122591018677,False,0.0,11,0.21838761866092682,maximum,0.16875530779361725
14.709951400756836,2.2633609771728516,0.0628441870212555,6.0988922119140625,True,family-00347-maximum,family-00347,True,0.38714292645454407,0.0,low,3,0.4554775357246399,False,0.0,11,0.17634320259094238,maximum,0.21079972386360168
5.84408712387085,1.5701563358306885,-0.3070046603679657,6.727127552032471,True,family-00347-minimum,family-00347,True,0.579322338104248,1.0,high,0,0.6471393704414368,False,0.0,11,0.1679060161113739,minimum,0.41141632199287415
9.247013092041016,1.8846275806427002,-0.25356853008270264,4.167096138000488,True,family-00347-minimum,family-00347,True,0.579322338104248,1.0,high,1,0.3966389000415802,False,0.004800010968515647,11,0.6455135345458984,minimum,-0.06619119644165039
4.458163261413574,1.2286863327026367,0.13884767889976501,7.476682186126709,True,family-00347-minimum,family-00347,True,0.579322338104248,1.0,high,2,0.727784276008606,False,0.0,11,0.40656208992004395,minimum,0.1727602481842041
13.598392486572266,2.117706298828125,0.17713728547096252,8.688092231750488,True,family-00347-minimum,family-00347,True,0.579322338104248,1.0,high,3,0.6426474452018738,False,0.0,11,0.4755481779575348,minimum,0.10377416014671326
11.166952133178711,1.8264081478118896,-0.21872073411941528,5.733218193054199,True,family-00347-sum_mod_10,family-00347,False,0.036024268716573715,0.5,medium,0,0.5567173361778259,False,0.0,11,0.06603946536779404,sum_mod_10,-0.03001519665122032
13.860834121704102,2.453388214111328,-0.12185756862163544,4.328736782073975,True,family-00347-sum_mod_10,family-00347,False,0.036024268716573715,0.5,medium,1,0.40703970193862915,False,0.0,11,0.03408244624733925,sum_mod_10,0.0019418224692344666
5.431185245513916,1.1816431283950806,0.22015467286109924,6.0850830078125,True,family-00347-sum_mod_10,family-00347,False,0.036024268716573715,0.5,medium,2,0.5540714859962463,False,0.0,11,0.024130623787641525,sum_mod_10,0.01189364492893219
8.481613159179688,1.807906150817871,0.5392853021621704,7.600841999053955,True,family-00347-sum_mod_10,family-00347,False,0.036024268716573715,0.5,medium,3,0.5557264089584351,False,0.0,11,0.07612016052007675,sum_mod_10,-0.040095891803503036
13.976394653320312,2.2750535011291504,-0.3809739947319031,6.24761438369751,True,family-00348-maximum,family-00348,True,0.8466734886169434,1.0,high,0,0.5635737180709839,False,0.0,11,0.8248056173324585,maximum,0.021867871284484863
11.805386543273926,2.095277786254883,-0.2531428337097168,7.643337249755859,True,family-00348-maximum,family-00348,True,0.8466734886169434,1.0,high,1,0.731583297252655,False,0.0,11,0.12622712552547455,maximum,0.7204463481903076
7.156290531158447,1.757381796836853,0.13293933868408203,6.818228244781494,True,family-00348-maximum,family-00348,True,0.8466734886169434,1.0,high,2,0.6046752333641052,False,0.01448094362201297,11,0.8374857306480408,maximum,0.009187757968902588
10.309845924377441,1.9054837226867676,0.21485352516174316,7.948441982269287,True,family-00348-maximum,family-00348,True,0.8466734886169434,1.0,high,3,0.5705558061599731,False,0.0,11,0.6997180581092834,maximum,0.1469554305076599
7.22787618637085,1.3417130708694458,-0.08440965414047241,6.426024436950684,False,family-00348-minimum,family-00348,True,0.8630054593086243,0.5,medium,0,0.5923676490783691,False,0.0,11,0.6281136870384216,minimum,0.23489177227020264
4.927267074584961,1.2054518461227417,-0.23085051774978638,8.389381408691406,False,family-00348-minimum,family-00348,True,0.8630054593086243,0.5,medium,1,0.6914618611335754,False,0.03503414383060222,11,0.7665289640426636,minimum,0.0964764952659607
4.726656436920166,1.3041470050811768,-0.02860628068447113,6.639506816864014,False,family-00348-minimum,family-00348,True,0.8630054593086243,0.5,medium,2,0.5083427429199219,False,0.0,11,0.635625958442688,minimum,0.22737950086593628
9.560176849365234,1.6531085968017578,0.17270693182945251,7.9286699295043945,False,family-00348-minimum,family-00348,True,0.8630054593086243,0.5,medium,3,0.5475037693977356,False,0.0,11,0.7484108805656433,minimum,0.11459457874298096
4.81413459777832,1.4298169612884521,-0.25402402877807617,7.803779602050781,False,family-00348-sum_mod_10,family-00348,False,0.030463553965091705,0.0,low,0,0.7388588786125183,False,0.0,11,0.05323784798383713,sum_mod_10,-0.022774294018745422
10.675910949707031,1.9665168523788452,0.17555314302444458,4.9874138832092285,False,family-00348-sum_mod_10,family-00348,False,0.030463553965091705,0.0,low,1,0.4364549517631531,False,0.033364097201700346,11,0.04356632009148598,sum_mod_10,-0.013102766126394272
7.041190147399902,1.7890496253967285,0.07907737046480179,5.6416730880737305,False,family-00348-sum_mod_10,family-00348,False,0.030463553965091705,0.0,low,2,0.42590734362602234,False,0.0,11,0.029094813391566277,sum_mod_10,0.0013687405735254288
11.673343658447266,1.6757066249847412,0.2939479649066925,8.257201194763184,False,family-00348-sum_mod_10,family-00348,False,0.030463553965091705,0.0,low,3,0.5578291416168213,False,0.0,11,0.027723785489797592,sum_mod_10,0.002739768475294113
10.775276184082031,2.2042222023010254,-0.3895171284675598,5.715144157409668,False,family-00349-maximum,family-00349,True,0.9138652086257935,0.5,medium,0,0.6017924547195435,False,0.0,11,0.8762139081954956,maximum,0.03765130043029785
1.7491413354873657,0.47481995820999146,-0.32817569375038147,10.934344291687012,False,family-00349-maximum,family-00349,True,0.9138652086257935,0.5,medium,1,1.218160629272461,False,0.0,11,0.08410092443227768,maximum,0.8297643065452576
17.163280487060547,2.8335745334625244,0.29444044828414917,5.452469825744629,False,family-00349-maximum,family-00349,True,0.9138652086257935,0.5,medium,2,0.46804308891296387,False,0.0,11,0.8637421131134033,maximum,0.05012309551239014
11.01267147064209,2.1637330055236816,0.2490168660879135,7.846312522888184,False,family-00349-maximum,family-00349,True,0.9138652086257935,0.5,medium,3,0.5509132146835327,False,0.0,11,0.7619614601135254,maximum,0.15190374851226807
9.989913940429688,2.2231154441833496,-0.26076433062553406,6.552677154541016,True,family-00349-minimum,family-00349,True,0.3150632977485657,0.0,low,0,0.6444588899612427,False,0.0,11,0.07862728089094162,minimum,0.23643600940704346
5.553842544555664,1.388439655303955,-0.2515411376953125,8.855508804321289,True,family-00349-minimum,family-00349,True,0.3150632977485657,0.0,low,1,0.8383671641349792,False,0.0,11,0.33909863233566284,minimum,-0.024035334587097168
4.0593461990356445,1.0416147708892822,-0.15261289477348328,7.217983722686768,True,family-00349-minimum,family-00349,True,0.3150632977485657,0.0,low,2,0.6037352085113525,False,0.0,11,0.1422952562570572,minimum,0.17276804149150848
19.864686965942383,2.6918814182281494,0.18403470516204834,4.439629077911377,True,family-00349-minimum,family-00349,True,0.3150632977485657,0.0,low,3,0.34181860089302063,False,0.0,11,0.1772262454032898,minimum,0.13783705234527588
9.763864517211914,1.8740324974060059,-0.2559252977371216,6.626311779022217,False,family-00349-sum_mod_10,family-00349,True,0.33879873156547546,1.0,high,0,0.6240573525428772,False,0.0,11,0.13195347785949707,sum_mod_10,0.2068452537059784
8.227807998657227,1.8248661756515503,-0.30769088864326477,4.719299793243408,False,family-00349-sum_mod_10,family-00349,True,0.33879873156547546,1.0,high,1,0.4296685457229614,False,0.0,11,0.20667904615402222,sum_mod_10,0.13211968541145325
8.064858436584473,1.4761590957641602,0.258515328168869,4.777357578277588,False,family-00349-sum_mod_10,family-00349,True,0.33879873156547546,1.0,high,2,0.45342084765434265,False,0.0,11,0.2705126106739044,sum_mod_10,0.06828612089157104
9.139813423156738,1.6728965044021606,0.34703880548477173,8.58425235748291,False,family-00349-sum_mod_10,family-00349,True,0.33879873156547546,1.0,high,3,0.6789401173591614,False,0.0,11,0.06300357729196548,sum_mod_10,0.2757951617240906
21.461515426635742,2.861908435821533,-0.08022706210613251,6.1674885749816895,True,family-00350-maximum,family-00350,True,0.3647938668727875,0.0,low,0,0.5834476351737976,False,0.0,11,0.5628939270973206,maximum,-0.19810006022453308
8.0441312789917,1.5853087902069092,-0.08294763416051865,7.2636613845825195,True,family-00350-maximum,family-00350,True,0.3647938668727875,0.0,low,1,0.615391731262207,False,0.0,11,0.05064297467470169,maximum,0.3141508996486664
11.793022155761719,2.0186715126037598,0.17282184958457947,4.393538475036621,True,family-00350-maximum,family-00350,True,0.3647938668727875,0.0,low,2,0.3294430077075958,False,0.0,11,0.4058140516281128,maximum,-0.04102018475532532
6.630346298217773,1.3798755407333374,0.27543675899505615,7.659263610839844,True,family-00350-maximum,family-00350,True,0.3647938668727875,0.0,low,3,0.5194523930549622,False,0.0,11,0.26834961771965027,maximum,0.09644424915313721
14.619219779968262,2.4540939331054688,-0.25850504636764526,5.26934814453125,True,family-00350-minimum,family-00350,True,0.8848397135734558,1.0,high,0,0.49138274788856506,False,0.08669169520702134,11,0.8173090219497681,minimum,0.06753069162368774
6.589284896850586,1.6739546060562134,-0.30204689502716064,5.622614860534668,True,family-00350-minimum,family-00350,True,0.8848397135734558,1.0,high,1,0.5276588201522827,False,0.0077628249976052,11,0.8988387584686279,minimum,-0.01399904489517212
7.8946428298950195,1.2917670011520386,-0.14174750447273254,10.084020614624023,True,family-00350-minimum,family-00350,True,0.8848397135734558,1.0,high,2,0.9660241603851318,False,0.0,11,0.285700261592865,minimum,0.5991394519805908
5.780738830566406,1.506359577178955,0.2632618546485901,10.374601364135742,True,family-00350-minimum,family-00350,True,0.8848397135734558,1.0,high,3,0.7715392708778381,False,0.0,11,0.693213701248169,minimum,0.19162601232528687
7.337763786315918,1.70131516456604,-0.2046310007572174,6.75437593460083,False,family-00350-sum_mod_10,family-00350,False,0.020515574142336845,0.5,medium,0,0.6395017504692078,False,0.0,11,0.029214277863502502,sum_mod_10,-0.008698703721165657
9.009222030639648,2.1486661434173584,-0.040337421000003815,4.215676784515381,False,family-00350-sum_mod_10,family-00350,False,0.020515574142336845,0.5,medium,1,0.37264636158943176,False,0.0,11,0.02098165638744831,sum_mod_10,-0.00046608224511146545
2.4476773738861084,0.7147354483604431,0.23049968481063843,6.840050220489502,False,family-00350-sum_mod_10,family-00350,False,0.020515574142336845,0.5,medium,2,0.5741982460021973,False,0.0,11,0.02373804710805416,sum_mod_10,-0.0032224729657173157
5.492328643798828,1.207195520401001,0.5288759469985962,9.147929191589355,False,family-00350-sum_mod_10,family-00350,False,0.020515574142336845,0.5,medium,3,0.608170747756958,False,0.0,11,0.023982657119631767,sum_mod_10,-0.003467082977294922
13.400934219360352,2.4996283054351807,-0.12109071016311646,4.94201135635376,True,family-00351-maximum,family-00351,True,0.7200384140014648,1.0,high,0,0.4754139184951782,False,0.0,11,0.7663648128509521,maximum,-0.046326398849487305
6.164740085601807,1.4627127647399902,-0.14429014921188354,9.071503639221191,True,family-00351-maximum,family-00351,True,0.7200384140014648,1.0,high,1,0.8279678821563721,False,0.0,11,0.19899442791938782,maximum,0.5210440158843994
5.136843681335449,1.2349342107772827,0.41019293665885925,8.528812408447266,True,family-00351-maximum,family-00351,True,0.7200384140014648,1.0,high,2,0.6472159028053284,False,0.0159573159577185,11,0.678290605545044,maximum,0.0417478084564209
8.868718147277832,2.0642929077148438,0.46220892667770386,7.803532123565674,True,family-00351-maximum,family-00351,True,0.7200384140014648,1.0,high,3,0.42408281564712524,False,0.0,11,0.5781192183494568,maximum,0.14191919565200806
16.83252716064453,2.711184024810791,-0.3192211985588074,4.390168190002441,True,family-00351-minimum,family-00351,True,0.7967792749404907,0.5,medium,0,0.3960205018520355,False,0.0,11,0.8470645546913147,minimum,-0.050285279750823975
7.5876007080078125,1.388453722000122,-0.23564571142196655,9.383963584899902,True,family-00351-minimum,family-00351,True,0.7967792749404907,0.5,medium,1,0.8903065323829651,False,0.0,11,0.764454185962677,minimum,0.03232508897781372
6.230241775512695,1.1360173225402832,0.1574334353208542,9.555221557617188,True,family-00351-minimum,family-00351,True,0.7967792749404907,0.5,medium,2,0.7736607193946838,False,0.0,11,0.2486010193824768,minimum,0.5481782555580139
17.169063568115234,2.299481153488159,0.32722726464271545,7.201014518737793,True,family-00351-minimum,family-00351,True,0.7967792749404907,0.5,medium,3,0.4295768141746521,False,0.0,11,0.6718470454216003,minimum,0.12493222951889038
18.86623191833496,2.770820379257202,-0.22534194588661194,5.0456318855285645,True,family-00351-sum_mod_10,family-00351,False,0.08051511645317078,0.0,low,0,0.4773193895816803,False,0.0,11,0.01978071592748165,sum_mod_10,0.060734398663043976
9.607281684875488,1.9103069305419922,0.03230639547109604,5.404353141784668,True,family-00351-sum_mod_10,family-00351,False,0.08051511645317078,0.0,low,1,0.5080353021621704,False,0.027839861285087572,11,0.08193815499544144,sum_mod_10,-0.0014230385422706604
7.798686504364014,1.51509428024292,0.2323325276374817,9.346013069152832,True,family-00351-sum_mod_10,family-00351,False,0.08051511645317078,0.0,low,2,0.773260772228241,False,0.0,11,0.05139531195163727,sum_mod_10,0.02911980450153351
15.171727180480957,2.3089680671691895,0.5291747450828552,7.570027828216553,True,family-00351-sum_mod_10,family-00351,False,0.08051511645317078,0.0,low,3,0.44768762588500977,False,0.0,11,0.06335265934467316,sum_mod_10,0.01716245710849762
6.3100433349609375,0.9718261957168579,-0.20226585865020752,8.114235877990723,False,family-00352-maximum,family-00352,True,0.6418179869651794,0.5,medium,0,0.7479913830757141,False,0.0,11,0.6688158512115479,maximum,-0.026997864246368408
3.2085437774658203,0.9220793843269348,-0.41852545738220215,5.238227367401123,False,family-00352-maximum,family-00352,True,0.6418179869651794,0.5,medium,1,0.4307072162628174,False,0.0,11,0.5381900072097778,maximum,0.10362797975540161
10.808066368103027,2.2148258686065674,0.3164968490600586,5.544901371002197,False,family-00352-maximum,family-00352,True,0.6418179869651794,0.5,medium,2,0.5019594430923462,False,0.0,11,0.6251282691955566,maximum,0.016689717769622803
13.008735656738281,2.160088062286377,0.6585630178451538,7.851256847381592,False,family-00352-maximum,family-00352,True,0.6418179869651794,0.5,medium,3,0.5672906041145325,False,0.0,11,0.41196689009666443,maximum,0.22985109686851501
7.291101455688477,1.1884691715240479,-0.3364673852920532,8.957176208496094,False,family-00352-minimum,family-00352,True,0.5541751980781555,0.0,low,0,0.843575119972229,False,0.0,11,0.3344058394432068,minimum,0.21976935863494873
9.654714584350586,1.8839210271835327,-0.0826633870601654,4.813333511352539,False,family-00352-minimum,family-00352,True,0.5541751980781555,0.0,low,1,0.4238336682319641,False,0.0,11,0.461832195520401,minimum,0.09234300255775452
7.204311370849609,1.260050654411316,0.09536471217870712,9.169408798217773,False,family-00352-minimum,family-00352,True,0.5541751980781555,0.0,low,2,0.7665044665336609,False,0.0,11,0.3664783537387848,minimum,0.18769684433937073
16.90439796447754,2.58258318901062,0.5743945837020874,6.021399974822998,False,family-00352-minimum,family-00352,True,0.5541751980781555,0.0,low,3,0.3822793662548065,False,0.0,11,0.6141345500946045,minimum,-0.059959352016448975
7.945629119873047,1.446859359741211,-0.33386629819869995,8.306681632995605,False,family-00352-sum_mod_10,family-00352,False,0.029535293579101562,1.0,high,0,0.7823123931884766,False,0.0,11,0.012254638597369194,sum_mod_10,0.01728065498173237
10.10063362121582,2.0041205883026123,0.016593636944890022,4.513758659362793,False,family-00352-sum_mod_10,family-00352,False,0.029535293579101562,1.0,high,1,0.4072395861148834,False,0.0,11,0.015959106385707855,sum_mod_10,0.013576187193393707
8.953646659851074,1.7037725448608398,0.46508854627609253,5.869530200958252,False,family-00352-sum_mod_10,family-00352,False,0.029535293579101562,1.0,high,2,0.4876317083835602,False,0.0,11,0.03136062249541283,sum_mod_10,-0.001825328916311264
12.203386306762695,2.0708353519439697,0.476475328207016,7.676162242889404,False,family-00352-sum_mod_10,family-00352,False,0.029535293579101562,1.0,high,3,0.4903584122657776,False,0.0,11,0.06156626343727112,sum_mod_10,-0.032030969858169556
15.956316947937012,2.398015260696411,-0.22039026021957397,5.931161403656006,True,family-00353-maximum,family-00353,True,0.879214346408844,0.0,low,0,0.563084602355957,False,0.0,11,0.815608561038971,maximum,0.06360578536987305
6.818447113037109,1.3223479986190796,-0.21823909878730774,6.454171180725098,True,family-00353-maximum,family-00353,True,0.879214346408844,0.0,low,1,0.5926693081855774,False,0.0,11,0.018998363986611366,maximum,0.860215961933136
16.123252868652344,2.2381861209869385,0.18425337970256805,3.849205493927002,True,family-00353-maximum,family-00353,True,0.879214346408844,0.0,low,2,0.338157057762146,False,0.0,11,0.8737565279006958,maximum,0.005457818508148193
13.85122013092041,1.933276891708374,0.26210176944732666,10.561911582946777,True,family-00353-maximum,family-00353,True,0.879214346408844,0.0,low,3,0.8336057066917419,False,0.0,11,0.5897745490074158,maximum,0.2894397974014282
4.176972389221191,1.2695376873016357,-0.24663116037845612,6.5555925369262695,False,family-00353-minimum,family-00353,True,0.8770492076873779,1.0,high,0,0.6052396893501282,False,0.0,11,0.30105510354042053,minimum,0.5759941339492798
7.288880825042725,1.4712038040161133,-0.31281012296676636,5.004662990570068,False,family-00353-minimum,family-00353,True,0.8770492076873779,1.0,high,1,0.4471474885940552,False,0.030381479217027347,11,0.823648989200592,minimum,0.05340021848678589
2.8604142665863037,0.9388550519943237,-0.1396079659461975,7.658082962036133,False,family-00353-minimum,family-00353,True,0.8770492076873779,1.0,high,2,0.7132729887962341,False,0.0,11,0.6302435398101807,minimum,0.24680566787719727
11.198690414428711,2.029176950454712,0.020384307950735092,8.46066951751709,False,family-00353-minimum,family-00353,True,0.8770492076873779,1.0,high,3,0.6886062026023865,False,0.0,11,0.7713563442230225,minimum,0.10569286346435547
7.365200042724609,1.7910008430480957,-0.211720272898674,7.321802139282227,False,family-00353-sum_mod_10,family-00353,False,0.07640492171049118,0.5,medium,0,0.6932254433631897,False,0.0,11,0.13821277022361755,sum_mod_10,-0.06180784851312637
9.571864128112793,1.9268176555633545,0.1357041597366333,5.8398966789245605,False,family-00353-sum_mod_10,family-00353,False,0.07640492171049118,0.5,medium,1,0.507495641708374,False,0.05938127391001189,11,0.05224556103348732,sum_mod_10,0.02415936067700386
2.8307571411132812,0.6816791296005249,0.24023684859275818,6.443323135375977,False,family-00353-sum_mod_10,family-00353,False,0.07640492171049118,0.5,medium,2,0.4740288555622101,False,0.0,11,0.03779973089694977,sum_mod_10,0.03860519081354141
8.300946235656738,1.6982131004333496,0.35353603959083557,8.373763084411621,False,family-00353-sum_mod_10,family-00353,False,0.07640492171049118,0.5,medium,3,0.5111674070358276,False,0.0,11,0.05942545831203461,sum_mod_10,0.016979463398456573
17.216564178466797,2.720534324645996,-0.3449631929397583,4.342381954193115,True,family-00354-maximum,family-00354,True,0.8710936903953552,1.0,high,0,0.3917098641395569,False,0.0,11,0.769804835319519,maximum,0.10128885507583618
6.5425124168396,1.5327131748199463,-0.2938586473464966,7.461826801300049,True,family-00354-maximum,family-00354,True,0.8710936903953552,1.0,high,1,0.7162352204322815,False,0.0,11,0.12380912899971008,maximum,0.7472845315933228
8.296195983886719,1.6702311038970947,0.21248604357242584,8.303268432617188,True,family-00354-maximum,family-00354,True,0.8710936903953552,1.0,high,2,0.7626731991767883,False,0.0,11,0.8066911697387695,maximum,0.0644025206565857
8.198819160461426,1.5005886554718018,0.26907140016555786,8.480690956115723,True,family-00354-maximum,family-00354,True,0.8710936903953552,1.0,high,3,0.564265787601471,False,0.0,11,0.6477936506271362,maximum,0.223300039768219
9.30058479309082,1.9451490640640259,-0.35384416580200195,5.152284622192383,False,family-00354-minimum,family-00354,True,0.9425774812698364,0.5,medium,0,0.4605244994163513,False,0.0,11,0.9227582812309265,minimum,0.019819200038909912
3.9631447792053223,0.991055965423584,-0.35208559036254883,9.223133087158203,False,family-00354-minimum,family-00354,True,0.9425774812698364,0.5,medium,1,0.8757327795028687,False,0.0,11,0.899006187915802,minimum,0.043571293354034424
6.553483963012695,1.2852412462234497,0.07066187262535095,9.323602676391602,False,family-00354-minimum,family-00354,True,0.9425774812698364,0.5,medium,2,0.8254338502883911,False,0.0,11,0.37715309858322144,minimum,0.565424382686615
13.36327075958252,2.1832549571990967,0.37707120180130005,6.509864807128906,False,family-00354-minimum,family-00354,True,0.9425774812698364,0.5,medium,3,0.4298097789287567,False,0.0,11,0.88039630651474,minimum,0.062181174755096436
17.894794464111328,2.8453502655029297,-0.08027561008930206,3.72544527053833,True,family-00354-sum_mod_10,family-00354,False,0.09860110282897949,0.0,low,0,0.39532795548439026,False,0.0,11,0.110887810587883,sum_mod_10,-0.012286707758903503
7.214626789093018,1.6335663795471191,-0.15790006518363953,5.043997287750244,True,family-00354-sum_mod_10,family-00354,False,0.09860110282897949,0.0,low,1,0.5120130777359009,False,0.0,11,0.1389327049255371,sum_mod_10,-0.04033160209655762
6.476284027099609,1.325852632522583,0.11499480158090591,8.092866897583008,True,family-00354-sum_mod_10,family-00354,False,0.09860110282897949,0.0,low,2,0.7831064462661743,False,0.0,11,0.0807868018746376,sum_mod_10,0.01781430095434189
10.367241859436035,1.9179120063781738,0.41528016328811646,7.250946998596191,True,family-00354-sum_mod_10,family-00354,False,0.09860110282897949,0.0,low,3,0.5239371061325073,False,0.0,11,0.027879904955625534,sum_mod_10,0.07072119414806366
9.943187713623047,2.0644078254699707,-0.501314640045166,4.493048191070557,False,family-00355-maximum,family-00355,True,0.8844125866889954,0.5,medium,0,0.47310835123062134,False,0.0,11,0.7388466000556946,maximum,0.14556598663330078
2.2679882049560547,0.6895366907119751,-0.37895357608795166,9.425559997558594,False,family-00355-maximum,family-00355,True,0.8844125866889954,0.5,medium,1,1.1464283466339111,False,0.0,11,0.39930275082588196,maximum,0.4851098358631134
22.09368324279785,3.0948147773742676,-0.03939078003168106,4.030947685241699,False,family-00355-maximum,family-00355,True,0.8844125866889954,0.5,medium,2,0.4078036844730377,False,0.0,11,0.7646476030349731,maximum,0.11976498365402222
13.696188926696777,2.3205976486206055,0.4738711416721344,6.5188069343566895,False,family-00355-maximum,family-00355,True,0.8844125866889954,0.5,medium,3,0.6192582249641418,False,0.0,11,0.7176279425621033,maximum,0.1667846441268921
7.937126636505127,1.6987767219543457,-0.46123841404914856,5.748487949371338,False,family-00355-minimum,family-00355,True,0.3095785677433014,0.0,low,0,0.49541082978248596,False,0.0,11,0.08949651569128036,minimum,0.22008204460144043
7.264164924621582,1.2399797439575195,-0.36414217948913574,6.988263130187988,False,family-00355-minimum,family-00355,True,0.3095785677433014,0.0,low,1,0.6782665252685547,False,0.0,11,0.1624571979045868,minimum,0.1471213698387146
7.290687084197998,1.5271780490875244,-0.2514778673648834,7.971383094787598,False,family-00355-minimum,family-00355,True,0.3095785677433014,0.0,low,2,0.7871536016464233,False,0.0,11,0.06250211596488953,minimum,0.24707645177841187
13.84084701538086,2.2914481163024902,0.30124881863594055,5.515921592712402,False,family-00355-minimum,family-00355,True,0.3095785677433014,0.0,low,3,0.4923853278160095,False,0.0,11,0.16060660779476166,minimum,0.14897195994853973
10.515522003173828,1.824859380722046,-0.22899073362350464,7.1586527824401855,True,family-00355-sum_mod_10,family-00355,True,0.37096288800239563,1.0,high,0,0.7220859527587891,False,0.0,11,0.18284456431865692,sum_mod_10,0.1881183236837387
11.652658462524414,2.1241469383239746,0.3499431610107422,4.981766700744629,True,family-00355-sum_mod_10,family-00355,True,0.37096288800239563,1.0,high,1,0.46050959825515747,False,0.0,11,0.36806437373161316,sum_mod_10,0.0028985142707824707
10.326380729675293,1.6931471824645996,0.4056011140346527,6.951517105102539,True,family-00355-sum_mod_10,family-00355,True,0.37096288800239563,1.0,high,2,0.5187634229660034,False,0.0,11,0.4157295823097229,sum_mod_10,-0.04476669430732727
14.226901054382324,2.184365749359131,0.39384034276008606,7.495356559753418,True,family-00355-sum_mod_10,family-00355,True,0.37096288800239563,1.0,high,3,0.4302755892276764,False,0.0,11,0.28936541080474854,sum_mod_10,0.0815974771976471
13.609994888305664,2.299661874771118,-0.24081361293792725,6.018049240112305,False,family-00356-maximum,family-00356,True,0.9140624403953552,0.0,low,0,0.5667719841003418,False,0.0,11,0.8737567067146301,maximum,0.0403057336807251
4.967571258544922,1.1108736991882324,-0.33131787180900574,8.380414009094238,False,family-00356-maximum,family-00356,True,0.9140624403953552,0.0,low,1,0.7708752155303955,False,0.0,11,0.05670050531625748,maximum,0.857361912727356
7.87094783782959,1.7006585597991943,0.1415073275566101,5.827596664428711,False,family-00356-maximum,family-00356,True,0.9140624403953552,0.0,low,2,0.5149983167648315,False,0.0,11,0.9041956067085266,maximum,0.009866833686828613
8.644372940063477,1.406207799911499,0.3371890187263489,11.906970024108887,False,family-00356-maximum,family-00356,True,0.9140624403953552,0.0,low,3,0.8858453035354614,False,0.0,11,0.6250328421592712,maximum,0.289029598236084
7.2035112380981445,1.8623614311218262,-0.3544142246246338,4.761325836181641,False,family-00356-minimum,family-00356,True,0.9208170175552368,1.0,high,0,0.43958547711372375,False,0.0,11,0.9189106225967407,minimum,0.0019063949584960938
7.199295997619629,1.4836586713790894,-0.2627348005771637,6.051280975341797,False,family-00356-minimum,family-00356,True,0.9208170175552368,1.0,high,1,0.5949986577033997,False,0.0,11,0.9372075200080872,minimum,-0.016390502452850342
3.320505142211914,0.8934910297393799,-0.09301840513944626,8.078487396240234,False,family-00356-minimum,family-00356,True,0.9208170175552368,1.0,high,2,0.7783882021903992,False,0.0,11,0.23743140697479248,minimum,0.6833856105804443
9.190461158752441,1.8855047225952148,0.007476083934307098,8.57772159576416,False,family-00356-minimum,family-00356,True,0.9208170175552368,1.0,high,3,0.6837561726570129,False,0.0,11,0.6390973925590515,minimum,0.2817196249961853
19.073646545410156,2.8784127235412598,-0.2028486579656601,4.384367942810059,True,family-00356-sum_mod_10,family-00356,False,0.06373675912618637,0.5,medium,0,0.4257388412952423,False,0.0,11,0.029040485620498657,sum_mod_10,0.034696273505687714
11.931882858276367,2.052500009536743,-0.3063446581363678,5.968077182769775,True,family-00356-sum_mod_10,family-00356,False,0.06373675912618637,0.5,medium,1,0.5770663619041443,False,0.0,11,0.07684867084026337,sum_mod_10,-0.013111911714076996
3.833469867706299,0.9978165626525879,0.08618155866861343,7.449019908905029,True,family-00356-sum_mod_10,family-00356,False,0.06373675912618637,0.5,medium,2,0.7277812361717224,False,0.0,11,0.08327160775661469,sum_mod_10,-0.019534848630428314
7.690722465515137,1.5645363330841064,0.26067915558815,7.797638893127441,True,family-00356-sum_mod_10,family-00356,False,0.06373675912618637,0.5,medium,3,0.592177152633667,False,0.0,11,0.040537409484386444,sum_mod_10,0.023199349641799927
11.709808349609375,2.1714377403259277,-0.39935094118118286,5.934907913208008,True,family-00357-maximum,family-00357,True,0.9207320213317871,1.0,high,0,0.5480626225471497,False,0.0,11,0.9152512550354004,maximum,0.005480766296386719
4.030553817749023,0.9861804842948914,-0.27814146876335144,6.229852676391602,True,family-00357-maximum,family-00357,True,0.9207320213317871,1.0,high,1,0.6194135546684265,False,0.0,11,0.8025732636451721,maximum,0.11815875768661499
8.759735107421875,1.7594695091247559,0.29907160997390747,9.469054222106934,True,family-00357-maximum,family-00357,True,0.9207320213317871,1.0,high,2,0.9235916137695312,False,0.0,11,0.8569287061691284,maximum,0.06380331516265869
13.419731140136719,1.9692280292510986,0.4312455654144287,11.523225784301758,True,family-00357-maximum,family-00357,True,0.9207320213317871,1.0,high,3,0.7246833443641663,False,0.0,11,0.7456060647964478,maximum,0.17512595653533936
14.97946548461914,2.3594136238098145,-0.20093193650245667,5.279635429382324,True,family-00357-minimum,family-00357,True,0.9400057792663574,0.5,medium,0,0.5192546248435974,False,0.0,11,0.9318269491195679,minimum,0.00817883014678955
8.354467391967773,1.4067463874816895,-0.21028876304626465,7.187143325805664,True,family-00357-minimum,family-00357,True,0.9400057792663574,0.5,medium,1,0.686252772808075,False,0.0,11,0.9118689298629761,minimum,0.028136849403381348
7.408139705657959,1.2888967990875244,0.029902007430791855,8.044766426086426,True,family-00357-minimum,family-00357,True,0.9400057792663574,0.5,medium,2,0.706437349319458,False,0.0,11,0.5460782647132874,minimum,0.39392751455307007
14.827714920043945,2.1941447257995605,0.3785552382469177,6.342004299163818,True,family-00357-minimum,family-00357,True,0.9400057792663574,0.5,medium,3,0.4485831558704376,False,0.0,11,0.897243082523346,minimum,0.042762696743011475
20.591917037963867,3.0111186504364014,-0.18267586827278137,3.812138319015503,False,family-00357-sum_mod_10,family-00357,False,0.09553836286067963,0.0,low,0,0.3688827157020569,False,0.0,11,0.2033211886882782,sum_mod_10,-0.10778282582759857
21.585351943969727,3.064368963241577,0.009734388440847397,2.706345796585083,False,family-00357-sum_mod_10,family-00357,False,0.09553836286067963,0.0,low,1,0.261709988117218,False,0.0,11,0.15416397154331207,sum_mod_10,-0.058625608682632446
12.761646270751953,2.476470470428467,0.07715241611003876,5.1918511390686035,False,family-00357-sum_mod_10,family-00357,False,0.09553836286067963,0.0,low,2,0.48455220460891724,False,0.0,11,0.0955737978219986,sum_mod_10,-3.5434961318969727e-05
14.040283203125,2.36358904838562,0.23738737404346466,6.386117935180664,False,family-00357-sum_mod_10,family-00357,False,0.09553836286067963,0.0,low,3,0.5208259224891663,False,0.0,11,0.09355217963457108,sum_mod_10,0.001986183226108551
17.202455520629883,2.801051139831543,-0.03782884404063225,3.5610709190368652,True,family-00358-maximum,family-00358,True,0.6672361493110657,0.5,medium,0,0.37788525223731995,False,0.0,11,0.5501591563224792,maximum,0.11707699298858643
4.126537322998047,0.9929139614105225,-0.27660858631134033,7.292572021484375,True,family-00358-maximum,family-00358,True,0.6672361493110657,0.5,medium,1,0.7331233024597168,False,0.0,11,0.3148903548717499,maximum,0.3523457944393158
17.55255699157715,2.538723945617676,0.33557063341140747,5.061514854431152,True,family-00358-maximum,family-00358,True,0.6672361493110657,0.5,medium,2,0.4782710075378418,False,0.0,11,0.5955536365509033,maximum,0.07168251276016235
9.438809394836426,1.621277093887329,0.47235140204429626,9.321959495544434,True,family-00358-maximum,family-00358,True,0.6672361493110657,0.5,medium,3,0.707575261592865,False,0.0,11,0.44163209199905396,maximum,0.22560405731201172
12.03394603729248,2.15260910987854,-0.2603362500667572,5.746082305908203,False,family-00358-minimum,family-00358,False,0.027389850467443466,0.0,low,0,0.5411584973335266,False,0.006179952410248902,11,0.03462321311235428,minimum,-0.007233362644910812
5.9987053871154785,1.433454990386963,-0.0219555776566267,6.295536518096924,False,family-00358-minimum,family-00358,False,0.027389850467443466,0.0,low,1,0.5896458625793457,False,0.0,11,0.027353009209036827,minimum,3.68412584066391e-05
7.813716888427734,1.2446759939193726,-0.2763179540634155,8.124274253845215,False,family-00358-minimum,family-00358,False,0.027389850467443466,0.0,low,2,0.6618534326553345,False,0.0,11,0.029284771531820297,minimum,-0.001894921064376831
13.254981994628906,2.3106930255889893,0.3814021348953247,5.368721961975098,False,family-00358-minimum,family-00358,False,0.027389850467443466,0.0,low,3,0.4223698079586029,False,0.0,11,0.03651885315775871,minimum,-0.009129002690315247
13.227499008178711,2.497318983078003,-0.3293401896953583,4.728439807891846,False,family-00358-sum_mod_10,family-00358,False,0.18265752494335175,1.0,high,0,0.4075019955635071,False,0.000457309798551461,11,0.2809674143791199,sum_mod_10,-0.09830988943576813
6.047499179840088,1.300267219543457,0.0819338709115982,5.615586757659912,False,family-00358-sum_mod_10,family-00358,False,0.18265752494335175,1.0,high,1,0.5108046531677246,False,0.023743739737289767,11,0.28372395038604736,sum_mod_10,-0.10106642544269562
4.586258888244629,1.072526216506958,0.37321680784225464,8.853055953979492,False,family-00358-sum_mod_10,family-00358,False,0.18265752494335175,1.0,high,2,0.6944679617881775,False,0.0,11,0.09799390286207199,sum_mod_10,0.08466362208127975
4.0484185218811035,0.8250514268875122,0.4323216378688812,9.601431846618652,False,family-00358-sum_mod_10,family-00358,False,0.18265752494335175,1.0,high,3,0.5324862003326416,False,0.0,11,0.06644336134195328,sum_mod_10,0.11621416360139847
10.670266151428223,1.7122802734375,-0.2584121823310852,7.996388912200928,True,family-00359-maximum,family-00359,False,0.055900052189826965,0.0,low,0,0.7591503858566284,False,0.0,11,0.25073379278182983,maximum,-0.19483374059200287
13.876824378967285,2.430637836456299,0.08525168150663376,3.901705503463745,True,family-00359-maximum,family-00359,False,0.055900052189826965,0.0,low,1,0.34042349457740784,False,0.0,11,0.05521003156900406,maximum,0.0006900206208229065
15.312231063842773,2.0121850967407227,0.09163083136081696,4.587071418762207,True,family-00359-maximum,family-00359,False,0.055900052189826965,0.0,low,2,0.36938491463661194,False,0.0,11,0.0924895629286766,maximum,-0.03658951073884964
17.06475257873535,2.4584803581237793,0.19013674557209015,7.31622314453125,True,family-00359-maximum,family-00359,False,0.055900052189826965,0.0,low,3,0.5368985533714294,False,0.0,11,0.02169439196586609,maximum,0.034205660223960876
5.854440689086914,1.642982840538025,-0.42472609877586365,7.152702808380127,False,family-00359-minimum,family-00359,True,0.6378475427627563,1.0,high,0,0.7531642913818359,False,0.0,11,0.4283178150653839,minimum,0.20952972769737244
9.33767318725586,2.0666322708129883,0.03794604539871216,4.92092752456665,False,family-00359-minimum,family-00359,True,0.6378475427627563,1.0,high,1,0.5380398035049438,False,0.0,11,0.4607618451118469,minimum,0.17708569765090942
2.0409483909606934,0.5675457119941711,0.058524101972579956,9.572410583496094,False,family-00359-minimum,family-00359,True,0.6378475427627563,1.0,high,2,0.9074249267578125,False,0.0,11,0.31238850951194763,minimum,0.3254590332508087
9.781587600708008,1.8280982971191406,0.42595309019088745,9.231563568115234,False,family-00359-minimum,family-00359,True,0.6378475427627563,1.0,high,3,0.6299808621406555,False,0.0,11,0.7706447243690491,minimum,-0.13279718160629272
9.54817008972168,1.9355899095535278,-0.389379620552063,6.742471694946289,False,family-00359-sum_mod_10,family-00359,False,0.009060370735824108,0.5,medium,0,0.7739104628562927,False,0.0,11,0.022140003740787506,sum_mod_10,-0.013079633004963398
11.0906343460083,2.365711212158203,0.26896607875823975,4.771259784698486,False,family-00359-sum_mod_10,family-00359,False,0.009060370735824108,0.5,medium,1,0.548682451248169,False,0.0,11,0.015092533081769943,sum_mod_10,-0.006032162345945835
4.323823928833008,0.8700918555259705,0.4013732671737671,7.109357833862305,False,family-00359-sum_mod_10,family-00359,False,0.009060370735824108,0.5,medium,2,0.6471036672592163,False,0.0,11,0.03582630306482315,sum_mod_10,-0.026765931397676468
7.011390209197998,1.7055362462997437,0.3187794089317322,6.510154724121094,False,family-00359-sum_mod_10,family-00359,False,0.009060370735824108,0.5,medium,3,0.42563286423683167,False,0.0,11,0.009274021722376347,sum_mod_10,-0.00021365098655223846
8.666250228881836,2.0532007217407227,-0.39181041717529297,4.145392894744873,False,family-00360-maximum,family-00360,True,0.9303110241889954,1.0,high,0,0.4758140742778778,False,0.0,11,0.8267472982406616,maximum,0.10356372594833374
5.568346977233887,1.4321726560592651,-0.10056331753730774,5.865743160247803,False,family-00360-maximum,family-00360,True,0.9303110241889954,1.0,high,1,0.7287563681602478,False,0.0,11,0.18943750858306885,maximum,0.7408735156059265
7.517820835113525,1.7527283430099487,0.18647825717926025,7.64354944229126,False,family-00360-maximum,family-00360,True,0.9303110241889954,1.0,high,2,0.8070600032806396,False,0.0,11,0.643522322177887,maximum,0.2867887020111084
9.204975128173828,1.829011082649231,0.5614587068557739,10.575559616088867,False,family-00360-maximum,family-00360,True,0.9303110241889954,1.0,high,3,0.7991639971733093,False,0.0,11,0.8704123497009277,maximum,0.05989867448806763
7.964308738708496,1.5284168720245361,-0.2636747360229492,6.4576497077941895,False,family-00360-minimum,family-00360,True,0.7715067267417908,0.5,medium,0,0.5952829718589783,False,0.0,11,0.3439054787158966,minimum,0.42760124802589417
3.478113889694214,0.8367146253585815,-0.2621755599975586,6.803659439086914,False,family-00360-minimum,family-00360,True,0.7715067267417908,0.5,medium,1,0.6148697137832642,False,0.023412867173879342,11,0.5972606539726257,minimum,0.17424607276916504
4.903571605682373,0.9119601845741272,-0.21518754959106445,6.372003555297852,False,family-00360-minimum,family-00360,True,0.7715067267417908,0.5,medium,2,0.5604735612869263,False,0.0,11,0.35896846652030945,minimum,0.4125382602214813
6.986894607543945,1.6301214694976807,0.22110971808433533,8.372847557067871,False,family-00360-minimum,family-00360,True,0.7715067267417908,0.5,medium,3,0.7109994292259216,False,0.0,11,0.5768563151359558,minimum,0.19465041160583496
18.639877319335938,2.886086940765381,-0.24297109246253967,4.28789758682251,False,family-00360-sum_mod_10,family-00360,False,0.17766936123371124,0.0,low,0,0.4149197041988373,False,0.0,11,0.21566803753376007,sum_mod_10,-0.03799867630004883
22.548954010009766,3.1060023307800293,0.10528265684843063,2.9525513648986816,False,family-00360-sum_mod_10,family-00360,False,0.17766936123371124,0.0,low,1,0.2900095582008362,False,0.0,11,0.1752709448337555,sum_mod_10,0.0023984163999557495
14.925143241882324,2.254038095474243,0.1825866401195526,5.124115943908691,False,family-00360-sum_mod_10,family-00360,False,0.17766936123371124,0.0,low,2,0.4703255593776703,False,0.0,11,0.14794357120990753,sum_mod_10,0.02972579002380371
15.172538757324219,2.6538476943969727,0.2756780683994293,5.902064323425293,False,family-00360-sum_mod_10,family-00360,False,0.17766936123371124,0.0,low,3,0.45900219678878784,False,0.0,11,0.19178709387779236,sum_mod_10,-0.014117732644081116
10.503582000732422,2.0923101902008057,-0.4785556495189667,4.638279438018799,True,family-00361-maximum,family-00361,True,0.8973342180252075,0.5,medium,0,0.4283246695995331,False,0.0,11,0.8902108073234558,maximum,0.007123410701751709
1.5086019039154053,0.30664920806884766,-0.1511702984571457,10.707927703857422,True,family-00361-maximum,family-00361,True,0.8973342180252075,0.5,medium,1,1.1243183612823486,False,0.0,11,0.13575707376003265,maximum,0.7615771293640137
24.55984115600586,3.1709232330322266,0.15278029441833496,5.427885055541992,True,family-00361-maximum,family-00361,True,0.8973342180252075,0.5,medium,2,0.4108595550060272,False,0.0,11,0.8319342732429504,maximum,0.06539994478225708
12.322538375854492,2.1630260944366455,0.33347535133361816,9.108768463134766,True,family-00361-maximum,family-00361,True,0.8973342180252075,0.5,medium,3,0.6060338616371155,False,0.0,11,0.8267248272895813,maximum,0.07060939073562622
12.682391166687012,2.3254685401916504,-0.34630054235458374,5.231504917144775,True,family-00361-minimum,family-00361,False,0.16033701598644257,0.0,low,0,0.4949030876159668,False,0.0,11,0.11502246558666229,minimum,0.04531455039978027
8.439014434814453,1.4814292192459106,-0.14145687222480774,8.222413063049316,True,family-00361-minimum,family-00361,False,0.16033701598644257,0.0,low,1,0.8189386129379272,False,0.0,11,0.2427976280450821,minimum,-0.08246061205863953
7.998539924621582,1.4653260707855225,-0.10697107762098312,7.76485013961792,True,family-00361-minimum,family-00361,False,0.16033701598644257,0.0,low,2,0.6447020173072815,False,0.0,11,0.039996106177568436,minimum,0.12034091353416443
22.127361297607422,3.0136218070983887,0.0965123400092125,4.8005266189575195,True,family-00361-minimum,family-00361,False,0.16033701598644257,0.0,low,3,0.35261306166648865,False,0.0,11,0.09510117024183273,minimum,0.06523584574460983
12.45078182220459,2.0890798568725586,-0.21096256375312805,5.803496360778809,True,family-00361-sum_mod_10,family-00361,False,0.1526440978050232,1.0,high,0,0.5853927135467529,False,0.0,11,0.06597128510475159,sum_mod_10,0.0866728127002716
10.345209121704102,2.032285690307617,0.2212672084569931,5.278200626373291,True,family-00361-sum_mod_10,family-00361,False,0.1526440978050232,1.0,high,1,0.5086265802383423,False,0.0,11,0.17544852197170258,sum_mod_10,-0.022804424166679382
10.29277229309082,1.7203699350357056,0.3373238146305084,6.275739669799805,True,family-00361-sum_mod_10,family-00361,False,0.1526440978050232,1.0,high,2,0.4964694082736969,False,0.0,11,0.2033277451992035,sum_mod_10,-0.0506836473941803
9.48369026184082,1.9618968963623047,0.45804286003112793,8.620058059692383,True,family-00361-sum_mod_10,family-00361,False,0.1526440978050232,1.0,high,3,0.5422675609588623,False,0.0,11,0.35613229870796204,sum_mod_10,-0.20348820090293884
12.660299301147461,2.3593811988830566,-0.30705440044403076,5.680819988250732,True,family-00362-maximum,family-00362,True,0.9248092174530029,0.0,low,0,0.5297537446022034,False,0.0,11,0.7707001566886902,maximum,0.15410906076431274
4.978278160095215,1.0429776906967163,-0.23425373435020447,7.736248970031738,True,family-00362-maximum,family-00362,True,0.9248092174530029,0.0,low,1,0.7381094098091125,False,0.0,11,0.10312288254499435,maximum,0.821686327457428
10.958207130432129,1.8881890773773193,0.1765163540840149,5.73374080657959,True,family-00362-maximum,family-00362,True,0.9248092174530029,0.0,low,2,0.4995966851711273,False,0.0,11,0.9057224988937378,maximum,0.019086718559265137
11.064345359802246,1.5017337799072266,0.40083011984825134,11.200384140014648,True,family-00362-maximum,family-00362,True,0.9248092174530029,0.0,low,3,0.8172577619552612,False,0.0,11,0.7300593852996826,maximum,0.1947498321533203
16.232547760009766,2.6298935413360596,-0.3600417375564575,4.459952354431152,True,family-00362-minimum,family-00362,False,0.12064028531312943,1.0,high,0,0.4023154675960541,False,0.0,11,0.102504201233387,minimum,0.01813608407974243
10.01643180847168,1.9442138671875,-0.08091861009597778,5.546243667602539,True,family-00362-minimum,family-00362,False,0.12064028531312943,1.0,high,1,0.5357202887535095,False,0.0,11,0.14091037213802338,minimum,-0.02027008682489395
5.519122123718262,0.9861401319503784,-0.30082255601882935,6.848161697387695,True,family-00362-minimum,family-00362,False,0.12064028531312943,1.0,high,2,0.6037663221359253,False,0.0,11,0.09382770955562592,minimum,0.02681257575750351
11.964275360107422,2.051677942276001,-0.01979409158229828,8.205902099609375,True,family-00362-minimum,family-00362,False,0.12064028531312943,1.0,high,3,0.7230082750320435,False,0.0,11,0.03902556002140045,minimum,0.08161472529172897
17.0362606048584,2.3852105140686035,-0.1794629842042923,4.489139080047607,True,family-00362-sum_mod_10,family-00362,False,0.20642711222171783,0.5,medium,0,0.43591251969337463,False,0.0,11,0.08226838707923889,sum_mod_10,0.12415872514247894
11.141407012939453,2.0139989852905273,-0.25042015314102173,5.547694683074951,True,family-00362-sum_mod_10,family-00362,False,0.20642711222171783,0.5,medium,1,0.529884397983551,False,0.0,11,0.04722670093178749,sum_mod_10,0.15920041501522064
7.079745769500732,1.1079912185668945,0.2254718393087387,5.7729172706604,True,family-00362-sum_mod_10,family-00362,False,0.20642711222171783,0.5,medium,2,0.5472017526626587,False,0.0,11,0.08624947816133499,sum_mod_10,0.12017763406038284
8.335175514221191,1.6884920597076416,0.3323591947555542,8.00713062286377,True,family-00362-sum_mod_10,family-00362,False,0.20642711222171783,0.5,medium,3,0.6103768348693848,False,0.0,11,0.5125707983970642,sum_mod_10,-0.30614370107650757
7.146530628204346,1.906593680381775,-0.4842987358570099,3.5924441814422607,False,family-00363-maximum,family-00363,True,0.8382865190505981,1.0,high,0,0.412345826625824,False,0.0,11,0.4290926158428192,maximum,0.40919390320777893
6.053359508514404,1.6445720195770264,-0.41868311166763306,6.67393684387207,False,family-00363-maximum,family-00363,True,0.8382865190505981,1.0,high,1,0.8726301193237305,False,0.0,11,0.049689680337905884,maximum,0.7885968685150146
16.451560974121094,2.7033209800720215,0.1345662921667099,4.144937992095947,False,family-00363-maximum,family-00363,True,0.8382865190505981,1.0,high,2,0.5338075757026672,False,0.0,11,0.46201518177986145,maximum,0.3762713372707367
6.8170366287231445,1.7030171155929565,0.36306869983673096,8.140294075012207,False,family-00363-maximum,family-00363,True,0.8382865190505981,1.0,high,3,0.8770999908447266,False,0.0,11,0.5721205472946167,maximum,0.26616597175598145
11.135017395019531,2.1262691020965576,-0.24901527166366577,4.030134201049805,False,family-00363-minimum,family-00363,True,0.936414897441864,0.5,medium,0,0.37150827050209045,False,0.0,11,0.9157688021659851,minimum,0.020646095275878906
3.4865689277648926,1.0371533632278442,-0.19177597761154175,6.737460136413574,False,family-00363-minimum,family-00363,True,0.936414897441864,0.5,medium,1,0.6362088322639465,False,0.0,11,0.9027083516120911,minimum,0.03370654582977295
4.695791721343994,1.1539535522460938,0.12319022417068481,9.720515251159668,False,family-00363-minimum,family-00363,True,0.936414897441864,0.5,medium,2,0.8519709706306458,False,0.0,11,0.5297003388404846,minimum,0.4067145586013794
8.795763969421387,1.7635639905929565,0.42639482021331787,7.343361854553223,False,family-00363-minimum,family-00363,True,0.936414897441864,0.5,medium,3,0.4625985622406006,False,0.0,11,0.8806539177894592,minimum,0.055760979652404785
16.42038917541504,2.5300240516662598,-0.3079040050506592,5.146475315093994,True,family-00363-sum_mod_10,family-00363,True,0.24370010197162628,0.0,low,0,0.4868592321872711,False,0.0,11,0.06804709881544113,sum_mod_10,0.17565301060676575
9.45637321472168,1.8908922672271729,0.038166724145412445,5.464778423309326,True,family-00363-sum_mod_10,family-00363,True,0.24370010197162628,0.0,low,1,0.5340049266815186,False,0.14712483046073496,11,0.3374769389629364,sum_mod_10,-0.09377683699131012
6.988735675811768,1.4213263988494873,0.034296125173568726,8.610616683959961,True,family-00363-sum_mod_10,family-00363,True,0.24370010197162628,0.0,low,2,0.7307144403457642,False,0.0,11,0.009739791974425316,sum_mod_10,0.2339603155851364
17.784460067749023,2.3589134216308594,0.3423416018486023,6.535796642303467,True,family-00363-sum_mod_10,family-00363,True,0.24370010197162628,0.0,low,3,0.44068217277526855,False,0.0,11,0.35701364278793335,sum_mod_10,-0.11331354081630707
14.752540588378906,2.3159916400909424,-0.37085428833961487,5.391512393951416,True,family-00364-maximum,family-00364,True,0.6778144836425781,0.5,medium,0,0.4863479733467102,False,0.0,11,0.2141960859298706,maximum,0.4636183977127075
3.3910653591156006,1.0954618453979492,-0.220734640955925,6.195157051086426,True,family-00364-maximum,family-00364,True,0.6778144836425781,0.5,medium,1,0.5971519947052002,False,0.0,11,0.2139296531677246,maximum,0.4638848304748535
18.15732192993164,2.771252155303955,-0.11029931157827377,3.4315733909606934,True,family-00364-maximum,family-00364,True,0.6778144836425781,0.5,medium,2,0.3163897693157196,False,0.0,11,0.5669791102409363,maximum,0.11083537340164185
9.290369033813477,1.359260082244873,0.04588368162512779,9.922859191894531,True,family-00364-maximum,family-00364,True,0.6778144836425781,0.5,medium,3,0.9013274908065796,False,0.0,11,0.2818344235420227,maximum,0.3959800601005554
9.913229942321777,1.811633586883545,-0.37360134720802307,6.337181568145752,False,family-00364-minimum,family-00364,True,0.9355758428573608,0.0,low,0,0.5968274474143982,False,0.0,11,0.9270479083061218,minimum,0.008527934551239014
5.238202095031738,1.2540148496627808,-0.2515987455844879,4.974981307983398,False,family-00364-minimum,family-00364,True,0.9355758428573608,0.0,low,1,0.49109241366386414,False,0.0,11,0.944871723651886,minimum,-0.009295880794525146
4.149871826171875,0.7497117519378662,0.10249301791191101,12.938515663146973,False,family-00364-minimum,family-00364,True,0.9355758428573608,0.0,low,2,1.2810055017471313,False,0.0,11,0.4643628001213074,minimum,0.47121304273605347
10.184502601623535,1.8988513946533203,0.5464434623718262,7.384087085723877,False,family-00364-minimum,family-00364,True,0.9355758428573608,0.0,low,3,0.4290398955345154,False,0.0,11,0.9006546139717102,minimum,0.034921228885650635
12.706070899963379,2.299753189086914,-0.36156970262527466,5.272033214569092,False,family-00364-sum_mod_10,family-00364,False,0.06173713877797127,1.0,high,0,0.45434945821762085,False,0.0,11,0.08628827333450317,sum_mod_10,-0.024551134556531906
5.281440734863281,1.1694810390472412,0.05005738139152527,5.758986949920654,False,family-00364-sum_mod_10,family-00364,False,0.06173713877797127,1.0,high,1,0.529714047908783,False,0.0,11,0.0623912438750267,sum_mod_10,-0.0006541050970554352
4.907674312591553,0.8424329161643982,0.3941764831542969,9.707712173461914,False,family-00364-sum_mod_10,family-00364,False,0.06173713877797127,1.0,high,2,0.7732051610946655,False,0.0,11,0.08042509108781815,sum_mod_10,-0.018687952309846878
8.668825149536133,2.057521343231201,0.5218807458877563,8.503701210021973,False,family-00364-sum_mod_10,family-00364,False,0.06173713877797127,1.0,high,3,0.4558740556240082,False,0.0,11,0.06193019077181816,sum_mod_10,-0.0001930519938468933
9.3590726852417,1.9363845586776733,-0.3556806445121765,6.839771747589111,False,family-00365-maximum,family-00365,True,0.7923701405525208,0.0,low,0,0.5894588232040405,False,0.0,11,0.6297730803489685,maximum,0.16259706020355225
5.6114983558654785,1.1575216054916382,-0.27531754970550537,9.49258804321289,False,family-00365-maximum,family-00365,True,0.7923701405525208,0.0,low,1,0.849158763885498,False,0.0,11,0.3445751368999481,maximum,0.44779500365257263
14.642635345458984,2.476158857345581,0.4799425005912781,4.080978870391846,False,family-00365-maximum,family-00365,True,0.7923701405525208,0.0,low,2,0.3260674774646759,False,0.0,11,0.8137751817703247,maximum,-0.021405041217803955
9.565953254699707,1.6446919441223145,0.41462960839271545,8.346975326538086,False,family-00365-maximum,family-00365,True,0.7923701405525208,0.0,low,3,0.559801459312439,False,0.0,11,0.5454970598220825,maximum,0.24687308073043823
5.312236309051514,1.558549404144287,-0.41098159551620483,7.134388446807861,False,family-00365-minimum,family-00365,True,0.5711331367492676,1.0,high,0,0.751235842704773,False,0.0,11,0.24771271646022797,minimum,0.3234204053878784
9.059030532836914,1.7457433938980103,-0.10667342692613602,6.210461139678955,False,family-00365-minimum,family-00365,True,0.5711331367492676,1.0,high,1,0.6720457673072815,False,0.0,11,0.6839955449104309,minimum,-0.11286240816116333
3.0854530334472656,0.823623538017273,0.020637929439544678,8.951473236083984,False,family-00365-minimum,family-00365,True,0.5711331367492676,1.0,high,2,0.8468791246414185,False,0.0,11,0.3530593514442444,minimum,0.2180737853050232
12.118910789489746,2.091512680053711,0.4207351803779602,9.611235618591309,False,family-00365-minimum,family-00365,True,0.5711331367492676,1.0,high,3,0.6869406700134277,False,0.0,11,0.6454338431358337,minimum,-0.07430070638656616
13.05270004272461,2.4822733402252197,-0.177370086312294,4.665886402130127,True,family-00365-sum_mod_10,family-00365,False,0.029499363154172897,0.5,medium,0,0.4951234459877014,False,0.0,11,0.03731759265065193,sum_mod_10,-0.007818229496479034
12.400047302246094,2.2122550010681152,0.2042868584394455,5.446591377258301,True,family-00365-sum_mod_10,family-00365,False,0.029499363154172897,0.5,medium,1,0.5588719248771667,False,0.0,11,0.019504470750689507,sum_mod_10,0.00999489240348339
6.212982654571533,1.3325526714324951,0.35858669877052307,6.532125473022461,True,family-00365-sum_mod_10,family-00365,False,0.029499363154172897,0.5,medium,2,0.5399904251098633,False,0.0,11,0.013772602193057537,sum_mod_10,0.015726760029792786
9.637239456176758,1.7606772184371948,0.4672127962112427,8.113835334777832,True,family-00365-sum_mod_10,family-00365,False,0.029499363154172897,0.5,medium,3,0.5176675319671631,False,0.0,11,0.05318647250533104,sum_mod_10,-0.023687109351158142
12.115947723388672,1.9658277034759521,-0.340578556060791,7.583980083465576,True,family-00366-maximum,family-00366,False,0.0456683449447155,1.0,high,0,0.7072291970252991,False,0.0,11,0.05204784870147705,maximum,-0.006379503756761551
6.788413047790527,1.9048211574554443,-0.06424812972545624,4.528862476348877,True,family-00366-maximum,family-00366,False,0.0456683449447155,1.0,high,1,0.41848957538604736,False,0.0,11,0.03631170839071274,maximum,0.009356636554002762
10.503195762634277,1.7457389831542969,-0.001919671893119812,8.590804100036621,True,family-00366-maximum,family-00366,False,0.0456683449447155,1.0,high,2,0.7496472597122192,False,0.0,11,0.17704182863235474,maximum,-0.13137347996234894
8.643705368041992,1.8551913499832153,0.23815448582172394,6.129531383514404,True,family-00366-maximum,family-00366,False,0.0456683449447155,1.0,high,3,0.42836540937423706,False,0.0,11,0.014634517021477222,maximum,0.031033828854560852
14.671541213989258,2.5325512886047363,-0.2007964551448822,5.376227855682373,True,family-00366-minimum,family-00366,True,0.9110077619552612,0.5,medium,0,0.5220522284507751,False,0.0,11,0.9096596837043762,minimum,0.0013480782508850098
13.312314987182617,2.270233392715454,-0.15113256871700287,6.153254985809326,True,family-00366-minimum,family-00366,True,0.9110077619552612,0.5,medium,1,0.5795592665672302,False,0.0,11,0.8587668538093567,minimum,0.05224090814590454
9.78796100616455,1.421684980392456,0.005043111741542816,8.024503707885742,True,family-00366-minimum,family-00366,True,0.9110077619552612,0.5,medium,2,0.7015352845191956,False,0.0,11,0.42762288451194763,minimum,0.4833848774433136
9.881651878356934,1.8970032930374146,0.4578598737716675,7.523432731628418,True,family-00366-minimum,family-00366,True,0.9110077619552612,0.5,medium,3,0.5371723175048828,False,0.0,11,0.8626668453216553,minimum,0.04834091663360596
10.089214324951172,2.0395960807800293,-0.3059050142765045,6.730922222137451,False,family-00366-sum_mod_10,family-00366,False,0.013779280707240105,0.0,low,0,0.6026914715766907,False,0.0,11,0.03952649235725403,sum_mod_10,-0.025747211650013924
9.2991304397583,1.9036035537719727,-0.008021369576454163,4.47391939163208,False,family-00366-sum_mod_10,family-00366,False,0.013779280707240105,0.0,low,1,0.4017031788825989,False,0.0,11,0.019911156967282295,sum_mod_10,-0.0061318762600421906
7.614640712738037,1.2689297199249268,0.1213943138718605,11.258336067199707,False,family-00366-sum_mod_10,family-00366,False,0.013779280707240105,0.0,low,2,0.9406221508979797,False,0.0,11,0.09835498780012131,sum_mod_10,-0.08457570523023605
12.816370010375977,2.1670775413513184,0.5422643423080444,5.256945610046387,False,family-00366-sum_mod_10,family-00366,False,0.013779280707240105,0.0,low,3,0.30214130878448486,False,0.0,11,0.014848295599222183,sum_mod_10,-0.0010690148919820786
13.24732780456543,2.528585195541382,-0.29898345470428467,4.374238967895508,False,family-00367-maximum,family-00367,True,0.6080900430679321,0.5,medium,0,0.3909807503223419,False,0.00742610953966689,11,0.5055438280105591,maximum,0.10254621505737305
3.2540154457092285,0.7900557518005371,-0.4453426003456116,8.144293785095215,False,family-00367-maximum,family-00367,True,0.6080900430679321,0.5,medium,1,0.7593315243721008,False,0.0,11,0.24838729202747345,maximum,0.3597027659416199
14.895194053649902,2.59462833404541,0.18608681857585907,4.259326934814453,False,family-00367-maximum,family-00367,True,0.6080900430679321,0.5,medium,2,0.418538361787796,False,0.0,11,0.5239589810371399,maximum,0.08413106203079224
6.185610294342041,1.3286495208740234,0.15768729150295258,8.457117080688477,False,family-00367-maximum,family-00367,True,0.6080900430679321,0.5,medium,3,0.7203388810157776,False,0.0,11,0.2596883773803711,maximum,0.34840166568756104
11.752246856689453,2.331328868865967,-0.25673192739486694,4.437643527984619,False,family-00367-minimum,family-00367,True,0.9365848898887634,0.0,low,0,0.4201543927192688,False,0.0,11,0.9144131541252136,minimum,0.022171735763549805
6.7839765548706055,1.5306099653244019,-0.2056308090686798,4.48178768157959,False,family-00367-minimum,family-00367,True,0.9365848898887634,0.0,low,1,0.4329046905040741,False,0.0,11,0.9369041919708252,minimum,-0.0003193020820617676
5.476067543029785,0.7787988781929016,-0.0690753385424614,10.676816940307617,False,family-00367-minimum,family-00367,True,0.9365848898887634,0.0,low,2,1.0264971256256104,False,0.0,11,0.14310705661773682,minimum,0.7934778332710266
12.008142471313477,2.169795036315918,0.5042397379875183,6.802308082580566,False,family-00367-minimum,family-00367,True,0.9365848898887634,0.0,low,3,0.47297847270965576,False,0.0,11,0.9018101096153259,minimum,0.0347747802734375
13.351805686950684,2.4930076599121094,-0.358645498752594,4.728617191314697,False,family-00367-sum_mod_10,family-00367,False,0.11785881966352463,1.0,high,0,0.40751728415489197,False,0.0,11,0.2688545882701874,sum_mod_10,-0.15099576115608215
6.176416397094727,1.2963778972625732,0.0845416709780693,5.695029258728027,False,family-00367-sum_mod_10,family-00367,False,0.11785881966352463,1.0,high,1,0.5250628590583801,False,0.0,11,0.20251788198947906,sum_mod_10,-0.08465906232595444
4.166412353515625,0.8103830218315125,0.38116392493247986,10.838750839233398,False,family-00367-sum_mod_10,family-00367,False,0.11785881966352463,1.0,high,2,0.855485200881958,False,0.0,11,0.04498855024576187,sum_mod_10,0.07287026941776276
6.6894731521606445,1.4145358800888062,0.4591074585914612,8.947752952575684,False,family-00367-sum_mod_10,family-00367,False,0.11785881966352463,1.0,high,3,0.45739641785621643,False,0.0,11,0.3012443780899048,sum_mod_10,-0.18338555097579956
14.68541145324707,2.371066093444824,-0.0884493961930275,4.244791030883789,True,family-00368-maximum,family-00368,True,0.4051372706890106,0.0,low,0,0.45043864846229553,False,0.0,11,0.5093151926994324,maximum,-0.10417792201042175
11.423948287963867,2.104964256286621,-0.27134430408477783,4.972799301147461,True,family-00368-maximum,family-00368,True,0.4051372706890106,0.0,low,1,0.4979080855846405,False,0.0,11,0.17216695845127106,maximum,0.23297031223773956
11.58754825592041,1.8344846963882446,0.2238389402627945,4.459207057952881,True,family-00368-maximum,family-00368,True,0.4051372706890106,0.0,low,2,0.4515463411808014,False,0.0,11,0.43907928466796875,maximum,-0.03394201397895813
13.562021255493164,2.2587227821350098,0.27665847539901733,7.409304141998291,True,family-00368-maximum,family-00368,True,0.4051372706890106,0.0,low,3,0.6327367424964905,False,0.0,11,0.20290860533714294,maximum,0.20222866535186768
12.513273239135742,2.3409740924835205,-0.3713328540325165,4.028367042541504,False,family-00368-minimum,family-00368,False,0.22113445401191711,1.0,high,0,0.42417842149734497,False,0.0,11,0.25035354495048523,minimum,-0.029219090938568115
6.966934680938721,1.7327097654342651,-0.15958194434642792,4.1761860847473145,False,family-00368-minimum,family-00368,False,0.22113445401191711,1.0,high,1,0.47284120321273804,False,0.0,11,0.22178633511066437,minimum,-0.0006518810987472534
2.2513747215270996,0.5089048147201538,-0.1794096976518631,8.768616676330566,False,family-00368-minimum,family-00368,False,0.22113445401191711,1.0,high,2,0.9585935473442078,False,0.0,11,0.07270535081624985,minimum,0.14842909574508667
6.614689826965332,1.4363162517547607,0.37458962202072144,9.204578399658203,False,family-00368-minimum,family-00368,False,0.22113445401191711,1.0,high,3,0.8018171787261963,False,0.0,11,0.2124386876821518,minimum,0.00869576632976532
5.049182415008545,1.3277068138122559,-0.2159728705883026,6.9078145027160645,False,family-00368-sum_mod_10,family-00368,False,0.15777675807476044,0.5,medium,0,0.6540292501449585,False,0.0,11,0.1573483943939209,sum_mod_10,0.0004283636808395386
10.829683303833008,2.288203716278076,-0.05320153385400772,4.2293171882629395,False,family-00368-sum_mod_10,family-00368,False,0.15777675807476044,0.5,medium,1,0.3741767108440399,False,0.0,11,0.11995679140090942,sum_mod_10,0.03781996667385101
2.443291664123535,0.6025527715682983,0.2676694095134735,6.489460468292236,False,family-00368-sum_mod_10,family-00368,False,0.15777675807476044,0.5,medium,2,0.5473691821098328,False,0.0,11,0.07863900065422058,sum_mod_10,0.07913775742053986
6.688389778137207,1.4471949338912964,0.474051833152771,8.553038597106934,False,family-00368-sum_mod_10,family-00368,False,0.15777675807476044,0.5,medium,3,0.5716539621353149,False,0.0,11,0.088353231549263,sum_mod_10,0.06942352652549744
8.350166320800781,2.0126399993896484,-0.4359610080718994,4.578723907470703,False,family-00369-maximum,family-00369,True,0.8808730840682983,1.0,high,0,0.5255523920059204,False,0.0,11,0.6286163330078125,maximum,0.25225675106048584
4.685450077056885,1.3700499534606934,-0.1841605007648468,7.174957275390625,False,family-00369-maximum,family-00369,True,0.8808730840682983,1.0,high,1,0.9105916023254395,False,0.0,11,0.30319544672966003,maximum,0.5776776075363159
9.218103408813477,1.9359201192855835,0.26811152696609497,6.354277610778809,False,family-00369-maximum,family-00369,True,0.8808730840682983,1.0,high,2,0.6598210334777832,False,0.0,11,0.8913182020187378,maximum,-0.010445117950439453
5.1833600997924805,1.4078518152236938,0.3446930944919586,8.625688552856445,False,family-00369-maximum,family-00369,True,0.8808730840682983,1.0,high,3,0.6696183085441589,False,0.0,11,0.7837530374526978,maximum,0.09712004661560059
9.121772766113281,2.104538917541504,-0.2864235043525696,5.576525688171387,True,family-00369-minimum,family-00369,False,0.3002597391605377,0.5,medium,0,0.5364532470703125,False,0.0,11,0.1270165741443634,minimum,0.17324316501617432
7.145239353179932,1.3492062091827393,-0.15668855607509613,8.52210807800293,True,family-00369-minimum,family-00369,False,0.3002597391605377,0.5,medium,1,0.8279357552528381,False,0.0,11,0.27321872115135193,minimum,0.02704101800918579
4.363414287567139,1.165838360786438,-0.013091303408145905,6.067034721374512,True,family-00369-minimum,family-00369,False,0.3002597391605377,0.5,medium,2,0.4935862421989441,False,0.0,11,0.2021058201789856,minimum,0.09815391898155212
12.194450378417969,1.8302513360977173,0.21916735172271729,8.366615295410156,True,family-00369-minimum,family-00369,False,0.3002597391605377,0.5,medium,3,0.6135635375976562,False,0.0,11,0.23721906542778015,minimum,0.06304067373275757
19.468585968017578,2.940420627593994,-0.19780242443084717,4.377618789672852,False,family-00369-sum_mod_10,family-00369,False,0.02365298569202423,0.0,low,0,0.42360159754753113,False,0.0,11,0.047174952924251556,sum_mod_10,-0.023521967232227325
22.40230369567871,3.100491523742676,0.05136735737323761,3.1973865032196045,False,family-00369-sum_mod_10,family-00369,False,0.02365298569202423,0.0,low,1,0.30757758021354675,False,0.0,11,0.02909742295742035,sum_mod_10,-0.005444437265396118
13.952539443969727,2.458685874938965,0.24529512226581573,4.616144180297852,False,family-00369-sum_mod_10,family-00369,False,0.02365298569202423,0.0,low,2,0.41843751072883606,False,0.0,11,0.02824534848332405,sum_mod_10,-0.00459236279129982
10.864738464355469,1.8632631301879883,0.358578085899353,6.831146717071533,False,family-00369-sum_mod_10,family-00369,False,0.02365298569202423,0.0,low,3,0.5270439982414246,False,0.0,11,0.01932487078011036,sum_mod_10,0.004328114911913872
16.41449546813965,2.7681021690368652,-0.04994574934244156,3.7928853034973145,True,family-00370-maximum,family-00370,True,0.7221318483352661,0.5,medium,0,0.40248438715934753,False,0.0,11,0.09004582464694977,maximum,0.6320860385894775
1.8949445486068726,0.5643766522407532,-0.47075650095939636,7.450749397277832,True,family-00370-maximum,family-00370,True,0.7221318483352661,0.5,medium,1,0.7464895248413086,False,0.0,11,0.03537104278802872,maximum,0.6867607831954956
14.194415092468262,2.2602126598358154,0.31787797808647156,7.02239990234375,True,family-00370-maximum,family-00370,True,0.7221318483352661,0.5,medium,2,0.761157214641571,False,0.0,11,0.6019586324691772,maximum,0.12017321586608887
10.732428550720215,1.7465170621871948,0.34638550877571106,10.30203628540039,True,family-00370-maximum,family-00370,True,0.7221318483352661,0.5,medium,3,0.7773808240890503,False,0.0,11,0.35208430886268616,maximum,0.37004753947257996
11.46094036102295,2.2318637371063232,-0.2854265570640564,6.019461631774902,False,family-00370-minimum,family-00370,True,0.9288590550422668,0.0,low,0,0.5187636613845825,False,0.0,11,0.9365057349205017,minimum,-0.007646679878234863
4.13652229309082,0.9912124276161194,-0.05982077866792679,6.133934020996094,False,family-00370-minimum,family-00370,True,0.9288590550422668,0.0,low,1,0.5359193682670593,False,0.007776216007776216,11,0.9493716359138489,minimum,-0.02051258087158203
5.604395389556885,0.8721106648445129,0.05664301663637161,10.948054313659668,False,family-00370-minimum,family-00370,True,0.9288590550422668,0.0,low,2,0.8649039268493652,False,0.0,11,0.2089611142873764,minimum,0.7198979258537292
13.330137252807617,2.192756175994873,0.4449605941772461,6.959934234619141,False,family-00370-minimum,family-00370,True,0.9288590550422668,0.0,low,3,0.40468350052833557,False,0.0,11,0.8797869086265564,minimum,0.04907214641571045
10.114397048950195,2.23592209815979,-0.25643840432167053,4.522056579589844,False,family-00370-sum_mod_10,family-00370,False,0.025318536907434464,1.0,high,0,0.4281465709209442,False,0.0,11,0.007290463428944349,sum_mod_10,0.018028073012828827
5.12666130065918,1.4459538459777832,0.05203797668218613,5.568047046661377,False,family-00370-sum_mod_10,family-00370,False,0.025318536907434464,1.0,high,1,0.5370111465454102,False,0.0007038334913350138,11,0.030940407887101173,sum_mod_10,-0.00562187097966671
3.835925817489624,0.8522934913635254,0.2824467420578003,12.271980285644531,False,family-00370-sum_mod_10,family-00370,False,0.025318536907434464,1.0,high,2,1.0208258628845215,False,0.0,11,0.03304533660411835,sum_mod_10,-0.007726799696683884
8.300607681274414,1.9913508892059326,0.379108726978302,7.708430767059326,False,family-00370-sum_mod_10,family-00370,False,0.025318536907434464,1.0,high,3,0.3962383568286896,False,0.0,11,0.019179390743374825,sum_mod_10,0.006139146164059639
10.600669860839844,2.133239507675171,-0.2618948221206665,4.445580959320068,False,family-00371-maximum,family-00371,True,0.6079499125480652,0.0,low,0,0.4209058880805969,False,0.031486532021133676,11,0.693053126335144,maximum,-0.08510321378707886
7.325648307800293,1.6691606044769287,-0.259827196598053,6.621755599975586,False,family-00371-maximum,family-00371,True,0.6079499125480652,0.0,low,1,0.6409774422645569,False,0.0,11,0.07005006819963455,maximum,0.5378998517990112
9.987772941589355,1.8568971157073975,0.1878754049539566,4.729032516479492,False,family-00371-maximum,family-00371,True,0.6079499125480652,0.0,low,2,0.44094032049179077,False,0.0,11,0.5843482613563538,maximum,0.023601651191711426
11.575870513916016,2.2554931640625,0.18174846470355988,7.5667219161987305,False,family-00371-maximum,family-00371,True,0.6079499125480652,0.0,low,3,0.6049617528915405,False,0.0,11,0.2714618742465973,maximum,0.3364880383014679
7.452970504760742,1.7157046794891357,-0.4820253849029541,5.709878444671631,True,family-00371-minimum,family-00371,True,0.702696681022644,1.0,high,0,0.5272821187973022,False,0.0,11,0.4848308861255646,minimum,0.21786579489707947
7.807932376861572,1.848221778869629,-0.530691385269165,5.263673782348633,True,family-00371-minimum,family-00371,True,0.702696681022644,1.0,high,1,0.5540443658828735,False,0.0,11,0.731927216053009,minimum,-0.02923053503036499
7.70364236831665,1.3473131656646729,0.02974472939968109,7.396347999572754,True,family-00371-minimum,family-00371,True,0.702696681022644,1.0,high,2,0.9181951880455017,False,0.0,11,0.3172450363636017,minimum,0.38545164465904236
14.128183364868164,2.155200481414795,0.3160933256149292,9.05414867401123,True,family-00371-minimum,family-00371,True,0.702696681022644,1.0,high,3,0.8159262537956238,False,0.0,11,0.39821070432662964,minimum,0.3044859766960144
10.934475898742676,2.2642674446105957,-0.42308253049850464,4.047260284423828,False,family-00371-sum_mod_10,family-00371,False,0.08601430058479309,0.5,medium,0,0.46455028653144836,False,0.0,11,0.10074511915445328,sum_mod_10,-0.014730818569660187
7.204753875732422,1.9006702899932861,0.157855823636055,4.689273357391357,False,family-00371-sum_mod_10,family-00371,False,0.08601430058479309,0.5,medium,1,0.5934045910835266,False,0.0,11,0.12834322452545166,sum_mod_10,-0.04232892394065857
3.6468429565429688,0.8514202833175659,0.4537915587425232,6.10386323928833,False,family-00371-sum_mod_10,family-00371,False,0.08601430058479309,0.5,medium,2,0.6225353479385376,False,0.0,11,0.08995822817087173,sum_mod_10,-0.003943927586078644
4.302927494049072,1.1753497123718262,0.5008739233016968,8.647476196289062,False,family-00371-sum_mod_10,family-00371,False,0.08601430058479309,0.5,medium,3,0.6311712265014648,False,0.0,11,0.05651313066482544,sum_mod_10,0.02950116991996765
11.896883010864258,2.0595178604125977,-0.2747204899787903,5.203397274017334,True,family-00372-maximum,family-00372,False,0.2001587599515915,1.0,high,0,0.5052697062492371,False,0.0,11,0.2288367599248886,maximum,-0.02867799997329712
11.223167419433594,2.0927071571350098,-0.27029213309288025,4.695130825042725,True,family-00372-maximum,family-00372,False,0.2001587599515915,1.0,high,1,0.461089551448822,False,0.0,11,0.22672447562217712,maximum,-0.026565715670585632
10.440710067749023,1.6870248317718506,-0.08845710754394531,7.637319087982178,True,family-00372-maximum,family-00372,False,0.2001587599515915,1.0,high,2,0.764165461063385,False,0.0,11,0.08061045408248901,maximum,0.11954830586910248
9.151150703430176,2.052426338195801,0.17928403615951538,7.559149265289307,True,family-00372-maximum,family-00372,False,0.2001587599515915,1.0,high,3,0.6283788681030273,False,0.0,11,0.03969421237707138,maximum,0.1604645550251007
6.431553363800049,1.0030593872070312,-0.2018248736858368,7.713923931121826,False,family-00372-minimum,family-00372,True,0.7395856380462646,0.5,medium,0,0.7110896110534668,False,0.0,11,0.6920765042304993,minimum,0.04750913381576538
5.0132856369018555,1.2888031005859375,-0.015236064791679382,6.934250831604004,False,family-00372-minimum,family-00372,True,0.7395856380462646,0.5,medium,1,0.5790483951568604,False,0.0,11,0.5855364799499512,minimum,0.15404915809631348
3.4619805812835693,0.9589062929153442,0.2401881366968155,8.738043785095215,False,family-00372-minimum,family-00372,True,0.7395856380462646,0.5,medium,2,0.6356662511825562,False,0.0,11,0.5499480366706848,minimum,0.18963760137557983
10.747629165649414,1.9462203979492188,0.4698752760887146,8.44117546081543,False,family-00372-minimum,family-00372,True,0.7395856380462646,0.5,medium,3,0.46966925263404846,False,0.0,11,0.8106911182403564,minimum,-0.0711054801940918
8.022500991821289,1.6761417388916016,-0.3090643882751465,7.284338474273682,True,family-00372-sum_mod_10,family-00372,False,0.05209638923406601,0.0,low,0,0.6792867183685303,False,0.0,11,0.0740048885345459,sum_mod_10,-0.02190849930047989
13.027175903320312,2.1469192504882812,0.11994845420122147,4.910005569458008,True,family-00372-sum_mod_10,family-00372,False,0.05209638923406601,0.0,low,1,0.44864848256111145,False,0.0,11,0.07919187098741531,sum_mod_10,-0.027095481753349304
15.897071838378906,2.2690353393554688,0.3790225088596344,5.356419086456299,True,family-00372-sum_mod_10,family-00372,False,0.05209638923406601,0.0,low,2,0.42780226469039917,False,0.0,11,0.032356273382902145,sum_mod_10,0.019740115851163864
17.779399871826172,2.772122383117676,0.49230295419692993,5.630134582519531,True,family-00372-sum_mod_10,family-00372,False,0.05209638923406601,0.0,low,3,0.36625728011131287,False,0.0,11,0.028131529688835144,sum_mod_10,0.023964859545230865
15.493721961975098,2.4287092685699463,-0.184908926486969,5.201298236846924,True,family-00373-maximum,family-00373,True,0.9048055410385132,0.5,medium,0,0.5115501284599304,False,0.009667698917157751,11,0.9180863499641418,maximum,-0.013280808925628662
1.6427884101867676,0.49198251962661743,-0.3706384599208832,11.785172462463379,True,family-00373-maximum,family-00373,True,0.9048055410385132,0.5,medium,1,1.1192139387130737,False,0.0,11,0.038731690496206284,maximum,0.8660738468170166
20.841665267944336,2.9164371490478516,0.31927239894866943,5.012203693389893,True,family-00373-maximum,family-00373,True,0.9048055410385132,0.5,medium,2,0.39902907609939575,False,0.0,11,0.8643681406974792,maximum,0.040437400341033936
14.632198333740234,2.5064330101013184,0.23416151106357574,7.880116939544678,True,family-00373-maximum,family-00373,True,0.9048055410385132,0.5,medium,3,0.527570366859436,False,0.0,11,0.6988329291343689,maximum,0.2059726119041443
14.949783325195312,2.4259939193725586,-0.030242733657360077,4.161249160766602,True,family-00373-minimum,family-00373,True,0.892865777015686,0.0,low,0,0.44157353043556213,False,0.0,11,0.851097822189331,minimum,0.04176795482635498
6.2175750732421875,1.3287440538406372,-0.316700279712677,8.215895652770996,True,family-00373-minimum,family-00373,True,0.892865777015686,0.0,low,1,0.8066052794456482,False,0.03574710641020983,11,0.9228078126907349,minimum,-0.029942035675048828
7.123883247375488,0.8959762454032898,-0.018036894500255585,12.524883270263672,True,family-00373-minimum,family-00373,True,0.892865777015686,0.0,low,2,1.1518157720565796,False,0.0,11,0.17003870010375977,minimum,0.7228270769119263
12.709041595458984,2.2373433113098145,0.4782636761665344,6.601259708404541,True,family-00373-minimum,family-00373,True,0.892865777015686,0.0,low,3,0.4015880823135376,False,0.0,11,0.7978824973106384,minimum,0.09498327970504761
10.919525146484375,2.294534921646118,-0.23604342341423035,4.295327663421631,False,family-00373-sum_mod_10,family-00373,False,0.11282378435134888,1.0,high,0,0.40667998790740967,False,0.0,11,0.10961877554655075,sum_mod_10,0.0032050088047981262
4.8231000900268555,1.3339765071868896,-0.02316935732960701,5.466961860656738,False,family-00373-sum_mod_10,family-00373,False,0.11282378435134888,1.0,high,1,0.5246344804763794,False,0.0,11,0.10895655304193497,sum_mod_10,0.00386723130941391
3.845548629760742,0.833350658416748,0.34979796409606934,10.56055736541748,False,family-00373-sum_mod_10,family-00373,False,0.11282378435134888,1.0,high,2,0.9061101675033569,False,0.0,11,0.1332552433013916,sum_mod_10,-0.020431458950042725
6.179772853851318,1.6322011947631836,0.45454224944114685,8.802384376525879,False,family-00373-sum_mod_10,family-00373,False,0.11282378435134888,1.0,high,3,0.4820293188095093,False,0.0,11,0.07076967507600784,sum_mod_10,0.042054109275341034
9.901326179504395,1.7292810678482056,-0.3712886869907379,6.609405994415283,False,family-00374-maximum,family-00374,True,0.877934992313385,0.0,low,0,0.622465193271637,False,0.0,11,0.5048304200172424,maximum,0.3731045722961426
6.262213706970215,1.4453198909759521,-0.36903172731399536,8.058544158935547,False,family-00374-maximum,family-00374,True,0.877934992313385,0.0,low,1,0.7890114784240723,False,0.0,11,0.06339174509048462,maximum,0.8145432472229004
9.477232933044434,1.8830255270004272,0.10787609219551086,4.938863754272461,False,family-00374-maximum,family-00374,True,0.877934992313385,0.0,low,2,0.47412803769111633,False,0.0,11,0.8191136717796326,maximum,0.05882132053375244
9.313333511352539,1.9208896160125732,0.09689760208129883,8.111793518066406,False,family-00374-maximum,family-00374,True,0.877934992313385,0.0,low,3,0.675981879234314,False,0.0,11,0.7896983027458191,maximum,0.08823668956756592
9.354905128479004,1.866849660873413,-0.34977132081985474,5.352149486541748,True,family-00374-minimum,family-00374,True,0.507112443447113,1.0,high,0,0.5197141170501709,False,0.0,11,0.24983182549476624,minimum,0.2572806179523468
8.662980079650879,1.6892204284667969,-0.3600192964076996,5.692595958709717,True,family-00374-minimum,family-00374,True,0.507112443447113,1.0,high,1,0.5805678963661194,False,0.06200286323636175,11,0.338360458612442,minimum,0.16875198483467102
7.425244331359863,1.4978829622268677,-0.26906511187553406,7.722984313964844,True,family-00374-minimum,family-00374,True,0.507112443447113,1.0,high,2,0.8216058015823364,False,0.0,11,0.14357225596904755,minimum,0.3635401725769043
14.475871086120605,2.1746280193328857,-0.016331244260072708,8.831159591674805,True,family-00374-minimum,family-00374,True,0.507112443447113,1.0,high,3,0.8461185097694397,False,0.0,11,0.37377798557281494,minimum,0.1333344578742981
10.248139381408691,2.055133581161499,-0.1468941867351532,4.981728553771973,True,family-00374-sum_mod_10,family-00374,False,0.059367626905441284,0.5,medium,0,0.5286391973495483,False,0.0,11,0.051253534853458405,sum_mod_10,0.00811409205198288
9.833235740661621,2.0704898834228516,0.20693904161453247,6.63378381729126,True,family-00374-sum_mod_10,family-00374,False,0.059367626905441284,0.5,medium,1,0.6639391183853149,False,0.0036274553925889695,11,0.11604223400354385,sum_mod_10,-0.05667460709810257
3.160797595977783,0.7355674505233765,0.4587121307849884,6.7308244705200195,True,family-00374-sum_mod_10,family-00374,False,0.059367626905441284,0.5,medium,2,0.5143118500709534,False,0.0,11,0.058786287903785706,sum_mod_10,0.0005813390016555786
11.196756362915039,1.923966407775879,0.5358709692955017,7.334849834442139,True,family-00374-sum_mod_10,family-00374,False,0.059367626905441284,0.5,medium,3,0.4253336787223816,False,0.0,11,0.044459421187639236,sum_mod_10,0.014908205717802048
10.298345565795898,2.2831382751464844,-0.18891966342926025,5.102513313293457,True,family-00375-maximum,family-00375,True,0.6729470491409302,1.0,high,0,0.4908539652824402,False,0.0,11,0.6771277189254761,maximum,-0.0041806697845458984
6.758578300476074,1.7469193935394287,-0.059046052396297455,5.684529781341553,True,family-00375-maximum,family-00375,True,0.6729470491409302,1.0,high,1,0.5322785973548889,False,0.0,11,0.37517330050468445,maximum,0.2977737486362457
8.110511779785156,1.522218942642212,0.04979966580867767,8.467137336730957,True,family-00375-maximum,family-00375,True,0.6729470491409302,1.0,high,2,0.717660129070282,False,0.0,11,0.42615842819213867,maximum,0.2467886209487915
8.212298393249512,1.5995533466339111,0.4991617798805237,8.579726219177246,True,family-00375-maximum,family-00375,True,0.6729470491409302,1.0,high,3,0.5773426294326782,False,0.0,11,0.34871047735214233,maximum,0.32423657178878784
12.458978652954102,2.3815762996673584,-0.31762921810150146,5.219748020172119,False,family-00375-minimum,family-00375,True,0.43144044280052185,0.5,medium,0,0.5496283173561096,False,0.0,11,0.27621033787727356,minimum,0.1552301049232483
3.020404815673828,0.8154445886611938,-0.14441700279712677,7.258705139160156,False,family-00375-minimum,family-00375,True,0.43144044280052185,0.5,medium,1,0.7829734086990356,False,0.0,11,0.24064451456069946,minimum,0.1907959282398224
6.81282901763916,1.3532202243804932,-0.21458309888839722,6.1625823974609375,False,family-00375-minimum,family-00375,True,0.43144044280052185,0.5,medium,2,0.5644537210464478,False,0.0,11,0.10410720109939575,minimum,0.3273332417011261
11.608098030090332,2.0813863277435303,0.3472186028957367,7.340620040893555,False,family-00375-minimum,family-00375,True,0.43144044280052185,0.5,medium,3,0.648065447807312,False,0.0,11,0.15663282573223114,minimum,0.2748076319694519
15.47811508178711,2.630683183670044,-0.2596207857131958,5.075333595275879,True,family-00375-sum_mod_10,family-00375,False,0.023978479206562042,0.0,low,0,0.4801291823387146,False,0.0,11,0.014370039105415344,sum_mod_10,0.009608440101146698
9.567514419555664,1.8863377571105957,0.0022236108779907227,5.393337249755859,True,family-00375-sum_mod_10,family-00375,False,0.023978479206562042,0.0,low,1,0.51507169008255,False,0.0,11,0.029802776873111725,sum_mod_10,-0.005824297666549683
13.348113059997559,2.465104103088379,0.4854452908039093,6.258613586425781,True,family-00375-sum_mod_10,family-00375,False,0.023978479206562042,0.0,low,2,0.5308831334114075,False,0.0,11,0.03209894523024559,sum_mod_10,-0.008120466023683548
9.424782752990723,1.5924944877624512,0.5538476705551147,8.167739868164062,True,family-00375-sum_mod_10,family-00375,False,0.023978479206562042,0.0,low,3,0.5167927742004395,False,0.0,11,0.03492291644215584,sum_mod_10,-0.010944437235593796
12.731032371520996,2.5034821033477783,-0.2839842140674591,4.975198745727539,False,family-00376-maximum,family-00376,True,0.9245458841323853,0.5,medium,0,0.4446960985660553,False,0.0,11,0.9130886793136597,maximum,0.011457204818725586
1.3024260997772217,0.22308850288391113,-0.4094899296760559,9.549893379211426,False,family-00376-maximum,family-00376,True,0.9245458841323853,0.5,medium,1,0.8779986500740051,False,0.0,11,0.08312347531318665,maximum,0.841422438621521
12.303163528442383,2.3664329051971436,0.32893407344818115,6.331314563751221,False,family-00376-maximum,family-00376,True,0.9245458841323853,0.5,medium,2,0.5675691962242126,False,0.0,11,0.9091507792472839,maximum,0.015395104885101318
9.258359909057617,1.7456239461898804,0.3650186061859131,12.016242980957031,False,family-00376-maximum,family-00376,True,0.9245458841323853,0.5,medium,3,0.8272601366043091,False,0.0,11,0.7495667934417725,maximum,0.1749790906906128
12.120716094970703,2.2520880699157715,-0.31149864196777344,5.860935688018799,False,family-00376-minimum,family-00376,True,0.9038854837417603,0.0,low,0,0.5051016807556152,False,0.0,11,0.9275156259536743,minimum,-0.023630142211914062
5.200916290283203,0.9940712451934814,-0.07825955748558044,6.518362522125244,False,family-00376-minimum,family-00376,True,0.9038854837417603,0.0,low,1,0.5792717337608337,False,0.008700859324673599,11,0.9358289837837219,minimum,-0.03194350004196167
5.936402320861816,0.8912481665611267,0.02777152881026268,9.50174617767334,False,family-00376-minimum,family-00376,True,0.9038854837417603,0.0,low,2,0.7568015456199646,False,0.0,11,0.12567397952079773,minimum,0.7782114744186401
14.02004623413086,2.3313956260681152,0.3757258653640747,6.838461399078369,False,family-00376-minimum,family-00376,True,0.9038854837417603,0.0,low,3,0.42862725257873535,False,0.0,11,0.8318064212799072,minimum,0.07207906246185303
9.955766677856445,2.219226121902466,-0.24853196740150452,4.393826007843018,False,family-00376-sum_mod_10,family-00376,False,0.03528599068522453,1.0,high,0,0.4160057604312897,False,0.0,11,0.03242381289601326,sum_mod_10,0.002862177789211273
4.732450485229492,1.2907849550247192,0.04587516933679581,6.278396129608154,False,family-00376-sum_mod_10,family-00376,False,0.03528599068522453,1.0,high,1,0.604719340801239,False,0.0,11,0.0730278491973877,sum_mod_10,-0.03774185851216316
3.7901272773742676,0.8574767112731934,0.3040026128292084,10.72366714477539,False,family-00376-sum_mod_10,family-00376,False,0.03528599068522453,1.0,high,2,0.8664144277572632,False,0.011185744598731121,11,0.12579196691513062,sum_mod_10,-0.09050597250461578
6.890105247497559,1.711373209953308,0.3397069573402405,8.241847038269043,False,family-00376-sum_mod_10,family-00376,False,0.03528599068522453,1.0,high,3,0.4412469267845154,False,0.0,11,0.018383324146270752,sum_mod_10,0.01690266653895378
6.757359504699707,1.5929136276245117,-0.24586310982704163,7.067200183868408,False,family-00377-maximum,family-00377,False,0.18166868388652802,0.0,low,0,0.6691198348999023,False,0.0,11,0.10142899304628372,maximum,0.0802396908402443
6.494691848754883,1.5640895366668701,-0.19382762908935547,5.753293037414551,False,family-00377-maximum,family-00377,False,0.18166868388652802,0.0,low,1,0.5150111317634583,False,0.0,11,0.2027745395898819,maximum,-0.021105855703353882
5.610538959503174,1.3644886016845703,-0.08770417422056198,4.930708408355713,False,family-00377-maximum,family-00377,False,0.18166868388652802,0.0,low,2,0.4275771379470825,False,0.0,11,0.05474976822733879,maximum,0.12691891193389893
8.345538139343262,1.5838159322738647,0.036087945103645325,6.733328819274902,False,family-00377-maximum,family-00377,False,0.18166868388652802,0.0,low,3,0.5547534823417664,False,0.0,11,0.09359898418188095,maximum,0.08806969970464706
7.505439281463623,1.8883107900619507,-0.4200529456138611,5.990603923797607,False,family-00377-minimum,family-00377,True,0.7230402827262878,1.0,high,0,0.630797803401947,False,0.0,11,0.37467604875564575,minimum,0.3483642339706421
7.366325378417969,1.7557437419891357,0.0865643098950386,5.2924041748046875,False,family-00377-minimum,family-00377,True,0.7230402827262878,1.0,high,1,0.5981643199920654,False,0.0,11,0.5678933262825012,minimum,0.15514695644378662
2.128389358520508,0.6001511216163635,-0.0243992917239666,9.492616653442383,False,family-00377-minimum,family-00377,True,0.7230402827262878,1.0,high,2,0.8875131607055664,False,0.0,11,0.3933398425579071,minimum,0.32970044016838074
8.686881065368652,1.6653586626052856,0.4772581160068512,9.2781343460083,False,family-00377-minimum,family-00377,True,0.7230402827262878,1.0,high,3,0.6567955613136292,False,0.0,11,0.794724702835083,minimum,-0.07168442010879517
9.709020614624023,1.9029213190078735,-0.28344613313674927,6.763063907623291,False,family-00377-sum_mod_10,family-00377,False,0.0667656809091568,0.5,medium,0,0.6045001149177551,False,0.0,11,0.059049781411886215,sum_mod_10,0.007715899497270584
6.3631486892700195,1.7770519256591797,0.03899742662906647,6.025712966918945,False,family-00377-sum_mod_10,family-00377,False,0.0667656809091568,0.5,medium,1,0.5325739979743958,False,0.0,11,0.04952353239059448,sum_mod_10,0.017242148518562317
3.0222949981689453,0.7451642155647278,0.4495043456554413,6.265939235687256,False,family-00377-sum_mod_10,family-00377,False,0.0667656809091568,0.5,medium,2,0.48108455538749695,False,0.0,11,0.0506141297519207,sum_mod_10,0.0161515511572361
7.076661109924316,1.5820695161819458,0.6566934585571289,8.959940910339355,False,family-00377-sum_mod_10,family-00377,False,0.0667656809091568,0.5,medium,3,0.5332996845245361,False,0.0,11,0.1052190512418747,sum_mod_10,-0.038453370332717896
9.005253791809082,2.09602689743042,-0.4030161201953888,5.710449695587158,True,family-00378-maximum,family-00378,True,0.9099083542823792,1.0,high,0,0.5273348689079285,False,0.0,11,0.8151252269744873,maximum,0.09478312730789185
6.805922985076904,1.4754884243011475,-0.28100302815437317,5.645428657531738,True,family-00378-maximum,family-00378,True,0.9099083542823792,1.0,high,1,0.5644561052322388,False,0.0,11,0.07339999079704285,maximum,0.8365083932876587
6.532025337219238,1.3161085844039917,0.11728116124868393,7.804062843322754,True,family-00378-maximum,family-00378,True,0.9099083542823792,1.0,high,2,0.7797473669052124,False,0.0,11,0.5864112377166748,maximum,0.32349711656570435
9.58877182006836,1.5816152095794678,0.37882739305496216,10.452713966369629,True,family-00378-maximum,family-00378,True,0.9099083542823792,1.0,high,3,0.7804155349731445,False,0.0,11,0.686863362789154,maximum,0.2230449914932251
10.350724220275879,1.9863221645355225,-0.15738371014595032,4.819538593292236,False,family-00378-minimum,family-00378,False,0.07329797744750977,0.5,medium,0,0.4442776143550873,False,0.0,11,0.03884910047054291,minimum,0.03444887697696686
2.9342288970947266,0.7369186878204346,-0.3937879800796509,6.903059005737305,False,family-00378-minimum,family-00378,False,0.07329797744750977,0.5,medium,1,0.6187888979911804,False,0.0,11,0.166089728474617,minimum,-0.09279175102710724
3.672898054122925,0.7328563928604126,-0.21455617249011993,6.866365909576416,False,family-00378-minimum,family-00378,False,0.07329797744750977,0.5,medium,2,0.65040123462677,False,0.0,11,0.03825829550623894,minimum,0.03503968194127083
5.775729179382324,1.2568854093551636,0.2844068706035614,8.50230598449707,False,family-00378-minimum,family-00378,False,0.07329797744750977,0.5,medium,3,0.7529950141906738,False,0.0,11,0.11497000604867935,minimum,-0.041672028601169586
17.62276268005371,2.734245777130127,-0.23227056860923767,5.114106178283691,True,family-00378-sum_mod_10,family-00378,False,0.06539306789636612,0.0,low,0,0.4837971031665802,False,0.0,11,0.08631226420402527,sum_mod_10,-0.02091919630765915
9.079715728759766,1.9367576837539673,0.010083414614200592,5.877079486846924,True,family-00378-sum_mod_10,family-00378,False,0.06539306789636612,0.0,low,1,0.5534029603004456,False,0.0,11,0.0631939247250557,sum_mod_10,0.002199143171310425
12.196390151977539,2.087461471557617,0.4610559344291687,6.286062717437744,True,family-00378-sum_mod_10,family-00378,False,0.06539306789636612,0.0,low,2,0.5157002210617065,False,0.0,11,0.04465564712882042,sum_mod_10,0.0207374207675457
11.009944915771484,1.6413823366165161,0.3923252820968628,8.274157524108887,True,family-00378-sum_mod_10,family-00378,False,0.06539306789636612,0.0,low,3,0.5143788456916809,False,0.0,11,0.09799639880657196,sum_mod_10,-0.03260333091020584
17.53512191772461,2.778137445449829,-0.3537740111351013,4.431150436401367,True,family-00379-maximum,family-00379,True,0.9269540905952454,0.5,medium,0,0.3997173607349396,False,0.0,11,0.5351544618606567,maximum,0.3917996287345886
1.603576421737671,0.4523809552192688,-0.14571823179721832,8.38253116607666,True,family-00379-maximum,family-00379,True,0.9269540905952454,0.5,medium,1,0.8074638247489929,False,0.0,11,0.20854100584983826,maximum,0.7184131145477295
18.006458282470703,2.6932454109191895,0.058053430169820786,5.306541442871094,True,family-00379-maximum,family-00379,True,0.9269540905952454,0.5,medium,2,0.42946186661720276,False,0.0,11,0.8613831996917725,maximum,0.0655708909034729
10.336267471313477,1.4001538753509521,0.23512840270996094,9.974563598632812,True,family-00379-maximum,family-00379,True,0.9269540905952454,0.5,medium,3,0.7266016602516174,False,0.0,11,0.707007110118866,maximum,0.2199469804763794
11.386096954345703,2.1430623531341553,-0.2683052718639374,6.213016986846924,False,family-00379-minimum,family-00379,False,0.017006250098347664,0.0,low,0,0.5851337909698486,False,0.0,11,0.010650025680661201,minimum,0.006356224417686462
5.060157775878906,1.1459369659423828,-0.27083203196525574,5.9009199142456055,False,family-00379-minimum,family-00379,False,0.017006250098347664,0.0,low,1,0.5480155348777771,False,0.07350390328185422,11,0.02667352184653282,minimum,-0.009667271748185158
6.877995491027832,0.9772419929504395,-0.44689691066741943,8.015839576721191,False,family-00379-minimum,family-00379,False,0.017006250098347664,0.0,low,2,0.7431349158287048,False,0.0,11,0.09874756634235382,minimum,-0.0817413181066513
11.135358810424805,2.1017675399780273,0.25730079412460327,5.16750955581665,False,family-00379-minimum,family-00379,False,0.017006250098347664,0.0,low,3,0.5083743929862976,False,0.0,11,0.012708678841590881,minimum,0.0042975712567567825
11.616905212402344,2.3189022541046143,-0.2986675500869751,5.103510856628418,False,family-00379-sum_mod_10,family-00379,False,0.02470245771110058,1.0,high,0,0.4806419610977173,False,0.0,11,0.038830094039440155,sum_mod_10,-0.014127636328339577
4.6648454666137695,1.437932014465332,-0.2507510185241699,5.609866142272949,False,family-00379-sum_mod_10,family-00379,False,0.02470245771110058,1.0,high,1,0.5438001155853271,False,0.0,11,0.04282613471150398,sum_mod_10,-0.018123677000403404
6.484915733337402,1.1880358457565308,0.32854339480400085,8.142520904541016,False,family-00379-sum_mod_10,family-00379,False,0.02470245771110058,1.0,high,2,0.7803824543952942,False,0.0,11,0.0805940181016922,sum_mod_10,-0.05589155852794647
4.5550689697265625,1.0830035209655762,0.41191545128822327,7.168834686279297,False,family-00379-sum_mod_10,family-00379,False,0.02470245771110058,1.0,high,3,0.4716799557209015,False,0.0,11,0.01707584597170353,sum_mod_10,0.007626611739397049
14.108535766601562,2.4571709632873535,-0.31797635555267334,5.141235828399658,True,family-00380-maximum,family-00380,True,0.9214231967926025,0.0,low,0,0.47943589091300964,False,0.0,11,0.5326264500617981,maximum,0.38879674673080444
6.698792457580566,1.2997804880142212,-0.307348370552063,6.940365791320801,True,family-00380-maximum,family-00380,True,0.9214231967926025,0.0,low,1,0.6729516386985779,False,0.0,11,0.09158072620630264,maximum,0.8298424482345581
10.676915168762207,1.8371459245681763,0.13611480593681335,5.757480144500732,True,family-00380-maximum,family-00380,True,0.9214231967926025,0.0,low,2,0.5476256608963013,False,0.0,11,0.908051609992981,maximum,0.013371586799621582
12.537819862365723,1.5774019956588745,0.28936076164245605,10.731572151184082,True,family-00380-maximum,family-00380,True,0.9214231967926025,0.0,low,3,0.8479776978492737,False,0.0,11,0.6622090935707092,maximum,0.2592141032218933
10.516960144042969,2.1556942462921143,-0.409417986869812,5.727389335632324,True,family-00380-minimum,family-00380,False,0.0023401707876473665,1.0,high,0,0.5288991928100586,False,0.0,11,0.00233090715482831,minimum,9.263632819056511e-06
5.031006813049316,1.3231775760650635,-0.28580230474472046,5.37428092956543,True,family-00380-minimum,family-00380,False,0.0023401707876473665,1.0,high,1,0.5393664836883545,False,0.0,11,0.013489256612956524,minimum,-0.011149086058139801
6.011993408203125,1.4472764730453491,-0.38329190015792847,5.91509485244751,True,family-00380-minimum,family-00380,False,0.0023401707876473665,1.0,high,2,0.5988723635673523,False,0.0,11,0.003966838121414185,minimum,-0.001626667333766818
13.042387008666992,2.148287773132324,-0.12957951426506042,8.231547355651855,True,family-00380-minimum,family-00380,False,0.0023401707876473665,1.0,high,3,0.8786956071853638,False,0.0,11,0.016433874145150185,minimum,-0.014093703590333462
6.965449333190918,1.692157506942749,-0.208787202835083,6.677062034606934,False,family-00380-sum_mod_10,family-00380,False,0.09025447815656662,0.5,medium,0,0.632181704044342,False,0.0,11,0.10414884984493256,sum_mod_10,-0.013894371688365936
9.931924819946289,2.146916151046753,0.07463498413562775,4.855563640594482,False,family-00380-sum_mod_10,family-00380,False,0.09025447815656662,0.5,medium,1,0.43138986825942993,False,0.018409969693950125,11,0.11813392490148544,sum_mod_10,-0.027879446744918823
3.1597530841827393,0.8917372226715088,0.22954848408699036,5.816147327423096,False,family-00380-sum_mod_10,family-00380,False,0.09025447815656662,0.5,medium,2,0.46208876371383667,False,0.0,11,0.04976396635174751,sum_mod_10,0.04049051180481911
7.466263771057129,1.5216172933578491,0.3572694957256317,8.404229164123535,False,family-00380-sum_mod_10,family-00380,False,0.09025447815656662,0.5,medium,3,0.5592145919799805,False,0.0,11,0.07000617682933807,sum_mod_10,0.020248301327228546
4.739387512207031,1.4345890283584595,-0.4441245198249817,7.509756565093994,False,family-00381-maximum,family-00381,True,0.879298985004425,1.0,high,0,0.6933320760726929,False,0.0,11,0.2767220735549927,maximum,0.6025769114494324
7.5444254875183105,1.6131227016448975,-0.25415247678756714,5.457685947418213,False,family-00381-maximum,family-00381,True,0.879298985004425,1.0,high,1,0.5418157577514648,False,0.0,11,0.2574268877506256,maximum,0.621872067451477
6.446160793304443,1.371673345565796,0.26608824729919434,8.204588890075684,False,family-00381-maximum,family-00381,True,0.879298985004425,1.0,high,2,0.8072212934494019,False,0.0,11,0.2084352970123291,maximum,0.670863687992096
7.128423690795898,1.4613101482391357,0.2975442707538605,11.436554908752441,False,family-00381-maximum,family-00381,True,0.879298985004425,1.0,high,3,0.7799649834632874,False,0.0,11,0.5149400234222412,maximum,0.36435896158218384
7.569221496582031,1.337911605834961,-0.19368067383766174,7.7974042892456055,False,family-00381-minimum,family-00381,True,0.9427360892295837,0.5,medium,0,0.7187850475311279,False,0.0,11,0.9308243989944458,minimum,0.01191169023513794
3.6708266735076904,0.9040305614471436,-0.220610573887825,6.640031337738037,False,family-00381-minimum,family-00381,True,0.9427360892295837,0.5,medium,1,0.5500723123550415,False,0.0,11,0.9119693636894226,minimum,0.030766725540161133
5.765527725219727,1.1239242553710938,0.1064826175570488,9.845224380493164,False,family-00381-minimum,family-00381,True,0.9427360892295837,0.5,medium,2,0.7922235727310181,False,0.0,11,0.4513028860092163,minimum,0.49143320322036743
6.929121017456055,1.5660324096679688,0.5394985675811768,6.521673679351807,False,family-00381-minimum,family-00381,True,0.9427360892295837,0.5,medium,3,0.39155033230781555,False,0.0,11,0.916176974773407,minimum,0.026559114456176758
5.28359317779541,1.4677292108535767,-0.29939359426498413,6.6205878257751465,False,family-00381-sum_mod_10,family-00381,False,0.04842899739742279,0.0,low,0,0.6268346905708313,False,0.0,11,0.01058551948517561,sum_mod_10,0.037843476980924606
8.892401695251465,1.967860460281372,0.06586454808712006,5.0877275466918945,False,family-00381-sum_mod_10,family-00381,False,0.04842899739742279,0.0,low,1,0.47752469778060913,False,0.06216853684692164,11,0.05793718621134758,sum_mod_10,-0.00950818881392479
2.7331719398498535,0.7608941793441772,0.0018973993137478828,10.626798629760742,False,family-00381-sum_mod_10,family-00381,False,0.04842899739742279,0.0,low,2,0.8778542876243591,False,0.0,11,0.08388470113277435,sum_mod_10,-0.03545570373535156
14.179267883300781,2.5541820526123047,0.36083024740219116,6.269361972808838,False,family-00381-sum_mod_10,family-00381,False,0.04842899739742279,0.0,low,3,0.3888404965400696,False,0.0,11,0.04027586430311203,sum_mod_10,0.00815313309431076
10.662577629089355,2.202667713165283,-0.3723665177822113,5.717245101928711,False,family-00382-maximum,family-00382,True,0.8209877610206604,0.5,medium,0,0.6020137071609497,False,0.0,11,0.8391075730323792,maximum,-0.01811981201171875
2.2693464756011963,0.7506532669067383,-0.3424708843231201,8.317635536193848,False,family-00382-maximum,family-00382,True,0.8209877610206604,0.5,medium,1,0.9160667657852173,False,0.0,11,0.09563924372196198,maximum,0.7253485321998596
14.146536827087402,2.6026132106781006,0.15570774674415588,5.776553630828857,False,family-00382-maximum,family-00382,True,0.8209877610206604,0.5,medium,2,0.5779547095298767,False,0.0,11,0.7783575057983398,maximum,0.04263025522232056
10.330994606018066,1.6813024282455444,0.37330394983291626,7.285190105438232,False,family-00382-maximum,family-00382,True,0.8209877610206604,0.5,medium,3,0.5923804044723511,False,0.0,11,0.6416649222373962,maximum,0.17932283878326416
10.917612075805664,2.2859253883361816,-0.28812065720558167,5.978211402893066,True,family-00382-minimum,family-00382,True,0.39594191312789917,0.0,low,0,0.5655419230461121,False,0.0,11,0.14370551705360413,minimum,0.25223639607429504
4.276154518127441,1.262657880783081,-0.136695995926857,7.214745998382568,True,family-00382-minimum,family-00382,True,0.39594191312789917,0.0,low,1,0.6845930814743042,False,0.0,11,0.44576892256736755,minimum,-0.049827009439468384
5.843137264251709,1.1984721422195435,-0.028417423367500305,7.900899887084961,True,family-00382-minimum,family-00382,True,0.39594191312789917,0.0,low,2,0.6622589230537415,False,0.0,11,0.09914562106132507,minimum,0.2967962920665741
17.609477996826172,2.7257766723632812,0.3007659316062927,5.437305450439453,True,family-00382-minimum,family-00382,True,0.39594191312789917,0.0,low,3,0.38505613803863525,False,0.0,11,0.27667754888534546,minimum,0.11926436424255371
11.76353645324707,2.1099929809570312,-0.2585671842098236,6.712906360626221,False,family-00382-sum_mod_10,family-00382,True,0.6075844168663025,1.0,high,0,0.6322126984596252,False,0.0,11,0.3033866882324219,sum_mod_10,0.3041977286338806
8.72802448272705,1.921350359916687,-0.3139437437057495,4.622233867645264,False,family-00382-sum_mod_10,family-00382,True,0.6075844168663025,1.0,high,1,0.42029523849487305,False,0.0,11,0.6681974530220032,sum_mod_10,-0.060613036155700684
8.316434860229492,1.6046674251556396,0.3035321533679962,5.714468002319336,False,family-00382-sum_mod_10,family-00382,True,0.6075844168663025,1.0,high,2,0.5438792109489441,False,0.0,11,0.5186516046524048,sum_mod_10,0.0889328122138977
7.703660488128662,1.7145438194274902,0.5206509828567505,7.371211528778076,False,family-00382-sum_mod_10,family-00382,True,0.6075844168663025,1.0,high,3,0.550184965133667,False,0.0,11,0.3056120276451111,sum_mod_10,0.3019723892211914
11.931150436401367,2.1780190467834473,-0.38367176055908203,6.002730846405029,False,family-00383-maximum,family-00383,True,0.30948328971862793,0.0,low,0,0.517321765422821,False,0.0,11,0.17607638239860535,maximum,0.13340690732002258
4.432171821594238,1.3157647848129272,-0.1470458209514618,5.915957450866699,False,family-00383-maximum,family-00383,True,0.30948328971862793,0.0,low,1,0.5464029908180237,False,0.0,11,0.047582074999809265,maximum,0.26190119981765747
5.067469596862793,1.1997692584991455,0.010527465492486954,5.4857497215271,False,family-00383-maximum,family-00383,True,0.30948328971862793,0.0,low,2,0.47498390078544617,False,0.0,11,0.21560099720954895,maximum,0.09388229250907898
9.075111389160156,1.7476084232330322,0.16531208157539368,7.003407001495361,False,family-00383-maximum,family-00383,True,0.30948328971862793,0.0,low,3,0.5455210208892822,False,0.0,11,0.17005084455013275,maximum,0.13943244516849518
9.679086685180664,1.738764762878418,-0.28730303049087524,5.999471187591553,True,family-00383-minimum,family-00383,True,0.757775604724884,1.0,high,0,0.5825715065002441,False,0.0,11,0.8687208890914917,minimum,-0.11094528436660767
9.239871978759766,1.9552743434906006,-0.24184605479240417,4.751411437988281,True,family-00383-minimum,family-00383,True,0.757775604724884,1.0,high,1,0.4603133797645569,False,0.0365062454136874,11,0.8040375113487244,minimum,-0.04626190662384033
6.934232234954834,1.236436128616333,-0.18034039437770844,9.227498054504395,True,family-00383-minimum,family-00383,True,0.757775604724884,1.0,high,2,0.8988028168678284,False,0.0,11,0.22626589238643646,minimum,0.5315096974372864
11.427083015441895,2.001035690307617,0.25222131609916687,9.080041885375977,True,family-00383-minimum,family-00383,True,0.757775604724884,1.0,high,3,0.7261064052581787,False,0.0,11,0.506283164024353,minimum,0.251492440700531
13.253721237182617,2.026611566543579,-0.21180231869220734,6.0691423416137695,True,family-00383-sum_mod_10,family-00383,False,0.22171592712402344,0.5,medium,0,0.5969029664993286,False,0.0,11,0.27692458033561707,sum_mod_10,-0.05520865321159363
11.91684627532959,2.3129723072052,0.0228405948728323,4.350959777832031,True,family-00383-sum_mod_10,family-00383,False,0.22171592712402344,0.5,medium,1,0.4073677957057953,False,0.0,11,0.18166260421276093,sum_mod_10,0.04005332291126251
5.821537494659424,1.0955471992492676,0.06078381463885307,7.380969524383545,True,family-00383-sum_mod_10,family-00383,False,0.22171592712402344,0.5,medium,2,0.6349461674690247,False,0.0,11,0.1327185034751892,sum_mod_10,0.08899742364883423
13.528491973876953,2.329678535461426,0.4860551953315735,6.699624538421631,True,family-00383-sum_mod_10,family-00383,False,0.22171592712402344,0.5,medium,3,0.4736880362033844,False,0.0,11,0.13390229642391205,sum_mod_10,0.08781363070011139
7.811273097991943,1.794584035873413,-0.3586522340774536,6.0791015625,False,family-00384-maximum,family-00384,True,0.9215861558914185,1.0,high,0,0.6977679133415222,False,0.0,11,0.887744665145874,maximum,0.033841490745544434
7.357601642608643,1.7733746767044067,0.07146397978067398,4.880941390991211,False,family-00384-maximum,family-00384,True,0.9215861558914185,1.0,high,1,0.5640994906425476,False,0.0,11,0.8554971218109131,maximum,0.06608903408050537
7.884024620056152,1.6252514123916626,0.06279893219470978,9.283367156982422,False,family-00384-maximum,family-00384,True,0.9215861558914185,1.0,high,2,0.9071404933929443,False,0.0,11,0.6638647317886353,maximum,0.2577214241027832
9.214537620544434,1.8288501501083374,0.553085207939148,11.152337074279785,False,family-00384-maximum,family-00384,True,0.9215861558914185,1.0,high,3,0.783047616481781,False,0.0,11,0.8091785907745361,maximum,0.11240756511688232
10.910799026489258,2.190432548522949,-0.2940219044685364,5.931718826293945,False,family-00384-minimum,family-00384,True,0.8038727045059204,0.5,medium,0,0.5301923155784607,False,0.0,11,0.663070797920227,minimum,0.14080190658569336
3.937727689743042,0.9598290920257568,-0.2339293360710144,7.668434143066406,False,family-00384-minimum,family-00384,True,0.8038727045059204,0.5,medium,1,0.6961843967437744,False,0.012583112214796884,11,0.6528481245040894,minimum,0.15102458000183105
6.4158935546875,1.1858770847320557,-0.10475113242864609,5.479068279266357,False,family-00384-minimum,family-00384,True,0.8038727045059204,0.5,medium,2,0.4620518088340759,False,0.0,11,0.6530865430831909,minimum,0.1507861614227295
10.078180313110352,1.9356811046600342,0.3083617389202118,7.5488152503967285,False,family-00384-minimum,family-00384,True,0.8038727045059204,0.5,medium,3,0.6024156808853149,False,0.0,11,0.6659249067306519,minimum,0.13794779777526855
18.65188217163086,2.879593849182129,-0.30311256647109985,4.3768110275268555,False,family-00384-sum_mod_10,family-00384,False,0.0193426962941885,0.0,low,0,0.4235234260559082,False,0.0,11,0.059620872139930725,sum_mod_10,-0.040278173983097076
23.454917907714844,3.1532626152038574,0.023305179551243782,2.9074647426605225,False,family-00384-sum_mod_10,family-00384,False,0.0193426962941885,0.0,low,1,0.2929019629955292,False,0.0,11,0.018789326772093773,sum_mod_10,0.0005533695220947266
15.383901596069336,2.4864048957824707,0.09394653141498566,4.779651641845703,False,family-00384-sum_mod_10,family-00384,False,0.0193426962941885,0.0,low,2,0.4592165946960449,False,0.0,11,0.01218346320092678,sum_mod_10,0.007159233093261719
15.341113090515137,2.6675825119018555,0.2029622495174408,6.261375427246094,False,family-00384-sum_mod_10,family-00384,False,0.0193426962941885,0.0,low,3,0.5281943082809448,False,0.0,11,0.05479567125439644,sum_mod_10,-0.03545297682285309
8.330894470214844,1.6488968133926392,-0.22138181328773499,5.141880989074707,False,family-00385-maximum,family-00385,True,0.7369052171707153,0.5,medium,0,0.4739919602870941,False,0.0,11,0.7158717513084412,maximum,0.02103346586227417
1.8258693218231201,0.5178765654563904,-0.3532637059688568,8.243353843688965,False,family-00385-maximum,family-00385,True,0.7369052171707153,0.5,medium,1,0.7543315887451172,False,0.0,11,0.093979112803936,maximum,0.6429260969161987
11.532320976257324,2.208922863006592,0.315382719039917,4.3301873207092285,False,family-00385-maximum,family-00385,True,0.7369052171707153,0.5,medium,2,0.38928931951522827,False,0.0,11,0.7922793626785278,maximum,-0.0553741455078125
8.889729499816895,1.5042575597763062,0.012898176908493042,7.63904333114624,False,family-00385-maximum,family-00385,True,0.7369052171707153,0.5,medium,3,0.581020712852478,False,0.0,11,0.661396861076355,maximum,0.07550835609436035
11.503772735595703,1.9563615322113037,-0.41879868507385254,5.23538064956665,False,family-00385-minimum,family-00385,True,0.34051448106765747,0.0,low,0,0.451190710067749,False,0.0,11,0.1003682091832161,minimum,0.24014627933502197
5.891345977783203,1.1082367897033691,-0.1357557475566864,7.881584167480469,False,family-00385-minimum,family-00385,True,0.34051448106765747,0.0,low,1,0.7475247383117676,False,0.0,11,0.4979155957698822,minimum,-0.15740111470222473
5.570113182067871,1.341073751449585,-0.1498529464006424,7.737545013427734,False,family-00385-minimum,family-00385,True,0.34051448106765747,0.0,low,2,0.6302493214607239,False,0.0,11,0.046689197421073914,minimum,0.29382526874542236
15.15420150756836,2.4298999309539795,-0.07715432345867157,5.185806751251221,False,family-00385-minimum,family-00385,True,0.34051448106765747,0.0,low,3,0.38426750898361206,False,0.0,11,0.23227760195732117,minimum,0.1082368791103363
9.922667503356934,1.8217267990112305,-0.36781173944473267,5.753432273864746,False,family-00385-sum_mod_10,family-00385,False,0.014704243279993534,1.0,high,0,0.49583694338798523,False,0.0,11,0.016464117914438248,sum_mod_10,-0.0017598746344447136
9.668211936950684,1.784837245941162,0.10944294929504395,5.868764400482178,False,family-00385-sum_mod_10,family-00385,False,0.014704243279993534,1.0,high,1,0.5388212203979492,False,0.0,11,0.017549538984894753,sum_mod_10,-0.0028452957049012184
6.935373783111572,1.54571533203125,0.4219774007797241,6.779609680175781,False,family-00385-sum_mod_10,family-00385,False,0.014704243279993534,1.0,high,2,0.5245174169540405,False,0.0,11,0.01738320104777813,sum_mod_10,-0.0026789577677845955
9.834417343139648,2.009096145629883,0.48747432231903076,8.424525260925293,False,family-00385-sum_mod_10,family-00385,False,0.014704243279993534,1.0,high,3,0.49729716777801514,False,0.0,11,0.015028268098831177,sum_mod_10,-0.00032402481883764267
15.726970672607422,2.36031436920166,-0.22791939973831177,6.121424674987793,True,family-00386-maximum,family-00386,True,0.8981336951255798,0.0,low,0,0.5811475515365601,False,0.0,11,0.8550533056259155,maximum,0.04308038949966431
7.794833660125732,1.4964163303375244,-0.12877367436885834,8.70334529876709,True,family-00386-maximum,family-00386,True,0.8981336951255798,0.0,low,1,0.7977303266525269,False,0.0,11,0.1589328646659851,maximum,0.7392008304595947
16.170373916625977,2.2810492515563965,0.2578364908695221,4.814035892486572,True,family-00386-maximum,family-00386,True,0.8981336951255798,0.0,low,2,0.3688684105873108,False,0.0,11,0.890717089176178,maximum,0.0074166059494018555
15.96957778930664,2.2903754711151123,0.2915896773338318,8.417343139648438,True,family-00386-maximum,family-00386,True,0.8981336951255798,0.0,low,3,0.5600408315658569,False,0.0,11,0.8706691265106201,maximum,0.027464568614959717
6.233957290649414,1.7353968620300293,-0.3927626609802246,6.837530136108398,True,family-00386-minimum,family-00386,True,0.5687422752380371,1.0,high,0,0.6314157843589783,False,0.0,11,0.08591720461845398,minimum,0.48282507061958313
8.183524131774902,1.6880724430084229,-0.060964059084653854,7.462775230407715,True,family-00386-minimum,family-00386,True,0.5687422752380371,1.0,high,1,0.7253482341766357,False,0.004257439482084056,11,0.4932374656200409,minimum,0.07550480961799622
11.880973815917969,1.7473573684692383,-0.23906955122947693,7.9485015869140625,True,family-00386-minimum,family-00386,True,0.5687422752380371,1.0,high,2,0.6443159580230713,False,0.0,11,0.16072320938110352,minimum,0.4080190658569336
16.717884063720703,2.3050153255462646,-0.03453123942017555,8.918431282043457,True,family-00386-minimum,family-00386,True,0.5687422752380371,1.0,high,3,0.6870913505554199,False,0.0,11,0.23635944724082947,minimum,0.33238282799720764
16.63924789428711,2.743619918823242,-0.26232367753982544,5.422488689422607,True,family-00386-sum_mod_10,family-00386,False,0.03279777988791466,0.5,medium,0,0.5129702687263489,False,0.0,11,0.0196958277374506,sum_mod_10,0.013101952150464058
6.432397365570068,1.6693907976150513,0.055883415043354034,8.917525291442871,True,family-00386-sum_mod_10,family-00386,False,0.03279777988791466,0.5,medium,1,0.8461405634880066,False,0.0,11,0.03047969751060009,sum_mod_10,0.0023180823773145676
2.9001193046569824,0.6509177684783936,0.3824283182621002,7.330206394195557,True,family-00386-sum_mod_10,family-00386,False,0.03279777988791466,0.5,medium,2,0.5169066786766052,False,0.0,11,0.024820029735565186,sum_mod_10,0.007977750152349472
9.812263488769531,1.8523348569869995,0.52170729637146,8.246991157531738,True,family-00386-sum_mod_10,family-00386,False,0.03279777988791466,0.5,medium,3,0.45102837681770325,False,0.0,11,0.04681383818387985,sum_mod_10,-0.014016058295965195
9.320420265197754,1.9484493732452393,-0.4289751648902893,7.426847457885742,True,family-00387-maximum,family-00387,False,0.20714379847049713,1.0,high,0,0.6858366131782532,False,0.0,11,0.1863623559474945,maximum,0.020781442523002625
6.350135803222656,1.6436015367507935,-0.356306254863739,5.148512363433838,True,family-00387-maximum,family-00387,False,0.20714379847049713,1.0,high,1,0.5062603950500488,False,0.0,11,0.06969033181667328,maximum,0.13745346665382385
9.027698516845703,1.7871263027191162,0.06316906213760376,3.870363235473633,True,family-00387-maximum,family-00387,False,0.20714379847049713,1.0,high,2,0.40216416120529175,False,0.0,11,0.1996254324913025,maximum,0.007518365979194641
8.337869644165039,1.9543085098266602,0.13052934408187866,7.2189154624938965,True,family-00387-maximum,family-00387,False,0.20714379847049713,1.0,high,3,0.6812001466751099,False,0.0,11,0.06308045238256454,maximum,0.14406335353851318
6.727244853973389,1.6859326362609863,-0.42565029859542847,6.99110746383667,True,family-00387-minimum,family-00387,True,0.86276775598526,0.5,medium,0,0.6725338101387024,False,0.0,11,0.8445391654968262,minimum,0.018228590488433838
9.437732696533203,1.8248982429504395,-0.14416122436523438,5.704382419586182,True,family-00387-minimum,family-00387,True,0.86276775598526,0.5,medium,1,0.5850478410720825,False,0.03183355703480608,11,0.8172138929367065,minimum,0.04555386304855347
3.6461033821105957,0.9608814716339111,0.2317827045917511,10.088576316833496,True,family-00387-minimum,family-00387,True,0.86276775598526,0.5,medium,2,0.9551088213920593,False,0.0,11,0.3089302182197571,minimum,0.5538375377655029
10.992106437683105,1.906116008758545,0.5766630172729492,6.209506988525391,True,family-00387-minimum,family-00387,True,0.86276775598526,0.5,medium,3,0.3830766975879669,False,0.0,11,0.8115609288215637,minimum,0.05120682716369629
12.893749237060547,2.19602108001709,-0.17227113246917725,6.542821407318115,True,family-00387-sum_mod_10,family-00387,False,0.006130632013082504,0.0,low,0,0.6942955851554871,False,0.0,11,0.037063490599393845,sum_mod_10,-0.03093285858631134
13.11690902709961,2.126701831817627,0.019350623711943626,5.218511581420898,True,family-00387-sum_mod_10,family-00387,False,0.006130632013082504,0.0,low,1,0.4967292249202728,False,0.04918456259297171,11,0.005716560408473015,sum_mod_10,0.00041407160460948944
7.571763515472412,1.0117405652999878,0.07139430195093155,10.99504280090332,True,family-00387-sum_mod_10,family-00387,False,0.006130632013082504,0.0,low,2,0.9301636219024658,False,0.0,11,0.03739020228385925,sum_mod_10,-0.03125957027077675
13.94123649597168,2.5720362663269043,0.49142560362815857,5.096614360809326,True,family-00387-sum_mod_10,family-00387,False,0.006130632013082504,0.0,low,3,0.30503109097480774,False,0.0,11,0.005848144646733999,sum_mod_10,0.000282487366348505
10.121270179748535,1.931997299194336,-0.1833014339208603,4.591672897338867,False,family-00388-maximum,family-00388,True,0.8926882743835449,0.5,medium,0,0.42327237129211426,False,0.0014706988031282413,11,0.8852352499961853,maximum,0.007453024387359619
1.3586455583572388,0.23534946143627167,-0.3434329926967621,10.8917236328125,False,family-00388-maximum,family-00388,True,0.8926882743835449,0.5,medium,1,0.9921982288360596,False,0.0,11,0.06053045019507408,maximum,0.8321578502655029
12.43095588684082,2.406311273574829,0.4794812500476837,5.135622501373291,False,family-00388-maximum,family-00388,True,0.8926882743835449,0.5,medium,2,0.40985575318336487,False,0.0,11,0.888192892074585,maximum,0.004495382308959961
8.436017990112305,1.7217350006103516,0.152592271566391,8.697162628173828,False,family-00388-maximum,family-00388,True,0.8926882743835449,0.5,medium,3,0.5555351972579956,False,0.0,11,0.7940840125083923,maximum,0.09860426187515259
16.341678619384766,2.5572621822357178,-0.2708964943885803,5.298917770385742,True,family-00388-minimum,family-00388,True,0.8821749687194824,0.0,low,0,0.4941402077674866,False,0.0,11,0.7948791980743408,minimum,0.0872957706451416
2.1738829612731934,0.640487551689148,-0.31107091903686523,8.432169914245605,True,family-00388-minimum,family-00388,True,0.8821749687194824,0.0,low,1,0.7957501411437988,False,0.0,11,0.9198187589645386,minimum,-0.03764379024505615
2.696953058242798,0.6501304507255554,-0.029992710798978806,10.451874732971191,True,family-00388-minimum,family-00388,True,0.8821749687194824,0.0,low,2,0.9245535135269165,False,0.0,11,0.04300527274608612,minimum,0.8391696810722351
16.565792083740234,2.437201976776123,0.3294338285923004,5.885612964630127,True,family-00388-minimum,family-00388,True,0.8821749687194824,0.0,low,3,0.3881262242794037,False,0.0,11,0.7364854216575623,minimum,0.14568954706192017
8.464940071105957,2.118222236633301,-0.2926097512245178,4.161393642425537,False,family-00388-sum_mod_10,family-00388,False,0.008273134008049965,1.0,high,0,0.3939991593360901,False,0.0,11,0.010306263342499733,sum_mod_10,-0.002033129334449768
4.402198314666748,1.3208518028259277,-0.08083758503198624,6.455279350280762,False,family-00388-sum_mod_10,family-00388,False,0.008273134008049965,1.0,high,1,0.6355953216552734,False,0.0,11,0.01246823649853468,sum_mod_10,-0.0041951024904847145
5.150632381439209,0.9908363819122314,0.26330387592315674,10.736478805541992,False,family-00388-sum_mod_10,family-00388,False,0.008273134008049965,1.0,high,2,0.9267272353172302,False,0.0,11,0.019274700433015823,sum_mod_10,-0.011001566424965858
7.21488094329834,1.756221055984497,0.4161926209926605,8.024250030517578,False,family-00388-sum_mod_10,family-00388,False,0.008273134008049965,1.0,high,3,0.45211851596832275,False,0.0,11,0.005862169433385134,sum_mod_10,0.002410964574664831
11.838210105895996,1.985555648803711,-0.30768340826034546,5.115241050720215,False,family-00389-maximum,family-00389,False,0.10881365090608597,0.0,low,0,0.48174670338630676,False,0.0,11,0.1286253184080124,maximum,-0.019811667501926422
7.863293170928955,1.8137167692184448,-0.2653103470802307,6.260923862457275,False,family-00389-maximum,family-00389,False,0.10881365090608597,0.0,low,1,0.6095919013023376,False,0.0,11,0.13064071536064148,maximum,-0.02182706445455551
13.76948070526123,2.3100814819335938,0.05967332795262337,3.8559255599975586,False,family-00389-maximum,family-00389,False,0.10881365090608597,0.0,low,2,0.366707444190979,False,0.0,11,0.11270933598279953,maximum,-0.003895685076713562
11.230290412902832,2.1576738357543945,0.07179701328277588,6.051078796386719,False,family-00389-maximum,family-00389,False,0.10881365090608597,0.0,low,3,0.530160129070282,False,0.0,11,0.08656558394432068,maximum,0.02224806696176529
14.660809516906738,2.319361686706543,-0.15580809116363525,4.234617233276367,True,family-00389-minimum,family-00389,True,0.6719801425933838,1.0,high,0,0.3948909342288971,False,0.0,11,0.41810911893844604,minimum,0.25387102365493774
9.08738899230957,1.9504152536392212,-0.2797619104385376,4.140066623687744,True,family-00389-minimum,family-00389,True,0.6719801425933838,1.0,high,1,0.37987831234931946,False,0.0,11,0.6020452976226807,minimum,0.06993484497070312
10.143684387207031,1.5604051351547241,0.11637061834335327,6.226646900177002,True,family-00389-minimum,family-00389,True,0.6719801425933838,1.0,high,2,0.5918888449668884,False,0.0,11,0.5191187262535095,minimum,0.15286141633987427
13.255204200744629,2.098372459411621,0.2060725837945938,8.864741325378418,True,family-00389-minimum,family-00389,True,0.6719801425933838,1.0,high,3,0.6907764077186584,False,0.0,11,0.7985467910766602,minimum,-0.12656664848327637
11.95853042602539,2.2337050437927246,-0.32864946126937866,4.717610836029053,False,family-00389-sum_mod_10,family-00389,False,0.06052597984671593,0.5,medium,0,0.4216722249984741,False,0.0,11,0.07958608865737915,sum_mod_10,-0.019060108810663223
6.197782516479492,1.7102476358413696,-0.06921413540840149,5.551426887512207,False,family-00389-sum_mod_10,family-00389,False,0.06052597984671593,0.5,medium,1,0.5228549242019653,False,0.049827927504336386,11,0.051808129996061325,sum_mod_10,0.008717849850654602
3.568220853805542,0.6721362471580505,0.41184771060943604,6.027036190032959,False,family-00389-sum_mod_10,family-00389,False,0.06052597984671593,0.5,medium,2,0.5179752111434937,False,0.0,11,0.10146210342645645,sum_mod_10,-0.040936123579740524
5.60437536239624,1.5176212787628174,0.5901007652282715,9.237591743469238,False,family-00389-sum_mod_10,family-00389,False,0.06052597984671593,0.5,medium,3,0.609796941280365,False,0.0,11,0.08716928958892822,sum_mod_10,-0.026643309742212296
