candidate_update_norm,causal_utility,distractor,e1_candidate_harmful_cell,example_id,family_id,gate,gate_entropy,goal_identifiability,layer,relative_update_norm,residual_norm,seed,task
5.55570125579834,0.09792083501815796,True,False,family-00300-maximum,family-00300,0.9887803792953491,0.06153356406557892,1.0,0,0.5029641304984094,11.045919418334961,55,maximum
5.806519508361816,-0.3169475793838501,True,False,family-00300-maximum,family-00300,0.9614759087562561,0.1632249262585554,1.0,1,0.6313447478245919,9.197066307067871,55,maximum
8.477458953857422,0.3708460330963135,True,False,family-00300-maximum,family-00300,0.9807580709457397,0.09507399243475595,1.0,2,0.8011241545701719,10.581954002380371,55,maximum
6.926316261291504,0.2702334523200989,True,False,family-00300-maximum,family-00300,0.9936105608940125,0.038655513943635054,1.0,3,0.5040505424076976,13.741312980651855,55,maximum
6.026740074157715,0.013600707054138184,True,False,family-00300-minimum,family-00300,0.9864903688430786,0.07156817603404184,0.5,0,0.5158855233648285,11.682320594787598,55,minimum
9.43725872039795,0.8035107254981995,True,False,family-00300-minimum,family-00300,0.9718807339668274,0.12814250446122305,0.5,1,0.8869337460061607,10.64031982421875,55,minimum
7.0955376625061035,0.05551707744598389,True,False,family-00300-minimum,family-00300,0.9820039868354797,0.09013397785587605,0.5,2,0.548452894278744,12.937369346618652,55,minimum
8.990548133850098,0.16133511066436768,True,False,family-00300-minimum,family-00300,0.9902291893959045,0.054945708398366926,0.5,3,0.5667388570987141,15.863652229309082,55,minimum
5.348067283630371,-0.07608801871538162,False,False,family-00300-sum_mod_10,family-00300,0.983428418636322,0.0843780854806949,0.0,0,0.5234191316132609,10.217561721801758,55,sum_mod_10
4.765270233154297,0.012167446315288544,False,False,family-00300-sum_mod_10,family-00300,0.9446624517440796,0.21394104052120988,0.0,1,0.46251384742067725,10.302978515625,55,sum_mod_10
5.3672943115234375,-0.010404162108898163,False,False,family-00300-sum_mod_10,family-00300,0.9720141887664795,0.12766937736111586,0.0,2,0.458697235093727,11.701169967651367,55,sum_mod_10
8.551010131835938,-0.000909898430109024,False,True,family-00300-sum_mod_10,family-00300,0.9923648834228516,0.04482706556382957,0.0,3,0.6170833085287846,13.85714054107666,55,sum_mod_10
6.554085731506348,0.6229749917984009,True,False,family-00301-maximum,family-00301,0.9887803792953491,0.06153356406557892,0.5,0,0.5933490444106732,11.045919418334961,55,maximum
3.9684484004974365,0.2493550181388855,True,False,family-00301-maximum,family-00301,0.9619570374488831,0.1616739085384533,0.5,1,0.4222450775429739,9.39844799041748,55,maximum
9.374814987182617,0.15214180946350098,True,False,family-00301-maximum,family-00301,0.9754898548126221,0.11510728198850362,0.5,2,1.020696551093981,9.184722900390625,55,maximum
11.1317138671875,0.6386526226997375,True,False,family-00301-maximum,family-00301,0.9911638498306274,0.050582301765934264,0.5,3,0.7933917193393433,14.030539512634277,55,maximum
6.135571002960205,0.02835749462246895,False,False,family-00301-minimum,family-00301,0.9887405037879944,0.06171208723210733,0.0,0,0.5001382576105042,12.267749786376953,55,minimum
4.37733268737793,0.02734363079071045,False,False,family-00301-minimum,family-00301,0.9751763939857483,0.11625997917582895,0.0,1,0.4314241124064583,10.146240234375,55,minimum
7.5218281745910645,-0.017325416207313538,False,False,family-00301-minimum,family-00301,0.9730147123336792,0.12410123045796218,0.0,2,0.7921515792746807,9.495440483093262,55,minimum
8.091447830200195,0.018242761492729187,False,False,family-00301-minimum,family-00301,0.9779008030891418,0.10610005880797765,0.0,3,0.8396144531480775,9.637099266052246,55,minimum
7.436246395111084,-0.05253477394580841,False,False,family-00301-sum_mod_10,family-00301,0.9829602241516113,0.08628322608637254,1.0,0,0.7049475077623636,10.548652648925781,55,sum_mod_10
4.623166561126709,0.00861811637878418,False,False,family-00301-sum_mod_10,family-00301,0.9692546129226685,0.1373237364785231,1.0,1,0.4971722844079668,9.298922538757324,55,sum_mod_10
5.638095378875732,0.04752910137176514,False,False,family-00301-sum_mod_10,family-00301,0.9533969759941101,0.18838888834708237,1.0,2,0.5734866214587855,9.831258773803711,55,sum_mod_10
11.169261932373047,-0.01995660364627838,False,True,family-00301-sum_mod_10,family-00301,0.9847509860992432,0.07892244378279992,1.0,3,0.903434956928817,12.363105773925781,55,sum_mod_10
7.1735334396362305,0.1570110023021698,False,False,family-00302-maximum,family-00302,0.9877796173095703,0.06597191650829523,0.0,0,0.565836964975481,12.677739143371582,55,maximum
5.1574907302856445,0.048574090003967285,False,False,family-00302-maximum,family-00302,0.9789464473724365,0.1021115097509076,0.0,1,0.45807142345904417,11.259140968322754,55,maximum
12.352423667907715,0.0343664288520813,False,False,family-00302-maximum,family-00302,0.9804994463920593,0.09608894169016326,0.0,2,1.0792293313429284,11.445596694946289,55,maximum
8.143165588378906,0.3680768609046936,False,False,family-00302-maximum,family-00302,0.9968546032905579,0.021263639504494242,0.0,3,0.4559607161764252,17.859357833862305,55,maximum
5.750521659851074,0.16569161415100098,True,False,family-00302-minimum,family-00302,0.9855624437332153,0.07551807254050555,1.0,0,0.5370383432968299,10.707841873168945,55,minimum
3.829974889755249,-0.005327999591827393,True,False,family-00302-minimum,family-00302,0.966593325138092,0.14639162522400986,1.0,1,0.41160816960305013,9.30490493774414,55,minimum
10.519377708435059,0.4377320110797882,True,False,family-00302-minimum,family-00302,0.9770987629890442,0.10912497392893802,1.0,2,1.0730638797118877,9.803123474121094,55,minimum
10.073554992675781,0.1650715470314026,True,False,family-00302-minimum,family-00302,0.9809629917144775,0.09426728444518198,1.0,3,0.7491579419420907,13.446503639221191,55,minimum
7.061598300933838,0.03642475605010986,False,False,family-00302-sum_mod_10,family-00302,0.9877796173095703,0.06597191650829523,0.5,0,0.5570076983817669,12.677739143371582,55,sum_mod_10
5.008388996124268,-0.13264121115207672,False,False,family-00302-sum_mod_10,family-00302,0.9814994931221008,0.09214453693866231,0.5,1,0.41019666283053446,12.209726333618164,55,sum_mod_10
7.009873867034912,0.1097305417060852,False,False,family-00302-sum_mod_10,family-00302,0.987957775592804,0.06518806111085222,0.5,2,0.5427004198287461,12.916654586791992,55,sum_mod_10
12.92277717590332,-0.11627097427845001,False,True,family-00302-sum_mod_10,family-00302,0.9967318773269653,0.02196800595552759,0.5,3,0.822704895230229,15.707670211791992,55,sum_mod_10
6.456147193908691,-0.02169683761894703,False,False,family-00303-maximum,family-00303,0.9839814305305481,0.08211045411503394,1.0,0,0.6158607294140829,10.483128547668457,55,maximum
6.172021865844727,-0.015352118760347366,False,False,family-00303-maximum,family-00303,0.9699711203575134,0.1348425423411545,1.0,1,0.5752872243137266,10.728591918945312,55,maximum
6.740251541137695,0.0009098462760448456,False,False,family-00303-maximum,family-00303,0.9902024269104004,0.05506927494781723,1.0,2,0.5393448039822438,12.497110366821289,55,maximum
5.844266891479492,-0.002422872930765152,False,False,family-00303-maximum,family-00303,0.9979408383369446,0.014793894694126621,1.0,3,0.39427332756950784,14.822881698608398,55,maximum
5.1144537925720215,0.14327621459960938,False,False,family-00303-minimum,family-00303,0.974578320980072,0.11844806858634942,0.5,0,0.5356069866989456,9.548892974853516,55,minimum
8.212438583374023,0.006500124931335449,False,False,family-00303-minimum,family-00303,0.9695120453834534,0.13643427684406012,0.5,1,0.9348578036519459,8.784692764282227,55,minimum
8.412781715393066,0.1085396409034729,False,False,family-00303-minimum,family-00303,0.9806298613548279,0.0955775797847151,0.5,2,0.7588543274685425,11.086161613464355,55,minimum
7.89507532119751,0.29174166917800903,False,False,family-00303-minimum,family-00303,0.988628089427948,0.06221460052571862,0.5,3,0.4844034372302559,16.298553466796875,55,minimum
6.131626605987549,-0.0035058334469795227,True,False,family-00303-sum_mod_10,family-00303,0.9826276898384094,0.08762837872362726,0.0,0,0.522896135425999,11.726280212402344,55,sum_mod_10
4.490851402282715,-0.0004733763635158539,True,False,family-00303-sum_mod_10,family-00303,0.9804777503013611,0.09617392640722602,0.0,1,0.3990619964849656,11.253518104553223,55,sum_mod_10
6.679703712463379,0.0027451906353235245,True,False,family-00303-sum_mod_10,family-00303,0.9910376071929932,0.051177265029416136,0.0,2,0.5612084329451793,11.902358055114746,55,sum_mod_10
8.387530326843262,0.0037917718291282654,True,True,family-00303-sum_mod_10,family-00303,0.9985113739967346,0.011178326443230035,0.0,3,0.5839478921085501,14.36349105834961,55,sum_mod_10
7.729174613952637,0.32994839549064636,True,False,family-00304-maximum,family-00304,0.9864903688430786,0.07156817603404184,0.5,0,0.661612951916525,11.682320594787598,55,maximum
3.708820343017578,0.15726333856582642,True,False,family-00304-maximum,family-00304,0.9635730981826782,0.15641744403065608,0.5,1,0.36166310457520595,10.254903793334961,55,maximum
8.890549659729004,-0.10086846351623535,True,False,family-00304-maximum,family-00304,0.9795088768005371,0.09994437214459301,0.5,2,0.8552225781871671,10.395597457885742,55,maximum
9.654973983764648,0.11993828415870667,True,False,family-00304-maximum,family-00304,0.9948710203170776,0.032160136911979054,0.5,3,0.6068010319240257,15.91126823425293,55,maximum
7.624825477600098,0.009627189487218857,False,False,family-00304-minimum,family-00304,0.9829602241516113,0.08628322608637254,0.0,0,0.7228245854105898,10.548652648925781,55,minimum
4.1724114418029785,0.013916442170739174,False,False,family-00304-minimum,family-00304,0.961818516254425,0.1621211052774055,0.0,1,0.4815698500141826,8.66418743133545,55,minimum
5.054332256317139,-0.005618635565042496,False,False,family-00304-minimum,family-00304,0.9361774921417236,0.23735824856963444,0.0,2,0.614552916459974,8.224405288696289,55,minimum
5.638387203216553,0.005276426672935486,False,False,family-00304-minimum,family-00304,0.9402586817741394,0.2262551564351047,0.0,3,0.6253335678576709,9.016607284545898,55,minimum
7.582067012786865,-0.02384774200618267,True,False,family-00304-sum_mod_10,family-00304,0.9893701076507568,0.05887633043393764,1.0,0,0.6576610354225236,11.528837203979492,55,sum_mod_10
2.7780203819274902,0.001912897452712059,True,False,family-00304-sum_mod_10,family-00304,0.9564334154129028,0.17911783134769255,1.0,1,0.31302852397404574,8.874655723571777,55,sum_mod_10
6.358432292938232,-0.014909965917468071,True,False,family-00304-sum_mod_10,family-00304,0.9866300821304321,0.07096796631007006,1.0,2,0.7025759363324297,9.0501708984375,55,sum_mod_10
12.189691543579102,0.010541182942688465,True,True,family-00304-sum_mod_10,family-00304,0.9933125376701355,0.04015265795399069,1.0,3,1.0679411402485193,11.41419792175293,55,sum_mod_10
7.718942165374756,0.18434399366378784,False,False,family-00305-maximum,family-00305,0.9877796173095703,0.06597191650829523,0.0,0,0.608857942104805,12.677739143371582,55,maximum
5.1679158210754395,-0.03047168254852295,False,False,family-00305-maximum,family-00305,0.9798953533172607,0.09844610047937989,0.0,1,0.4546272338614097,11.367369651794434,55,maximum
9.769478797912598,0.527228057384491,False,False,family-00305-maximum,family-00305,0.9842183589935303,0.0811330268436274,0.0,2,0.8205028290974897,11.906697273254395,55,maximum
9.68140697479248,0.16831836104393005,False,False,family-00305-maximum,family-00305,0.9983541965484619,0.012193269363933307,0.0,3,0.598784381161217,16.16843605041504,55,maximum
7.452944278717041,-0.016814470291137695,False,False,family-00305-minimum,family-00305,0.9877511262893677,0.06609702556704718,1.0,0,0.7031115312497722,10.599946022033691,55,minimum
4.000584602355957,-0.00754016637802124,False,False,family-00305-minimum,family-00305,0.9600714445114136,0.16771702673058597,1.0,1,0.4133428530522796,9.678610801696777,55,minimum
7.075793743133545,0.5418596267700195,False,False,family-00305-minimum,family-00305,0.9718371629714966,0.1282968321145287,1.0,2,0.6904011217622738,10.248815536499023,55,minimum
8.129837989807129,0.2631117105484009,False,False,family-00305-minimum,family-00305,0.9791617393493652,0.10128378787064833,1.0,3,0.7301972686147666,11.133755683898926,55,minimum
5.35893440246582,0.01691829413175583,True,False,family-00305-sum_mod_10,family-00305,0.9765461683273315,0.11119231075754603,0.5,0,0.47904634206973595,11.18667221069336,55,sum_mod_10
3.716811180114746,0.020993150770664215,True,False,family-00305-sum_mod_10,family-00305,0.9562335014343262,0.17973487091233953,0.5,1,0.33296841465674476,11.162653923034668,55,sum_mod_10
5.463018894195557,0.02090071514248848,True,False,family-00305-sum_mod_10,family-00305,0.9878515601158142,0.06565570340636614,0.5,2,0.46564334265233925,11.732195854187012,55,sum_mod_10
12.115442276000977,0.003054950386285782,True,True,family-00305-sum_mod_10,family-00305,0.9965613484382629,0.022939088358709565,0.5,3,0.8795922291283682,13.773930549621582,55,sum_mod_10
6.367440223693848,0.38534098863601685,True,False,family-00306-maximum,family-00306,0.9864903688430786,0.07156817603404184,1.0,0,0.5450492624329163,11.682320594787598,55,maximum
7.487283229827881,-0.03690570592880249,True,False,family-00306-maximum,family-00306,0.9655410647392273,0.1499155307777368,1.0,1,0.6807456827932562,10.998649597167969,55,maximum
5.686202049255371,0.05769968032836914,True,False,family-00306-maximum,family-00306,0.9862586259841919,0.07256052327057239,1.0,2,0.4896061999111347,11.6138277053833,55,maximum
9.35006332397461,0.4101797938346863,True,False,family-00306-maximum,family-00306,0.9959420561790466,0.026397115926797797,1.0,3,0.6800842744542592,13.74838924407959,55,maximum
5.5794677734375,0.05345165729522705,True,False,family-00306-minimum,family-00306,0.9709007740020752,0.13159691008851393,0.5,0,0.5714989596181812,9.762866020202637,55,minimum
8.835739135742188,0.8186407089233398,True,False,family-00306-minimum,family-00306,0.9700164198875427,0.13468508639685223,0.5,1,0.836775649564007,10.559268951416016,55,minimum
8.460662841796875,0.1552298665046692,True,False,family-00306-minimum,family-00306,0.9811551570892334,0.09350874775408477,0.5,2,0.6997770358171171,12.0905122756958,55,minimum
5.752042293548584,0.08845943212509155,True,False,family-00306-minimum,family-00306,0.976111650466919,0.11280852560254165,0.5,3,0.3366818592863841,17.084503173828125,55,minimum
6.229151725769043,-0.005604337900876999,False,False,family-00306-sum_mod_10,family-00306,0.9877796173095703,0.06597191650829523,0.0,0,0.4913456299521581,12.677739143371582,55,sum_mod_10
7.797440052032471,-0.001228107139468193,False,False,family-00306-sum_mod_10,family-00306,0.9833009243011475,0.0848981927330323,0.0,1,0.6856435799242038,11.37243938446045,55,sum_mod_10
5.054120063781738,-0.005447898060083389,False,False,family-00306-sum_mod_10,family-00306,0.9873441457748413,0.06787689736406194,0.0,2,0.3800929930330532,13.297061920166016,55,sum_mod_10
8.62227725982666,-0.0025185290724039078,False,True,family-00306-sum_mod_10,family-00306,0.9944630265235901,0.03429343138355481,0.0,3,0.5770146308811869,14.942909240722656,55,sum_mod_10
7.446855068206787,-0.024837464094161987,False,False,family-00307-maximum,family-00307,0.974578320980072,0.11844806858634942,0.5,0,0.7798658009695648,9.548892974853516,55,maximum
6.416045665740967,0.030380599200725555,False,False,family-00307-maximum,family-00307,0.9683530330657959,0.14042138576809074,0.5,1,0.6452790985348332,9.943055152893066,55,maximum
7.203075408935547,0.0824899822473526,False,False,family-00307-maximum,family-00307,0.9836542010307312,0.08345456462269782,0.5,2,0.6616172866617969,10.887072563171387,55,maximum
6.157011985778809,0.04803399369120598,False,False,family-00307-maximum,family-00307,0.9942790269851685,0.03524548692385301,0.5,3,0.48103422326335493,12.799530029296875,55,maximum
5.623798370361328,0.45251718163490295,True,False,family-00307-minimum,family-00307,0.9872077107429504,0.0684705887761132,0.0,0,0.5622082110897352,10.003052711486816,55,minimum
6.736436367034912,0.5085972547531128,True,False,family-00307-minimum,family-00307,0.9674326777458191,0.1435561868715654,0.0,1,0.8783491600761454,7.669428825378418,55,minimum
9.969179153442383,0.3935762047767639,True,False,family-00307-minimum,family-00307,0.9810906052589417,0.09376377574626134,0.0,2,1.0516695718065878,9.47938346862793,55,minimum
6.54283332824707,0.03628087043762207,True,False,family-00307-minimum,family-00307,0.9579169154167175,0.1745087182844442,0.0,3,0.41957223148331957,15.594057083129883,55,minimum
6.129347324371338,-0.01564636081457138,False,False,family-00307-sum_mod_10,family-00307,0.9829602241516113,0.08628322608637254,1.0,0,0.5810549961558852,10.548652648925781,55,sum_mod_10
7.301333904266357,-0.027167953550815582,False,False,family-00307-sum_mod_10,family-00307,0.9700013995170593,0.13473730328669617,1.0,1,0.767841294818929,9.508910179138184,55,sum_mod_10
5.7636399269104,-0.05182468146085739,False,False,family-00307-sum_mod_10,family-00307,0.967250645160675,0.14417299570022452,1.0,2,0.48337438758541174,11.923759460449219,55,sum_mod_10
9.395458221435547,0.018685705959796906,False,True,family-00307-sum_mod_10,family-00307,0.985181450843811,0.07712209311886221,1.0,3,0.6510118820704525,14.432084083557129,55,sum_mod_10
6.261547088623047,0.26595592498779297,True,False,family-00308-maximum,family-00308,0.9893701076507568,0.05887633043393764,0.0,0,0.5431204359847933,11.528837203979492,55,maximum
4.233583450317383,-0.005228102207183838,True,False,family-00308-maximum,family-00308,0.9610298871994019,0.16465718491989675,0.0,1,0.43750623356851054,9.676624298095703,55,maximum
9.162346839904785,0.7247782349586487,True,False,family-00308-maximum,family-00308,0.985901415348053,0.07408239767186282,0.0,2,0.9335514537778479,9.814506530761719,55,maximum
10.929620742797852,0.649233341217041,True,False,family-00308-maximum,family-00308,0.9969248175621033,0.020858506981199173,0.0,3,0.7792815225657367,14.025253295898438,55,maximum
6.420535564422607,0.048648688942193985,True,False,family-00308-minimum,family-00308,0.9872077107429504,0.0684705887761132,1.0,0,0.6418576158305861,10.003052711486816,55,minimum
4.439750671386719,0.09519129991531372,True,False,family-00308-minimum,family-00308,0.9707861542701721,0.13199870804401306,1.0,1,0.5388822947782747,8.238813400268555,55,minimum
8.04572582244873,0.044404368847608566,True,False,family-00308-minimum,family-00308,0.9792860150337219,0.10080495895289063,1.0,2,0.9260991627125807,8.687758445739746,55,minimum
8.649385452270508,0.0808175578713417,True,False,family-00308-minimum,family-00308,0.9827466011047363,0.08714811472764841,1.0,3,0.7772787533013533,11.127778053283691,55,minimum
5.646658420562744,-0.07167043536901474,False,False,family-00308-sum_mod_10,family-00308,0.982559323310852,0.08790412505115772,0.5,0,0.5267288901691249,10.720236778259277,55,sum_mod_10
5.883630752563477,-0.03302380442619324,False,False,family-00308-sum_mod_10,family-00308,0.9576893448829651,0.17521926117516007,0.5,1,0.6706161647453979,8.773469924926758,55,sum_mod_10
6.032351016998291,-0.005702197551727295,False,False,family-00308-sum_mod_10,family-00308,0.975284218788147,0.1158639329004779,0.5,2,0.6688711304683816,9.018704414367676,55,sum_mod_10
14.585564613342285,-0.03533576428890228,False,True,family-00308-sum_mod_10,family-00308,0.9882273077964783,0.06399709728761503,0.5,3,1.3304831690854741,10.962607383728027,55,sum_mod_10
7.037052154541016,0.32923978567123413,False,False,family-00309-maximum,family-00309,0.9877511262893677,0.06609702556704718,1.0,0,0.6638762253990135,10.599946022033691,55,maximum
4.175715446472168,0.0010878443717956543,False,False,family-00309-maximum,family-00309,0.9524683952331543,0.1911820422342865,1.0,1,0.5163597361214954,8.086833953857422,55,maximum
10.07642936706543,0.0036484599113464355,False,False,family-00309-maximum,family-00309,0.9658019542694092,0.1490449814207152,1.0,2,1.160770131874861,8.680813789367676,55,maximum
12.77044677734375,0.6955759525299072,False,False,family-00309-maximum,family-00309,0.9866899251937866,0.07071042812159595,1.0,3,0.9556354210972536,13.363304138183594,55,maximum
6.140950679779053,0.18064039945602417,True,False,family-00309-minimum,family-00309,0.9807712435722351,0.09502220315779537,0.5,0,0.5744945267253451,10.689311027526855,55,minimum
4.6103034019470215,0.09934079647064209,True,False,family-00309-minimum,family-00309,0.9598988890647888,0.16826535071900134,0.5,1,0.5226339782057707,8.821285247802734,55,minimum
10.911680221557617,0.2540947198867798,True,False,family-00309-minimum,family-00309,0.9772246479988098,0.10865212280408872,0.5,2,1.2158422448883086,8.97458553314209,55,minimum
8.275163650512695,0.3316042721271515,True,False,family-00309-minimum,family-00309,0.9853693842887878,0.07633213186674413,0.5,3,0.6047365092657653,13.683916091918945,55,minimum
6.601187705993652,-0.018791943788528442,False,False,family-00309-sum_mod_10,family-00309,0.9682032465934753,0.14093343296117808,0.0,0,0.619524788386258,10.655243873596191,55,sum_mod_10
4.356935977935791,-0.13165253400802612,False,False,family-00309-sum_mod_10,family-00309,0.9622109532356262,0.1608528133610499,0.0,1,0.392462790768396,11.101526260375977,55,sum_mod_10
7.787413120269775,0.2833908796310425,False,False,family-00309-sum_mod_10,family-00309,0.9835132956504822,0.08403128105239516,0.0,2,0.6303929720056758,12.353267669677734,55,sum_mod_10
7.754064083099365,-0.05039915442466736,False,True,family-00309-sum_mod_10,family-00309,0.9937360286712646,0.038021067901976596,0.0,3,0.4835397362237667,16.036043167114258,55,sum_mod_10
5.121713638305664,0.14636027812957764,False,False,family-00310-maximum,family-00310,0.982559323310852,0.08790412505115772,0.5,0,0.4777612420550765,10.720236778259277,55,maximum
5.910278797149658,0.14525896310806274,False,False,family-00310-maximum,family-00310,0.9487074613571167,0.20230360038168554,0.5,1,0.6982956289371813,8.463863372802734,55,maximum
10.14892578125,0.2702435255050659,False,False,family-00310-maximum,family-00310,0.9664681553840637,0.14681258190747223,0.5,2,1.1090408350404513,9.151083946228027,55,maximum
7.0898613929748535,0.1795610785484314,False,False,family-00310-maximum,family-00310,0.9892058372497559,0.05961975717374893,0.5,3,0.5501621012471758,12.886858940124512,55,maximum
5.22346305847168,0.3290233910083771,True,False,family-00310-minimum,family-00310,0.9893701076507568,0.05887633043393764,0.0,0,0.4530780482066881,11.528837203979492,55,minimum
6.362831115722656,0.46696197986602783,True,False,family-00310-minimum,family-00310,0.9616040587425232,0.16281242203178709,0.0,1,0.5934106710378508,10.722475051879883,55,minimum
7.456905364990234,-0.056139349937438965,True,False,family-00310-minimum,family-00310,0.9854010939598083,0.0761986024157684,0.0,2,0.6113419013577128,12.197602272033691,55,minimum
7.364875316619873,-0.03481060266494751,True,False,family-00310-minimum,family-00310,0.9783009886741638,0.10457968133301246,0.0,3,0.4993279151007639,14.749576568603516,55,minimum
6.533389568328857,0.004608526825904846,False,False,family-00310-sum_mod_10,family-00310,0.9877796173095703,0.06597191650829523,1.0,0,0.5153434294903259,12.677739143371582,55,sum_mod_10
7.653998374938965,-0.05370105803012848,False,False,family-00310-sum_mod_10,family-00310,0.9790104627609253,0.1018656290660378,1.0,1,0.6965018952077716,10.9891996383667,55,sum_mod_10
7.70284366607666,0.020894449204206467,False,False,family-00310-sum_mod_10,family-00310,0.9764635562896729,0.11150022124981905,1.0,2,0.5905271802046523,13.044012069702148,55,sum_mod_10
13.208165168762207,0.0233321376144886,False,True,family-00310-sum_mod_10,family-00310,0.990402340888977,0.05414444330600921,1.0,3,0.82918529097324,15.92908763885498,55,sum_mod_10
7.775892734527588,0.34197843074798584,True,False,family-00311-maximum,family-00311,0.9872077107429504,0.0684705887761132,0.0,0,0.7773519703238481,10.003052711486816,55,maximum
6.330679416656494,0.019361793994903564,True,False,family-00311-maximum,family-00311,0.9653982520103455,0.15039120812789608,0.0,1,0.7055369067776389,8.972853660583496,55,maximum
9.084546089172363,0.14803290367126465,True,False,family-00311-maximum,family-00311,0.9858570098876953,0.07427093820597655,0.0,2,1.0078528378483465,9.013762474060059,55,maximum
12.05859661102295,0.637786865234375,True,False,family-00311-maximum,family-00311,0.9953580498695374,0.029570596996277614,0.0,3,0.9517553235531,12.669849395751953,55,maximum
6.194453716278076,0.054346829652786255,False,False,family-00311-minimum,family-00311,0.9839814305305481,0.08211045411503394,1.0,0,0.5908974299142576,10.483128547668457,55,minimum
7.356069087982178,0.1934419423341751,False,False,family-00311-minimum,family-00311,0.9707829356193542,0.1320099842868609,1.0,1,0.6834490860214529,10.763155937194824,55,minimum
11.008277893066406,0.2579413056373596,False,False,family-00311-minimum,family-00311,0.9848831295967102,0.07837110325483188,1.0,2,0.9157777586665952,12.020687103271484,55,minimum
7.404446601867676,0.05248284339904785,False,False,family-00311-minimum,family-00311,0.9703856110572815,0.1333991804996976,1.0,3,0.4017399447362928,18.430944442749023,55,minimum
6.334991455078125,-0.002015594393014908,False,False,family-00311-sum_mod_10,family-00311,0.982559323310852,0.08790412505115772,0.5,0,0.590937643086908,10.720236778259277,55,sum_mod_10
8.072762489318848,-0.018618792295455933,False,False,family-00311-sum_mod_10,family-00311,0.95604407787323,0.1803186503688143,0.5,1,0.8058083776643975,10.018216133117676,55,sum_mod_10
5.302128791809082,0.005651242099702358,False,False,family-00311-sum_mod_10,family-00311,0.9832577109336853,0.08507425466953289,0.5,2,0.409779831837761,12.938969612121582,55,sum_mod_10
13.072436332702637,0.014147692359983921,False,True,family-00311-sum_mod_10,family-00311,0.9927502870559692,0.0429412079579979,0.5,3,0.9110825586800757,14.348245620727539,55,sum_mod_10
5.723011016845703,0.2141847014427185,True,False,family-00312-maximum,family-00312,0.9807712435722351,0.09502220315779537,1.0,0,0.535395686598317,10.689311027526855,55,maximum
5.812344551086426,0.058863669633865356,True,False,family-00312-maximum,family-00312,0.961759090423584,0.1623127931837799,1.0,1,0.626666355459415,9.275022506713867,55,maximum
8.05847454071045,0.01446765661239624,True,False,family-00312-maximum,family-00312,0.9860042929649353,0.07364504521728585,1.0,2,0.7534356309109013,10.695637702941895,55,maximum
7.884827136993408,0.2758347988128662,True,False,family-00312-maximum,family-00312,0.9964525699615479,0.023554070075256513,1.0,3,0.5902905259255917,13.357536315917969,55,maximum
4.973670482635498,-0.021815836429595947,False,False,family-00312-minimum,family-00312,0.982559323310852,0.08790412505115772,0.5,0,0.4639515512122027,10.720236778259277,55,minimum
8.16037654876709,0.5858269333839417,False,False,family-00312-minimum,family-00312,0.958564281463623,0.1724804011663976,0.5,1,0.9318379175766219,8.757291793823242,55,minimum
6.823792457580566,0.23417609930038452,False,False,family-00312-minimum,family-00312,0.9709762930870056,0.1313319249227905,0.5,2,0.6481898191857443,10.527460098266602,55,minimum
9.600947380065918,0.25763529539108276,False,False,family-00312-minimum,family-00312,0.9830524921417236,0.08590882310744344,0.5,3,0.6466509763397055,14.847186088562012,55,minimum
4.069745063781738,0.01807953417301178,True,False,family-00312-sum_mod_10,family-00312,0.9765461683273315,0.11119231075754603,0.0,0,0.36380301372301427,11.18667221069336,55,sum_mod_10
6.231024265289307,0.016431018710136414,True,False,family-00312-sum_mod_10,family-00312,0.9598775506019592,0.16833310347077676,0.0,1,0.5790596932793668,10.760590553283691,55,sum_mod_10
6.293391227722168,0.06579975038766861,True,False,family-00312-sum_mod_10,family-00312,0.9880568981170654,0.06475079221434284,0.0,2,0.5248729077379694,11.990314483642578,55,sum_mod_10
8.378363609313965,0.04765483736991882,True,True,family-00312-sum_mod_10,family-00312,0.9948520064353943,0.03226026107547825,0.0,3,0.6344319049954334,13.206088066101074,55,sum_mod_10
5.58695650100708,0.132276713848114,True,False,family-00313-maximum,family-00313,0.9855624437332153,0.07551807254050555,0.5,0,0.5217630748738019,10.707841873168945,55,maximum
6.153359413146973,-0.011216998100280762,True,False,family-00313-maximum,family-00313,0.9695903658866882,0.13616322625164695,0.5,1,0.6790050311869609,9.062317848205566,55,maximum
9.340886116027832,0.2749338746070862,True,False,family-00313-maximum,family-00313,0.9750197529792786,0.11683447487449836,0.5,2,0.9024690258042206,10.350367546081543,55,maximum
12.688193321228027,0.7286491394042969,True,False,family-00313-maximum,family-00313,0.9952881336212158,0.029945378811915002,0.5,3,0.9283216446541038,13.667884826660156,55,maximum
5.818752288818359,-0.12954503297805786,True,False,family-00313-minimum,family-00313,0.9826276898384094,0.08762837872362726,0.0,0,0.4962146719523327,11.726280212402344,55,minimum
4.757440090179443,-0.06472966820001602,True,False,family-00313-minimum,family-00313,0.9778408408164978,0.10632722473092103,0.0,1,0.4364118163877026,10.901263236999512,55,minimum
6.021568775177002,-0.1361488699913025,True,False,family-00313-minimum,family-00313,0.9817367792129517,0.09120064969775168,0.0,2,0.5608648144779274,10.736221313476562,55,minimum
8.330537796020508,-0.09443823248147964,True,False,family-00313-minimum,family-00313,0.9900524020195007,0.055760601868985654,0.0,3,0.7023983353182562,11.860133171081543,55,minimum
5.502853870391846,-0.008838213980197906,True,False,family-00313-sum_mod_10,family-00313,0.9893701076507568,0.05887633043393764,1.0,0,0.4773121324405887,11.528837203979492,55,sum_mod_10
4.288807392120361,-0.01286952942609787,True,False,family-00313-sum_mod_10,family-00313,0.9636131525039673,0.15628622961628796,1.0,1,0.4042235047950268,10.609990119934082,55,sum_mod_10
7.233546733856201,-0.004148907959461212,True,False,family-00313-sum_mod_10,family-00313,0.9872510433197021,0.06828218932991276,1.0,2,0.6327968702393757,11.431072235107422,55,sum_mod_10
12.806180953979492,0.03522811457514763,True,True,family-00313-sum_mod_10,family-00313,0.9964262843132019,0.02370217049346716,1.0,3,0.9123425766627075,14.036592483520508,55,sum_mod_10
7.257540702819824,0.19990253448486328,False,False,family-00314-maximum,family-00314,0.9887405037879944,0.06171208723210733,0.0,0,0.5915951033562122,12.267749786376953,55,maximum
3.878284454345703,0.09763956069946289,False,False,family-00314-maximum,family-00314,0.9733789563179016,0.12279283909637831,0.0,1,0.3932056539491358,9.86324691772461,55,maximum
8.005497932434082,0.2500174045562744,False,False,family-00314-maximum,family-00314,0.9761983156204224,0.11248682050936298,0.0,2,0.8328503697109927,9.612168312072754,55,maximum
10.82753849029541,0.3477407693862915,False,False,family-00314-maximum,family-00314,0.9928841590881348,0.042281369447048474,0.0,3,0.8051245034053722,13.448278427124023,55,maximum
7.110633850097656,-0.08571909368038177,True,False,family-00314-minimum,family-00314,0.9855624437332153,0.07551807254050555,1.0,0,0.6640585408638735,10.707841873168945,55,minimum
4.299325466156006,0.04071927070617676,True,False,family-00314-minimum,family-00314,0.9668672680854797,0.1454686360462178,1.0,1,0.4667720108430333,9.210761070251465,55,minimum
9.055442810058594,-0.3793216943740845,True,False,family-00314-minimum,family-00314,0.9690176844596863,0.1381403866983783,1.0,2,0.885848609236566,10.222336769104004,55,minimum
8.917287826538086,0.10036023706197739,True,False,family-00314-minimum,family-00314,0.9652389287948608,0.15092115781361357,1.0,3,0.7027516237847403,12.689103126525879,55,minimum
5.469672203063965,-0.04615619778633118,True,False,family-00314-sum_mod_10,family-00314,0.9765461683273315,0.11119231075754603,0.5,0,0.48894542541753355,11.18667221069336,55,sum_mod_10
3.8719775676727295,-0.010660886764526367,True,False,family-00314-sum_mod_10,family-00314,0.9552281498908997,0.18282352113140174,0.5,1,0.3694442606856688,10.480545997619629,55,sum_mod_10
5.427665710449219,0.015789709985256195,True,False,family-00314-sum_mod_10,family-00314,0.9837862849235535,0.0829128328576941,0.5,2,0.507793853889575,10.688718795776367,55,sum_mod_10
14.689559936523438,-0.019569464027881622,True,True,family-00314-sum_mod_10,family-00314,0.9884390234947205,0.06305723129724317,0.5,3,1.155060683144494,12.717565536499023,55,sum_mod_10
5.3523173332214355,0.14438939094543457,False,False,family-00315-maximum,family-00315,0.982251763343811,0.0891412644236175,1.0,0,0.5731924146708688,9.337732315063477,55,maximum
4.779977798461914,0.009197473526000977,False,False,family-00315-maximum,family-00315,0.9683578610420227,0.1404048691011916,1.0,1,0.5828047048372196,8.201680183410645,55,maximum
9.356969833374023,0.08635294437408447,False,False,family-00315-maximum,family-00315,0.9680131077766418,0.14158237592066814,1.0,2,1.1199880461478964,8.35452651977539,55,maximum
14.132529258728027,0.4515203535556793,False,False,family-00315-maximum,family-00315,0.9915322661399841,0.048835508356230704,1.0,3,1.0427358985375552,13.553316116333008,55,maximum
4.078118324279785,-0.07342451810836792,False,False,family-00315-minimum,family-00315,0.974578320980072,0.11844806858634942,0.5,0,0.42707760313360776,9.548892974853516,55,minimum
4.1766252517700195,-0.09971258044242859,False,False,family-00315-minimum,family-00315,0.9728821516036987,0.1245761408204884,0.5,1,0.48413217096159206,8.627035140991211,55,minimum
8.073922157287598,0.38573434948921204,False,False,family-00315-minimum,family-00315,0.9719552993774414,0.12787823394278033,0.5,2,0.9544315610426131,8.459403991699219,55,minimum
9.539484977722168,0.15391308069229126,False,False,family-00315-minimum,family-00315,0.9820007681846619,0.09014685038010992,0.5,3,0.8708586575166889,10.954113960266113,55,minimum
5.786952495574951,0.09277868270874023,True,False,family-00315-sum_mod_10,family-00315,0.9784067273139954,0.10417670659975296,0.0,0,0.5203469259914942,11.12133502960205,55,sum_mod_10
3.9177002906799316,-0.05519472062587738,True,False,family-00315-sum_mod_10,family-00315,0.9620686173439026,0.1613133069095214,0.0,1,0.3624132928892031,10.81003475189209,55,sum_mod_10
5.540083885192871,0.043356940150260925,True,False,family-00315-sum_mod_10,family-00315,0.9797465801239014,0.09902374632630018,0.0,2,0.4926329348901324,11.245865821838379,55,sum_mod_10
10.019041061401367,0.07239441573619843,True,True,family-00315-sum_mod_10,family-00315,0.9936443567276001,0.03848486643769721,0.0,3,0.7447341259601834,13.453178405761719,55,sum_mod_10
4.750763893127441,0.03012867271900177,False,False,family-00316-maximum,family-00316,0.974578320980072,0.11844806858634942,0.5,0,0.4975198596987438,9.548892974853516,55,maximum
6.546618461608887,-0.33270829916000366,False,False,family-00316-maximum,family-00316,0.9716532230377197,0.12894758065879464,0.5,1,0.7149941854742575,9.156184196472168,55,maximum
10.155570983886719,0.15706223249435425,False,False,family-00316-maximum,family-00316,0.979908287525177,0.09839582750052178,0.5,2,0.9294592452404317,10.926321983337402,55,maximum
7.740279197692871,0.13425135612487793,False,False,family-00316-maximum,family-00316,0.9946703314781189,0.033213410454178936,0.5,3,0.5147651351498769,15.03652572631836,55,maximum
3.7595374584198,0.14730846881866455,True,False,family-00316-minimum,family-00316,0.9765461683273315,0.11119231075754603,0.0,0,0.3360729077970168,11.18667221069336,55,minimum
7.1118903160095215,0.6007131338119507,True,False,family-00316-minimum,family-00316,0.9564566612243652,0.1790460203936564,0.0,1,0.7158448604236635,9.93496036529541,55,minimum
7.137631893157959,-0.015030086040496826,True,False,family-00316-minimum,family-00316,0.9801087975502014,0.09761539026572674,0.0,2,0.612956838928378,11.644591331481934,55,minimum
7.908594608306885,0.11008697748184204,True,False,family-00316-minimum,family-00316,0.9815824031829834,0.09181508803225918,0.0,3,0.5615981361423842,14.08230209350586,55,minimum
4.182793617248535,-0.03999841958284378,True,False,family-00316-sum_mod_10,family-00316,0.9709007740020752,0.13159691008851393,1.0,0,0.4284391088224437,9.762866020202637,55,sum_mod_10
4.913999080657959,0.0384291410446167,True,False,family-00316-sum_mod_10,family-00316,0.9687927961349487,0.13891380681211168,1.0,1,0.5189329343303841,9.469429969787598,55,sum_mod_10
5.561738014221191,-0.01941915601491928,True,False,family-00316-sum_mod_10,family-00316,0.9781342148780823,0.1052141943144758,1.0,2,0.5257208519232439,10.57926082611084,55,sum_mod_10
11.217829704284668,-0.07608302682638168,True,True,family-00316-sum_mod_10,family-00316,0.9952273368835449,0.030270428190848197,1.0,3,0.9069652465926002,12.36853313446045,55,sum_mod_10
8.589208602905273,0.23026853799819946,True,False,family-00317-maximum,family-00317,0.9872077107429504,0.0684705887761132,0.0,0,0.8586587365516947,10.003052711486816,55,maximum
3.500839948654175,-0.0072876811027526855,True,False,family-00317-maximum,family-00317,0.9594695568084717,0.16962627649687112,0.0,1,0.3755136093499074,9.32280445098877,55,maximum
10.107213020324707,0.0418892502784729,True,False,family-00317-maximum,family-00317,0.977120041847229,0.10904509581008241,0.0,2,1.1232520761208085,8.998169898986816,55,maximum
9.551777839660645,0.1341124176979065,True,False,family-00317-maximum,family-00317,0.9945816397666931,0.03367645240158482,0.0,3,0.5953601359469242,16.043697357177734,55,maximum
6.843354225158691,0.6541584730148315,False,False,family-00317-minimum,family-00317,0.982251763343811,0.0891412644236175,1.0,0,0.7328711077012889,9.337732315063477,55,minimum
4.827647686004639,0.5611299276351929,False,False,family-00317-minimum,family-00317,0.9698808193206787,0.13515620824000557,1.0,1,0.5829181330334464,8.281862258911133,55,minimum
7.415690898895264,0.30391252040863037,False,False,family-00317-minimum,family-00317,0.9588603377342224,0.17154929567604674,1.0,2,0.8943765577860259,8.291463851928711,55,minimum
9.815723419189453,0.4819808304309845,False,False,family-00317-minimum,family-00317,0.9654381275177002,0.15025845324931422,1.0,3,0.86034048730938,11.409114837646484,55,minimum
4.963613510131836,-0.014169363304972649,True,False,family-00317-sum_mod_10,family-00317,0.9765461683273315,0.11119231075754603,0.5,0,0.443707781603461,11.18667221069336,55,sum_mod_10
3.6127421855926514,-0.01408798061311245,True,False,family-00317-sum_mod_10,family-00317,0.9581763744354248,0.17369704234876387,0.5,1,0.32721194263400694,11.040985107421875,55,sum_mod_10
4.493185520172119,-0.0071382950991392136,True,False,family-00317-sum_mod_10,family-00317,0.9860842823982239,0.07330446511005284,0.5,2,0.3965891765068729,11.329571723937988,55,sum_mod_10
14.372212409973145,0.0023176781833171844,True,True,family-00317-sum_mod_10,family-00317,0.9931208491325378,0.041108516192284096,0.5,3,1.1046255741516409,13.01093578338623,55,sum_mod_10
6.950695991516113,0.06276452541351318,False,False,family-00318-maximum,family-00318,0.9839814305305481,0.08211045411503394,1.0,0,0.6630364170304877,10.483128547668457,55,maximum
3.839332342147827,0.03711843490600586,False,False,family-00318-maximum,family-00318,0.9685747623443604,0.1396620560556403,1.0,1,0.3861786533658085,9.941855430603027,55,maximum
7.280576705932617,-0.0014843940734863281,False,False,family-00318-maximum,family-00318,0.9801180362701416,0.09757938121823337,1.0,2,0.7458696824368798,9.761191368103027,55,maximum
11.489480018615723,0.23563814163208008,False,False,family-00318-maximum,family-00318,0.9914106130599976,0.0494140634026993,1.0,3,0.8826965267707573,13.016342163085938,55,maximum
6.955254077911377,0.20135831832885742,True,False,family-00318-minimum,family-00318,0.9855624437332153,0.07551807254050555,0.5,0,0.6495477016091755,10.707841873168945,55,minimum
4.263492107391357,0.05066162347793579,True,False,family-00318-minimum,family-00318,0.9650651812553406,0.15149822421796288,0.5,1,0.4714758709277346,9.042863845825195,55,minimum
9.073314666748047,0.816040575504303,True,False,family-00318-minimum,family-00318,0.9696311950683594,0.13602184268027484,0.5,2,0.9353614641962033,9.700329780578613,55,minimum
8.57677936553955,0.28621047735214233,True,False,family-00318-minimum,family-00318,0.9795286655426025,0.09986783814296854,0.5,3,0.6569930447199037,13.054596900939941,55,minimum
4.174983024597168,-0.04711005836725235,True,False,family-00318-sum_mod_10,family-00318,0.9765461683273315,0.11119231075754603,0.0,0,0.3732104549024235,11.18667221069336,55,sum_mod_10
3.843965768814087,0.0045511797070503235,True,False,family-00318-sum_mod_10,family-00318,0.957904577255249,0.17454727457215505,0.0,1,0.3795113155036872,10.128725051879883,55,sum_mod_10
5.366656303405762,-0.018833912909030914,True,False,family-00318-sum_mod_10,family-00318,0.9852786064147949,0.07671401244043813,0.0,2,0.5154803578552319,10.410981178283691,55,sum_mod_10
10.046768188476562,-0.007456548511981964,True,True,family-00318-sum_mod_10,family-00318,0.9931649565696716,0.04088905557689293,0.0,3,0.7716056616642331,13.020599365234375,55,sum_mod_10
5.537577152252197,0.22128838300704956,True,False,family-00319-maximum,family-00319,0.9807712435722351,0.09502220315779537,0.5,0,0.5180480891604672,10.689311027526855,55,maximum
6.312698841094971,0.0003942251205444336,True,False,family-00319-maximum,family-00319,0.965221643447876,0.15097860773863905,0.5,1,0.7268907124695626,8.68452262878418,55,maximum
11.347299575805664,0.5263456106185913,True,False,family-00319-maximum,family-00319,0.9730000495910645,0.1241537938714784,0.5,2,1.0868136058746454,10.440888404846191,55,maximum
7.048080921173096,0.1067703366279602,True,False,family-00319-maximum,family-00319,0.9938210844993591,0.037589535435820456,0.5,3,0.4384729548613851,16.07415199279785,55,maximum
4.48227596282959,0.055965423583984375,True,False,family-00319-minimum,family-00319,0.9709007740020752,0.13159691008851393,0.0,0,0.4591147674826492,9.762866020202637,55,minimum
6.667148113250732,0.37556344270706177,True,False,family-00319-minimum,family-00319,0.9690595865249634,0.1379960942365177,0.0,1,0.7201105925714498,9.258505821228027,55,minimum
5.2220611572265625,-0.10977452993392944,True,False,family-00319-minimum,family-00319,0.9698377847671509,0.1353055929988863,0.0,2,0.49102098071158357,10.63510799407959,55,minimum
7.6912384033203125,0.026823341846466064,True,False,family-00319-minimum,family-00319,0.9828700423240662,0.08664867268874263,0.0,3,0.663607568741248,11.59004020690918,55,minimum
6.884030818939209,-0.0033172164112329483,True,False,family-00319-sum_mod_10,family-00319,0.9826276898384094,0.08762837872362726,1.0,0,0.58706006459391,11.726280212402344,55,sum_mod_10
4.24531364440918,-0.01721670664846897,True,False,family-00319-sum_mod_10,family-00319,0.9789214730262756,0.10220738132056562,1.0,1,0.369017765356895,11.504361152648926,55,sum_mod_10
7.739245414733887,-0.01598534546792507,True,False,family-00319-sum_mod_10,family-00319,0.9862311482429504,0.07267792176211023,1.0,2,0.6457918498888054,11.98411750793457,55,sum_mod_10
12.07429313659668,0.011081170290708542,True,True,family-00319-sum_mod_10,family-00319,0.9966959953308105,0.022173063611259557,1.0,3,0.7885520810145933,15.311979293823242,55,sum_mod_10
6.128147602081299,0.08780169486999512,False,False,family-00320-maximum,family-00320,0.9887405037879944,0.06171208723210733,0.0,0,0.4995331424909287,12.267749786376953,55,maximum
4.757201671600342,0.021259307861328125,False,False,family-00320-maximum,family-00320,0.9743446111679077,0.11929916961328922,0.0,1,0.4836148084635082,9.83675765991211,55,maximum
8.740723609924316,0.01164478063583374,False,False,family-00320-maximum,family-00320,0.9779266715049744,0.10600200546499938,0.0,2,0.8242666053921293,10.604243278503418,55,maximum
13.449106216430664,0.5604274272918701,False,False,family-00320-maximum,family-00320,0.995804488658905,0.02715183632171935,0.0,3,0.8920334406036352,15.076908111572266,55,maximum
5.910194396972656,0.058377861976623535,False,False,family-00320-minimum,family-00320,0.9877511262893677,0.06609702556704718,1.0,0,0.5575683484319041,10.599946022033691,55,minimum
4.622704982757568,0.02533775568008423,False,False,family-00320-minimum,family-00320,0.9607922434806824,0.1654181305570022,1.0,1,0.534217414165785,8.653227806091309,55,minimum
9.89427661895752,0.6353379487991333,False,False,family-00320-minimum,family-00320,0.9672918319702148,0.14403352790552104,1.0,2,1.038339149922892,9.528944969177246,55,minimum
8.724822998046875,0.04396337270736694,False,False,family-00320-minimum,family-00320,0.9787171483039856,0.1029906113200409,1.0,3,0.6725959483119559,12.971863746643066,55,minimum
7.456128120422363,0.01769467070698738,False,False,family-00320-sum_mod_10,family-00320,0.9877796173095703,0.06597191650829523,0.5,0,0.588127586165134,12.677739143371582,55,sum_mod_10
5.461828231811523,0.0030035004019737244,False,False,family-00320-sum_mod_10,family-00320,0.9806901812553406,0.09534076072754384,0.5,1,0.45602937179948294,11.976922035217285,55,sum_mod_10
8.332261085510254,-6.295740604400635e-06,False,False,family-00320-sum_mod_10,family-00320,0.9838111996650696,0.08281052464315636,0.5,2,0.6408150584122457,13.002598762512207,55,sum_mod_10
13.101115226745605,0.0011194534599781036,False,True,family-00320-sum_mod_10,family-00320,0.996487021446228,0.02335966492740816,0.5,3,0.7513745695633439,17.43619728088379,55,sum_mod_10
6.718113899230957,0.06955599784851074,False,False,family-00321-maximum,family-00321,0.9839814305305481,0.08211045411503394,1.0,0,0.6408500924778917,10.483128547668457,55,maximum
6.3481574058532715,-0.0009095072746276855,False,False,family-00321-maximum,family-00321,0.9683353900909424,0.14048173650302176,1.0,1,0.6238323863969167,10.17606258392334,55,maximum
6.048586845397949,0.047622084617614746,False,False,family-00321-maximum,family-00321,0.9849379062652588,0.0781422160206736,1.0,2,0.5015304722081445,12.060257911682129,55,maximum
12.694602966308594,0.455533504486084,False,False,family-00321-maximum,family-00321,0.9960318207740784,0.02590213594580308,1.0,3,0.9049472216050821,14.028003692626953,55,maximum
4.90460729598999,0.0026213526725769043,False,False,family-00321-minimum,family-00321,0.974578320980072,0.11844806858634942,0.5,0,0.5136309841262232,9.548892974853516,55,minimum
6.843298435211182,-0.044409751892089844,False,False,family-00321-minimum,family-00321,0.9684072732925415,0.14023578439789935,0.5,1,0.8020616677277783,8.532135009765625,55,minimum
8.15858268737793,0.38520801067352295,False,False,family-00321-minimum,family-00321,0.96670001745224,0.14603242678237746,0.5,2,0.8149111440551186,10.011622428894043,55,minimum
5.83561372756958,0.3031342923641205,False,False,family-00321-minimum,family-00321,0.983747661113739,0.083071358160088,0.5,3,0.4379825552361097,13.32384967803955,55,minimum
5.663061141967773,-0.03861336410045624,False,False,family-00321-sum_mod_10,family-00321,0.9682032465934753,0.14093343296117808,0.0,0,0.5314811382216131,10.655243873596191,55,sum_mod_10
4.409521579742432,-0.018911242485046387,False,False,family-00321-sum_mod_10,family-00321,0.9648566246032715,0.1521897197762198,0.0,1,0.39864288492934696,11.061332702636719,55,sum_mod_10
5.880406379699707,-0.0036812424659729004,False,False,family-00321-sum_mod_10,family-00321,0.9864994287490845,0.07152929915570827,0.0,2,0.4684808048744074,12.552075386047363,55,sum_mod_10
8.584647178649902,-0.015953145921230316,False,True,family-00321-sum_mod_10,family-00321,0.9966509938240051,0.022429685087392653,0.0,3,0.5511896772581764,15.574760437011719,55,sum_mod_10
5.2043890953063965,0.055829405784606934,False,False,family-00322-maximum,family-00322,0.982251763343811,0.0891412644236175,0.5,0,0.5573504272456773,9.337732315063477,55,maximum
6.1300435066223145,0.0031431913375854492,False,False,family-00322-maximum,family-00322,0.9678331017494202,0.14219565968853023,0.5,1,0.7689786151924388,7.971669673919678,55,maximum
7.563162326812744,0.4056538939476013,False,False,family-00322-maximum,family-00322,0.9444847106933594,0.21444505684843965,0.5,2,0.8783871074571661,8.610283851623535,55,maximum
13.329937934875488,0.5797582864761353,False,False,family-00322-maximum,family-00322,0.9835255146026611,0.08398131832180906,0.5,3,1.0478337038277863,12.72142505645752,55,maximum
7.612703800201416,-0.10325387120246887,False,False,family-00322-minimum,family-00322,0.9829602241516113,0.08628322608637254,0.0,0,0.7216754644941933,10.548652648925781,55,minimum
4.94984245300293,0.007052868604660034,False,False,family-00322-minimum,family-00322,0.9651133418083191,0.1513383588165575,0.0,1,0.5540346712657905,8.934174537658691,55,minimum
5.107946872711182,-0.037796929478645325,False,False,family-00322-minimum,family-00322,0.9241417050361633,0.26853547170204706,0.0,2,0.5543594215900695,9.214142799377441,55,minimum
5.735321998596191,0.04407964646816254,False,False,family-00322-minimum,family-00322,0.9528155326843262,0.19014010749040522,0.0,3,0.5267393355780046,10.888349533081055,55,minimum
7.366035461425781,-0.020895779132843018,False,False,family-00322-sum_mod_10,family-00322,0.9877796173095703,0.06597191650829523,1.0,0,0.5810212198029829,12.677739143371582,55,sum_mod_10
5.363697528839111,-0.005818009376525879,False,False,family-00322-sum_mod_10,family-00322,0.9797657132148743,0.09894952040793248,1.0,1,0.4907578965481255,10.92941665649414,55,sum_mod_10
5.6792731285095215,-0.005579683929681778,False,False,family-00322-sum_mod_10,family-00322,0.9640019536018372,0.15501016653076807,1.0,2,0.5203980879891991,10.913324356079102,55,sum_mod_10
14.355871200561523,0.019293442368507385,False,True,family-00322-sum_mod_10,family-00322,0.9887036681175232,0.061876874087693316,1.0,3,1.1121681876713472,12.908003807067871,55,sum_mod_10
6.747252941131592,-0.13470694422721863,True,False,family-00323-maximum,family-00323,0.9748644232749939,0.11740316644253693,0.0,0,0.7156180774139138,9.428566932678223,55,maximum
4.471252918243408,0.061289429664611816,True,False,family-00323-maximum,family-00323,0.9569472074508667,0.1775275888722045,0.0,1,0.45746767467753713,9.773921012878418,55,maximum
9.209525108337402,0.4738178253173828,True,False,family-00323-maximum,family-00323,0.9857649207115173,0.07466148811759993,0.0,2,0.8509005932583248,10.823267936706543,55,maximum
8.170377731323242,0.3354833722114563,True,False,family-00323-maximum,family-00323,0.9963272213935852,0.02425858571097646,0.0,3,0.5709054628924131,14.311262130737305,55,maximum
5.632396221160889,0.12601494789123535,False,False,family-00323-minimum,family-00323,0.9877511262893677,0.06609702556704718,1.0,0,0.5313608398998493,10.599946022033691,55,minimum
4.256044387817383,0.10278165340423584,False,False,family-00323-minimum,family-00323,0.9572003483772278,0.17674173842068056,1.0,1,0.4964880381029176,8.57229995727539,55,minimum
11.418000221252441,0.009984791278839111,False,False,family-00323-minimum,family-00323,0.9692487120628357,0.1373440985068935,1.0,2,1.3294583968536207,8.588459968566895,55,minimum
9.27568244934082,0.2972291111946106,False,False,family-00323-minimum,family-00323,0.9707754850387573,0.1320360852996151,1.0,3,0.6890233682246947,13.462072372436523,55,minimum
7.095775604248047,0.0008335933089256287,True,False,family-00323-sum_mod_10,family-00323,0.9872077107429504,0.0684705887761132,0.5,0,0.7093610129735443,10.003052711486816,55,sum_mod_10
4.278085708618164,0.003445025533437729,True,False,family-00323-sum_mod_10,family-00323,0.9679639339447021,0.14175001569810866,0.5,1,0.46911003327452416,9.11957836151123,55,sum_mod_10
8.883464813232422,-0.009903475642204285,True,False,family-00323-sum_mod_10,family-00323,0.9903319478034973,0.05447056730734308,0.5,2,0.8766992245790074,10.132853507995605,55,sum_mod_10
12.642251968383789,0.003206716850399971,True,True,family-00323-sum_mod_10,family-00323,0.9965227842330933,0.023157501567990988,0.5,3,0.8623795378588981,14.659730911254883,55,sum_mod_10
7.424098968505859,0.4200649559497833,False,False,family-00324-maximum,family-00324,0.982251763343811,0.0891412644236175,1.0,0,0.7950644458429618,9.337732315063477,55,maximum
3.359086275100708,-0.08821183443069458,False,False,family-00324-maximum,family-00324,0.95992511510849,0.1681820629765592,1.0,1,0.428544457479772,7.8383612632751465,55,maximum
7.4683074951171875,-0.07012993097305298,False,False,family-00324-maximum,family-00324,0.959999680519104,0.1679451630603292,1.0,2,0.9662287058991912,7.729337215423584,55,maximum
9.72549819946289,0.09121060371398926,False,False,family-00324-maximum,family-00324,0.9888123273849487,0.061390428655757966,1.0,3,0.820696381923621,11.850299835205078,55,maximum
7.6376633644104,0.046591293066740036,False,False,family-00324-minimum,family-00324,0.982559323310852,0.08790412505115772,0.5,0,0.712452861106542,10.720236778259277,55,minimum
6.673995018005371,0.05621308088302612,False,False,family-00324-minimum,family-00324,0.9537715911865234,0.18725657931164408,0.5,1,0.809921721662801,8.240296363830566,55,minimum
8.085800170898438,0.0012293681502342224,False,False,family-00324-minimum,family-00324,0.9595776796340942,0.16928399005790046,0.5,2,0.997220721304565,8.108335494995117,55,minimum
9.243353843688965,0.03780520707368851,False,False,family-00324-minimum,family-00324,0.9670498371124268,0.1448522110520114,0.5,3,0.7560037555427757,12.226597785949707,55,minimum
7.37761116027832,0.002732396125793457,False,False,family-00324-sum_mod_10,family-00324,0.9877796173095703,0.06597191650829523,0.0,0,0.5819342926089172,12.677739143371582,55,sum_mod_10
5.274544715881348,0.0021984437480568886,False,False,family-00324-sum_mod_10,family-00324,0.980229377746582,0.09714506905643926,0.0,1,0.5091713727083766,10.359075546264648,55,sum_mod_10
7.682989597320557,-0.010990452952682972,False,False,family-00324-sum_mod_10,family-00324,0.9819477796554565,0.09035868609438694,0.0,2,0.6622561597306716,11.601235389709473,55,sum_mod_10
8.60030746459961,-0.0020177606493234634,False,True,family-00324-sum_mod_10,family-00324,0.9966363906860352,0.02251282882199721,0.0,3,0.5845585537606542,14.712482452392578,55,sum_mod_10
5.525595188140869,-0.047150373458862305,True,False,family-00325-maximum,family-00325,0.9807712435722351,0.09502220315779537,0.5,0,0.5169271596561733,10.689311027526855,55,maximum
8.571516036987305,-0.12546736001968384,True,False,family-00325-maximum,family-00325,0.9644230008125305,0.15362335569736169,0.5,1,0.9621239701969008,8.908951759338379,55,maximum
10.218981742858887,-0.035630881786346436,True,False,family-00325-maximum,family-00325,0.982684314250946,0.08739978523135566,0.5,2,0.9152622678175358,11.165085792541504,55,maximum
13.957895278930664,0.6102672815322876,True,False,family-00325-maximum,family-00325,0.994490385055542,0.03415135187250188,0.5,3,0.8800616696195647,15.860133171081543,55,maximum
5.951563358306885,0.21070313453674316,False,False,family-00325-minimum,family-00325,0.9887405037879944,0.06171208723210733,0.0,0,0.4851389588101932,12.267749786376953,55,minimum
8.687102317810059,0.06422394514083862,False,False,family-00325-minimum,family-00325,0.9760226011276245,0.11313874539149005,0.0,1,0.8646486156262126,10.046974182128906,55,minimum
6.565743446350098,0.05965930223464966,False,False,family-00325-minimum,family-00325,0.978376030921936,0.1042937463408046,0.0,2,0.4694570779064831,13.985822677612305,55,minimum
6.913815498352051,0.02035742998123169,False,False,family-00325-minimum,family-00325,0.9394333362579346,0.22852387944738628,0.0,3,0.42322873120718185,16.33588409423828,55,minimum
5.8143720626831055,0.06956023722887039,False,False,family-00325-sum_mod_10,family-00325,0.9887405037879944,0.06171208723210733,1.0,0,0.4739558732392658,12.267749786376953,55,sum_mod_10
7.681337356567383,0.006879068911075592,False,False,family-00325-sum_mod_10,family-00325,0.9766228199005127,0.11090634954868334,1.0,1,0.7575385015901369,10.139863967895508,55,sum_mod_10
5.645116806030273,0.05666521191596985,False,False,family-00325-sum_mod_10,family-00325,0.9830475449562073,0.08592891062620207,1.0,2,0.44491561699489274,12.688061714172363,55,sum_mod_10
12.715045928955078,0.044267721474170685,False,True,family-00325-sum_mod_10,family-00325,0.9906758069992065,0.05287252129184339,1.0,3,0.8600551007902975,14.783989906311035,55,sum_mod_10
6.536026477813721,0.05164968967437744,False,False,family-00326-maximum,family-00326,0.9887405037879944,0.06171208723210733,0.0,0,0.5327812020646056,12.267749786376953,55,maximum
7.670365333557129,0.06647562980651855,False,False,family-00326-maximum,family-00326,0.9741963744163513,0.1198378696599815,0.0,1,0.7978042867383811,9.614344596862793,55,maximum
8.192154884338379,0.2703233063220978,False,False,family-00326-maximum,family-00326,0.9837715029716492,0.08297351407060156,0.0,2,0.6863974266539894,11.935002326965332,55,maximum
8.512510299682617,0.3729100227355957,False,False,family-00326-maximum,family-00326,0.9926475286483765,0.04344599956281109,0.0,3,0.5702182489995963,14.928512573242188,55,maximum
5.051229476928711,0.27608054876327515,True,False,family-00326-minimum,family-00326,0.9887803792953491,0.06153356406557892,1.0,0,0.4572937105212128,11.045919418334961,55,minimum
7.414693832397461,0.6560827493667603,True,False,family-00326-minimum,family-00326,0.9643058180809021,0.1540098389728004,1.0,1,0.8155160635225785,9.092026710510254,55,minimum
10.786263465881348,0.29956817626953125,True,False,family-00326-minimum,family-00326,0.9851468205451965,0.07726739357438316,1.0,2,0.9792433823335243,11.01489543914795,55,minimum
7.539071559906006,0.0028221607208251953,True,False,family-00326-minimum,family-00326,0.964936375617981,0.15192544722627993,1.0,3,0.4669118676322322,16.146669387817383,55,minimum
5.2288618087768555,-0.011790923774242401,True,False,family-00326-sum_mod_10,family-00326,0.9807712435722351,0.09502220315779537,0.5,0,0.4891673369136343,10.689311027526855,55,sum_mod_10
7.641471862792969,0.0064221397042274475,True,False,family-00326-sum_mod_10,family-00326,0.9614298343658447,0.16337312748406307,0.5,1,0.8458297882222789,9.034290313720703,55,sum_mod_10
4.926784515380859,-0.004795335233211517,True,False,family-00326-sum_mod_10,family-00326,0.9847466945648193,0.07894032974421425,0.5,2,0.44260267550551263,11.131393432617188,55,sum_mod_10
14.366097450256348,-0.01125246286392212,True,True,family-00326-sum_mod_10,family-00326,0.9919467568397522,0.046850893031694596,0.5,3,1.134929900645053,12.658136367797852,55,sum_mod_10
6.78935432434082,-0.06637372821569443,False,False,family-00327-maximum,family-00327,0.982251763343811,0.0891412644236175,1.0,0,0.7270881296723772,9.337732315063477,55,maximum
6.736617088317871,0.030613768845796585,False,False,family-00327-maximum,family-00327,0.9680719971656799,0.14138151181529746,1.0,1,0.7491889099947289,8.991880416870117,55,maximum
7.3253703117370605,0.07364658266305923,False,False,family-00327-maximum,family-00327,0.9780043363571167,0.10570743311227859,1.0,2,0.6857603797801055,10.682113647460938,55,maximum
7.226070404052734,0.024815283715724945,False,False,family-00327-maximum,family-00327,0.9904594421386719,0.05387951626044947,1.0,3,0.5753666089534617,12.55907154083252,55,maximum
5.49970817565918,0.34227871894836426,False,False,family-00327-minimum,family-00327,0.974578320980072,0.11844806858634942,0.5,0,0.575952436595777,9.548892974853516,55,minimum
7.633760929107666,0.6528648734092712,False,False,family-00327-minimum,family-00327,0.9682970643043518,0.14061280126980802,0.5,1,0.868261050003623,8.792011260986328,55,minimum
8.994053840637207,0.3044505715370178,False,False,family-00327-minimum,family-00327,0.9763601422309875,0.11188524634850809,0.5,2,0.9213441752484057,9.761882781982422,55,minimum
5.887342929840088,0.08387565612792969,False,False,family-00327-minimum,family-00327,0.9669399261474609,0.14522343874478288,0.5,3,0.37953595407298374,15.511950492858887,55,minimum
5.661581993103027,-0.012560384348034859,False,False,family-00327-sum_mod_10,family-00327,0.9682032465934753,0.14093343296117808,0.0,0,0.5313423193562457,10.655243873596191,55,sum_mod_10
5.515585422515869,-0.014006396755576134,False,False,family-00327-sum_mod_10,family-00327,0.9650549292564392,0.1515322460874711,0.0,1,0.48850773595172214,11.290681838989258,55,sum_mod_10
6.373310565948486,-0.004690587520599365,False,False,family-00327-sum_mod_10,family-00327,0.9893109798431396,0.05914421443427186,0.0,2,0.4897066281676148,13.014548301696777,55,sum_mod_10
8.786588668823242,-0.005093270912766457,False,True,family-00327-sum_mod_10,family-00327,0.9948299527168274,0.03237630414661068,0.0,3,0.5550126554537725,15.831330299377441,55,sum_mod_10
5.4456257820129395,0.40032675862312317,False,False,family-00328-maximum,family-00328,0.982251763343811,0.0891412644236175,0.5,0,0.5831850387516619,9.337732315063477,55,maximum
6.4786505699157715,-0.047278404235839844,False,False,family-00328-maximum,family-00328,0.9706289172172546,0.13254914718713282,0.5,1,0.7926102117078457,8.173816680908203,55,maximum
7.414811134338379,0.8538951873779297,False,False,family-00328-maximum,family-00328,0.9608097672462463,0.16536206999424558,0.5,2,0.7114598207851687,10.421967506408691,55,maximum
10.443154335021973,0.5223649740219116,False,False,family-00328-maximum,family-00328,0.9790927171707153,0.10154940015910827,0.5,3,0.8980495641067572,11.628705978393555,55,maximum
5.81051778793335,0.04101598262786865,False,False,family-00328-minimum,family-00328,0.9887405037879944,0.06171208723210733,0.0,0,0.47364169379993326,12.267749786376953,55,minimum
7.21189546585083,0.05013000965118408,False,False,family-00328-minimum,family-00328,0.9756053686141968,0.1146814666956768,0.0,1,0.7500785317854116,9.614853858947754,55,minimum
8.558438301086426,0.02154982089996338,False,False,family-00328-minimum,family-00328,0.9750369787216187,0.11677134724803967,0.0,2,0.7089245993357692,12.072423934936523,55,minimum
7.186002731323242,0.04686605930328369,False,False,family-00328-minimum,family-00328,0.9112598299980164,0.2996133056852186,0.0,3,0.44798659393992435,16.040664672851562,55,minimum
6.61437463760376,-0.0021116062998771667,True,False,family-00328-sum_mod_10,family-00328,0.9872077107429504,0.0684705887761132,1.0,0,0.6612356076068926,10.003052711486816,55,sum_mod_10
6.539305686950684,-0.006347283720970154,True,False,family-00328-sum_mod_10,family-00328,0.9693573117256165,0.13696916759245878,1.0,1,0.8009142180352197,8.164801597595215,55,sum_mod_10
5.90006160736084,0.05325203388929367,True,False,family-00328-sum_mod_10,family-00328,0.9793174266815186,0.1006838108451362,1.0,2,0.6091934034949932,9.685038566589355,55,sum_mod_10
12.967230796813965,0.00538703054189682,True,True,family-00328-sum_mod_10,family-00328,0.9870577454566956,0.06912145658517876,1.0,3,1.0755147128674638,12.056767463684082,55,sum_mod_10
7.39954137802124,0.11134088039398193,True,False,family-00329-maximum,family-00329,0.9826276898384094,0.08762837872362726,0.0,0,0.631022049958783,11.726280212402344,55,maximum
5.844182014465332,-0.04943954944610596,True,False,family-00329-maximum,family-00329,0.9744442701339722,0.1189365099050518,0.0,1,0.49450043913855896,11.818355560302734,55,maximum
9.729007720947266,0.4799000024795532,True,False,family-00329-maximum,family-00329,0.9848559498786926,0.07848460030426108,0.0,2,0.9169378623301246,10.610323905944824,55,maximum
8.593602180480957,0.29307857155799866,True,False,family-00329-maximum,family-00329,0.9961662292480469,0.025157154179838905,0.0,3,0.536776609118497,16.0096435546875,55,maximum
7.566206455230713,0.2186257243156433,True,False,family-00329-minimum,family-00329,0.9855624437332153,0.07551807254050555,1.0,0,0.7066042387299022,10.707841873168945,55,minimum
7.119265079498291,0.48917192220687866,True,False,family-00329-minimum,family-00329,0.9667283296585083,0.1459370494365228,1.0,1,0.705365770001578,10.093011856079102,55,minimum
10.004323959350586,0.5646581649780273,True,False,family-00329-minimum,family-00329,0.9747784733772278,0.11771742181355357,1.0,2,0.8414994056324975,11.888688087463379,55,minimum
7.812146186828613,0.3197413682937622,True,False,family-00329-minimum,family-00329,0.9498477578163147,0.198963267424416,1.0,3,0.49635791789751876,15.738937377929688,55,minimum
6.626302719116211,-0.08179331570863724,True,False,family-00329-sum_mod_10,family-00329,0.9807712435722351,0.09502220315779537,0.5,0,0.6198998889687386,10.689311027526855,55,sum_mod_10
6.863637447357178,-0.039854176342487335,True,False,family-00329-sum_mod_10,family-00329,0.9611958265304565,0.16412494631198,0.5,1,0.7903164825791058,8.684669494628906,55,sum_mod_10
6.411216735839844,0.008400177583098412,True,False,family-00329-sum_mod_10,family-00329,0.9824966192245483,0.08815679292923366,0.5,2,0.6643543986111766,9.650296211242676,55,sum_mod_10
13.803545951843262,0.014470988884568214,True,True,family-00329-sum_mod_10,family-00329,0.985397458076477,0.07621391666838126,0.5,3,1.1104139452738926,12.430991172790527,55,sum_mod_10
6.392027378082275,0.1695498824119568,True,False,family-00330-maximum,family-00330,0.9855624437332153,0.07551807254050555,1.0,0,0.5969482416525992,10.707841873168945,55,maximum
4.1453857421875,0.006916165351867676,True,False,family-00330-maximum,family-00330,0.9581661820411682,0.1737289592537215,1.0,1,0.47067435121304907,8.807332992553711,55,maximum
6.80394983291626,0.366024911403656,True,False,family-00330-maximum,family-00330,0.9667010307312012,0.14602901370713386,1.0,2,0.7176337452471387,9.48108959197998,55,maximum
13.872913360595703,0.6241436004638672,True,False,family-00330-maximum,family-00330,0.9910789132118225,0.05098279447396045,1.0,3,1.0446347334131212,13.280157089233398,55,maximum
5.423662185668945,-0.03233788534998894,False,False,family-00330-minimum,family-00330,0.982251763343811,0.0891412644236175,0.5,0,0.5808329048927203,9.337732315063477,55,minimum
5.437244415283203,-0.10418428480625153,False,False,family-00330-minimum,family-00330,0.9657672643661499,0.1491608549014437,0.5,1,0.6811129614235248,7.982882022857666,55,minimum
6.343639850616455,-0.0022192802280187607,False,False,family-00330-minimum,family-00330,0.9463348984718323,0.20916866932420808,0.5,2,0.7783804280947633,8.14979362487793,55,minimum
9.625530242919922,-0.21178153157234192,False,False,family-00330-minimum,family-00330,0.9790575504302979,0.10168463984759764,0.5,3,0.9271087381314401,10.382309913635254,55,minimum
6.137838840484619,0.06052841246128082,False,False,family-00330-sum_mod_10,family-00330,0.9682032465934753,0.14093343296117808,0.0,0,0.5760392641687206,10.655243873596191,55,sum_mod_10
4.127622604370117,-0.028888985514640808,False,False,family-00330-sum_mod_10,family-00330,0.9632748961448669,0.15739289391029748,0.0,1,0.38080462695826467,10.839213371276855,55,sum_mod_10
4.661784648895264,0.007575958967208862,False,False,family-00330-sum_mod_10,family-00330,0.982120931148529,0.0896658777320148,0.0,2,0.3900217876674637,11.95262622833252,55,sum_mod_10
7.278174877166748,0.040170080959796906,False,True,family-00330-sum_mod_10,family-00330,0.9948491454124451,0.03227532066396375,0.0,3,0.5238443751618627,13.893773078918457,55,sum_mod_10
5.200069427490234,0.09387868642807007,False,False,family-00331-maximum,family-00331,0.982559323310852,0.08790412505115772,0.5,0,0.4850703893067003,10.720236778259277,55,maximum
5.70064640045166,0.04728221893310547,False,False,family-00331-maximum,family-00331,0.9553979635238647,0.18230349093749887,0.5,1,0.621838732620812,9.167403221130371,55,maximum
9.99807071685791,0.2940186858177185,False,False,family-00331-maximum,family-00331,0.9734421968460083,0.12256515468610708,0.5,2,1.0445268122033364,9.571866035461426,55,maximum
8.350019454956055,0.12356209754943848,False,False,family-00331-maximum,family-00331,0.9931914210319519,0.040757241761302784,0.5,3,0.5471806040401709,15.260079383850098,55,maximum
5.413277626037598,0.06118956208229065,True,False,family-00331-minimum,family-00331,0.9748644232749939,0.11740316644253693,0.0,0,0.5741357795611399,9.428566932678223,55,minimum
5.069060325622559,0.21269261837005615,True,False,family-00331-minimum,family-00331,0.9606027007102966,0.16602397970069363,0.0,1,0.5603070966044428,9.046932220458984,55,minimum
10.266985893249512,0.15159285068511963,True,False,family-00331-minimum,family-00331,0.9832025170326233,0.08529896332817109,0.0,2,0.9374630460326917,10.951883316040039,55,minimum
7.3880767822265625,0.21186000108718872,True,False,family-00331-minimum,family-00331,0.9825573563575745,0.08791205442619704,0.0,3,0.4317760259680037,17.11090087890625,55,minimum
4.604649066925049,0.004698973149061203,True,False,family-00331-sum_mod_10,family-00331,0.9709007740020752,0.13159691008851393,1.0,0,0.47164931459639914,9.762866020202637,55,sum_mod_10
3.3561017513275146,-0.004528988152742386,True,False,family-00331-sum_mod_10,family-00331,0.9674723148345947,0.14342173922554619,1.0,1,0.3506246501602413,9.571779251098633,55,sum_mod_10
9.401789665222168,0.004803486168384552,True,False,family-00331-sum_mod_10,family-00331,0.9776555299758911,0.10702822441336986,1.0,2,0.988036315992713,9.515631675720215,55,sum_mod_10
11.035425186157227,0.030024021863937378,True,True,family-00331-sum_mod_10,family-00331,0.9938395619392395,0.03749563455689607,1.0,3,0.790122912220803,13.966719627380371,55,sum_mod_10
7.243561267852783,0.14006102085113525,False,False,family-00332-maximum,family-00332,0.9887405037879944,0.06171208723210733,0.0,0,0.5904555761233887,12.267749786376953,55,maximum
4.153491020202637,0.1062706708908081,False,False,family-00332-maximum,family-00332,0.9686193466186523,0.1395091789385811,0.0,1,0.4257282417019546,9.756202697753906,55,maximum
12.282423973083496,0.04867619276046753,False,False,family-00332-maximum,family-00332,0.9747052788734436,0.11798480318049515,0.0,2,1.3336169548287984,9.209858894348145,55,maximum
7.902502536773682,0.32148870825767517,False,False,family-00332-maximum,family-00332,0.9948850274085999,0.032086332424454286,0.0,3,0.47901540826847516,16.497386932373047,55,maximum
6.346195220947266,0.3990160822868347,True,False,family-00332-minimum,family-00332,0.9864903688430786,0.07156817603404184,1.0,0,0.5432307022783472,11.682320594787598,55,minimum
4.639461040496826,-0.14288532733917236,True,False,family-00332-minimum,family-00332,0.963577389717102,0.1564033875305429,1.0,1,0.44889282402998804,10.335342407226562,55,minimum
7.746777534484863,0.4571516513824463,True,False,family-00332-minimum,family-00332,0.9749006628990173,0.11727057457380397,1.0,2,0.7808202073347693,9.921333312988281,55,minimum
10.55763053894043,-0.015460014343261719,True,False,family-00332-minimum,family-00332,0.9881715178489685,0.06424412045514341,1.0,3,0.9003035363892344,11.72674560546875,55,minimum
6.513604164123535,0.043941572308540344,True,False,family-00332-sum_mod_10,family-00332,0.9887803792953491,0.06153356406557892,0.5,0,0.5896842007838387,11.045919418334961,55,sum_mod_10
5.405009746551514,-0.042217448353767395,True,False,family-00332-sum_mod_10,family-00332,0.958997905254364,0.17111588668473024,0.5,1,0.6090957530784112,8.873826026916504,55,sum_mod_10
6.842385292053223,0.09221634268760681,True,False,family-00332-sum_mod_10,family-00332,0.9773764610290527,0.10808093301811941,0.5,2,0.7548029157087978,9.065128326416016,55,sum_mod_10
13.64039134979248,-0.1504783183336258,True,True,family-00332-sum_mod_10,family-00332,0.9905266761779785,0.05356713462373692,0.5,3,1.1918606584213245,11.444619178771973,55,sum_mod_10
5.955321788787842,0.11083012819290161,True,False,family-00333-maximum,family-00333,0.9791995882987976,0.10113803784463243,1.0,0,0.5652546240643973,10.53564453125,55,maximum
5.5719709396362305,0.2287845015525818,True,False,family-00333-maximum,family-00333,0.9654685854911804,0.15015701944319504,1.0,1,0.5499941354141349,10.130964279174805,55,maximum
6.788921356201172,0.36870676279067993,True,False,family-00333-maximum,family-00333,0.9606238007545471,0.1659565831536865,1.0,2,0.6581288439270286,10.315489768981934,55,maximum
12.000584602355957,0.42360877990722656,True,False,family-00333-maximum,family-00333,0.9866142868995667,0.07103589669294412,1.0,3,0.9504054518958034,12.626805305480957,55,maximum
6.928564071655273,0.06353044509887695,True,False,family-00333-minimum,family-00333,0.9864903688430786,0.07156817603404184,0.5,0,0.5930811447467595,11.682320594787598,55,minimum
4.869962215423584,0.27996909618377686,True,False,family-00333-minimum,family-00333,0.9687840342521667,0.13894390613042842,0.5,1,0.46107237685076996,10.562251091003418,55,minimum
8.842177391052246,0.24254238605499268,True,False,family-00333-minimum,family-00333,0.9799780249595642,0.09812462387363027,0.5,2,0.8324224298538482,10.622223854064941,55,minimum
8.82481575012207,0.24854016304016113,True,False,family-00333-minimum,family-00333,0.9899899959564209,0.056047499081156665,0.5,3,0.594470171904115,14.844841957092285,55,minimum
6.139832496643066,0.04572172462940216,False,False,family-00333-sum_mod_10,family-00333,0.983428418636322,0.0843780854806949,0.0,0,0.600909753600233,10.217561721801758,55,sum_mod_10
4.886763572692871,0.0432453379034996,False,False,family-00333-sum_mod_10,family-00333,0.9406834840774536,0.22508273571407703,0.0,1,0.5219211990244705,9.363029479980469,55,sum_mod_10
4.893555641174316,0.056826189160346985,False,False,family-00333-sum_mod_10,family-00333,0.9619393944740295,0.16173089557056725,0.0,2,0.48171637636562964,10.15858268737793,55,sum_mod_10
7.584715366363525,-0.05080164968967438,False,True,family-00333-sum_mod_10,family-00333,0.9864056706428528,0.07193132630767766,0.0,3,0.6410001072746131,11.832627296447754,55,sum_mod_10
5.070556640625,-0.04501616954803467,True,False,family-00334-maximum,family-00334,0.9709007740020752,0.13159691008851393,0.5,0,0.5193717326584552,9.762866020202637,55,maximum
4.144708633422852,0.1642535924911499,True,False,family-00334-maximum,family-00334,0.97038334608078,0.13340708389458264,0.5,1,0.41540743323603946,9.97745418548584,55,maximum
11.082669258117676,0.5596542358398438,True,False,family-00334-maximum,family-00334,0.9780307412147522,0.10560721921169955,0.5,2,1.0770501428448958,10.289835929870605,55,maximum
7.318519592285156,0.31289368867874146,True,False,family-00334-maximum,family-00334,0.9975952506065369,0.016903238975633852,0.5,3,0.45103605726365026,16.22601890563965,55,maximum
5.656497955322266,-0.0007405281066894531,True,False,family-00334-minimum,family-00334,0.9872077107429504,0.0684705887761132,0.0,0,0.5654771716664787,10.003052711486816,55,minimum
6.434813976287842,-0.15763723850250244,True,False,family-00334-minimum,family-00334,0.9694976806640625,0.13648396754385522,0.0,1,0.8125447975583886,7.919334411621094,55,minimum
6.361453533172607,0.24746134877204895,True,False,family-00334-minimum,family-00334,0.9791163802146912,0.10145836589729362,0.0,2,0.6189556305797212,10.277721405029297,55,minimum
7.845530986785889,0.36573901772499084,True,False,family-00334-minimum,family-00334,0.9903648495674133,0.05431820142851286,0.0,3,0.6395063681394025,12.268104553222656,55,minimum
6.04608678817749,-0.006063127890229225,False,False,family-00334-sum_mod_10,family-00334,0.9829602241516113,0.08628322608637254,1.0,0,0.5731619941806684,10.548652648925781,55,sum_mod_10
6.212215423583984,-0.017041940242052078,False,False,family-00334-sum_mod_10,family-00334,0.9703232049942017,0.13361687457205687,1.0,1,0.6569990482864516,9.455440521240234,55,sum_mod_10
6.1339030265808105,-0.01859993487596512,False,False,family-00334-sum_mod_10,family-00334,0.9616490602493286,0.16266746044764546,1.0,2,0.6601893958522967,9.291126251220703,55,sum_mod_10
10.166821479797363,-0.011992663145065308,False,True,family-00334-sum_mod_10,family-00334,0.9915751814842224,0.04863099319972059,1.0,3,0.8343586702492216,12.185193061828613,55,sum_mod_10
7.260159015655518,0.6204298734664917,True,False,family-00335-maximum,family-00335,0.9826276898384094,0.08762837872362726,0.0,0,0.6191357262618357,11.726280212402344,55,maximum
5.1342902183532715,-0.0020843148231506348,True,False,family-00335-maximum,family-00335,0.9762778878211975,0.11219116016264827,0.0,1,0.4559571474123763,11.260466575622559,55,maximum
9.041502952575684,0.3413011133670807,True,False,family-00335-maximum,family-00335,0.9831919074058533,0.08534213671027983,0.0,2,0.8106747862666482,11.153058052062988,55,maximum
8.164114952087402,0.3205795884132385,True,False,family-00335-maximum,family-00335,0.994987964630127,0.031542758282389186,0.0,3,0.5070826468133864,16.10016632080078,55,maximum
6.608245849609375,0.16559404134750366,True,False,family-00335-minimum,family-00335,0.9855624437332153,0.07551807254050555,1.0,0,0.6171407766272597,10.707841873168945,55,minimum
7.928715705871582,0.26148784160614014,True,False,family-00335-minimum,family-00335,0.9670672416687012,0.144793391884558,1.0,1,0.8419994184698709,9.416533470153809,55,minimum
9.909246444702148,0.3244917392730713,True,False,family-00335-minimum,family-00335,0.9684759974479675,0.14000048321630254,1.0,2,0.7777237120001101,12.741345405578613,55,minimum
6.9602580070495605,0.16393601894378662,True,False,family-00335-minimum,family-00335,0.9179257154464722,0.2838064921892858,1.0,3,0.4304287078149925,16.17052459716797,55,minimum
7.481723785400391,-0.02240348421037197,True,False,family-00335-sum_mod_10,family-00335,0.9872077107429504,0.0684705887761132,0.5,0,0.7479440527998913,10.003052711486816,55,sum_mod_10
7.739130020141602,-0.006208079867064953,True,False,family-00335-sum_mod_10,family-00335,0.9678348898887634,0.14218957259316817,0.5,1,0.9361586521639971,8.266900062561035,55,sum_mod_10
7.470746040344238,-0.0066496459767222404,True,False,family-00335-sum_mod_10,family-00335,0.9805450439453125,0.09591025342737877,0.5,2,0.7169306910576918,10.42045783996582,55,sum_mod_10
12.81589126586914,0.002857473213225603,True,True,family-00335-sum_mod_10,family-00335,0.971869945526123,0.1281807233838059,0.5,3,0.935498698677069,13.699528694152832,55,sum_mod_10
5.545290946960449,0.08368813991546631,False,False,family-00336-maximum,family-00336,0.982251763343811,0.0891412644236175,1.0,0,0.5938584187099556,9.337732315063477,55,maximum
7.485213279724121,-0.11690306663513184,False,False,family-00336-maximum,family-00336,0.9713558554649353,0.12999702224667373,1.0,1,0.8868258569217548,8.440454483032227,55,maximum
8.866148948669434,0.497786283493042,False,False,family-00336-maximum,family-00336,0.9800875782966614,0.09769807834453428,1.0,2,0.7673890616882404,11.553655624389648,55,maximum
7.069047451019287,0.2610098719596863,False,False,family-00336-maximum,family-00336,0.9910007119178772,0.05135080716192962,1.0,3,0.47934066835141736,14.74743938446045,55,maximum
5.69327449798584,0.4108619689941406,True,False,family-00336-minimum,family-00336,0.9864903688430786,0.07156817603404184,0.5,0,0.4873410596629284,11.682320594787598,55,minimum
8.292097091674805,0.713222861289978,True,False,family-00336-minimum,family-00336,0.9707618951797485,0.132083688507881,0.5,1,0.7853166485907662,10.558921813964844,55,minimum
7.215786933898926,0.2956829369068146,True,False,family-00336-minimum,family-00336,0.9853008389472961,0.0766205382155448,0.5,2,0.6470274095766851,11.152212142944336,55,minimum
7.932575702667236,-0.06515121459960938,True,False,family-00336-minimum,family-00336,0.9841610789299011,0.08136965988266895,0.5,3,0.5556603358902807,14.275943756103516,55,minimum
4.332788944244385,-0.16459202766418457,True,False,family-00336-sum_mod_10,family-00336,0.9765461683273315,0.11119231075754603,0.0,0,0.3873170557462714,11.18667221069336,55,sum_mod_10
5.887709617614746,0.10473792254924774,True,False,family-00336-sum_mod_10,family-00336,0.9597130417823792,0.1688550466444183,0.0,1,0.5467182132547028,10.769185066223145,55,sum_mod_10
5.390162944793701,-0.04826635122299194,True,False,family-00336-sum_mod_10,family-00336,0.9884135127067566,0.06317068736882707,0.0,2,0.45557356249378844,11.831597328186035,55,sum_mod_10
10.238058090209961,-0.1531773805618286,True,True,family-00336-sum_mod_10,family-00336,0.992997407913208,0.041721201383460735,0.0,3,0.770490717298821,13.287711143493652,55,sum_mod_10
7.048110008239746,0.4343900680541992,True,False,family-00337-maximum,family-00337,0.9864903688430786,0.07156817603404184,0.5,0,0.6033142089410268,11.682320594787598,55,maximum
3.593937397003174,0.08176720142364502,True,False,family-00337-maximum,family-00337,0.9699293971061707,0.13498750522259517,0.5,1,0.34207481879236545,10.506290435791016,55,maximum
11.188223838806152,0.7423954606056213,True,False,family-00337-maximum,family-00337,0.9821265339851379,0.08964343140531288,0.5,2,1.0808945485676864,10.350893020629883,55,maximum
11.831850051879883,0.196641206741333,True,False,family-00337-maximum,family-00337,0.9971739053726196,0.01940804978680355,0.5,3,0.6761547244362694,17.49873161315918,55,maximum
6.010750770568848,-0.018370112404227257,True,False,family-00337-minimum,family-00337,0.9826276898384094,0.08762837872362726,0.0,0,0.5125880212389565,11.726280212402344,55,minimum
3.9090967178344727,0.0021539367735385895,True,False,family-00337-minimum,family-00337,0.9756653904914856,0.11445998854435525,0.0,1,0.3657889276830234,10.686755180358887,55,minimum
6.204798221588135,-0.014477090910077095,True,False,family-00337-minimum,family-00337,0.9814096689224243,0.09250103247192981,0.0,2,0.6161450257591933,10.070353507995605,55,minimum
9.900662422180176,0.01682443916797638,True,False,family-00337-minimum,family-00337,0.9888848066329956,0.06106536104361579,0.0,3,0.860095860253106,11.511115074157715,55,minimum
6.470911979675293,-0.05089279264211655,False,False,family-00337-sum_mod_10,family-00337,0.9877796173095703,0.06597191650829523,1.0,0,0.510415296173572,12.677739143371582,55,sum_mod_10
4.865387916564941,-0.004177294671535492,False,False,family-00337-sum_mod_10,family-00337,0.9806233644485474,0.09560307553846825,1.0,1,0.4703548675786676,10.34407901763916,55,sum_mod_10
7.59399938583374,-0.04374660551548004,False,False,family-00337-sum_mod_10,family-00337,0.9788740277290344,0.10238943119172172,1.0,2,0.7293784356984537,10.411603927612305,55,sum_mod_10
12.961483001708984,0.02441902458667755,False,True,family-00337-sum_mod_10,family-00337,0.9962052702903748,0.024939883205802565,1.0,3,0.9324024516014928,13.901167869567871,55,sum_mod_10
7.237462997436523,-0.0006706118583679199,False,False,family-00338-maximum,family-00338,0.9829602241516113,0.08628322608637254,0.0,0,0.6861030729051021,10.548652648925781,55,maximum
5.345432758331299,0.02432072162628174,False,False,family-00338-maximum,family-00338,0.9667440056800842,0.14588422978816834,0.0,1,0.5306242783912911,10.073856353759766,55,maximum
8.963247299194336,0.009464144706726074,False,False,family-00338-maximum,family-00338,0.972124457359314,0.12727795669958517,0.0,2,0.973810060617012,9.204307556152344,55,maximum
13.452215194702148,0.5281115174293518,False,False,family-00338-maximum,family-00338,0.9941697120666504,0.03580827624287317,0.0,3,0.966818156208734,13.913904190063477,55,maximum
5.413458347320557,0.21225088834762573,False,False,family-00338-minimum,family-00338,0.9877511262893677,0.06609702556704718,1.0,0,0.5107062183210946,10.599946022033691,55,minimum
5.655635356903076,0.23587363958358765,False,False,family-00338-minimum,family-00338,0.9613187909126282,0.16373007074019333,1.0,1,0.66246714677138,8.5372314453125,55,minimum
10.071969032287598,0.16196000576019287,False,False,family-00338-minimum,family-00338,0.9752560257911682,0.11596753377410285,1.0,2,1.096227546290001,9.187845230102539,55,minimum
8.189677238464355,0.4247153103351593,False,False,family-00338-minimum,family-00338,0.9762267470359802,0.11238121140601896,1.0,3,0.5701434544171002,14.364239692687988,55,minimum
5.279063701629639,-0.10436835885047913,False,False,family-00338-sum_mod_10,family-00338,0.982559323310852,0.08790412505115772,0.5,0,0.4924390954065138,10.720236778259277,55,sum_mod_10
5.098005294799805,0.04208119213581085,False,False,family-00338-sum_mod_10,family-00338,0.9562908411026001,0.1795579884250334,0.5,1,0.5483552970362234,9.29690170288086,55,sum_mod_10
4.836363315582275,-0.019369691610336304,False,False,family-00338-sum_mod_10,family-00338,0.9821131825447083,0.08969691757852037,0.5,2,0.4745018931722572,10.192505836486816,55,sum_mod_10
13.396476745605469,-0.19845056533813477,False,True,family-00338-sum_mod_10,family-00338,0.9948445558547974,0.0322994754176715,0.5,3,1.1056899818150863,12.11594295501709,55,sum_mod_10
6.415243148803711,0.11108847707509995,True,False,family-00339-maximum,family-00339,0.9864903688430786,0.07156817603404184,1.0,0,0.5491411656401602,11.682320594787598,55,maximum
5.144579887390137,-0.08089984953403473,True,False,family-00339-maximum,family-00339,0.9663115739822388,0.14733849821504783,1.0,1,0.47342622035657544,10.866698265075684,55,maximum
8.355300903320312,0.13163146376609802,True,False,family-00339-maximum,family-00339,0.9848204255104065,0.07863286827710765,1.0,2,0.7180887354110542,11.63547134399414,55,maximum
7.6573662757873535,-0.052439793944358826,True,False,family-00339-maximum,family-00339,0.9979372024536133,0.014816373582439942,1.0,3,0.4551218399837299,16.824871063232422,55,maximum
5.120416641235352,0.15355202555656433,True,False,family-00339-minimum,family-00339,0.9709007740020752,0.13159691008851393,0.5,0,0.5244788395784082,9.762866020202637,55,minimum
5.830185413360596,0.20775490999221802,True,False,family-00339-minimum,family-00339,0.9705730080604553,0.1327446589169773,0.5,1,0.587641942271755,9.9213228225708,55,minimum
7.003366947174072,-0.04766643047332764,True,False,family-00339-minimum,family-00339,0.974912703037262,0.11722651079574513,0.5,2,0.7237442058331306,9.6765775680542,55,minimum
9.109541893005371,0.040579795837402344,True,False,family-00339-minimum,family-00339,0.9935235977172852,0.03909379796465782,0.5,3,0.7026925527756146,12.963766098022461,55,minimum
4.478728771209717,-0.016560303047299385,True,False,family-00339-sum_mod_10,family-00339,0.9765461683273315,0.11119231075754603,0.0,0,0.4003629217747609,11.18667221069336,55,sum_mod_10
4.440415859222412,-0.002225537784397602,True,False,family-00339-sum_mod_10,family-00339,0.9595327973365784,0.16942611132535565,0.0,1,0.4076960472397523,10.891486167907715,55,sum_mod_10
8.653210639953613,-0.023869970813393593,True,False,family-00339-sum_mod_10,family-00339,0.9873858690261841,0.0676950436489012,0.0,2,0.7640221966468924,11.325862884521484,55,sum_mod_10
8.827061653137207,-0.0006852615624666214,True,True,family-00339-sum_mod_10,family-00339,0.9964136481285095,0.02377329701327875,0.0,3,0.5836329578308668,15.124337196350098,55,sum_mod_10
5.85151481628418,0.15266424417495728,False,False,family-00340-maximum,family-00340,0.974578320980072,0.11844806858634942,0.5,0,0.6127950990438181,9.548892974853516,55,maximum
6.921266555786133,0.1902293562889099,False,False,family-00340-maximum,family-00340,0.9721249341964722,0.12727626309657472,0.5,1,0.7349613160345994,9.417184829711914,55,maximum
10.378608703613281,0.4127042293548584,False,False,family-00340-maximum,family-00340,0.9836282730102539,0.08356077869694885,0.5,2,1.0428421818123277,9.95223331451416,55,maximum
7.988533973693848,0.2809939980506897,False,False,family-00340-maximum,family-00340,0.9949741363525391,0.03161590300312504,0.5,3,0.5566987226796553,14.349833488464355,55,maximum
6.7188239097595215,0.23451948165893555,False,False,family-00340-minimum,family-00340,0.9877796173095703,0.06597191650829523,0.0,0,0.5299701968763402,12.677739143371582,55,minimum
8.13803482055664,0.778139591217041,False,False,family-00340-minimum,family-00340,0.9816126823425293,0.09169467698019651,0.0,1,0.7084721528165165,11.486739158630371,55,minimum
6.813215732574463,0.12424898147583008,False,False,family-00340-minimum,family-00340,0.9803301692008972,0.09675135805554774,0.0,2,0.5082676493124254,13.404779434204102,55,minimum
7.161866188049316,0.04951810836791992,False,False,family-00340-minimum,family-00340,0.9724823236465454,0.12600453788863017,0.0,3,0.42735331498444007,16.75865364074707,55,minimum
6.753330707550049,-0.0031419284641742706,True,False,family-00340-sum_mod_10,family-00340,0.9872077107429504,0.0684705887761132,1.0,0,0.6751269739681557,10.003052711486816,55,sum_mod_10
7.072761058807373,-0.050017256289720535,True,False,family-00340-sum_mod_10,family-00340,0.9700377583503723,0.1346108919210979,1.0,1,0.7875142767824794,8.981121063232422,55,sum_mod_10
7.667862415313721,0.0019913911819458008,True,False,family-00340-sum_mod_10,family-00340,0.9870074391365051,0.06933939687417714,1.0,2,0.7907612755232354,9.696810722351074,55,sum_mod_10
11.479955673217773,0.0034053735435009003,True,True,family-00340-sum_mod_10,family-00340,0.9959738850593567,0.026221835532076927,1.0,3,0.8856113607395295,12.962746620178223,55,sum_mod_10
8.237039566040039,0.16266626119613647,False,False,family-00341-maximum,family-00341,0.9829602241516113,0.08628322608637254,0.0,0,0.7808617688135608,10.548652648925781,55,maximum
4.433089733123779,-0.01438075304031372,False,False,family-00341-maximum,family-00341,0.966412365436554,0.14700005244852057,0.0,1,0.43970287433800026,10.082012176513672,55,maximum
8.992759704589844,0.17113447189331055,False,False,family-00341-maximum,family-00341,0.962972104549408,0.15838078478898213,0.0,2,0.9486183726255724,9.479849815368652,55,maximum
9.586838722229004,0.17637425661087036,False,False,family-00341-maximum,family-00341,0.9919822812080383,0.046679814022363944,0.0,3,0.641273459201825,14.949688911437988,55,maximum
6.613042831420898,0.13298219442367554,False,False,family-00341-minimum,family-00341,0.9877511262893677,0.06609702556704718,1.0,0,0.6238751421634248,10.599946022033691,55,minimum
4.331162929534912,0.14730846881866455,False,False,family-00341-minimum,family-00341,0.959735095500946,0.1687851166896428,1.0,1,0.46823445779418443,9.249987602233887,55,minimum
10.488917350769043,0.5821963548660278,False,False,family-00341-minimum,family-00341,0.9724354147911072,0.12617172796140672,1.0,2,1.1339446100183075,9.249938011169434,55,minimum
8.635222434997559,0.6467782258987427,False,False,family-00341-minimum,family-00341,0.9674248695373535,0.14358266616598214,1.0,3,0.6736390532808509,12.818767547607422,55,minimum
5.247519493103027,0.021349124610424042,True,False,family-00341-sum_mod_10,family-00341,0.9765461683273315,0.11119231075754603,0.5,0,0.46908673055485745,11.18667221069336,55,sum_mod_10
4.1643757820129395,0.028998123481869698,True,False,family-00341-sum_mod_10,family-00341,0.9581611752510071,0.17374463678406066,0.5,1,0.37227142317247536,11.186396598815918,55,sum_mod_10
4.912868976593018,-0.021291546523571014,True,False,family-00341-sum_mod_10,family-00341,0.9874514937400818,0.06740873075180026,0.5,2,0.4309231881772756,11.400799751281738,55,sum_mod_10
14.497187614440918,0.04761214181780815,True,True,family-00341-sum_mod_10,family-00341,0.99429851770401,0.03514492272467273,0.5,3,1.0805172641126874,13.416895866394043,55,sum_mod_10
5.493625640869141,0.04538094997406006,True,False,family-00342-maximum,family-00342,0.9887803792953491,0.06153356406557892,1.0,0,0.4973443524991094,11.045919418334961,55,maximum
5.350403308868408,-0.11172789335250854,True,False,family-00342-maximum,family-00342,0.9617855548858643,0.16222743952418509,1.0,1,0.592635649948171,9.028149604797363,55,maximum
7.521082401275635,-0.07913607358932495,True,False,family-00342-maximum,family-00342,0.9853518605232239,0.07640589452616267,1.0,2,0.8115051855937322,9.268064498901367,55,maximum
12.745362281799316,0.6913306713104248,True,False,family-00342-maximum,family-00342,0.995793342590332,0.027212785286904552,1.0,3,0.9477390776186962,13.448176383972168,55,maximum
4.7146100997924805,-0.28037598729133606,False,False,family-00342-minimum,family-00342,0.982559323310852,0.08790412505115772,0.5,0,0.43978600448021316,10.720236778259277,55,minimum
7.485011100769043,-0.0010036230087280273,False,False,family-00342-minimum,family-00342,0.9599635601043701,0.1680599383991645,0.5,1,0.8382749268568398,8.929064750671387,55,minimum
8.7880859375,0.29139047861099243,False,False,family-00342-minimum,family-00342,0.97157883644104,0.1292103986528947,0.5,2,0.9702706814813645,9.057354927062988,55,minimum
10.902837753295898,0.007112681865692139,False,False,family-00342-minimum,family-00342,0.9829436540603638,0.08635040991569629,0.5,3,0.7467572511514935,14.60024356842041,55,minimum
5.815500736236572,-0.0050162868574261665,True,False,family-00342-sum_mod_10,family-00342,0.9784067273139954,0.10417670659975296,0.0,0,0.5229139056378797,11.12133502960205,55,sum_mod_10
4.708076000213623,-0.007716338150203228,True,False,family-00342-sum_mod_10,family-00342,0.9639459848403931,0.1551941259228717,0.0,1,0.4252525444816989,11.071247100830078,55,sum_mod_10
5.842894077301025,-0.0032709678635001183,True,False,family-00342-sum_mod_10,family-00342,0.9867181181907654,0.07058900345767304,0.0,2,0.46023394510126553,12.695487022399902,55,sum_mod_10
8.830799102783203,-0.004893946461379528,True,True,family-00342-sum_mod_10,family-00342,0.9960445165634155,0.025831965307159206,0.0,3,0.5611392216437036,15.737269401550293,55,sum_mod_10
4.772999286651611,0.0630868673324585,True,False,family-00343-maximum,family-00343,0.9709007740020752,0.13159691008851393,0.5,0,0.4888932488446199,9.762866020202637,55,maximum
4.205620765686035,-0.0009895563125610352,True,False,family-00343-maximum,family-00343,0.9697989821434021,0.13544023328687504,0.5,1,0.44286532892588276,9.496387481689453,55,maximum
7.697035789489746,0.03950989246368408,True,False,family-00343-maximum,family-00343,0.9732504487037659,0.12325502902530153,0.5,2,0.825462459016712,9.32451343536377,55,maximum
13.065580368041992,0.5440424680709839,True,False,family-00343-maximum,family-00343,0.9947447776794434,0.03282359699596712,0.5,3,0.9684600328902723,13.4910888671875,55,maximum
5.894576072692871,0.08435451984405518,True,False,family-00343-minimum,family-00343,0.9893701076507568,0.05887633043393764,0.0,0,0.5112897309937031,11.528837203979492,55,minimum
4.36743688583374,0.041455864906311035,True,False,family-00343-minimum,family-00343,0.9625234007835388,0.15984000766533385,0.0,1,0.43537276858585666,10.031488418579102,55,minimum
8.12102222442627,-0.005852103233337402,True,False,family-00343-minimum,family-00343,0.9843206405639648,0.08070995958531822,0.0,2,0.8046794486664097,10.092245101928711,55,minimum
9.246707916259766,0.4259066879749298,True,False,family-00343-minimum,family-00343,0.9901703000068665,0.05521751235893997,0.0,3,0.658344146878349,14.045401573181152,55,minimum
7.372002124786377,-0.013277344405651093,False,False,family-00343-sum_mod_10,family-00343,0.9829602241516113,0.08628322608637254,1.0,0,0.6988572256701525,10.548652648925781,55,sum_mod_10
4.281818866729736,-0.000860258936882019,False,False,family-00343-sum_mod_10,family-00343,0.9682670831680298,0.14071529602552157,1.0,1,0.4521066633638342,9.470815658569336,55,sum_mod_10
5.215801239013672,0.04739486426115036,False,False,family-00343-sum_mod_10,family-00343,0.9492725729942322,0.20065156318067956,1.0,2,0.5231209864413479,9.970544815063477,55,sum_mod_10
10.818992614746094,0.02158895879983902,False,True,family-00343-sum_mod_10,family-00343,0.9858183264732361,0.07443506830749408,1.0,3,0.8724474964308555,12.400737762451172,55,sum_mod_10
6.443806171417236,0.07174926996231079,True,False,family-00344-maximum,family-00344,0.9748644232749939,0.11740316644253693,0.0,0,0.6834343137644616,9.428566932678223,55,maximum
4.522644996643066,-0.0780637264251709,True,False,family-00344-maximum,family-00344,0.9542540907859802,0.1857934863664829,0.0,1,0.49380620264816255,9.158744812011719,55,maximum
8.344568252563477,0.33876144886016846,True,False,family-00344-maximum,family-00344,0.9773091673851013,0.10833425057264082,0.0,2,0.8365070563648774,9.97549057006836,55,maximum
12.586219787597656,0.5854287147521973,True,False,family-00344-maximum,family-00344,0.9942001104354858,0.03565198399290828,0.0,3,0.932061780059232,13.503632545471191,55,maximum
6.041019916534424,0.06017941236495972,False,False,family-00344-minimum,family-00344,0.9839814305305481,0.08211045411503394,1.0,0,0.576261169465293,10.483128547668457,55,minimum
5.641778469085693,0.6182538270950317,False,False,family-00344-minimum,family-00344,0.9724679589271545,0.12605574459354738,1.0,1,0.5538162910826514,10.187093734741211,55,minimum
9.603666305541992,0.650596559047699,False,False,family-00344-minimum,family-00344,0.9746080040931702,0.11833981421819564,1.0,2,0.9089054223981475,10.56618881225586,55,minimum
9.285335540771484,0.19445359706878662,False,False,family-00344-minimum,family-00344,0.9769295454025269,0.10975947638279673,1.0,3,0.7331995160891327,12.664132118225098,55,minimum
5.357837200164795,-0.17175674438476562,True,False,family-00344-sum_mod_10,family-00344,0.9807712435722351,0.09502220315779537,0.5,0,0.5012331652028295,10.689311027526855,55,sum_mod_10
5.017569065093994,0.13724195957183838,True,False,family-00344-sum_mod_10,family-00344,0.9579505324363708,0.174403647205566,0.5,1,0.5739703954778839,8.741860389709473,55,sum_mod_10
7.9194655418396,-0.14963284134864807,True,False,family-00344-sum_mod_10,family-00344,0.9787255525588989,0.10295843527057584,0.5,2,0.8813314617432215,8.985796928405762,55,sum_mod_10
11.23840618133545,0.09312768280506134,True,True,family-00344-sum_mod_10,family-00344,0.9910051822662354,0.05132978838660317,0.5,3,0.9197696986026034,12.218717575073242,55,sum_mod_10
6.256931781768799,0.09590452909469604,False,False,family-00345-maximum,family-00345,0.9839814305305481,0.08211045411503394,1.0,0,0.5968572982118394,10.483128547668457,55,maximum
5.529506683349609,0.22575849294662476,False,False,family-00345-maximum,family-00345,0.9689476490020752,0.1383814277853799,1.0,1,0.5288792037953081,10.455141067504883,55,maximum
7.606753826141357,0.23932725191116333,False,False,family-00345-maximum,family-00345,0.9888436794281006,0.06124987398529874,1.0,2,0.6673550982522073,11.398360252380371,55,maximum
8.283153533935547,0.3972570300102234,False,False,family-00345-maximum,family-00345,0.9979361295700073,0.014823005469444702,1.0,3,0.5539595678823566,14.952631950378418,55,maximum
5.226865768432617,0.3124866485595703,False,False,family-00345-minimum,family-00345,0.974578320980072,0.11844806858634942,0.5,0,0.5473792388497055,9.548892974853516,55,minimum
5.123852729797363,-0.02123922109603882,False,False,family-00345-minimum,family-00345,0.9693166613578796,0.13710955588284207,0.5,1,0.5874861035495638,8.721657752990723,55,minimum
7.321755886077881,0.1455780267715454,False,False,family-00345-minimum,family-00345,0.9788234233856201,0.1025834825130576,0.5,2,0.8152420740151127,8.98108196258545,55,minimum
8.654600143432617,0.17484426498413086,False,False,family-00345-minimum,family-00345,0.9886919260025024,0.06192937767639316,0.5,3,0.7061044341383956,12.256827354431152,55,minimum
6.293156147003174,-0.010800205171108246,False,False,family-00345-sum_mod_10,family-00345,0.9877796173095703,0.06597191650829523,0.0,0,0.4963941974065212,12.677739143371582,55,sum_mod_10
5.900963306427002,0.019509952515363693,False,False,family-00345-sum_mod_10,family-00345,0.9828166961669922,0.08686462142348862,0.0,1,0.5206187054621136,11.33452033996582,55,sum_mod_10
6.771351337432861,-0.06164741516113281,False,False,family-00345-sum_mod_10,family-00345,0.9874886870384216,0.06724630657578942,0.0,2,0.521595527970022,12.981996536254883,55,sum_mod_10
9.30772876739502,-0.08224156498908997,False,True,family-00345-sum_mod_10,family-00345,0.9985799789428711,0.010730209104497849,0.0,3,0.5698998550238206,16.332218170166016,55,sum_mod_10
5.057681083679199,0.19522124528884888,False,False,family-00346-maximum,family-00346,0.974578320980072,0.11844806858634942,0.5,0,0.529661511234687,9.548892974853516,55,maximum
5.84691858291626,0.059241533279418945,False,False,family-00346-maximum,family-00346,0.9695853590965271,0.13618055990593098,0.5,1,0.6678830335636651,8.75440502166748,55,maximum
7.107303619384766,0.25971102714538574,False,False,family-00346-maximum,family-00346,0.9816810488700867,0.09142261704345553,0.5,2,0.7477216083581343,9.505280494689941,55,maximum
9.41128921508789,0.450145959854126,False,False,family-00346-maximum,family-00346,0.9910679459571838,0.05103444757192469,0.5,3,0.7926708772901601,11.872883796691895,55,maximum
7.835230827331543,0.20182454586029053,False,False,family-00346-minimum,family-00346,0.9877796173095703,0.06597191650829523,0.0,0,0.6180306077229951,12.677739143371582,55,minimum
7.609703063964844,0.14330512285232544,False,False,family-00346-minimum,family-00346,0.9783576726913452,0.10436372163651017,0.0,1,0.7492129104562467,10.156929969787598,55,minimum
8.319498062133789,0.09681940078735352,False,False,family-00346-minimum,family-00346,0.9759332537651062,0.1134697297876351,0.0,2,0.6769130850255269,12.290349006652832,55,minimum
7.788525104522705,0.07271915674209595,False,False,family-00346-minimum,family-00346,0.9458432197570801,0.2105773321459382,0.0,3,0.45968548015241534,16.943161010742188,55,minimum
6.856281280517578,-0.05709199607372284,True,False,family-00346-sum_mod_10,family-00346,0.9748644232749939,0.11740316644253693,1.0,0,0.7271816946809353,9.428566932678223,55,sum_mod_10
4.250474452972412,0.08965454250574112,True,False,family-00346-sum_mod_10,family-00346,0.9533821940422058,0.18843350322854352,1.0,1,0.41782922641024245,10.172755241394043,55,sum_mod_10
4.821064472198486,0.05874248594045639,True,False,family-00346-sum_mod_10,family-00346,0.9824790954589844,0.08822736452435773,1.0,2,0.44677165055099083,10.790891647338867,55,sum_mod_10
10.630559921264648,-0.024407804012298584,True,True,family-00346-sum_mod_10,family-00346,0.9887517094612122,0.06166193373742089,1.0,3,0.9100552452629073,11.681224822998047,55,sum_mod_10
7.172491073608398,0.09681969881057739,True,False,family-00347-maximum,family-00347,0.9872077107429504,0.0684705887761132,0.0,0,0.7170302187223311,10.003052711486816,55,maximum
3.9570400714874268,0.03306514024734497,True,False,family-00347-maximum,family-00347,0.9606038928031921,0.16602017229977264,0.0,1,0.44846997885544887,8.8234224319458,55,maximum
13.180408477783203,0.5961136817932129,True,False,family-00347-maximum,family-00347,0.9845162630081177,0.07989891475727161,0.0,2,1.5150916531864298,8.699413299560547,55,maximum
9.401543617248535,0.32711395621299744,True,False,family-00347-maximum,family-00347,0.9977432489395142,0.01600645792750991,0.0,3,0.5403091933699962,17.40030288696289,55,maximum
5.71920108795166,0.05733048915863037,True,False,family-00347-minimum,family-00347,0.9855624437332153,0.07551807254050555,1.0,0,0.5341133307433764,10.707841873168945,55,minimum
5.154916286468506,0.2239176630973816,True,False,family-00347-minimum,family-00347,0.9649179577827454,0.15198649545784312,1.0,1,0.5448794159320725,9.460655212402344,55,minimum
8.338162422180176,0.08175480365753174,True,False,family-00347-minimum,family-00347,0.9750171899795532,0.11684386652494393,1.0,2,0.7918891115753229,10.529457092285156,55,minimum
10.982202529907227,0.19795960187911987,True,False,family-00347-minimum,family-00347,0.9870986342430115,0.06894416963286526,1.0,3,0.7710176207554499,14.243776321411133,55,minimum
5.729281902313232,-0.01973079703748226,True,False,family-00347-sum_mod_10,family-00347,0.9807712435722351,0.09502220315779537,0.5,0,0.5359823367062034,10.689311027526855,55,sum_mod_10
4.434257984161377,0.010324811562895775,True,False,family-00347-sum_mod_10,family-00347,0.9601476192474365,0.16747472174156197,0.5,1,0.4637147793826154,9.562468528747559,55,sum_mod_10
6.648967742919922,-0.015604907646775246,True,False,family-00347-sum_mod_10,family-00347,0.9847366213798523,0.07898230725425659,0.5,2,0.655471052351017,10.143800735473633,55,sum_mod_10
10.279251098632812,-0.031886614859104156,True,True,family-00347-sum_mod_10,family-00347,0.9958733916282654,0.02677439776558812,0.5,3,0.8096705767854656,12.695596694946289,55,sum_mod_10
7.4286651611328125,0.3763743042945862,True,False,family-00348-maximum,family-00348,0.9864903688430786,0.07156817603404184,1.0,0,0.6358895136337317,11.682320594787598,55,maximum
4.4847917556762695,-0.04957926273345947,True,False,family-00348-maximum,family-00348,0.9670900702476501,0.14471622766595987,1.0,1,0.42300818312320904,10.602139472961426,55,maximum
7.395065784454346,0.5273106694221497,True,False,family-00348-maximum,family-00348,0.9835391044616699,0.08392573919308095,1.0,2,0.6672080395835654,11.083598136901855,55,maximum
9.310091018676758,0.21522486209869385,True,False,family-00348-maximum,family-00348,0.9967665672302246,0.02176938510948186,1.0,3,0.6153927326664393,15.128698348999023,55,maximum
6.915272235870361,0.20787692070007324,False,False,family-00348-minimum,family-00348,0.974578320980072,0.11844806858634942,0.5,0,0.7241962240106105,9.548892974853516,55,minimum
5.30675745010376,0.02659374475479126,False,False,family-00348-minimum,family-00348,0.9706647396087646,0.13242382032431138,0.5,1,0.550756167298068,9.63540267944336,55,minimum
5.802390098571777,0.028043687343597412,False,False,family-00348-minimum,family-00348,0.9801392555236816,0.09749665998093729,0.5,2,0.5783281008044651,10.033041954040527,55,minimum
8.458788871765137,0.1706487536430359,False,False,family-00348-minimum,family-00348,0.989336371421814,0.05902921614774205,0.5,3,0.6935553968044955,12.196269989013672,55,minimum
6.427264213562012,-0.0007018260657787323,False,False,family-00348-sum_mod_10,family-00348,0.9877796173095703,0.06597191650829523,0.0,0,0.5069724294589574,12.677739143371582,55,sum_mod_10
6.133944511413574,0.017622536048293114,False,False,family-00348-sum_mod_10,family-00348,0.9832504391670227,0.08510387048540058,0.0,1,0.5477863176635962,11.1976957321167,55,sum_mod_10
5.447479248046875,0.010331360623240471,False,False,family-00348-sum_mod_10,family-00348,0.9863318204879761,0.07224752802059752,0.0,2,0.4301389501668455,12.664463996887207,55,sum_mod_10
8.166027069091797,-0.04008536413311958,False,True,family-00348-sum_mod_10,family-00348,0.9980036616325378,0.014404463220898266,0.0,3,0.5631629835516841,14.500290870666504,55,sum_mod_10
6.761924743652344,0.3978710174560547,False,False,family-00349-maximum,family-00349,0.982251763343811,0.0891412644236175,0.5,0,0.7241506305277264,9.337732315063477,55,maximum
4.976260662078857,0.010967910289764404,False,False,family-00349-maximum,family-00349,0.9691990613937378,0.1375153812450462,0.5,1,0.5977226118272612,8.32536792755127,55,maximum
8.082839965820312,0.1296325922012329,False,False,family-00349-maximum,family-00349,0.9696313738822937,0.13602122335769543,0.5,2,0.9529199438916005,8.482181549072266,55,maximum
8.851174354553223,0.11747300624847412,False,False,family-00349-maximum,family-00349,0.992985188961029,0.04178172881315484,0.5,3,0.7009212065555348,12.62791633605957,55,maximum
6.611001014709473,-0.1604764461517334,True,False,family-00349-minimum,family-00349,0.9709007740020752,0.13159691008851393,0.0,0,0.6771578142145042,9.762866020202637,55,minimum
3.4317281246185303,-0.03398299962282181,True,False,family-00349-minimum,family-00349,0.9685488343238831,0.1397509318273673,0.0,1,0.3437429549668105,9.983413696289062,55,minimum
5.281400203704834,0.03779267147183418,True,False,family-00349-minimum,family-00349,0.9737140536308289,0.12158462429206371,0.0,2,0.5539145401492183,9.534684181213379,55,minimum
5.971792221069336,0.013066966086626053,True,False,family-00349-minimum,family-00349,0.9807533621788025,0.09509250311255577,0.0,3,0.5812404741351304,10.274219512939453,55,minimum
6.845691680908203,-0.0002568364143371582,False,False,family-00349-sum_mod_10,family-00349,0.9887405037879944,0.06171208723210733,1.0,0,0.5580234191367501,12.267749786376953,55,sum_mod_10
4.370696067810059,0.10314344614744186,False,False,family-00349-sum_mod_10,family-00349,0.9743072390556335,0.1194350644886397,1.0,1,0.4267521907913666,10.241765975952148,55,sum_mod_10
5.475750923156738,-0.05302681028842926,False,False,family-00349-sum_mod_10,family-00349,0.9810014367103577,0.09411568891155737,1.0,2,0.5407945819394906,10.125380516052246,55,sum_mod_10
13.010486602783203,0.0131264328956604,False,True,family-00349-sum_mod_10,family-00349,0.9922437071800232,0.04541590670786126,1.0,3,1.163777585954363,11.179530143737793,55,sum_mod_10
7.751347541809082,0.3068614900112152,True,False,family-00350-maximum,family-00350,0.9826276898384094,0.08762837872362726,0.0,0,0.6610235642851892,11.726280212402344,55,maximum
5.67209005355835,-0.18953898549079895,True,False,family-00350-maximum,family-00350,0.977150559425354,0.10893050135836901,0.0,1,0.47146146918046516,12.030866622924805,55,maximum
8.784405708312988,0.1377238929271698,True,False,family-00350-maximum,family-00350,0.988978922367096,0.06064254063590724,0.0,2,0.7289239127372593,12.051197052001953,55,maximum
8.890077590942383,0.3405403792858124,True,False,family-00350-maximum,family-00350,0.9975464940071106,0.017196646818206096,0.0,3,0.5399361477590898,16.46505355834961,55,maximum
5.880104064941406,0.24572503566741943,True,False,family-00350-minimum,family-00350,0.9872077107429504,0.0684705887761132,1.0,0,0.5878309586621592,10.003052711486816,55,minimum
8.317313194274902,0.6344192028045654,True,False,family-00350-minimum,family-00350,0.9689949750900269,0.13821856343475952,1.0,1,1.0346193272658402,8.039008140563965,55,minimum
10.050530433654785,0.4327389597892761,True,False,family-00350-minimum,family-00350,0.9829298257827759,0.08640646445919488,1.0,2,0.978991808188393,10.266204833984375,55,minimum
8.108023643493652,0.03468853235244751,True,False,family-00350-minimum,family-00350,0.9631074666976929,0.15793946990696883,1.0,3,0.5154139268619532,15.731091499328613,55,minimum
7.163790225982666,-0.022977914661169052,False,False,family-00350-sum_mod_10,family-00350,0.9877796173095703,0.06597191650829523,0.5,0,0.5650684357019742,12.677739143371582,55,sum_mod_10
7.191504001617432,-0.03624047711491585,False,False,family-00350-sum_mod_10,family-00350,0.9817039370536804,0.09133147705205227,0.5,1,0.58670907048619,12.257359504699707,55,sum_mod_10
5.754097938537598,0.003226514905691147,False,False,family-00350-sum_mod_10,family-00350,0.9890269637107849,0.060426399247844896,0.5,2,0.41387413281611035,13.903014183044434,55,sum_mod_10
14.162771224975586,0.0043196603655815125,False,True,family-00350-sum_mod_10,family-00350,0.9948648810386658,0.03219247313610712,0.5,3,0.8465960274112387,16.72907829284668,55,sum_mod_10
7.814993381500244,0.38519760966300964,True,False,family-00351-maximum,family-00351,0.9855624437332153,0.07551807254050555,1.0,0,0.7298383254129458,10.707841873168945,55,maximum
7.1358184814453125,-0.2361876368522644,True,False,family-00351-maximum,family-00351,0.959219217300415,0.1704176284187327,1.0,1,0.6992889119250593,10.204392433166504,55,maximum
6.559910297393799,0.3025283217430115,True,False,family-00351-maximum,family-00351,0.973942220211029,0.1207594477399429,1.0,2,0.5387501317785268,12.176164627075195,55,maximum
8.163991928100586,0.02176111936569214,True,False,family-00351-maximum,family-00351,0.9856722354888916,0.07505395564086713,1.0,3,0.5472516741214123,14.918167114257812,55,maximum
7.468060493469238,0.5348130464553833,True,False,family-00351-minimum,family-00351,0.9864903688430786,0.07156817603404184,0.5,0,0.6392617316803759,11.682320594787598,55,minimum
8.304988861083984,0.5755591988563538,True,False,family-00351-minimum,family-00351,0.9721951484680176,0.12702678839445952,0.5,1,0.7760642038874094,10.701419830322266,55,minimum
8.38532543182373,0.5014737844467163,True,False,family-00351-minimum,family-00351,0.9835754632949829,0.08377698453487872,0.5,2,0.7221180572323245,11.612125396728516,55,minimum
7.676695346832275,-0.013263881206512451,True,False,family-00351-minimum,family-00351,0.9787253737449646,0.10295911990268757,0.5,3,0.49460561130711306,15.520841598510742,55,minimum
6.199182033538818,0.11788378655910492,True,False,family-00351-sum_mod_10,family-00351,0.9826276898384094,0.08762837872362726,0.0,0,0.5286571633331967,11.726280212402344,55,sum_mod_10
6.365747451782227,0.014721393585205078,True,False,family-00351-sum_mod_10,family-00351,0.9775435328483582,0.10745112772538479,0.0,1,0.555526241762778,11.45895004272461,55,sum_mod_10
6.7906494140625,0.1580064445734024,True,False,family-00351-sum_mod_10,family-00351,0.9899683594703674,0.05614687587156192,0.0,2,0.5509824889927495,12.32461929321289,55,sum_mod_10
8.813892364501953,0.12274207174777985,True,True,family-00351-sum_mod_10,family-00351,0.9946634769439697,0.03324924922206741,0.0,3,0.5857934300879625,15.046075820922852,55,sum_mod_10
5.83351993560791,0.09117114543914795,False,False,family-00352-maximum,family-00352,0.974578320980072,0.11844806858634942,0.5,0,0.6109105998957328,9.548892974853516,55,maximum
7.304141521453857,-0.024332761764526367,False,False,family-00352-maximum,family-00352,0.9706169962882996,0.13259084331321563,0.5,1,0.7667097624775135,9.526605606079102,55,maximum
7.962099075317383,0.14779329299926758,False,False,family-00352-maximum,family-00352,0.9836193919181824,0.08359715046771914,0.5,2,0.6788286460692109,11.72917366027832,55,maximum
11.226710319519043,0.48112764954566956,False,False,family-00352-maximum,family-00352,0.9950776696205139,0.031067327533668303,0.5,3,0.7180806894906441,15.634329795837402,55,maximum
6.317886829376221,0.1298055648803711,False,False,family-00352-minimum,family-00352,0.9887405037879944,0.06171208723210733,0.0,0,0.5149996486227723,12.267749786376953,55,minimum
7.833263397216797,-0.19155818223953247,False,False,family-00352-minimum,family-00352,0.9756786823272705,0.11441092173175331,0.0,1,0.7567700041727617,10.350916862487793,55,minimum
7.803216457366943,0.010734915733337402,False,False,family-00352-minimum,family-00352,0.9817901253700256,0.09098801602033343,0.0,2,0.6341642951510404,12.304723739624023,55,minimum
8.106134414672852,0.3621482253074646,False,False,family-00352-minimum,family-00352,0.9834429621696472,0.08431869257133676,0.0,3,0.509704806016316,15.903586387634277,55,minimum
6.1646552085876465,-0.023798532783985138,False,False,family-00352-sum_mod_10,family-00352,0.9887405037879944,0.06171208723210733,1.0,0,0.502509043299314,12.267749786376953,55,sum_mod_10
7.283518314361572,0.002038765698671341,False,False,family-00352-sum_mod_10,family-00352,0.9766489863395691,0.11080867249655207,1.0,1,0.7041863247940477,10.343169212341309,55,sum_mod_10
6.4519548416137695,-0.010788396000862122,False,False,family-00352-sum_mod_10,family-00352,0.9861894249916077,0.07285607783728713,1.0,2,0.5528355173039622,11.670659065246582,55,sum_mod_10
10.100749015808105,0.0171897504478693,False,True,family-00352-sum_mod_10,family-00352,0.9955399632453918,0.028590463202394077,1.0,3,0.6773155688275053,14.912914276123047,55,sum_mod_10
6.432901859283447,0.2774119973182678,True,False,family-00353-maximum,family-00353,0.9748644232749939,0.11740316644253693,0.0,0,0.682277795259407,9.428566932678223,55,maximum
3.475381374359131,0.034257590770721436,True,False,family-00353-maximum,family-00353,0.9558112621307373,0.18103498978029314,0.0,1,0.3773810375685661,9.209210395812988,55,maximum
10.954471588134766,0.4942356050014496,True,False,family-00353-maximum,family-00353,0.9756453037261963,0.11453412472129773,0.0,2,1.1643030594768247,9.408608436584473,55,maximum
12.373847007751465,0.7355304956436157,True,False,family-00353-maximum,family-00353,0.9947838187217712,0.03261874836401502,0.0,3,0.8191746657967472,15.105260848999023,55,maximum
6.558239936828613,-0.08887287974357605,False,False,family-00353-minimum,family-00353,0.9877511262893677,0.06609702556704718,1.0,0,0.6187050314403731,10.599946022033691,55,minimum
4.384562015533447,-0.2791393995285034,False,False,family-00353-minimum,family-00353,0.9629812836647034,0.1583508748106017,1.0,1,0.5228852533519762,8.385323524475098,55,minimum
6.837587833404541,0.09610562026500702,False,False,family-00353-minimum,family-00353,0.9577688574790955,0.17497114480394613,1.0,2,0.7663053353101975,8.922798156738281,55,minimum
6.820274829864502,0.15423434972763062,False,False,family-00353-minimum,family-00353,0.9767980575561523,0.11025162883789531,1.0,3,0.6511022734483761,10.474967002868652,55,minimum
7.080111980438232,0.017704186961054802,False,False,family-00353-sum_mod_10,family-00353,0.9877796173095703,0.06597191650829523,0.5,0,0.5584680281215592,12.677739143371582,55,sum_mod_10
5.640017986297607,0.019072091206908226,False,False,family-00353-sum_mod_10,family-00353,0.9813299775123596,0.09281694256677989,0.5,1,0.4831756636469349,11.672810554504395,55,sum_mod_10
5.253281593322754,0.02807474695146084,False,False,family-00353-sum_mod_10,family-00353,0.9834912419319153,0.08412143438567522,0.5,2,0.42434308061398834,12.37979793548584,55,sum_mod_10
11.456358909606934,-0.022014178335666656,False,True,family-00353-sum_mod_10,family-00353,0.9967930912971497,0.02161726697682903,0.5,3,0.809530792273027,14.151850700378418,55,sum_mod_10
7.783812522888184,0.38406941294670105,True,False,family-00354-maximum,family-00354,0.9864903688430786,0.07156817603404184,1.0,0,0.666289925852673,11.682320594787598,55,maximum
6.719626426696777,0.09498131275177002,True,False,family-00354-maximum,family-00354,0.9629502296447754,0.15845205423890418,1.0,1,0.6508078618189046,10.325054168701172,55,maximum
5.948949813842773,0.3582536578178406,True,False,family-00354-maximum,family-00354,0.9816573858261108,0.09151681187699551,1.0,2,0.5875646006119297,10.12475872039795,55,maximum
11.728294372558594,0.060423433780670166,True,False,family-00354-maximum,family-00354,0.9930474162101746,0.04147325764244295,1.0,3,0.9487325271863611,12.362066268920898,55,maximum
7.55692195892334,0.10790449380874634,False,False,family-00354-minimum,family-00354,0.982559323310852,0.08790412505115772,0.5,0,0.704921179935954,10.720236778259277,55,minimum
8.214001655578613,0.8316664099693298,False,False,family-00354-minimum,family-00354,0.9578980207443237,0.17456776188451018,0.5,1,0.9506896662863763,8.640045166015625,55,minimum
7.750437259674072,0.18880099058151245,False,False,family-00354-minimum,family-00354,0.9687576293945312,0.1390345982501019,0.5,2,0.8106273389794177,9.561036109924316,55,minimum
7.382036209106445,0.06981569528579712,False,False,family-00354-minimum,family-00354,0.9519862532615662,0.19262478178149162,0.5,3,0.5598330704114686,13.186138153076172,55,minimum
4.701382160186768,0.01746249385178089,True,False,family-00354-sum_mod_10,family-00354,0.9765461683273315,0.11119231075754603,0.0,0,0.42026637338070105,11.18667221069336,55,sum_mod_10
5.97050142288208,0.017879221588373184,True,False,family-00354-sum_mod_10,family-00354,0.9573004841804504,0.17643044566885852,0.0,1,0.5655356660056355,10.557250022888184,55,sum_mod_10
6.06613826751709,-0.030081383883953094,True,False,family-00354-sum_mod_10,family-00354,0.9874140620231628,0.06757208339275607,0.0,2,0.5341279129475242,11.357089042663574,55,sum_mod_10
9.351683616638184,0.0294756181538105,True,True,family-00354-sum_mod_10,family-00354,0.9892486333847046,0.05942632277082592,0.0,3,0.7043881098750376,13.276322364807129,55,sum_mod_10
6.569780349731445,0.32931792736053467,False,False,family-00355-maximum,family-00355,0.982251763343811,0.0891412644236175,0.5,0,0.7035734296145096,9.337732315063477,55,maximum
7.048442363739014,-0.01626133918762207,False,False,family-00355-maximum,family-00355,0.9668462872505188,0.14553940885362546,0.5,1,0.7709463480375667,9.142584800720215,55,maximum
7.6580729484558105,0.2076265811920166,False,False,family-00355-maximum,family-00355,0.9726673364639282,0.12534432192351583,0.5,2,0.7215913022333547,10.612756729125977,55,maximum
12.775643348693848,0.41294723749160767,False,False,family-00355-maximum,family-00355,0.9936150312423706,0.03863295186745362,0.5,3,1.0180290446325322,12.549389839172363,55,maximum
6.365025997161865,0.04235804080963135,False,False,family-00355-minimum,family-00355,0.9829602241516113,0.08628322608637254,0.0,0,0.6033970601743196,10.548652648925781,55,minimum
8.127781867980957,0.643786609172821,False,False,family-00355-minimum,family-00355,0.9688705205917358,0.1386466920855171,0.0,1,0.8701969833991074,9.340163230895996,55,minimum
7.697029113769531,0.09135997295379639,False,False,family-00355-minimum,family-00355,0.9589598774909973,0.17123574191699814,0.0,2,0.7469895218664354,10.304065704345703,55,minimum
7.257603645324707,0.1928606927394867,False,False,family-00355-minimum,family-00355,0.9723082780838013,0.12662444955339644,0.0,3,0.5435533795751781,13.352145195007324,55,minimum
5.981536865234375,-0.06458073854446411,True,False,family-00355-sum_mod_10,family-00355,0.9893701076507568,0.05887633043393764,1.0,0,0.5188326246093304,11.528837203979492,55,sum_mod_10
6.3066511154174805,0.22126519680023193,True,False,family-00355-sum_mod_10,family-00355,0.9574640989303589,0.17592128744176289,1.0,1,0.5914722670916893,10.66263198852539,55,sum_mod_10
7.939866065979004,-0.1724926233291626,True,False,family-00355-sum_mod_10,family-00355,0.9875982403755188,0.06676723221616271,1.0,2,0.6147806338871898,12.914958000183105,55,sum_mod_10
12.417229652404785,-0.3221198618412018,True,True,family-00355-sum_mod_10,family-00355,0.9952620267868042,0.03008505481018715,1.0,3,0.7878522684228806,15.760860443115234,55,sum_mod_10
7.796291351318359,0.2599523663520813,False,False,family-00356-maximum,family-00356,0.9887405037879944,0.06171208723210733,0.0,0,0.6355111154920976,12.267749786376953,55,maximum
6.642605781555176,0.11827999353408813,False,False,family-00356-maximum,family-00356,0.9718842506408691,0.1281300454390639,0.0,1,0.6547859470944595,10.144698143005371,55,maximum
8.207365036010742,0.3474205732345581,False,False,family-00356-maximum,family-00356,0.9800717830657959,0.09775961488367808,0.0,2,0.6940253334827934,11.825742721557617,55,maximum
12.584142684936523,0.48018255829811096,False,False,family-00356-maximum,family-00356,0.9918729662895203,0.04720575103960872,0.0,3,0.8207726145187736,15.332069396972656,55,maximum
6.9446282386779785,0.07022744417190552,False,False,family-00356-minimum,family-00356,0.9877511262893677,0.06609702556704718,1.0,0,0.6551569436525858,10.599946022033691,55,minimum
7.36983060836792,0.480366587638855,False,False,family-00356-minimum,family-00356,0.96051424741745,0.16630638416162108,1.0,1,0.8788504157062081,8.385762214660645,55,minimum
9.239301681518555,0.1712297797203064,False,False,family-00356-minimum,family-00356,0.9660993814468384,0.14804999664183052,1.0,2,0.9412857343004397,9.815618515014648,55,minimum
7.621860504150391,0.06634390354156494,False,False,family-00356-minimum,family-00356,0.9271141886711121,0.26104047827422666,1.0,3,0.5581810565274169,13.654817581176758,55,minimum
5.828116416931152,-0.01713365688920021,True,False,family-00356-sum_mod_10,family-00356,0.9807712435722351,0.09502220315779537,0.5,0,0.5452284438092154,10.689311027526855,55,sum_mod_10
7.733855724334717,0.0014213696122169495,True,False,family-00356-sum_mod_10,family-00356,0.9592496156692505,0.17032162133183232,0.5,1,0.8994053935473338,8.598854064941406,55,sum_mod_10
6.952199935913086,-0.03937387466430664,True,False,family-00356-sum_mod_10,family-00356,0.9786666631698608,0.10318382449700167,0.5,2,0.656278670346794,10.593365669250488,55,sum_mod_10
13.651629447937012,0.007775536272674799,True,True,family-00356-sum_mod_10,family-00356,0.9766835570335388,0.11067957704786505,0.5,3,1.0199058308696198,13.385186195373535,55,sum_mod_10
6.120682716369629,0.5141669511795044,True,False,family-00357-maximum,family-00357,0.9887803792953491,0.06153356406557892,1.0,0,0.5541125627089037,11.045919418334961,55,maximum
5.705948829650879,-0.012666463851928711,True,False,family-00357-maximum,family-00357,0.9625135660171509,0.15987192841923076,1.0,1,0.610708318520154,9.343165397644043,55,maximum
8.64648723602295,0.7491106390953064,True,False,family-00357-maximum,family-00357,0.9796066880226135,0.09956589162772718,1.0,2,0.8133658637849538,10.630501747131348,55,maximum
12.094921112060547,0.6795565485954285,True,False,family-00357-maximum,family-00357,0.988654613494873,0.06209613469532755,1.0,3,0.8614396188443134,14.040358543395996,55,maximum
5.0885419845581055,0.06160318851470947,True,False,family-00357-minimum,family-00357,0.9709007740020752,0.13159691008851393,0.5,0,0.5212139523402461,9.762866020202637,55,minimum
7.765397071838379,0.5443520545959473,True,False,family-00357-minimum,family-00357,0.9716268181800842,0.12904089559593201,0.5,1,0.8275136973660568,9.384010314941406,55,minimum
6.791797637939453,0.060456037521362305,True,False,family-00357-minimum,family-00357,0.968254029750824,0.14075991183596487,0.5,2,0.5891137009140229,11.528840065002441,55,minimum
7.225304126739502,0.043572068214416504,True,False,family-00357-minimum,family-00357,0.9578739404678345,0.17464299705009734,0.5,3,0.5046316019302111,14.317977905273438,55,minimum
6.415261745452881,0.12490648031234741,False,False,family-00357-sum_mod_10,family-00357,0.983428418636322,0.0843780854806949,0.0,0,0.6278662091919929,10.217561721801758,55,sum_mod_10
5.3403401374816895,0.03047195076942444,False,False,family-00357-sum_mod_10,family-00357,0.9407892227172852,0.22479040358807828,0.0,1,0.5547043933836294,9.627362251281738,55,sum_mod_10
3.921612501144409,-0.04477539658546448,False,False,family-00357-sum_mod_10,family-00357,0.961783230304718,0.16223493756829713,0.0,2,0.3210619459836931,12.21450424194336,55,sum_mod_10
8.188886642456055,0.08330784738063812,False,True,family-00357-sum_mod_10,family-00357,0.9744723439216614,0.11883427725187372,0.0,3,0.5919844962629844,13.832941055297852,55,sum_mod_10
3.7518856525421143,0.0015986859798431396,True,False,family-00358-maximum,family-00358,0.9765461683273315,0.11119231075754603,0.5,0,0.3353888968835326,11.18667221069336,55,maximum
4.051743984222412,-0.08556671440601349,True,False,family-00358-maximum,family-00358,0.9590815901756287,0.17085200046554208,0.5,1,0.39207445218574305,10.334118843078613,55,maximum
9.194764137268066,0.03356005996465683,True,False,family-00358-maximum,family-00358,0.98183673620224,0.09080209854516633,0.5,2,0.8524113394102087,10.786768913269043,55,maximum
8.184133529663086,0.05621358007192612,True,False,family-00358-maximum,family-00358,0.9947362542152405,0.032868280823133866,0.5,3,0.5761287858088018,14.205389022827148,55,maximum
5.965737342834473,0.02804548293352127,False,False,family-00358-minimum,family-00358,0.9887405037879944,0.06171208723210733,0.0,0,0.48629434466125837,12.267749786376953,55,minimum
4.425939559936523,0.07665521651506424,False,False,family-00358-minimum,family-00358,0.9742732644081116,0.11955855686591768,0.0,1,0.4708362458772075,9.400167465209961,55,minimum
6.620511054992676,0.09417489171028137,False,False,family-00358-minimum,family-00358,0.9727846384048462,0.12492506497809666,0.0,2,0.779724800329227,8.490830421447754,55,minimum
7.064411163330078,0.0697098895907402,False,False,family-00358-minimum,family-00358,0.9801046848297119,0.09763141869136396,0.0,3,0.7275464837035591,9.70991039276123,55,minimum
6.321620464324951,-0.05670013278722763,False,False,family-00358-sum_mod_10,family-00358,0.9829602241516113,0.08628322608637254,1.0,0,0.5992822661545038,10.548652648925781,55,sum_mod_10
5.891270637512207,-0.148576557636261,False,False,family-00358-sum_mod_10,family-00358,0.9705012440681458,0.13299545390035009,1.0,1,0.6208869953495627,9.48847484588623,55,sum_mod_10
5.755781650543213,0.043398451060056686,False,False,family-00358-sum_mod_10,family-00358,0.9489345550537109,0.2016405113463303,1.0,2,0.5539928195603598,10.389632225036621,55,sum_mod_10
10.381624221801758,0.06969364732503891,False,True,family-00358-sum_mod_10,family-00358,0.9881201982498169,0.06447111493304505,1.0,3,0.7785732753487816,13.3341646194458,55,sum_mod_10
7.139271259307861,0.134189173579216,True,False,family-00359-maximum,family-00359,0.9748644232749939,0.11740316644253693,0.0,0,0.7571957976523503,9.428566932678223,55,maximum
4.844833850860596,-0.01838591694831848,True,False,family-00359-maximum,family-00359,0.9564293026924133,0.17913053501229337,0.0,1,0.48865273310907387,9.914676666259766,55,maximum
12.082776069641113,0.3688824474811554,True,False,family-00359-maximum,family-00359,0.9803589582443237,0.09663880584392565,0.0,2,1.0598471007873331,11.400489807128906,55,maximum
7.973849773406982,0.15620090067386627,True,False,family-00359-maximum,family-00359,0.9966192245483398,0.022610483810066688,0.0,3,0.47963149226124685,16.624950408935547,55,maximum
6.119320392608643,0.22688019275665283,False,False,family-00359-minimum,family-00359,0.982251763343811,0.0891412644236175,1.0,0,0.6553325996224003,9.337732315063477,55,minimum
7.422788143157959,-0.09782785177230835,False,False,family-00359-minimum,family-00359,0.9723654985427856,0.12642076745322425,1.0,1,0.8483719048873046,8.74945068359375,55,minimum
7.200815200805664,-0.042379140853881836,False,False,family-00359-minimum,family-00359,0.9685440063476562,0.13976747867118472,1.0,2,0.7488216173416037,9.616195678710938,55,minimum
9.701080322265625,0.2156643271446228,False,False,family-00359-minimum,family-00359,0.9817422032356262,0.09117903721697812,1.0,3,0.7197385192687794,13.478617668151855,55,minimum
7.222738742828369,-0.00605681911110878,False,False,family-00359-sum_mod_10,family-00359,0.9839814305305481,0.08211045411503394,0.5,0,0.6889869479311853,10.483128547668457,55,sum_mod_10
6.461651802062988,-0.011543484404683113,False,False,family-00359-sum_mod_10,family-00359,0.9673275947570801,0.14391238358261338,0.5,1,0.5775094348242588,11.188824653625488,55,sum_mod_10
5.2282915115356445,-0.00012369826436042786,False,False,family-00359-sum_mod_10,family-00359,0.9835624098777771,0.08383039930215028,0.5,2,0.4021537012260556,13.00072956085205,55,sum_mod_10
10.721648216247559,-0.013581354171037674,False,True,family-00359-sum_mod_10,family-00359,0.9945319890975952,0.03393502991953907,0.5,3,0.74846525006045,14.324844360351562,55,sum_mod_10
6.7775559425354,0.32069212198257446,False,False,family-00360-maximum,family-00360,0.9839814305305481,0.08211045411503394,1.0,0,0.6465203504580501,10.483128547668457,55,maximum
4.612566947937012,0.003669917583465576,False,False,family-00360-maximum,family-00360,0.9655827283859253,0.1497766430674609,1.0,1,0.47136231192538236,9.785608291625977,55,maximum
6.221192836761475,0.05653184652328491,False,False,family-00360-maximum,family-00360,0.9793771505355835,0.10045333410018095,1.0,2,0.631020206131796,9.858943939208984,55,maximum
14.1738862991333,0.3223575949668884,False,False,family-00360-maximum,family-00360,0.9891949892044067,0.05966876201582344,1.0,3,1.1546094308918835,12.275914192199707,55,maximum
5.058089256286621,-0.34503433108329773,False,False,family-00360-minimum,family-00360,0.974578320980072,0.11844806858634942,0.5,0,0.5297042567768663,9.548892974853516,55,minimum
4.116246223449707,-0.09854725003242493,False,False,family-00360-minimum,family-00360,0.9641531705856323,0.15451269132849305,0.5,1,0.4825280498550805,8.530584335327148,55,minimum
6.645316123962402,0.3556758761405945,False,False,family-00360-minimum,family-00360,0.9657792448997498,0.1491208408570685,0.5,2,0.7362425476261972,9.02598762512207,55,minimum
7.9779887199401855,0.1181516945362091,False,False,family-00360-minimum,family-00360,0.972044050693512,0.12756342061969214,0.5,3,0.7188570215227602,11.09815788269043,55,minimum
6.268877029418945,0.3425924777984619,False,False,family-00360-sum_mod_10,family-00360,0.983428418636322,0.0843780854806949,0.0,0,0.6135394333897398,10.217561721801758,55,sum_mod_10
3.961512804031372,0.038771867752075195,False,False,family-00360-sum_mod_10,family-00360,0.9392725229263306,0.22896452730996047,0.0,1,0.4335725579947192,9.136908531188965,55,sum_mod_10
4.712458610534668,0.08539313077926636,False,False,family-00360-sum_mod_10,family-00360,0.9630010724067688,0.15828638551759752,0.0,2,0.4704846151370606,10.016180038452148,55,sum_mod_10
7.533112049102783,0.061577558517456055,False,True,family-00360-sum_mod_10,family-00360,0.9851779341697693,0.07713685198681568,0.0,3,0.6915593940888654,10.892935752868652,55,sum_mod_10
8.327548027038574,0.2711532711982727,True,False,family-00361-maximum,family-00361,0.9887803792953491,0.06153356406557892,0.5,0,0.7539026595844796,11.045919418334961,55,maximum
3.2968456745147705,0.0036276578903198242,True,False,family-00361-maximum,family-00361,0.9604511260986328,0.16650778517538797,0.5,1,0.32115994335236636,10.265432357788086,55,maximum
8.966338157653809,0.04291355609893799,True,False,family-00361-maximum,family-00361,0.9804377555847168,0.09633052336432195,0.5,2,0.8467303316103127,10.589366912841797,55,maximum
9.987313270568848,0.07951802015304565,True,False,family-00361-maximum,family-00361,0.9912364482879639,0.050239333256621055,0.5,3,0.6780718090220795,14.72899055480957,55,maximum
5.645666122436523,-0.3464091420173645,True,False,family-00361-minimum,family-00361,0.9826276898384094,0.08762837872362726,0.0,0,0.48145413721781644,11.726280212402344,55,minimum
4.475190162658691,0.06207062304019928,True,False,family-00361-minimum,family-00361,0.9767111539840698,0.11057648560234194,0.0,1,0.42011537606893773,10.652288436889648,55,minimum
7.702670574188232,0.019044801592826843,True,False,family-00361-minimum,family-00361,0.9849787354469299,0.07797147758272527,0.0,2,0.7196644176658448,10.703142166137695,55,minimum
8.570268630981445,-0.1396569311618805,True,False,family-00361-minimum,family-00361,0.9892356991767883,0.0594848022699344,0.0,3,0.6428317284079729,13.332056045532227,55,minimum
7.05974006652832,0.036481454968452454,True,False,family-00361-sum_mod_10,family-00361,0.9893701076507568,0.05887633043393764,1.0,0,0.612354909833531,11.528837203979492,55,sum_mod_10
3.159841299057007,0.010711997747421265,True,False,family-00361-sum_mod_10,family-00361,0.9615357518196106,0.16303235164359803,1.0,1,0.3291271697556936,9.600669860839844,55,sum_mod_10
7.934719085693359,0.07024608552455902,True,False,family-00361-sum_mod_10,family-00361,0.9895839095115662,0.057904893627291315,1.0,2,0.795377718465466,9.976038932800293,55,sum_mod_10
12.220215797424316,-0.024689525365829468,True,True,family-00361-sum_mod_10,family-00361,0.9962735176086426,0.024559102672848297,1.0,3,0.8892561826321468,13.742064476013184,55,sum_mod_10
6.9429850578308105,0.18856781721115112,True,False,family-00362-maximum,family-00362,0.9872077107429504,0.0684705887761132,0.0,0,0.694086621162954,10.003052711486816,55,maximum
4.1121602058410645,0.003129422664642334,True,False,family-00362-maximum,family-00362,0.9669996500015259,0.14502176653516116,0.0,1,0.513076578828284,8.014710426330566,55,maximum
8.965614318847656,0.1256861686706543,True,False,family-00362-maximum,family-00362,0.975669264793396,0.11444568732717429,0.0,2,1.1545666227820244,7.765350341796875,55,maximum
12.815446853637695,0.5110410451889038,True,False,family-00362-maximum,family-00362,0.9940664768218994,0.03633787181567229,0.0,3,1.0489908222075242,12.21692943572998,55,maximum
6.286229133605957,0.08012371510267258,True,False,family-00362-minimum,family-00362,0.9864903688430786,0.07156817603404184,1.0,0,0.5380976393004262,11.682320594787598,55,minimum
4.334809303283691,0.1062132716178894,True,False,family-00362-minimum,family-00362,0.9672292470932007,0.14424543322383748,1.0,1,0.4250252235522055,10.198945999145508,55,minimum
8.66468620300293,-0.02488894760608673,True,False,family-00362-minimum,family-00362,0.9750321507453918,0.11678904168746093,1.0,2,0.9082912532006843,9.539546012878418,55,minimum
9.178205490112305,0.018895037472248077,True,False,family-00362-minimum,family-00362,0.9848161935806274,0.0786505254414489,1.0,3,0.7453458123947845,12.3140230178833,55,minimum
5.3738932609558105,0.08266019076108932,True,False,family-00362-sum_mod_10,family-00362,0.9807712435722351,0.09502220315779537,0.5,0,0.5027352321507991,10.689311027526855,55,sum_mod_10
4.949769973754883,0.09080398827791214,True,False,family-00362-sum_mod_10,family-00362,0.961319088935852,0.16372911320464012,0.5,1,0.5720902671211753,8.652078628540039,55,sum_mod_10
8.479963302612305,0.0783645510673523,True,False,family-00362-sum_mod_10,family-00362,0.980141282081604,0.09748875842841703,0.5,2,0.9280119812349648,9.137773513793945,55,sum_mod_10
15.274619102478027,-0.21630436182022095,True,True,family-00362-sum_mod_10,family-00362,0.9897270798683167,0.05725190660322499,0.5,3,1.1616911141424002,13.148606300354004,55,sum_mod_10
5.658494472503662,0.09130960702896118,False,False,family-00363-maximum,family-00363,0.9839814305305481,0.08211045411503394,1.0,0,0.5397715430821616,10.483128547668457,55,maximum
6.976131439208984,-0.01180875301361084,False,False,family-00363-maximum,family-00363,0.9680185914039612,0.14156367670774156,1.0,1,0.7204175681729836,9.683455467224121,55,maximum
7.62911319732666,0.032146990299224854,False,False,family-00363-maximum,family-00363,0.988154411315918,0.06431981026939183,1.0,2,0.7469185904342157,10.214116096496582,55,maximum
13.17274284362793,0.6873347163200378,False,False,family-00363-maximum,family-00363,0.9935675263404846,0.0388725508433372,1.0,3,1.004154929213973,13.118237495422363,55,maximum
5.456997871398926,0.24393880367279053,False,False,family-00363-minimum,family-00363,0.974578320980072,0.11844806858634942,0.5,0,0.5714796349450799,9.548892974853516,55,minimum
7.979733943939209,0.7224675416946411,False,False,family-00363-minimum,family-00363,0.9715354442596436,0.12936361657690373,0.5,1,0.850471805172522,9.38271427154541,55,minimum
8.338214874267578,0.1437026858329773,False,False,family-00363-minimum,family-00363,0.9760540723800659,0.11302207998745659,0.5,2,0.783658427630159,10.640113830566406,55,minimum
7.544768810272217,0.0852125883102417,False,False,family-00363-minimum,family-00363,0.9641665816307068,0.15446853963223534,0.5,3,0.4763433355880263,15.838930130004883,55,minimum
5.8548994064331055,-0.05401027202606201,True,False,family-00363-sum_mod_10,family-00363,0.9826276898384094,0.08762837872362726,0.0,0,0.4992972451946568,11.726280212402344,55,sum_mod_10
5.536181449890137,0.11474741995334625,True,False,family-00363-sum_mod_10,family-00363,0.9788287281990051,0.10256314606778213,0.0,1,0.4866098420789467,11.377043724060059,55,sum_mod_10
6.170831680297852,-0.0618005096912384,True,False,family-00363-sum_mod_10,family-00363,0.9911887645721436,0.05046466800249811,0.0,2,0.5055541856564374,12.206073760986328,55,sum_mod_10
9.484794616699219,-0.13815529644489288,True,True,family-00363-sum_mod_10,family-00363,0.9959757924079895,0.026211323834254226,0.0,3,0.640343641213355,14.81203842163086,55,sum_mod_10
6.426894187927246,0.053733885288238525,True,False,family-00364-maximum,family-00364,0.9864903688430786,0.07156817603404184,0.5,0,0.5501384879640085,11.682320594787598,55,maximum
6.940791606903076,0.2061021327972412,True,False,family-00364-maximum,family-00364,0.9702980518341064,0.13370457929390941,0.5,1,0.6262838998613182,11.082500457763672,55,maximum
7.035819053649902,0.14740067720413208,True,False,family-00364-maximum,family-00364,0.987984836101532,0.06506876867661593,0.5,2,0.6257009948586714,11.244698524475098,55,maximum
8.484824180603027,0.24142390489578247,True,False,family-00364-maximum,family-00364,0.9973015785217285,0.01865617881389251,0.5,3,0.5859766438760812,14.479799270629883,55,maximum
5.670021057128906,0.14320439100265503,False,False,family-00364-minimum,family-00364,0.9887405037879944,0.06171208723210733,0.0,0,0.4621891671955464,12.267749786376953,55,minimum
8.549391746520996,0.13161087036132812,False,False,family-00364-minimum,family-00364,0.9766427278518677,0.11083203761982657,0.0,1,0.8602115570603093,9.938708305358887,55,minimum
8.018989562988281,0.05722528696060181,False,False,family-00364-minimum,family-00364,0.9802832007408142,0.09693489137439999,0.0,2,0.5762277971052512,13.916353225708008,55,minimum
6.704552173614502,0.025858819484710693,False,False,family-00364-minimum,family-00364,0.9335047602653503,0.24447738495792026,0.0,3,0.3838420245834223,17.466957092285156,55,minimum
6.119976997375488,0.044412776827812195,False,False,family-00364-sum_mod_10,family-00364,0.9829602241516113,0.08628322608637254,1.0,0,0.580166700057065,10.548652648925781,55,sum_mod_10
7.85800838470459,0.0356757715344429,False,False,family-00364-sum_mod_10,family-00364,0.9702613353729248,0.1338325638419669,1.0,1,0.8249276611882527,9.525693893432617,55,sum_mod_10
5.7502760887146,-0.08044038712978363,False,False,family-00364-sum_mod_10,family-00364,0.9645803570747375,0.15310374533695612,1.0,2,0.47030696616670437,12.226644515991211,55,sum_mod_10
10.954425811767578,-0.044581130146980286,False,True,family-00364-sum_mod_10,family-00364,0.9859622120857239,0.0738240314768979,1.0,3,0.7624298647438544,14.367781639099121,55,sum_mod_10
7.3332905769348145,0.07878881692886353,False,False,family-00365-maximum,family-00365,0.9829602241516113,0.08628322608637254,0.0,0,0.6951874159664929,10.548652648925781,55,maximum
5.790019512176514,0.025914311408996582,False,False,family-00365-maximum,family-00365,0.9664278030395508,0.1469481871895239,0.0,1,0.5598298235136114,10.342463493347168,55,maximum
8.091897010803223,0.11728513240814209,False,False,family-00365-maximum,family-00365,0.97335284948349,0.12288678631180519,0.0,2,0.8383655872246253,9.65199089050293,55,maximum
12.181862831115723,0.3171077370643616,False,False,family-00365-maximum,family-00365,0.9949547648429871,0.03171830438611839,0.0,3,0.8884915880767373,13.710723876953125,55,maximum
6.006848335266113,-0.017258167266845703,False,False,family-00365-minimum,family-00365,0.982251763343811,0.0891412644236175,1.0,0,0.6432876990461553,9.337732315063477,55,minimum
6.57956600189209,-0.06713747978210449,False,False,family-00365-minimum,family-00365,0.9743812680244446,0.1191658213177828,1.0,1,0.7124380956668878,9.235280990600586,55,minimum
10.289870262145996,-0.09137630462646484,False,False,family-00365-minimum,family-00365,0.9780353307723999,0.10558979723360425,1.0,2,0.9585134665865604,10.735238075256348,55,minimum
8.343636512756348,0.2913784086704254,False,False,family-00365-minimum,family-00365,0.9843646883964539,0.0805275559749499,1.0,3,0.4772432065039515,17.482986450195312,55,minimum
6.158609867095947,-0.028589392080903053,True,False,family-00365-sum_mod_10,family-00365,0.9765461683273315,0.11119231075754603,0.5,0,0.5505310025271789,11.18667221069336,55,sum_mod_10
3.9518327713012695,-0.0015785777941346169,True,False,family-00365-sum_mod_10,family-00365,0.9523484706878662,0.19154137678446614,0.5,1,0.3381246463246115,11.68750286102295,55,sum_mod_10
5.553636074066162,-0.015118952840566635,True,False,family-00365-sum_mod_10,family-00365,0.988235592842102,0.06396039050681188,0.5,2,0.4436036103427711,12.519366264343262,55,sum_mod_10
10.559297561645508,-0.0011357637122273445,True,True,family-00365-sum_mod_10,family-00365,0.9969923496246338,0.020467333827211897,0.5,3,0.7226615226817558,14.611678123474121,55,sum_mod_10
6.249101638793945,0.10705280303955078,True,False,family-00366-maximum,family-00366,0.9872077107429504,0.0684705887761132,1.0,0,0.6247194550537465,10.003052711486816,55,maximum
7.225995063781738,0.01939910650253296,True,False,family-00366-maximum,family-00366,0.9701462388038635,0.13423345963183994,1.0,1,0.8553422676297248,8.448074340820312,55,maximum
8.471673011779785,0.4078733026981354,True,False,family-00366-maximum,family-00366,0.990313708782196,0.05455498226647319,1.0,2,0.8311404912220821,10.192829132080078,55,maximum
8.767966270446777,0.34962695837020874,True,False,family-00366-maximum,family-00366,0.9953202605247498,0.029773294868175856,1.0,3,0.6454196957529856,13.584906578063965,55,maximum
5.582169532775879,0.16344767808914185,True,False,family-00366-minimum,family-00366,0.9807712435722351,0.09502220315779537,0.5,0,0.5222197687391461,10.689311027526855,55,minimum
8.808083534240723,0.7325341105461121,True,False,family-00366-minimum,family-00366,0.968660295009613,0.1393687114617527,0.5,1,0.981937076978329,8.970109939575195,55,minimum
8.774874687194824,0.07456016540527344,True,False,family-00366-minimum,family-00366,0.9823055863380432,0.08892515935834325,0.5,2,0.7958477559529715,11.0258207321167,55,minimum
6.909811496734619,0.03246837854385376,True,False,family-00366-minimum,family-00366,0.9687017202377319,0.13922655206174617,0.5,3,0.4307944758133707,16.03969383239746,55,minimum
5.674783229827881,0.021774988621473312,False,False,family-00366-sum_mod_10,family-00366,0.9682032465934753,0.14093343296117808,0.0,0,0.5325812620666576,10.655243873596191,55,sum_mod_10
6.965137958526611,0.0028320476412773132,False,False,family-00366-sum_mod_10,family-00366,0.9662176370620728,0.14765364629335917,0.0,1,0.6042427350198242,11.527052879333496,55,sum_mod_10
6.756657123565674,-0.12971016764640808,False,False,family-00366-sum_mod_10,family-00366,0.9898064732551575,0.05688893335945085,0.0,2,0.4716310175343485,14.326150894165039,55,sum_mod_10
7.930697917938232,-0.005680553615093231,False,True,family-00366-sum_mod_10,family-00366,0.9929485321044922,0.041963182644311425,0.0,3,0.45922384531090166,17.269786834716797,55,sum_mod_10
5.406122207641602,0.18622630834579468,False,False,family-00367-maximum,family-00367,0.982559323310852,0.08790412505115772,0.5,0,0.5042913061962642,10.720236778259277,55,maximum
6.307243824005127,-0.05731922388076782,False,False,family-00367-maximum,family-00367,0.9579020738601685,0.17455509712631487,0.5,1,0.7149031945145414,8.822514533996582,55,maximum
9.411721229553223,0.5005667805671692,False,False,family-00367-maximum,family-00367,0.9713689088821411,0.12995102228573827,0.5,2,0.9872908464382307,9.532876014709473,55,maximum
7.2664008140563965,-0.018261611461639404,False,False,family-00367-maximum,family-00367,0.991257905960083,0.050137847309929394,0.5,3,0.5389675136438253,13.482075691223145,55,maximum
6.402734279632568,0.12650257349014282,False,False,family-00367-minimum,family-00367,0.9877796173095703,0.06597191650829523,0.0,0,0.5050375470913652,12.677739143371582,55,minimum
8.47590446472168,0.2708284854888916,False,False,family-00367-minimum,family-00367,0.9814972877502441,0.09215329496131508,0.0,1,0.747580419340428,11.337782859802246,55,minimum
6.134776592254639,0.03568136692047119,False,False,family-00367-minimum,family-00367,0.9758003354072571,0.11396149297334987,0.0,2,0.43608939345838066,14.067704200744629,55,minimum
8.235892295837402,0.040556132793426514,False,False,family-00367-minimum,family-00367,0.9592289924621582,0.1703867581291595,0.0,3,0.4747592987514585,17.347511291503906,55,minimum
6.569626808166504,0.04203847050666809,False,False,family-00367-sum_mod_10,family-00367,0.9829602241516113,0.08628322608637254,1.0,0,0.622792979047947,10.548652648925781,55,sum_mod_10
7.302024841308594,0.1937185525894165,False,False,family-00367-sum_mod_10,family-00367,0.9705373644828796,0.13286924571494205,1.0,1,0.7653267957556389,9.541054725646973,55,sum_mod_10
5.31207799911499,-0.12717965245246887,False,False,family-00367-sum_mod_10,family-00367,0.9570325016975403,0.1772629756753185,1.0,2,0.4501149425473124,11.801603317260742,55,sum_mod_10
10.584624290466309,-0.10534223914146423,False,True,family-00367-sum_mod_10,family-00367,0.9810758829116821,0.09382190854286013,1.0,3,0.7503591132487047,14.106078147888184,55,sum_mod_10
4.658311367034912,0.04742732644081116,True,False,family-00368-maximum,family-00368,0.9765461683273315,0.11119231075754603,0.0,0,0.41641618519777707,11.18667221069336,55,maximum
4.310507774353027,-0.19792312383651733,True,False,family-00368-maximum,family-00368,0.9521722197532654,0.19206890934068305,0.0,1,0.40254921100302987,10.708026885986328,55,maximum
11.709298133850098,0.2828059494495392,True,False,family-00368-maximum,family-00368,0.9828513860702515,0.08672421361824911,0.0,2,1.1286499998804989,10.374605178833008,55,maximum
8.672032356262207,0.13776591420173645,True,False,family-00368-maximum,family-00368,0.9967361092567444,0.021943795440960787,0.0,3,0.5272911133269826,16.44638442993164,55,maximum
4.428041934967041,0.14973604679107666,False,False,family-00368-minimum,family-00368,0.982251763343811,0.0891412644236175,1.0,0,0.4742095602616276,9.337732315063477,55,minimum
6.062376499176025,0.22987985610961914,False,False,family-00368-minimum,family-00368,0.9704950451850891,0.13301710880776013,1.0,1,0.798900052827576,7.588404178619385,55,minimum
7.394869327545166,0.5549345016479492,False,False,family-00368-minimum,family-00368,0.966025173664093,0.14829849634397282,1.0,2,0.8928755872747813,8.282082557678223,55,minimum
9.904500007629395,0.3010491132736206,False,False,family-00368-minimum,family-00368,0.978488564491272,0.10386445825483555,1.0,3,0.9767899981932582,10.139845848083496,55,minimum
7.119050979614258,0.07296864688396454,False,False,family-00368-sum_mod_10,family-00368,0.9877796173095703,0.06597191650829523,0.5,0,0.5615394747521979,12.677739143371582,55,sum_mod_10
5.920441150665283,0.13567142188549042,False,False,family-00368-sum_mod_10,family-00368,0.9813054203987122,0.09291422114543074,0.5,1,0.48729002309513414,12.149727821350098,55,sum_mod_10
6.093928337097168,0.097749263048172,False,False,family-00368-sum_mod_10,family-00368,0.9849445223808289,0.07811455655308652,0.5,2,0.4503266551474173,13.53223991394043,55,sum_mod_10
13.827099800109863,0.15199120342731476,False,True,family-00368-sum_mod_10,family-00368,0.9965779185295105,0.02284510855303003,0.5,3,0.9025029534590625,15.320836067199707,55,sum_mod_10
7.626710414886475,0.1711009442806244,False,False,family-00369-maximum,family-00369,0.9839814305305481,0.08211045411503394,1.0,0,0.7275223593993536,10.483128547668457,55,maximum
5.20272970199585,-0.191827654838562,False,False,family-00369-maximum,family-00369,0.9662861227989197,0.14742391088891774,1.0,1,0.48319970062730977,10.767245292663574,55,maximum
7.3670973777771,0.34116825461387634,False,False,family-00369-maximum,family-00369,0.9861897826194763,0.07285455132884516,1.0,2,0.635138181680353,11.599204063415527,55,maximum
7.913206577301025,0.16059210896492004,False,False,family-00369-maximum,family-00369,0.9967131614685059,0.0220750119814049,1.0,3,0.5302697176352865,14.92298412322998,55,maximum
8.201467514038086,-0.14234668016433716,True,False,family-00369-minimum,family-00369,0.9855624437332153,0.07551807254050555,0.5,0,0.7659309514636018,10.707841873168945,55,minimum
5.6981611251831055,-0.1500210165977478,True,False,family-00369-minimum,family-00369,0.9668160080909729,0.14564152267423605,0.5,1,0.5377791094598893,10.595727920532227,55,minimum
6.780243396759033,0.2748945355415344,True,False,family-00369-minimum,family-00369,0.9753784537315369,0.11551740801189488,0.5,2,0.5494473609124523,12.34011459350586,55,minimum
8.617749214172363,0.13790792226791382,True,False,family-00369-minimum,family-00369,0.9873435497283936,0.06787949426387821,0.5,3,0.6087525596923593,14.156407356262207,55,minimum
6.709122657775879,-0.02239072509109974,False,False,family-00369-sum_mod_10,family-00369,0.983428418636322,0.0843780854806949,0.0,0,0.6566265847418631,10.217561721801758,55,sum_mod_10
4.823239326477051,-0.0006509758532047272,False,False,family-00369-sum_mod_10,family-00369,0.9414936900138855,0.22283764673000195,0.0,1,0.4689342258556081,10.285534858703613,55,sum_mod_10
4.51239013671875,-0.0024122074246406555,False,False,family-00369-sum_mod_10,family-00369,0.971858024597168,0.1282229492863987,0.0,2,0.38294969709350263,11.783245086669922,55,sum_mod_10
7.965883255004883,-0.005922427400946617,False,True,family-00369-sum_mod_10,family-00369,0.990168571472168,0.05522548501736763,0.0,3,0.5595687998923313,14.235753059387207,55,sum_mod_10
3.887007474899292,0.2892782688140869,True,False,family-00370-maximum,family-00370,0.9765461683273315,0.11119231075754603,0.5,0,0.3474677188792298,11.18667221069336,55,maximum
5.1542067527771,0.26983585953712463,True,False,family-00370-maximum,family-00370,0.9592127203941345,0.17043814451597405,0.5,1,0.5219475583740888,9.874951362609863,55,maximum
7.389157295227051,0.3350141942501068,True,False,family-00370-maximum,family-00370,0.9796857237815857,0.09925971304226786,0.5,2,0.6856961586519736,10.776139259338379,55,maximum
9.588021278381348,0.2895912528038025,True,False,family-00370-maximum,family-00370,0.9905014038085938,0.053684610996849,0.5,3,0.7518823853631595,12.752022743225098,55,maximum
6.95438289642334,0.0763239860534668,False,False,family-00370-minimum,family-00370,0.9829602241516113,0.08628322608637254,0.0,0,0.6592674086326595,10.548652648925781,55,minimum
8.261688232421875,0.43633320927619934,False,False,family-00370-minimum,family-00370,0.9681177735328674,0.1412252970390192,0.0,1,0.9263248930525055,8.918780326843262,55,minimum
5.965800762176514,0.07320451736450195,False,False,family-00370-minimum,family-00370,0.9443686008453369,0.21477398148134547,0.0,2,0.46429471884788087,12.849167823791504,55,minimum
6.602110862731934,0.06532013416290283,False,False,family-00370-minimum,family-00370,0.9051086902618408,0.3137107873447648,0.0,3,0.4338348187596116,15.218029022216797,55,minimum
6.929305553436279,-0.027431797236204147,False,False,family-00370-sum_mod_10,family-00370,0.9877796173095703,0.06597191650829523,1.0,0,0.5465726558239835,12.677739143371582,55,sum_mod_10
8.898323059082031,-0.02465398609638214,False,False,family-00370-sum_mod_10,family-00370,0.9816253185272217,0.09164441168091227,1.0,1,0.8016764586100653,11.09964370727539,55,sum_mod_10
5.44929838180542,-0.0003879684954881668,False,False,family-00370-sum_mod_10,family-00370,0.9775263071060181,0.10751612169036498,1.0,2,0.38128371220904533,14.291977882385254,55,sum_mod_10
12.014187812805176,0.004862524569034576,False,True,family-00370-sum_mod_10,family-00370,0.9836064577102661,0.08365011268043253,1.0,3,0.7449264267874306,16.128019332885742,55,sum_mod_10
7.287222385406494,0.3446125090122223,False,False,family-00371-maximum,family-00371,0.9877796173095703,0.06597191650829523,0.0,0,0.574804569095156,12.677739143371582,55,maximum
6.796806335449219,0.02694857120513916,False,False,family-00371-maximum,family-00371,0.9778467416763306,0.10630487680469948,0.0,1,0.6090209160785577,11.160218238830566,55,maximum
11.012548446655273,0.36714956164360046,False,False,family-00371-maximum,family-00371,0.983091413974762,0.08575073388147916,0.0,2,0.9259071810343321,11.893793106079102,55,maximum
8.605424880981445,0.33792999386787415,False,False,family-00371-maximum,family-00371,0.9969581365585327,0.020665697781690688,0.0,3,0.525328341784478,16.381040573120117,55,maximum
5.578191757202148,0.2900264263153076,True,False,family-00371-minimum,family-00371,0.9887803792953491,0.06153356406557892,1.0,0,0.5050002218867349,11.045919418334961,55,minimum
6.187846660614014,0.5851656198501587,True,False,family-00371-minimum,family-00371,0.959185004234314,0.17052565519946158,1.0,1,0.6959018607069588,8.891838073730469,55,minimum
8.064702987670898,0.22802388668060303,True,False,family-00371-minimum,family-00371,0.982795774936676,0.08694926590244162,1.0,2,0.8138416092873051,9.909425735473633,55,minimum
8.066542625427246,0.0032677054405212402,True,False,family-00371-minimum,family-00371,0.968768835067749,0.13899611321269756,1.0,3,0.5952502196724315,13.551515579223633,55,minimum
6.754518032073975,-0.0022493284195661545,False,False,family-00371-sum_mod_10,family-00371,0.9839814305305481,0.08211045411503394,0.5,0,0.6443227326041175,10.483128547668457,55,sum_mod_10
6.0165886878967285,-0.006690053269267082,False,False,family-00371-sum_mod_10,family-00371,0.9673810601234436,0.14373119733399053,0.5,1,0.5646610387181022,10.655221939086914,55,sum_mod_10
8.136632919311523,-0.01534987986087799,False,False,family-00371-sum_mod_10,family-00371,0.9874714016914368,0.06732180607691192,0.5,2,0.7662455907917014,10.618831634521484,55,sum_mod_10
13.646470069885254,0.007281155325472355,False,True,family-00371-sum_mod_10,family-00371,0.9886428713798523,0.062148586847738274,0.5,3,0.9121919612983844,14.96008586883545,55,sum_mod_10
5.984670162200928,0.21431495249271393,True,False,family-00372-maximum,family-00372,0.9807712435722351,0.09502220315779537,1.0,0,0.5598742656836675,10.689311027526855,55,maximum
7.0683274269104,-0.019355833530426025,True,False,family-00372-maximum,family-00372,0.962085485458374,0.1612587632184004,1.0,1,0.8057586739411321,8.772263526916504,55,maximum
7.170958042144775,-0.03246590495109558,True,False,family-00372-maximum,family-00372,0.9842566847801208,0.08097457902819373,1.0,2,0.6466884124580388,11.088737487792969,55,maximum
7.192594528198242,0.33782559633255005,True,False,family-00372-maximum,family-00372,0.9962610602378845,0.024628700523937883,1.0,3,0.5273789852188785,13.638379096984863,55,maximum
5.9606547355651855,0.19059276580810547,False,False,family-00372-minimum,family-00372,0.974578320980072,0.11844806858634942,0.5,0,0.6242246877478093,9.548892974853516,55,minimum
7.548524379730225,-0.01222294569015503,False,False,family-00372-minimum,family-00372,0.972981870174408,0.12421895259448568,0.5,1,0.7879583419070775,9.579852104187012,55,minimum
7.889045715332031,0.10264831781387329,False,False,family-00372-minimum,family-00372,0.9813542366027832,0.09272081223525551,0.5,2,0.6835739496893399,11.540881156921387,55,minimum
7.8570733070373535,0.18242895603179932,False,False,family-00372-minimum,family-00372,0.9892818927764893,0.059275874644300244,0.5,3,0.48410929406527453,16.229957580566406,55,minimum
6.369363307952881,0.009632840752601624,True,False,family-00372-sum_mod_10,family-00372,0.9872077107429504,0.0684705887761132,0.0,0,0.6367419518482336,10.003052711486816,55,sum_mod_10
4.978464126586914,-0.0063360631465911865,True,False,family-00372-sum_mod_10,family-00372,0.9700607657432556,0.13453087697309837,0.0,1,0.5904940411014686,8.431015014648438,55,sum_mod_10
6.260953426361084,0.03893500939011574,True,False,family-00372-sum_mod_10,family-00372,0.9872419834136963,0.06832159190387185,0.0,2,0.6963697281573459,8.990846633911133,55,sum_mod_10
9.532795906066895,-0.01821192353963852,True,True,family-00372-sum_mod_10,family-00372,0.9974180459976196,0.01796502090257724,0.0,3,0.7610811522819237,12.525334358215332,55,sum_mod_10
7.154793739318848,0.3267497420310974,True,False,family-00373-maximum,family-00373,0.9709007740020752,0.13159691008851393,0.5,0,0.7328579255838588,9.762866020202637,55,maximum
6.155364036560059,-0.011688768863677979,True,False,family-00373-maximum,family-00373,0.9692829847335815,0.137225817881848,0.5,1,0.5821650256511463,10.57322883605957,55,maximum
7.508678913116455,0.28820717334747314,True,False,family-00373-maximum,family-00373,0.9763339757919312,0.1119825941551836,0.5,2,0.6504464279444554,11.543885231018066,55,maximum
8.410745620727539,0.0860527753829956,True,False,family-00373-maximum,family-00373,0.9912699460983276,0.05008087915484606,0.5,3,0.5907956573772035,14.236302375793457,55,maximum
4.029254913330078,0.47740763425827026,True,False,family-00373-minimum,family-00373,0.9765461683273315,0.11119231075754603,0.0,0,0.36018351458251424,11.18667221069336,55,minimum
6.002452850341797,0.3124801516532898,True,False,family-00373-minimum,family-00373,0.9585857391357422,0.17241299052657463,0.0,1,0.6094915048746999,9.848296165466309,55,minimum
7.203883171081543,0.24686837196350098,True,False,family-00373-minimum,family-00373,0.98037189245224,0.09658822489872765,0.0,2,0.6342210681969387,11.358631134033203,55,minimum
8.037339210510254,0.05390900373458862,True,False,family-00373-minimum,family-00373,0.9598839282989502,0.16831285458566836,0.0,3,0.54639362202856,14.709796905517578,55,minimum
6.846466064453125,0.11290838569402695,False,False,family-00373-sum_mod_10,family-00373,0.9877796173095703,0.06597191650829523,1.0,0,0.5400384080337167,12.677739143371582,55,sum_mod_10
8.804438591003418,-0.008537158370018005,False,False,family-00373-sum_mod_10,family-00373,0.9799092411994934,0.09839212040080961,1.0,1,0.8576375873616077,10.26591968536377,55,sum_mod_10
6.349429130554199,0.1145671010017395,False,False,family-00373-sum_mod_10,family-00373,0.9793075919151306,0.10072174670205467,1.0,2,0.4884895828747685,12.998085021972656,55,sum_mod_10
12.687957763671875,0.10636167973279953,False,True,family-00373-sum_mod_10,family-00373,0.9881893396377563,0.06416523928149989,1.0,3,0.8126569434180916,15.612932205200195,55,sum_mod_10
6.821490287780762,0.08841657638549805,False,False,family-00374-maximum,family-00374,0.9887405037879944,0.06171208723210733,0.0,0,0.5560506536704772,12.267749786376953,55,maximum
3.543792724609375,-0.09452176094055176,False,False,family-00374-maximum,family-00374,0.973599374294281,0.12199859905216918,0.0,1,0.36605435567363975,9.681056022644043,55,maximum
12.774123191833496,0.508420467376709,False,False,family-00374-maximum,family-00374,0.9793841242790222,0.10042641063996371,0.0,2,1.4086149193113744,9.068570137023926,55,maximum
10.446306228637695,0.364052951335907,False,False,family-00374-maximum,family-00374,0.9964088797569275,0.023800125588862187,0.0,3,0.6034516649019217,17.310924530029297,55,maximum
6.5794878005981445,-0.16676151752471924,True,False,family-00374-minimum,family-00374,0.9807712435722351,0.09502220315779537,1.0,0,0.6155202878515562,10.689311027526855,55,minimum
3.6769371032714844,0.04008454084396362,True,False,family-00374-minimum,family-00374,0.9625589847564697,0.15972449016696336,1.0,1,0.41032047167695906,8.961134910583496,55,minimum
8.389752388000488,0.2107890248298645,True,False,family-00374-minimum,family-00374,0.9778563380241394,0.1062685297747414,1.0,2,0.8993050117742982,9.329151153564453,55,minimum
8.143510818481445,0.1300228238105774,True,False,family-00374-minimum,family-00374,0.9908652901649475,0.05198647888592847,1.0,3,0.6216074560078503,13.100728988647461,55,minimum
5.5557780265808105,0.009789366275072098,True,False,family-00374-sum_mod_10,family-00374,0.9765461683273315,0.11119231075754603,0.5,0,0.4966426048731483,11.18667221069336,55,sum_mod_10
3.860569715499878,0.013673478737473488,True,False,family-00374-sum_mod_10,family-00374,0.9580286145210266,0.17415949083588314,0.5,1,0.3384877075077431,11.405346870422363,55,sum_mod_10
6.438694953918457,0.013439703732728958,True,False,family-00374-sum_mod_10,family-00374,0.9875790476799011,0.0668512320138191,0.5,2,0.5438865796389407,11.83830451965332,55,sum_mod_10
10.64079761505127,0.017162486910820007,True,True,family-00374-sum_mod_10,family-00374,0.9962186217308044,0.024865487536146702,0.5,3,0.7246084240737586,14.684893608093262,55,sum_mod_10
5.900947570800781,0.027804553508758545,True,False,family-00375-maximum,family-00375,0.9855624437332153,0.07551807254050555,1.0,0,0.551086543926934,10.707841873168945,55,maximum
4.925926685333252,-0.09290891885757446,True,False,family-00375-maximum,family-00375,0.9636456966400146,0.1561795842151334,1.0,1,0.5471674238247101,9.002594947814941,55,maximum
6.271573543548584,0.33393949270248413,True,False,family-00375-maximum,family-00375,0.9761477708816528,0.11267448415172537,1.0,2,0.6549538027123696,9.575596809387207,55,maximum
11.326003074645996,0.6308846473693848,True,False,family-00375-maximum,family-00375,0.9936798810958862,0.038305295941223234,1.0,3,0.9220918411991179,12.282944679260254,55,maximum
5.281418323516846,-0.3595452308654785,False,False,family-00375-minimum,family-00375,0.982251763343811,0.0891412644236175,0.5,0,0.5655996708105402,9.337732315063477,55,minimum
6.066308498382568,-0.1998273730278015,False,False,family-00375-minimum,family-00375,0.9704675674438477,0.13311308219488707,0.5,1,0.7625884018923169,7.954892158508301,55,minimum
7.364877700805664,0.3238375782966614,False,False,family-00375-minimum,family-00375,0.9661900401115417,0.14774617963083742,0.5,2,0.7886984561693481,9.338014602661133,55,minimum
8.30258560180664,0.2990846633911133,False,False,family-00375-minimum,family-00375,0.9797603487968445,0.09897033327518218,0.5,3,0.6069463804394916,13.67927360534668,55,minimum
5.961344242095947,0.0004016607999801636,True,False,family-00375-sum_mod_10,family-00375,0.9826276898384094,0.08762837872362726,0.0,0,0.5083747048608739,11.726280212402344,55,sum_mod_10
4.140885829925537,-0.027034051716327667,True,False,family-00375-sum_mod_10,family-00375,0.9785617589950562,0.10358491636422029,0.0,1,0.36334290803964037,11.39663314819336,55,sum_mod_10
5.0883660316467285,0.0029642246663570404,True,False,family-00375-sum_mod_10,family-00375,0.9888764023780823,0.06110307835384222,0.0,2,0.44817664693544473,11.353483200073242,55,sum_mod_10
9.035660743713379,-0.0039060041308403015,True,True,family-00375-sum_mod_10,family-00375,0.9967958331108093,0.02160152988562225,0.0,3,0.6869391770311505,13.153509140014648,55,sum_mod_10
6.239363670349121,0.4324710965156555,False,False,family-00376-maximum,family-00376,0.982559323310852,0.08790412505115772,0.5,0,0.5820173378075565,10.720236778259277,55,maximum
6.098949432373047,0.003427863121032715,False,False,family-00376-maximum,family-00376,0.9587726593017578,0.17182527776118914,0.5,1,0.6880291099285603,8.86437702178955,55,maximum
7.887109279632568,0.6790419816970825,False,False,family-00376-maximum,family-00376,0.9660330414772034,0.14827215734536925,0.5,2,0.7942736217460792,9.929965019226074,55,maximum
11.94478702545166,0.719994068145752,False,False,family-00376-maximum,family-00376,0.9845596551895142,0.07971867297652639,0.5,3,0.9308910402620791,12.831562995910645,55,maximum
7.904394149780273,0.05598944425582886,False,False,family-00376-minimum,family-00376,0.9829602241516113,0.08628322608637254,0.0,0,0.7493273703144653,10.548652648925781,55,minimum
6.471500396728516,0.24860620498657227,False,False,family-00376-minimum,family-00376,0.9650653004646301,0.15149782859649522,0.0,1,0.7237060314986058,8.942167282104492,55,minimum
5.538198471069336,0.10980349779129028,False,False,family-00376-minimum,family-00376,0.9348998665809631,0.24077599074537565,0.0,2,0.47117335774329655,11.754056930541992,55,minimum
6.64193868637085,0.0725739598274231,False,False,family-00376-minimum,family-00376,0.8964956998825073,0.3327151808908584,0.0,3,0.46855070460105686,14.175496101379395,55,minimum
7.758704662322998,-0.010935742408037186,False,False,family-00376-sum_mod_10,family-00376,0.9877796173095703,0.06597191650829523,1.0,0,0.6119943449364591,12.677739143371582,55,sum_mod_10
7.694221019744873,-0.019069243222475052,False,False,family-00376-sum_mod_10,family-00376,0.9795986413955688,0.09959704609791034,1.0,1,0.6897373305049571,11.155291557312012,55,sum_mod_10
5.224899768829346,0.00244884192943573,False,False,family-00376-sum_mod_10,family-00376,0.975333571434021,0.11568249720830545,1.0,2,0.38805261169456323,13.464410781860352,55,sum_mod_10
12.33896255493164,0.03134951740503311,False,True,family-00376-sum_mod_10,family-00376,0.9853143692016602,0.07656363505522781,1.0,3,0.8081043150437238,15.269021987915039,55,sum_mod_10
7.76002311706543,0.08555212616920471,False,False,family-00377-maximum,family-00377,0.9877796173095703,0.06597191650829523,0.0,0,0.6120983425599724,12.677739143371582,55,maximum
5.593923568725586,0.19710847735404968,False,False,family-00377-maximum,family-00377,0.9796208739280701,0.09951095955626232,0.0,1,0.4811224183462652,11.626819610595703,55,maximum
10.168551445007324,0.440982848405838,False,False,family-00377-maximum,family-00377,0.9832481145858765,0.0851133371590527,0.0,2,0.8676355434002935,11.719841957092285,55,maximum
7.953065872192383,0.33666861057281494,False,False,family-00377-maximum,family-00377,0.9982953667640686,0.012569202660004598,0.0,3,0.47790431637409997,16.641544342041016,55,maximum
6.031249046325684,0.18419158458709717,False,False,family-00377-minimum,family-00377,0.982251763343811,0.0891412644236175,1.0,0,0.6459008293262135,9.337732315063477,55,minimum
5.3264384269714355,-0.04060924053192139,False,False,family-00377-minimum,family-00377,0.9729032516479492,0.12450059272772386,1.0,1,0.610351998662404,8.72683048248291,55,minimum
9.19322681427002,-0.011889040470123291,False,False,family-00377-minimum,family-00377,0.9723915457725525,0.12632800932085403,1.0,2,1.0121972335143041,9.082446098327637,55,minimum
9.374550819396973,0.2550288438796997,False,False,family-00377-minimum,family-00377,0.9833803176879883,0.08457442783876484,1.0,3,0.6553071932983523,14.305582046508789,55,minimum
6.544754505157471,-0.04891499876976013,False,False,family-00377-sum_mod_10,family-00377,0.982559323310852,0.08790412505115772,0.5,0,0.610504659601389,10.720236778259277,55,sum_mod_10
5.943356037139893,-0.011167552322149277,False,False,family-00377-sum_mod_10,family-00377,0.9569768309593201,0.17743570620709065,0.5,1,0.6064523195116355,9.800203323364258,55,sum_mod_10
6.539660453796387,-0.0008020848035812378,False,False,family-00377-sum_mod_10,family-00377,0.9825949668884277,0.08776039602474986,0.5,2,0.626502088909484,10.438369750976562,55,sum_mod_10
10.97614860534668,-0.010001160204410553,False,True,family-00377-sum_mod_10,family-00377,0.9948834776878357,0.0320944999222717,0.5,3,0.7746249764351475,14.169629096984863,55,sum_mod_10
6.1380295753479,0.15853309631347656,True,False,family-00378-maximum,family-00378,0.9887803792953491,0.06153356406557892,1.0,0,0.5556829941344198,11.045919418334961,55,maximum
4.951070785522461,0.006157636642456055,True,False,family-00378-maximum,family-00378,0.9523966908454895,0.19139693100039698,1.0,1,0.5653387339663716,8.757706642150879,55,maximum
7.055992603302002,0.08061099052429199,True,False,family-00378-maximum,family-00378,0.972085177898407,0.1274174384470313,1.0,2,0.7740661922160923,9.115489959716797,55,maximum
13.393817901611328,0.7010554075241089,True,False,family-00378-maximum,family-00378,0.9915281534194946,0.0488550961897707,1.0,3,1.0005722976178442,13.386157035827637,55,maximum
4.239198207855225,-0.03428475931286812,False,False,family-00378-minimum,family-00378,0.974578320980072,0.11844806858634942,0.5,0,0.4439465620799102,9.548892974853516,55,minimum
4.861743450164795,-0.04075060412287712,False,False,family-00378-minimum,family-00378,0.9672451019287109,0.1441917622394582,0.5,1,0.5833632382030438,8.333990097045898,55,minimum
5.348824501037598,0.02602861262857914,False,False,family-00378-minimum,family-00378,0.9617630839347839,0.16229991445994055,0.5,2,0.6374037711798868,8.391579627990723,55,minimum
10.961124420166016,-0.26837241649627686,False,False,family-00378-minimum,family-00378,0.9779992699623108,0.10572665780589645,0.5,3,1.125541088235268,9.738537788391113,55,minimum
6.400320053100586,0.027865320444107056,True,False,family-00378-sum_mod_10,family-00378,0.9826276898384094,0.08762837872362726,0.0,0,0.5458099190168817,11.726280212402344,55,sum_mod_10
3.854959726333618,0.06836593151092529,True,False,family-00378-sum_mod_10,family-00378,0.977218747138977,0.10867430357627132,0.0,1,0.35197080820133037,10.952498435974121,55,sum_mod_10
5.333353042602539,0.06801912933588028,True,False,family-00378-sum_mod_10,family-00378,0.984789252281189,0.07876290636269385,0.0,2,0.48264442068612445,11.050273895263672,55,sum_mod_10
9.768465995788574,-0.005290418863296509,True,True,family-00378-sum_mod_10,family-00378,0.9958645105361938,0.02682311130619759,0.0,3,0.7384062129192156,13.229122161865234,55,sum_mod_10
6.186221122741699,0.16849792003631592,True,False,family-00379-maximum,family-00379,0.9864903688430786,0.07156817603404184,0.5,0,0.5295370104379655,11.682320594787598,55,maximum
4.54307746887207,-0.024289727210998535,True,False,family-00379-maximum,family-00379,0.9679757952690125,0.14170958609225082,0.5,1,0.44950539669323386,10.106836318969727,55,maximum
11.156408309936523,0.07778692245483398,True,False,family-00379-maximum,family-00379,0.9733436107635498,0.12292002617622601,0.5,2,1.1230608494365804,9.933930397033691,55,maximum
12.946049690246582,0.7449811100959778,True,False,family-00379-maximum,family-00379,0.9951267242431641,0.030806648184798738,0.5,3,0.7939314956041367,16.306255340576172,55,maximum
5.543176174163818,-0.034010082483291626,False,False,family-00379-minimum,family-00379,0.9887405037879944,0.06171208723210733,0.0,0,0.4518494647094437,12.267749786376953,55,minimum
4.458856105804443,0.18869447708129883,False,False,family-00379-minimum,family-00379,0.975714385509491,0.11427908656311436,0.0,1,0.45007514810380633,9.906914710998535,55,minimum
6.824217796325684,0.2879982590675354,False,False,family-00379-minimum,family-00379,0.9715142846107483,0.12943830665917894,0.0,2,0.7320883304949612,9.321577072143555,55,minimum
6.908513069152832,-0.3845921754837036,False,False,family-00379-minimum,family-00379,0.9812164902687073,0.09326622706055253,0.0,3,0.6794142600349606,10.168336868286133,55,minimum
5.559195518493652,-0.029757369309663773,False,False,family-00379-sum_mod_10,family-00379,0.9887405037879944,0.06171208723210733,1.0,0,0.4531552742188309,12.267749786376953,55,sum_mod_10
3.7582035064697266,-0.019757889211177826,False,False,family-00379-sum_mod_10,family-00379,0.9769789576530457,0.10957433072020814,1.0,1,0.37063801555513376,10.139822006225586,55,sum_mod_10
8.3045072555542,-0.03501398488879204,False,False,family-00379-sum_mod_10,family-00379,0.977668046951294,0.1069809244522398,1.0,2,0.843218957871719,9.848577499389648,55,sum_mod_10
11.452312469482422,0.008155135437846184,False,True,family-00379-sum_mod_10,family-00379,0.9936920404434204,0.038243786109216193,1.0,3,0.8498812046599791,13.475192070007324,55,sum_mod_10
6.985625743865967,0.22049623727798462,True,False,family-00380-maximum,family-00380,0.9872077107429504,0.0684705887761132,0.0,0,0.6983493884665983,10.003052711486816,55,maximum
3.8121535778045654,-0.00046449899673461914,True,False,family-00380-maximum,family-00380,0.9678655862808228,0.1420850614357161,0.0,1,0.46496524915444903,8.198792457580566,55,maximum
9.010363578796387,-0.003804147243499756,True,False,family-00380-maximum,family-00380,0.9820826053619385,0.08981937224688157,0.0,2,1.0615545510591162,8.487895011901855,55,maximum
11.601188659667969,0.6306830644607544,True,False,family-00380-maximum,family-00380,0.9961820244789124,0.025069298956564175,0.0,3,0.854870279933585,13.570700645446777,55,maximum
5.694544315338135,0.020322810858488083,True,False,family-00380-minimum,family-00380,0.9887803792953491,0.06153356406557892,1.0,0,0.5155337550159784,11.045919418334961,55,minimum
4.614109516143799,0.02889735996723175,True,False,family-00380-minimum,family-00380,0.9645175933837891,0.15331108572847096,1.0,1,0.5097698491745423,9.051358222961426,55,minimum
7.8287482261657715,0.02333795092999935,True,False,family-00380-minimum,family-00380,0.9765955209732056,0.11100822211733742,1.0,2,0.8841928602264316,8.854118347167969,55,minimum
9.479938507080078,0.030445383861660957,True,False,family-00380-minimum,family-00380,0.9759770035743713,0.1133077025866778,1.0,3,0.9557099772418324,9.919262886047363,55,minimum
7.366767883300781,0.019100680947303772,False,False,family-00380-sum_mod_10,family-00380,0.9877796173095703,0.06597191650829523,0.5,0,0.5810789920813614,12.677739143371582,55,sum_mod_10
5.543630599975586,-0.01190967857837677,False,False,family-00380-sum_mod_10,family-00380,0.981342077255249,0.09276899951490815,0.5,1,0.46684412294147587,11.874692916870117,55,sum_mod_10
6.424412250518799,-0.012598499655723572,False,False,family-00380-sum_mod_10,family-00380,0.9844589233398438,0.08013690200232311,0.5,2,0.5008705494428365,12.826492309570312,55,sum_mod_10
14.843683242797852,0.07754786312580109,False,True,family-00380-sum_mod_10,family-00380,0.9947768449783325,0.03265536113206936,0.5,3,0.9507820493633345,15.612077713012695,55,sum_mod_10
6.968649387359619,0.3000527620315552,False,False,family-00381-maximum,family-00381,0.9877511262893677,0.06609702556704718,1.0,0,0.6574231012944936,10.599946022033691,55,maximum
6.963804244995117,-0.05112546682357788,False,False,family-00381-maximum,family-00381,0.9598004817962646,0.16857770982260967,1.0,1,0.8603767849210623,8.093900680541992,55,maximum
7.433767318725586,0.6154409050941467,False,False,family-00381-maximum,family-00381,0.9715562462806702,0.12929017308016275,1.0,2,0.7327038586266861,10.14566421508789,55,maximum
12.900473594665527,0.6714930534362793,False,False,family-00381-maximum,family-00381,0.9844064712524414,0.0803544152106869,1.0,3,0.989605472502731,13.03597640991211,55,maximum
3.774024724960327,0.26939016580581665,False,False,family-00381-minimum,family-00381,0.974578320980072,0.11844806858634942,0.5,0,0.39523164987805537,9.548892974853516,55,minimum
8.356297492980957,0.6099650263786316,False,False,family-00381-minimum,family-00381,0.9728226661682129,0.12478903587876441,0.5,1,0.9695395816917932,8.618830680847168,55,minimum
7.6670660972595215,0.06658244132995605,False,False,family-00381-minimum,family-00381,0.9723976254463196,0.12630635504433813,0.5,2,0.7173210128486941,10.688472747802734,55,minimum
7.502784729003906,0.029381155967712402,False,False,family-00381-minimum,family-00381,0.9511241912841797,0.1951917319527016,0.5,3,0.4987556846872348,15.04300594329834,55,minimum
6.834564208984375,-0.08366778492927551,False,False,family-00381-sum_mod_10,family-00381,0.9877796173095703,0.06597191650829523,0.0,0,0.5390996085100672,12.677739143371582,55,sum_mod_10
7.16261625289917,-0.10478797554969788,False,False,family-00381-sum_mod_10,family-00381,0.981605589389801,0.09172288805898329,0.0,1,0.6562037752993548,10.915231704711914,55,sum_mod_10
5.367269992828369,0.0016519436612725258,False,False,family-00381-sum_mod_10,family-00381,0.9801441431045532,0.0974776029362348,0.0,2,0.40333256603506934,13.307306289672852,55,sum_mod_10
8.661771774291992,-0.0045036692172288895,False,True,family-00381-sum_mod_10,family-00381,0.9886771440505981,0.06199545603179963,0.0,3,0.5880722519072231,14.729094505310059,55,sum_mod_10
7.489485263824463,0.08281069993972778,False,False,family-00382-maximum,family-00382,0.982251763343811,0.0891412644236175,0.5,0,0.8020668199861061,9.337732315063477,55,maximum
4.8523054122924805,0.021114885807037354,False,False,family-00382-maximum,family-00382,0.9689913988113403,0.13823087316704866,0.5,1,0.5561401378302034,8.724968910217285,55,maximum
7.469207286834717,-0.013488709926605225,False,False,family-00382-maximum,family-00382,0.9692641496658325,0.1372908256795494,0.5,2,0.8353134263188157,8.941802024841309,55,maximum
12.75079345703125,-0.11159014701843262,False,False,family-00382-maximum,family-00382,0.9917504191398621,0.047793589545227964,0.5,3,1.0076244590118915,12.654311180114746,55,maximum
5.8864288330078125,-0.2399505078792572,True,False,family-00382-minimum,family-00382,0.9826276898384094,0.08762837872362726,0.0,0,0.5019860285090245,11.726280212402344,55,minimum
4.6091694831848145,0.018795937299728394,True,False,family-00382-minimum,family-00382,0.9776960015296936,0.10687526195730222,0.0,1,0.42741138429032527,10.783918380737305,55,minimum
8.418524742126465,-0.011683240532875061,True,False,family-00382-minimum,family-00382,0.984811544418335,0.07866992207236775,0.0,2,0.7760162801030086,10.848386764526367,55,minimum
8.551740646362305,-0.11424216628074646,True,False,family-00382-minimum,family-00382,0.9891624450683594,0.059815710524402675,0.0,3,0.6234729791177939,13.716297149658203,55,minimum
6.017282485961914,0.11226621270179749,False,False,family-00382-sum_mod_10,family-00382,0.9887405037879944,0.06171208723210733,1.0,0,0.49049602337373754,12.267749786376953,55,sum_mod_10
4.56766414642334,0.01997196674346924,False,False,family-00382-sum_mod_10,family-00382,0.977607011795044,0.10721150032820843,1.0,1,0.45603402966884393,10.016059875488281,55,sum_mod_10
6.745077610015869,0.05279803276062012,False,False,family-00382-sum_mod_10,family-00382,0.9850268959999084,0.07776993614531971,1.0,2,0.6683311966633741,10.09241771697998,55,sum_mod_10
12.017854690551758,0.06946980953216553,False,True,family-00382-sum_mod_10,family-00382,0.99437016248703,0.03477468707484991,1.0,3,0.967813023108071,12.417537689208984,55,sum_mod_10
7.604399681091309,0.39149290323257446,False,False,family-00383-maximum,family-00383,0.9829602241516113,0.08628322608637254,0.0,0,0.720888243662635,10.548652648925781,55,maximum
6.332830429077148,0.1284416913986206,False,False,family-00383-maximum,family-00383,0.9661150574684143,0.14799748082830813,0.0,1,0.6126313550045469,10.337098121643066,55,maximum
8.991859436035156,0.07622811198234558,False,False,family-00383-maximum,family-00383,0.9681944251060486,0.14096356658513243,0.0,2,0.8888207644728405,10.116617202758789,55,maximum
9.555933952331543,0.37898874282836914,False,False,family-00383-maximum,family-00383,0.9927646517753601,0.042870526128061644,0.0,3,0.7040312743434971,13.573166847229004,55,maximum
6.024523735046387,0.15087610483169556,True,False,family-00383-minimum,family-00383,0.9807712435722351,0.09502220315779537,1.0,0,0.5636026231748874,10.689311027526855,55,minimum
5.89695930480957,0.32819533348083496,True,False,family-00383-minimum,family-00383,0.9611009359359741,0.16442939133156612,1.0,1,0.6448039474442983,9.145352363586426,55,minimum
9.916341781616211,0.29363739490509033,True,False,family-00383-minimum,family-00383,0.9838727116584778,0.0825577689191034,1.0,2,0.9912587844245005,10.00378704071045,55,minimum
6.891895294189453,0.047583818435668945,True,False,family-00383-minimum,family-00383,0.9793668389320374,0.10049313959072012,1.0,3,0.4617309354620465,14.926215171813965,55,minimum
6.489377975463867,-0.040772922337055206,True,False,family-00383-sum_mod_10,family-00383,0.9709007740020752,0.13159691008851393,0.5,0,0.6647000954468875,9.762866020202637,55,sum_mod_10
4.773794174194336,0.034945979714393616,True,False,family-00383-sum_mod_10,family-00383,0.9653803706169128,0.1504507240018034,0.5,1,0.46712270756302865,10.219572067260742,55,sum_mod_10
5.0581512451171875,0.03464852273464203,True,False,family-00383-sum_mod_10,family-00383,0.9832453727722168,0.08512450255758397,0.5,2,0.4630616258863366,10.92327880859375,55,sum_mod_10
11.132006645202637,0.029901497066020966,True,True,family-00383-sum_mod_10,family-00383,0.9950254559516907,0.03134425459883734,0.5,3,0.8888328031799759,12.524297714233398,55,sum_mod_10
6.4794392585754395,0.29862022399902344,False,False,family-00384-maximum,family-00384,0.9839814305305481,0.08211045411503394,1.0,0,0.6180825913859966,10.483128547668457,55,maximum
5.9498491287231445,0.09238344430923462,False,False,family-00384-maximum,family-00384,0.9707626700401306,0.1320809744648179,1.0,1,0.5902401426218149,10.080387115478516,55,maximum
7.402099609375,0.11305481195449829,False,False,family-00384-maximum,family-00384,0.9787838459014893,0.1027351632791125,1.0,2,0.6656330412522539,11.120390892028809,55,maximum
11.324406623840332,0.30279022455215454,False,False,family-00384-maximum,family-00384,0.9897320866584778,0.057229034763822566,1.0,3,0.8532571685775759,13.271973609924316,55,maximum
6.5639166831970215,0.14743000268936157,False,False,family-00384-minimum,family-00384,0.982559323310852,0.08790412505115772,0.5,0,0.6122921367286117,10.720236778259277,55,minimum
7.029792785644531,0.61290043592453,False,False,family-00384-minimum,family-00384,0.9597211480140686,0.16882934412349784,0.5,1,0.84934484986013,8.276723861694336,55,minimum
7.50982666015625,0.2682494521141052,False,False,family-00384-minimum,family-00384,0.9604088068008423,0.16664275449313748,0.5,2,0.8215912169948442,9.14058780670166,55,minimum
8.007699012756348,0.23579752445220947,False,False,family-00384-minimum,family-00384,0.9696810245513916,0.13584921608965117,0.5,3,0.69598799111933,11.505513191223145,55,minimum
6.580501079559326,0.003485284745693207,False,False,family-00384-sum_mod_10,family-00384,0.983428418636322,0.0843780854806949,0.0,0,0.6440382998145399,10.217561721801758,55,sum_mod_10
4.3018646240234375,0.007827689871191978,False,False,family-00384-sum_mod_10,family-00384,0.9394407868385315,0.228503452952784,0.0,1,0.45521008914719957,9.450284004211426,55,sum_mod_10
4.2257537841796875,0.02073686383664608,False,False,family-00384-sum_mod_10,family-00384,0.9608384966850281,0.16527014353377656,0.0,2,0.42477456681089687,9.948226928710938,55,sum_mod_10
7.313582897186279,0.014815699309110641,False,True,family-00384-sum_mod_10,family-00384,0.9831205606460571,0.08563228886929651,0.0,3,0.6886571538075263,10.620063781738281,55,sum_mod_10
7.044620037078857,0.3272925615310669,False,False,family-00385-maximum,family-00385,0.974578320980072,0.11844806858634942,0.5,0,0.7377420666071425,9.548892974853516,55,maximum
3.5955049991607666,0.02190488576889038,False,False,family-00385-maximum,family-00385,0.9664230346679688,0.1469642081306056,0.5,1,0.3879565151131452,9.267804145812988,55,maximum
6.961316108703613,0.08656489849090576,False,False,family-00385-maximum,family-00385,0.9765989780426025,0.11099532302817147,0.5,2,0.7084424139029417,9.826227188110352,55,maximum
9.985469818115234,0.13741827011108398,False,False,family-00385-maximum,family-00385,0.9935719966888428,0.03885001897927276,0.5,3,0.7428837673546381,13.441496849060059,55,maximum
7.437287330627441,-0.24598395824432373,False,False,family-00385-minimum,family-00385,0.9829602241516113,0.08628322608637254,0.0,0,0.7050461872384067,10.548652648925781,55,minimum
4.568248748779297,0.15154236555099487,False,False,family-00385-minimum,family-00385,0.9666154384613037,0.14631720582863975,0.0,1,0.48889793847945445,9.343972206115723,55,minimum
5.93783712387085,0.4411699175834656,False,False,family-00385-minimum,family-00385,0.9588072896003723,0.17171629654008377,0.0,2,0.6686300323046018,8.88060188293457,55,minimum
7.662496566772461,0.29304537177085876,False,False,family-00385-minimum,family-00385,0.9791226387023926,0.10143428424764152,0.0,3,0.7588247849525328,10.097846984863281,55,minimum
7.379580020904541,-0.016349999234080315,False,False,family-00385-sum_mod_10,family-00385,0.9829602241516113,0.08628322608637254,1.0,0,0.6995756014068809,10.548652648925781,55,sum_mod_10
4.157951831817627,-0.0001844600774347782,False,False,family-00385-sum_mod_10,family-00385,0.9693648219108582,0.13694322466663594,1.0,1,0.42683869657771567,9.74127197265625,55,sum_mod_10
5.582487106323242,0.002310661133378744,False,False,family-00385-sum_mod_10,family-00385,0.966490626335144,0.14673704581562313,1.0,2,0.5875997253158982,9.500493049621582,55,sum_mod_10
10.282166481018066,0.0018280763179063797,False,True,family-00385-sum_mod_10,family-00385,0.9937272071838379,0.03806575710713731,1.0,3,0.8521356754926542,12.066349029541016,55,sum_mod_10
6.9652485847473145,0.07277500629425049,True,False,family-00386-maximum,family-00386,0.9748644232749939,0.11740316644253693,0.0,0,0.7387388385192072,9.428566932678223,55,maximum
4.001091480255127,-0.04927968978881836,True,False,family-00386-maximum,family-00386,0.9543166160583496,0.18560350057049377,0.0,1,0.399691494016653,10.010449409484863,55,maximum
9.329626083374023,0.5264610648155212,True,False,family-00386-maximum,family-00386,0.9823019504547119,0.08893976306148564,0.0,2,0.8582007738597622,10.871146202087402,55,maximum
10.19662857055664,0.05672496557235718,True,False,family-00386-maximum,family-00386,0.9956406354904175,0.028044864862307492,0.0,3,0.669048564675652,15.240490913391113,55,maximum
6.9684367179870605,0.08074796199798584,True,False,family-00386-minimum,family-00386,0.9887803792953491,0.06153356406557892,1.0,0,0.6308607236822906,11.045919418334961,55,minimum
4.067672252655029,-0.016556501388549805,True,False,family-00386-minimum,family-00386,0.9545732140541077,0.18482287583896287,1.0,1,0.4429224533791909,9.183712005615234,55,minimum
7.8658270835876465,0.46336790919303894,True,False,family-00386-minimum,family-00386,0.9759202003479004,0.11351805726230359,1.0,2,0.9049540255057392,8.691963195800781,55,minimum
9.902883529663086,0.11912143230438232,True,False,family-00386-minimum,family-00386,0.9849982857704163,0.07788968266209809,1.0,3,0.8972300503356212,11.0371732711792,55,minimum
7.056368350982666,0.018539458513259888,True,False,family-00386-sum_mod_10,family-00386,0.9826276898384094,0.08762837872362726,0.5,0,0.6017567568886399,11.726280212402344,55,sum_mod_10
3.8119101524353027,0.004497155547142029,True,False,family-00386-sum_mod_10,family-00386,0.9762736558914185,0.11220689129638478,0.5,1,0.3424804926139777,11.130298614501953,55,sum_mod_10
5.746517181396484,0.04751848429441452,True,False,family-00386-sum_mod_10,family-00386,0.9905202388763428,0.05359706430431551,0.5,2,0.4907010327697825,11.710831642150879,55,sum_mod_10
10.857583045959473,-0.01455514132976532,True,True,family-00386-sum_mod_10,family-00386,0.9975780844688416,0.01700665349824281,0.5,3,0.7674012687969481,14.148508071899414,55,sum_mod_10
6.150351047515869,0.26035642623901367,True,False,family-00387-maximum,family-00387,0.9887803792953491,0.06153356406557892,1.0,0,0.55679847141624,11.045919418334961,55,maximum
5.617441177368164,0.21443383395671844,True,False,family-00387-maximum,family-00387,0.9600006937980652,0.16794194280030672,1.0,1,0.6356783000386244,8.83692455291748,55,maximum
6.580594539642334,0.07226580381393433,True,False,family-00387-maximum,family-00387,0.982502818107605,0.08813182455289623,1.0,2,0.6953323349802699,9.463955879211426,55,maximum
6.654188632965088,0.3216116428375244,True,False,family-00387-maximum,family-00387,0.9890407919883728,0.060364145476947975,1.0,3,0.6155566908645697,10.810033798217773,55,maximum
6.356846809387207,0.39761438965797424,True,False,family-00387-minimum,family-00387,0.9855624437332153,0.07551807254050555,0.5,0,0.5936627459278984,10.707841873168945,55,minimum
6.54568338394165,0.6010218858718872,True,False,family-00387-minimum,family-00387,0.9653922319412231,0.15041124620735002,0.5,1,0.6998701849326829,9.352710723876953,55,minimum
9.101861953735352,0.3498000502586365,True,False,family-00387-minimum,family-00387,0.9782983660697937,0.10458966949268238,0.5,2,0.8635014517310619,10.540644645690918,55,minimum
7.072961807250977,0.14844965934753418,True,False,family-00387-minimum,family-00387,0.9701538681983948,0.1342068996670185,0.5,3,0.45814390555902723,15.438297271728516,55,minimum
4.3379807472229,-0.009183499962091446,True,False,family-00387-sum_mod_10,family-00387,0.9765461683273315,0.11119231075754603,0.0,0,0.3877811618611849,11.18667221069336,55,sum_mod_10
5.401761531829834,-0.01920570433139801,True,False,family-00387-sum_mod_10,family-00387,0.9586357474327087,0.17225584126330226,0.0,1,0.500437473030669,10.794078826904297,55,sum_mod_10
4.799638748168945,-0.023812979459762573,True,False,family-00387-sum_mod_10,family-00387,0.9888249039649963,0.06133405714546957,0.0,2,0.40954857576336084,11.719339370727539,55,sum_mod_10
9.035801887512207,0.005668900907039642,True,True,family-00387-sum_mod_10,family-00387,0.9929920434951782,0.04174777704319317,0.0,3,0.7001206459267794,12.9060640335083,55,sum_mod_10
5.301450252532959,0.28796127438545227,False,False,family-00388-maximum,family-00388,0.974578320980072,0.11844806858634942,0.5,0,0.5551900378917259,9.548892974853516,55,maximum
7.019473075866699,0.1493922472000122,False,False,family-00388-maximum,family-00388,0.9692301154136658,0.13740826210646587,0.5,1,0.7952856926605787,8.826354026794434,55,maximum
8.710640907287598,0.16959869861602783,False,False,family-00388-maximum,family-00388,0.9777588844299316,0.10663744662725934,0.5,2,0.8764142179973822,9.93895435333252,55,maximum
9.136883735656738,0.33519619703292847,False,False,family-00388-maximum,family-00388,0.9871315956115723,0.06880115908793821,0.5,3,0.6464595258567495,14.133728981018066,55,maximum
7.559854507446289,0.09642636775970459,True,False,family-00388-minimum,family-00388,0.9872077107429504,0.0684705887761132,0.0,0,0.7557547406268361,10.003052711486816,55,minimum
6.561218738555908,0.6505829691886902,True,False,family-00388-minimum,family-00388,0.9622336626052856,0.16077929116915363,0.0,1,0.8002726186406384,8.198729515075684,55,minimum
8.76272964477539,0.1943315863609314,True,False,family-00388-minimum,family-00388,0.9749019145965576,0.11726599396196759,0.0,2,0.9032887740830379,9.70091724395752,55,minimum
7.397613525390625,0.1578393578529358,True,False,family-00388-minimum,family-00388,0.938520610332489,0.2310188604503977,0.0,3,0.5424934279068535,13.636319160461426,55,minimum
7.990112781524658,-0.020563680678606033,False,False,family-00388-sum_mod_10,family-00388,0.9877796173095703,0.06597191650829523,1.0,0,0.630247451155532,12.677739143371582,55,sum_mod_10
7.9317169189453125,-0.010527336038649082,False,False,family-00388-sum_mod_10,family-00388,0.9783979654312134,0.10421011860550043,1.0,1,0.7953647978209876,9.972426414489746,55,sum_mod_10
5.926158428192139,0.001803387887775898,False,False,family-00388-sum_mod_10,family-00388,0.9791794419288635,0.10121562692056722,1.0,2,0.5027398553630148,11.787723541259766,55,sum_mod_10
11.524296760559082,0.0020818854682147503,False,True,family-00388-sum_mod_10,family-00388,0.9885085225105286,0.06274785374726806,1.0,3,0.8258898163934615,13.953794479370117,55,sum_mod_10
6.330098628997803,0.06809952855110168,False,False,family-00389-maximum,family-00389,0.9887405037879944,0.06171208723210733,0.0,0,0.515995087870738,12.267749786376953,55,maximum
4.826875686645508,0.1138782650232315,False,False,family-00389-maximum,family-00389,0.9730098843574524,0.12411853882735212,0.0,1,0.50305554790792,9.595114707946777,55,maximum
11.792459487915039,-0.40748345851898193,False,False,family-00389-maximum,family-00389,0.9851235747337341,0.07736488145934912,0.0,2,1.1863268507584015,9.940312385559082,55,maximum
7.007732391357422,0.11939749121665955,False,False,family-00389-maximum,family-00389,0.9964489936828613,0.023574231247796933,0.0,3,0.4376924919774782,16.010629653930664,55,maximum
6.259784698486328,0.43946096301078796,True,False,family-00389-minimum,family-00389,0.9872077107429504,0.0684705887761132,1.0,0,0.6257874349995199,10.003052711486816,55,minimum
4.58623743057251,0.05645257234573364,True,False,family-00389-minimum,family-00389,0.9679107069969177,0.1419313851774282,1.0,1,0.5579868390335413,8.219257354736328,55,minimum
11.130967140197754,0.4279111921787262,True,False,family-00389-minimum,family-00389,0.982745349407196,0.08715317447116736,1.0,2,1.312952549666848,8.477813720703125,55,minimum
8.303387641906738,0.25679710507392883,True,False,family-00389-minimum,family-00389,0.9823960065841675,0.08856173697870849,1.0,3,0.5952032407612491,13.950508117675781,55,minimum
5.471587181091309,-0.0819183886051178,False,False,family-00389-sum_mod_10,family-00389,0.982559323310852,0.08790412505115772,0.5,0,0.5103979785397772,10.720236778259277,55,sum_mod_10
5.750912189483643,-0.027629535645246506,False,False,family-00389-sum_mod_10,family-00389,0.953924834728241,0.18679247062140747,0.5,1,0.6413321438906581,8.967135429382324,55,sum_mod_10
6.733994960784912,-0.03893352672457695,False,False,family-00389-sum_mod_10,family-00389,0.9811216592788696,0.09364111723236536,0.5,2,0.7185764867497839,9.371298789978027,55,sum_mod_10
14.333940505981445,-0.015616517513990402,False,True,family-00389-sum_mod_10,family-00389,0.9947369694709778,0.03286453166496448,0.5,3,1.226627687206645,11.685648918151855,55,sum_mod_10
