absolute_utility_delta,attention_entropy_delta,both_learned_tasks,family_id,identifiability_a,identifiability_b,identifiability_delta,intent_a,intent_b,layer,residual_cosine,residual_delta_norm,seed,target_probability_delta,task_pair,utility_a,utility_b,utility_delta
0.23542755842208862,0.946725606918335,True,family-00300,1.0,0.5,0.5,maximum,minimum,0,0.35166212916374207,10.383203506469727,22,-0.22092264890670776,maximum__minimum,0.07258719205856323,0.30801475048065186,-0.23542755842208862
0.10581618547439575,-0.05528247356414795,True,family-00300,1.0,0.5,0.5,maximum,minimum,1,-0.1257956624031067,15.546690940856934,22,-0.22092264890670776,maximum__minimum,0.2594274580478668,0.3652436435222626,-0.10581618547439575
0.5074196457862854,1.0912368297576904,True,family-00300,1.0,0.5,0.5,maximum,minimum,2,0.15531373023986816,16.109737396240234,22,-0.22092264890670776,maximum__minimum,0.42906057834625244,-0.07835906744003296,0.5074196457862854
0.30908212065696716,-0.03909873962402344,True,family-00300,1.0,0.5,0.5,maximum,minimum,3,0.30901122093200684,17.37618064880371,22,-0.22092264890670776,maximum__minimum,0.17410188913345337,0.48318400979042053,-0.30908212065696716
0.11002234369516373,-0.11635565757751465,False,family-00300,1.0,0.0,1.0,maximum,sum_mod_10,0,0.3211207091808319,10.272282600402832,22,0.5668368116021156,maximum__sum_mod_10,0.07258719205856323,-0.037435151636600494,0.11002234369516373
0.28656575083732605,-0.972991943359375,False,family-00300,1.0,0.0,1.0,maximum,sum_mod_10,1,0.2146838754415512,12.386237144470215,22,0.5668368116021156,maximum__sum_mod_10,0.2594274580478668,-0.02713829278945923,0.28656575083732605
0.43934109807014465,1.457977294921875,False,family-00300,1.0,0.0,1.0,maximum,sum_mod_10,2,0.550484836101532,11.4271821975708,22,0.5668368116021156,maximum__sum_mod_10,0.42906057834625244,-0.010280519723892212,0.43934109807014465
0.15702268108725548,0.2909274101257324,False,family-00300,1.0,0.0,1.0,maximum,sum_mod_10,3,0.6484944820404053,12.676815032958984,22,0.5668368116021156,maximum__sum_mod_10,0.17410188913345337,0.01707920804619789,0.15702268108725548
0.34544990211725235,-1.0630812644958496,False,family-00300,0.5,0.0,0.5,minimum,sum_mod_10,0,0.12029021233320236,12.473093032836914,22,0.7877594605088234,minimum__sum_mod_10,0.30801475048065186,-0.037435151636600494,0.34544990211725235
0.3923819363117218,-0.917709469795227,False,family-00300,0.5,0.0,0.5,minimum,sum_mod_10,1,0.19402338564395905,13.864344596862793,22,0.7877594605088234,minimum__sum_mod_10,0.3652436435222626,-0.02713829278945923,0.3923819363117218
0.06807854771614075,0.36674046516418457,False,family-00300,0.5,0.0,0.5,minimum,sum_mod_10,2,0.22965380549430847,16.711803436279297,22,0.7877594605088234,minimum__sum_mod_10,-0.07835906744003296,-0.010280519723892212,-0.06807854771614075
0.46610480174422264,0.33002614974975586,False,family-00300,0.5,0.0,0.5,minimum,sum_mod_10,3,0.3705640137195587,18.38323211669922,22,0.7877594605088234,minimum__sum_mod_10,0.48318400979042053,0.01707920804619789,0.46610480174422264
0.39955365657806396,0.43802642822265625,True,family-00301,0.5,0.0,0.5,maximum,minimum,0,0.34828826785087585,10.864890098571777,22,0.14876246452331543,maximum__minimum,0.21224823594093323,-0.18730542063713074,0.39955365657806396
0.2938357889652252,-1.0745253562927246,True,family-00301,0.5,0.0,0.5,maximum,minimum,1,-0.02290566824376583,13.287712097167969,22,0.14876246452331543,maximum__minimum,0.3510655164718628,0.05722972750663757,0.2938357889652252
0.4695770591497421,-0.7293604612350464,True,family-00301,0.5,0.0,0.5,maximum,minimum,2,-0.2568085789680481,23.49746322631836,22,0.14876246452331543,maximum__minimum,-0.35690978169441223,0.1126672774553299,-0.4695770591497421
0.05040639638900757,0.6575870513916016,True,family-00301,0.5,0.0,0.5,maximum,minimum,3,-0.171346515417099,24.771413803100586,22,0.14876246452331543,maximum__minimum,0.24094867706298828,0.1905422806739807,0.05040639638900757
0.2733587324619293,1.421833872795105,False,family-00301,0.5,1.0,-0.5,maximum,sum_mod_10,0,0.3972378075122833,9.681702613830566,22,0.3758551701903343,maximum__sum_mod_10,0.21224823594093323,-0.061110496520996094,0.2733587324619293
0.3227199297398329,-0.2958502769470215,False,family-00301,0.5,1.0,-0.5,maximum,sum_mod_10,1,0.3149492144584656,11.971575736999512,22,0.3758551701903343,maximum__sum_mod_10,0.3510655164718628,0.028345586732029915,0.3227199297398329
0.35982242971658707,0.106284499168396,False,family-00301,0.5,1.0,-0.5,maximum,sum_mod_10,2,0.20470237731933594,22.597938537597656,22,0.3758551701903343,maximum__sum_mod_10,-0.35690978169441223,0.002912648022174835,-0.35982242971658707
0.22493267431855202,1.067338228225708,False,family-00301,0.5,1.0,-0.5,maximum,sum_mod_10,3,0.29651641845703125,24.377300262451172,22,0.3758551701903343,maximum__sum_mod_10,0.24094867706298828,0.016016002744436264,0.22493267431855202
0.12619492411613464,0.9838074445724487,False,family-00301,0.0,1.0,-1.0,minimum,sum_mod_10,0,0.4600418508052826,10.314144134521484,22,0.2270927056670189,minimum__sum_mod_10,-0.18730542063713074,-0.061110496520996094,-0.12619492411613464
0.02888414077460766,0.7786750793457031,False,family-00301,0.0,1.0,-1.0,minimum,sum_mod_10,1,0.4157666265964508,10.92396068572998,22,0.2270927056670189,minimum__sum_mod_10,0.05722972750663757,0.028345586732029915,0.02888414077460766
0.10975462943315506,0.8356449604034424,False,family-00301,0.0,1.0,-1.0,minimum,sum_mod_10,2,0.23360757529735565,17.403820037841797,22,0.2270927056670189,minimum__sum_mod_10,0.1126672774553299,0.002912648022174835,0.10975462943315506
0.17452627792954445,0.40975117683410645,False,family-00301,0.0,1.0,-1.0,minimum,sum_mod_10,3,0.3436598479747772,19.6199893951416,22,0.2270927056670189,minimum__sum_mod_10,0.1905422806739807,0.016016002744436264,0.17452627792954445
0.2513812482357025,-0.5837866067886353,True,family-00302,0.0,1.0,-1.0,maximum,minimum,0,0.1057855561375618,13.448310852050781,22,0.31606435775756836,maximum__minimum,0.2408164143562317,0.4921976625919342,-0.2513812482357025
0.23890870809555054,-0.25498080253601074,True,family-00302,0.0,1.0,-1.0,maximum,minimum,1,-0.004823504015803337,16.174570083618164,22,0.31606435775756836,maximum__minimum,0.08141976594924927,0.3203284740447998,-0.23890870809555054
0.4148927330970764,0.39654839038848877,True,family-00302,0.0,1.0,-1.0,maximum,minimum,2,0.29830265045166016,17.846343994140625,22,0.31606435775756836,maximum__minimum,0.33135986328125,-0.08353286981582642,0.4148927330970764
0.09017407894134521,-0.13950872421264648,True,family-00302,0.0,1.0,-1.0,maximum,minimum,3,0.40745481848716736,19.615489959716797,22,0.31606435775756836,maximum__minimum,0.021088361740112305,-0.06908571720123291,0.09017407894134521
0.24212677776813507,-0.620873212814331,False,family-00302,0.0,0.5,-0.5,maximum,sum_mod_10,0,0.7324955463409424,7.262531280517578,22,0.7916892543435097,maximum__sum_mod_10,0.2408164143562317,-0.0013103634119033813,0.24212677776813507
0.04971574246883392,1.2467237710952759,False,family-00302,0.0,0.5,-0.5,maximum,sum_mod_10,1,0.45255693793296814,14.552178382873535,22,0.7916892543435097,maximum__sum_mod_10,0.08141976594924927,0.031704023480415344,0.04971574246883392
0.3402863070368767,0.7405694723129272,False,family-00302,0.0,0.5,-0.5,maximum,sum_mod_10,2,0.35118916630744934,20.30803680419922,22,0.7916892543435097,maximum__sum_mod_10,0.33135986328125,-0.008926443755626678,0.3402863070368767
0.02794717252254486,0.2965841293334961,False,family-00302,0.0,0.5,-0.5,maximum,sum_mod_10,3,0.2984873652458191,25.270246505737305,22,0.7916892543435097,maximum__sum_mod_10,0.021088361740112305,-0.006858810782432556,0.02794717252254486
0.4935080260038376,-0.0370866060256958,False,family-00302,1.0,0.5,0.5,minimum,sum_mod_10,0,0.3735284209251404,10.543460845947266,22,0.4756248965859413,minimum__sum_mod_10,0.4921976625919342,-0.0013103634119033813,0.4935080260038376
0.28862445056438446,1.5017045736312866,False,family-00302,1.0,0.5,0.5,minimum,sum_mod_10,1,0.45116835832595825,15.090723037719727,22,0.4756248965859413,minimum__sum_mod_10,0.3203284740447998,0.031704023480415344,0.28862445056438446
0.07460642606019974,0.3440210819244385,False,family-00302,1.0,0.5,0.5,minimum,sum_mod_10,2,0.5360363125801086,16.840328216552734,22,0.4756248965859413,minimum__sum_mod_10,-0.08353286981582642,-0.008926443755626678,-0.07460642606019974
0.062226906418800354,0.4360928535461426,False,family-00302,1.0,0.5,0.5,minimum,sum_mod_10,3,0.5485235452651978,19.482210159301758,22,0.4756248965859413,minimum__sum_mod_10,-0.06908571720123291,-0.006858810782432556,-0.062226906418800354
0.5230118036270142,0.4443405866622925,True,family-00303,1.0,0.5,0.5,maximum,minimum,0,0.5282512307167053,9.83553409576416,22,-0.1337910294532776,maximum__minimum,0.7209507822990417,0.1979389786720276,0.5230118036270142
0.35690706968307495,-0.48177027702331543,True,family-00303,1.0,0.5,0.5,maximum,minimum,1,0.3392719030380249,11.841723442077637,22,-0.1337910294532776,maximum__minimum,0.6567724943161011,0.2998654246330261,0.35690706968307495
0.6096032857894897,0.4391756057739258,True,family-00303,1.0,0.5,0.5,maximum,minimum,2,0.2551044225692749,17.374324798583984,22,-0.1337910294532776,maximum__minimum,0.18618673086166382,0.7957900166511536,-0.6096032857894897
0.10378509759902954,-0.10529541969299316,True,family-00303,1.0,0.5,0.5,maximum,minimum,3,0.25502634048461914,20.759817123413086,22,-0.1337910294532776,maximum__minimum,0.18532586097717285,0.08154076337814331,0.10378509759902954
0.7352311350405216,-0.014735937118530273,False,family-00303,1.0,0.0,1.0,maximum,sum_mod_10,0,0.15655101835727692,12.700736045837402,22,0.703899871557951,maximum__sum_mod_10,0.7209507822990417,-0.014280352741479874,0.7352311350405216
0.6510613281279802,-1.821197748184204,False,family-00303,1.0,0.0,1.0,maximum,sum_mod_10,1,0.1479518711566925,12.221016883850098,22,0.703899871557951,maximum__sum_mod_10,0.6567724943161011,0.005711166188120842,0.6510613281279802
0.18137138709425926,-0.04994320869445801,False,family-00303,1.0,0.0,1.0,maximum,sum_mod_10,2,0.23685899376869202,14.924735069274902,22,0.703899871557951,maximum__sum_mod_10,0.18618673086166382,0.004815343767404556,0.18137138709425926
0.1687653437256813,0.41257476806640625,False,family-00303,1.0,0.0,1.0,maximum,sum_mod_10,3,0.31043559312820435,15.83181381225586,22,0.703899871557951,maximum__sum_mod_10,0.18532586097717285,0.016560517251491547,0.1687653437256813
0.21221933141350746,-0.45907652378082275,False,family-00303,0.5,0.0,0.5,minimum,sum_mod_10,0,0.44891664385795593,10.602824211120605,22,0.8376909010112286,minimum__sum_mod_10,0.1979389786720276,-0.014280352741479874,0.21221933141350746
0.2941542584449053,-1.3394274711608887,False,family-00303,0.5,0.0,0.5,minimum,sum_mod_10,1,0.18357941508293152,13.959505081176758,22,0.8376909010112286,minimum__sum_mod_10,0.2998654246330261,0.005711166188120842,0.2941542584449053
0.790974672883749,-0.4891188144683838,False,family-00303,0.5,0.0,0.5,minimum,sum_mod_10,2,-0.08687377721071243,22.57779884338379,22,0.8376909010112286,minimum__sum_mod_10,0.7957900166511536,0.004815343767404556,0.790974672883749
0.06498024612665176,0.5178701877593994,False,family-00303,0.5,0.0,0.5,minimum,sum_mod_10,3,0.0861179307103157,24.587825775146484,22,0.8376909010112286,minimum__sum_mod_10,0.08154076337814331,0.016560517251491547,0.06498024612665176
0.15328258275985718,0.7572510242462158,True,family-00304,0.5,0.0,0.5,maximum,minimum,0,0.43135184049606323,10.094590187072754,22,0.6885881721973419,maximum__minimum,-0.02014714479446411,0.13313543796539307,-0.15328258275985718
0.07660798728466034,-0.15933215618133545,True,family-00304,0.5,0.0,0.5,maximum,minimum,1,0.2396712750196457,12.552083969116211,22,0.6885881721973419,maximum__minimum,0.11681151390075684,0.0402035266160965,0.07660798728466034
0.838626965880394,0.259799599647522,True,family-00304,0.5,0.0,0.5,maximum,minimum,2,0.14035570621490479,21.001188278198242,22,0.6885881721973419,maximum__minimum,0.8161587119102478,-0.02246825397014618,0.838626965880394
0.17767831683158875,1.7977039813995361,True,family-00304,0.5,0.0,0.5,maximum,minimum,3,0.27990591526031494,22.870275497436523,22,0.6885881721973419,maximum__minimum,0.009176909923553467,-0.16850140690803528,0.17767831683158875
0.12688933312892914,0.23587894439697266,False,family-00304,0.5,1.0,-0.5,maximum,sum_mod_10,0,0.56462162733078,9.390563011169434,22,0.6999389678239822,maximum__sum_mod_10,-0.02014714479446411,0.10674218833446503,-0.12688933312892914
0.051175497472286224,-0.16311657428741455,False,family-00304,0.5,1.0,-0.5,maximum,sum_mod_10,1,0.5301321148872375,11.783177375793457,22,0.6999389678239822,maximum__sum_mod_10,0.11681151390075684,0.06563601642847061,0.051175497472286224
0.7750098258256912,0.2626383304595947,False,family-00304,0.5,1.0,-0.5,maximum,sum_mod_10,2,0.47845497727394104,19.18394660949707,22,0.6999389678239822,maximum__sum_mod_10,0.8161587119102478,0.04114888608455658,0.7750098258256912
0.007326558232307434,2.138826370239258,False,family-00304,0.5,1.0,-0.5,maximum,sum_mod_10,3,0.5618489980697632,20.957895278930664,22,0.6999389678239822,maximum__sum_mod_10,0.009176909923553467,0.0018503516912460327,0.007326558232307434
0.02639324963092804,-0.5213720798492432,False,family-00304,0.0,1.0,-1.0,minimum,sum_mod_10,0,0.40943729877471924,10.970544815063477,22,0.01135079562664032,minimum__sum_mod_10,0.13313543796539307,0.10674218833446503,0.02639324963092804
0.025432489812374115,-0.0037844181060791016,False,family-00304,0.0,1.0,-1.0,minimum,sum_mod_10,1,0.4103480577468872,12.588098526000977,22,0.01135079562664032,minimum__sum_mod_10,0.0402035266160965,0.06563601642847061,-0.025432489812374115
0.06361714005470276,0.002838730812072754,False,family-00304,0.0,1.0,-1.0,minimum,sum_mod_10,2,0.44827768206596375,16.098360061645508,22,0.01135079562664032,minimum__sum_mod_10,-0.02246825397014618,0.04114888608455658,-0.06361714005470276
0.1703517585992813,0.3411223888397217,False,family-00304,0.0,1.0,-1.0,minimum,sum_mod_10,3,0.5099602937698364,18.98587989807129,22,0.01135079562664032,minimum__sum_mod_10,-0.16850140690803528,0.0018503516912460327,-0.1703517585992813
0.015594065189361572,-0.3031764626502991,True,family-00305,0.0,1.0,-1.0,maximum,minimum,0,0.1669740080833435,12.323238372802734,22,-0.04259920120239258,maximum__minimum,0.556114912033081,0.5717089772224426,-0.015594065189361572
0.10215508937835693,-0.2494494915008545,True,family-00305,0.0,1.0,-1.0,maximum,minimum,1,-0.02500380575656891,14.301201820373535,22,-0.04259920120239258,maximum__minimum,-0.0041533708572387695,0.09800171852111816,-0.10215508937835693
0.31116044521331787,0.050150156021118164,True,family-00305,0.0,1.0,-1.0,maximum,minimum,2,-0.046346284449100494,25.778779983520508,22,-0.04259920120239258,maximum__minimum,0.6641749143600464,0.3530144691467285,0.31116044521331787
0.11470943689346313,0.345827579498291,True,family-00305,0.0,1.0,-1.0,maximum,minimum,3,0.18263965845108032,26.44327735900879,22,-0.04259920120239258,maximum__minimum,0.1502302885055542,0.035520851612091064,0.11470943689346313
0.5431658513844013,-0.5964900851249695,False,family-00305,0.0,0.5,-0.5,maximum,sum_mod_10,0,0.1344437152147293,12.514833450317383,22,0.8634330034255981,maximum__sum_mod_10,0.556114912033081,0.012949060648679733,0.5431658513844013
0.019679713994264603,0.291487455368042,False,family-00305,0.0,0.5,-0.5,maximum,sum_mod_10,1,0.219857856631279,14.036450386047363,22,0.8634330034255981,maximum__sum_mod_10,-0.0041533708572387695,0.015526343137025833,-0.019679713994264603
0.682626236230135,0.14444226026535034,False,family-00305,0.0,0.5,-0.5,maximum,sum_mod_10,2,0.32060885429382324,21.209470748901367,22,0.8634330034255981,maximum__sum_mod_10,0.6641749143600464,-0.018451321870088577,0.682626236230135
0.1429352257400751,0.9878686666488647,False,family-00305,0.0,0.5,-0.5,maximum,sum_mod_10,3,0.3850923478603363,23.896469116210938,22,0.8634330034255981,maximum__sum_mod_10,0.1502302885055542,0.007295062765479088,0.1429352257400751
0.5587599165737629,-0.2933136224746704,False,family-00305,1.0,0.5,0.5,minimum,sum_mod_10,0,0.4867478013038635,9.858469009399414,22,0.9060322046279907,minimum__sum_mod_10,0.5717089772224426,0.012949060648679733,0.5587599165737629
0.08247537538409233,0.5409369468688965,False,family-00305,1.0,0.5,0.5,minimum,sum_mod_10,1,0.46691954135894775,12.614907264709473,22,0.9060322046279907,minimum__sum_mod_10,0.09800171852111816,0.015526343137025833,0.08247537538409233
0.3714657910168171,0.09429210424423218,False,family-00305,1.0,0.5,0.5,minimum,sum_mod_10,2,0.361571341753006,18.974987030029297,22,0.9060322046279907,minimum__sum_mod_10,0.3530144691467285,-0.018451321870088577,0.3714657910168171
0.028225788846611977,0.6420410871505737,False,family-00305,1.0,0.5,0.5,minimum,sum_mod_10,3,0.504050612449646,21.19329261779785,22,0.9060322046279907,minimum__sum_mod_10,0.035520851612091064,0.007295062765479088,0.028225788846611977
0.16567373275756836,-0.5208742618560791,True,family-00306,1.0,0.5,0.5,maximum,minimum,0,0.4436282813549042,9.923603057861328,22,-0.046499013900756836,maximum__minimum,0.18694281578063965,0.02126908302307129,0.16567373275756836
0.13502657413482666,-0.8046492338180542,True,family-00306,1.0,0.5,0.5,maximum,minimum,1,0.14287225902080536,13.607669830322266,22,-0.046499013900756836,maximum__minimum,0.6693931818008423,0.5343666076660156,0.13502657413482666
0.08779981732368469,1.2013108730316162,True,family-00306,1.0,0.5,0.5,maximum,minimum,2,-0.08220937848091125,23.38957405090332,22,-0.046499013900756836,maximum__minimum,0.4010419547557831,0.3132421374320984,0.08779981732368469
0.12755805253982544,2.129487991333008,True,family-00306,1.0,0.5,0.5,maximum,minimum,3,-0.03474105894565582,26.615211486816406,22,-0.046499013900756836,maximum__minimum,0.13524210453033447,0.007684051990509033,0.12755805253982544
0.2598404288291931,-0.015267252922058105,False,family-00306,1.0,0.0,1.0,maximum,sum_mod_10,0,0.26382017135620117,10.346384048461914,22,0.8683720342814922,maximum__sum_mod_10,0.18694281578063965,-0.07289761304855347,0.2598404288291931
0.6563657652586699,-0.37965357303619385,False,family-00306,1.0,0.0,1.0,maximum,sum_mod_10,1,0.0845630019903183,13.66053581237793,22,0.8683720342814922,maximum__sum_mod_10,0.6693931818008423,0.013027416542172432,0.6563657652586699
0.4472438283264637,1.350738763809204,False,family-00306,1.0,0.0,1.0,maximum,sum_mod_10,2,-0.1623431146144867,23.606199264526367,22,0.8683720342814922,maximum__sum_mod_10,0.4010419547557831,-0.04620187357068062,0.4472438283264637
0.13308950141072273,2.24871963262558,False,family-00306,1.0,0.0,1.0,maximum,sum_mod_10,3,-0.100518137216568,26.801794052124023,22,0.8683720342814922,maximum__sum_mod_10,0.13524210453033447,0.00215260311961174,0.13308950141072273
0.09416669607162476,0.505607008934021,False,family-00306,0.5,0.0,0.5,minimum,sum_mod_10,0,0.4377005994319916,9.574238777160645,22,0.9148710481822491,minimum__sum_mod_10,0.02126908302307129,-0.07289761304855347,0.09416669607162476
0.5213391911238432,0.42499566078186035,False,family-00306,0.5,0.0,0.5,minimum,sum_mod_10,1,0.35511383414268494,10.44064712524414,22,0.9148710481822491,minimum__sum_mod_10,0.5343666076660156,0.013027416542172432,0.5213391911238432
0.359444011002779,0.1494278907775879,False,family-00306,0.5,0.0,0.5,minimum,sum_mod_10,2,0.6582450866699219,12.139087677001953,22,0.9148710481822491,minimum__sum_mod_10,0.3132421374320984,-0.04620187357068062,0.359444011002779
0.005531448870897293,0.11923164129257202,False,family-00306,0.5,0.0,0.5,minimum,sum_mod_10,3,0.7272919416427612,13.450937271118164,22,0.9148710481822491,minimum__sum_mod_10,0.007684051990509033,0.00215260311961174,0.005531448870897293
0.2910618335008621,0.3364611268043518,True,family-00307,0.5,0.0,0.5,maximum,minimum,0,0.30656352639198303,11.040633201599121,22,-0.2519592046737671,maximum__minimum,0.01044626533985138,-0.28061556816101074,0.2910618335008621
0.5929108262062073,-0.7753963470458984,True,family-00307,0.5,0.0,0.5,maximum,minimum,1,-0.10500894486904144,14.493931770324707,22,-0.2519592046737671,maximum__minimum,-0.007400810718536377,-0.6003116369247437,0.5929108262062073
0.03390561603009701,0.978330135345459,True,family-00307,0.5,0.0,0.5,maximum,minimum,2,-0.01222914457321167,18.000389099121094,22,-0.2519592046737671,maximum__minimum,0.007912004366517067,0.041817620396614075,-0.03390561603009701
0.14167145639657974,-0.4920337200164795,True,family-00307,0.5,0.0,0.5,maximum,minimum,3,0.045221105217933655,19.788230895996094,22,-0.2519592046737671,maximum__minimum,-0.02114851027727127,0.12052294611930847,-0.14167145639657974
0.13770805299282074,0.2051234245300293,False,family-00307,0.5,1.0,-0.5,maximum,sum_mod_10,0,0.3356253206729889,10.31527042388916,22,-0.0228358693420887,maximum__sum_mod_10,0.01044626533985138,-0.12726178765296936,0.13770805299282074
0.024110371246933937,-0.27776002883911133,False,family-00307,0.5,1.0,-0.5,maximum,sum_mod_10,1,0.24693013727664948,11.486625671386719,22,-0.0228358693420887,maximum__sum_mod_10,-0.007400810718536377,0.01670956052839756,-0.024110371246933937
0.04487591050565243,1.626842200756073,False,family-00307,0.5,1.0,-0.5,maximum,sum_mod_10,2,0.5265262126922607,12.714999198913574,22,-0.0228358693420887,maximum__sum_mod_10,0.007912004366517067,-0.03696390613913536,0.04487591050565243
0.04191964119672775,0.2974189519882202,False,family-00307,0.5,1.0,-0.5,maximum,sum_mod_10,3,0.6569578051567078,13.86160945892334,22,-0.0228358693420887,maximum__sum_mod_10,-0.02114851027727127,0.020771130919456482,-0.04191964119672775
0.15335378050804138,-0.1313377022743225,False,family-00307,0.0,1.0,-1.0,minimum,sum_mod_10,0,0.23223312199115753,11.395410537719727,22,0.2291233353316784,minimum__sum_mod_10,-0.28061556816101074,-0.12726178765296936,-0.15335378050804138
0.6170211974531412,0.4976363182067871,False,family-00307,0.0,1.0,-1.0,minimum,sum_mod_10,1,0.28220805525779724,12.2797269821167,22,0.2291233353316784,minimum__sum_mod_10,-0.6003116369247437,0.01670956052839756,-0.6170211974531412
0.07878152653574944,0.648512065410614,False,family-00307,0.0,1.0,-1.0,minimum,sum_mod_10,2,0.32790395617485046,17.489559173583984,22,0.2291233353316784,minimum__sum_mod_10,0.041817620396614075,-0.03696390613913536,0.07878152653574944
0.09975181519985199,0.7894526720046997,False,family-00307,0.0,1.0,-1.0,minimum,sum_mod_10,3,0.40570536255836487,19.24172592163086,22,0.2291233353316784,minimum__sum_mod_10,0.12052294611930847,0.020771130919456482,0.09975181519985199
0.986860603094101,-0.14757204055786133,True,family-00308,0.0,1.0,-1.0,maximum,minimum,0,0.25711357593536377,11.82455062866211,22,0.8413927890360355,maximum__minimum,0.8700879216194153,-0.11677268147468567,0.986860603094101
0.508903980255127,-0.569659948348999,True,family-00308,0.0,1.0,-1.0,maximum,minimum,1,0.021451162174344063,15.368376731872559,22,0.8413927890360355,maximum__minimum,0.18956273794174194,-0.319341242313385,0.508903980255127
0.06781199015676975,-0.46912944316864014,True,family-00308,0.0,1.0,-1.0,maximum,minimum,2,-0.16127163171768188,26.365278244018555,22,0.8413927890360355,maximum__minimum,-0.04174882173538208,0.026063168421387672,-0.06781199015676975
0.09174419939517975,0.35714125633239746,True,family-00308,0.0,1.0,-1.0,maximum,minimum,3,0.09359408915042877,26.730911254882812,22,0.8413927890360355,maximum__minimum,0.11956584453582764,0.027821645140647888,0.09174419939517975
0.8183836713433266,-0.1564180850982666,False,family-00308,0.0,0.5,-0.5,maximum,sum_mod_10,0,0.5131060481071472,10.000378608703613,22,0.7894088700413704,maximum__sum_mod_10,0.8700879216194153,0.051704250276088715,0.8183836713433266
0.13015756756067276,0.1612173318862915,False,family-00308,0.0,0.5,-0.5,maximum,sum_mod_10,1,0.4556591510772705,12.654694557189941,22,0.7894088700413704,maximum__sum_mod_10,0.18956273794174194,0.05940517038106918,0.13015756756067276
0.05617503076791763,0.43772029876708984,False,family-00308,0.0,0.5,-0.5,maximum,sum_mod_10,2,0.44471269845962524,20.652908325195312,22,0.7894088700413704,maximum__sum_mod_10,-0.04174882173538208,-0.09792385250329971,0.05617503076791763
0.11588630825281143,0.6543086767196655,False,family-00308,0.0,0.5,-0.5,maximum,sum_mod_10,3,0.4295940399169922,24.569067001342773,22,0.7894088700413704,maximum__sum_mod_10,0.11956584453582764,0.003679536283016205,0.11588630825281143
0.16847693175077438,-0.008846044540405273,False,family-00308,1.0,0.5,0.5,minimum,sum_mod_10,0,0.334255188703537,10.661701202392578,22,-0.051983918994665146,minimum__sum_mod_10,-0.11677268147468567,0.051704250276088715,-0.16847693175077438
0.3787464126944542,0.7308772802352905,False,family-00308,1.0,0.5,0.5,minimum,sum_mod_10,1,0.3460196256637573,12.767114639282227,22,-0.051983918994665146,minimum__sum_mod_10,-0.319341242313385,0.05940517038106918,-0.3787464126944542
0.12398702092468739,0.90684974193573,False,family-00308,1.0,0.5,0.5,minimum,sum_mod_10,2,0.3227287530899048,15.228859901428223,22,-0.051983918994665146,minimum__sum_mod_10,0.026063168421387672,-0.09792385250329971,0.12398702092468739
0.024142108857631683,0.29716742038726807,False,family-00308,1.0,0.5,0.5,minimum,sum_mod_10,3,0.41620439291000366,18.181724548339844,22,-0.051983918994665146,minimum__sum_mod_10,0.027821645140647888,0.003679536283016205,0.024142108857631683
0.024273693561553955,0.030876994132995605,True,family-00309,1.0,0.5,0.5,maximum,minimum,0,0.4747157394886017,9.30246353149414,22,-0.06827008724212646,maximum__minimum,0.0637560486793518,0.08802974224090576,-0.024273693561553955
0.2627761960029602,-0.34529125690460205,True,family-00309,1.0,0.5,0.5,maximum,minimum,1,0.042104240506887436,14.483190536499023,22,-0.06827008724212646,maximum__minimum,0.7681465148925781,0.5053703188896179,0.2627761960029602
0.47424614429473877,0.1697554588317871,True,family-00309,1.0,0.5,0.5,maximum,minimum,2,0.06971795111894608,21.7504940032959,22,-0.06827008724212646,maximum__minimum,0.3295692801475525,0.8038154244422913,-0.47424614429473877
0.01040339469909668,-1.2151055335998535,True,family-00309,1.0,0.5,0.5,maximum,minimum,3,0.1946285367012024,26.395339965820312,22,-0.06827008724212646,maximum__minimum,0.04853612184524536,0.05893951654434204,-0.01040339469909668
0.3037179112434387,-0.0604705810546875,False,family-00309,1.0,0.0,1.0,maximum,sum_mod_10,0,0.4233848750591278,11.212700843811035,22,0.6580314338207245,maximum__sum_mod_10,0.0637560486793518,-0.23996186256408691,0.3037179112434387
0.8396771848201752,-1.4068135023117065,False,family-00309,1.0,0.0,1.0,maximum,sum_mod_10,1,0.2823137044906616,13.49002742767334,22,0.6580314338207245,maximum__sum_mod_10,0.7681465148925781,-0.07153066992759705,0.8396771848201752
0.32336506247520447,0.22499608993530273,False,family-00309,1.0,0.0,1.0,maximum,sum_mod_10,2,0.43843984603881836,16.279279708862305,22,0.6580314338207245,maximum__sum_mod_10,0.3295692801475525,0.0062042176723480225,0.32336506247520447
0.06663528084754944,0.01719355583190918,False,family-00309,1.0,0.0,1.0,maximum,sum_mod_10,3,0.5451167821884155,19.548973083496094,22,0.6580314338207245,maximum__sum_mod_10,0.04853612184524536,0.1151714026927948,-0.06663528084754944
0.3279916048049927,-0.0913475751876831,False,family-00309,0.5,0.0,0.5,minimum,sum_mod_10,0,0.3269173204898834,11.709479331970215,22,0.726301521062851,minimum__sum_mod_10,0.08802974224090576,-0.23996186256408691,0.3279916048049927
0.576900988817215,-1.0615222454071045,False,family-00309,0.5,0.0,0.5,minimum,sum_mod_10,1,0.2046535313129425,13.704238891601562,22,0.726301521062851,minimum__sum_mod_10,0.5053703188896179,-0.07153066992759705,0.576900988817215
0.7976112067699432,0.055240631103515625,False,family-00309,0.5,0.0,0.5,minimum,sum_mod_10,2,0.15024617314338684,19.82668685913086,22,0.726301521062851,minimum__sum_mod_10,0.8038154244422913,0.0062042176723480225,0.7976112067699432
0.05623188614845276,1.2322990894317627,False,family-00309,0.5,0.0,0.5,minimum,sum_mod_10,3,0.31483978033065796,23.065011978149414,22,0.726301521062851,minimum__sum_mod_10,0.05893951654434204,0.1151714026927948,-0.05623188614845276
0.6395105123519897,-0.11296617984771729,True,family-00310,0.5,0.0,0.5,maximum,minimum,0,0.6348263621330261,9.917659759521484,22,0.019291460514068604,maximum__minimum,-0.0719572901725769,0.5675532221794128,-0.6395105123519897
0.2810775637626648,-0.09602105617523193,True,family-00310,0.5,0.0,0.5,maximum,minimum,1,0.3724711239337921,12.25210952758789,22,0.019291460514068604,maximum__minimum,0.3319249749183655,0.050847411155700684,0.2810775637626648
0.6310170292854309,0.3913363814353943,True,family-00310,0.5,0.0,0.5,maximum,minimum,2,0.6223710179328918,13.98869514465332,22,0.019291460514068604,maximum__minimum,0.019795119762420654,0.6508121490478516,-0.6310170292854309
0.17097222805023193,-0.1443464756011963,True,family-00310,0.5,0.0,0.5,maximum,minimum,3,0.5872867107391357,16.39835548400879,22,0.019291460514068604,maximum__minimum,0.2087002992630005,0.037728071212768555,0.17097222805023193
0.059101689606904984,-0.1273496150970459,False,family-00310,0.5,1.0,-0.5,maximum,sum_mod_10,0,0.4582705795764923,9.450167655944824,22,0.7262184582650661,maximum__sum_mod_10,-0.0719572901725769,-0.01285560056567192,-0.059101689606904984
0.2908359728753567,1.0471824407577515,False,family-00310,0.5,1.0,-0.5,maximum,sum_mod_10,1,0.23690146207809448,14.870832443237305,22,0.7262184582650661,maximum__sum_mod_10,0.3319249749183655,0.041089002043008804,0.2908359728753567
0.15994040668010712,0.7025728523731232,False,family-00310,0.5,1.0,-0.5,maximum,sum_mod_10,2,0.5430514812469482,17.18745994567871,22,0.7262184582650661,maximum__sum_mod_10,0.019795119762420654,-0.14014528691768646,0.15994040668010712
0.20001964271068573,0.22238671779632568,False,family-00310,0.5,1.0,-0.5,maximum,sum_mod_10,3,0.5429608225822449,20.088333129882812,22,0.7262184582650661,maximum__sum_mod_10,0.2087002992630005,0.008680656552314758,0.20001964271068573
0.5804088227450848,-0.014383435249328613,False,family-00310,0.0,1.0,-1.0,minimum,sum_mod_10,0,0.5081756711006165,11.115208625793457,22,0.7069269977509975,minimum__sum_mod_10,0.5675532221794128,-0.01285560056567192,0.5804088227450848
0.00975840911269188,1.1432034969329834,False,family-00310,0.0,1.0,-1.0,minimum,sum_mod_10,1,0.4543363153934479,13.93120002746582,22,0.7069269977509975,minimum__sum_mod_10,0.050847411155700684,0.041089002043008804,0.00975840911269188
0.790957435965538,0.3112364709377289,False,family-00310,0.0,1.0,-1.0,minimum,sum_mod_10,2,0.5609923005104065,17.434062957763672,22,0.7069269977509975,minimum__sum_mod_10,0.6508121490478516,-0.14014528691768646,0.790957435965538
0.029047414660453796,0.366733193397522,False,family-00310,0.0,1.0,-1.0,minimum,sum_mod_10,3,0.6057342290878296,18.965373992919922,22,0.7069269977509975,minimum__sum_mod_10,0.037728071212768555,0.008680656552314758,0.029047414660453796
0.4043186902999878,-0.6370542049407959,True,family-00311,0.0,1.0,-1.0,maximum,minimum,0,0.1852380782365799,12.244993209838867,22,-0.020481407642364502,maximum__minimum,0.6222913861274719,0.21797269582748413,0.4043186902999878
0.25296396017074585,-0.0320742130279541,True,family-00311,0.0,1.0,-1.0,maximum,minimum,1,-0.0021956823766231537,15.745922088623047,22,-0.020481407642364502,maximum__minimum,0.2920007109642029,0.03903675079345703,0.25296396017074585
0.03843724727630615,1.5855090618133545,True,family-00311,0.0,1.0,-1.0,maximum,minimum,2,-0.09914281964302063,22.256868362426758,22,-0.020481407642364502,maximum__minimum,0.5083494186401367,0.5467866659164429,-0.03843724727630615
0.026617348194122314,1.7343324422836304,True,family-00311,0.0,1.0,-1.0,maximum,minimum,3,0.055032406002283096,22.940580368041992,22,-0.020481407642364502,maximum__minimum,0.06275039911270142,0.0361330509185791,0.026617348194122314
0.6245362190529704,-0.5332282781600952,False,family-00311,0.0,0.5,-0.5,maximum,sum_mod_10,0,0.3674573004245758,11.260408401489258,22,0.8554676519706845,maximum__sum_mod_10,0.6222913861274719,-0.0022448329254984856,0.6245362190529704
0.2861213702708483,0.49529898166656494,False,family-00311,0.0,0.5,-0.5,maximum,sum_mod_10,1,0.2305305153131485,15.765388488769531,22,0.8554676519706845,maximum__sum_mod_10,0.2920007109642029,0.005879340693354607,0.2861213702708483
0.5320535972714424,1.680606335401535,False,family-00311,0.0,0.5,-0.5,maximum,sum_mod_10,2,0.34862393140792847,17.5477352142334,22,0.8554676519706845,maximum__sum_mod_10,0.5083494186401367,-0.023704178631305695,0.5320535972714424
0.05828693509101868,2.0658732652664185,False,family-00311,0.0,0.5,-0.5,maximum,sum_mod_10,3,0.4366607069969177,19.797292709350586,22,0.8554676519706845,maximum__sum_mod_10,0.06275039911270142,0.004463464021682739,0.05828693509101868
0.22021752875298262,0.10382592678070068,False,family-00311,1.0,0.5,0.5,minimum,sum_mod_10,0,0.4603904187679291,9.9856538772583,22,0.875949059613049,minimum__sum_mod_10,0.21797269582748413,-0.0022448329254984856,0.22021752875298262
0.033157410100102425,0.527373194694519,False,family-00311,1.0,0.5,0.5,minimum,sum_mod_10,1,0.1646130084991455,16.800722122192383,22,0.875949059613049,minimum__sum_mod_10,0.03903675079345703,0.005879340693354607,0.033157410100102425
0.5704908445477486,0.09509727358818054,False,family-00311,1.0,0.5,0.5,minimum,sum_mod_10,2,0.27964484691619873,20.41381072998047,22,0.875949059613049,minimum__sum_mod_10,0.5467866659164429,-0.023704178631305695,0.5704908445477486
0.03166958689689636,0.3315408229827881,False,family-00311,1.0,0.5,0.5,minimum,sum_mod_10,3,0.1996064931154251,24.808467864990234,22,0.875949059613049,minimum__sum_mod_10,0.0361330509185791,0.004463464021682739,0.03166958689689636
0.31721240282058716,0.1356431245803833,True,family-00312,1.0,0.5,0.5,maximum,minimum,0,0.4382055997848511,9.968883514404297,22,-0.5236032754182816,maximum__minimum,0.04961743950843811,0.36682984232902527,-0.31721240282058716
0.5330346077680588,-0.0078660249710083,True,family-00312,1.0,0.5,0.5,maximum,minimum,1,0.19634146988391876,12.797929763793945,22,-0.5236032754182816,maximum__minimum,-0.08059711754322052,0.45243749022483826,-0.5330346077680588
0.32720668613910675,0.07594120502471924,True,family-00312,1.0,0.5,0.5,maximum,minimum,2,0.32563868165016174,14.307258605957031,22,-0.5236032754182816,maximum__minimum,0.21335984766483307,-0.11384683847427368,0.32720668613910675
0.006075814366340637,-0.11968684196472168,True,family-00312,1.0,0.5,0.5,maximum,minimum,3,0.40852752327919006,17.05490493774414,22,-0.5236032754182816,maximum__minimum,0.15808002650737762,0.16415584087371826,-0.006075814366340637
0.06537925079464912,0.08461189270019531,False,family-00312,1.0,0.0,1.0,maximum,sum_mod_10,0,0.3411009609699249,10.952190399169922,22,0.2055545374751091,maximum__sum_mod_10,0.04961743950843811,-0.015761811286211014,0.06537925079464912
0.08177780732512474,-0.1982637643814087,False,family-00312,1.0,0.0,1.0,maximum,sum_mod_10,1,0.12568628787994385,13.920879364013672,22,0.2055545374751091,maximum__sum_mod_10,-0.08059711754322052,0.0011806897819042206,-0.08177780732512474
0.25420526415109634,0.3707998991012573,False,family-00312,1.0,0.0,1.0,maximum,sum_mod_10,2,0.15722937881946564,16.812755584716797,22,0.2055545374751091,maximum__sum_mod_10,0.21335984766483307,-0.040845416486263275,0.25420526415109634
0.1749732941389084,0.5693858861923218,False,family-00312,1.0,0.0,1.0,maximum,sum_mod_10,3,0.21663418412208557,20.12665367126465,22,0.2055545374751091,maximum__sum_mod_10,0.15808002650737762,-0.01689326763153076,0.1749732941389084
0.3825916536152363,-0.05103123188018799,False,family-00312,0.5,0.0,0.5,minimum,sum_mod_10,0,0.4465973377227783,9.858597755432129,22,0.7291578128933907,minimum__sum_mod_10,0.36682984232902527,-0.015761811286211014,0.3825916536152363
0.45125680044293404,-0.1903977394104004,False,family-00312,0.5,0.0,0.5,minimum,sum_mod_10,1,0.5134876370429993,10.97988224029541,22,0.7291578128933907,minimum__sum_mod_10,0.45243749022483826,0.0011806897819042206,0.45125680044293404
0.0730014219880104,0.2948586940765381,False,family-00312,0.5,0.0,0.5,minimum,sum_mod_10,2,0.42340606451034546,13.858920097351074,22,0.7291578128933907,minimum__sum_mod_10,-0.11384683847427368,-0.040845416486263275,-0.0730014219880104
0.18104910850524902,0.6890727281570435,False,family-00312,0.5,0.0,0.5,minimum,sum_mod_10,3,0.5288344621658325,15.757546424865723,22,0.7291578128933907,minimum__sum_mod_10,0.16415584087371826,-0.01689326763153076,0.18104910850524902
0.18466788530349731,0.20389151573181152,True,family-00313,0.5,0.0,0.5,maximum,minimum,0,0.39198368787765503,9.988346099853516,22,0.27204740047454834,maximum__minimum,0.0757949948310852,0.2604628801345825,-0.18466788530349731
0.6210890710353851,-0.7972390651702881,True,family-00313,0.5,0.0,0.5,maximum,minimum,1,0.15657077729701996,11.726298332214355,22,0.27204740047454834,maximum__minimum,0.6232268214225769,0.0021377503871917725,0.6210890710353851
0.6570322811603546,-0.5071120262145996,True,family-00313,0.5,0.0,0.5,maximum,minimum,2,0.07369212806224823,17.214223861694336,22,0.27204740047454834,maximum__minimum,0.6273355484008789,-0.029696732759475708,0.6570322811603546
0.015249460935592651,1.2600088119506836,True,family-00313,0.5,0.0,0.5,maximum,minimum,3,0.23232604563236237,18.43818473815918,22,0.27204740047454834,maximum__minimum,0.2097787857055664,0.19452932476997375,0.015249460935592651
0.18251276016235352,0.5910626649856567,False,family-00313,0.5,1.0,-0.5,maximum,sum_mod_10,0,0.4820201098918915,9.914607048034668,22,0.5490271002054214,maximum__sum_mod_10,0.0757949948310852,-0.10671776533126831,0.18251276016235352
0.5732852481305599,0.0022618770599365234,False,family-00313,0.5,1.0,-0.5,maximum,sum_mod_10,1,0.36366191506385803,12.234795570373535,22,0.5490271002054214,maximum__sum_mod_10,0.6232268214225769,0.04994157329201698,0.5732852481305599
0.742523729801178,0.31720876693725586,False,family-00313,0.5,1.0,-0.5,maximum,sum_mod_10,2,0.5821704864501953,13.900415420532227,22,0.5490271002054214,maximum__sum_mod_10,0.6273355484008789,-0.11518818140029907,0.742523729801178
0.19313012808561325,1.1575531959533691,False,family-00313,0.5,1.0,-0.5,maximum,sum_mod_10,3,0.7060369253158569,14.937023162841797,22,0.5490271002054214,maximum__sum_mod_10,0.2097787857055664,0.016648657619953156,0.19313012808561325
0.36718064546585083,0.3871711492538452,False,family-00313,0.0,1.0,-1.0,minimum,sum_mod_10,0,0.4380272626876831,10.735047340393066,22,0.2769796997308731,minimum__sum_mod_10,0.2604628801345825,-0.10671776533126831,0.36718064546585083
0.04780382290482521,0.7995009422302246,False,family-00313,0.0,1.0,-1.0,minimum,sum_mod_10,1,0.33111000061035156,12.699148178100586,22,0.2769796997308731,minimum__sum_mod_10,0.0021377503871917725,0.04994157329201698,-0.04780382290482521
0.08549144864082336,0.8243207931518555,False,family-00313,0.0,1.0,-1.0,minimum,sum_mod_10,2,0.3526310622692108,16.50406265258789,22,0.2769796997308731,minimum__sum_mod_10,-0.029696732759475708,-0.11518818140029907,0.08549144864082336
0.1778806671500206,-0.10245561599731445,False,family-00313,0.0,1.0,-1.0,minimum,sum_mod_10,3,0.498935341835022,18.833728790283203,22,0.2769796997308731,minimum__sum_mod_10,0.19452932476997375,0.016648657619953156,0.1778806671500206
0.5464526414871216,0.6382076740264893,True,family-00314,0.0,1.0,-1.0,maximum,minimum,0,-0.1789504885673523,15.59420394897461,22,0.1455007791519165,maximum__minimum,0.8946122527122498,0.3481596112251282,0.5464526414871216
0.0712553858757019,-0.5423593521118164,True,family-00314,0.0,1.0,-1.0,maximum,minimum,1,-0.280691921710968,18.621553421020508,22,0.1455007791519165,maximum__minimum,0.0812915563583374,0.010036170482635498,0.0712553858757019
0.08762562274932861,-0.5178195238113403,True,family-00314,0.0,1.0,-1.0,maximum,minimum,2,-0.14100870490074158,26.414413452148438,22,0.1455007791519165,maximum__minimum,0.02752012014389038,0.115145742893219,-0.08762562274932861
0.15767130255699158,0.47424113750457764,True,family-00314,0.0,1.0,-1.0,maximum,minimum,3,0.14523924887180328,28.795473098754883,22,0.1455007791519165,maximum__minimum,0.16226941347122192,0.3199407160282135,-0.15767130255699158
0.8858148902654648,-0.26950836181640625,False,family-00314,0.0,0.5,-0.5,maximum,sum_mod_10,0,0.15856599807739258,13.125511169433594,22,0.7904769256711006,maximum__sum_mod_10,0.8946122527122498,0.008797362446784973,0.8858148902654648
0.0036540478467941284,0.18196845054626465,False,family-00314,0.0,0.5,-0.5,maximum,sum_mod_10,1,-0.08118464797735214,17.150371551513672,22,0.7904769256711006,maximum__sum_mod_10,0.0812915563583374,0.07763750851154327,0.0036540478467941284
0.02001047134399414,-0.2095712423324585,False,family-00314,0.0,0.5,-0.5,maximum,sum_mod_10,2,-0.10693596303462982,25.33078956604004,22,0.7904769256711006,maximum__sum_mod_10,0.02752012014389038,0.00750964879989624,0.02001047134399414
0.16756484657526016,0.2749868631362915,False,family-00314,0.0,0.5,-0.5,maximum,sum_mod_10,3,0.027663037180900574,29.78646469116211,22,0.7904769256711006,maximum__sum_mod_10,0.16226941347122192,-0.0052954331040382385,0.16756484657526016
0.3393622487783432,-0.9077160358428955,False,family-00314,1.0,0.5,0.5,minimum,sum_mod_10,0,0.3342544436454773,10.702892303466797,22,0.6449761465191841,minimum__sum_mod_10,0.3481596112251282,0.008797362446784973,0.3393622487783432
0.06760133802890778,0.724327802658081,False,family-00314,1.0,0.5,0.5,minimum,sum_mod_10,1,0.44160938262939453,11.119779586791992,22,0.6449761465191841,minimum__sum_mod_10,0.010036170482635498,0.07763750851154327,-0.06760133802890778
0.10763609409332275,0.30824828147888184,False,family-00314,1.0,0.5,0.5,minimum,sum_mod_10,2,0.5297273397445679,12.521078109741211,22,0.6449761465191841,minimum__sum_mod_10,0.115145742893219,0.00750964879989624,0.10763609409332275
0.32523614913225174,-0.19925427436828613,False,family-00314,1.0,0.5,0.5,minimum,sum_mod_10,3,0.6451325416564941,14.739472389221191,22,0.6449761465191841,minimum__sum_mod_10,0.3199407160282135,-0.0052954331040382385,0.32523614913225174
0.6004975438117981,0.8054893016815186,True,family-00315,1.0,0.5,0.5,maximum,minimum,0,0.439793199300766,9.608267784118652,22,0.20616883039474487,maximum__minimum,0.05030381679534912,0.6508013606071472,-0.6004975438117981
0.34224599599838257,-0.2802191972732544,True,family-00315,1.0,0.5,0.5,maximum,minimum,1,0.08586455136537552,12.074177742004395,22,0.20616883039474487,maximum__minimum,0.1680791974067688,0.5103251934051514,-0.34224599599838257
0.38423165678977966,-0.43385446071624756,True,family-00315,1.0,0.5,0.5,maximum,minimum,2,-0.07062596082687378,18.455333709716797,22,0.20616883039474487,maximum__minimum,-0.0014969110488891602,0.3827347457408905,-0.38423165678977966
0.10379362106323242,0.07931303977966309,True,family-00315,1.0,0.5,0.5,maximum,minimum,3,-0.017401177436113358,22.08973503112793,22,0.20616883039474487,maximum__minimum,0.2124519944190979,0.10865837335586548,0.10379362106323242
0.11434684693813324,0.2511579990386963,False,family-00315,1.0,0.0,1.0,maximum,sum_mod_10,0,0.25383248925209045,10.738885879516602,22,0.6979342699050903,maximum__sum_mod_10,0.05030381679534912,0.16465066373348236,-0.11434684693813324
0.10543686151504517,-1.2718168497085571,False,family-00315,1.0,0.0,1.0,maximum,sum_mod_10,1,0.20708908140659332,12.015900611877441,22,0.6979342699050903,maximum__sum_mod_10,0.1680791974067688,0.06264233589172363,0.10543686151504517
0.0013743937015533447,-0.10512924194335938,False,family-00315,1.0,0.0,1.0,maximum,sum_mod_10,2,0.385498583316803,15.622931480407715,22,0.6979342699050903,maximum__sum_mod_10,-0.0014969110488891602,-0.00012251734733581543,-0.0013743937015533447
0.4999541640281677,-0.48729467391967773,False,family-00315,1.0,0.0,1.0,maximum,sum_mod_10,3,0.3850259482860565,20.14320945739746,22,0.6979342699050903,maximum__sum_mod_10,0.2124519944190979,-0.2875021696090698,0.4999541640281677
0.48615069687366486,-0.5543313026428223,False,family-00315,0.5,0.0,0.5,minimum,sum_mod_10,0,0.30173367261886597,11.22253704071045,22,0.49176543951034546,minimum__sum_mod_10,0.6508013606071472,0.16465066373348236,0.48615069687366486
0.44768285751342773,-0.9915976524353027,False,family-00315,0.5,0.0,0.5,minimum,sum_mod_10,1,0.30608800053596497,11.536527633666992,22,0.49176543951034546,minimum__sum_mod_10,0.5103251934051514,0.06264233589172363,0.44768285751342773
0.3828572630882263,0.3287252187728882,False,family-00315,0.5,0.0,0.5,minimum,sum_mod_10,2,0.21176959574222565,14.903434753417969,22,0.49176543951034546,minimum__sum_mod_10,0.3827347457408905,-0.00012251734733581543,0.3828572630882263
0.3961605429649353,-0.5666077136993408,False,family-00315,0.5,0.0,0.5,minimum,sum_mod_10,3,0.22639137506484985,19.375425338745117,22,0.49176543951034546,minimum__sum_mod_10,0.10865837335586548,-0.2875021696090698,0.3961605429649353
0.5013008043169975,-0.09330713748931885,True,family-00316,0.5,0.0,0.5,maximum,minimum,0,0.48730236291885376,11.976709365844727,22,-0.6295180693268776,maximum__minimum,-0.11311685293912888,0.38818395137786865,-0.5013008043169975
0.050128061324357986,-0.44059038162231445,True,family-00316,0.5,0.0,0.5,maximum,minimum,1,0.24580524861812592,16.676645278930664,22,-0.6295180693268776,maximum__minimum,0.01567278429865837,0.06580084562301636,-0.050128061324357986
0.03758213669061661,0.1306774616241455,True,family-00316,0.5,0.0,0.5,maximum,minimum,2,0.40282437205314636,16.719215393066406,22,-0.6295180693268776,maximum__minimum,0.03557839244604111,0.07316052913665771,-0.03758213669061661
0.4966178759932518,0.098876953125,True,family-00316,0.5,0.0,0.5,maximum,minimum,3,0.5197799801826477,16.196622848510742,22,-0.6295180693268776,maximum__minimum,0.0041600242257118225,0.5007779002189636,-0.4966178759932518
0.10524962097406387,-0.35432422161102295,False,family-00316,0.5,1.0,-0.5,maximum,sum_mod_10,0,0.1501530110836029,14.552459716796875,22,0.04910937324166298,maximum__sum_mod_10,-0.11311685293912888,-0.007867231965065002,-0.10524962097406387
0.016377437859773636,-0.05890965461730957,False,family-00316,0.5,1.0,-0.5,maximum,sum_mod_10,1,0.21032316982746124,14.384987831115723,22,0.04910937324166298,maximum__sum_mod_10,0.01567278429865837,-0.0007046535611152649,0.016377437859773636
0.04305689036846161,0.6501762866973877,False,family-00316,0.5,1.0,-0.5,maximum,sum_mod_10,2,0.26666417717933655,17.933208465576172,22,0.04910937324166298,maximum__sum_mod_10,0.03557839244604111,-0.007478497922420502,0.04305689036846161
0.0016971826553344727,0.712139368057251,False,family-00316,0.5,1.0,-0.5,maximum,sum_mod_10,3,0.3442094027996063,20.094133377075195,22,0.04910937324166298,maximum__sum_mod_10,0.0041600242257118225,0.005857206881046295,-0.0016971826553344727
0.39605118334293365,-0.2610170841217041,False,family-00316,0.0,1.0,-1.0,minimum,sum_mod_10,0,0.22811785340309143,14.23914909362793,22,0.6786274425685406,minimum__sum_mod_10,0.38818395137786865,-0.007867231965065002,0.39605118334293365
0.06650549918413162,0.3816807270050049,False,family-00316,0.0,1.0,-1.0,minimum,sum_mod_10,1,0.07330416142940521,18.728389739990234,22,0.6786274425685406,minimum__sum_mod_10,0.06580084562301636,-0.0007046535611152649,0.06650549918413162
0.08063902705907822,0.5194988250732422,False,family-00316,0.0,1.0,-1.0,minimum,sum_mod_10,2,0.13512443006038666,21.652442932128906,22,0.6786274425685406,minimum__sum_mod_10,0.07316052913665771,-0.007478497922420502,0.08063902705907822
0.49492069333791733,0.613262414932251,False,family-00316,0.0,1.0,-1.0,minimum,sum_mod_10,3,0.22485096752643585,23.030412673950195,22,0.6786274425685406,minimum__sum_mod_10,0.5007779002189636,0.005857206881046295,0.49492069333791733
0.5899355411529541,0.0077168941497802734,True,family-00317,0.0,1.0,-1.0,maximum,minimum,0,0.009695114567875862,12.978910446166992,22,0.12184298038482666,maximum__minimum,0.04893076419830322,0.6388663053512573,-0.5899355411529541
0.14295494556427002,0.09233641624450684,True,family-00317,0.0,1.0,-1.0,maximum,minimum,1,-0.28246039152145386,18.052688598632812,22,0.12184298038482666,maximum__minimum,0.06391388177871704,0.20686882734298706,-0.14295494556427002
0.4423375725746155,0.027490735054016113,True,family-00317,0.0,1.0,-1.0,maximum,minimum,2,-0.14817966520786285,24.51415252685547,22,0.12184298038482666,maximum__minimum,0.8691233396530151,0.42678576707839966,0.4423375725746155
0.2726513147354126,1.0949532985687256,True,family-00317,0.0,1.0,-1.0,maximum,minimum,3,-0.11778073757886887,27.644588470458984,22,0.12184298038482666,maximum__minimum,0.017818331718444824,0.2904696464538574,-0.2726513147354126
0.0775742195546627,-0.7531552314758301,False,family-00317,0.0,0.5,-0.5,maximum,sum_mod_10,0,0.23809203505516052,11.948165893554688,22,0.8957066982984543,maximum__sum_mod_10,0.04893076419830322,-0.028643455356359482,0.0775742195546627
0.06500708311796188,0.37326157093048096,False,family-00317,0.0,0.5,-0.5,maximum,sum_mod_10,1,0.15790824592113495,14.473104476928711,22,0.8957066982984543,maximum__sum_mod_10,0.06391388177871704,-0.0010932013392448425,0.06500708311796188
0.896503146737814,0.32196903228759766,False,family-00317,0.0,0.5,-0.5,maximum,sum_mod_10,2,0.3386459946632385,19.309104919433594,22,0.8957066982984543,maximum__sum_mod_10,0.8691233396530151,-0.027379807084798813,0.896503146737814
0.03902222216129303,1.760414958000183,False,family-00317,0.0,0.5,-0.5,maximum,sum_mod_10,3,0.3279345631599426,23.044769287109375,22,0.8957066982984543,maximum__sum_mod_10,0.017818331718444824,-0.021203890442848206,0.03902222216129303
0.6675097607076168,-0.7608721256256104,False,family-00317,1.0,0.5,0.5,minimum,sum_mod_10,0,0.4011624753475189,9.91252326965332,22,0.7738637179136276,minimum__sum_mod_10,0.6388663053512573,-0.028643455356359482,0.6675097607076168
0.2079620286822319,0.2809251546859741,False,family-00317,1.0,0.5,0.5,minimum,sum_mod_10,1,0.5284661650657654,11.659963607788086,22,0.7738637179136276,minimum__sum_mod_10,0.20686882734298706,-0.0010932013392448425,0.2079620286822319
0.45416557416319847,0.29447829723358154,False,family-00317,1.0,0.5,0.5,minimum,sum_mod_10,2,0.493808776140213,13.321710586547852,22,0.7738637179136276,minimum__sum_mod_10,0.42678576707839966,-0.027379807084798813,0.45416557416319847
0.3116735368967056,0.6654616594314575,False,family-00317,1.0,0.5,0.5,minimum,sum_mod_10,3,0.5567397475242615,15.143174171447754,22,0.7738637179136276,minimum__sum_mod_10,0.2904696464538574,-0.021203890442848206,0.3116735368967056
0.5362697839736938,-0.1686457395553589,True,family-00318,1.0,0.5,0.5,maximum,minimum,0,0.5129945874214172,9.375948905944824,22,-0.01250147819519043,maximum__minimum,0.16728848218917847,0.7035582661628723,-0.5362697839736938
0.6162485480308533,-0.7142215967178345,True,family-00318,1.0,0.5,0.5,maximum,minimum,1,0.12156933546066284,13.855003356933594,22,-0.01250147819519043,maximum__minimum,0.772047758102417,0.15579921007156372,0.6162485480308533
0.1838931441307068,-0.9247515201568604,True,family-00318,1.0,0.5,0.5,maximum,minimum,2,0.052356280386447906,23.333410263061523,22,-0.01250147819519043,maximum__minimum,-0.06586641073226929,0.1180267333984375,-0.1838931441307068
0.10026872158050537,0.3901388645172119,True,family-00318,1.0,0.5,0.5,maximum,minimum,3,0.14641791582107544,26.027345657348633,22,-0.01250147819519043,maximum__minimum,0.17834973335266113,0.07808101177215576,0.10026872158050537
0.07919511198997498,-0.2999454736709595,False,family-00318,1.0,0.0,1.0,maximum,sum_mod_10,0,0.4248577952384949,10.198263168334961,22,0.4849201738834381,maximum__sum_mod_10,0.16728848218917847,0.24648359417915344,-0.07919511198997498
0.5833176225423813,-1.0896497964859009,False,family-00318,1.0,0.0,1.0,maximum,sum_mod_10,1,0.19259095191955566,12.887594223022461,22,0.4849201738834381,maximum__sum_mod_10,0.772047758102417,0.1887301355600357,0.5833176225423813
0.32997578382492065,0.19985473155975342,False,family-00318,1.0,0.0,1.0,maximum,sum_mod_10,2,0.11056504398584366,23.353221893310547,22,0.4849201738834381,maximum__sum_mod_10,-0.06586641073226929,0.26410937309265137,-0.32997578382492065
0.23316025733947754,1.0852195024490356,False,family-00318,1.0,0.0,1.0,maximum,sum_mod_10,3,0.10938309878110886,27.60894203186035,22,0.4849201738834381,maximum__sum_mod_10,0.17834973335266113,-0.054810523986816406,0.23316025733947754
0.45707467198371887,-0.13129973411560059,False,family-00318,0.5,0.0,0.5,minimum,sum_mod_10,0,0.3410851061344147,10.841324806213379,22,0.49742165207862854,minimum__sum_mod_10,0.7035582661628723,0.24648359417915344,0.45707467198371887
0.032930925488471985,-0.3754281997680664,False,family-00318,0.5,0.0,0.5,minimum,sum_mod_10,1,0.4156722128391266,11.500003814697266,22,0.49742165207862854,minimum__sum_mod_10,0.15579921007156372,0.1887301355600357,-0.032930925488471985
0.14608263969421387,1.1246062517166138,False,family-00318,0.5,0.0,0.5,minimum,sum_mod_10,2,0.3068857491016388,15.897995948791504,22,0.49742165207862854,minimum__sum_mod_10,0.1180267333984375,0.26410937309265137,-0.14608263969421387
0.13289153575897217,0.6950806379318237,False,family-00318,0.5,0.0,0.5,minimum,sum_mod_10,3,0.41655102372169495,17.36294174194336,22,0.49742165207862854,minimum__sum_mod_10,0.07808101177215576,-0.054810523986816406,0.13289153575897217
0.015666861087083817,0.2556285858154297,True,family-00319,0.5,0.0,0.5,maximum,minimum,0,0.2924818992614746,12.149949073791504,22,0.6658793203532696,maximum__minimum,0.052634596824645996,0.03696773573756218,0.015666861087083817
0.1320660300552845,-0.562525749206543,True,family-00319,0.5,0.0,0.5,maximum,minimum,1,0.27287307381629944,11.930368423461914,22,0.6658793203532696,maximum__minimum,0.15093666315078735,0.018870633095502853,0.1320660300552845
0.43890923261642456,0.6273223161697388,True,family-00319,0.5,0.0,0.5,maximum,minimum,2,0.51315838098526,12.737143516540527,22,0.6658793203532696,maximum__minimum,0.34467995166778564,-0.09422928094863892,0.43890923261642456
0.0650661326944828,0.5122913122177124,True,family-00319,0.5,0.0,0.5,maximum,minimum,3,0.5230588316917419,14.955703735351562,22,0.6658793203532696,maximum__minimum,0.028389155864715576,-0.03667697682976723,0.0650661326944828
0.05131086893379688,0.44699013233184814,False,family-00319,0.5,1.0,-0.5,maximum,sum_mod_10,0,0.38906997442245483,10.498896598815918,22,0.6901997532695532,maximum__sum_mod_10,0.052634596824645996,0.0013237278908491135,0.05131086893379688
0.1500389613211155,-0.3050856590270996,False,family-00319,0.5,1.0,-0.5,maximum,sum_mod_10,1,0.30740880966186523,12.422704696655273,22,0.6901997532695532,maximum__sum_mod_10,0.15093666315078735,0.0008977018296718597,0.1500389613211155
0.34217946976423264,0.37653958797454834,False,family-00319,0.5,1.0,-0.5,maximum,sum_mod_10,2,0.5659680962562561,13.712589263916016,22,0.6901997532695532,maximum__sum_mod_10,0.34467995166778564,0.002500481903553009,0.34217946976423264
0.08983395248651505,0.6779673099517822,False,family-00319,0.5,1.0,-0.5,maximum,sum_mod_10,3,0.5943776369094849,15.349432945251465,22,0.6901997532695532,maximum__sum_mod_10,0.028389155864715576,-0.06144479662179947,0.08983395248651505
0.035644007846713066,0.19136154651641846,False,family-00319,0.0,1.0,-1.0,minimum,sum_mod_10,0,0.28772586584091187,12.308683395385742,22,0.024320432916283607,minimum__sum_mod_10,0.03696773573756218,0.0013237278908491135,0.035644007846713066
0.017972931265830994,0.25744009017944336,False,family-00319,0.0,1.0,-1.0,minimum,sum_mod_10,1,0.13522326946258545,14.090041160583496,22,0.024320432916283607,minimum__sum_mod_10,0.018870633095502853,0.0008977018296718597,0.017972931265830994
0.09672976285219193,-0.25078272819519043,False,family-00319,0.0,1.0,-1.0,minimum,sum_mod_10,2,0.3488449454307556,15.39834976196289,22,0.024320432916283607,minimum__sum_mod_10,-0.09422928094863892,0.002500481903553009,-0.09672976285219193
0.024767819792032242,0.16567599773406982,False,family-00319,0.0,1.0,-1.0,minimum,sum_mod_10,3,0.4077465236186981,17.561859130859375,22,0.024320432916283607,minimum__sum_mod_10,-0.03667697682976723,-0.06144479662179947,0.024767819792032242
0.6413050293922424,0.570710301399231,True,family-00320,0.0,1.0,-1.0,maximum,minimum,0,0.23766978085041046,13.191197395324707,22,0.10311949253082275,maximum__minimum,0.877170741558075,0.23586571216583252,0.6413050293922424
0.07424360513687134,0.24077939987182617,True,family-00320,0.0,1.0,-1.0,maximum,minimum,1,-0.05486296862363815,16.2595157623291,22,0.10311949253082275,maximum__minimum,0.023025095462799072,0.09726870059967041,-0.07424360513687134
0.7480620741844177,0.4893132448196411,True,family-00320,0.0,1.0,-1.0,maximum,minimum,2,0.11816027760505676,24.24966812133789,22,0.10311949253082275,maximum__minimum,0.020610451698303223,0.768672525882721,-0.7480620741844177
0.03776460886001587,-0.2207791805267334,True,family-00320,0.0,1.0,-1.0,maximum,minimum,3,0.21124149858951569,27.16042137145996,22,0.10311949253082275,maximum__minimum,0.06288564205169678,0.025121033191680908,0.03776460886001587
0.8693555183708668,0.3959672451019287,False,family-00320,0.0,0.5,-0.5,maximum,sum_mod_10,0,0.21154701709747314,12.599325180053711,22,0.8788588643074036,maximum__sum_mod_10,0.877170741558075,0.007815223187208176,0.8693555183708668
0.010376017540693283,1.050275206565857,False,family-00320,0.0,0.5,-0.5,maximum,sum_mod_10,1,0.13012510538101196,15.874004364013672,22,0.8788588643074036,maximum__sum_mod_10,0.023025095462799072,0.01264907792210579,0.010376017540693283
0.13387425243854523,0.24974870681762695,False,family-00320,0.0,0.5,-0.5,maximum,sum_mod_10,2,0.3303059935569763,21.46863555908203,22,0.8788588643074036,maximum__sum_mod_10,0.020610451698303223,-0.113263800740242,0.13387425243854523
0.06884784996509552,0.4908015727996826,False,family-00320,0.0,0.5,-0.5,maximum,sum_mod_10,3,0.40450429916381836,24.50384521484375,22,0.8788588643074036,maximum__sum_mod_10,0.06288564205169678,-0.005962207913398743,0.06884784996509552
0.22805048897862434,-0.17474305629730225,False,family-00320,1.0,0.5,0.5,minimum,sum_mod_10,0,0.46481478214263916,9.678735733032227,22,0.7757393717765808,minimum__sum_mod_10,0.23586571216583252,0.007815223187208176,0.22805048897862434
0.08461962267756462,0.8094958066940308,False,family-00320,1.0,0.5,0.5,minimum,sum_mod_10,1,0.5075808763504028,11.872580528259277,22,0.7757393717765808,minimum__sum_mod_10,0.09726870059967041,0.01264907792210579,0.08461962267756462
0.881936326622963,-0.23956453800201416,False,family-00320,1.0,0.5,0.5,minimum,sum_mod_10,2,0.7562484741210938,12.301766395568848,22,0.7757393717765808,minimum__sum_mod_10,0.768672525882721,-0.113263800740242,0.881936326622963
0.03108324110507965,0.711580753326416,False,family-00320,1.0,0.5,0.5,minimum,sum_mod_10,3,0.8244073987007141,13.083480834960938,22,0.7757393717765808,minimum__sum_mod_10,0.025121033191680908,-0.005962207913398743,0.03108324110507965
0.10036611557006836,0.19079291820526123,True,family-00321,1.0,0.5,0.5,maximum,minimum,0,0.5193994641304016,9.94286060333252,22,0.23693543672561646,maximum__minimum,0.07638847827911377,0.17675459384918213,-0.10036611557006836
0.4737909436225891,-0.27214789390563965,True,family-00321,1.0,0.5,0.5,maximum,minimum,1,0.15309551358222961,13.442367553710938,22,0.23693543672561646,maximum__minimum,0.1738622784614563,0.6476532220840454,-0.4737909436225891
0.6665264368057251,-0.08272933959960938,True,family-00321,1.0,0.5,0.5,maximum,minimum,2,0.16310667991638184,21.25716209411621,22,0.23693543672561646,maximum__minimum,0.02128303050994873,0.6878094673156738,-0.6665264368057251
0.10408467054367065,-0.45958244800567627,True,family-00321,1.0,0.5,0.5,maximum,minimum,3,0.3011338412761688,24.5168399810791,22,0.23693543672561646,maximum__minimum,0.02973341941833496,-0.0743512511253357,0.10408467054367065
0.07783542573451996,-0.37796473503112793,False,family-00321,1.0,0.0,1.0,maximum,sum_mod_10,0,0.5242236256599426,10.133219718933105,22,0.8394012972712517,maximum__sum_mod_10,0.07638847827911377,-0.001446947455406189,0.07783542573451996
0.1587883085012436,-1.3976798057556152,False,family-00321,1.0,0.0,1.0,maximum,sum_mod_10,1,0.2572629153728485,13.361767768859863,22,0.8394012972712517,maximum__sum_mod_10,0.1738622784614563,0.015073969960212708,0.1587883085012436
0.17201849818229675,0.23413372039794922,False,family-00321,1.0,0.0,1.0,maximum,sum_mod_10,2,0.38035351037979126,18.643291473388672,22,0.8394012972712517,maximum__sum_mod_10,0.02128303050994873,-0.15073546767234802,0.17201849818229675
0.037811100482940674,-0.2324758768081665,False,family-00321,1.0,0.0,1.0,maximum,sum_mod_10,3,0.4043061435222626,22.533002853393555,22,0.8394012972712517,maximum__sum_mod_10,0.02973341941833496,0.06754451990127563,-0.037811100482940674
0.17820154130458832,-0.5687576532363892,False,family-00321,0.5,0.0,0.5,minimum,sum_mod_10,0,0.4126524031162262,11.756505012512207,22,0.6024658605456352,minimum__sum_mod_10,0.17675459384918213,-0.001446947455406189,0.17820154130458832
0.6325792521238327,-1.1255319118499756,False,family-00321,0.5,0.0,0.5,minimum,sum_mod_10,1,0.34022757411003113,12.225111961364746,22,0.6024658605456352,minimum__sum_mod_10,0.6476532220840454,0.015073969960212708,0.6325792521238327
0.8385449349880219,0.3168630599975586,False,family-00321,0.5,0.0,0.5,minimum,sum_mod_10,2,0.1867922693490982,18.706462860107422,22,0.6024658605456352,minimum__sum_mod_10,0.6878094673156738,-0.15073546767234802,0.8385449349880219
0.14189577102661133,0.22710657119750977,False,family-00321,0.5,0.0,0.5,minimum,sum_mod_10,3,0.38342663645744324,21.2109432220459,22,0.6024658605456352,minimum__sum_mod_10,-0.0743512511253357,0.06754451990127563,-0.14189577102661133
0.07799482345581055,0.6695616245269775,True,family-00322,0.5,0.0,0.5,maximum,minimum,0,0.26779472827911377,10.511821746826172,22,0.9132874868810177,maximum__minimum,0.072165846824646,-0.005828976631164551,0.07799482345581055
0.17868774756789207,-0.38249361515045166,True,family-00322,0.5,0.0,0.5,maximum,minimum,1,-0.034714121371507645,14.632938385009766,22,0.9132874868810177,maximum__minimum,0.18560534715652466,0.006917599588632584,0.17868774756789207
0.10710757598280907,0.10415267944335938,True,family-00322,0.5,0.0,0.5,maximum,minimum,2,0.1603514552116394,17.400781631469727,22,0.9132874868810177,maximum__minimum,0.0523720383644104,-0.054735537618398666,0.10710757598280907
0.08412296697497368,0.805108368396759,True,family-00322,0.5,0.0,0.5,maximum,minimum,3,0.3816334009170532,21.489587783813477,22,0.9132874868810177,maximum__minimum,0.036442339420318604,-0.047680627554655075,0.08412296697497368
0.15608924627304077,0.5321768522262573,False,family-00322,0.5,1.0,-0.5,maximum,sum_mod_10,0,0.2753904461860657,9.691991806030273,22,0.927694421261549,maximum__sum_mod_10,0.072165846824646,-0.08392339944839478,0.15608924627304077
0.19766969978809357,0.4435027837753296,False,family-00322,0.5,1.0,-0.5,maximum,sum_mod_10,1,0.18790355324745178,14.659767150878906,22,0.927694421261549,maximum__sum_mod_10,0.18560534715652466,-0.012064352631568909,0.19766969978809357
0.04057094641029835,0.3681222200393677,False,family-00322,0.5,1.0,-0.5,maximum,sum_mod_10,2,0.5434560775756836,15.271214485168457,22,0.927694421261549,maximum__sum_mod_10,0.0523720383644104,0.011801091954112053,0.04057094641029835
0.06524156779050827,0.5533863306045532,False,family-00322,0.5,1.0,-0.5,maximum,sum_mod_10,3,0.6501628756523132,17.530393600463867,22,0.927694421261549,maximum__sum_mod_10,0.036442339420318604,-0.028799228370189667,0.06524156779050827
0.07809442281723022,-0.13738477230072021,False,family-00322,0.0,1.0,-1.0,minimum,sum_mod_10,0,0.49521303176879883,8.808853149414062,22,0.014406934380531311,minimum__sum_mod_10,-0.005828976631164551,-0.08392339944839478,0.07809442281723022
0.018981952220201492,0.8259963989257812,False,family-00322,0.0,1.0,-1.0,minimum,sum_mod_10,1,0.5362393856048584,10.487728118896484,22,0.014406934380531311,minimum__sum_mod_10,0.006917599588632584,-0.012064352631568909,0.018981952220201492
0.06653662957251072,0.2639695405960083,False,family-00322,0.0,1.0,-1.0,minimum,sum_mod_10,2,0.585001528263092,13.070483207702637,22,0.014406934380531311,minimum__sum_mod_10,-0.054735537618398666,0.011801091954112053,-0.06653662957251072
0.01888139918446541,-0.2517220377922058,False,family-00322,0.0,1.0,-1.0,minimum,sum_mod_10,3,0.6685885190963745,15.073936462402344,22,0.014406934380531311,minimum__sum_mod_10,-0.047680627554655075,-0.028799228370189667,-0.01888139918446541
0.6625655312091112,0.5825566053390503,True,family-00323,0.0,1.0,-1.0,maximum,minimum,0,0.11882655322551727,13.261580467224121,22,-0.9145511258393526,maximum__minimum,-0.012619854882359505,0.6499456763267517,-0.6625655312091112
0.23844178020954132,0.4673886299133301,True,family-00323,0.0,1.0,-1.0,maximum,minimum,1,-0.18253834545612335,16.19395637512207,22,-0.9145511258393526,maximum__minimum,-0.12814421951770782,0.1102975606918335,-0.23844178020954132
0.7169859651476145,1.5086151361465454,True,family-00323,0.0,1.0,-1.0,maximum,minimum,2,-0.10327811539173126,21.345848083496094,22,-0.9145511258393526,maximum__minimum,-0.01783456839621067,0.6991513967514038,-0.7169859651476145
0.02844810113310814,-0.20317578315734863,True,family-00323,0.0,1.0,-1.0,maximum,minimum,3,0.025152482092380524,24.251420974731445,22,-0.9145511258393526,maximum__minimum,0.006783667951822281,0.03523176908493042,-0.02844810113310814
0.11912369914352894,-0.10145080089569092,False,family-00323,0.0,0.5,-0.5,maximum,sum_mod_10,0,0.0879632830619812,12.364285469055176,22,-0.13784328289330006,maximum__sum_mod_10,-0.012619854882359505,0.10650384426116943,-0.11912369914352894
0.2066352218389511,0.8788149356842041,False,family-00323,0.0,0.5,-0.5,maximum,sum_mod_10,1,0.21745388209819794,13.004109382629395,22,-0.13784328289330006,maximum__sum_mod_10,-0.12814421951770782,0.07849100232124329,-0.2066352218389511
0.045022496953606606,1.0270432233810425,False,family-00323,0.0,0.5,-0.5,maximum,sum_mod_10,2,0.18203818798065186,15.462202072143555,22,-0.13784328289330006,maximum__sum_mod_10,-0.01783456839621067,0.027187928557395935,-0.045022496953606606
0.04277106001973152,0.3638650178909302,False,family-00323,0.0,0.5,-0.5,maximum,sum_mod_10,3,0.32625097036361694,18.673236846923828,22,-0.13784328289330006,maximum__sum_mod_10,0.006783667951822281,0.0495547279715538,-0.04277106001973152
0.5434418320655823,-0.6840074062347412,False,family-00323,1.0,0.5,0.5,minimum,sum_mod_10,0,0.4492260217666626,9.799764633178711,22,0.7767078429460526,minimum__sum_mod_10,0.6499456763267517,0.10650384426116943,0.5434418320655823
0.03180655837059021,0.411426305770874,False,family-00323,1.0,0.5,0.5,minimum,sum_mod_10,1,0.2784627377986908,13.451935768127441,22,0.7767078429460526,minimum__sum_mod_10,0.1102975606918335,0.07849100232124329,0.03180655837059021
0.6719634681940079,-0.48157191276550293,False,family-00323,1.0,0.5,0.5,minimum,sum_mod_10,2,0.41202986240386963,17.283281326293945,22,0.7767078429460526,minimum__sum_mod_10,0.6991513967514038,0.027187928557395935,0.6719634681940079
0.014322958886623383,0.5670408010482788,False,family-00323,1.0,0.5,0.5,minimum,sum_mod_10,3,0.5312009453773499,19.717979431152344,22,0.7767078429460526,minimum__sum_mod_10,0.03523176908493042,0.0495547279715538,-0.014322958886623383
0.1411743462085724,0.4465756416320801,True,family-00324,1.0,0.5,0.5,maximum,minimum,0,0.3930249810218811,9.81851863861084,22,0.6867018938064575,maximum__minimum,0.01380312442779541,0.1549774706363678,-0.1411743462085724
0.19543002545833588,-0.42845165729522705,True,family-00324,1.0,0.5,0.5,maximum,minimum,1,0.1783214956521988,12.20885944366455,22,0.6867018938064575,maximum__minimum,0.38811784982681274,0.19268782436847687,0.19543002545833588
0.7363927960395813,-0.06927525997161865,True,family-00324,1.0,0.5,0.5,maximum,minimum,2,-0.0040974728763103485,21.598236083984375,22,0.6867018938064575,maximum__minimum,0.8303278088569641,0.09393501281738281,0.7363927960395813
0.01033008098602295,1.1862895488739014,True,family-00324,1.0,0.5,0.5,maximum,minimum,3,0.17704936861991882,22.508834838867188,22,0.6867018938064575,maximum__minimum,0.03963601589202881,0.04996609687805176,-0.01033008098602295
0.022886671125888824,0.2578911781311035,False,family-00324,1.0,0.0,1.0,maximum,sum_mod_10,0,0.3598828613758087,9.439431190490723,22,0.9223205242305994,maximum__sum_mod_10,0.01380312442779541,-0.009083546698093414,0.022886671125888824
0.38021394424140453,-0.6676576137542725,False,family-00324,1.0,0.0,1.0,maximum,sum_mod_10,1,0.17112790048122406,12.309929847717285,22,0.9223205242305994,maximum__sum_mod_10,0.38811784982681274,0.00790390558540821,0.38021394424140453
0.8295988831669092,0.8187341690063477,False,family-00324,1.0,0.0,1.0,maximum,sum_mod_10,2,0.2861659526824951,19.30167579650879,22,0.9223205242305994,maximum__sum_mod_10,0.8303278088569641,0.0007289256900548935,0.8295988831669092
0.056197935715317726,1.9485608339309692,False,family-00324,1.0,0.0,1.0,maximum,sum_mod_10,3,0.3926486670970917,21.645355224609375,22,0.9223205242305994,maximum__sum_mod_10,0.03963601589202881,-0.016561919823288918,0.056197935715317726
0.1640610173344612,-0.18868446350097656,False,family-00324,0.5,0.0,0.5,minimum,sum_mod_10,0,0.4347671866416931,9.547330856323242,22,0.23561863042414188,minimum__sum_mod_10,0.1549774706363678,-0.009083546698093414,0.1640610173344612
0.18478391878306866,-0.2392059564590454,False,family-00324,0.5,0.0,0.5,minimum,sum_mod_10,1,0.4429459273815155,10.676977157592773,22,0.23561863042414188,minimum__sum_mod_10,0.19268782436847687,0.00790390558540821,0.18478391878306866
0.09320608712732792,0.8880094289779663,False,family-00324,0.5,0.0,0.5,minimum,sum_mod_10,2,0.4396423399448395,12.63951587677002,22,0.23561863042414188,minimum__sum_mod_10,0.09393501281738281,0.0007289256900548935,0.09320608712732792
0.06652801670134068,0.7622712850570679,False,family-00324,0.5,0.0,0.5,minimum,sum_mod_10,3,0.6229093670845032,13.550511360168457,22,0.23561863042414188,minimum__sum_mod_10,0.04996609687805176,-0.016561919823288918,0.06652801670134068
0.05445653200149536,-0.24581003189086914,True,family-00325,0.5,0.0,0.5,maximum,minimum,0,0.282507985830307,12.087450981140137,22,-0.013845682144165039,maximum__minimum,0.1427364945411682,0.08827996253967285,0.05445653200149536
0.23721158504486084,-1.0356981754302979,True,family-00325,0.5,0.0,0.5,maximum,minimum,1,0.12988974153995514,13.903897285461426,22,-0.013845682144165039,maximum__minimum,0.4886507987976074,0.2514392137527466,0.23721158504486084
0.008585155010223389,1.2675915360450745,True,family-00325,0.5,0.0,0.5,maximum,minimum,2,0.031024368479847908,23.359495162963867,22,-0.013845682144165039,maximum__minimum,0.3040560483932495,0.3126412034034729,-0.008585155010223389
0.08345818519592285,2.3576413989067078,True,family-00325,0.5,0.0,0.5,maximum,minimum,3,0.11207728832960129,25.020545959472656,22,-0.013845682144165039,maximum__minimum,0.09325605630874634,0.009797871112823486,0.08345818519592285
0.15287207625806332,0.20249271392822266,False,family-00325,0.5,1.0,-0.5,maximum,sum_mod_10,0,0.37433043122291565,11.219091415405273,22,0.8687602281570435,maximum__sum_mod_10,0.1427364945411682,-0.010135581716895103,0.15287207625806332
0.48549296660348773,-0.788201093673706,False,family-00325,0.5,1.0,-0.5,maximum,sum_mod_10,1,0.3808135688304901,11.432090759277344,22,0.8687602281570435,maximum__sum_mod_10,0.4886507987976074,0.003157832194119692,0.48549296660348773
0.3516819328069687,1.1244961023330688,False,family-00325,0.5,1.0,-0.5,maximum,sum_mod_10,2,0.6116529107093811,14.96908950805664,22,0.8687602281570435,maximum__sum_mod_10,0.3040560483932495,-0.04762588441371918,0.3516819328069687
0.09963974170386791,1.7644232511520386,False,family-00325,0.5,1.0,-0.5,maximum,sum_mod_10,3,0.7451527714729309,13.74588394165039,22,0.8687602281570435,maximum__sum_mod_10,0.09325605630874634,-0.006383685395121574,0.09963974170386791
0.09841554425656796,0.4483027458190918,False,family-00325,0.0,1.0,-1.0,minimum,sum_mod_10,0,0.9181250929832458,4.267606258392334,22,0.8826059103012085,minimum__sum_mod_10,0.08827996253967285,-0.010135581716895103,0.09841554425656796
0.2482813815586269,0.2474970817565918,False,family-00325,0.0,1.0,-1.0,minimum,sum_mod_10,1,0.7786695957183838,6.524570465087891,22,0.8826059103012085,minimum__sum_mod_10,0.2514392137527466,0.003157832194119692,0.2482813815586269
0.3602670878171921,-0.14309543371200562,False,family-00325,0.0,1.0,-1.0,minimum,sum_mod_10,2,0.6193472743034363,13.928343772888184,22,0.8826059103012085,minimum__sum_mod_10,0.3126412034034729,-0.04762588441371918,0.3602670878171921
0.01618155650794506,-0.5932181477546692,False,family-00325,0.0,1.0,-1.0,minimum,sum_mod_10,3,0.5469461679458618,17.443986892700195,22,0.8826059103012085,minimum__sum_mod_10,0.009797871112823486,-0.006383685395121574,0.01618155650794506
0.09452897310256958,-0.2767813205718994,True,family-00326,0.0,1.0,-1.0,maximum,minimum,0,0.23959508538246155,12.504202842712402,22,-0.3485671281814575,maximum__minimum,0.47656548023223877,0.3820365071296692,0.09452897310256958
0.21493762731552124,0.18444228172302246,True,family-00326,0.0,1.0,-1.0,maximum,minimum,1,0.14984074234962463,12.856208801269531,22,-0.3485671281814575,maximum__minimum,-0.14148414134979248,0.07345348596572876,-0.21493762731552124
0.5387202501296997,1.193835437297821,True,family-00326,0.0,1.0,-1.0,maximum,minimum,2,0.4219455420970917,15.48796272277832,22,-0.3485671281814575,maximum__minimum,-0.001409769058227539,0.5373104810714722,-0.5387202501296997
0.26703521609306335,-0.15510225296020508,True,family-00326,0.0,1.0,-1.0,maximum,minimum,3,0.30413785576820374,18.238868713378906,22,-0.3485671281814575,maximum__minimum,0.3184400498867035,0.05140483379364014,0.26703521609306335
0.4726477265357971,0.03761005401611328,False,family-00326,0.0,0.5,-0.5,maximum,sum_mod_10,0,0.19992321729660034,12.925020217895508,22,0.3947152644395828,maximum__sum_mod_10,0.47656548023223877,0.00391775369644165,0.4726477265357971
0.18162836134433746,1.435225248336792,False,family-00326,0.0,0.5,-0.5,maximum,sum_mod_10,1,0.24466030299663544,15.645025253295898,22,0.3947152644395828,maximum__sum_mod_10,-0.14148414134979248,0.04014421999454498,-0.18162836134433746
0.11737149208784103,0.7971077561378479,False,family-00326,0.0,0.5,-0.5,maximum,sum_mod_10,2,0.42541536688804626,16.815338134765625,22,0.3947152644395828,maximum__sum_mod_10,-0.001409769058227539,0.1159617230296135,-0.11737149208784103
0.4032195955514908,0.04290425777435303,False,family-00326,0.0,0.5,-0.5,maximum,sum_mod_10,3,0.4519898593425751,19.044795989990234,22,0.3947152644395828,maximum__sum_mod_10,0.3184400498867035,-0.08477954566478729,0.4032195955514908
0.37811875343322754,0.3143913745880127,False,family-00326,1.0,0.5,0.5,minimum,sum_mod_10,0,0.35238349437713623,10.87254810333252,22,0.7432823926210403,minimum__sum_mod_10,0.3820365071296692,0.00391775369644165,0.37811875343322754
0.03330926597118378,1.2507829666137695,False,family-00326,1.0,0.5,0.5,minimum,sum_mod_10,1,0.21557819843292236,16.05106544494629,22,0.7432823926210403,minimum__sum_mod_10,0.07345348596572876,0.04014421999454498,0.03330926597118378
0.4213487580418587,-0.39672768115997314,False,family-00326,1.0,0.5,0.5,minimum,sum_mod_10,2,0.29773080348968506,20.29746437072754,22,0.7432823926210403,minimum__sum_mod_10,0.5373104810714722,0.1159617230296135,0.4213487580418587
0.13618437945842743,0.1980065107345581,False,family-00326,1.0,0.5,0.5,minimum,sum_mod_10,3,0.2629750072956085,23.35399055480957,22,0.7432823926210403,minimum__sum_mod_10,0.05140483379364014,-0.08477954566478729,0.13618437945842743
0.08233083039522171,0.6993415355682373,True,family-00327,1.0,0.5,0.5,maximum,minimum,0,0.38813698291778564,10.121023178100586,22,-0.7179691474884748,maximum__minimum,0.0052108243107795715,-0.07712000608444214,0.08233083039522171
0.0502049345523119,-0.4316835403442383,True,family-00327,1.0,0.5,0.5,maximum,minimum,1,0.049795001745224,14.267643928527832,22,-0.7179691474884748,maximum__minimum,0.00727701373398304,-0.04292792081832886,0.0502049345523119
0.5923826694488525,1.041395664215088,True,family-00327,1.0,0.5,0.5,maximum,minimum,2,0.23697513341903687,15.462063789367676,22,-0.7179691474884748,maximum__minimum,0.014527559280395508,0.606910228729248,-0.5923826694488525
0.15315506141632795,0.5038602352142334,True,family-00327,1.0,0.5,0.5,maximum,minimum,3,0.40967851877212524,16.004194259643555,22,-0.7179691474884748,maximum__minimum,0.009532538242638111,0.16268759965896606,-0.15315506141632795
0.036715082824230194,0.05555295944213867,False,family-00327,1.0,0.0,1.0,maximum,sum_mod_10,0,0.25335073471069336,11.526240348815918,22,0.0019399449229240417,maximum__sum_mod_10,0.0052108243107795715,-0.03150425851345062,0.036715082824230194
0.0033227745443582535,-1.3346495628356934,False,family-00327,1.0,0.0,1.0,maximum,sum_mod_10,1,0.0582384429872036,14.048115730285645,22,0.0019399449229240417,maximum__sum_mod_10,0.00727701373398304,0.003954239189624786,0.0033227745443582535
0.03548893518745899,1.5293089747428894,False,family-00327,1.0,0.0,1.0,maximum,sum_mod_10,2,0.35251566767692566,14.75466251373291,22,0.0019399449229240417,maximum__sum_mod_10,0.014527559280395508,-0.020961375907063484,0.03548893518745899
0.011891922913491726,0.5620193481445312,False,family-00327,1.0,0.0,1.0,maximum,sum_mod_10,3,0.40609869360923767,17.230445861816406,22,0.0019399449229240417,maximum__sum_mod_10,0.009532538242638111,-0.002359384670853615,0.011891922913491726
0.045615747570991516,-0.6437885761260986,False,family-00327,0.5,0.0,0.5,minimum,sum_mod_10,0,0.33045855164527893,12.069663047790527,22,0.7199090924113989,minimum__sum_mod_10,-0.07712000608444214,-0.03150425851345062,-0.045615747570991516
0.046882160007953644,-0.9029660224914551,False,family-00327,0.5,0.0,0.5,minimum,sum_mod_10,1,0.3566772937774658,13.204103469848633,22,0.7199090924113989,minimum__sum_mod_10,-0.04292792081832886,0.003954239189624786,-0.046882160007953644
0.6278716046363115,0.4879133105278015,False,family-00327,0.5,0.0,0.5,minimum,sum_mod_10,2,0.5623399019241333,13.71384334564209,22,0.7199090924113989,minimum__sum_mod_10,0.606910228729248,-0.020961375907063484,0.6278716046363115
0.16504698432981968,0.05815911293029785,False,family-00327,0.5,0.0,0.5,minimum,sum_mod_10,3,0.6791532039642334,13.94854736328125,22,0.7199090924113989,minimum__sum_mod_10,0.16268759965896606,-0.002359384670853615,0.16504698432981968
0.024410545825958252,-0.0618823766708374,True,family-00328,0.5,0.0,0.5,maximum,minimum,0,0.3189646601676941,11.06019115447998,22,0.03465676307678223,maximum__minimum,0.06676751375198364,0.04235696792602539,0.024410545825958252
0.7438410520553589,-0.7529890537261963,True,family-00328,0.5,0.0,0.5,maximum,minimum,1,0.144372820854187,12.613167762756348,22,0.03465676307678223,maximum__minimum,0.7814045548439026,0.0375635027885437,0.7438410520553589
0.5325598120689392,0.9558052271604538,True,family-00328,0.5,0.0,0.5,maximum,minimum,2,-0.09963683784008026,22.889524459838867,22,0.03465676307678223,maximum__minimum,0.09122484922409058,0.6237846612930298,-0.5325598120689392
0.03638601303100586,0.31543970108032227,True,family-00328,0.5,0.0,0.5,maximum,minimum,3,0.04629291966557503,25.910097122192383,22,0.03465676307678223,maximum__minimum,0.038543760776519775,0.07492977380752563,-0.03638601303100586
0.0741090327501297,0.6229323148727417,False,family-00328,0.5,1.0,-0.5,maximum,sum_mod_10,0,0.35359710454940796,10.011614799499512,22,0.6731423735618591,maximum__sum_mod_10,0.06676751375198364,0.14087654650211334,-0.0741090327501297
0.6236136853694916,0.1471998691558838,False,family-00328,0.5,1.0,-0.5,maximum,sum_mod_10,1,0.32139310240745544,12.896905899047852,22,0.6731423735618591,maximum__sum_mod_10,0.7814045548439026,0.157790869474411,0.6236136853694916
0.053568631410598755,0.6429420709609985,False,family-00328,0.5,1.0,-0.5,maximum,sum_mod_10,2,0.3633159399032593,18.576568603515625,22,0.6731423735618591,maximum__sum_mod_10,0.09122484922409058,0.03765621781349182,0.053568631410598755
0.0035281777381896973,0.32813113927841187,False,family-00328,0.5,1.0,-0.5,maximum,sum_mod_10,3,0.30739259719848633,24.32951545715332,22,0.6731423735618591,maximum__sum_mod_10,0.038543760776519775,0.04207193851470947,-0.0035281777381896973
0.09851957857608795,0.6848146915435791,False,family-00328,0.0,1.0,-1.0,minimum,sum_mod_10,0,0.18253901600837708,11.980342864990234,22,0.6384856104850769,minimum__sum_mod_10,0.04235696792602539,0.14087654650211334,-0.09851957857608795
0.12022736668586731,0.9001889228820801,False,family-00328,0.0,1.0,-1.0,minimum,sum_mod_10,1,0.24545502662658691,12.338934898376465,22,0.6384856104850769,minimum__sum_mod_10,0.0375635027885437,0.157790869474411,-0.12022736668586731
0.586128443479538,-0.31286315619945526,False,family-00328,0.0,1.0,-1.0,minimum,sum_mod_10,2,0.41282734274864197,16.458921432495117,22,0.6384856104850769,minimum__sum_mod_10,0.6237846612930298,0.03765621781349182,0.586128443479538
0.03285783529281616,0.0126914381980896,False,family-00328,0.0,1.0,-1.0,minimum,sum_mod_10,3,0.48581868410110474,18.02142333984375,22,0.6384856104850769,minimum__sum_mod_10,0.07492977380752563,0.04207193851470947,0.03285783529281616
0.1935265064239502,0.1811509132385254,True,family-00329,0.0,1.0,-1.0,maximum,minimum,0,-0.136409729719162,14.871933937072754,22,0.016012907028198242,maximum__minimum,0.5274136066436768,0.720940113067627,-0.1935265064239502
0.11516183614730835,0.09245848655700684,True,family-00329,0.0,1.0,-1.0,maximum,minimum,1,-0.2991849482059479,17.744417190551758,22,0.016012907028198242,maximum__minimum,0.05719870328903198,-0.05796313285827637,0.11516183614730835
0.24967032670974731,1.1487839818000793,True,family-00329,0.0,1.0,-1.0,maximum,minimum,2,-0.04011305049061775,24.91607093811035,22,0.016012907028198242,maximum__minimum,0.7873021364212036,0.5376318097114563,0.24967032670974731
0.019310832023620605,1.1167969703674316,True,family-00329,0.0,1.0,-1.0,maximum,minimum,3,0.13651813566684723,26.393756866455078,22,0.016012907028198242,maximum__minimum,0.004191458225250244,0.02350229024887085,-0.019310832023620605
0.5281000528484583,-0.19598793983459473,False,family-00329,0.0,0.5,-0.5,maximum,sum_mod_10,0,0.2569015920162201,12.44485855102539,22,0.8564567025750875,maximum__sum_mod_10,0.5274136066436768,-0.0006864462047815323,0.5281000528484583
0.05489518865942955,1.1600360870361328,False,family-00329,0.0,0.5,-0.5,maximum,sum_mod_10,1,0.38201892375946045,13.701043128967285,22,0.8564567025750875,maximum__sum_mod_10,0.05719870328903198,0.0023035146296024323,0.05489518865942955
0.7998052332550287,1.105396568775177,False,family-00329,0.0,0.5,-0.5,maximum,sum_mod_10,2,0.4758453071117401,18.416339874267578,22,0.8564567025750875,maximum__sum_mod_10,0.7873021364212036,-0.012503096833825111,0.7998052332550287
0.00029791519045829773,1.3148980140686035,False,family-00329,0.0,0.5,-0.5,maximum,sum_mod_10,3,0.4916144013404846,21.58267593383789,22,0.8564567025750875,maximum__sum_mod_10,0.004191458225250244,0.0038935430347919464,0.00029791519045829773
0.7216265592724085,-0.3771388530731201,False,family-00329,1.0,0.5,0.5,minimum,sum_mod_10,0,0.22368451952934265,11.275732040405273,22,0.8404437955468893,minimum__sum_mod_10,0.720940113067627,-0.0006864462047815323,0.7216265592724085
0.0602666474878788,1.067577600479126,False,family-00329,1.0,0.5,0.5,minimum,sum_mod_10,1,0.2308286428451538,15.037443161010742,22,0.8404437955468893,minimum__sum_mod_10,-0.05796313285827637,0.0023035146296024323,-0.0602666474878788
0.5501349065452814,-0.043387413024902344,False,family-00329,1.0,0.5,0.5,minimum,sum_mod_10,2,0.3392832279205322,18.87835693359375,22,0.8404437955468893,minimum__sum_mod_10,0.5376318097114563,-0.012503096833825111,0.5501349065452814
0.019608747214078903,0.19810104370117188,False,family-00329,1.0,0.5,0.5,minimum,sum_mod_10,3,0.39727064967155457,22.4935302734375,22,0.8404437955468893,minimum__sum_mod_10,0.02350229024887085,0.0038935430347919464,0.019608747214078903
0.10264432430267334,0.41753435134887695,True,family-00330,1.0,0.5,0.5,maximum,minimum,0,0.3987003266811371,9.13312816619873,22,0.5958914160728455,maximum__minimum,0.06884032487869263,-0.03380399942398071,0.10264432430267334
0.4955841302871704,0.17299938201904297,True,family-00330,1.0,0.5,0.5,maximum,minimum,1,0.2140270471572876,11.297222137451172,22,0.5958914160728455,maximum__minimum,0.5922486782073975,0.09666454792022705,0.4955841302871704
0.34552741050720215,0.3107246160507202,True,family-00330,1.0,0.5,0.5,maximum,minimum,2,0.08370611816644669,17.673992156982422,22,0.5958914160728455,maximum__minimum,0.3498772382736206,0.004349827766418457,0.34552741050720215
0.06916588544845581,0.23996901512145996,True,family-00330,1.0,0.5,0.5,maximum,minimum,3,0.040004581212997437,22.171510696411133,22,0.5958914160728455,maximum__minimum,0.06548601388931274,-0.0036798715591430664,0.06916588544845581
0.07267312705516815,0.3193777799606323,False,family-00330,1.0,0.0,1.0,maximum,sum_mod_10,0,0.33594751358032227,11.832563400268555,22,0.8974788393825293,maximum__sum_mod_10,0.06884032487869263,-0.003832802176475525,0.07267312705516815
0.60580681450665,-0.7547833919525146,False,family-00330,1.0,0.0,1.0,maximum,sum_mod_10,1,0.2925189435482025,12.457840919494629,22,0.8974788393825293,maximum__sum_mod_10,0.5922486782073975,-0.01355813629925251,0.60580681450665
0.3582874331623316,0.6058582663536072,False,family-00330,1.0,0.0,1.0,maximum,sum_mod_10,2,0.49190402030944824,13.780692100524902,22,0.8974788393825293,maximum__sum_mod_10,0.3498772382736206,-0.008410194888710976,0.3582874331623316
0.16295275837183,0.13145184516906738,False,family-00330,1.0,0.0,1.0,maximum,sum_mod_10,3,0.33914750814437866,18.797494888305664,22,0.8974788393825293,maximum__sum_mod_10,0.06548601388931274,-0.09746674448251724,0.16295275837183
0.029971197247505188,-0.09815657138824463,False,family-00330,0.5,0.0,0.5,minimum,sum_mod_10,0,0.26619213819503784,11.852068901062012,22,0.3015874233096838,minimum__sum_mod_10,-0.03380399942398071,-0.003832802176475525,-0.029971197247505188
0.11022268421947956,-0.9277827739715576,False,family-00330,0.5,0.0,0.5,minimum,sum_mod_10,1,0.17947496473789215,12.540362358093262,22,0.3015874233096838,minimum__sum_mod_10,0.09666454792022705,-0.01355813629925251,0.11022268421947956
0.012760022655129433,0.29513365030288696,False,family-00330,0.5,0.0,0.5,minimum,sum_mod_10,2,0.17136961221694946,16.77879524230957,22,0.3015874233096838,minimum__sum_mod_10,0.004349827766418457,-0.008410194888710976,0.012760022655129433
0.09378687292337418,-0.10851716995239258,False,family-00330,0.5,0.0,0.5,minimum,sum_mod_10,3,0.3223583698272705,18.95171546936035,22,0.3015874233096838,minimum__sum_mod_10,-0.0036798715591430664,-0.09746674448251724,0.09378687292337418
0.0564579963684082,-0.2882833480834961,True,family-00331,0.5,0.0,0.5,maximum,minimum,0,0.39176562428474426,11.000187873840332,22,0.10036897659301758,maximum__minimum,0.525580644607544,0.5820386409759521,-0.0564579963684082
0.0337948203086853,-0.2437882423400879,True,family-00331,0.5,0.0,0.5,maximum,minimum,1,0.03623122721910477,14.347280502319336,22,0.10036897659301758,maximum__minimum,0.14538973569869995,0.11159491539001465,0.0337948203086853
0.057073771953582764,-0.27789461612701416,True,family-00331,0.5,0.0,0.5,maximum,minimum,2,0.10288000106811523,17.11988639831543,22,0.10036897659301758,maximum__minimum,0.057669222354888916,0.0005954504013061523,0.057073771953582764
0.07391324639320374,-0.6163902282714844,True,family-00331,0.5,0.0,0.5,maximum,minimum,3,0.17625880241394043,20.343395233154297,22,0.10036897659301758,maximum__minimum,0.2378084659576416,0.31172171235084534,-0.07391324639320374
0.5544816255569458,-0.021726369857788086,False,family-00331,0.5,1.0,-0.5,maximum,sum_mod_10,0,0.41236966848373413,10.853205680847168,22,0.8797689788043499,maximum__sum_mod_10,0.525580644607544,-0.028900980949401855,0.5544816255569458
0.14347947016358376,0.39370858669281006,False,family-00331,0.5,1.0,-0.5,maximum,sum_mod_10,1,0.45847341418266296,10.960915565490723,22,0.8797689788043499,maximum__sum_mod_10,0.14538973569869995,0.0019102655351161957,0.14347947016358376
0.09255429357290268,1.0641914010047913,False,family-00331,0.5,1.0,-0.5,maximum,sum_mod_10,2,0.590027391910553,13.449827194213867,22,0.8797689788043499,maximum__sum_mod_10,0.057669222354888916,-0.03488507121801376,0.09255429357290268
0.2387898974120617,0.04217028617858887,False,family-00331,0.5,1.0,-0.5,maximum,sum_mod_10,3,0.6118002533912659,16.421630859375,22,0.8797689788043499,maximum__sum_mod_10,0.2378084659576416,-0.0009814314544200897,0.2387898974120617
0.610939621925354,0.266556978225708,False,family-00331,0.0,1.0,-1.0,minimum,sum_mod_10,0,0.1545010209083557,13.64303970336914,22,0.7794000022113323,minimum__sum_mod_10,0.5820386409759521,-0.028900980949401855,0.610939621925354
0.10968464985489845,0.637496829032898,False,family-00331,0.0,1.0,-1.0,minimum,sum_mod_10,1,0.056042421609163284,15.38106632232666,22,0.7794000022113323,minimum__sum_mod_10,0.11159491539001465,0.0019102655351161957,0.10968464985489845
0.035480521619319916,1.3420860171318054,False,family-00331,0.0,1.0,-1.0,minimum,sum_mod_10,2,0.14725419878959656,19.689401626586914,22,0.7794000022113323,minimum__sum_mod_10,0.0005954504013061523,-0.03488507121801376,0.035480521619319916
0.3127031438052654,0.6585605144500732,False,family-00331,0.0,1.0,-1.0,minimum,sum_mod_10,3,0.3184391260147095,21.297298431396484,22,0.7794000022113323,minimum__sum_mod_10,0.31172171235084534,-0.0009814314544200897,0.3127031438052654
0.2996624708175659,0.7713642120361328,True,family-00332,0.0,1.0,-1.0,maximum,minimum,0,0.289768248796463,13.022978782653809,22,0.06852620840072632,maximum__minimum,0.45495378971099854,0.7546162605285645,-0.2996624708175659
0.007493734359741211,0.12897109985351562,True,family-00332,0.0,1.0,-1.0,maximum,minimum,1,0.13193660974502563,15.523177146911621,22,0.06852620840072632,maximum__minimum,0.06301867961883545,0.07051241397857666,-0.007493734359741211
0.4561402201652527,-0.15932810306549072,True,family-00332,0.0,1.0,-1.0,maximum,minimum,2,0.3327378034591675,17.223758697509766,22,0.06852620840072632,maximum__minimum,0.4800291061401367,0.023888885974884033,0.4561402201652527
0.07067835330963135,-0.8014757633209229,True,family-00332,0.0,1.0,-1.0,maximum,minimum,3,0.36582401394844055,18.591312408447266,22,0.06852620840072632,maximum__minimum,0.08275896310806274,0.012080609798431396,0.07067835330963135
0.3963213190436363,-0.2657296657562256,False,family-00332,0.0,0.5,-0.5,maximum,sum_mod_10,0,0.3218579888343811,11.621490478515625,22,0.7315012067556381,maximum__sum_mod_10,0.45495378971099854,0.05863247066736221,0.3963213190436363
0.012302480638027191,1.0024631023406982,False,family-00332,0.0,0.5,-0.5,maximum,sum_mod_10,1,0.209851935505867,13.666495323181152,22,0.7315012067556381,maximum__sum_mod_10,0.06301867961883545,0.07532116025686264,-0.012302480638027191
0.4114503934979439,0.5533868074417114,False,family-00332,0.0,0.5,-0.5,maximum,sum_mod_10,2,0.30403971672058105,16.965761184692383,22,0.7315012067556381,maximum__sum_mod_10,0.4800291061401367,0.06857871264219284,0.4114503934979439
0.13147608935832977,0.8727710843086243,False,family-00332,0.0,0.5,-0.5,maximum,sum_mod_10,3,0.30864253640174866,20.964736938476562,22,0.7315012067556381,maximum__sum_mod_10,0.08275896310806274,-0.04871712625026703,0.13147608935832977
0.6959837898612022,-1.0370938777923584,False,family-00332,1.0,0.5,0.5,minimum,sum_mod_10,0,0.24031804502010345,12.273757934570312,22,0.6629749983549118,minimum__sum_mod_10,0.7546162605285645,0.05863247066736221,0.6959837898612022
0.00480874627828598,0.8734920024871826,False,family-00332,1.0,0.5,0.5,minimum,sum_mod_10,1,0.29798370599746704,14.81793212890625,22,0.6629749983549118,minimum__sum_mod_10,0.07051241397857666,0.07532116025686264,-0.00480874627828598
0.04468982666730881,0.7127149105072021,False,family-00332,1.0,0.5,0.5,minimum,sum_mod_10,2,0.4714354872703552,15.530074119567871,22,0.6629749983549118,minimum__sum_mod_10,0.023888885974884033,0.06857871264219284,-0.04468982666730881
0.060797736048698425,1.6742468476295471,False,family-00332,1.0,0.5,0.5,minimum,sum_mod_10,3,0.5109112858772278,17.663816452026367,22,0.6629749983549118,minimum__sum_mod_10,0.012080609798431396,-0.04871712625026703,0.060797736048698425
0.266913503408432,0.43136751651763916,True,family-00333,1.0,0.5,0.5,maximum,minimum,0,0.18077269196510315,11.505578994750977,22,-0.12723714113235474,maximum__minimum,0.7038030624389648,0.43688955903053284,0.266913503408432
0.16429966688156128,0.4368445873260498,True,family-00333,1.0,0.5,0.5,maximum,minimum,1,-0.1408149003982544,14.143355369567871,22,-0.12723714113235474,maximum__minimum,0.7049933671951294,0.5406937003135681,0.16429966688156128
0.7717641592025757,0.5047199726104736,True,family-00333,1.0,0.5,0.5,maximum,minimum,2,-0.121309295296669,21.684988021850586,22,-0.12723714113235474,maximum__minimum,0.07249218225479126,0.8442563414573669,-0.7717641592025757
0.21677008271217346,-0.37904834747314453,True,family-00333,1.0,0.5,0.5,maximum,minimum,3,0.026950102299451828,24.941308975219727,22,-0.12723714113235474,maximum__minimum,0.3040092885494232,0.08723920583724976,0.21677008271217346
0.5936838090419769,-0.346443772315979,False,family-00333,1.0,0.0,1.0,maximum,sum_mod_10,0,-0.041681718081235886,13.055243492126465,22,0.4907219409942627,maximum__sum_mod_10,0.7038030624389648,0.11011925339698792,0.5936838090419769
0.5401277095079422,-0.4899780750274658,False,family-00333,1.0,0.0,1.0,maximum,sum_mod_10,1,-0.1474882811307907,14.219528198242188,22,0.4907219409942627,maximum__sum_mod_10,0.7049933671951294,0.1648656576871872,0.5401277095079422
0.09426447749137878,0.09262466430664062,False,family-00333,1.0,0.0,1.0,maximum,sum_mod_10,2,0.15720508992671967,16.485225677490234,22,0.4907219409942627,maximum__sum_mod_10,0.07249218225479126,0.16675665974617004,-0.09426447749137878
0.2683722972869873,-0.19733977317810059,False,family-00333,1.0,0.0,1.0,maximum,sum_mod_10,3,0.20279012620449066,19.4305419921875,22,0.4907219409942627,maximum__sum_mod_10,0.3040092885494232,0.03563699126243591,0.2683722972869873
0.3267703056335449,-0.7778112888336182,False,family-00333,0.5,0.0,0.5,minimum,sum_mod_10,0,0.3051287531852722,10.749341011047363,22,0.6179590821266174,minimum__sum_mod_10,0.43688955903053284,0.11011925339698792,0.3267703056335449
0.3758280426263809,-0.9268226623535156,False,family-00333,0.5,0.0,0.5,minimum,sum_mod_10,1,0.38023605942726135,10.929232597351074,22,0.6179590821266174,minimum__sum_mod_10,0.5406937003135681,0.1648656576871872,0.3758280426263809
0.6774996817111969,-0.412095308303833,False,family-00333,0.5,0.0,0.5,minimum,sum_mod_10,2,0.39121392369270325,14.636645317077637,22,0.6179590821266174,minimum__sum_mod_10,0.8442563414573669,0.16675665974617004,0.6774996817111969
0.05160221457481384,0.18170857429504395,False,family-00333,0.5,0.0,0.5,minimum,sum_mod_10,3,0.5126940608024597,16.717689514160156,22,0.6179590821266174,minimum__sum_mod_10,0.08723920583724976,0.03563699126243591,0.05160221457481384
0.5773665606975555,0.6908485889434814,True,family-00334,0.5,0.0,0.5,maximum,minimum,0,0.1928296685218811,12.39297103881836,22,-0.233329176902771,maximum__minimum,-0.005518823862075806,0.5718477368354797,-0.5773665606975555
0.12817347049713135,0.08908271789550781,True,family-00334,0.5,0.0,0.5,maximum,minimum,1,-0.07542268186807632,14.258293151855469,22,-0.233329176902771,maximum__minimum,0.3027534484863281,0.17457997798919678,0.12817347049713135
0.48683664202690125,0.6991548538208008,True,family-00334,0.5,0.0,0.5,maximum,minimum,2,-0.13462865352630615,19.196491241455078,22,-0.233329176902771,maximum__minimum,0.17351892590522766,0.6603555679321289,-0.48683664202690125
0.23845311999320984,-0.2610429525375366,True,family-00334,0.5,0.0,0.5,maximum,minimum,3,0.16341754794120789,21.174198150634766,22,-0.233329176902771,maximum__minimum,0.11626079678535461,-0.12219232320785522,0.23845311999320984
0.023472044616937637,0.672623872756958,False,family-00334,0.5,1.0,-0.5,maximum,sum_mod_10,0,0.534527599811554,8.924375534057617,22,0.4108651764690876,maximum__sum_mod_10,-0.005518823862075806,-0.028990868479013443,0.023472044616937637
0.2814980521798134,0.7201430797576904,False,family-00334,0.5,1.0,-0.5,maximum,sum_mod_10,1,0.41602322459220886,10.615431785583496,22,0.4108651764690876,maximum__sum_mod_10,0.3027534484863281,0.02125539630651474,0.2814980521798134
0.2428828328847885,0.6400092840194702,False,family-00334,0.5,1.0,-0.5,maximum,sum_mod_10,2,0.5662914514541626,13.0060396194458,22,0.4108651764690876,maximum__sum_mod_10,0.17351892590522766,-0.06936390697956085,0.2428828328847885
0.1237337738275528,0.6548781394958496,False,family-00334,0.5,1.0,-0.5,maximum,sum_mod_10,3,0.7100565433502197,13.752284049987793,22,0.4108651764690876,maximum__sum_mod_10,0.11626079678535461,-0.007472977042198181,0.1237337738275528
0.6008386053144932,-0.018224716186523438,False,family-00334,0.0,1.0,-1.0,minimum,sum_mod_10,0,0.17639391124248505,12.273604393005371,22,0.6441943533718586,minimum__sum_mod_10,0.5718477368354797,-0.028990868479013443,0.6008386053144932
0.15332458168268204,0.6310603618621826,False,family-00334,0.0,1.0,-1.0,minimum,sum_mod_10,1,0.28614312410354614,12.61290454864502,22,0.6441943533718586,minimum__sum_mod_10,0.17457997798919678,0.02125539630651474,0.15332458168268204
0.7297194749116898,-0.059145569801330566,False,family-00334,0.0,1.0,-1.0,minimum,sum_mod_10,2,0.30034273862838745,17.403446197509766,22,0.6441943533718586,minimum__sum_mod_10,0.6603555679321289,-0.06936390697956085,0.7297194749116898
0.11471934616565704,0.9159210920333862,False,family-00334,0.0,1.0,-1.0,minimum,sum_mod_10,3,0.43278148770332336,19.679927825927734,22,0.6441943533718586,minimum__sum_mod_10,-0.12219232320785522,-0.007472977042198181,-0.11471934616565704
0.40455079078674316,-0.027832984924316406,True,family-00335,0.0,1.0,-1.0,maximum,minimum,0,0.1490156203508377,14.297966003417969,22,0.0629841685295105,maximum__minimum,0.9050168991088867,0.5004661083221436,0.40455079078674316
0.07856816053390503,-0.01810288429260254,True,family-00335,0.0,1.0,-1.0,maximum,minimum,1,0.007735366001725197,16.821378707885742,22,0.0629841685295105,maximum__minimum,0.06488972902297974,-0.013678431510925293,0.07856816053390503
0.5561683177947998,0.8095533847808838,True,family-00335,0.0,1.0,-1.0,maximum,minimum,2,-0.048514217138290405,28.021718978881836,22,0.0629841685295105,maximum__minimum,-0.01586472988128662,0.5403035879135132,-0.5561683177947998
0.09104263782501221,0.9880071878433228,True,family-00335,0.0,1.0,-1.0,maximum,minimum,3,0.08121967315673828,32.09629440307617,22,0.0629841685295105,maximum__minimum,0.09802830219268799,0.006985664367675781,0.09104263782501221
0.9119829358533025,-0.20426487922668457,False,family-00335,0.0,0.5,-0.5,maximum,sum_mod_10,0,0.2494073510169983,13.5775785446167,22,0.9226572895422578,maximum__sum_mod_10,0.9050168991088867,-0.00696603674441576,0.9119829358533025
0.06582066230475903,1.0056579113006592,False,family-00335,0.0,0.5,-0.5,maximum,sum_mod_10,1,0.27097710967063904,16.081436157226562,22,0.9226572895422578,maximum__sum_mod_10,0.06488972902297974,-0.0009309332817792892,0.06582066230475903
0.012047681957483292,0.7300105690956116,False,family-00335,0.0,0.5,-0.5,maximum,sum_mod_10,2,0.42594459652900696,21.635147094726562,22,0.9226572895422578,maximum__sum_mod_10,-0.01586472988128662,-0.027912411838769913,0.012047681957483292
0.09977331664413214,0.7339617013931274,False,family-00335,0.0,0.5,-0.5,maximum,sum_mod_10,3,0.4171690344810486,26.582469940185547,22,0.9226572895422578,maximum__sum_mod_10,0.09802830219268799,-0.001745014451444149,0.09977331664413214
0.5074321450665593,-0.17643189430236816,False,family-00335,1.0,0.5,0.5,minimum,sum_mod_10,0,0.3734452426433563,9.728821754455566,22,0.8596731210127473,minimum__sum_mod_10,0.5004661083221436,-0.00696603674441576,0.5074321450665593
0.012747498229146004,1.0237607955932617,False,family-00335,1.0,0.5,0.5,minimum,sum_mod_10,1,0.4533299207687378,12.020073890686035,22,0.8596731210127473,minimum__sum_mod_10,-0.013678431510925293,-0.0009309332817792892,-0.012747498229146004
0.5682159997522831,-0.07954281568527222,False,family-00335,1.0,0.5,0.5,minimum,sum_mod_10,2,0.5693477392196655,15.950263977050781,22,0.8596731210127473,minimum__sum_mod_10,0.5403035879135132,-0.027912411838769913,0.5682159997522831
0.00873067881911993,-0.2540454864501953,False,family-00335,1.0,0.5,0.5,minimum,sum_mod_10,3,0.6511266231536865,17.665021896362305,22,0.8596731210127473,minimum__sum_mod_10,0.006985664367675781,-0.001745014451444149,0.00873067881911993
0.4466651380062103,0.2058929204940796,True,family-00336,1.0,0.5,0.5,maximum,minimum,0,0.3497787117958069,10.257241249084473,22,-0.4866444766521454,maximum__minimum,-0.28499576449394226,0.16166937351226807,-0.4466651380062103
0.1662573218345642,-0.46585965156555176,True,family-00336,1.0,0.5,0.5,maximum,minimum,1,0.03872276842594147,14.891130447387695,22,-0.4866444766521454,maximum__minimum,0.2651265859603882,0.09886926412582397,0.1662573218345642
0.46976423263549805,1.0384178757667542,True,family-00336,1.0,0.5,0.5,maximum,minimum,2,0.25826144218444824,17.30758285522461,22,-0.4866444766521454,maximum__minimum,0.2630462646484375,0.7328104972839355,-0.46976423263549805
0.16497811675071716,0.7745789885520935,True,family-00336,1.0,0.5,0.5,maximum,minimum,3,0.28241124749183655,19.93837547302246,22,-0.4866444766521454,maximum__minimum,-0.13427355885505676,0.0307045578956604,-0.16497811675071716
0.3929685652256012,0.02001214027404785,False,family-00336,1.0,0.0,1.0,maximum,sum_mod_10,0,0.2297605723142624,11.184585571289062,22,-0.11253997683525085,maximum__sum_mod_10,-0.28499576449394226,0.10797280073165894,-0.3929685652256012
0.48568302392959595,-0.6236288547515869,False,family-00336,1.0,0.0,1.0,maximum,sum_mod_10,1,0.06167951226234436,14.872897148132324,22,-0.11253997683525085,maximum__sum_mod_10,0.2651265859603882,-0.22055643796920776,0.48568302392959595
0.16511237621307373,1.1118847131729126,False,family-00336,1.0,0.0,1.0,maximum,sum_mod_10,2,0.2927393317222595,17.19034194946289,22,-0.11253997683525085,maximum__sum_mod_10,0.2630462646484375,0.42815864086151123,-0.16511237621307373
0.06074216961860657,0.6553235650062561,False,family-00336,1.0,0.0,1.0,maximum,sum_mod_10,3,0.28200000524520874,20.743183135986328,22,-0.11253997683525085,maximum__sum_mod_10,-0.13427355885505676,-0.0735313892364502,-0.06074216961860657
0.05369657278060913,-0.18588078022003174,False,family-00336,0.5,0.0,0.5,minimum,sum_mod_10,0,0.3204902708530426,11.26685619354248,22,0.37410449981689453,minimum__sum_mod_10,0.16166937351226807,0.10797280073165894,0.05369657278060913
0.31942570209503174,-0.15776920318603516,False,family-00336,0.5,0.0,0.5,minimum,sum_mod_10,1,0.3970346748828888,12.726387977600098,22,0.37410449981689453,minimum__sum_mod_10,0.09886926412582397,-0.22055643796920776,0.31942570209503174
0.3046518564224243,0.07346683740615845,False,family-00336,0.5,0.0,0.5,minimum,sum_mod_10,2,0.6081843972206116,13.800055503845215,22,0.37410449981689453,minimum__sum_mod_10,0.7328104972839355,0.42815864086151123,0.3046518564224243
0.1042359471321106,-0.1192554235458374,False,family-00336,0.5,0.0,0.5,minimum,sum_mod_10,3,0.6591809988021851,15.745208740234375,22,0.37410449981689453,minimum__sum_mod_10,0.0307045578956604,-0.0735313892364502,0.1042359471321106
0.0798434317111969,0.3120802640914917,True,family-00337,0.5,0.0,0.5,maximum,minimum,0,0.39322859048843384,10.272493362426758,22,0.6464063078165054,maximum__minimum,0.032709598541259766,0.11255303025245667,-0.0798434317111969
0.12483358383178711,-0.6613578796386719,True,family-00337,0.5,0.0,0.5,maximum,minimum,1,0.09680227935314178,13.54395866394043,22,0.6464063078165054,maximum__minimum,0.18777084350585938,0.06293725967407227,0.12483358383178711
0.6296374946832657,-0.6986504793167114,True,family-00337,0.5,0.0,0.5,maximum,minimum,2,0.06384719163179398,22.751022338867188,22,0.6464063078165054,maximum__minimum,0.6901602745056152,0.06052277982234955,0.6296374946832657
0.07892259955406189,1.4225739240646362,True,family-00337,0.5,0.0,0.5,maximum,minimum,3,0.07601828873157501,25.26523208618164,22,0.6464063078165054,maximum__minimum,0.0909087061882019,0.1698313057422638,-0.07892259955406189
0.05789121612906456,0.6600649356842041,False,family-00337,0.5,1.0,-0.5,maximum,sum_mod_10,0,0.33579105138778687,9.935684204101562,22,0.859319519251585,maximum__sum_mod_10,0.032709598541259766,-0.025181617587804794,0.05789121612906456
0.16985135152935982,0.8309564590454102,False,family-00337,0.5,1.0,-0.5,maximum,sum_mod_10,1,0.26264870166778564,15.477823257446289,22,0.859319519251585,maximum__sum_mod_10,0.18777084350585938,0.017919491976499557,0.16985135152935982
0.7546603977680206,0.02863776683807373,False,family-00337,0.5,1.0,-0.5,maximum,sum_mod_10,2,0.25832343101501465,23.950666427612305,22,0.859319519251585,maximum__sum_mod_10,0.6901602745056152,-0.0645001232624054,0.7546603977680206
0.13224100694060326,2.031589388847351,False,family-00337,0.5,1.0,-0.5,maximum,sum_mod_10,3,0.359320729970932,25.11564064025879,22,0.859319519251585,maximum__sum_mod_10,0.0909087061882019,-0.04133230075240135,0.13224100694060326
0.13773464784026146,0.3479846715927124,False,family-00337,0.0,1.0,-1.0,minimum,sum_mod_10,0,0.4451901614665985,9.440911293029785,22,0.21291321143507957,minimum__sum_mod_10,0.11255303025245667,-0.025181617587804794,0.13773464784026146
0.04501776769757271,1.492314338684082,False,family-00337,0.0,1.0,-1.0,minimum,sum_mod_10,1,0.3730230927467346,13.664896965026855,22,0.21291321143507957,minimum__sum_mod_10,0.06293725967407227,0.017919491976499557,0.04501776769757271
0.12502290308475494,0.7272882461547852,False,family-00337,0.0,1.0,-1.0,minimum,sum_mod_10,2,0.36970895528793335,17.73318099975586,22,0.21291321143507957,minimum__sum_mod_10,0.06052277982234955,-0.0645001232624054,0.12502290308475494
0.21116360649466515,0.6090154647827148,False,family-00337,0.0,1.0,-1.0,minimum,sum_mod_10,3,0.45087242126464844,19.96806526184082,22,0.21291321143507957,minimum__sum_mod_10,0.1698313057422638,-0.04133230075240135,0.21116360649466515
0.05309957265853882,0.20727336406707764,True,family-00338,0.0,1.0,-1.0,maximum,minimum,0,0.05500522628426552,14.264191627502441,22,0.4221661686897278,maximum__minimum,0.2082841992378235,0.2613837718963623,-0.05309957265853882
0.00476565957069397,0.05696558952331543,True,family-00338,0.0,1.0,-1.0,maximum,minimum,1,-0.186862975358963,17.53350830078125,22,0.4221661686897278,maximum__minimum,0.07324016094207764,0.0780058205127716,-0.00476565957069397
0.6506294012069702,0.017708301544189453,True,family-00338,0.0,1.0,-1.0,maximum,minimum,2,-0.35679829120635986,26.217233657836914,22,0.4221661686897278,maximum__minimum,0.6780081391334534,0.027378737926483154,0.6506294012069702
0.31533074378967285,0.9440468549728394,True,family-00338,0.0,1.0,-1.0,maximum,minimum,3,-0.2340771108865738,27.254793167114258,22,0.4221661686897278,maximum__minimum,0.08918845653533936,0.4045192003250122,-0.31533074378967285
0.18808550387620926,-0.39440667629241943,False,family-00338,0.0,0.5,-0.5,maximum,sum_mod_10,0,0.08732153475284576,13.094788551330566,22,0.8019906133413315,maximum__sum_mod_10,0.2082841992378235,0.020198695361614227,0.18808550387620926
0.47419828176498413,0.21892595291137695,False,family-00338,0.0,0.5,-0.5,maximum,sum_mod_10,1,0.17523624002933502,13.257298469543457,22,0.8019906133413315,maximum__sum_mod_10,0.07324016094207764,-0.4009581208229065,0.47419828176498413
0.6473242789506912,0.3320452570915222,False,family-00338,0.0,0.5,-0.5,maximum,sum_mod_10,2,0.5241979956626892,15.144181251525879,22,0.8019906133413315,maximum__sum_mod_10,0.6780081391334534,0.030683860182762146,0.6473242789506912
0.14592862129211426,0.6890220642089844,False,family-00338,0.0,0.5,-0.5,maximum,sum_mod_10,3,0.5706472992897034,16.030120849609375,22,0.8019906133413315,maximum__sum_mod_10,0.08918845653533936,-0.0567401647567749,0.14592862129211426
0.24118507653474808,-0.6016800403594971,False,family-00338,1.0,0.5,0.5,minimum,sum_mod_10,0,0.3804854154586792,10.856114387512207,22,0.3798244446516037,minimum__sum_mod_10,0.2613837718963623,0.020198695361614227,0.24118507653474808
0.4789639413356781,0.16196036338806152,False,family-00338,1.0,0.5,0.5,minimum,sum_mod_10,1,0.18059830367565155,14.32802963256836,22,0.3798244446516037,minimum__sum_mod_10,0.0780058205127716,-0.4009581208229065,0.4789639413356781
0.0033051222562789917,0.31433695554733276,False,family-00338,1.0,0.5,0.5,minimum,sum_mod_10,2,-0.0726327896118164,21.116085052490234,22,0.3798244446516037,minimum__sum_mod_10,0.027378737926483154,0.030683860182762146,-0.0033051222562789917
0.4612593650817871,-0.255024790763855,False,family-00338,1.0,0.5,0.5,minimum,sum_mod_10,3,0.09204556047916412,21.83848762512207,22,0.3798244446516037,minimum__sum_mod_10,0.4045192003250122,-0.0567401647567749,0.4612593650817871
0.6292868852615356,0.18777155876159668,True,family-00339,1.0,0.5,0.5,maximum,minimum,0,0.48576289415359497,9.718389511108398,22,-0.45340901613235474,maximum__minimum,0.09559303522109985,0.7248799204826355,-0.6292868852615356
0.4957108646631241,-0.4741947650909424,True,family-00339,1.0,0.5,0.5,maximum,minimum,1,0.13651607930660248,13.744620323181152,22,-0.45340901613235474,maximum__minimum,0.24527792632579803,0.7409887909889221,-0.4957108646631241
0.19563430547714233,0.9251060485839844,True,family-00339,1.0,0.5,0.5,maximum,minimum,2,0.15764960646629333,16.053258895874023,22,-0.45340901613235474,maximum__minimum,0.2504228353500366,0.44605714082717896,-0.19563430547714233
0.39028358459472656,0.2020970582962036,True,family-00339,1.0,0.5,0.5,maximum,minimum,3,0.2737262547016144,18.665897369384766,22,-0.45340901613235474,maximum__minimum,-0.261538028717041,0.12874555587768555,-0.39028358459472656
0.10825026966631413,0.4723778963088989,False,family-00339,1.0,0.0,1.0,maximum,sum_mod_10,0,0.3901921808719635,10.46352481842041,22,0.287501972168684,maximum__sum_mod_10,0.09559303522109985,-0.012657234445214272,0.10825026966631413
0.2526842188090086,-0.39200592041015625,False,family-00339,1.0,0.0,1.0,maximum,sum_mod_10,1,0.27849841117858887,13.585908889770508,22,0.287501972168684,maximum__sum_mod_10,0.24527792632579803,-0.007406292483210564,0.2526842188090086
0.2596653029322624,1.3030886054039001,False,family-00339,1.0,0.0,1.0,maximum,sum_mod_10,2,0.47175726294517517,14.914883613586426,22,0.287501972168684,maximum__sum_mod_10,0.2504228353500366,-0.0092424675822258,0.2596653029322624
0.2639781450852752,0.5344439744949341,False,family-00339,1.0,0.0,1.0,maximum,sum_mod_10,3,0.506906270980835,18.481061935424805,22,0.287501972168684,maximum__sum_mod_10,-0.261538028717041,0.0024401163682341576,-0.2639781450852752
0.7375371549278498,0.28460633754730225,False,family-00339,0.5,0.0,0.5,minimum,sum_mod_10,0,0.48860448598861694,9.865079879760742,22,0.7409109883010387,minimum__sum_mod_10,0.7248799204826355,-0.012657234445214272,0.7375371549278498
0.7483950834721327,0.08218884468078613,False,family-00339,0.5,0.0,0.5,minimum,sum_mod_10,1,0.44330033659935,11.457738876342773,22,0.7409109883010387,minimum__sum_mod_10,0.7409887909889221,-0.007406292483210564,0.7483950834721327
0.45529960840940475,0.37798255681991577,False,family-00339,0.5,0.0,0.5,minimum,sum_mod_10,2,0.3439330458641052,15.520581245422363,22,0.7409109883010387,minimum__sum_mod_10,0.44605714082717896,-0.0092424675822258,0.45529960840940475
0.1263054395094514,0.33234691619873047,False,family-00339,0.5,0.0,0.5,minimum,sum_mod_10,3,0.4721086621284485,17.493349075317383,22,0.7409109883010387,minimum__sum_mod_10,0.12874555587768555,0.0024401163682341576,0.1263054395094514
0.10389220714569092,0.37280023097991943,True,family-00340,0.5,0.0,0.5,maximum,minimum,0,0.4442065954208374,11.10535717010498,22,-0.3020649552345276,maximum__minimum,0.2557004690170288,0.3595926761627197,-0.10389220714569092
0.46181750297546387,-0.7063246965408325,True,family-00340,0.5,0.0,0.5,maximum,minimum,1,0.06836850941181183,15.030025482177734,22,-0.3020649552345276,maximum__minimum,0.4272546172142029,-0.034562885761260986,0.46181750297546387
0.14050382375717163,0.5109820365905762,True,family-00340,0.5,0.0,0.5,maximum,minimum,2,0.033218808472156525,20.185789108276367,22,-0.3020649552345276,maximum__minimum,0.5257753729820251,0.3852715492248535,0.14050382375717163
0.19491389393806458,0.5750250816345215,True,family-00340,0.5,0.0,0.5,maximum,minimum,3,0.04896969348192215,22.97797966003418,22,-0.3020649552345276,maximum__minimum,0.2420390546321869,0.047125160694122314,0.19491389393806458
0.3190602511167526,0.3137791156768799,False,family-00340,0.5,1.0,-0.5,maximum,sum_mod_10,0,0.3952392041683197,10.315016746520996,22,0.5505334250628948,maximum__sum_mod_10,0.2557004690170288,-0.06335978209972382,0.3190602511167526
0.4753655456006527,-0.009571075439453125,False,family-00340,0.5,1.0,-0.5,maximum,sum_mod_10,1,0.2587965726852417,13.894526481628418,22,0.5505334250628948,maximum__sum_mod_10,0.4272546172142029,-0.048110928386449814,0.4753655456006527
0.5198619067668915,0.6362243294715881,False,family-00340,0.5,1.0,-0.5,maximum,sum_mod_10,2,0.4901481866836548,14.94218635559082,22,0.5505334250628948,maximum__sum_mod_10,0.5257753729820251,0.005913466215133667,0.5198619067668915
0.25119640678167343,0.49025022983551025,False,family-00340,0.5,1.0,-0.5,maximum,sum_mod_10,3,0.5320695042610168,17.522663116455078,22,0.5505334250628948,maximum__sum_mod_10,0.2420390546321869,-0.009157352149486542,0.25119640678167343
0.42295245826244354,-0.05902111530303955,False,family-00340,0.0,1.0,-1.0,minimum,sum_mod_10,0,0.37680020928382874,11.116447448730469,22,0.8525983802974224,minimum__sum_mod_10,0.3595926761627197,-0.06335978209972382,0.42295245826244354
0.013548042625188828,0.6967536211013794,False,family-00340,0.0,1.0,-1.0,minimum,sum_mod_10,1,0.15806446969509125,16.18729019165039,22,0.8525983802974224,minimum__sum_mod_10,-0.034562885761260986,-0.048110928386449814,0.013548042625188828
0.37935808300971985,0.12524229288101196,False,family-00340,0.0,1.0,-1.0,minimum,sum_mod_10,2,0.22144895792007446,20.505908966064453,22,0.8525983802974224,minimum__sum_mod_10,0.3852715492248535,0.005913466215133667,0.37935808300971985
0.056282512843608856,-0.08477485179901123,False,family-00340,0.0,1.0,-1.0,minimum,sum_mod_10,3,0.3386911153793335,22.570240020751953,22,0.8525983802974224,minimum__sum_mod_10,0.047125160694122314,-0.009157352149486542,0.056282512843608856
0.37739068269729614,0.010915637016296387,True,family-00341,0.0,1.0,-1.0,maximum,minimum,0,0.060399528592824936,14.268717765808105,22,0.2552225589752197,maximum__minimum,0.924502968788147,0.5471122860908508,0.37739068269729614
0.47628629207611084,-0.06424880027770996,True,family-00341,0.0,1.0,-1.0,maximum,minimum,1,-0.16728097200393677,17.73988914489746,22,0.2552225589752197,maximum__minimum,0.016514182090759277,0.4928004741668701,-0.47628629207611084
0.8264510035514832,0.7592633962631226,True,family-00341,0.0,1.0,-1.0,maximum,minimum,2,-0.2723301947116852,26.545583724975586,22,0.2552225589752197,maximum__minimum,0.8543849587440491,0.027933955192565918,0.8264510035514832
0.26904454827308655,0.8564550876617432,True,family-00341,0.0,1.0,-1.0,maximum,minimum,3,-0.1798631101846695,30.233612060546875,22,0.2552225589752197,maximum__minimum,0.01782989501953125,0.2868744432926178,-0.26904454827308655
0.7744360864162445,-0.6368697881698608,False,family-00341,0.0,0.5,-0.5,maximum,sum_mod_10,0,0.24968662858009338,12.324552536010742,22,0.49884098768234253,maximum__sum_mod_10,0.924502968788147,0.15006688237190247,0.7744360864162445
0.13587671518325806,0.3284900188446045,False,family-00341,0.0,0.5,-0.5,maximum,sum_mod_10,1,0.1438123881816864,15.27926254272461,22,0.49884098768234253,maximum__sum_mod_10,0.016514182090759277,-0.11936253309249878,0.13587671518325806
0.5553972721099854,0.9990841150283813,False,family-00341,0.0,0.5,-0.5,maximum,sum_mod_10,2,-0.013053923845291138,24.047191619873047,22,0.49884098768234253,maximum__sum_mod_10,0.8543849587440491,0.2989876866340637,0.5553972721099854
0.28576356172561646,1.2391278743743896,False,family-00341,0.0,0.5,-0.5,maximum,sum_mod_10,3,0.06166908144950867,27.897459030151367,22,0.49884098768234253,maximum__sum_mod_10,0.01782989501953125,0.3035934567451477,-0.28576356172561646
0.39704540371894836,-0.6477854251861572,False,family-00341,1.0,0.5,0.5,minimum,sum_mod_10,0,0.5689395666122437,9.23190975189209,22,0.2436184287071228,minimum__sum_mod_10,0.5471122860908508,0.15006688237190247,0.39704540371894836
0.6121630072593689,0.39273881912231445,False,family-00341,1.0,0.5,0.5,minimum,sum_mod_10,1,0.6145331263542175,10.563894271850586,22,0.2436184287071228,minimum__sum_mod_10,0.4928004741668701,-0.11936253309249878,0.6121630072593689
0.2710537314414978,0.2398207187652588,False,family-00341,1.0,0.5,0.5,minimum,sum_mod_10,2,0.6436579823493958,11.239666938781738,22,0.2436184287071228,minimum__sum_mod_10,0.027933955192565918,0.2989876866340637,-0.2710537314414978
0.016719013452529907,0.3826727867126465,False,family-00341,1.0,0.5,0.5,minimum,sum_mod_10,3,0.739211916923523,12.255730628967285,22,0.2436184287071228,minimum__sum_mod_10,0.2868744432926178,0.3035934567451477,-0.016719013452529907
0.4612151086330414,0.7548141479492188,True,family-00342,1.0,0.5,0.5,maximum,minimum,0,0.48110777139663696,9.09749984741211,22,0.16776800155639648,maximum__minimum,0.714572548866272,0.2533574402332306,0.4612151086330414
0.3820982575416565,-0.19771647453308105,True,family-00342,1.0,0.5,0.5,maximum,minimum,1,-0.04797821119427681,14.197850227355957,22,0.16776800155639648,maximum__minimum,0.84368497133255,0.46158671379089355,0.3820982575416565
0.7443586587905884,-0.0027664899826049805,True,family-00342,1.0,0.5,0.5,maximum,minimum,2,-0.03481849282979965,20.31829071044922,22,0.16776800155639648,maximum__minimum,0.7153686285018921,-0.02899003028869629,0.7443586587905884
0.06897687911987305,0.9658293724060059,True,family-00342,1.0,0.5,0.5,maximum,minimum,3,0.11633320152759552,23.106491088867188,22,0.16776800155639648,maximum__minimum,0.10313564538955688,0.03415876626968384,0.06897687911987305
0.741366695612669,0.3392016887664795,False,family-00342,1.0,0.0,1.0,maximum,sum_mod_10,0,0.36568647623062134,10.060081481933594,22,0.857954909093678,maximum__sum_mod_10,0.714572548866272,-0.02679414674639702,0.741366695612669
0.8397965244948864,-0.9086332321166992,False,family-00342,1.0,0.0,1.0,maximum,sum_mod_10,1,0.12209019064903259,13.878880500793457,22,0.857954909093678,maximum__sum_mod_10,0.84368497133255,0.0038884468376636505,0.8397965244948864
0.7126548448577523,-0.17869865894317627,False,family-00342,1.0,0.0,1.0,maximum,sum_mod_10,2,0.19833660125732422,18.813495635986328,22,0.857954909093678,maximum__sum_mod_10,0.7153686285018921,0.0027137836441397667,0.7126548448577523
0.10848108772188425,1.258996605873108,False,family-00342,1.0,0.0,1.0,maximum,sum_mod_10,3,0.27793100476264954,22.084814071655273,22,0.857954909093678,maximum__sum_mod_10,0.10313564538955688,-0.005345442332327366,0.10848108772188425
0.2801515869796276,-0.41561245918273926,False,family-00342,0.5,0.0,0.5,minimum,sum_mod_10,0,0.47563058137893677,9.632980346679688,22,0.6901869075372815,minimum__sum_mod_10,0.2533574402332306,-0.02679414674639702,0.2801515869796276
0.4576982669532299,-0.7109167575836182,False,family-00342,0.5,0.0,0.5,minimum,sum_mod_10,1,0.3556946814060211,11.783062934875488,22,0.6901869075372815,minimum__sum_mod_10,0.46158671379089355,0.0038884468376636505,0.4576982669532299
0.031703813932836056,-0.1759321689605713,False,family-00342,0.5,0.0,0.5,minimum,sum_mod_10,2,0.24636130034923553,15.850801467895508,22,0.6901869075372815,minimum__sum_mod_10,-0.02899003028869629,0.0027137836441397667,-0.031703813932836056
0.039504208602011204,0.29316723346710205,False,family-00342,0.5,0.0,0.5,minimum,sum_mod_10,3,0.4535568952560425,19.327394485473633,22,0.6901869075372815,minimum__sum_mod_10,0.03415876626968384,-0.005345442332327366,0.039504208602011204
0.37523943185806274,0.2703380584716797,True,family-00343,0.5,0.0,0.5,maximum,minimum,0,0.2931579351425171,12.036918640136719,22,0.05484038591384888,maximum__minimum,0.26586705446243286,0.6411064863204956,-0.37523943185806274
0.04008650779724121,0.024242162704467773,True,family-00343,0.5,0.0,0.5,maximum,minimum,1,0.04081657528877258,13.979571342468262,22,0.05484038591384888,maximum__minimum,0.08156782388687134,0.04148131608963013,0.04008650779724121
0.8324692845344543,0.008691906929016113,True,family-00343,0.5,0.0,0.5,maximum,minimum,2,0.3109993636608124,18.94713020324707,22,0.05484038591384888,maximum__minimum,0.018427550792694092,0.8508968353271484,-0.8324692845344543
0.037005722522735596,-0.5977575778961182,True,family-00343,0.5,0.0,0.5,maximum,minimum,3,0.3067949116230011,23.42432403564453,22,0.05484038591384888,maximum__minimum,0.06461936235427856,0.10162508487701416,-0.037005722522735596
0.27017684653401375,0.5661392211914062,False,family-00343,0.5,1.0,-0.5,maximum,sum_mod_10,0,0.6031326651573181,8.319571495056152,22,0.9067908115684986,maximum__sum_mod_10,0.26586705446243286,-0.004309792071580887,0.27017684653401375
0.0868833065032959,0.019008874893188477,False,family-00343,0.5,1.0,-0.5,maximum,sum_mod_10,1,0.5272713899612427,9.78719711303711,22,0.9067908115684986,maximum__sum_mod_10,0.08156782388687134,-0.0053154826164245605,0.0868833065032959
0.10078886151313782,0.5359808206558228,False,family-00343,0.5,1.0,-0.5,maximum,sum_mod_10,2,0.6190412640571594,14.865106582641602,22,0.9067908115684986,maximum__sum_mod_10,0.018427550792694092,-0.08236131072044373,0.10078886151313782
0.07829930633306503,0.3582479953765869,False,family-00343,0.5,1.0,-0.5,maximum,sum_mod_10,3,0.5302116274833679,20.782493591308594,22,0.9067908115684986,maximum__sum_mod_10,0.06461936235427856,-0.013679943978786469,0.07829930633306503
0.6454162783920765,0.29580116271972656,False,family-00343,0.0,1.0,-1.0,minimum,sum_mod_10,0,0.319166362285614,11.294876098632812,22,0.8519504256546497,minimum__sum_mod_10,0.6411064863204956,-0.004309792071580887,0.6454162783920765
0.04679679870605469,-0.005233287811279297,False,family-00343,0.0,1.0,-1.0,minimum,sum_mod_10,1,0.3741471767425537,10.90670394897461,22,0.8519504256546497,minimum__sum_mod_10,0.04148131608963013,-0.0053154826164245605,0.04679679870605469
0.9332581460475922,0.5272889137268066,False,family-00343,0.0,1.0,-1.0,minimum,sum_mod_10,2,0.4268576204776764,18.466411590576172,22,0.8519504256546497,minimum__sum_mod_10,0.8508968353271484,-0.08236131072044373,0.9332581460475922
0.11530502885580063,0.9560055732727051,False,family-00343,0.0,1.0,-1.0,minimum,sum_mod_10,3,0.5055403709411621,20.75339698791504,22,0.8519504256546497,minimum__sum_mod_10,0.10162508487701416,-0.013679943978786469,0.11530502885580063
0.7793163657188416,0.5026614665985107,True,family-00344,0.0,1.0,-1.0,maximum,minimum,0,0.2635079026222229,12.218984603881836,22,-0.05613797903060913,maximum__minimum,0.8561209440231323,0.07680457830429077,0.7793163657188416
0.021096408367156982,-0.004956960678100586,True,family-00344,0.0,1.0,-1.0,maximum,minimum,1,0.00027076713740825653,15.333101272583008,22,-0.05613797903060913,maximum__minimum,0.035600483417510986,0.05669689178466797,-0.021096408367156982
0.6570392847061157,0.5505634546279907,True,family-00344,0.0,1.0,-1.0,maximum,minimum,2,0.3059808015823364,20.526975631713867,22,-0.05613797903060913,maximum__minimum,-0.05097675323486328,0.6060625314712524,-0.6570392847061157
0.1469218134880066,-0.4926481246948242,True,family-00344,0.0,1.0,-1.0,maximum,minimum,3,0.3734089732170105,23.749784469604492,22,-0.05613797903060913,maximum__minimum,0.20376849174499512,0.056846678256988525,0.1469218134880066
0.8051826059818268,0.28091859817504883,False,family-00344,0.0,0.5,-0.5,maximum,sum_mod_10,0,0.3224406838417053,11.898133277893066,22,0.42387786507606506,maximum__sum_mod_10,0.8561209440231323,0.05093833804130554,0.8051826059818268
0.27574148774147034,0.5161211490631104,False,family-00344,0.0,0.5,-0.5,maximum,sum_mod_10,1,0.38577911257743835,13.509321212768555,22,0.42387786507606506,maximum__sum_mod_10,0.035600483417510986,-0.24014100432395935,0.27574148774147034
0.35102951526641846,0.8412923812866211,False,family-00344,0.0,0.5,-0.5,maximum,sum_mod_10,2,0.474170982837677,18.003082275390625,22,0.42387786507606506,maximum__sum_mod_10,-0.05097675323486328,0.3000527620315552,-0.35102951526641846
0.2690712511539459,0.26728081703186035,False,family-00344,0.0,0.5,-0.5,maximum,sum_mod_10,3,0.4790354371070862,21.866539001464844,22,0.42387786507606506,maximum__sum_mod_10,0.20376849174499512,-0.0653027594089508,0.2690712511539459
0.02586624026298523,-0.22174286842346191,False,family-00344,1.0,0.5,0.5,minimum,sum_mod_10,0,0.24409282207489014,11.084646224975586,22,0.4800158441066742,minimum__sum_mod_10,0.07680457830429077,0.05093833804130554,0.02586624026298523
0.2968378961086273,0.5210781097412109,False,family-00344,1.0,0.5,0.5,minimum,sum_mod_10,1,0.08166602998971939,15.194439888000488,22,0.4800158441066742,minimum__sum_mod_10,0.05669689178466797,-0.24014100432395935,0.2968378961086273
0.30600976943969727,0.29072892665863037,False,family-00344,1.0,0.5,0.5,minimum,sum_mod_10,2,0.04823887348175049,24.218637466430664,22,0.4800158441066742,minimum__sum_mod_10,0.6060625314712524,0.3000527620315552,0.30600976943969727
0.12214943766593933,0.7599289417266846,False,family-00344,1.0,0.5,0.5,minimum,sum_mod_10,3,0.2471615970134735,26.30079460144043,22,0.4800158441066742,minimum__sum_mod_10,0.056846678256988525,-0.0653027594089508,0.12214943766593933
0.6474759578704834,-0.10747241973876953,True,family-00345,1.0,0.5,0.5,maximum,minimum,0,0.5387788414955139,9.351451873779297,22,-0.6226594150066376,maximum__minimum,-0.07082229852676392,0.5766536593437195,-0.6474759578704834
0.624292641878128,-0.24975109100341797,True,family-00345,1.0,0.5,0.5,maximum,minimum,1,0.3469478189945221,11.17422103881836,22,-0.6226594150066376,maximum__minimum,0.2458840310573578,0.8701766729354858,-0.624292641878128
0.48774150013923645,0.523125410079956,True,family-00345,1.0,0.5,0.5,maximum,minimum,2,0.08665479719638824,17.058834075927734,22,-0.6226594150066376,maximum__minimum,0.20452579855918884,0.6922672986984253,-0.48774150013923645
0.15616975724697113,-0.8307633399963379,True,family-00345,1.0,0.5,0.5,maximum,minimum,3,0.1438610851764679,20.927827835083008,22,-0.6226594150066376,maximum__minimum,0.22425298392772675,0.06808322668075562,0.15616975724697113
0.2501949816942215,-0.24765706062316895,False,family-00345,1.0,0.0,1.0,maximum,sum_mod_10,0,0.3801449239253998,10.039470672607422,22,0.06492801010608673,maximum__sum_mod_10,-0.07082229852676392,0.17937268316745758,-0.2501949816942215
0.128131702542305,-0.8196976184844971,False,family-00345,1.0,0.0,1.0,maximum,sum_mod_10,1,0.3174704909324646,10.97097396850586,22,0.06492801010608673,maximum__sum_mod_10,0.2458840310573578,0.1177523285150528,0.128131702542305
0.11294682323932648,1.1259530782699585,False,family-00345,1.0,0.0,1.0,maximum,sum_mod_10,2,0.36860841512680054,12.904044151306152,22,0.06492801010608673,maximum__sum_mod_10,0.20452579855918884,0.09157897531986237,0.11294682323932648
0.21424588561058044,0.1712484359741211,False,family-00345,1.0,0.0,1.0,maximum,sum_mod_10,3,0.4951683580875397,15.099554061889648,22,0.06492801010608673,maximum__sum_mod_10,0.22425298392772675,0.010007098317146301,0.21424588561058044
0.3972809761762619,-0.14018464088439941,False,family-00345,0.5,0.0,0.5,minimum,sum_mod_10,0,0.544765830039978,8.785608291625977,22,0.6875874251127243,minimum__sum_mod_10,0.5766536593437195,0.17937268316745758,0.3972809761762619
0.752424344420433,-0.5699465274810791,False,family-00345,0.5,0.0,0.5,minimum,sum_mod_10,1,0.4709852337837219,10.648968696594238,22,0.6875874251127243,minimum__sum_mod_10,0.8701766729354858,0.1177523285150528,0.752424344420433
0.6006883233785629,0.6028276681900024,False,family-00345,0.5,0.0,0.5,minimum,sum_mod_10,2,0.3071993589401245,16.141460418701172,22,0.6875874251127243,minimum__sum_mod_10,0.6922672986984253,0.09157897531986237,0.6006883233785629
0.058076128363609314,1.002011775970459,False,family-00345,0.5,0.0,0.5,minimum,sum_mod_10,3,0.4201611280441284,18.69529914855957,22,0.6875874251127243,minimum__sum_mod_10,0.06808322668075562,0.010007098317146301,0.058076128363609314
0.36611074209213257,0.6978725790977478,True,family-00346,0.5,0.0,0.5,maximum,minimum,0,0.44554463028907776,11.190266609191895,22,-0.005806684494018555,maximum__minimum,0.014307737350463867,0.38041847944259644,-0.36611074209213257
0.6822265982627869,-0.5851171016693115,True,family-00346,0.5,0.0,0.5,maximum,minimum,1,0.10987496376037598,14.693982124328613,22,-0.005806684494018555,maximum__minimum,0.6845115423202515,0.0022849440574645996,0.6822265982627869
0.13877439498901367,0.7953572869300842,True,family-00346,0.5,0.0,0.5,maximum,minimum,2,0.02178923785686493,25.578678131103516,22,-0.005806684494018555,maximum__minimum,0.35689258575439453,0.21811819076538086,0.13877439498901367
0.006160438060760498,1.692100167274475,True,family-00346,0.5,0.0,0.5,maximum,minimum,3,0.15041324496269226,26.864938735961914,22,-0.005806684494018555,maximum__minimum,0.0445217490196228,0.0506821870803833,-0.006160438060760498
0.11740851402282715,-0.41392195224761963,False,family-00346,0.5,1.0,-0.5,maximum,sum_mod_10,0,0.5892952680587769,9.369827270507812,22,0.7016581296920776,maximum__sum_mod_10,0.014307737350463867,0.13171625137329102,-0.11740851402282715
0.6002655327320099,-0.23062705993652344,False,family-00346,0.5,1.0,-0.5,maximum,sum_mod_10,1,0.31015434861183167,14.082304000854492,22,0.7016581296920776,maximum__sum_mod_10,0.6845115423202515,0.08424600958824158,0.6002655327320099
0.14862430095672607,0.7377277612686157,False,family-00346,0.5,1.0,-0.5,maximum,sum_mod_10,2,0.3168317377567291,22.047245025634766,22,0.7016581296920776,maximum__sum_mod_10,0.35689258575439453,0.20826828479766846,0.14862430095672607
0.1357743740081787,1.891244649887085,False,family-00346,0.5,1.0,-0.5,maximum,sum_mod_10,3,0.4689279794692993,22.921953201293945,22,0.7016581296920776,maximum__sum_mod_10,0.0445217490196228,-0.09125262498855591,0.1357743740081787
0.24870222806930542,-1.1117945313453674,False,family-00346,0.0,1.0,-1.0,minimum,sum_mod_10,0,0.38840657472610474,11.408185958862305,22,0.7074648141860962,minimum__sum_mod_10,0.38041847944259644,0.13171625137329102,0.24870222806930542
0.08196106553077698,0.3544900417327881,False,family-00346,0.0,1.0,-1.0,minimum,sum_mod_10,1,0.21573595702648163,15.366094589233398,22,0.7074648141860962,minimum__sum_mod_10,0.0022849440574645996,0.08424600958824158,-0.08196106553077698
0.009849905967712402,-0.057629525661468506,False,family-00346,0.0,1.0,-1.0,minimum,sum_mod_10,2,0.4699400067329407,17.65435218811035,22,0.7074648141860962,minimum__sum_mod_10,0.21811819076538086,0.20826828479766846,0.009849905967712402
0.1419348120689392,0.19914448261260986,False,family-00346,0.0,1.0,-1.0,minimum,sum_mod_10,3,0.4193732440471649,20.790307998657227,22,0.7074648141860962,minimum__sum_mod_10,0.0506821870803833,-0.09125262498855591,0.1419348120689392
0.03974395990371704,-0.49813371896743774,True,family-00347,0.0,1.0,-1.0,maximum,minimum,0,0.23986758291721344,13.200132369995117,22,-0.012364506721496582,maximum__minimum,0.46352025866508484,0.4237762987613678,0.03974395990371704
0.08783435821533203,-0.028928041458129883,True,family-00347,0.0,1.0,-1.0,maximum,minimum,1,0.1409653276205063,16.238861083984375,22,-0.012364506721496582,maximum__minimum,0.072970449924469,-0.014863908290863037,0.08783435821533203
0.5052939653396606,0.7661805152893066,True,family-00347,0.0,1.0,-1.0,maximum,minimum,2,-0.02431461773812771,23.0045223236084,22,-0.012364506721496582,maximum__minimum,0.3187856078147888,0.8240795731544495,-0.5052939653396606
0.009017229080200195,-0.36734890937805176,True,family-00347,0.0,1.0,-1.0,maximum,minimum,3,-0.012863505631685257,27.869869232177734,22,-0.012364506721496582,maximum__minimum,0.12870943546295166,0.13772666454315186,-0.009017229080200195
0.46671858173795044,-0.6213276982307434,False,family-00347,0.0,0.5,-0.5,maximum,sum_mod_10,0,0.3434392809867859,11.919600486755371,22,0.8561601138208061,maximum__sum_mod_10,0.46352025866508484,-0.0031983230728656054,0.46671858173795044
0.08308794256299734,0.7156152725219727,False,family-00347,0.0,0.5,-0.5,maximum,sum_mod_10,1,0.35323965549468994,14.045113563537598,22,0.8561601138208061,maximum__sum_mod_10,0.072970449924469,-0.010117492638528347,0.08308794256299734
0.3252921877428889,1.0975598692893982,False,family-00347,0.0,0.5,-0.5,maximum,sum_mod_10,2,0.3074968457221985,20.758302688598633,22,0.8561601138208061,maximum__sum_mod_10,0.3187856078147888,-0.006506579928100109,0.3252921877428889
0.12923970283009112,0.7376828193664551,False,family-00347,0.0,0.5,-0.5,maximum,sum_mod_10,3,0.4392927289009094,23.905014038085938,22,0.8561601138208061,maximum__sum_mod_10,0.12870943546295166,-0.0005302673671394587,0.12923970283009112
0.4269746218342334,-0.12319397926330566,False,family-00347,1.0,0.5,0.5,minimum,sum_mod_10,0,0.29116106033325195,11.768641471862793,22,0.8685246205423027,minimum__sum_mod_10,0.4237762987613678,-0.0031983230728656054,0.4269746218342334
0.00474641565233469,0.7445433139801025,False,family-00347,1.0,0.5,0.5,minimum,sum_mod_10,1,0.17893633246421814,17.090187072753906,22,0.8685246205423027,minimum__sum_mod_10,-0.014863908290863037,-0.010117492638528347,-0.00474641565233469
0.8305861530825496,0.33137935400009155,False,family-00347,1.0,0.5,0.5,minimum,sum_mod_10,2,0.32718169689178467,21.4661865234375,22,0.8685246205423027,minimum__sum_mod_10,0.8240795731544495,-0.006506579928100109,0.8305861530825496
0.13825693191029131,1.1050317287445068,False,family-00347,1.0,0.5,0.5,minimum,sum_mod_10,3,0.4761314392089844,23.73445701599121,22,0.8685246205423027,minimum__sum_mod_10,0.13772666454315186,-0.0005302673671394587,0.13825693191029131
0.32730889320373535,0.20577049255371094,True,family-00348,1.0,0.5,0.5,maximum,minimum,0,0.4952089786529541,9.571276664733887,22,-0.01411968469619751,maximum__minimum,0.008722424507141113,0.33603131771087646,-0.32730889320373535
0.49350887537002563,0.08710730075836182,True,family-00348,1.0,0.5,0.5,maximum,minimum,1,0.09039232134819031,14.056868553161621,22,-0.01411968469619751,maximum__minimum,0.4170132875442505,0.9105221629142761,-0.49350887537002563
0.388222336769104,0.6712374687194824,True,family-00348,1.0,0.5,0.5,maximum,minimum,2,0.04749287664890289,24.618623733520508,22,-0.01411968469619751,maximum__minimum,0.842932939529419,0.45471060276031494,0.388222336769104
0.02853912115097046,0.849346399307251,True,family-00348,1.0,0.5,0.5,maximum,minimum,3,0.15790234506130219,27.718029022216797,22,-0.01411968469619751,maximum__minimum,0.04589700698852539,0.01735788583755493,0.02853912115097046
0.0724765807390213,0.3276461362838745,False,family-00348,1.0,0.0,1.0,maximum,sum_mod_10,0,0.26364651322364807,10.270061492919922,22,0.8933070339262486,maximum__sum_mod_10,0.008722424507141113,-0.06375415623188019,0.0724765807390213
0.4004468750208616,-0.24085628986358643,False,family-00348,1.0,0.0,1.0,maximum,sum_mod_10,1,0.2174701988697052,12.545129776000977,22,0.8933070339262486,maximum__sum_mod_10,0.4170132875442505,0.016566412523388863,0.4004468750208616
0.8259534444659948,0.9329782724380493,False,family-00348,1.0,0.0,1.0,maximum,sum_mod_10,2,0.39082619547843933,18.693607330322266,22,0.8933070339262486,maximum__sum_mod_10,0.842932939529419,0.01697949506342411,0.8259534444659948
0.03860991820693016,1.8508992195129395,False,family-00348,1.0,0.0,1.0,maximum,sum_mod_10,3,0.46164608001708984,21.10691261291504,22,0.8933070339262486,maximum__sum_mod_10,0.04589700698852539,0.00728708878159523,0.03860991820693016
0.39978547394275665,0.12187564373016357,False,family-00348,0.5,0.0,0.5,minimum,sum_mod_10,0,0.5271673202514648,8.93683910369873,22,0.9074267186224461,minimum__sum_mod_10,0.33603131771087646,-0.06375415623188019,0.39978547394275665
0.8939557503908873,-0.32796359062194824,False,family-00348,0.5,0.0,0.5,minimum,sum_mod_10,1,0.42137089371681213,10.58305549621582,22,0.9074267186224461,minimum__sum_mod_10,0.9105221629142761,0.016566412523388863,0.8939557503908873
0.43773110769689083,0.2617408037185669,False,family-00348,0.5,0.0,0.5,minimum,sum_mod_10,2,0.3830135762691498,15.78170108795166,22,0.9074267186224461,minimum__sum_mod_10,0.45471060276031494,0.01697949506342411,0.43773110769689083
0.010070797055959702,1.0015528202056885,False,family-00348,0.5,0.0,0.5,minimum,sum_mod_10,3,0.505511462688446,18.31627082824707,22,0.9074267186224461,minimum__sum_mod_10,0.01735788583755493,0.00728708878159523,0.010070797055959702
0.02956673502922058,0.1668637990951538,True,family-00349,0.5,0.0,0.5,maximum,minimum,0,0.20673076808452606,12.088322639465332,22,0.8807540200650692,maximum__minimum,0.010802209377288818,0.0403689444065094,-0.02956673502922058
0.7520247753709555,-0.67667555809021,True,family-00349,0.5,0.0,0.5,maximum,minimum,1,0.33575186133384705,10.358489990234375,22,0.8807540200650692,maximum__minimum,0.7672197222709656,0.015194946900010109,0.7520247753709555
0.8226817436516285,-0.1753537654876709,True,family-00349,0.5,0.0,0.5,maximum,minimum,2,0.32795095443725586,18.661048889160156,22,0.8807540200650692,maximum__minimum,0.7633137106895447,-0.059368032962083817,0.8226817436516285
0.10094443336129189,1.138992428779602,True,family-00349,0.5,0.0,0.5,maximum,minimum,3,0.4228001832962036,20.47764015197754,22,0.8807540200650692,maximum__minimum,0.06078171730041504,-0.040162716060876846,0.10094443336129189
0.03560364246368408,0.49444103240966797,False,family-00349,0.5,1.0,-0.5,maximum,sum_mod_10,0,0.2644883692264557,11.413572311401367,22,0.5671797692775726,maximum__sum_mod_10,0.010802209377288818,-0.024801433086395264,0.03560364246368408
0.778022974729538,-0.5354979038238525,False,family-00349,0.5,1.0,-0.5,maximum,sum_mod_10,1,0.3496127128601074,9.943538665771484,22,0.5671797692775726,maximum__sum_mod_10,0.7672197222709656,-0.010803252458572388,0.778022974729538
0.9580945670604706,0.3179420828819275,False,family-00349,0.5,1.0,-0.5,maximum,sum_mod_10,2,0.43286019563674927,18.222267150878906,22,0.5671797692775726,maximum__sum_mod_10,0.7633137106895447,-0.1947808563709259,0.9580945670604706
0.1977432668209076,1.6095619201660156,False,family-00349,0.5,1.0,-0.5,maximum,sum_mod_10,3,0.5541085004806519,18.830049514770508,22,0.5671797692775726,maximum__sum_mod_10,0.06078171730041504,0.25852498412132263,-0.1977432668209076
0.06517037749290466,0.32757723331451416,False,family-00349,0.0,1.0,-1.0,minimum,sum_mod_10,0,0.4496850073337555,11.229743003845215,22,-0.31357425078749657,minimum__sum_mod_10,0.0403689444065094,-0.024801433086395264,0.06517037749290466
0.025998199358582497,0.14117765426635742,False,family-00349,0.0,1.0,-1.0,minimum,sum_mod_10,1,0.49154549837112427,9.976880073547363,22,-0.31357425078749657,minimum__sum_mod_10,0.015194946900010109,-0.010803252458572388,0.025998199358582497
0.1354128234088421,0.4932958483695984,False,family-00349,0.0,1.0,-1.0,minimum,sum_mod_10,2,0.604634702205658,12.68331241607666,22,-0.31357425078749657,minimum__sum_mod_10,-0.059368032962083817,-0.1947808563709259,0.1354128234088421
0.2986877001821995,0.4705694913864136,False,family-00349,0.0,1.0,-1.0,minimum,sum_mod_10,3,0.6870139241218567,13.706205368041992,22,-0.31357425078749657,minimum__sum_mod_10,-0.040162716060876846,0.25852498412132263,-0.2986877001821995
0.6909623742103577,0.08091998100280762,True,family-00350,0.0,1.0,-1.0,maximum,minimum,0,0.00607927143573761,14.861808776855469,22,-0.15481382608413696,maximum__minimum,0.7095973491668701,0.01863497495651245,0.6909623742103577
0.4825400114059448,0.3590881824493408,True,family-00350,0.0,1.0,-1.0,maximum,minimum,1,-0.20923341810703278,17.035661697387695,22,-0.15481382608413696,maximum__minimum,0.5148731470108032,0.0323331356048584,0.4825400114059448
0.24505969882011414,1.3109484910964966,True,family-00350,0.0,1.0,-1.0,maximum,minimum,2,-0.1619996428489685,24.321996688842773,22,-0.15481382608413696,maximum__minimum,0.7073150873184204,0.4622553884983063,0.24505969882011414
0.015324294567108154,1.714667558670044,True,family-00350,0.0,1.0,-1.0,maximum,minimum,3,-0.0909479558467865,25.449556350708008,22,-0.15481382608413696,maximum__minimum,0.036012351512908936,0.02068805694580078,0.015324294567108154
0.7131817312911153,-0.01707911491394043,False,family-00350,0.0,0.5,-0.5,maximum,sum_mod_10,0,0.29886025190353394,12.841231346130371,22,0.7559314332902431,maximum__sum_mod_10,0.7095973491668701,-0.0035843821242451668,0.7131817312911153
0.5121900646481663,1.7713950276374817,False,family-00350,0.0,0.5,-0.5,maximum,sum_mod_10,1,0.1889941245317459,17.820158004760742,22,0.7559314332902431,maximum__sum_mod_10,0.5148731470108032,0.002683082362636924,0.5121900646481663
0.7093860036693513,0.966910719871521,False,family-00350,0.0,0.5,-0.5,maximum,sum_mod_10,2,0.23394005000591278,21.449237823486328,22,0.7559314332902431,maximum__sum_mod_10,0.7073150873184204,-0.002070916350930929,0.7093860036693513
0.04425658658146858,2.100497841835022,False,family-00350,0.0,0.5,-0.5,maximum,sum_mod_10,3,0.3679962456226349,22.35370635986328,22,0.7559314332902431,maximum__sum_mod_10,0.036012351512908936,-0.008244235068559647,0.04425658658146858
0.022219357080757618,-0.09799909591674805,False,family-00350,1.0,0.5,0.5,minimum,sum_mod_10,0,0.33799728751182556,10.570384979248047,22,0.9107452593743801,minimum__sum_mod_10,0.01863497495651245,-0.0035843821242451668,0.022219357080757618
0.029650053242221475,1.4123068451881409,False,family-00350,1.0,0.5,0.5,minimum,sum_mod_10,1,0.2391451895236969,16.446449279785156,22,0.9107452593743801,minimum__sum_mod_10,0.0323331356048584,0.002683082362636924,0.029650053242221475
0.4643263048492372,-0.3440377712249756,False,family-00350,1.0,0.5,0.5,minimum,sum_mod_10,2,0.35307878255844116,19.378265380859375,22,0.9107452593743801,minimum__sum_mod_10,0.4622553884983063,-0.002070916350930929,0.4643263048492372
0.028932292014360428,0.385830283164978,False,family-00350,1.0,0.5,0.5,minimum,sum_mod_10,3,0.3123037815093994,23.696640014648438,22,0.9107452593743801,minimum__sum_mod_10,0.02068805694580078,-0.008244235068559647,0.028932292014360428
0.06096833944320679,0.5281553268432617,True,family-00351,1.0,0.5,0.5,maximum,minimum,0,0.5338149666786194,9.402338981628418,22,0.09964454174041748,maximum__minimum,-0.017202317714691162,0.043766021728515625,-0.06096833944320679
0.34611666202545166,0.10320556163787842,True,family-00351,1.0,0.5,0.5,maximum,minimum,1,0.3246418833732605,12.739240646362305,22,0.09964454174041748,maximum__minimum,0.5293697118759155,0.18325304985046387,0.34611666202545166
0.15428459644317627,0.9392871856689453,True,family-00351,1.0,0.5,0.5,maximum,minimum,2,0.2364090383052826,22.914947509765625,22,0.09964454174041748,maximum__minimum,0.8406983613967896,0.6864137649536133,0.15428459644317627
0.07470744848251343,1.995760202407837,True,family-00351,1.0,0.5,0.5,maximum,minimum,3,0.3210147023200989,24.595460891723633,22,0.09964454174041748,maximum__minimum,0.05571019649505615,-0.018997251987457275,0.07470744848251343
0.038147009909152985,0.1002955436706543,False,family-00351,1.0,0.0,1.0,maximum,sum_mod_10,0,0.26034897565841675,11.791491508483887,22,0.8135183453559875,maximum__sum_mod_10,-0.017202317714691162,-0.05534932762384415,0.038147009909152985
0.5312744081020355,-1.0140300989151,False,family-00351,1.0,0.0,1.0,maximum,sum_mod_10,1,0.3295837640762329,12.135995864868164,22,0.8135183453559875,maximum__sum_mod_10,0.5293697118759155,-0.0019046962261199951,0.5312744081020355
0.8330332972109318,0.485048770904541,False,family-00351,1.0,0.0,1.0,maximum,sum_mod_10,2,0.4651637077331543,18.961952209472656,22,0.8135183453559875,maximum__sum_mod_10,0.8406983613967896,0.007665064185857773,0.8330332972109318
0.05591670423746109,1.832384467124939,False,family-00351,1.0,0.0,1.0,maximum,sum_mod_10,3,0.5610702037811279,19.807846069335938,22,0.8135183453559875,maximum__sum_mod_10,0.05571019649505615,-0.00020650774240493774,0.05591670423746109
0.09911534935235977,-0.4278597831726074,False,family-00351,0.5,0.0,0.5,minimum,sum_mod_10,0,0.3041873872280121,11.494726181030273,22,0.7138738036155701,minimum__sum_mod_10,0.043766021728515625,-0.05534932762384415,0.09911534935235977
0.18515774607658386,-1.1172356605529785,False,family-00351,0.5,0.0,0.5,minimum,sum_mod_10,1,0.2525610625743866,13.084943771362305,22,0.7138738036155701,minimum__sum_mod_10,0.18325304985046387,-0.0019046962261199951,0.18515774607658386
0.6787487007677555,-0.4542384147644043,False,family-00351,0.5,0.0,0.5,minimum,sum_mod_10,2,0.5267297625541687,14.881190299987793,22,0.7138738036155701,minimum__sum_mod_10,0.6864137649536133,0.007665064185857773,0.6787487007677555
0.018790744245052338,-0.16337573528289795,False,family-00351,0.5,0.0,0.5,minimum,sum_mod_10,3,0.6154337525367737,15.992439270019531,22,0.7138738036155701,minimum__sum_mod_10,-0.018997251987457275,-0.00020650774240493774,-0.018790744245052338
0.8084575533866882,-0.8672192692756653,True,family-00352,0.5,0.0,0.5,maximum,minimum,0,0.35287657380104065,12.946087837219238,22,0.007392406463623047,maximum__minimum,-0.05518019199371338,0.7532773613929749,-0.8084575533866882
0.18466335535049438,-0.896621823310852,True,family-00352,0.5,0.0,0.5,maximum,minimum,1,0.1632847934961319,14.493109703063965,22,0.007392406463623047,maximum__minimum,0.5746263265609741,0.38996297121047974,0.18466335535049438
0.1668453812599182,0.8389260768890381,True,family-00352,0.5,0.0,0.5,maximum,minimum,2,0.074015773832798,22.224069595336914,22,0.007392406463623047,maximum__minimum,0.5727685689926147,0.739613950252533,-0.1668453812599182
0.1221545934677124,0.49423789978027344,True,family-00352,0.5,0.0,0.5,maximum,minimum,3,0.2983241677284241,22.805570602416992,22,0.007392406463623047,maximum__minimum,0.2332371473312378,0.11108255386352539,0.1221545934677124
0.13011546432971954,-0.28904110193252563,False,family-00352,0.5,1.0,-0.5,maximum,sum_mod_10,0,0.2955392897129059,12.89848518371582,22,0.6845198050141335,maximum__sum_mod_10,-0.05518019199371338,0.07493527233600616,-0.13011546432971954
0.545202411711216,-0.6800514459609985,False,family-00352,0.5,1.0,-0.5,maximum,sum_mod_10,1,0.27270007133483887,12.214908599853516,22,0.6845198050141335,maximum__sum_mod_10,0.5746263265609741,0.029423914849758148,0.545202411711216
0.5395344719290733,0.6858837604522705,False,family-00352,0.5,1.0,-0.5,maximum,sum_mod_10,2,0.38977259397506714,16.243955612182617,22,0.6845198050141335,maximum__sum_mod_10,0.5727685689926147,0.03323409706354141,0.5395344719290733
0.3556301221251488,1.0689287185668945,False,family-00352,0.5,1.0,-0.5,maximum,sum_mod_10,3,0.6460400819778442,14.512879371643066,22,0.6845198050141335,maximum__sum_mod_10,0.2332371473312378,-0.12239297479391098,0.3556301221251488
0.6783420890569687,0.5781781673431396,False,family-00352,0.0,1.0,-1.0,minimum,sum_mod_10,0,0.9196832180023193,4.559014797210693,22,0.6771273985505104,minimum__sum_mod_10,0.7532773613929749,0.07493527233600616,0.6783420890569687
0.3605390563607216,0.21657037734985352,False,family-00352,0.0,1.0,-1.0,minimum,sum_mod_10,1,0.8474768400192261,6.288979530334473,22,0.6771273985505104,minimum__sum_mod_10,0.38996297121047974,0.029423914849758148,0.3605390563607216
0.7063798531889915,-0.15304231643676758,False,family-00352,0.0,1.0,-1.0,minimum,sum_mod_10,2,0.546578049659729,14.956006050109863,22,0.6771273985505104,minimum__sum_mod_10,0.739613950252533,0.03323409706354141,0.7063798531889915
0.23347552865743637,0.5746908187866211,False,family-00352,0.0,1.0,-1.0,minimum,sum_mod_10,3,0.5483543276786804,18.18478775024414,22,0.6771273985505104,minimum__sum_mod_10,0.11108255386352539,-0.12239297479391098,0.23347552865743637
0.3071219325065613,0.6010751724243164,True,family-00353,0.0,1.0,-1.0,maximum,minimum,0,0.1569398194551468,12.653346061706543,22,0.09202462434768677,maximum__minimum,0.9488977193832397,0.6417757868766785,0.3071219325065613
0.27260899543762207,-0.0757741928100586,True,family-00353,0.0,1.0,-1.0,maximum,minimum,1,-0.10963132232427597,15.598971366882324,22,0.09202462434768677,maximum__minimum,0.046051025390625,0.31866002082824707,-0.27260899543762207
0.6359472870826721,1.0866322219371796,True,family-00353,0.0,1.0,-1.0,maximum,minimum,2,0.1818242371082306,20.028215408325195,22,0.09202462434768677,maximum__minimum,0.010753095149993896,0.646700382232666,-0.6359472870826721
0.06477904319763184,0.10491549968719482,True,family-00353,0.0,1.0,-1.0,maximum,minimum,3,0.1321949064731598,25.81998634338379,22,0.09202462434768677,maximum__minimum,0.06589382886886597,0.0011147856712341309,0.06477904319763184
0.9961643181741238,0.07819938659667969,False,family-00353,0.0,0.5,-0.5,maximum,sum_mod_10,0,0.15800431370735168,12.514927864074707,22,0.9075647853314877,maximum__sum_mod_10,0.9488977193832397,-0.04726659879088402,0.9961643181741238
0.09127257391810417,0.6880347728729248,False,family-00353,0.0,0.5,-0.5,maximum,sum_mod_10,1,0.19321556389331818,15.581238746643066,22,0.9075647853314877,maximum__sum_mod_10,0.046051025390625,-0.04522154852747917,0.09127257391810417
0.021674644201993942,0.48452627658843994,False,family-00353,0.0,0.5,-0.5,maximum,sum_mod_10,2,0.34975600242614746,19.50466537475586,22,0.9075647853314877,maximum__sum_mod_10,0.010753095149993896,0.03242773935198784,-0.021674644201993942
0.05231603607535362,0.25143396854400635,False,family-00353,0.0,0.5,-0.5,maximum,sum_mod_10,3,0.2870025336742401,25.577484130859375,22,0.9075647853314877,maximum__sum_mod_10,0.06589382886886597,0.013577792793512344,0.05231603607535362
0.6890423856675625,-0.5228757858276367,False,family-00353,1.0,0.5,0.5,minimum,sum_mod_10,0,0.5174373984336853,8.93339729309082,22,0.8155401609838009,minimum__sum_mod_10,0.6417757868766785,-0.04726659879088402,0.6890423856675625
0.36388156935572624,0.7638089656829834,False,family-00353,1.0,0.5,0.5,minimum,sum_mod_10,1,0.530397891998291,11.616573333740234,22,0.8155401609838009,minimum__sum_mod_10,0.31866002082824707,-0.04522154852747917,0.36388156935572624
0.6142726428806782,-0.6021059453487396,False,family-00353,1.0,0.5,0.5,minimum,sum_mod_10,2,0.7078793048858643,12.320558547973633,22,0.8155401609838009,minimum__sum_mod_10,0.646700382232666,0.03242773935198784,0.6142726428806782
0.012463007122278214,0.14651846885681152,False,family-00353,1.0,0.5,0.5,minimum,sum_mod_10,3,0.7999078035354614,12.771839141845703,22,0.8155401609838009,minimum__sum_mod_10,0.0011147856712341309,0.013577792793512344,-0.012463007122278214
0.1320263147354126,0.3768031597137451,True,family-00354,1.0,0.5,0.5,maximum,minimum,0,0.4846034049987793,9.388437271118164,22,-0.12549245357513428,maximum__minimum,-0.05012708902359009,0.08189922571182251,-0.1320263147354126
0.010191917419433594,-0.35806798934936523,True,family-00354,1.0,0.5,0.5,maximum,minimum,1,0.09161227196455002,14.217425346374512,22,-0.12549245357513428,maximum__minimum,0.1379997730255127,0.1278078556060791,0.010191917419433594
0.4933664798736572,0.7030201554298401,True,family-00354,1.0,0.5,0.5,maximum,minimum,2,-0.12036148458719254,27.550031661987305,22,-0.12549245357513428,maximum__minimum,0.6497961282730103,0.15642964839935303,0.4933664798736572
0.1106763482093811,2.2400115728378296,True,family-00354,1.0,0.5,0.5,maximum,minimum,3,0.02716599777340889,28.423938751220703,22,-0.12549245357513428,maximum__minimum,0.1210256814956665,0.0103493332862854,0.1106763482093811
0.04707631841301918,0.1923363208770752,False,family-00354,1.0,0.0,1.0,maximum,sum_mod_10,0,0.3666630685329437,10.687544822692871,22,0.8122761603444815,maximum__sum_mod_10,-0.05012708902359009,-0.0030507706105709076,-0.04707631841301918
0.13099758885800838,-0.6040761470794678,False,family-00354,1.0,0.0,1.0,maximum,sum_mod_10,1,0.15559853613376617,15.123831748962402,22,0.8122761603444815,maximum__sum_mod_10,0.1379997730255127,0.007002184167504311,0.13099758885800838
0.6545740272849798,0.7171888947486877,False,family-00354,1.0,0.0,1.0,maximum,sum_mod_10,2,0.08573306351900101,24.972530364990234,22,0.8122761603444815,maximum__sum_mod_10,0.6497961282730103,-0.004777899011969566,0.6545740272849798
0.11715385690331459,2.3178142309188843,False,family-00354,1.0,0.0,1.0,maximum,sum_mod_10,3,0.2601761817932129,26.136747360229492,22,0.8122761603444815,maximum__sum_mod_10,0.1210256814956665,0.0038718245923519135,0.11715385690331459
0.08494999632239342,-0.18446683883666992,False,family-00354,0.5,0.0,0.5,minimum,sum_mod_10,0,0.45836085081100464,9.837411880493164,22,0.9377686139196157,minimum__sum_mod_10,0.08189922571182251,-0.0030507706105709076,0.08494999632239342
0.12080567143857479,-0.24600815773010254,False,family-00354,0.5,0.0,0.5,minimum,sum_mod_10,1,0.3823786973953247,11.7625150680542,22,0.9377686139196157,minimum__sum_mod_10,0.1278078556060791,0.007002184167504311,0.12080567143857479
0.1612075474113226,0.014168739318847656,False,family-00354,0.5,0.0,0.5,minimum,sum_mod_10,2,0.627553403377533,13.27051830291748,22,0.9377686139196157,minimum__sum_mod_10,0.15642964839935303,-0.004777899011969566,0.1612075474113226
0.006477508693933487,0.07780265808105469,False,family-00354,0.5,0.0,0.5,minimum,sum_mod_10,3,0.6399595141410828,16.09234619140625,22,0.9377686139196157,minimum__sum_mod_10,0.0103493332862854,0.0038718245923519135,0.006477508693933487
0.3798883855342865,0.4908304214477539,True,family-00355,0.5,0.0,0.5,maximum,minimum,0,0.41406846046447754,10.720215797424316,22,0.40492355823516846,maximum__minimum,0.10747092962265015,0.48735931515693665,-0.3798883855342865
0.614747166633606,-0.6134641170501709,True,family-00355,0.5,0.0,0.5,maximum,minimum,1,0.04141824319958687,13.553176879882812,22,0.40492355823516846,maximum__minimum,0.583196759223938,-0.03155040740966797,0.614747166633606
0.5585128366947174,-0.2414553165435791,True,family-00355,0.5,0.0,0.5,maximum,minimum,2,-0.24443206191062927,21.800851821899414,22,0.40492355823516846,maximum__minimum,0.6231821775436401,0.06466934084892273,0.5585128366947174
0.33831024169921875,1.420073390007019,True,family-00355,0.5,0.0,0.5,maximum,minimum,3,-0.015021705999970436,20.515966415405273,22,0.40492355823516846,maximum__minimum,0.11728090047836304,0.4555911421775818,-0.33831024169921875
0.06325271725654602,-0.012990593910217285,False,family-00355,0.5,1.0,-0.5,maximum,sum_mod_10,0,0.4520128071308136,10.215319633483887,22,0.658494621515274,maximum__sum_mod_10,0.10747092962265015,0.17072364687919617,-0.06325271725654602
0.6046282947063446,-0.5115792751312256,False,family-00355,0.5,1.0,-0.5,maximum,sum_mod_10,1,0.22442802786827087,13.200301170349121,22,0.658494621515274,maximum__sum_mod_10,0.583196759223938,-0.021431535482406616,0.6046282947063446
0.838627278804779,0.19981229305267334,False,family-00355,0.5,1.0,-0.5,maximum,sum_mod_10,2,0.3229276239871979,17.776247024536133,22,0.658494621515274,maximum__sum_mod_10,0.6231821775436401,-0.21544510126113892,0.838627278804779
0.06747031211853027,1.586281180381775,False,family-00355,0.5,1.0,-0.5,maximum,sum_mod_10,3,0.48638588190078735,20.306427001953125,22,0.658494621515274,maximum__sum_mod_10,0.11728090047836304,0.1847512125968933,-0.06747031211853027
0.3166356682777405,-0.5038210153579712,False,family-00355,0.0,1.0,-1.0,minimum,sum_mod_10,0,0.462960422039032,11.448724746704102,22,0.2535710632801056,minimum__sum_mod_10,0.48735931515693665,0.17072364687919617,0.3166356682777405
0.010118871927261353,0.10188484191894531,False,family-00355,0.0,1.0,-1.0,minimum,sum_mod_10,1,0.4421073794364929,12.977665901184082,22,0.2535710632801056,minimum__sum_mod_10,-0.03155040740966797,-0.021431535482406616,-0.010118871927261353
0.28011444211006165,0.44126760959625244,False,family-00355,0.0,1.0,-1.0,minimum,sum_mod_10,2,0.3475908041000366,18.0989933013916,22,0.2535710632801056,minimum__sum_mod_10,0.06466934084892273,-0.21544510126113892,0.28011444211006165
0.2708399295806885,0.16620779037475586,False,family-00355,0.0,1.0,-1.0,minimum,sum_mod_10,3,0.46299082040786743,20.289461135864258,22,0.2535710632801056,minimum__sum_mod_10,0.4555911421775818,0.1847512125968933,0.2708399295806885
0.6127521395683289,0.5904130935668945,True,family-00356,0.0,1.0,-1.0,maximum,minimum,0,0.2391357719898224,12.506689071655273,22,-0.0031147003173828125,maximum__minimum,0.9139922857284546,0.30124014616012573,0.6127521395683289
0.1241905689239502,0.1430673599243164,True,family-00356,0.0,1.0,-1.0,maximum,minimum,1,-0.04296177625656128,15.017149925231934,22,-0.0031147003173828125,maximum__minimum,0.13875216245651245,0.014561593532562256,0.1241905689239502
0.18331652879714966,1.3222611546516418,True,family-00356,0.0,1.0,-1.0,maximum,minimum,2,0.07723689824342728,22.513654708862305,22,-0.0031147003173828125,maximum__minimum,0.028326869010925293,0.21164339780807495,-0.18331652879714966
0.1895049810409546,1.083989143371582,True,family-00356,0.0,1.0,-1.0,maximum,minimum,3,0.052743859589099884,27.30388641357422,22,-0.0031147003173828125,maximum__minimum,0.19236129522323608,0.002856314182281494,0.1895049810409546
0.9129016995429993,-0.1768040657043457,False,family-00356,0.0,0.5,-0.5,maximum,sum_mod_10,0,0.1537182778120041,13.194217681884766,22,0.8167244046926498,maximum__sum_mod_10,0.9139922857284546,0.0010905861854553223,0.9129016995429993
0.05123206973075867,0.5992164611816406,False,family-00356,0.0,0.5,-0.5,maximum,sum_mod_10,1,0.23771120607852936,14.59008502960205,22,0.8167244046926498,maximum__sum_mod_10,0.13875216245651245,0.08752009272575378,0.05123206973075867
0.0039500221610069275,0.8661928176879883,False,family-00356,0.0,0.5,-0.5,maximum,sum_mod_10,2,0.2978391647338867,20.26723861694336,22,0.8167244046926498,maximum__sum_mod_10,0.028326869010925293,0.03227689117193222,-0.0039500221610069275
0.23528794944286346,0.8361364603042603,False,family-00356,0.0,0.5,-0.5,maximum,sum_mod_10,3,0.26712438464164734,24.89779281616211,22,0.8167244046926498,maximum__sum_mod_10,0.19236129522323608,-0.04292665421962738,0.23528794944286346
0.3001495599746704,-0.7672171592712402,False,family-00356,1.0,0.5,0.5,minimum,sum_mod_10,0,0.2935747802257538,10.815185546875,22,0.8198391050100327,minimum__sum_mod_10,0.30124014616012573,0.0010905861854553223,0.3001495599746704
0.07295849919319153,0.4561491012573242,False,family-00356,1.0,0.5,0.5,minimum,sum_mod_10,1,0.14215992391109467,13.59508991241455,22,0.8198391050100327,minimum__sum_mod_10,0.014561593532562256,0.08752009272575378,-0.07295849919319153
0.17936650663614273,-0.45606833696365356,False,family-00356,1.0,0.5,0.5,minimum,sum_mod_10,2,0.43918055295944214,16.60898208618164,22,0.8198391050100327,minimum__sum_mod_10,0.21164339780807495,0.03227689117193222,0.17936650663614273
0.045782968401908875,-0.24785268306732178,False,family-00356,1.0,0.5,0.5,minimum,sum_mod_10,3,0.42919600009918213,20.330556869506836,22,0.8198391050100327,minimum__sum_mod_10,0.002856314182281494,-0.04292665421962738,0.045782968401908875
0.013107717037200928,0.5635380744934082,True,family-00357,1.0,0.5,0.5,maximum,minimum,0,0.43819496035575867,9.704463958740234,22,-0.011232078075408936,maximum__minimum,0.0540197491645813,0.04091203212738037,0.013107717037200928
0.8208518028259277,-0.7937824726104736,True,family-00357,1.0,0.5,0.5,maximum,minimum,1,-0.061738088726997375,14.209425926208496,22,-0.011232078075408936,maximum__minimum,0.923382580280304,0.10253077745437622,0.8208518028259277
0.15400421619415283,0.8309915065765381,True,family-00357,1.0,0.5,0.5,maximum,minimum,2,0.08666257560253143,20.396055221557617,22,-0.011232078075408936,maximum__minimum,0.0616229772567749,0.21562719345092773,-0.15400421619415283
0.11959624290466309,0.30696630477905273,True,family-00357,1.0,0.5,0.5,maximum,minimum,3,0.11088017374277115,24.197551727294922,22,-0.011232078075408936,maximum__minimum,0.1344572901725769,0.014861047267913818,0.11959624290466309
0.14251211285591125,-0.11228179931640625,False,family-00357,1.0,0.0,1.0,maximum,sum_mod_10,0,0.42319390177726746,9.523316383361816,22,0.7770280241966248,maximum__sum_mod_10,0.0540197491645813,-0.08849236369132996,0.14251211285591125
1.0456587076187134,-1.3106634616851807,False,family-00357,1.0,0.0,1.0,maximum,sum_mod_10,1,0.2836320102214813,12.203548431396484,22,0.7770280241966248,maximum__sum_mod_10,0.923382580280304,-0.12227612733840942,1.0456587076187134
0.12490622699260712,0.3469017744064331,False,family-00357,1.0,0.0,1.0,maximum,sum_mod_10,2,0.35101595520973206,15.689244270324707,22,0.7770280241966248,maximum__sum_mod_10,0.0616229772567749,-0.06328324973583221,0.12490622699260712
0.1741330772638321,0.2837402820587158,False,family-00357,1.0,0.0,1.0,maximum,sum_mod_10,3,0.17588484287261963,21.747074127197266,22,0.7770280241966248,maximum__sum_mod_10,0.1344572901725769,-0.03967578709125519,0.1741330772638321
0.12940439581871033,-0.6758198738098145,False,family-00357,0.5,0.0,0.5,minimum,sum_mod_10,0,0.2327137291431427,11.837867736816406,22,0.7882601022720337,minimum__sum_mod_10,0.04091203212738037,-0.08849236369132996,0.12940439581871033
0.22480690479278564,-0.516880989074707,False,family-00357,0.5,0.0,0.5,minimum,sum_mod_10,1,0.23165494203567505,11.816511154174805,22,0.7882601022720337,minimum__sum_mod_10,0.10253077745437622,-0.12227612733840942,0.22480690479278564
0.27891044318675995,-0.484089732170105,False,family-00357,0.5,0.0,0.5,minimum,sum_mod_10,2,0.47919100522994995,14.849310874938965,22,0.7882601022720337,minimum__sum_mod_10,0.21562719345092773,-0.06328324973583221,0.27891044318675995
0.054536834359169006,-0.023226022720336914,False,family-00357,0.5,0.0,0.5,minimum,sum_mod_10,3,0.5081256031990051,17.07644271850586,22,0.7882601022720337,minimum__sum_mod_10,0.014861047267913818,-0.03967578709125519,0.054536834359169006
0.07469475269317627,-0.06287860870361328,True,family-00358,0.5,0.0,0.5,maximum,minimum,0,0.44807499647140503,10.667255401611328,22,0.6034961938858032,maximum__minimum,0.05766516923904419,0.13235992193222046,-0.07469475269317627
0.5483007580041885,-0.43352508544921875,True,family-00358,0.5,0.0,0.5,maximum,minimum,1,0.26170969009399414,12.66034984588623,22,0.6034961938858032,maximum__minimum,0.7158278822898865,0.16752712428569794,0.5483007580041885
0.43312567472457886,0.0010700225830078125,True,family-00358,0.5,0.0,0.5,maximum,minimum,2,0.18466374278068542,18.231706619262695,22,0.6034961938858032,maximum__minimum,0.6150786280632019,0.18195295333862305,0.43312567472457886
0.08922925591468811,1.8175777196884155,True,family-00358,0.5,0.0,0.5,maximum,minimum,3,0.38279423117637634,18.189741134643555,22,0.6034961938858032,maximum__minimum,0.04675698280334473,0.13598623871803284,-0.08922925591468811
0.07016077637672424,0.9567995071411133,False,family-00358,0.5,1.0,-0.5,maximum,sum_mod_10,0,0.48995301127433777,9.425817489624023,22,0.573580414056778,maximum__sum_mod_10,0.05766516923904419,-0.012495607137680054,0.07016077637672424
0.8795855641365051,0.33644628524780273,False,family-00358,0.5,1.0,-0.5,maximum,sum_mod_10,1,0.4644745886325836,11.116934776306152,22,0.573580414056778,maximum__sum_mod_10,0.7158278822898865,-0.16375768184661865,0.8795855641365051
0.5206465870141983,0.683619499206543,False,family-00358,0.5,1.0,-0.5,maximum,sum_mod_10,2,0.5764788389205933,15.190045356750488,22,0.573580414056778,maximum__sum_mod_10,0.6150786280632019,0.0944320410490036,0.5206465870141983
0.09854933619499207,2.0573664903640747,False,family-00358,0.5,1.0,-0.5,maximum,sum_mod_10,3,0.6501973271369934,16.244216918945312,22,0.573580414056778,maximum__sum_mod_10,0.04675698280334473,-0.05179235339164734,0.09854933619499207
0.1448555290699005,1.0196781158447266,False,family-00358,0.0,1.0,-1.0,minimum,sum_mod_10,0,0.4543280601501465,10.28261947631836,22,-0.02991577982902527,minimum__sum_mod_10,0.13235992193222046,-0.012495607137680054,0.1448555290699005
0.3312848061323166,0.7699713706970215,False,family-00358,0.0,1.0,-1.0,minimum,sum_mod_10,1,0.31177881360054016,11.577296257019043,22,-0.02991577982902527,minimum__sum_mod_10,0.16752712428569794,-0.16375768184661865,0.3312848061323166
0.08752091228961945,0.6825494766235352,False,family-00358,0.0,1.0,-1.0,minimum,sum_mod_10,2,0.25722837448120117,17.333335876464844,22,-0.02991577982902527,minimum__sum_mod_10,0.18195295333862305,0.0944320410490036,0.08752091228961945
0.18777859210968018,0.23978877067565918,False,family-00358,0.0,1.0,-1.0,minimum,sum_mod_10,3,0.35737916827201843,19.079500198364258,22,-0.02991577982902527,minimum__sum_mod_10,0.13598623871803284,-0.05179235339164734,0.18777859210968018
0.16681012511253357,0.41985487937927246,True,family-00359,0.0,1.0,-1.0,maximum,minimum,0,0.09675108641386032,13.195762634277344,22,-0.2920863628387451,maximum__minimum,0.3167007267475128,0.14989060163497925,0.16681012511253357
0.17745035886764526,0.20698261260986328,True,family-00359,0.0,1.0,-1.0,maximum,minimum,1,-0.0019111987203359604,15.49262809753418,22,-0.2920863628387451,maximum__minimum,0.018579185009002686,0.19602954387664795,-0.17745035886764526
0.11921942234039307,1.4314603805541992,True,family-00359,0.0,1.0,-1.0,maximum,minimum,2,0.1041247695684433,19.423526763916016,22,-0.2920863628387451,maximum__minimum,0.5118629932403564,0.6310824155807495,-0.11921942234039307
0.020117849111557007,0.12497353553771973,True,family-00359,0.0,1.0,-1.0,maximum,minimum,3,0.21575362980365753,21.949542999267578,22,-0.2920863628387451,maximum__minimum,0.1477338969707489,0.1276160478591919,0.020117849111557007
0.32373744063079357,-0.028217315673828125,False,family-00359,0.0,0.5,-0.5,maximum,sum_mod_10,0,0.3218679428100586,11.081019401550293,22,0.6058286530897021,maximum__sum_mod_10,0.3167007267475128,-0.007036713883280754,0.32373744063079357
0.015184702351689339,0.8539865016937256,False,family-00359,0.0,0.5,-0.5,maximum,sum_mod_10,1,0.27250730991363525,13.757640838623047,22,0.6058286530897021,maximum__sum_mod_10,0.018579185009002686,0.003394482657313347,0.015184702351689339
0.5194401144981384,1.4776791334152222,False,family-00359,0.0,0.5,-0.5,maximum,sum_mod_10,2,0.28301793336868286,18.79494857788086,22,0.6058286530897021,maximum__sum_mod_10,0.5118629932403564,-0.007577121257781982,0.5194401144981384
0.14543095510452986,0.9856796264648438,False,family-00359,0.0,0.5,-0.5,maximum,sum_mod_10,3,0.3971945345401764,21.255733489990234,22,0.6058286530897021,maximum__sum_mod_10,0.1477338969707489,0.0023029418662190437,0.14543095510452986
0.15692731551826,-0.4480721950531006,False,family-00359,1.0,0.5,0.5,minimum,sum_mod_10,0,0.35571178793907166,10.515042304992676,22,0.8979150159284472,minimum__sum_mod_10,0.14989060163497925,-0.007036713883280754,0.15692731551826
0.1926350612193346,0.6470038890838623,False,family-00359,1.0,0.5,0.5,minimum,sum_mod_10,1,0.4614115059375763,13.07580852508545,22,0.8979150159284472,minimum__sum_mod_10,0.19602954387664795,0.003394482657313347,0.1926350612193346
0.6386595368385315,0.04621875286102295,False,family-00359,1.0,0.5,0.5,minimum,sum_mod_10,2,0.6953768730163574,13.82308578491211,22,0.8979150159284472,minimum__sum_mod_10,0.6310824155807495,-0.007577121257781982,0.6386595368385315
0.12531310599297285,0.860706090927124,False,family-00359,1.0,0.5,0.5,minimum,sum_mod_10,3,0.746188759803772,15.058330535888672,22,0.8979150159284472,minimum__sum_mod_10,0.1276160478591919,0.0023029418662190437,0.12531310599297285
0.2593991160392761,0.38905972242355347,True,family-00360,1.0,0.5,0.5,maximum,minimum,0,0.5154402256011963,9.782334327697754,22,0.11511367559432983,maximum__minimum,0.023075461387634277,0.2824745774269104,-0.2593991160392761
0.19788414239883423,-0.34202075004577637,True,family-00360,1.0,0.5,0.5,maximum,minimum,1,0.08679723739624023,14.636395454406738,22,0.11511367559432983,maximum__minimum,0.5015788674354553,0.6994630098342896,-0.19788414239883423
0.08045089244842529,0.1666722297668457,True,family-00360,1.0,0.5,0.5,maximum,minimum,2,0.009066030383110046,20.636249542236328,22,0.11511367559432983,maximum__minimum,0.08044081926345825,0.16089171171188354,-0.08045089244842529
0.5556734800338745,-0.17295026779174805,True,family-00360,1.0,0.5,0.5,maximum,minimum,3,0.21178485453128815,22.964195251464844,22,0.11511367559432983,maximum__minimum,0.03178298473358154,0.587456464767456,-0.5556734800338745
0.18124890327453613,-0.7033650875091553,False,family-00360,1.0,0.0,1.0,maximum,sum_mod_10,0,0.12603582441806793,12.109037399291992,22,0.629442572593689,maximum__sum_mod_10,0.023075461387634277,-0.15817344188690186,0.18124890327453613
0.6078391075134277,-1.458148717880249,False,family-00360,1.0,0.0,1.0,maximum,sum_mod_10,1,0.020328855141997337,13.845849990844727,22,0.629442572593689,maximum__sum_mod_10,0.5015788674354553,-0.10626024007797241,0.6078391075134277
0.12407049536705017,-0.02614879608154297,False,family-00360,1.0,0.0,1.0,maximum,sum_mod_10,2,0.20932011306285858,17.910139083862305,22,0.629442572593689,maximum__sum_mod_10,0.08044081926345825,-0.04362967610359192,0.12407049536705017
0.022891849279403687,-0.32666611671447754,False,family-00360,1.0,0.0,1.0,maximum,sum_mod_10,3,0.07110711187124252,24.229637145996094,22,0.629442572593689,maximum__sum_mod_10,0.03178298473358154,0.008891135454177856,0.022891849279403687
0.44064801931381226,-1.0924248099327087,False,family-00360,0.5,0.0,0.5,minimum,sum_mod_10,0,0.09378428012132645,13.050167083740234,22,0.5143288969993591,minimum__sum_mod_10,0.2824745774269104,-0.15817344188690186,0.44064801931381226
0.805723249912262,-1.1161279678344727,False,family-00360,0.5,0.0,0.5,minimum,sum_mod_10,1,-0.0054495204240083694,15.082687377929688,22,0.5143288969993591,minimum__sum_mod_10,0.6994630098342896,-0.10626024007797241,0.805723249912262
0.20452138781547546,-0.19282102584838867,False,family-00360,0.5,0.0,0.5,minimum,sum_mod_10,2,-0.005679065361618996,17.709205627441406,22,0.5143288969993591,minimum__sum_mod_10,0.16089171171188354,-0.04362967610359192,0.20452138781547546
0.5785653293132782,-0.1537158489227295,False,family-00360,0.5,0.0,0.5,minimum,sum_mod_10,3,0.05280328541994095,20.714685440063477,22,0.5143288969993591,minimum__sum_mod_10,0.587456464767456,0.008891135454177856,0.5785653293132782
0.4735177755355835,0.3722982406616211,True,family-00361,0.5,0.0,0.5,maximum,minimum,0,0.36071696877479553,10.115081787109375,22,0.3812437057495117,maximum__minimum,0.016185522079467773,0.48970329761505127,-0.4735177755355835
0.8634995818138123,-0.8718918561935425,True,family-00361,0.5,0.0,0.5,maximum,minimum,1,0.012147143483161926,11.675631523132324,22,0.3812437057495117,maximum__minimum,0.8031819462776184,-0.06031763553619385,0.8634995818138123
0.5061414837837219,-0.1372056007385254,True,family-00361,0.5,0.0,0.5,maximum,minimum,2,0.024073852226138115,20.156776428222656,22,0.3812437057495117,maximum__minimum,0.7853331565856934,0.27919167280197144,0.5061414837837219
0.3655085265636444,0.856433629989624,True,family-00361,0.5,0.0,0.5,maximum,minimum,3,0.08759146928787231,23.324403762817383,22,0.3812437057495117,maximum__minimum,0.052558839321136475,0.4180673658847809,-0.3655085265636444
0.07936600595712662,0.9443918466567993,False,family-00361,0.5,1.0,-0.5,maximum,sum_mod_10,0,0.42449381947517395,10.184839248657227,22,0.7680798023939133,maximum__sum_mod_10,0.016185522079467773,0.09555152803659439,-0.07936600595712662
0.7694983929395676,-0.2776395082473755,False,family-00361,0.5,1.0,-0.5,maximum,sum_mod_10,1,0.2764878273010254,11.413650512695312,22,0.7680798023939133,maximum__sum_mod_10,0.8031819462776184,0.03368355333805084,0.7694983929395676
0.8066895753145218,0.6570231914520264,False,family-00361,0.5,1.0,-0.5,maximum,sum_mod_10,2,0.10465654730796814,21.43454933166504,22,0.7680798023939133,maximum__sum_mod_10,0.7853331565856934,-0.02135641872882843,0.8066895753145218
0.18807686865329742,1.9824848175048828,False,family-00361,0.5,1.0,-0.5,maximum,sum_mod_10,3,0.26542365550994873,23.205833435058594,22,0.7680798023939133,maximum__sum_mod_10,0.052558839321136475,-0.13551802933216095,0.18807686865329742
0.3941517695784569,0.5720936059951782,False,family-00361,0.0,1.0,-1.0,minimum,sum_mod_10,0,0.3625841736793518,11.077281951904297,22,0.38683609664440155,minimum__sum_mod_10,0.48970329761505127,0.09555152803659439,0.3941517695784569
0.09400118887424469,0.594252347946167,False,family-00361,0.0,1.0,-1.0,minimum,sum_mod_10,1,0.23064692318439484,12.78701400756836,22,0.38683609664440155,minimum__sum_mod_10,-0.06031763553619385,0.03368355333805084,-0.09400118887424469
0.30054809153079987,0.7942287921905518,False,family-00361,0.0,1.0,-1.0,minimum,sum_mod_10,2,0.21391871571540833,17.042116165161133,22,0.38683609664440155,minimum__sum_mod_10,0.27919167280197144,-0.02135641872882843,0.30054809153079987
0.5535853952169418,1.1260511875152588,False,family-00361,0.0,1.0,-1.0,minimum,sum_mod_10,3,0.12546217441558838,20.999155044555664,22,0.38683609664440155,minimum__sum_mod_10,0.4180673658847809,-0.13551802933216095,0.5535853952169418
0.6341270208358765,0.16960442066192627,True,family-00362,0.0,1.0,-1.0,maximum,minimum,0,0.2801147997379303,11.938584327697754,22,0.626348465681076,maximum__minimum,0.9394354820251465,0.30530846118927,0.6341270208358765
0.1897050142288208,-0.6250667572021484,True,family-00362,0.0,1.0,-1.0,maximum,minimum,1,0.17866498231887817,14.259428977966309,22,0.626348465681076,maximum__minimum,0.04955911636352539,0.2392641305923462,-0.1897050142288208
0.18086948990821838,-0.48148059844970703,True,family-00362,0.0,1.0,-1.0,maximum,minimum,2,0.07562507688999176,21.7115421295166,22,0.626348465681076,maximum__minimum,0.014503002166748047,0.19537249207496643,-0.18086948990821838
0.12422406673431396,-0.0742424726486206,True,family-00362,0.0,1.0,-1.0,maximum,minimum,3,0.13026943802833557,24.839393615722656,22,0.626348465681076,maximum__minimum,0.044137418270111084,0.16836148500442505,-0.12422406673431396
0.922942353412509,-0.6510330438613892,False,family-00362,0.0,0.5,-0.5,maximum,sum_mod_10,0,0.32292038202285767,11.807517051696777,22,0.9116094373166561,maximum__sum_mod_10,0.9394354820251465,0.01649312861263752,0.922942353412509
0.060317348688840866,0.056459903717041016,False,family-00362,0.0,0.5,-0.5,maximum,sum_mod_10,1,0.3783934414386749,13.166013717651367,22,0.9116094373166561,maximum__sum_mod_10,0.04955911636352539,-0.010758232325315475,0.060317348688840866
0.011543340981006622,0.5405645966529846,False,family-00362,0.0,0.5,-0.5,maximum,sum_mod_10,2,0.4317020773887634,19.66640281677246,22,0.9116094373166561,maximum__sum_mod_10,0.014503002166748047,0.0029596611857414246,0.011543340981006622
0.03466103598475456,0.13370847702026367,False,family-00362,0.0,0.5,-0.5,maximum,sum_mod_10,3,0.3628765046596527,24.642107009887695,22,0.9116094373166561,maximum__sum_mod_10,0.044137418270111084,0.009476382285356522,0.03466103598475456
0.2888153325766325,-0.8206374645233154,False,family-00362,1.0,0.5,0.5,minimum,sum_mod_10,0,0.30355536937713623,11.197896003723145,22,0.28526097163558006,minimum__sum_mod_10,0.30530846118927,0.01649312861263752,0.2888153325766325
0.25002236291766167,0.6815266609191895,False,family-00362,1.0,0.5,0.5,minimum,sum_mod_10,1,0.3113362491130829,12.161736488342285,22,0.28526097163558006,minimum__sum_mod_10,0.2392641305923462,-0.010758232325315475,0.25002236291766167
0.192412830889225,1.0220451951026917,False,family-00362,1.0,0.5,0.5,minimum,sum_mod_10,2,0.2930493950843811,16.334299087524414,22,0.28526097163558006,minimum__sum_mod_10,0.19537249207496643,0.0029596611857414246,0.192412830889225
0.15888510271906853,0.20795094966888428,False,family-00362,1.0,0.5,0.5,minimum,sum_mod_10,3,0.41442832350730896,18.602130889892578,22,0.28526097163558006,minimum__sum_mod_10,0.16836148500442505,0.009476382285356522,0.15888510271906853
0.020871639251708984,0.5303043127059937,True,family-00363,1.0,0.5,0.5,maximum,minimum,0,0.36632147431373596,9.645737648010254,22,0.018961727619171143,maximum__minimum,0.10854876041412354,0.08767712116241455,0.020871639251708984
0.8104214668273926,-0.5501710176467896,True,family-00363,1.0,0.5,0.5,maximum,minimum,1,-0.04230192303657532,13.032690048217773,22,0.018961727619171143,maximum__minimum,0.9187138676643372,0.10829240083694458,0.8104214668273926
0.06990393996238708,1.110841691493988,True,family-00363,1.0,0.5,0.5,maximum,minimum,2,-0.11092546582221985,20.32902717590332,22,0.018961727619171143,maximum__minimum,0.4873010218143463,0.5572049617767334,-0.06990393996238708
0.07171785831451416,1.9169230461120605,True,family-00363,1.0,0.5,0.5,maximum,minimum,3,-0.029667969793081284,22.904638290405273,22,0.018961727619171143,maximum__minimum,0.09921824932098389,0.027500391006469727,0.07171785831451416
0.07242205739021301,0.13727152347564697,False,family-00363,1.0,0.0,1.0,maximum,sum_mod_10,0,0.16862252354621887,11.164534568786621,22,0.6915909796953201,maximum__sum_mod_10,0.10854876041412354,0.03612670302391052,0.07242205739021301
0.9935242086648941,-1.8703948259353638,False,family-00363,1.0,0.0,1.0,maximum,sum_mod_10,1,0.18226489424705505,11.382698059082031,22,0.6915909796953201,maximum__sum_mod_10,0.9187138676643372,-0.07481034100055695,0.9935242086648941
0.2750852704048157,0.6434484720230103,False,family-00363,1.0,0.0,1.0,maximum,sum_mod_10,2,0.08751371502876282,17.17749786376953,22,0.6915909796953201,maximum__sum_mod_10,0.4873010218143463,0.21221575140953064,0.2750852704048157
0.09366472065448761,1.7215522527694702,False,family-00363,1.0,0.0,1.0,maximum,sum_mod_10,3,0.041403062641620636,21.21921730041504,22,0.6915909796953201,maximum__sum_mod_10,0.09921824932098389,0.005553528666496277,0.09366472065448761
0.05155041813850403,-0.3930327892303467,False,family-00363,0.5,0.0,0.5,minimum,sum_mod_10,0,0.45205408334732056,9.446720123291016,22,0.672629252076149,minimum__sum_mod_10,0.08767712116241455,0.03612670302391052,0.05155041813850403
0.18310274183750153,-1.3202238082885742,False,family-00363,0.5,0.0,0.5,minimum,sum_mod_10,1,0.1708574742078781,12.084063529968262,22,0.672629252076149,minimum__sum_mod_10,0.10829240083694458,-0.07481034100055695,0.18310274183750153
0.34498921036720276,-0.4673932194709778,False,family-00363,0.5,0.0,0.5,minimum,sum_mod_10,2,0.3484823703765869,14.844196319580078,22,0.672629252076149,minimum__sum_mod_10,0.5572049617767334,0.21221575140953064,0.34498921036720276
0.02194686233997345,-0.19537079334259033,False,family-00363,0.5,0.0,0.5,minimum,sum_mod_10,3,0.4704185128211975,16.204744338989258,22,0.672629252076149,minimum__sum_mod_10,0.027500391006469727,0.005553528666496277,0.02194686233997345
0.15654152631759644,0.05692243576049805,True,family-00364,0.5,0.0,0.5,maximum,minimum,0,0.37040799856185913,11.440972328186035,22,-0.1592947244644165,maximum__minimum,0.22693651914596558,0.07039499282836914,0.15654152631759644
0.12599724531173706,-1.155141830444336,True,family-00364,0.5,0.0,0.5,maximum,minimum,1,0.13916927576065063,13.840970039367676,22,-0.1592947244644165,maximum__minimum,0.2093908190727234,0.08339357376098633,0.12599724531173706
0.3093811869621277,1.2584503293037415,True,family-00364,0.5,0.0,0.5,maximum,minimum,2,0.19072049856185913,19.055437088012695,22,-0.1592947244644165,maximum__minimum,-0.10083329677581787,0.20854789018630981,-0.3093811869621277
0.23898419737815857,0.566524863243103,True,family-00364,0.5,0.0,0.5,maximum,minimum,3,0.08205478638410568,23.111738204956055,22,-0.1592947244644165,maximum__minimum,0.27739837765693665,0.038414180278778076,0.23898419737815857
0.10771402716636658,0.9332458972930908,False,family-00364,0.5,1.0,-0.5,maximum,sum_mod_10,0,0.3839573264122009,10.55414867401123,22,0.4520310163497925,maximum__sum_mod_10,0.22693651914596558,0.119222491979599,0.10771402716636658
0.22124463319778442,0.1616685390472412,False,family-00364,0.5,1.0,-0.5,maximum,sum_mod_10,1,0.27663642168045044,13.524928092956543,22,0.4520310163497925,maximum__sum_mod_10,0.2093908190727234,-0.011853814125061035,0.22124463319778442
0.22900958359241486,1.444655954837799,False,family-00364,0.5,1.0,-0.5,maximum,sum_mod_10,2,0.4246058166027069,17.670814514160156,22,0.4520310163497925,maximum__sum_mod_10,-0.10083329677581787,0.12817628681659698,-0.22900958359241486
0.21616965532302856,0.6408145427703857,False,family-00364,0.5,1.0,-0.5,maximum,sum_mod_10,3,0.4668828547000885,20.037227630615234,22,0.4520310163497925,maximum__sum_mod_10,0.27739837765693665,0.06122872233390808,0.21616965532302856
0.04882749915122986,0.8763234615325928,False,family-00364,0.0,1.0,-1.0,minimum,sum_mod_10,0,0.4584066569805145,10.540255546569824,22,0.611325740814209,minimum__sum_mod_10,0.07039499282836914,0.119222491979599,-0.04882749915122986
0.09524738788604736,1.3168103694915771,False,family-00364,0.0,1.0,-1.0,minimum,sum_mod_10,1,0.3007744550704956,12.682281494140625,22,0.611325740814209,minimum__sum_mod_10,0.08339357376098633,-0.011853814125061035,0.09524738788604736
0.08037160336971283,0.18620562553405762,False,family-00364,0.0,1.0,-1.0,minimum,sum_mod_10,2,0.4063526690006256,19.18182945251465,22,0.611325740814209,minimum__sum_mod_10,0.20854789018630981,0.12817628681659698,0.08037160336971283
0.022814542055130005,0.07428967952728271,False,family-00364,0.0,1.0,-1.0,minimum,sum_mod_10,3,0.4286773204803467,21.31394386291504,22,0.611325740814209,minimum__sum_mod_10,0.038414180278778076,0.06122872233390808,-0.022814542055130005
0.27058345079421997,0.11666643619537354,True,family-00365,0.0,1.0,-1.0,maximum,minimum,0,-0.0800001323223114,13.903509140014648,22,0.030084729194641113,maximum__minimum,0.3140990734100342,0.04351562261581421,0.27058345079421997
0.14110517501831055,-0.28218889236450195,True,family-00365,0.0,1.0,-1.0,maximum,minimum,1,-0.42766955494880676,18.14438247680664,22,0.030084729194641113,maximum__minimum,0.08313930034637451,0.22424447536468506,-0.14110517501831055
0.2898176312446594,0.5491297245025635,True,family-00365,0.0,1.0,-1.0,maximum,minimum,2,-0.1700155884027481,25.825042724609375,22,0.030084729194641113,maximum__minimum,0.5584402084350586,0.848257839679718,-0.2898176312446594
0.007946431636810303,0.22740840911865234,True,family-00365,0.0,1.0,-1.0,maximum,minimum,3,0.085183285176754,26.89809799194336,22,0.030084729194641113,maximum__minimum,0.08607316017150879,0.07812672853469849,0.007946431636810303
0.31776757817715406,-0.07979917526245117,False,family-00365,0.0,0.5,-0.5,maximum,sum_mod_10,0,0.22825630009174347,12.538832664489746,22,0.9334132234798744,maximum__sum_mod_10,0.3140990734100342,-0.0036685047671198845,0.31776757817715406
0.08642515959218144,0.2215898036956787,False,family-00365,0.0,0.5,-0.5,maximum,sum_mod_10,1,0.16150861978530884,15.69841480255127,22,0.9334132234798744,maximum__sum_mod_10,0.08313930034637451,-0.0032858592458069324,0.08642515959218144
0.5693576904013753,0.5945296287536621,False,family-00365,0.0,0.5,-0.5,maximum,sum_mod_10,2,0.1818310022354126,22.655250549316406,22,0.9334132234798744,maximum__sum_mod_10,0.5584402084350586,-0.0109174819663167,0.5693576904013753
0.086170234833844,0.7940826416015625,False,family-00365,0.0,0.5,-0.5,maximum,sum_mod_10,3,0.3596198558807373,23.978588104248047,22,0.9334132234798744,maximum__sum_mod_10,0.08607316017150879,-9.7074662335217e-05,0.086170234833844
0.047184127382934093,-0.1964656114578247,False,family-00365,1.0,0.5,0.5,minimum,sum_mod_10,0,0.3512178063392639,10.131332397460938,22,0.9033284942852333,minimum__sum_mod_10,0.04351562261581421,-0.0036685047671198845,0.047184127382934093
0.227530334610492,0.5037786960601807,False,family-00365,1.0,0.5,0.5,minimum,sum_mod_10,1,0.35721808671951294,13.479511260986328,22,0.9033284942852333,minimum__sum_mod_10,0.22424447536468506,-0.0032858592458069324,0.227530334610492
0.8591753216460347,0.04539990425109863,False,family-00365,1.0,0.5,0.5,minimum,sum_mod_10,2,0.6491841077804565,14.910112380981445,22,0.9033284942852333,minimum__sum_mod_10,0.848257839679718,-0.0109174819663167,0.8591753216460347
0.0782238031970337,0.5666742324829102,False,family-00365,1.0,0.5,0.5,minimum,sum_mod_10,3,0.7220605611801147,16.751523971557617,22,0.9033284942852333,minimum__sum_mod_10,0.07812672853469849,-9.7074662335217e-05,0.0782238031970337
0.012425333261489868,-0.49757397174835205,True,family-00366,1.0,0.5,0.5,maximum,minimum,0,0.45970335602760315,9.368151664733887,22,-0.4931039810180664,maximum__minimum,0.12956437468528748,0.14198970794677734,-0.012425333261489868
0.23943358659744263,0.14052975177764893,True,family-00366,1.0,0.5,0.5,maximum,minimum,1,0.12891846895217896,12.366316795349121,22,-0.4931039810180664,maximum__minimum,0.2949603796005249,0.055526793003082275,0.23943358659744263
0.4158373177051544,1.396414875984192,True,family-00366,1.0,0.5,0.5,maximum,minimum,2,0.578819751739502,13.776318550109863,22,-0.4931039810180664,maximum__minimum,0.08470574021339417,0.5005430579185486,-0.4158373177051544
0.29649817943573,0.41738927364349365,True,family-00366,1.0,0.5,0.5,maximum,minimum,3,0.6447510123252869,14.243370056152344,22,-0.4931039810180664,maximum__minimum,0.2715902328491211,-0.024907946586608887,0.29649817943573
0.052749231457710266,-0.40034306049346924,False,family-00366,1.0,0.0,1.0,maximum,sum_mod_10,0,0.21589578688144684,12.618697166442871,22,0.2869880795478821,maximum__sum_mod_10,0.12956437468528748,0.07681514322757721,0.052749231457710266
0.2974197119474411,-0.9249426126480103,False,family-00366,1.0,0.0,1.0,maximum,sum_mod_10,1,0.13808608055114746,12.977869033813477,22,0.2869880795478821,maximum__sum_mod_10,0.2949603796005249,-0.0024593323469161987,0.2974197119474411
0.18580807745456696,1.4520992040634155,False,family-00366,1.0,0.0,1.0,maximum,sum_mod_10,2,0.47382092475891113,14.563854217529297,22,0.2869880795478821,maximum__sum_mod_10,0.08470574021339417,-0.10110233724117279,0.18580807745456696
0.2967430353164673,0.5101763010025024,False,family-00366,1.0,0.0,1.0,maximum,sum_mod_10,3,0.5357232689857483,15.96005630493164,22,0.2869880795478821,maximum__sum_mod_10,0.2715902328491211,-0.02515280246734619,0.2967430353164673
0.06517456471920013,0.09723091125488281,False,family-00366,0.5,0.0,0.5,minimum,sum_mod_10,0,0.3217308521270752,11.763749122619629,22,0.7800920605659485,minimum__sum_mod_10,0.14198970794677734,0.07681514322757721,0.06517456471920013
0.057986125349998474,-1.0654723644256592,False,family-00366,0.5,0.0,0.5,minimum,sum_mod_10,1,0.29644864797592163,13.039055824279785,22,0.7800920605659485,minimum__sum_mod_10,0.055526793003082275,-0.0024593323469161987,0.057986125349998474
0.6016453951597214,0.05568432807922363,False,family-00366,0.5,0.0,0.5,minimum,sum_mod_10,2,0.6652570962905884,13.50351619720459,22,0.7800920605659485,minimum__sum_mod_10,0.5005430579185486,-0.10110233724117279,0.6016453951597214
0.0002448558807373047,0.09278702735900879,False,family-00366,0.5,0.0,0.5,minimum,sum_mod_10,3,0.7281816005706787,13.73145866394043,22,0.7800920605659485,minimum__sum_mod_10,-0.024907946586608887,-0.02515280246734619,0.0002448558807373047
0.5424333810806274,0.8628095388412476,True,family-00367,0.5,0.0,0.5,maximum,minimum,0,0.29394805431365967,10.71532917022705,22,-0.02892279624938965,maximum__minimum,0.0673820972442627,0.6098154783248901,-0.5424333810806274
0.2500406503677368,-0.39125800132751465,True,family-00367,0.5,0.0,0.5,maximum,minimum,1,-0.016696233302354813,13.716803550720215,22,-0.02892279624938965,maximum__minimum,0.2224845290184021,-0.027556121349334717,0.2500406503677368
0.179080069065094,0.5198660492897034,True,family-00367,0.5,0.0,0.5,maximum,minimum,2,0.23897287249565125,17.97890281677246,22,-0.02892279624938965,maximum__minimum,0.24419963359832764,0.42327970266342163,-0.179080069065094
0.06604862213134766,-0.11354708671569824,True,family-00367,0.5,0.0,0.5,maximum,minimum,3,0.25200197100639343,21.214824676513672,22,-0.02892279624938965,maximum__minimum,0.044673025608062744,-0.021375596523284912,0.06604862213134766
0.06723921000957489,0.7849401235580444,False,family-00367,0.5,1.0,-0.5,maximum,sum_mod_10,0,0.3119339644908905,10.256135940551758,22,0.6867817938327789,maximum__sum_mod_10,0.0673820972442627,0.00014288723468780518,0.06723921000957489
0.25612981617450714,0.25101423263549805,False,family-00367,0.5,1.0,-0.5,maximum,sum_mod_10,1,0.28060993552207947,11.374017715454102,22,0.6867817938327789,maximum__sum_mod_10,0.2224845290184021,-0.03364528715610504,0.25612981617450714
0.10754218697547913,0.7842101752758026,False,family-00367,0.5,1.0,-0.5,maximum,sum_mod_10,2,0.6011051535606384,14.344511985778809,22,0.6867817938327789,maximum__sum_mod_10,0.24419963359832764,0.1366574466228485,0.10754218697547913
0.15399566292762756,0.32877814769744873,False,family-00367,0.5,1.0,-0.5,maximum,sum_mod_10,3,0.6173896193504333,16.144357681274414,22,0.6867817938327789,maximum__sum_mod_10,0.044673025608062744,-0.10932263731956482,0.15399566292762756
0.6096725910902023,-0.07786941528320312,False,family-00367,0.0,1.0,-1.0,minimum,sum_mod_10,0,0.31800177693367004,10.773688316345215,22,0.7157045900821686,minimum__sum_mod_10,0.6098154783248901,0.00014288723468780518,0.6096725910902023
0.006089165806770325,0.6422722339630127,False,family-00367,0.0,1.0,-1.0,minimum,sum_mod_10,1,0.20933830738067627,13.21461009979248,22,0.7157045900821686,minimum__sum_mod_10,-0.027556121349334717,-0.03364528715610504,0.006089165806770325
0.2866222560405731,0.26434412598609924,False,family-00367,0.0,1.0,-1.0,minimum,sum_mod_10,2,0.5104155540466309,16.84187126159668,22,0.7157045900821686,minimum__sum_mod_10,0.42327970266342163,0.1366574466228485,0.2866222560405731
0.08794704079627991,0.442325234413147,False,family-00367,0.0,1.0,-1.0,minimum,sum_mod_10,3,0.5261629819869995,19.37848472595215,22,0.7157045900821686,minimum__sum_mod_10,-0.021375596523284912,-0.10932263731956482,0.08794704079627991
0.09828457236289978,0.06761312484741211,True,family-00368,0.0,1.0,-1.0,maximum,minimum,0,0.20753906667232513,12.804634094238281,22,0.40283700823783875,maximum__minimum,0.2730308771133423,0.37131544947624207,-0.09828457236289978
0.32582783699035645,0.13332414627075195,True,family-00368,0.0,1.0,-1.0,maximum,minimum,1,0.09674729406833649,15.082148551940918,22,0.40283700823783875,maximum__minimum,0.05392950773239136,0.3797573447227478,-0.32582783699035645
0.13269765675067902,0.20628196001052856,True,family-00368,0.0,1.0,-1.0,maximum,minimum,2,0.34805384278297424,16.915245056152344,22,0.40283700823783875,maximum__minimum,0.36273103952407837,0.23003338277339935,0.13269765675067902
0.05383408069610596,0.38240718841552734,True,family-00368,0.0,1.0,-1.0,maximum,minimum,3,0.42206937074661255,18.40494155883789,22,0.40283700823783875,maximum__minimum,0.05021876096725464,0.1040528416633606,-0.05383408069610596
0.1632443070411682,0.03547513484954834,False,family-00368,0.0,0.5,-0.5,maximum,sum_mod_10,0,0.29116562008857727,12.51148796081543,22,0.5114125311374664,maximum__sum_mod_10,0.2730308771133423,0.10978657007217407,0.1632443070411682
0.09206172823905945,1.2204980850219727,False,family-00368,0.0,0.5,-0.5,maximum,sum_mod_10,1,0.12042909115552902,18.476673126220703,22,0.5114125311374664,maximum__sum_mod_10,0.05392950773239136,0.1459912359714508,-0.09206172823905945
0.20227083563804626,0.5057932138442993,False,family-00368,0.0,0.5,-0.5,maximum,sum_mod_10,2,0.2793637216091156,21.328147888183594,22,0.5114125311374664,maximum__sum_mod_10,0.36273103952407837,0.1604602038860321,0.20227083563804626
0.029873400926589966,0.8269708156585693,False,family-00368,0.0,0.5,-0.5,maximum,sum_mod_10,3,0.32792842388153076,24.460304260253906,22,0.5114125311374664,maximum__sum_mod_10,0.05021876096725464,0.020345360040664673,0.029873400926589966
0.261528879404068,-0.03213798999786377,False,family-00368,1.0,0.5,0.5,minimum,sum_mod_10,0,0.339508593082428,10.145758628845215,22,0.10857552289962769,minimum__sum_mod_10,0.37131544947624207,0.10978657007217407,0.261528879404068
0.233766108751297,1.0871739387512207,False,family-00368,1.0,0.5,0.5,minimum,sum_mod_10,1,0.2236638069152832,16.94359588623047,22,0.10857552289962769,minimum__sum_mod_10,0.3797573447227478,0.1459912359714508,0.233766108751297
0.06957317888736725,0.29951125383377075,False,family-00368,1.0,0.5,0.5,minimum,sum_mod_10,2,0.31517550349235535,18.09096336364746,22,0.10857552289962769,minimum__sum_mod_10,0.23003338277339935,0.1604602038860321,0.06957317888736725
0.08370748162269592,0.444563627243042,False,family-00368,1.0,0.5,0.5,minimum,sum_mod_10,3,0.4623529016971588,19.706525802612305,22,0.10857552289962769,minimum__sum_mod_10,0.1040528416633606,0.020345360040664673,0.08370748162269592
0.6660353541374207,-0.08143055438995361,True,family-00369,1.0,0.5,0.5,maximum,minimum,0,0.4518211781978607,9.319522857666016,22,0.24175816774368286,maximum__minimum,0.0049512386322021484,0.6709865927696228,-0.6660353541374207
0.5682299733161926,-0.7162740230560303,True,family-00369,1.0,0.5,0.5,maximum,minimum,1,0.2383461445569992,11.821533203125,22,0.24175816774368286,maximum__minimum,0.1168014407157898,0.6850314140319824,-0.5682299733161926
0.04294586181640625,-0.21030855178833008,True,family-00369,1.0,0.5,0.5,maximum,minimum,2,0.17052331566810608,20.200071334838867,22,0.24175816774368286,maximum__minimum,0.6912214159965515,0.6482755541801453,0.04294586181640625
0.1351386308670044,0.616832971572876,True,family-00369,1.0,0.5,0.5,maximum,minimum,3,0.2928934693336487,22.313434600830078,22,0.24175816774368286,maximum__minimum,0.04805868864059448,0.18319731950759888,-0.1351386308670044
0.03364545293152332,-0.7479637861251831,False,family-00369,1.0,0.0,1.0,maximum,sum_mod_10,0,0.2560628652572632,10.60521125793457,22,0.9118806850165129,maximum__sum_mod_10,0.0049512386322021484,-0.028694214299321175,0.03364545293152332
0.11047534085810184,-1.514915943145752,False,family-00369,1.0,0.0,1.0,maximum,sum_mod_10,1,0.28201907873153687,11.337088584899902,22,0.9118806850165129,maximum__sum_mod_10,0.1168014407157898,0.00632609985768795,0.11047534085810184
0.6804908849298954,0.32279062271118164,False,family-00369,1.0,0.0,1.0,maximum,sum_mod_10,2,0.16784974932670593,19.667064666748047,22,0.9118806850165129,maximum__sum_mod_10,0.6912214159965515,0.010730531066656113,0.6804908849298954
0.05174694396555424,1.3005812168121338,False,family-00369,1.0,0.0,1.0,maximum,sum_mod_10,3,0.22166237235069275,23.068859100341797,22,0.9118806850165129,maximum__sum_mod_10,0.04805868864059448,-0.003688255324959755,0.05174694396555424
0.699680807068944,-0.6665332317352295,False,family-00369,0.5,0.0,0.5,minimum,sum_mod_10,0,0.27091851830482483,11.235365867614746,22,0.67012251727283,minimum__sum_mod_10,0.6709865927696228,-0.028694214299321175,0.699680807068944
0.6787053141742945,-0.7986419200897217,False,family-00369,0.5,0.0,0.5,minimum,sum_mod_10,1,0.40911293029785156,11.44172191619873,22,0.67012251727283,minimum__sum_mod_10,0.6850314140319824,0.00632609985768795,0.6787053141742945
0.6375450231134892,0.5330991744995117,False,family-00369,0.5,0.0,0.5,minimum,sum_mod_10,2,0.40468329191207886,13.133218765258789,22,0.67012251727283,minimum__sum_mod_10,0.6482755541801453,0.010730531066656113,0.6375450231134892
0.18688557483255863,0.6837482452392578,False,family-00369,0.5,0.0,0.5,minimum,sum_mod_10,3,0.6052125096321106,13.356895446777344,22,0.67012251727283,minimum__sum_mod_10,0.18319731950759888,-0.003688255324959755,0.18688557483255863
0.2993054687976837,0.4357905387878418,True,family-00370,0.5,0.0,0.5,maximum,minimum,0,0.618675708770752,8.303779602050781,22,-0.23228216171264648,maximum__minimum,0.3076270520687103,0.008321583271026611,0.2993054687976837
0.5804493427276611,0.25214242935180664,True,family-00370,0.5,0.0,0.5,maximum,minimum,1,0.5077898502349854,10.035654067993164,22,-0.23228216171264648,maximum__minimum,0.560023844242096,-0.020425498485565186,0.5804493427276611
0.53734290599823,0.5442665480077267,True,family-00370,0.5,0.0,0.5,maximum,minimum,2,-0.015043925493955612,26.73455810546875,22,-0.23228216171264648,maximum__minimum,0.12453067302703857,0.6618735790252686,-0.53734290599823
0.1789398193359375,1.3179708123207092,True,family-00370,0.5,0.0,0.5,maximum,minimum,3,0.11665221303701401,29.63507652282715,22,-0.23228216171264648,maximum__minimum,0.12747812271118164,-0.05146169662475586,0.1789398193359375
0.2991425320506096,0.26718997955322266,False,family-00370,0.5,1.0,-0.5,maximum,sum_mod_10,0,0.47754600644111633,9.22341537475586,22,0.5792500413954258,maximum__sum_mod_10,0.3076270520687103,0.008484520018100739,0.2991425320506096
0.5434059742838144,1.1902556419372559,False,family-00370,0.5,1.0,-0.5,maximum,sum_mod_10,1,0.27597570419311523,13.788429260253906,22,0.5792500413954258,maximum__sum_mod_10,0.560023844242096,0.016617869958281517,0.5434059742838144
0.11507286131381989,0.18234431743621826,False,family-00370,0.5,1.0,-0.5,maximum,sum_mod_10,2,0.2983177602291107,23.861522674560547,22,0.5792500413954258,maximum__sum_mod_10,0.12453067302703857,0.009457811713218689,0.11507286131381989
0.12487951293587685,1.3767821192741394,False,family-00370,0.5,1.0,-0.5,maximum,sum_mod_10,3,0.43507707118988037,25.32914161682129,22,0.5792500413954258,maximum__sum_mod_10,0.12747812271118164,0.0025986097753047943,0.12487951293587685
0.0001629367470741272,-0.16860055923461914,False,family-00370,0.0,1.0,-1.0,minimum,sum_mod_10,0,0.5217150449752808,8.56185245513916,22,0.8115322031080723,minimum__sum_mod_10,0.008321583271026611,0.008484520018100739,-0.0001629367470741272
0.0370433684438467,0.9381132125854492,False,family-00370,0.0,1.0,-1.0,minimum,sum_mod_10,1,0.511768102645874,10.298394203186035,22,0.8115322031080723,minimum__sum_mod_10,-0.020425498485565186,0.016617869958281517,-0.0370433684438467
0.6524157673120499,-0.3619222305715084,False,family-00370,0.0,1.0,-1.0,minimum,sum_mod_10,2,0.6616851091384888,14.357305526733398,22,0.8115322031080723,minimum__sum_mod_10,0.6618735790252686,0.009457811713218689,0.6524157673120499
0.054060306400060654,0.058811306953430176,False,family-00370,0.0,1.0,-1.0,minimum,sum_mod_10,3,0.7022314667701721,16.146127700805664,22,0.8115322031080723,minimum__sum_mod_10,-0.05146169662475586,0.0025986097753047943,-0.054060306400060654
0.4154670536518097,-0.6872609853744507,True,family-00371,0.0,1.0,-1.0,maximum,minimum,0,0.3113507628440857,12.062247276306152,22,0.29107868671417236,maximum__minimum,0.6843888759613037,0.268921822309494,0.4154670536518097
0.021194040775299072,-1.0741477012634277,True,family-00371,0.0,1.0,-1.0,maximum,minimum,1,0.23966653645038605,12.90645694732666,22,0.29107868671417236,maximum__minimum,0.05327105522155762,0.07446509599685669,-0.021194040775299072
0.4253602623939514,0.6863936185836792,True,family-00371,0.0,1.0,-1.0,maximum,minimum,2,0.6029879450798035,13.88776683807373,22,0.29107868671417236,maximum__minimum,0.09347885847091675,0.5188391208648682,-0.4253602623939514
0.03897148370742798,0.22333300113677979,True,family-00371,0.0,1.0,-1.0,maximum,minimum,3,0.4837387502193451,18.736209869384766,22,0.29107868671417236,maximum__minimum,0.11925417184829712,0.08028268814086914,0.03897148370742798
0.6884174030274153,-0.4941532611846924,False,family-00371,0.0,0.5,-0.5,maximum,sum_mod_10,0,0.31202125549316406,11.078522682189941,22,0.8566331379115582,maximum__sum_mod_10,0.6843888759613037,-0.004028527066111565,0.6884174030274153
0.04214444011449814,0.5538365840911865,False,family-00371,0.0,0.5,-0.5,maximum,sum_mod_10,1,0.05036833882331848,15.565369606018066,22,0.8566331379115582,maximum__sum_mod_10,0.05327105522155762,0.011126615107059479,0.04214444011449814
0.1090069841593504,0.7469512522220612,False,family-00371,0.0,0.5,-0.5,maximum,sum_mod_10,2,0.2974514961242676,18.54378318786621,22,0.8566331379115582,maximum__sum_mod_10,0.09347885847091675,-0.015528125688433647,0.1090069841593504
0.11386116314679384,0.396908164024353,False,family-00371,0.0,0.5,-0.5,maximum,sum_mod_10,3,0.1569509208202362,24.355457305908203,22,0.8566331379115582,maximum__sum_mod_10,0.11925417184829712,0.005393008701503277,0.11386116314679384
0.2729503493756056,0.1931077241897583,False,family-00371,1.0,0.5,0.5,minimum,sum_mod_10,0,0.3473833203315735,10.878204345703125,22,0.5655544511973858,minimum__sum_mod_10,0.268921822309494,-0.004028527066111565,0.2729503493756056
0.06333848088979721,1.6279842853546143,False,family-00371,1.0,0.5,0.5,minimum,sum_mod_10,1,0.4354739785194397,12.655501365661621,22,0.5655544511973858,minimum__sum_mod_10,0.07446509599685669,0.011126615107059479,0.06333848088979721
0.5343672465533018,0.06055763363838196,False,family-00371,1.0,0.5,0.5,minimum,sum_mod_10,2,0.6857689023017883,12.740851402282715,22,0.5655544511973858,minimum__sum_mod_10,0.5188391208648682,-0.015528125688433647,0.5343672465533018
0.07488967943936586,0.17357516288757324,False,family-00371,1.0,0.5,0.5,minimum,sum_mod_10,3,0.6968481540679932,14.999236106872559,22,0.5655544511973858,minimum__sum_mod_10,0.08028268814086914,0.005393008701503277,0.07488967943936586
0.4541675392538309,0.5087038278579712,True,family-00372,1.0,0.5,0.5,maximum,minimum,0,0.42817556858062744,10.222705841064453,22,-0.8649640679359436,maximum__minimum,0.02030969224870205,0.47447723150253296,-0.4541675392538309
0.24716107547283173,0.3197176456451416,True,family-00372,1.0,0.5,0.5,maximum,minimum,1,0.021715544164180756,13.86453914642334,22,-0.8649640679359436,maximum__minimum,0.04067803919315338,0.2878391146659851,-0.24716107547283173
0.712427418678999,1.1654253005981445,True,family-00372,1.0,0.5,0.5,maximum,minimum,2,-0.20812378823757172,21.717857360839844,22,-0.8649640679359436,maximum__minimum,0.0045219846069812775,0.7169494032859802,-0.712427418678999
0.03690112568438053,0.019985437393188477,True,family-00372,1.0,0.5,0.5,maximum,minimum,3,-0.026631325483322144,24.446481704711914,22,-0.8649640679359436,maximum__minimum,0.017205288633704185,0.05410641431808472,-0.03690112568438053
0.03991054743528366,0.8815925717353821,False,family-00372,1.0,0.0,1.0,maximum,sum_mod_10,0,0.34943732619285583,9.857610702514648,22,0.01613832451403141,maximum__sum_mod_10,0.02030969224870205,-0.01960085518658161,0.03991054743528366
0.09129976481199265,0.014774322509765625,False,family-00372,1.0,0.0,1.0,maximum,sum_mod_10,1,0.06321783363819122,12.427285194396973,22,0.01613832451403141,maximum__sum_mod_10,0.04067803919315338,-0.050621725618839264,0.09129976481199265
0.0006602779030799866,1.2325351238250732,False,family-00372,1.0,0.0,1.0,maximum,sum_mod_10,2,0.11174342781305313,14.917120933532715,22,0.01613832451403141,maximum__sum_mod_10,0.0045219846069812775,0.005182262510061264,-0.0006602779030799866
0.014972472563385963,0.7205320596694946,False,family-00372,1.0,0.0,1.0,maximum,sum_mod_10,3,0.0997442975640297,18.7414608001709,22,0.01613832451403141,maximum__sum_mod_10,0.017205288633704185,0.002232816070318222,0.014972472563385963
0.49407808668911457,0.3728887438774109,False,family-00372,0.5,0.0,0.5,minimum,sum_mod_10,0,0.38135039806365967,10.742233276367188,22,0.881102392449975,minimum__sum_mod_10,0.47447723150253296,-0.01960085518658161,0.49407808668911457
0.33846084028482437,-0.304943323135376,False,family-00372,0.5,0.0,0.5,minimum,sum_mod_10,1,0.17107261717319489,14.309353828430176,22,0.881102392449975,minimum__sum_mod_10,0.2878391146659851,-0.050621725618839264,0.33846084028482437
0.711767140775919,0.06710982322692871,False,family-00372,0.5,0.0,0.5,minimum,sum_mod_10,2,0.06255047768354416,21.191587448120117,22,0.881102392449975,minimum__sum_mod_10,0.7169494032859802,0.005182262510061264,0.711767140775919
0.051873598247766495,0.7005466222763062,False,family-00372,0.5,0.0,0.5,minimum,sum_mod_10,3,0.21730728447437286,23.721141815185547,22,0.881102392449975,minimum__sum_mod_10,0.05410641431808472,0.002232816070318222,0.051873598247766495
0.014604508876800537,0.22347307205200195,True,family-00373,0.5,0.0,0.5,maximum,minimum,0,0.4450302720069885,11.084432601928711,22,0.0320550799369812,maximum__minimum,0.030744314193725586,0.04534882307052612,-0.014604508876800537
0.05017787218093872,0.24846744537353516,True,family-00373,0.5,0.0,0.5,maximum,minimum,1,0.19849693775177002,14.89832592010498,22,0.0320550799369812,maximum__minimum,0.05232268571853638,0.0021448135375976562,0.05017787218093872
0.3108644485473633,0.502850204706192,True,family-00373,0.5,0.0,0.5,maximum,minimum,2,0.1687939316034317,24.80933952331543,22,0.0320550799369812,maximum__minimum,0.7070469856262207,0.3961825370788574,0.3108644485473633
0.005203187465667725,1.6128628253936768,True,family-00373,0.5,0.0,0.5,maximum,minimum,3,0.22019073367118835,27.837331771850586,22,0.0320550799369812,maximum__minimum,0.016651630401611328,0.021854817867279053,-0.005203187465667725
0.019015297293663025,0.44428110122680664,False,family-00373,0.5,1.0,-0.5,maximum,sum_mod_10,0,0.4942396581172943,9.445122718811035,22,0.8453702926635742,maximum__sum_mod_10,0.030744314193725586,0.04975961148738861,-0.019015297293663025
0.025884106755256653,1.7466650009155273,False,family-00373,0.5,1.0,-0.5,maximum,sum_mod_10,1,0.25413182377815247,15.597436904907227,22,0.8453702926635742,maximum__sum_mod_10,0.05232268571853638,0.07820679247379303,-0.025884106755256653
0.7088918909430504,0.4888736605644226,False,family-00373,0.5,1.0,-0.5,maximum,sum_mod_10,2,0.41755855083465576,21.43657112121582,22,0.8453702926635742,maximum__sum_mod_10,0.7070469856262207,-0.0018449053168296814,0.7088918909430504
0.05378718674182892,1.9495896100997925,False,family-00373,0.5,1.0,-0.5,maximum,sum_mod_10,3,0.49252063035964966,23.421321868896484,22,0.8453702926635742,maximum__sum_mod_10,0.016651630401611328,-0.03713555634021759,0.05378718674182892
0.004410788416862488,0.2208080291748047,False,family-00373,0.0,1.0,-1.0,minimum,sum_mod_10,0,0.4487954378128052,10.303834915161133,22,0.813315212726593,minimum__sum_mod_10,0.04534882307052612,0.04975961148738861,-0.004410788416862488
0.07606197893619537,1.4981975555419922,False,family-00373,0.0,1.0,-1.0,minimum,sum_mod_10,1,0.22836554050445557,16.764171600341797,22,0.813315212726593,minimum__sum_mod_10,0.0021448135375976562,0.07820679247379303,-0.07606197893619537
0.3980274423956871,-0.01397654414176941,False,family-00373,0.0,1.0,-1.0,minimum,sum_mod_10,2,0.42314356565475464,20.82794952392578,22,0.813315212726593,minimum__sum_mod_10,0.3961825370788574,-0.0018449053168296814,0.3980274423956871
0.05899037420749664,0.3367267847061157,False,family-00373,0.0,1.0,-1.0,minimum,sum_mod_10,3,0.44883638620376587,23.678096771240234,22,0.813315212726593,minimum__sum_mod_10,0.021854817867279053,-0.03713555634021759,0.05899037420749664
0.5439488887786865,-0.0021271705627441406,True,family-00374,0.0,1.0,-1.0,maximum,minimum,0,0.060903728008270264,14.041064262390137,22,0.06994098424911499,maximum__minimum,0.8152238130569458,0.2712749242782593,0.5439488887786865
0.2616933584213257,0.24130964279174805,True,family-00374,0.0,1.0,-1.0,maximum,minimum,1,-0.0570124126970768,15.047124862670898,22,0.06994098424911499,maximum__minimum,0.029353439807891846,0.29104679822921753,-0.2616933584213257
0.0006770491600036621,1.033096432685852,True,family-00374,0.0,1.0,-1.0,maximum,minimum,2,-0.28155317902565,27.773258209228516,22,0.06994098424911499,maximum__minimum,0.784613847732544,0.7852908968925476,-0.0006770491600036621
0.02563178539276123,1.0649008750915527,True,family-00374,0.0,1.0,-1.0,maximum,minimum,3,-0.07324612140655518,30.515539169311523,22,0.06994098424911499,maximum__minimum,0.037617266178131104,0.011985480785369873,0.02563178539276123
0.8181517962366343,-0.13848543167114258,False,family-00374,0.0,0.5,-0.5,maximum,sum_mod_10,0,0.2335781753063202,13.068500518798828,22,0.924282468855381,maximum__sum_mod_10,0.8152238130569458,-0.0029279831796884537,0.8181517962366343
0.03295741230249405,0.7896291017532349,False,family-00374,0.0,0.5,-0.5,maximum,sum_mod_10,1,0.13238337635993958,14.795759201049805,22,0.924282468855381,maximum__sum_mod_10,0.029353439807891846,-0.0036039724946022034,0.03295741230249405
0.7981350049376488,0.6481455564498901,False,family-00374,0.0,0.5,-0.5,maximum,sum_mod_10,2,0.1464545875787735,22.747499465942383,22,0.924282468855381,maximum__sum_mod_10,0.784613847732544,-0.013521157205104828,0.7981350049376488
0.03420938365161419,1.516697883605957,False,family-00374,0.0,0.5,-0.5,maximum,sum_mod_10,3,0.30691349506378174,25.012208938598633,22,0.924282468855381,maximum__sum_mod_10,0.037617266178131104,0.0034078825265169144,0.03420938365161419
0.27420290745794773,-0.13635826110839844,False,family-00374,1.0,0.5,0.5,minimum,sum_mod_10,0,0.5438244938850403,8.85280704498291,22,0.854341484606266,minimum__sum_mod_10,0.2712749242782593,-0.0029279831796884537,0.27420290745794773
0.29465077072381973,0.5483194589614868,False,family-00374,1.0,0.5,0.5,minimum,sum_mod_10,1,0.6421206593513489,9.46363353729248,22,0.854341484606266,minimum__sum_mod_10,0.29104679822921753,-0.0036039724946022034,0.29465077072381973
0.7988120540976524,-0.3849508762359619,False,family-00374,1.0,0.5,0.5,minimum,sum_mod_10,2,0.7268466949462891,11.737698554992676,22,0.854341484606266,minimum__sum_mod_10,0.7852908968925476,-0.013521157205104828,0.7988120540976524
0.008577598258852959,0.4517970085144043,False,family-00374,1.0,0.5,0.5,minimum,sum_mod_10,3,0.770679235458374,13.405011177062988,22,0.854341484606266,minimum__sum_mod_10,0.011985480785369873,0.0034078825265169144,0.008577598258852959
0.23983541131019592,0.1392526626586914,True,family-00375,1.0,0.5,0.5,maximum,minimum,0,0.30502083897590637,9.202411651611328,22,0.36750149726867676,maximum__minimum,0.1634378433227539,0.40327325463294983,-0.23983541131019592
0.36057522892951965,-0.10872197151184082,True,family-00375,1.0,0.5,0.5,maximum,minimum,1,-0.03148288279771805,13.246445655822754,22,0.36750149726867676,maximum__minimum,0.8187047839164734,0.45812955498695374,0.36057522892951965
0.8504213690757751,0.2381443977355957,True,family-00375,1.0,0.5,0.5,maximum,minimum,2,-0.14108218252658844,19.729419708251953,22,0.36750149726867676,maximum__minimum,0.8017879128456116,-0.048633456230163574,0.8504213690757751
0.18346726894378662,0.8802516460418701,True,family-00375,1.0,0.5,0.5,maximum,minimum,3,0.008711408823728561,19.92314910888672,22,0.36750149726867676,maximum__minimum,0.21976172924041748,0.4032289981842041,-0.18346726894378662
0.19199451245367527,0.0645824670791626,False,family-00375,1.0,0.0,1.0,maximum,sum_mod_10,0,0.22378996014595032,10.53339958190918,22,0.8246518615633249,maximum__sum_mod_10,0.1634378433227539,-0.028556669130921364,0.19199451245367527
0.8389593679457903,-1.1194324493408203,False,family-00375,1.0,0.0,1.0,maximum,sum_mod_10,1,0.2674565017223358,10.510026931762695,22,0.8246518615633249,maximum__sum_mod_10,0.8187047839164734,-0.020254584029316902,0.8389593679457903
0.8394416570663452,-0.1133650541305542,False,family-00375,1.0,0.0,1.0,maximum,sum_mod_10,2,0.414600133895874,13.73054027557373,22,0.8246518615633249,maximum__sum_mod_10,0.8017879128456116,-0.03765374422073364,0.8394416570663452
0.22223307378590107,1.7347042560577393,False,family-00375,1.0,0.0,1.0,maximum,sum_mod_10,3,0.4475141763687134,15.629181861877441,22,0.8246518615633249,maximum__sum_mod_10,0.21976172924041748,-0.002471344545483589,0.22223307378590107
0.4318299237638712,-0.07467019557952881,False,family-00375,0.5,0.0,0.5,minimum,sum_mod_10,0,0.21911197900772095,10.683110237121582,22,0.45715036429464817,minimum__sum_mod_10,0.40327325463294983,-0.028556669130921364,0.4318299237638712
0.47838413901627064,-1.0107104778289795,False,family-00375,0.5,0.0,0.5,minimum,sum_mod_10,1,-0.0754278153181076,14.769572257995605,22,0.45715036429464817,minimum__sum_mod_10,0.45812955498695374,-0.020254584029316902,0.47838413901627064
0.010979712009429932,-0.3515094518661499,False,family-00375,0.5,0.0,0.5,minimum,sum_mod_10,2,-0.1818493902683258,19.466646194458008,22,0.45715036429464817,minimum__sum_mod_10,-0.048633456230163574,-0.03765374422073364,-0.010979712009429932
0.4057003427296877,0.8544526100158691,False,family-00375,0.5,0.0,0.5,minimum,sum_mod_10,3,0.13940325379371643,19.199050903320312,22,0.45715036429464817,minimum__sum_mod_10,0.4032289981842041,-0.002471344545483589,0.4057003427296877
0.47913557291030884,0.6133338212966919,True,family-00376,0.5,0.0,0.5,maximum,minimum,0,0.3519017696380615,10.38668155670166,22,0.06318819522857666,maximum__minimum,0.11796659231185913,0.597102165222168,-0.47913557291030884
0.9045610427856445,-0.7721109390258789,True,family-00376,0.5,0.0,0.5,maximum,minimum,1,0.11569160968065262,12.068338394165039,22,0.06318819522857666,maximum__minimum,0.8766870498657227,-0.027873992919921875,0.9045610427856445
0.3835621178150177,0.7235880494117737,True,family-00376,0.5,0.0,0.5,maximum,minimum,2,0.21458092331886292,18.480018615722656,22,0.06318819522857666,maximum__minimum,0.04308205842971802,0.4266441762447357,-0.3835621178150177
0.12016969919204712,0.6148766875267029,True,family-00376,0.5,0.0,0.5,maximum,minimum,3,0.3030950427055359,22.184980392456055,22,0.06318819522857666,maximum__minimum,0.09396618604660034,-0.026203513145446777,0.12016969919204712
0.1388547308743,0.697493314743042,False,family-00376,0.5,1.0,-0.5,maximum,sum_mod_10,0,0.38861289620399475,9.458803176879883,22,0.915017869323492,maximum__sum_mod_10,0.11796659231185913,-0.020888138562440872,0.1388547308743
0.8655710462480783,-0.002208709716796875,False,family-00376,0.5,1.0,-0.5,maximum,sum_mod_10,1,0.21842864155769348,13.397750854492188,22,0.915017869323492,maximum__sum_mod_10,0.8766870498657227,0.01111600361764431,0.8655710462480783
0.08390125259757042,0.31144142150878906,False,family-00376,0.5,1.0,-0.5,maximum,sum_mod_10,2,0.47371751070022583,16.310762405395508,22,0.915017869323492,maximum__sum_mod_10,0.04308205842971802,-0.0408191941678524,0.08390125259757042
0.11125518754124641,0.5701237916946411,False,family-00376,0.5,1.0,-0.5,maximum,sum_mod_10,3,0.4972701072692871,19.966978073120117,22,0.915017869323492,maximum__sum_mod_10,0.09396618604660034,-0.017289001494646072,0.11125518754124641
0.6179903037846088,0.0841594934463501,False,family-00376,0.0,1.0,-1.0,minimum,sum_mod_10,0,0.5088151693344116,8.567708015441895,22,0.8518296740949154,minimum__sum_mod_10,0.597102165222168,-0.020888138562440872,0.6179903037846088
0.038989996537566185,0.769902229309082,False,family-00376,0.0,1.0,-1.0,minimum,sum_mod_10,1,0.547394335269928,9.887924194335938,22,0.8518296740949154,minimum__sum_mod_10,-0.027873992919921875,0.01111600361764431,-0.038989996537566185
0.4674633704125881,-0.4121466279029846,False,family-00376,0.0,1.0,-1.0,minimum,sum_mod_10,2,0.6418710350990295,13.109514236450195,22,0.8518296740949154,minimum__sum_mod_10,0.4266441762447357,-0.0408191941678524,0.4674633704125881
0.008914511650800705,-0.04475289583206177,False,family-00376,0.0,1.0,-1.0,minimum,sum_mod_10,3,0.6799806952476501,14.647432327270508,22,0.8518296740949154,minimum__sum_mod_10,-0.026203513145446777,-0.017289001494646072,-0.008914511650800705
0.6943824291229248,-0.13054931163787842,True,family-00377,0.0,1.0,-1.0,maximum,minimum,0,0.1721799671649933,12.045339584350586,22,-0.7403870671987534,maximum__minimum,-0.5375053286552429,0.15687710046768188,-0.6943824291229248
0.1312488466501236,0.013505697250366211,True,family-00377,0.0,1.0,-1.0,maximum,minimum,1,0.28250545263290405,13.965967178344727,22,-0.7403870671987534,maximum__minimum,-0.008146539330482483,0.12310230731964111,-0.1312488466501236
0.4075702801346779,0.9488633871078491,True,family-00377,0.0,1.0,-1.0,maximum,minimum,2,0.19720184803009033,19.44687843322754,22,-0.7403870671987534,maximum__minimum,0.07525857537984848,0.48282885551452637,-0.4075702801346779
0.01874426007270813,-2.172841429710388,True,family-00377,0.0,1.0,-1.0,maximum,minimum,3,0.12139846384525299,24.622730255126953,22,-0.7403870671987534,maximum__minimum,0.12634912133216858,0.1450933814048767,-0.01874426007270813
0.537250891327858,-0.6963542699813843,False,family-00377,0.0,0.5,-0.5,maximum,sum_mod_10,0,0.16966158151626587,11.977567672729492,22,0.14718702994287014,maximum__sum_mod_10,-0.5375053286552429,-0.00025443732738494873,-0.537250891327858
0.012800680473446846,0.3778519630432129,False,family-00377,0.0,0.5,-0.5,maximum,sum_mod_10,1,0.33537015318870544,13.010619163513184,22,0.14718702994287014,maximum__sum_mod_10,-0.008146539330482483,-0.02094721980392933,0.012800680473446846
0.07476029638200998,1.2080556154251099,False,family-00377,0.0,0.5,-0.5,maximum,sum_mod_10,2,0.4339613914489746,14.822728157043457,22,0.14718702994287014,maximum__sum_mod_10,0.07525857537984848,0.0004982789978384972,0.07476029638200998
0.12417911179363728,-0.6332873106002808,False,family-00377,0.0,0.5,-0.5,maximum,sum_mod_10,3,0.5818854570388794,17.74353790283203,22,0.14718702994287014,maximum__sum_mod_10,0.12634912133216858,0.0021700095385313034,0.12417911179363728
0.15713153779506683,-0.5658049583435059,False,family-00377,1.0,0.5,0.5,minimum,sum_mod_10,0,0.18670138716697693,11.55698013305664,22,0.8875740971416235,minimum__sum_mod_10,0.15687710046768188,-0.00025443732738494873,0.15713153779506683
0.14404952712357044,0.3643462657928467,False,family-00377,1.0,0.5,0.5,minimum,sum_mod_10,1,0.20473447442054749,16.352066040039062,22,0.8875740971416235,minimum__sum_mod_10,0.12310230731964111,-0.02094721980392933,0.14404952712357044
0.48233057651668787,0.25919222831726074,False,family-00377,1.0,0.5,0.5,minimum,sum_mod_10,2,0.19483667612075806,22.15214729309082,22,0.8875740971416235,minimum__sum_mod_10,0.48282885551452637,0.0004982789978384972,0.48233057651668787
0.1429233718663454,1.5395541191101074,False,family-00377,1.0,0.5,0.5,minimum,sum_mod_10,3,0.32733166217803955,24.863779067993164,22,0.8875740971416235,minimum__sum_mod_10,0.1450933814048767,0.0021700095385313034,0.1429233718663454
0.01633407175540924,0.7183849811553955,True,family-00378,1.0,0.5,0.5,maximum,minimum,0,0.4445517659187317,10.12321949005127,22,0.6489295959472656,maximum__minimum,0.13873744010925293,0.15507151186466217,-0.01633407175540924
0.891756147146225,0.0466914176940918,True,family-00378,1.0,0.5,0.5,maximum,minimum,1,-0.061535269021987915,15.114946365356445,22,0.6489295959472656,maximum__minimum,0.8872224688529968,-0.004533678293228149,0.891756147146225
0.13562342524528503,0.013006091117858887,True,family-00378,1.0,0.5,0.5,maximum,minimum,2,0.09101969748735428,16.99846076965332,22,0.6489295959472656,maximum__minimum,0.21937423944473267,0.08375081419944763,0.13562342524528503
0.1252334713935852,0.3445173501968384,True,family-00378,1.0,0.5,0.5,maximum,minimum,3,0.36587098240852356,18.05546760559082,22,0.6489295959472656,maximum__minimum,0.057039082050323486,-0.06819438934326172,0.1252334713935852
0.24483059346675873,0.0825197696685791,False,family-00378,1.0,0.0,1.0,maximum,sum_mod_10,0,0.3013210594654083,11.148451805114746,22,0.808377742767334,maximum__sum_mod_10,0.13873744010925293,-0.1060931533575058,0.24483059346675873
0.882744811475277,-1.141488790512085,False,family-00378,1.0,0.0,1.0,maximum,sum_mod_10,1,0.36846834421157837,11.614749908447266,22,0.808377742767334,maximum__sum_mod_10,0.8872224688529968,0.004477657377719879,0.882744811475277
0.18334053829312325,-0.06577551364898682,False,family-00378,1.0,0.0,1.0,maximum,sum_mod_10,2,0.46721142530441284,14.308196067810059,22,0.808377742767334,maximum__sum_mod_10,0.21937423944473267,0.03603370115160942,0.18334053829312325
0.05018980801105499,0.4122297763824463,False,family-00378,1.0,0.0,1.0,maximum,sum_mod_10,3,0.5242225527763367,16.320667266845703,22,0.808377742767334,maximum__sum_mod_10,0.057039082050323486,0.006849274039268494,0.05018980801105499
0.26116466522216797,-0.6358652114868164,False,family-00378,0.5,0.0,0.5,minimum,sum_mod_10,0,0.4867509603500366,9.918644905090332,22,0.15944814682006836,minimum__sum_mod_10,0.15507151186466217,-0.1060931533575058,0.26116466522216797
0.009011335670948029,-1.1881802082061768,False,family-00378,0.5,0.0,0.5,minimum,sum_mod_10,1,0.2557648718357086,12.513772964477539,22,0.15944814682006836,minimum__sum_mod_10,-0.004533678293228149,0.004477657377719879,-0.009011335670948029
0.04771711304783821,-0.0787816047668457,False,family-00378,0.5,0.0,0.5,minimum,sum_mod_10,2,0.2694428265094757,14.965057373046875,22,0.15944814682006836,minimum__sum_mod_10,0.08375081419944763,0.03603370115160942,0.04771711304783821
0.07504366338253021,0.06771242618560791,False,family-00378,0.5,0.0,0.5,minimum,sum_mod_10,3,0.4467464089393616,16.2887020111084,22,0.15944814682006836,minimum__sum_mod_10,-0.06819438934326172,0.006849274039268494,-0.07504366338253021
0.1658293902873993,-0.27688777446746826,True,family-00379,0.5,0.0,0.5,maximum,minimum,0,0.33375221490859985,11.625062942504883,22,0.7134307473897934,maximum__minimum,0.2878143787384033,0.12198498845100403,0.1658293902873993
0.37389224767684937,-1.0350756645202637,True,family-00379,0.5,0.0,0.5,maximum,minimum,1,0.1408800482749939,14.001611709594727,22,0.7134307473897934,maximum__minimum,0.11936986446380615,-0.2545223832130432,0.37389224767684937
0.02653484046459198,0.2693403959274292,True,family-00379,0.5,0.0,0.5,maximum,minimum,2,0.1865863800048828,19.994491577148438,22,0.7134307473897934,maximum__minimum,0.0430302619934082,0.06956510245800018,-0.02653484046459198
0.14871203899383545,0.1675868034362793,True,family-00379,0.5,0.0,0.5,maximum,minimum,3,0.126583069562912,24.062923431396484,22,0.7134307473897934,maximum__minimum,0.03429228067398071,0.18300431966781616,-0.14871203899383545
0.29111440666019917,0.1365598440170288,False,family-00379,0.5,1.0,-0.5,maximum,sum_mod_10,0,0.348098486661911,11.357440948486328,22,0.9539369558915496,maximum__sum_mod_10,0.2878143787384033,-0.003300027921795845,0.29111440666019917
0.12073850259184837,-0.940995454788208,False,family-00379,0.5,1.0,-0.5,maximum,sum_mod_10,1,0.4117836654186249,11.972320556640625,22,0.9539369558915496,maximum__sum_mod_10,0.11936986446380615,-0.001368638128042221,0.12073850259184837
0.0879066027700901,0.500802755355835,False,family-00379,0.5,1.0,-0.5,maximum,sum_mod_10,2,0.6728017330169678,14.518278121948242,22,0.9539369558915496,maximum__sum_mod_10,0.0430302619934082,-0.0448763407766819,0.0879066027700901
0.037001870572566986,0.5073901414871216,False,family-00379,0.5,1.0,-0.5,maximum,sum_mod_10,3,0.6847236752510071,16.600826263427734,22,0.9539369558915496,maximum__sum_mod_10,0.03429228067398071,-0.002709589898586273,0.037001870572566986
0.12528501637279987,0.41344761848449707,False,family-00379,0.0,1.0,-1.0,minimum,sum_mod_10,0,0.9113084077835083,4.209795951843262,22,0.2405062085017562,minimum__sum_mod_10,0.12198498845100403,-0.003300027921795845,0.12528501637279987
0.253153745085001,0.09408020973205566,False,family-00379,0.0,1.0,-1.0,minimum,sum_mod_10,1,0.8132145404815674,5.551063537597656,22,0.2405062085017562,minimum__sum_mod_10,-0.2545223832130432,-0.001368638128042221,-0.253153745085001
0.11444144323468208,0.23146235942840576,False,family-00379,0.0,1.0,-1.0,minimum,sum_mod_10,2,0.5953295230865479,13.111699104309082,22,0.2405062085017562,minimum__sum_mod_10,0.06956510245800018,-0.0448763407766819,0.11444144323468208
0.18571390956640244,0.3398033380508423,False,family-00379,0.0,1.0,-1.0,minimum,sum_mod_10,3,0.6015612483024597,15.527653694152832,22,0.2405062085017562,minimum__sum_mod_10,0.18300431966781616,-0.002709589898586273,0.18571390956640244
0.6395555138587952,-0.6541520357131958,True,family-00380,0.0,1.0,-1.0,maximum,minimum,0,0.08135344088077545,13.362017631530762,22,0.43275704979896545,maximum__minimum,0.8475221395492554,0.2079666256904602,0.6395555138587952
0.18625426292419434,-0.7414286136627197,True,family-00380,0.0,1.0,-1.0,maximum,minimum,1,-0.03658467158675194,14.93826961517334,22,0.43275704979896545,maximum__minimum,0.04375779628753662,0.23001205921173096,-0.18625426292419434
0.43072593212127686,-0.8472505211830139,True,family-00380,0.0,1.0,-1.0,maximum,minimum,2,-0.3268006145954132,27.232131958007812,22,0.43275704979896545,maximum__minimum,-0.039501726627349854,0.391224205493927,-0.43072593212127686
0.06414744257926941,0.47083544731140137,True,family-00380,0.0,1.0,-1.0,maximum,minimum,3,-0.2552376985549927,30.100385665893555,22,0.43275704979896545,maximum__minimum,0.09493851661682129,0.1590859591960907,-0.06414744257926941
0.6619839072227478,-0.054105401039123535,False,family-00380,0.0,0.5,-0.5,maximum,sum_mod_10,0,0.2578362226486206,12.47474193572998,22,0.49287164211273193,maximum__sum_mod_10,0.8475221395492554,0.18553823232650757,0.6619839072227478
0.2707368731498718,0.5639997720718384,False,family-00380,0.0,0.5,-0.5,maximum,sum_mod_10,1,0.15827952325344086,16.979774475097656,22,0.49287164211273193,maximum__sum_mod_10,0.04375779628753662,0.31449466943740845,-0.2707368731498718
0.24837863445281982,-0.028118550777435303,False,family-00380,0.0,0.5,-0.5,maximum,sum_mod_10,2,0.27134647965431213,24.160663604736328,22,0.49287164211273193,maximum__sum_mod_10,-0.039501726627349854,0.20887690782546997,-0.24837863445281982
0.059747934341430664,0.6521022319793701,False,family-00380,0.0,0.5,-0.5,maximum,sum_mod_10,3,0.2954831123352051,27.244869232177734,22,0.49287164211273193,maximum__sum_mod_10,0.09493851661682129,0.15468645095825195,-0.059747934341430664
0.022428393363952637,0.6000466346740723,False,family-00380,1.0,0.5,0.5,minimum,sum_mod_10,0,0.446214884519577,9.58398151397705,22,0.06011459231376648,minimum__sum_mod_10,0.2079666256904602,0.18553823232650757,0.022428393363952637
0.08448261022567749,1.305428385734558,False,family-00380,1.0,0.5,0.5,minimum,sum_mod_10,1,0.4600047171115875,12.326708793640137,22,0.06011459231376648,minimum__sum_mod_10,0.23001205921173096,0.31449466943740845,-0.08448261022567749
0.18234729766845703,0.8191319704055786,False,family-00380,1.0,0.5,0.5,minimum,sum_mod_10,2,0.4333650767803192,15.07541561126709,22,0.06011459231376648,minimum__sum_mod_10,0.391224205493927,0.20887690782546997,0.18234729766845703
0.004399508237838745,0.18126678466796875,False,family-00380,1.0,0.5,0.5,minimum,sum_mod_10,3,0.5646820068359375,16.603513717651367,22,0.06011459231376648,minimum__sum_mod_10,0.1590859591960907,0.15468645095825195,0.004399508237838745
0.13162761926651,0.045110464096069336,True,family-00381,1.0,0.5,0.5,maximum,minimum,0,0.49465715885162354,9.971092224121094,22,0.04029548168182373,maximum__minimum,0.1886274814605713,0.05699986219406128,0.13162761926651
0.8263225555419922,-0.456929087638855,True,family-00381,1.0,0.5,0.5,maximum,minimum,1,0.004428893327713013,14.458528518676758,22,0.04029548168182373,maximum__minimum,0.9523466229438782,0.126024067401886,0.8263225555419922
0.5330908894538879,0.7417322993278503,True,family-00381,1.0,0.5,0.5,maximum,minimum,2,-0.02244418114423752,22.59352684020996,22,0.04029548168182373,maximum__minimum,0.03349810838699341,0.5665889978408813,-0.5330908894538879
0.07335728406906128,0.32231032848358154,True,family-00381,1.0,0.5,0.5,maximum,minimum,3,0.15296442806720734,24.366474151611328,22,0.04029548168182373,maximum__minimum,0.09814471006393433,0.024787425994873047,0.07335728406906128
0.20304306969046593,0.1332317590713501,False,family-00381,1.0,0.0,1.0,maximum,sum_mod_10,0,0.4370673596858978,9.491636276245117,22,0.9549604034982622,maximum__sum_mod_10,0.1886274814605713,-0.014415588229894638,0.20304306969046593
0.9527567280456424,-1.0726196765899658,False,family-00381,1.0,0.0,1.0,maximum,sum_mod_10,1,0.06787727773189545,13.642681121826172,22,0.9549604034982622,maximum__sum_mod_10,0.9523466229438782,-0.0004101051017642021,0.9527567280456424
0.1620151698589325,0.6726672649383545,False,family-00381,1.0,0.0,1.0,maximum,sum_mod_10,2,0.009118258953094482,21.854568481445312,22,0.9549604034982622,maximum__sum_mod_10,0.03349810838699341,-0.1285170614719391,0.1620151698589325
0.09840749064460397,0.43305981159210205,False,family-00381,1.0,0.0,1.0,maximum,sum_mod_10,3,0.14250309765338898,25.080459594726562,22,0.9549604034982622,maximum__sum_mod_10,0.09814471006393433,-0.0002627805806696415,0.09840749064460397
0.07141545042395592,0.08812129497528076,False,family-00381,0.5,0.0,0.5,minimum,sum_mod_10,0,0.5186665058135986,9.428093910217285,22,0.9146649218164384,minimum__sum_mod_10,0.05699986219406128,-0.014415588229894638,0.07141545042395592
0.1264341725036502,-0.6156905889511108,False,family-00381,0.5,0.0,0.5,minimum,sum_mod_10,1,0.516318142414093,9.259984016418457,22,0.9146649218164384,minimum__sum_mod_10,0.126024067401886,-0.0004101051017642021,0.1264341725036502
0.6951060593128204,-0.06906503438949585,False,family-00381,0.5,0.0,0.5,minimum,sum_mod_10,2,0.8031724691390991,9.492838859558105,22,0.9146649218164384,minimum__sum_mod_10,0.5665889978408813,-0.1285170614719391,0.6951060593128204
0.02505020657554269,0.11074948310852051,False,family-00381,0.5,0.0,0.5,minimum,sum_mod_10,3,0.8219069242477417,10.781487464904785,22,0.9146649218164384,minimum__sum_mod_10,0.024787425994873047,-0.0002627805806696415,0.02505020657554269
0.5952494740486145,0.4660830497741699,True,family-00382,0.5,0.0,0.5,maximum,minimum,0,0.3106086254119873,10.39389419555664,22,0.1695069670677185,maximum__minimum,-0.02321082353591919,0.5720386505126953,-0.5952494740486145
0.5740658044815063,-1.028693675994873,True,family-00382,0.5,0.0,0.5,maximum,minimum,1,-0.050528161227703094,12.365679740905762,22,0.1695069670677185,maximum__minimum,0.7492449879646301,0.17517918348312378,0.5740658044815063
0.19510963559150696,-1.802470326423645,True,family-00382,0.5,0.0,0.5,maximum,minimum,2,-0.13420547544956207,22.780540466308594,22,0.1695069670677185,maximum__minimum,0.47752657532691956,0.2824169397354126,0.19510963559150696
0.09933328628540039,1.0731762647628784,True,family-00382,0.5,0.0,0.5,maximum,minimum,3,0.014602206647396088,24.409852981567383,22,0.1695069670677185,maximum__minimum,0.13502556085586548,0.23435884714126587,-0.09933328628540039
0.21613502502441406,0.3669319152832031,False,family-00382,0.5,1.0,-0.5,maximum,sum_mod_10,0,0.24683088064193726,11.393430709838867,22,0.0066863298416137695,maximum__sum_mod_10,-0.02321082353591919,0.19292420148849487,-0.21613502502441406
0.6833204030990601,-0.5748379230499268,False,family-00382,0.5,1.0,-0.5,maximum,sum_mod_10,1,0.31641924381256104,10.146676063537598,22,0.0066863298416137695,maximum__sum_mod_10,0.7492449879646301,0.06592458486557007,0.6833204030990601
0.009292632341384888,0.1976388692855835,False,family-00382,0.5,1.0,-0.5,maximum,sum_mod_10,2,0.3867488503456116,19.813997268676758,22,0.0066863298416137695,maximum__sum_mod_10,0.47752657532691956,0.46823394298553467,0.009292632341384888
0.10382026433944702,0.21681761741638184,False,family-00382,0.5,1.0,-0.5,maximum,sum_mod_10,3,0.4370265305042267,21.305612564086914,22,0.0066863298416137695,maximum__sum_mod_10,0.13502556085586548,0.031205296516418457,0.10382026433944702
0.37911444902420044,-0.0991511344909668,False,family-00382,0.0,1.0,-1.0,minimum,sum_mod_10,0,0.22111935913562775,12.595070838928223,22,-0.16282063722610474,minimum__sum_mod_10,0.5720386505126953,0.19292420148849487,0.37911444902420044
0.10925459861755371,0.4538557529449463,False,family-00382,0.0,1.0,-1.0,minimum,sum_mod_10,1,0.1614953875541687,12.291910171508789,22,-0.16282063722610474,minimum__sum_mod_10,0.17517918348312378,0.06592458486557007,0.10925459861755371
0.18581700325012207,2.0001091957092285,False,family-00382,0.0,1.0,-1.0,minimum,sum_mod_10,2,0.13732263445854187,18.491371154785156,22,-0.16282063722610474,minimum__sum_mod_10,0.2824169397354126,0.46823394298553467,-0.18581700325012207
0.2031535506248474,-0.8563586473464966,False,family-00382,0.0,1.0,-1.0,minimum,sum_mod_10,3,0.10854214429855347,22.3212833404541,22,-0.16282063722610474,minimum__sum_mod_10,0.23435884714126587,0.031205296516418457,0.2031535506248474
0.27938222885131836,-0.6297252178192139,True,family-00383,0.0,1.0,-1.0,maximum,minimum,0,0.24171152710914612,12.540345191955566,22,-0.2973836064338684,maximum__minimum,0.4201588034629822,0.14077657461166382,0.27938222885131836
0.22615265846252441,-0.35756921768188477,True,family-00383,0.0,1.0,-1.0,maximum,minimum,1,0.183222696185112,14.191134452819824,22,-0.2973836064338684,maximum__minimum,0.23138219118118286,0.005229532718658447,0.22615265846252441
0.3523731529712677,0.1349567174911499,True,family-00383,0.0,1.0,-1.0,maximum,minimum,2,0.41812270879745483,15.921127319335938,22,-0.2973836064338684,maximum__minimum,0.11354586482048035,0.46591901779174805,-0.3523731529712677
0.15258291363716125,-0.42166268825531006,True,family-00383,0.0,1.0,-1.0,maximum,minimum,3,0.4280964136123657,18.539241790771484,22,-0.2973836064338684,maximum__minimum,0.20692381262779236,0.054340898990631104,0.15258291363716125
0.46645454317331314,-0.7709869146347046,False,family-00383,0.0,0.5,-0.5,maximum,sum_mod_10,0,0.3856618106365204,11.76114273071289,22,0.4714147225022316,maximum__sum_mod_10,0.4201588034629822,-0.04629573971033096,0.46645454317331314
0.2017468921840191,0.3621063232421875,False,family-00383,0.0,0.5,-0.5,maximum,sum_mod_10,1,0.4439094662666321,12.19518756866455,22,0.4714147225022316,maximum__sum_mod_10,0.23138219118118286,0.029635298997163773,0.2017468921840191
0.16409258544445038,0.3426212668418884,False,family-00383,0.0,0.5,-0.5,maximum,sum_mod_10,2,0.49694061279296875,14.091849327087402,22,0.4714147225022316,maximum__sum_mod_10,0.11354586482048035,-0.05054672062397003,0.16409258544445038
0.2163228616118431,0.08097368478775024,False,family-00383,0.0,0.5,-0.5,maximum,sum_mod_10,3,0.4832053780555725,17.619483947753906,22,0.4714147225022316,maximum__sum_mod_10,0.20692381262779236,-0.00939904898405075,0.2163228616118431
0.18707231432199478,-0.14126169681549072,False,family-00383,1.0,0.5,0.5,minimum,sum_mod_10,0,0.17022880911827087,12.863497734069824,22,0.7687983289361,minimum__sum_mod_10,0.14077657461166382,-0.04629573971033096,0.18707231432199478
0.024405766278505325,0.7196755409240723,False,family-00383,1.0,0.5,0.5,minimum,sum_mod_10,1,0.3189529776573181,14.220063209533691,22,0.7687983289361,minimum__sum_mod_10,0.005229532718658447,0.029635298997163773,-0.024405766278505325
0.5164657384157181,0.20766454935073853,False,family-00383,1.0,0.5,0.5,minimum,sum_mod_10,2,0.5231483578681946,15.275601387023926,22,0.7687983289361,minimum__sum_mod_10,0.46591901779174805,-0.05054672062397003,0.5164657384157181
0.06373994797468185,0.5026363730430603,False,family-00383,1.0,0.5,0.5,minimum,sum_mod_10,3,0.5595537424087524,17.845731735229492,22,0.7687983289361,minimum__sum_mod_10,0.054340898990631104,-0.00939904898405075,0.06373994797468185
0.1953946352005005,0.26993274688720703,True,family-00384,1.0,0.5,0.5,maximum,minimum,0,0.503690242767334,9.375090599060059,22,0.03105485439300537,maximum__minimum,0.2910919785499573,0.09569734334945679,0.1953946352005005
0.2238195538520813,-0.8433157205581665,True,family-00384,1.0,0.5,0.5,maximum,minimum,1,0.06805610656738281,14.2454833984375,22,0.03105485439300537,maximum__minimum,0.11439061164855957,0.33821016550064087,-0.2238195538520813
0.07573717832565308,-1.0294982194900513,True,family-00384,1.0,0.5,0.5,maximum,minimum,2,-0.17485715448856354,24.884862899780273,22,0.03105485439300537,maximum__minimum,-0.009474754333496094,0.06626242399215698,-0.07573717832565308
0.04498398303985596,0.09152817726135254,True,family-00384,1.0,0.5,0.5,maximum,minimum,3,0.08452466875314713,28.375690460205078,22,0.03105485439300537,maximum__minimum,0.09522300958633423,0.14020699262619019,-0.04498398303985596
0.2725123465061188,-0.6056187152862549,False,family-00384,1.0,0.0,1.0,maximum,sum_mod_10,0,0.19583645462989807,11.458812713623047,22,0.875641793012619,maximum__sum_mod_10,0.2910919785499573,0.0185796320438385,0.2725123465061188
0.19210180640220642,-1.7043758630752563,False,family-00384,1.0,0.0,1.0,maximum,sum_mod_10,1,0.11173665523529053,13.818886756896973,22,0.875641793012619,maximum__sum_mod_10,0.11439061164855957,-0.07771119475364685,0.19210180640220642
0.03881421685218811,-0.4888029098510742,False,family-00384,1.0,0.0,1.0,maximum,sum_mod_10,2,-0.004179932177066803,23.28650665283203,22,0.875641793012619,maximum__sum_mod_10,-0.009474754333496094,0.029339462518692017,-0.03881421685218811
0.12930399924516678,-0.273975133895874,False,family-00384,1.0,0.0,1.0,maximum,sum_mod_10,3,0.028249945491552353,28.166032791137695,22,0.875641793012619,maximum__sum_mod_10,0.09522300958633423,-0.03408098965883255,0.12930399924516678
0.07711771130561829,-0.8755514621734619,False,family-00384,0.5,0.0,0.5,minimum,sum_mod_10,0,0.35866639018058777,10.543412208557129,22,0.8445869386196136,minimum__sum_mod_10,0.09569734334945679,0.0185796320438385,0.07711771130561829
0.4159213602542877,-0.8610601425170898,False,family-00384,0.5,0.0,0.5,minimum,sum_mod_10,1,0.3079273998737335,11.190186500549316,22,0.8445869386196136,minimum__sum_mod_10,0.33821016550064087,-0.07771119475364685,0.4159213602542877
0.036922961473464966,0.540695309638977,False,family-00384,0.5,0.0,0.5,minimum,sum_mod_10,2,0.2398717850446701,13.65647029876709,22,0.8445869386196136,minimum__sum_mod_10,0.06626242399215698,0.029339462518692017,0.036922961473464966
0.17428798228502274,-0.36550331115722656,False,family-00384,0.5,0.0,0.5,minimum,sum_mod_10,3,0.43986234068870544,15.623024940490723,22,0.8445869386196136,minimum__sum_mod_10,0.14020699262619019,-0.03408098965883255,0.17428798228502274
0.5421721339225769,0.46815598011016846,True,family-00385,0.5,0.0,0.5,maximum,minimum,0,0.35228243470191956,10.95857048034668,22,0.05759352445602417,maximum__minimum,0.005840480327606201,0.5480126142501831,-0.5421721339225769
0.5196375250816345,-0.5249431133270264,True,family-00385,0.5,0.0,0.5,maximum,minimum,1,0.005245756357908249,13.901934623718262,22,0.05759352445602417,maximum__minimum,0.584094762802124,0.0644572377204895,0.5196375250816345
0.05551403760910034,0.0934293270111084,True,family-00385,0.5,0.0,0.5,maximum,minimum,2,-0.15823931992053986,25.68257713317871,22,0.05759352445602417,maximum__minimum,0.7880093455314636,0.843523383140564,-0.05551403760910034
0.027284085750579834,0.8215842247009277,True,family-00385,0.5,0.0,0.5,maximum,minimum,3,0.043446287512779236,27.03278923034668,22,0.05759352445602417,maximum__minimum,0.046811819076538086,0.07409590482711792,-0.027284085750579834
0.010385419707745314,0.6810595989227295,False,family-00385,0.5,1.0,-0.5,maximum,sum_mod_10,0,0.3186514973640442,10.838232040405273,22,0.9322712662396953,maximum__sum_mod_10,0.005840480327606201,-0.0045449393801391125,0.010385419707745314
0.5839668726548553,-0.2077012062072754,False,family-00385,0.5,1.0,-0.5,maximum,sum_mod_10,1,0.32172831892967224,11.352437973022461,22,0.9322712662396953,maximum__sum_mod_10,0.584094762802124,0.00012789014726877213,0.5839668726548553
0.7880288057494909,0.2936288118362427,False,family-00385,0.5,1.0,-0.5,maximum,sum_mod_10,2,0.2851244807243347,21.16767692565918,22,0.9322712662396953,maximum__sum_mod_10,0.7880093455314636,-1.9460218027234077e-05,0.7880288057494909
0.049572008196264505,1.8020446300506592,False,family-00385,0.5,1.0,-0.5,maximum,sum_mod_10,3,0.39906755089759827,23.551044464111328,22,0.9322712662396953,maximum__sum_mod_10,0.046811819076538086,-0.0027601891197264194,0.049572008196264505
0.5525575536303222,0.21290361881256104,False,family-00385,0.0,1.0,-1.0,minimum,sum_mod_10,0,0.8212679624557495,5.573988914489746,22,0.8746777417836711,minimum__sum_mod_10,0.5480126142501831,-0.0045449393801391125,0.5525575536303222
0.06432934757322073,0.317241907119751,False,family-00385,0.0,1.0,-1.0,minimum,sum_mod_10,1,0.5789758563041687,9.397411346435547,22,0.8746777417836711,minimum__sum_mod_10,0.0644572377204895,0.00012789014726877213,0.06432934757322073
0.8435428433585912,0.20019948482513428,False,family-00385,0.0,1.0,-1.0,minimum,sum_mod_10,2,0.277362585067749,19.490734100341797,22,0.8746777417836711,minimum__sum_mod_10,0.843523383140564,-1.9460218027234077e-05,0.8435428433585912
0.07685609394684434,0.9804604053497314,False,family-00385,0.0,1.0,-1.0,minimum,sum_mod_10,3,0.38379794359207153,21.95027732849121,22,0.8746777417836711,minimum__sum_mod_10,0.07409590482711792,-0.0027601891197264194,0.07685609394684434
0.642080545425415,0.07779192924499512,True,family-00386,0.0,1.0,-1.0,maximum,minimum,0,0.2961556017398834,12.532929420471191,22,0.021987617015838623,maximum__minimum,-0.021713852882385254,0.6203666925430298,-0.642080545425415
0.022805452346801758,-0.2096405029296875,True,family-00386,0.0,1.0,-1.0,maximum,minimum,1,0.2575310170650482,14.171154022216797,22,0.021987617015838623,maximum__minimum,-0.00030732154846191406,0.022498130798339844,-0.022805452346801758
0.21993693709373474,0.3854951858520508,True,family-00386,0.0,1.0,-1.0,maximum,minimum,2,0.17354880273342133,24.695871353149414,22,0.021987617015838623,maximum__minimum,0.6545431613922119,0.4346062242984772,0.21993693709373474
0.05686771869659424,0.9018628597259521,True,family-00386,0.0,1.0,-1.0,maximum,minimum,3,0.2715094983577728,27.348358154296875,22,0.021987617015838623,maximum__minimum,0.036782681941986084,0.09365040063858032,-0.05686771869659424
0.007958251982927322,-0.6221029758453369,False,family-00386,0.0,0.5,-0.5,maximum,sum_mod_10,0,0.2646790146827698,12.32275104522705,22,0.8540782667696476,maximum__sum_mod_10,-0.021713852882385254,-0.013755600899457932,-0.007958251982927322
0.008537821471691132,0.5640313625335693,False,family-00386,0.0,0.5,-0.5,maximum,sum_mod_10,1,0.25883862376213074,14.246087074279785,22,0.8540782667696476,maximum__sum_mod_10,-0.00030732154846191406,0.008230499923229218,-0.008537821471691132
0.7235508263111115,-0.05556321144104004,False,family-00386,0.0,0.5,-0.5,maximum,sum_mod_10,2,0.427091509103775,19.440431594848633,22,0.8540782667696476,maximum__sum_mod_10,0.6545431613922119,-0.06900766491889954,0.7235508263111115
0.07237743213772774,1.5215606689453125,False,family-00386,0.0,0.5,-0.5,maximum,sum_mod_10,3,0.4944349527359009,21.635465621948242,22,0.8540782667696476,maximum__sum_mod_10,0.036782681941986084,-0.03559475019574165,0.07237743213772774
0.6341222934424877,-0.699894905090332,False,family-00386,1.0,0.5,0.5,minimum,sum_mod_10,0,0.43677687644958496,10.500572204589844,22,0.832090649753809,minimum__sum_mod_10,0.6203666925430298,-0.013755600899457932,0.6341222934424877
0.014267630875110626,0.7736718654632568,False,family-00386,1.0,0.5,0.5,minimum,sum_mod_10,1,0.5367285013198853,11.676746368408203,22,0.832090649753809,minimum__sum_mod_10,0.022498130798339844,0.008230499923229218,0.014267630875110626
0.5036138892173767,-0.4410583972930908,False,family-00386,1.0,0.5,0.5,minimum,sum_mod_10,2,0.4947415292263031,16.30752944946289,22,0.832090649753809,minimum__sum_mod_10,0.4346062242984772,-0.06900766491889954,0.5036138892173767
0.12924515083432198,0.6196978092193604,False,family-00386,1.0,0.5,0.5,minimum,sum_mod_10,3,0.5671440362930298,18.190683364868164,22,0.832090649753809,minimum__sum_mod_10,0.09365040063858032,-0.03559475019574165,0.12924515083432198
0.04026539623737335,0.7589336633682251,True,family-00387,1.0,0.5,0.5,maximum,minimum,0,0.3352678120136261,9.408123016357422,22,-0.6994236260652542,maximum__minimum,0.1138714998960495,0.15413689613342285,-0.04026539623737335
0.15342900156974792,-0.29422783851623535,True,family-00387,1.0,0.5,0.5,maximum,minimum,1,-0.22438284754753113,14.126256942749023,22,-0.6994236260652542,maximum__minimum,0.18328455090522766,0.029855549335479736,0.15342900156974792
0.2948477864265442,1.4881048202514648,True,family-00387,1.0,0.5,0.5,maximum,minimum,2,0.06186314672231674,16.741662979125977,22,-0.6994236260652542,maximum__minimum,0.1290048062801361,0.4238525927066803,-0.2948477864265442
0.07588359713554382,0.00011932849884033203,True,family-00387,1.0,0.5,0.5,maximum,minimum,3,-0.06556342542171478,19.303224563598633,22,-0.6994236260652542,maximum__minimum,0.12321141362190247,0.04732781648635864,0.07588359713554382
0.1598605401813984,0.6614475250244141,False,family-00387,1.0,0.0,1.0,maximum,sum_mod_10,0,0.17627501487731934,11.126144409179688,22,0.14969639107584953,maximum__sum_mod_10,0.1138714998960495,-0.04598904028534889,0.1598605401813984
0.16288421675562859,-0.18975257873535156,False,family-00387,1.0,0.0,1.0,maximum,sum_mod_10,1,-0.02408992312848568,13.643507957458496,22,0.14969639107584953,maximum__sum_mod_10,0.18328455090522766,0.020400334149599075,0.16288421675562859
0.142062246799469,1.603693664073944,False,family-00387,1.0,0.0,1.0,maximum,sum_mod_10,2,0.3068559765815735,14.116360664367676,22,0.14969639107584953,maximum__sum_mod_10,0.1290048062801361,-0.013057440519332886,0.142062246799469
0.14947765693068504,0.7498409748077393,False,family-00387,1.0,0.0,1.0,maximum,sum_mod_10,3,0.19177131354808807,18.26471710205078,22,0.14969639107584953,maximum__sum_mod_10,0.12321141362190247,-0.026266243308782578,0.14947765693068504
0.20012593641877174,-0.09748613834381104,False,family-00387,0.5,0.0,0.5,minimum,sum_mod_10,0,0.31967130303382874,10.402233123779297,22,0.8491200171411037,minimum__sum_mod_10,0.15413689613342285,-0.04598904028534889,0.20012593641877174
0.009455215185880661,0.10447525978088379,False,family-00387,0.5,0.0,0.5,minimum,sum_mod_10,1,0.37374016642570496,11.961735725402832,22,0.8491200171411037,minimum__sum_mod_10,0.029855549335479736,0.020400334149599075,0.009455215185880661
0.4369100332260132,0.11558884382247925,False,family-00387,0.5,0.0,0.5,minimum,sum_mod_10,2,0.581881582736969,13.589666366577148,22,0.8491200171411037,minimum__sum_mod_10,0.4238525927066803,-0.013057440519332886,0.4369100332260132
0.07359405979514122,0.7497216463088989,False,family-00387,0.5,0.0,0.5,minimum,sum_mod_10,3,0.5851958990097046,15.826889038085938,22,0.8491200171411037,minimum__sum_mod_10,0.04732781648635864,-0.026266243308782578,0.07359405979514122
0.7425248622894287,0.47408974170684814,True,family-00388,0.5,0.0,0.5,maximum,minimum,0,0.4751703143119812,10.672645568847656,22,0.005207717418670654,maximum__minimum,-0.014813244342803955,0.7277116179466248,-0.7425248622894287
0.583966076374054,-0.5780155658721924,True,family-00388,0.5,0.0,0.5,maximum,minimum,1,0.23739857971668243,13.384368896484375,22,0.005207717418670654,maximum__minimum,0.5513159036636353,-0.0326501727104187,0.583966076374054
0.030377328395843506,0.7470265924930573,True,family-00388,0.5,0.0,0.5,maximum,minimum,2,0.09391870349645615,24.38719367980957,22,0.005207717418670654,maximum__minimum,0.7317413687705994,0.7013640403747559,0.030377328395843506
0.047496795654296875,1.7456191778182983,True,family-00388,0.5,0.0,0.5,maximum,minimum,3,0.23983821272850037,25.81016731262207,22,0.005207717418670654,maximum__minimum,0.03809636831283569,-0.009400427341461182,0.047496795654296875
0.012509244494140148,0.1364527940750122,False,family-00388,0.5,1.0,-0.5,maximum,sum_mod_10,0,0.3469969928264618,10.974642753601074,22,0.8817822253331542,maximum__sum_mod_10,-0.014813244342803955,-0.002303999848663807,-0.012509244494140148
0.5489330808632076,0.8652265071868896,False,family-00388,0.5,1.0,-0.5,maximum,sum_mod_10,1,0.2591964304447174,15.977331161499023,22,0.8817822253331542,maximum__sum_mod_10,0.5513159036636353,0.0023828228004276752,0.5489330808632076
0.7346538505516946,0.47209376096725464,False,family-00388,0.5,1.0,-0.5,maximum,sum_mod_10,2,0.29701951146125793,23.962797164916992,22,0.8817822253331542,maximum__sum_mod_10,0.7317413687705994,-0.0029124817810952663,0.7346538505516946
0.04376156069338322,2.233379542827606,False,family-00388,0.5,1.0,-0.5,maximum,sum_mod_10,3,0.4251843988895416,25.258113861083984,22,0.8817822253331542,maximum__sum_mod_10,0.03809636831283569,-0.0056651923805475235,0.04376156069338322
0.7300156177952886,-0.33763694763183594,False,family-00388,0.0,1.0,-1.0,minimum,sum_mod_10,0,0.3158741891384125,10.528520584106445,22,0.8765745079144835,minimum__sum_mod_10,0.7277116179466248,-0.002303999848663807,0.7300156177952886
0.035032995510846376,1.443242073059082,False,family-00388,0.0,1.0,-1.0,minimum,sum_mod_10,1,0.4564135670661926,13.325203895568848,22,0.8765745079144835,minimum__sum_mod_10,-0.0326501727104187,0.0023828228004276752,-0.035032995510846376
0.7042765221558511,-0.2749328315258026,False,family-00388,0.0,1.0,-1.0,minimum,sum_mod_10,2,0.5751685500144958,16.612926483154297,22,0.8765745079144835,minimum__sum_mod_10,0.7013640403747559,-0.0029124817810952663,0.7042765221558511
0.003735234960913658,0.48776036500930786,False,family-00388,0.0,1.0,-1.0,minimum,sum_mod_10,3,0.6165737509727478,19.113740921020508,22,0.8765745079144835,minimum__sum_mod_10,-0.009400427341461182,-0.0056651923805475235,-0.003735234960913658
1.2954365015029907,0.17911624908447266,True,family-00389,0.0,1.0,-1.0,maximum,minimum,0,0.07105578482151031,14.153970718383789,22,-0.613911360502243,maximum__minimum,-0.6552680730819702,0.6401684284210205,-1.2954365015029907
0.45130932331085205,-0.13092637062072754,True,family-00389,0.0,1.0,-1.0,maximum,minimum,1,0.007860362529754639,15.219156265258789,22,-0.613911360502243,maximum__minimum,-0.06977614760398865,0.3815331757068634,-0.45130932331085205
0.17306272685527802,0.7318854331970215,True,family-00389,0.0,1.0,-1.0,maximum,minimum,2,0.1315194070339203,15.957942008972168,22,-0.613911360502243,maximum__minimum,-0.037797436118125916,0.1352652907371521,-0.17306272685527802
0.03606376051902771,-0.7049448490142822,True,family-00389,0.0,1.0,-1.0,maximum,minimum,3,0.1356298178434372,18.3393497467041,22,-0.613911360502243,maximum__minimum,0.07534030079841614,0.11140406131744385,-0.03606376051902771
0.6453862190246582,-0.3100290298461914,False,family-00389,0.0,0.5,-0.5,maximum,sum_mod_10,0,0.3931070566177368,11.416067123413086,22,0.1042366623878479,maximum__sum_mod_10,-0.6552680730819702,-0.009881854057312012,-0.6453862190246582
0.06232527084648609,1.1901057958602905,False,family-00389,0.0,0.5,-0.5,maximum,sum_mod_10,1,0.2770143449306488,14.944195747375488,22,0.1042366623878479,maximum__sum_mod_10,-0.06977614760398865,-0.007450876757502556,-0.06232527084648609
0.0018610693514347076,1.4470622539520264,False,family-00389,0.0,0.5,-0.5,maximum,sum_mod_10,2,0.2964763045310974,17.816762924194336,22,0.1042366623878479,maximum__sum_mod_10,-0.037797436118125916,-0.03593636676669121,-0.0018610693514347076
0.11477089673280716,-0.028872013092041016,False,family-00389,0.0,0.5,-0.5,maximum,sum_mod_10,3,0.37397319078445435,20.832979202270508,22,0.1042366623878479,maximum__sum_mod_10,0.07534030079841614,-0.03943059593439102,0.11477089673280716
0.6500502824783325,-0.48914527893066406,False,family-00389,1.0,0.5,0.5,minimum,sum_mod_10,0,0.3244287371635437,10.952901840209961,22,0.7181480228900909,minimum__sum_mod_10,0.6401684284210205,-0.009881854057312012,0.6500502824783325
0.38898405246436596,1.321032166481018,False,family-00389,1.0,0.5,0.5,minimum,sum_mod_10,1,0.3780585527420044,14.579229354858398,22,0.7181480228900909,minimum__sum_mod_10,0.3815331757068634,-0.007450876757502556,0.38898405246436596
0.1712016575038433,0.7151768207550049,False,family-00389,1.0,0.5,0.5,minimum,sum_mod_10,2,0.36668661236763,16.88364601135254,22,0.7181480228900909,minimum__sum_mod_10,0.1352652907371521,-0.03593636676669121,0.1712016575038433
0.15083465725183487,0.6760728359222412,False,family-00389,1.0,0.5,0.5,minimum,sum_mod_10,3,0.4058118164539337,19.851978302001953,22,0.7181480228900909,minimum__sum_mod_10,0.11140406131744385,-0.03943059593439102,0.15083465725183487
