candidate_update_norm,causal_utility,distractor,e1_candidate_harmful_cell,example_id,family_id,gate,gate_entropy,goal_identifiability,layer,relative_update_norm,residual_norm,seed,task
4.995760917663574,0.17836689949035645,True,False,family-00300-maximum,family-00300,0.9841822981834412,0.08128202436052231,1.0,0,0.4576008367861653,10.917289733886719,22,maximum
7.958683490753174,0.33643704652786255,True,False,family-00300-maximum,family-00300,0.9740217924118042,0.12047118909906711,1.0,1,0.9184046979338415,8.665769577026367,22,maximum
6.279531955718994,0.36630311608314514,True,False,family-00300-maximum,family-00300,0.9709969758987427,0.13125931675144126,1.0,2,0.6221750119199005,10.092870712280273,22,maximum
5.670046329498291,0.06430411338806152,True,False,family-00300-maximum,family-00300,0.9696627855300903,0.13591241216956185,1.0,3,0.502653026820338,11.28023910522461,22,maximum
7.57236909866333,0.14184391498565674,True,False,family-00300-minimum,family-00300,0.9849991202354431,0.07788619084013847,0.5,0,0.7238818046327972,10.46078109741211,22,minimum
6.955506324768066,0.31852954626083374,True,False,family-00300-minimum,family-00300,0.9716371297836304,0.1290044573335384,0.5,1,0.6967591245840846,9.98265552520752,22,minimum
6.544111251831055,-0.09192842245101929,True,False,family-00300-minimum,family-00300,0.9858887791633606,0.07413606389626244,0.5,2,0.5581135269287821,11.725412368774414,22,minimum
8.040738105773926,0.36981138586997986,True,False,family-00300-minimum,family-00300,0.9832204580307007,0.08522594114409554,0.5,3,0.5571938681033973,14.43077278137207,22,minimum
4.364843368530273,-0.014620594680309296,False,False,family-00300-sum_mod_10,family-00300,0.9728527665138245,0.12468132516468772,0.0,0,0.4467259969217294,9.770739555358887,22,sum_mod_10
4.611281394958496,-0.010627269744873047,False,False,family-00300-sum_mod_10,family-00300,0.9649000763893127,0.15204575599828896,0.0,1,0.49449394609682706,9.3252534866333,22,sum_mod_10
5.167300224304199,0.0287269726395607,False,False,family-00300-sum_mod_10,family-00300,0.9875668287277222,0.06690469449824683,0.0,2,0.4867366391041535,10.61621379852295,22,sum_mod_10
6.224873065948486,0.055714577436447144,False,True,family-00300-sum_mod_10,family-00300,0.9858748316764832,0.07419528593191081,0.0,3,0.4829196442291707,12.890080451965332,22,sum_mod_10
5.1370086669921875,0.34687843918800354,True,False,family-00301-maximum,family-00301,0.9841822981834412,0.08128202436052231,0.5,0,0.4705388234817265,10.917289733886719,22,maximum
7.822437763214111,0.5385673642158508,True,False,family-00301-maximum,family-00301,0.9759413003921509,0.11343993526449103,0.5,1,0.9094366903966989,8.601409912109375,22,maximum
14.054664611816406,-0.1380072832107544,True,False,family-00301-maximum,family-00301,0.9674583673477173,0.14346905431264795,0.5,2,1.4256758724213443,9.858246803283691,22,maximum
8.577598571777344,0.327263742685318,True,False,family-00301-maximum,family-00301,0.9462954998016357,0.20928172167308187,0.5,3,0.4642363706184269,18.476791381835938,22,maximum
5.251346588134766,-0.20424288511276245,False,False,family-00301-minimum,family-00301,0.9810644388198853,0.09386708872464626,0.0,0,0.47111012854487433,11.146749496459961,22,minimum
4.639440536499023,-0.020327910780906677,False,False,family-00301-minimum,family-00301,0.9737411737442017,0.12148664981212824,0.0,1,0.4315021744053215,10.751835823059082,22,minimum
6.125633239746094,-0.0010883435606956482,False,False,family-00301-minimum,family-00301,0.987846314907074,0.06567877242807407,0.0,2,0.6362462927602328,9.62777042388916,22,minimum
5.271268367767334,0.06239140406250954,False,False,family-00301-minimum,family-00301,0.9854761958122253,0.07588206937175744,0.0,3,0.47053109676663635,11.202805519104004,22,minimum
5.5464324951171875,-0.04324031621217728,False,False,family-00301-sum_mod_10,family-00301,0.9762558341026306,0.11227313082786758,1.0,0,0.5938556070097936,9.339698791503906,22,sum_mod_10
6.900739669799805,0.038192685693502426,False,False,family-00301-sum_mod_10,family-00301,0.9832144975662231,0.08525020316909457,1.0,1,0.7148887982592792,9.652885437011719,22,sum_mod_10
9.797715187072754,-0.0019342899322509766,False,False,family-00301-sum_mod_10,family-00301,0.9973933696746826,0.018111890617886702,1.0,2,0.7921937182613368,12.367827415466309,22,sum_mod_10
5.721798419952393,0.026612624526023865,False,True,family-00301-sum_mod_10,family-00301,0.9984440207481384,0.011615185629491587,1.0,3,0.2983969274529885,19.175125122070312,22,sum_mod_10
9.426487922668457,0.2934124171733856,False,False,family-00302-maximum,family-00302,0.9854902029037476,0.07582298990432208,0.0,0,0.9101642301118434,10.356908798217773,22,maximum
4.4217095375061035,0.20810449123382568,False,False,family-00302-maximum,family-00302,0.9836591482162476,0.08343429374103238,0.0,1,0.3971440991554315,11.133766174316406,22,maximum
9.260420799255371,0.4674024283885956,False,False,family-00302-maximum,family-00302,0.989791989326477,0.056955197899902305,0.0,2,0.798543990723646,11.59663200378418,22,maximum
5.72892951965332,-0.0187494158744812,False,False,family-00302-maximum,family-00302,0.9796602129936218,0.09935857416387259,0.0,3,0.3685608115234176,15.544054985046387,22,maximum
6.516603469848633,0.4812304973602295,True,False,family-00302-minimum,family-00302,0.9799317717552185,0.09830452672735139,1.0,0,0.6623091397086042,9.839217185974121,22,minimum
5.347536087036133,0.31135720014572144,True,False,family-00302-minimum,family-00302,0.9653370380401611,0.1505949111283884,1.0,1,0.56674219795545,9.43557071685791,22,minimum
6.308824062347412,-0.03345835208892822,True,False,family-00302-minimum,family-00302,0.9905676245689392,0.053376645083766106,1.0,2,0.5386532174386587,11.712218284606934,22,minimum
4.729304790496826,-0.05533885955810547,True,False,family-00302-minimum,family-00302,0.989903450012207,0.0564447238099436,1.0,3,0.3439787843117942,13.74882698059082,22,minimum
5.540342807769775,-0.007008127868175507,False,False,family-00302-sum_mod_10,family-00302,0.9854902029037476,0.07582298990432208,0.5,0,0.5349417394428696,10.356908798217773,22,sum_mod_10
12.086895942687988,0.026393909007310867,False,False,family-00302-sum_mod_10,family-00302,0.984572172164917,0.07966665715299173,0.5,1,1.2527026845374896,9.64865493774414,22,sum_mod_10
7.476803302764893,-0.008041895925998688,False,False,family-00302-sum_mod_10,family-00302,0.998970627784729,0.00810969416751466,0.5,2,0.4374454657585503,17.09196662902832,22,sum_mod_10
6.632974624633789,-0.005229644477367401,False,True,family-00302-sum_mod_10,family-00302,0.9989258646965027,0.008416604199452591,0.5,3,0.31499520884395144,21.057382583618164,22,sum_mod_10
6.480147361755371,0.3229190409183502,False,False,family-00303-maximum,family-00303,0.9766762852668762,0.11070673596374134,1.0,0,0.6660770424646076,9.728825569152832,22,maximum
6.822096824645996,0.25363582372665405,False,False,family-00303-maximum,family-00303,0.9817153215408325,0.09128613354072414,1.0,1,0.6808289043921658,10.020280838012695,22,maximum
5.799511432647705,0.03193047642707825,False,False,family-00303-maximum,family-00303,0.9712250828742981,0.13045752449155695,1.0,2,0.6275775662814552,9.241106986999512,22,maximum
3.6525638103485107,0.039917051792144775,False,False,family-00303-maximum,family-00303,0.9683229923248291,0.14052413905395167,1.0,3,0.33066427764746387,11.04613971710205,22,maximum
8.197490692138672,0.20690852403640747,False,False,family-00303-minimum,family-00303,0.9811977744102478,0.09334025401164116,0.5,0,0.7052229141337364,11.623970985412598,22,minimum
6.510978698730469,0.4675196409225464,False,False,family-00303-minimum,family-00303,0.9800304770469666,0.09792047838275869,0.5,1,0.6107035583262644,10.661438941955566,22,minimum
10.911744117736816,0.6862012147903442,False,False,family-00303-minimum,family-00303,0.98200523853302,0.09012897171592052,0.5,2,0.9133608623776885,11.946805000305176,22,minimum
8.371618270874023,0.03574943542480469,False,False,family-00303-minimum,family-00303,0.9885475635528564,0.0625738746833663,0.5,3,0.5147687267436344,16.26287269592285,22,minimum
7.309275150299072,-0.0242556594312191,True,False,family-00303-sum_mod_10,family-00303,0.9751826524734497,0.11623700456416461,0.0,0,0.742248011904122,9.84748363494873,22,sum_mod_10
3.3789238929748535,0.0015653148293495178,True,False,family-00303-sum_mod_10,family-00303,0.9559488296508789,0.1806118705136771,0.0,1,0.3384039117814766,9.984884262084961,22,sum_mod_10
6.526494979858398,0.010992692783474922,True,False,family-00303-sum_mod_10,family-00303,0.9770389199256897,0.10934950873957476,0.0,2,0.6142397713333184,10.625321388244629,22,sum_mod_10
4.53945779800415,0.011938145384192467,True,True,family-00303-sum_mod_10,family-00303,0.9875861406326294,0.06682019211099072,0.0,3,0.3206489616895894,14.157094955444336,22,sum_mod_10
6.191395282745361,-0.06383103132247925,True,False,family-00304-maximum,family-00304,0.9849991202354431,0.07788619084013847,0.5,0,0.5918673973855594,10.46078109741211,22,maximum
7.4626641273498535,0.1276816725730896,True,False,family-00304-maximum,family-00304,0.9799708127975464,0.09815268290507545,0.5,1,0.7387864340051501,10.10124683380127,22,maximum
14.425638198852539,0.6905225515365601,True,False,family-00304-maximum,family-00304,0.9873701333999634,0.06776364487039785,0.5,2,1.2442463885182766,11.593875885009766,22,maximum
6.421478271484375,-0.07776176929473877,True,False,family-00304-maximum,family-00304,0.9693101644515991,0.1371319881562019,0.5,3,0.3289115411988888,19.523420333862305,22,maximum
5.543709754943848,0.14171212911605835,False,False,family-00304-minimum,family-00304,0.9762558341026306,0.11227313082786758,0.0,0,0.5935640836711804,9.339698791503906,22,minimum
5.36108922958374,0.04851779341697693,False,False,family-00304-minimum,family-00304,0.980040431022644,0.09788172127687421,0.0,1,0.545748161555551,9.823375701904297,22,minimum
4.887369155883789,-0.05421575903892517,False,False,family-00304-minimum,family-00304,0.9926697015762329,0.04333720011685992,0.0,2,0.4852874361263048,10.071081161499023,22,minimum
6.329126358032227,-0.2203487753868103,False,False,family-00304-minimum,family-00304,0.9887363314628601,0.06173075852338113,0.0,3,0.5313532756244846,11.911334037780762,22,minimum
6.803707122802734,0.05016039311885834,True,False,family-00304-sum_mod_10,family-00304,0.9904969930648804,0.05370510698583101,1.0,0,0.6102675477056213,11.148728370666504,22,sum_mod_10
7.036595821380615,0.024790532886981964,True,False,family-00304-sum_mod_10,family-00304,0.9804650545120239,0.09622364506786094,1.0,1,0.6480914238272676,10.857412338256836,22,sum_mod_10
7.896679401397705,0.01599801331758499,True,False,family-00304-sum_mod_10,family-00304,0.9974537491798401,0.01775210185202111,1.0,2,0.5787828242399807,13.643596649169922,22,sum_mod_10
6.8352155685424805,-0.0079045370221138,True,True,family-00304-sum_mod_10,family-00304,0.9981460571289062,0.013514340810933254,1.0,3,0.3734209860793251,18.3043155670166,22,sum_mod_10
7.518072605133057,0.23962610960006714,False,False,family-00305-maximum,family-00305,0.9854902029037476,0.07582298990432208,0.0,0,0.7258992766670663,10.356908798217773,22,maximum
4.154759883880615,0.01579439640045166,False,False,family-00305-maximum,family-00305,0.9765605330467224,0.11113874038365351,0.0,1,0.41126487851369303,10.102394104003906,22,maximum
14.78393840789795,0.7125023603439331,False,False,family-00305-maximum,family-00305,0.9835979342460632,0.08368500837471866,0.0,2,1.4889780960411663,9.928915977478027,22,maximum
5.747456073760986,0.11087572574615479,False,False,family-00305-maximum,family-00305,0.9088010191917419,0.3053030855765298,0.0,3,0.29868030233165765,19.242835998535156,22,maximum
6.280666351318359,0.6272157430648804,False,False,family-00305-minimum,family-00305,0.9860592484474182,0.07341110501473799,1.0,0,0.5838846649414272,10.75669002532959,22,minimum
5.4099602699279785,0.32236677408218384,False,False,family-00305-minimum,family-00305,0.9781622290611267,0.10510770178761229,1.0,1,0.5696616487141337,9.496795654296875,22,minimum
9.08617877960205,0.23706668615341187,False,False,family-00305-minimum,family-00305,0.9922218918800354,0.04552171196617092,1.0,2,0.8627454442701908,10.531702995300293,22,minimum
6.710709095001221,0.01906353235244751,False,False,family-00305-minimum,family-00305,0.9882928729057312,0.06370645023372744,1.0,3,0.45043910314801544,14.898149490356445,22,minimum
5.76252555847168,0.009765716269612312,True,False,family-00305-sum_mod_10,family-00305,0.982772707939148,0.08704256186225215,0.5,0,0.5741347353526397,10.036887168884277,22,sum_mod_10
9.565309524536133,0.012657830491662025,True,False,family-00305-sum_mod_10,family-00305,0.981400728225708,0.09253649219941333,0.5,1,0.9684909721357207,9.876508712768555,22,sum_mod_10
9.049622535705566,-0.003562958911061287,True,False,family-00305-sum_mod_10,family-00305,0.9984468817710876,0.011596689075048034,0.5,2,0.623568319484681,14.512639999389648,22,sum_mod_10
6.714793682098389,0.0020020902156829834,True,True,family-00305-sum_mod_10,family-00305,0.9978931546211243,0.015088192917904836,0.5,3,0.3529402786139181,19.025297164916992,22,sum_mod_10
5.459204196929932,0.2481600046157837,True,False,family-00306-maximum,family-00306,0.9849991202354431,0.07788619084013847,1.0,0,0.521873476377446,10.46078109741211,22,maximum
8.3048095703125,0.45587608218193054,True,False,family-00306-maximum,family-00306,0.9753032922744751,0.11579382481648624,1.0,1,0.867778925751604,9.5701904296875,22,maximum
10.26331615447998,0.5467914342880249,True,False,family-00306-maximum,family-00306,0.9688267707824707,0.13879707115083684,1.0,2,0.8440785923588061,12.159194946289062,22,maximum
4.942330360412598,0.10838615894317627,True,False,family-00306-maximum,family-00306,0.9203667044639587,0.27787283739706115,1.0,3,0.28906243289255257,17.097795486450195,22,maximum
4.912567615509033,0.02866274118423462,True,False,family-00306-minimum,family-00306,0.9843690395355225,0.08050953092059977,0.5,0,0.4089997158312935,12.011176109313965,22,minimum
6.661609649658203,0.6053059101104736,True,False,family-00306-minimum,family-00306,0.9789898991584778,0.10194463479774732,0.5,1,0.6586079668776539,10.114681243896484,22,minimum
10.327723503112793,0.49711233377456665,True,False,family-00306-minimum,family-00306,0.9918393492698669,0.04736719061511882,0.5,2,1.0090502729477717,10.235093116760254,22,minimum
5.555161952972412,0.021900057792663574,True,False,family-00306-minimum,family-00306,0.984398365020752,0.08038801488356544,0.5,3,0.35598168649853196,15.60519027709961,22,minimum
5.371958255767822,-0.0863705575466156,False,False,family-00306-sum_mod_10,family-00306,0.9854902029037476,0.07582298990432208,0.0,0,0.5186835532135066,10.356908798217773,22,sum_mod_10
6.090736389160156,-0.006045356392860413,False,False,family-00306-sum_mod_10,family-00306,0.978744626045227,0.1028853990249045,0.0,1,0.7294664658557016,8.349576950073242,22,sum_mod_10
8.65930461883545,-0.01633860543370247,False,False,family-00306-sum_mod_10,family-00306,0.9921101927757263,0.04606249548506192,0.0,2,0.8913329266681339,9.715005874633789,22,sum_mod_10
5.734604358673096,-0.0006847083568572998,False,True,family-00306-sum_mod_10,family-00306,0.9922925233840942,0.045178921495841656,0.0,3,0.39891865093778417,14.375372886657715,22,sum_mod_10
6.247465133666992,0.020285004749894142,False,False,family-00307-maximum,family-00307,0.9811977744102478,0.09334025401164116,0.5,0,0.5374639304853045,11.623970985412598,22,maximum
6.280826568603516,-0.014560045674443245,False,False,family-00307-maximum,family-00307,0.9810242652893066,0.09402563420283641,0.5,1,0.6508417855130394,9.650312423706055,22,maximum
6.801358222961426,0.021998994052410126,False,False,family-00307-maximum,family-00307,0.9812800884246826,0.09301453474937124,0.5,2,0.6793232848512074,10.011960983276367,22,maximum
7.004811763763428,-0.020008044317364693,False,False,family-00307-maximum,family-00307,0.9829999208450317,0.08612220819136308,0.5,3,0.6493691549104388,10.787102699279785,22,maximum
8.38065242767334,0.12345674633979797,True,False,family-00307-minimum,family-00307,0.9785834550857544,0.10350200638340856,0.0,0,0.8844507976587357,9.475543975830078,22,minimum
4.576754093170166,-0.1663069725036621,True,False,family-00307-minimum,family-00307,0.9699022769927979,0.13508169908377127,0.0,1,0.46970213771347186,9.743949890136719,22,minimum
7.61871337890625,0.5307390093803406,True,False,family-00307-minimum,family-00307,0.9863910675048828,0.0719938842616771,0.0,2,0.7189551894942979,10.596923828125,22,minimum
6.028473854064941,0.14524158835411072,True,False,family-00307-minimum,family-00307,0.981291651725769,0.09296874887595065,0.0,3,0.4273269235891305,14.107404708862305,22,minimum
5.66025972366333,-0.06068482622504234,False,False,family-00307-sum_mod_10,family-00307,0.9762558341026306,0.11227313082786758,1.0,0,0.6060430694844601,9.339698791503906,22,sum_mod_10
6.725198268890381,0.026900023221969604,False,False,family-00307-sum_mod_10,family-00307,0.9775222539901733,0.10753141242470421,1.0,1,0.7415759468765268,9.068792343139648,22,sum_mod_10
7.9897141456604,-0.028440434485673904,False,False,family-00307-sum_mod_10,family-00307,0.996446430683136,0.02358867786444626,1.0,2,0.6692406777223926,11.9384765625,22,sum_mod_10
7.223042964935303,0.03348959982395172,False,True,family-00307-sum_mod_10,family-00307,0.9967833757400513,0.021673012100111404,1.0,3,0.44388682473774377,16.272262573242188,22,sum_mod_10
8.65571403503418,0.8629036545753479,True,False,family-00308-maximum,family-00308,0.9904969930648804,0.05370510698583101,0.0,0,0.7763857677085656,11.148728370666504,22,maximum
4.699705600738525,0.17827093601226807,True,False,family-00308-maximum,family-00308,0.9793542623519897,0.10054168136155574,0.0,1,0.43718688077001694,10.7498779296875,22,maximum
13.592394828796387,-0.008308112621307373,True,False,family-00308-maximum,family-00308,0.9802294969558716,0.0971446037119426,0.0,2,1.113094618430111,12.211356163024902,22,maximum
7.992312908172607,0.1183808445930481,True,False,family-00308-maximum,family-00308,0.969950258731842,0.1349150312476711,0.0,3,0.3829094418934046,20.87259292602539,22,maximum
5.5161004066467285,0.018234260380268097,True,False,family-00308-minimum,family-00308,0.9785834550857544,0.10350200638340856,1.0,0,0.5821407637088726,9.475543975830078,22,minimum
4.436700344085693,0.01688021421432495,True,False,family-00308-minimum,family-00308,0.9760178327560425,0.11315641827451972,1.0,1,0.5087646247954292,8.720536231994629,22,minimum
4.453449726104736,0.032450541853904724,True,False,family-00308-minimum,family-00308,0.9888429641723633,0.061253081547963335,1.0,2,0.46053080297073096,9.67025375366211,22,minimum
5.449195384979248,0.07042548805475235,True,False,family-00308-minimum,family-00308,0.9807033538818359,0.09528901877238033,1.0,3,0.5016674558225613,10.862166404724121,22,minimum
6.3038530349731445,0.022526469081640244,False,False,family-00308-sum_mod_10,family-00308,0.9849590063095093,0.07805399443924273,0.5,0,0.6068635644480083,10.387595176696777,22,sum_mod_10
6.223931312561035,0.04171990230679512,False,False,family-00308-sum_mod_10,family-00308,0.9798058867454529,0.09879360899215515,0.5,1,0.6233736325570836,9.984271049499512,22,sum_mod_10
7.067140579223633,-0.09404021501541138,False,False,family-00308-sum_mod_10,family-00308,0.9956647753715515,0.027913692463866373,0.5,2,0.5567590496972641,12.693355560302734,22,sum_mod_10
9.824301719665527,-0.004498384892940521,False,True,family-00308-sum_mod_10,family-00308,0.9956472516059875,0.02800892729597272,0.5,3,0.6296664509410956,15.60239028930664,22,sum_mod_10
6.198943138122559,0.0888633131980896,False,False,family-00309-maximum,family-00309,0.9860592484474182,0.07341110501473799,1.0,0,0.5762872336681116,10.75669002532959,22,maximum
10.622895240783691,0.689990758895874,False,False,family-00309-maximum,family-00309,0.9797165989875793,0.09914001962486188,1.0,1,1.1030063917239117,9.630855560302734,22,maximum
9.699169158935547,0.10726916790008545,False,False,family-00309-maximum,family-00309,0.9612442851066589,0.16396937973396475,1.0,2,0.7907551850585658,12.265704154968262,22,maximum
9.662775039672852,0.04842323064804077,False,False,family-00309-maximum,family-00309,0.9558935165405273,0.18078205213730605,1.0,3,0.5349249696245161,18.06379508972168,22,maximum
6.1634345054626465,0.29893410205841064,True,False,family-00309-minimum,family-00309,0.9770811200141907,0.10919118806087284,0.5,0,0.656372511332449,9.39014720916748,22,minimum
5.441290855407715,0.74700528383255,True,False,family-00309-minimum,family-00309,0.9689397811889648,0.13840849625151688,0.5,1,0.622921418825816,8.735116004943848,22,minimum
10.274212837219238,0.6843149662017822,True,False,family-00309-minimum,family-00309,0.9788355827331543,0.10253686662748032,0.5,2,1.008747483934965,10.185118675231934,22,minimum
7.195255279541016,0.027829647064208984,True,False,family-00309-minimum,family-00309,0.9817855954170227,0.09100607824249278,0.5,3,0.5007365596122157,14.369342803955078,22,minimum
5.657501697540283,-0.25413456559181213,False,False,family-00309-sum_mod_10,family-00309,0.9868791699409485,0.06989420162054023,0.0,0,0.516930430430256,10.944416046142578,22,sum_mod_10
4.702932357788086,-0.14096036553382874,False,False,family-00309-sum_mod_10,family-00309,0.98084956407547,0.0947140893895453,0.0,1,0.41448119228201835,11.346551895141602,22,sum_mod_10
7.5013957023620605,-0.042293354868888855,False,False,family-00309-sum_mod_10,family-00309,0.9868279695510864,0.07011530395272171,0.0,2,0.6322015574480151,11.86551284790039,22,sum_mod_10
9.44420337677002,0.052176833152770996,False,True,family-00309-sum_mod_10,family-00309,0.9878289699554443,0.06575504117590951,0.0,3,0.5900817179369626,16.004907608032227,22,sum_mod_10
6.221999168395996,-0.08115893602371216,False,False,family-00310-maximum,family-00310,0.9849590063095093,0.07805399443924273,0.5,0,0.5989836013588827,10.387595176696777,22,maximum
6.359833240509033,0.33945080637931824,False,False,family-00310-maximum,family-00310,0.9775130152702332,0.10756626351026567,0.5,1,0.6492514899519757,9.795639038085938,22,maximum
8.936323165893555,0.12338835000991821,False,False,family-00310-maximum,family-00310,0.9866238236427307,0.07099488438325832,0.5,2,0.9273928970385011,9.63596248626709,22,maximum
7.006401062011719,0.14179664850234985,False,False,family-00310-maximum,family-00310,0.9811431169509888,0.09355633237663713,0.5,3,0.47119455927374887,14.869443893432617,22,maximum
8.801774978637695,0.40075594186782837,True,False,family-00310-minimum,family-00310,0.9904969930648804,0.05370510698583101,0.0,0,0.7894868980570112,11.148728370666504,22,minimum
5.088287830352783,0.006928741931915283,True,False,family-00310-minimum,family-00310,0.9798928499221802,0.09845582975233502,0.0,1,0.39133157015710673,13.002497673034668,22,minimum
9.413900375366211,0.6021043062210083,True,False,family-00310-minimum,family-00310,0.9935572743415833,0.038924212113664425,0.0,2,0.703275973260781,13.385784149169922,22,minimum
5.637819766998291,0.09345686435699463,True,False,family-00310-minimum,family-00310,0.9906266927719116,0.05310154687890608,0.0,3,0.3163716738383928,17.820241928100586,22,minimum
6.101500511169434,-0.013914614915847778,False,False,family-00310-sum_mod_10,family-00310,0.9854902029037476,0.07582298990432208,1.0,0,0.5891237076664598,10.356908798217773,22,sum_mod_10
11.236806869506836,0.0679541528224945,False,False,family-00310-sum_mod_10,family-00310,0.9831047654151917,0.08569648321022377,1.0,1,1.2538456643389535,8.961874008178711,22,sum_mod_10
11.653472900390625,-0.14650064706802368,False,False,family-00310-sum_mod_10,family-00310,0.9986838698387146,0.010045233409515448,1.0,2,0.7651680720100901,15.229951858520508,22,sum_mod_10
6.581246376037598,0.03882969915866852,False,True,family-00310-sum_mod_10,family-00310,0.9990673661231995,0.007439649707969332,1.0,3,0.3080096175218501,21.367015838623047,22,sum_mod_10
7.959268093109131,0.7107261419296265,True,False,family-00311-maximum,family-00311,0.9785834550857544,0.10350200638340856,0.0,0,0.8399800701058835,9.475543975830078,22,maximum
4.0818634033203125,0.261726975440979,True,False,family-00311-maximum,family-00311,0.978838324546814,0.10252635421636457,0.0,1,0.3832938918083717,10.649435043334961,22,maximum
7.952996730804443,0.5454261302947998,True,False,family-00311-maximum,family-00311,0.9815331101417542,0.09201100309094537,0.0,2,0.6966521719480789,11.416022300720215,22,maximum
4.734011650085449,0.030943095684051514,True,False,family-00311-maximum,family-00311,0.9439867734909058,0.21585384371039845,0.0,3,0.32721618740816766,14.467535018920898,22,maximum
5.708991050720215,0.08923238515853882,False,False,family-00311-minimum,family-00311,0.9766762852668762,0.11070673596374134,1.0,0,0.5868119445806184,9.728825569152832,22,minimum
6.019468307495117,0.002651691436767578,False,False,family-00311-minimum,family-00311,0.9752469658851624,0.11600081923764156,1.0,1,0.6608214728686472,9.109068870544434,22,minimum
9.082077026367188,0.4967189431190491,False,False,family-00311-minimum,family-00311,0.9875417351722717,0.06701445007126315,1.0,2,0.8168759797881856,11.118061065673828,22,minimum
8.090916633605957,-0.1869921088218689,False,False,family-00311-minimum,family-00311,0.9876272678375244,0.06664013188847058,1.0,3,0.49153361640551785,16.460556030273438,22,minimum
6.476880073547363,0.0033216532319784164,False,False,family-00311-sum_mod_10,family-00311,0.9849590063095093,0.07805399443924273,0.5,0,0.6235206477893366,10.387595176696777,22,sum_mod_10
9.342070579528809,0.017280342057347298,False,False,family-00311-sum_mod_10,family-00311,0.9762619733810425,0.11225031407527762,0.5,1,0.9172978088317203,10.184337615966797,22,sum_mod_10
7.204485893249512,-0.02384321764111519,False,False,family-00311-sum_mod_10,family-00311,0.9977933168411255,0.015700905002215455,0.5,2,0.48525494983171896,14.846805572509766,22,sum_mod_10
8.453800201416016,0.011349065229296684,False,True,family-00311-sum_mod_10,family-00311,0.9968806505203247,0.02111353374799138,0.5,3,0.47805585288710734,17.68370819091797,22,sum_mod_10
6.6802978515625,0.06289654970169067,True,False,family-00312-maximum,family-00312,0.9770811200141907,0.10919118806087284,1.0,0,0.7114156682272894,9.39014720916748,22,maximum
8.090119361877441,-0.10023415088653564,True,False,family-00312-maximum,family-00312,0.9760584235191345,0.11300594677831421,1.0,1,0.8314501868215943,9.730131149291992,22,maximum
6.073326110839844,0.2150818109512329,True,False,family-00312-maximum,family-00312,0.9796561002731323,0.09937450899679255,1.0,2,0.5925375379887879,10.249690055847168,22,maximum
8.814885139465332,0.2241753339767456,True,False,family-00312-maximum,family-00312,0.9658162593841553,0.14899718793388833,1.0,3,0.6901031241259924,12.773286819458008,22,maximum
6.8746418952941895,0.1432742476463318,False,False,family-00312-minimum,family-00312,0.9849590063095093,0.07805399443924273,0.5,0,0.6618126504117677,10.387595176696777,22,minimum
7.17686653137207,0.3795468211174011,False,False,family-00312-minimum,family-00312,0.9684756994247437,0.14000150393677757,0.5,1,0.7585965315495127,9.460716247558594,22,minimum
5.411984443664551,-0.10953497886657715,False,False,family-00312-minimum,family-00312,0.9850075244903564,0.07785102057683906,0.5,2,0.4774446875702511,11.335311889648438,22,minimum
9.02483081817627,0.04789024591445923,False,False,family-00312-minimum,family-00312,0.9716642498970032,0.12890860417546,0.5,3,0.7051754406163073,12.797993659973145,22,minimum
5.605391979217529,-0.031730618327856064,True,False,family-00312-sum_mod_10,family-00312,0.982772707939148,0.08704256186225215,0.0,0,0.5584791265358657,10.036887168884277,22,sum_mod_10
6.11564826965332,-0.0004385225474834442,True,False,family-00312-sum_mod_10,family-00312,0.9769880771636963,0.10954014843056589,0.0,1,0.6333318025258323,9.656310081481934,22,sum_mod_10
5.823103904724121,-0.049968522042036057,True,False,family-00312-sum_mod_10,family-00312,0.9939275979995728,0.03704747363266114,0.0,2,0.4949670511963741,11.764629364013672,22,sum_mod_10
8.366575241088867,-0.0232849158346653,True,True,family-00312-sum_mod_10,family-00312,0.9929283261299133,0.042063121424219384,0.0,3,0.5798761655950545,14.428210258483887,22,sum_mod_10
5.896623611450195,0.11324042081832886,True,False,family-00313-maximum,family-00313,0.9799317717552185,0.09830452672735139,0.5,0,0.5992980437362311,9.839217185974121,22,maximum
6.708625316619873,0.6208091974258423,True,False,family-00313-maximum,family-00313,0.9587149024009705,0.17200697069488838,0.5,1,0.7635062224450856,8.786602020263672,22,maximum
10.744376182556152,0.6302564144134521,True,False,family-00313-maximum,family-00313,0.964252233505249,0.1541864345917673,0.5,2,1.1430694680097566,9.399582862854004,22,maximum
4.283608913421631,0.11741060018539429,True,False,family-00313-maximum,family-00313,0.923802375793457,0.2693829741323444,0.5,3,0.3166766604377448,13.526759147644043,22,maximum
6.791548728942871,0.32091137766838074,True,False,family-00313-minimum,family-00313,0.9751826524734497,0.11623700456416461,0.0,0,0.6896735227707977,9.84748363494873,22,minimum
3.593242883682251,-0.0004215836524963379,True,False,family-00313-minimum,family-00313,0.9540347456932068,0.18645926870775037,0.0,1,0.3758332285968503,9.560737609863281,22,minimum
6.2971577644348145,0.05626806616783142,True,False,family-00313-minimum,family-00313,0.9757806658744812,0.11403420145727935,0.0,2,0.6628709560450415,9.499824523925781,22,minimum
7.235402584075928,0.3047926127910614,True,False,family-00313-minimum,family-00313,0.9735074043273926,0.12233022667271007,0.0,3,0.6115349961696793,11.83154296875,22,minimum
8.656158447265625,-0.048185013234615326,True,False,family-00313-sum_mod_10,family-00313,0.9904969930648804,0.05370510698583101,1.0,0,0.7764256298539753,11.148728370666504,22,sum_mod_10
6.6615400314331055,0.04755350947380066,True,False,family-00313-sum_mod_10,family-00313,0.9726881980895996,0.1252697968508022,1.0,1,0.61570236351232,10.819416046142578,22,sum_mod_10
6.948887348175049,-0.036733709275722504,True,False,family-00313-sum_mod_10,family-00313,0.9950959086418152,0.030970461863276795,1.0,2,0.5474340958434616,12.693559646606445,22,sum_mod_10
8.248266220092773,0.025570951402187347,True,True,family-00313-sum_mod_10,family-00313,0.9949707388877869,0.03163386804862857,1.0,3,0.5234775321474491,15.75667667388916,22,sum_mod_10
8.864710807800293,0.837128221988678,False,False,family-00314-maximum,family-00314,0.9810644388198853,0.09386708872464626,0.0,0,0.7952731700497613,11.146749496459961,22,maximum
5.460663318634033,0.028602540493011475,False,False,family-00314-maximum,family-00314,0.9741435050964355,0.12002978777611159,0.0,1,0.48879399036261745,11.171707153320312,22,maximum
13.226167678833008,0.04620766639709473,False,False,family-00314-maximum,family-00314,0.958081841468811,0.1739929675783415,0.0,2,0.996706808346566,13.269867897033691,22,maximum
9.523003578186035,0.09987080097198486,False,False,family-00314-maximum,family-00314,0.9407314658164978,0.22495010703773008,0.0,3,0.4625814020799501,20.586654663085938,22,maximum
6.613664150238037,0.37285298109054565,True,False,family-00314-minimum,family-00314,0.9799317717552185,0.09830452672735139,1.0,0,0.6721738147691125,9.839217185974121,22,minimum
3.703853130340576,0.0638662576675415,True,False,family-00314-minimum,family-00314,0.9471167922019958,0.20691871758034436,1.0,1,0.4153124463652409,8.918232917785645,22,minimum
5.681715965270996,0.08305931091308594,True,False,family-00314-minimum,family-00314,0.9728268384933472,0.12477410772747508,1.0,2,0.589678132757655,9.635283470153809,22,minimum
8.127340316772461,0.23478567600250244,True,False,family-00314-minimum,family-00314,0.9784123301506042,0.10415533919482327,1.0,3,0.6154395333305602,13.20574951171875,22,minimum
5.164180278778076,-0.04774187505245209,True,False,family-00314-sum_mod_10,family-00314,0.982772707939148,0.08704256186225215,0.5,0,0.5145201088628097,10.036887168884277,22,sum_mod_10
6.557003498077393,0.04745979234576225,True,False,family-00314-sum_mod_10,family-00314,0.9807974100112915,0.0949193003286818,0.5,1,0.6929027299122936,9.463093757629395,22,sum_mod_10
5.609927654266357,0.011636011302471161,True,False,family-00314-sum_mod_10,family-00314,0.9966625571250916,0.022363803512663222,0.5,2,0.47683241837787815,11.76498794555664,22,sum_mod_10
8.421285629272461,-0.0013756677508354187,True,True,family-00314-sum_mod_10,family-00314,0.9958301186561584,0.027011573360940268,0.5,3,0.5988812158789731,14.06169605255127,22,sum_mod_10
5.866907119750977,0.03443479537963867,False,False,family-00315-maximum,family-00315,0.9764084219932556,0.11170555178125699,1.0,0,0.6152468333814545,9.535859107971191,22,maximum
8.459259033203125,0.1291758418083191,False,False,family-00315-maximum,family-00315,0.9649316072463989,0.15194125355530483,1.0,1,0.9888773020484182,8.554407119750977,22,maximum
10.867242813110352,0.01968282461166382,False,False,family-00315-maximum,family-00315,0.9589235782623291,0.17135011490653457,1.0,2,0.991830698389684,10.956751823425293,22,maximum
9.383132934570312,0.06515216827392578,False,False,family-00315-maximum,family-00315,0.962209165096283,0.16085860190755,1.0,3,0.5592585969515039,16.777807235717773,22,maximum
7.367773532867432,0.48641881346702576,False,False,family-00315-minimum,family-00315,0.9811977744102478,0.09334025401164116,0.5,0,0.6338430767001704,11.623970985412598,22,minimum
5.675650596618652,0.4514346718788147,False,False,family-00315-minimum,family-00315,0.9757385849952698,0.11418969858675532,0.5,1,0.5646851318852464,10.051000595092773,22,minimum
5.715782642364502,0.22047469019889832,False,False,family-00315-minimum,family-00315,0.978925883769989,0.10219045154765997,0.5,2,0.5806222468934156,9.844236373901367,22,minimum
5.738600254058838,0.02883964776992798,False,False,family-00315-minimum,family-00315,0.9845593571662903,0.07971991132286821,0.5,3,0.5187488027763347,11.062387466430664,22,minimum
6.967029094696045,0.2839545011520386,True,False,family-00315-sum_mod_10,family-00315,0.979945957660675,0.09824936191407257,0.0,0,0.7227034611212961,9.64023208618164,22,sum_mod_10
4.9852824211120605,0.12443453073501587,True,False,family-00315-sum_mod_10,family-00315,0.9668300151824951,0.14559428853528267,0.0,1,0.5180396034972756,9.623361587524414,22,sum_mod_10
6.809806823730469,0.0555989146232605,True,False,family-00315-sum_mod_10,family-00315,0.9753010272979736,0.11580215094152428,0.0,2,0.6081921194123211,11.196802139282227,22,sum_mod_10
7.412175178527832,-0.2161872386932373,True,True,family-00315-sum_mod_10,family-00315,0.9897588491439819,0.0571067374757168,0.0,3,0.5008057954642328,14.800498008728027,22,sum_mod_10
7.156589508056641,-0.08472410589456558,False,False,family-00316-maximum,family-00316,0.9811977744102478,0.09334025401164116,0.5,0,0.6156751007928135,11.623970985412598,22,maximum
6.655383586883545,0.017565838992595673,False,False,family-00316-maximum,family-00316,0.9816787838935852,0.09143163452052086,0.5,1,0.5621304680181302,11.839570999145508,22,maximum
7.602725028991699,0.04546938091516495,False,False,family-00316-maximum,family-00316,0.9831140041351318,0.08565893740117303,0.5,2,0.6361792226789077,11.950602531433105,22,maximum
6.807419776916504,-0.03117138147354126,False,False,family-00316-maximum,family-00316,0.980270266532898,0.09698541285561486,0.5,3,0.46218323509752884,14.728833198547363,22,maximum
8.729924201965332,0.27247217297554016,True,False,family-00316-minimum,family-00316,0.982772707939148,0.08704256186225215,0.0,0,0.8697840331441894,10.036887168884277,22,minimum
6.356890678405762,0.041620731353759766,True,False,family-00316-minimum,family-00316,0.9733619093894958,0.12285418660372124,0.0,1,0.5315132325658798,11.959985733032227,22,minimum
6.302158355712891,0.07640266418457031,True,False,family-00316-minimum,family-00316,0.9931707382202148,0.04086026723608806,0.0,2,0.41615389154392884,15.143816947937012,22,minimum
7.833120346069336,0.48915448784828186,True,False,family-00316-minimum,family-00316,0.9877883791923523,0.06593342803370188,0.0,3,0.46369450440834903,16.892847061157227,22,minimum
4.5401740074157715,0.020772650837898254,True,False,family-00316-sum_mod_10,family-00316,0.9843690395355225,0.08050953092059977,1.0,0,0.37799579042847703,12.011176109313965,22,sum_mod_10
8.26442813873291,0.027619116008281708,True,False,family-00316-sum_mod_10,family-00316,0.9787907004356384,0.10270889867143868,1.0,1,0.7575972106471758,10.908736228942871,22,sum_mod_10
9.173199653625488,-0.012319594621658325,True,False,family-00316-sum_mod_10,family-00316,0.9972946047782898,0.01869740125065456,1.0,2,0.726667413570723,12.623656272888184,22,sum_mod_10
7.837347030639648,0.05558536574244499,True,True,family-00316-sum_mod_10,family-00316,0.9980462789535522,0.01413916126649288,1.0,3,0.4470205768453131,17.532407760620117,22,sum_mod_10
8.192351341247559,0.04742699861526489,True,False,family-00317-maximum,family-00317,0.9785834550857544,0.10350200638340856,0.0,0,0.8645784729767866,9.475543975830078,22,maximum
4.533792972564697,0.10696524381637573,True,False,family-00317-maximum,family-00317,0.9801093339920044,0.09761329953755349,0.0,1,0.43242528471326014,10.484569549560547,22,maximum
15.67630386352539,0.8389737606048584,True,False,family-00317-maximum,family-00317,0.9894932508468628,0.05831734954633502,0.0,2,1.379753200906831,11.361672401428223,22,maximum
4.955029487609863,-0.006275475025177002,True,False,family-00317-maximum,family-00317,0.9494858980178833,0.20002621213421584,0.0,3,0.2591574304108511,19.119766235351562,22,maximum
6.611091136932373,0.60582035779953,False,False,family-00317-minimum,family-00317,0.9764084219932556,0.11170555178125699,1.0,0,0.6932874177436248,9.535859107971191,22,minimum
7.350095748901367,0.32094138860702515,False,False,family-00317-minimum,family-00317,0.9548230171203613,0.18406146414865987,1.0,1,0.905151900686116,8.12028980255127,22,minimum
6.077392101287842,0.3349084258079529,False,False,family-00317-minimum,family-00317,0.987686276435852,0.0663815427193822,1.0,2,0.5578276051597811,10.894749641418457,22,minimum
8.142346382141113,0.13639819622039795,False,False,family-00317-minimum,family-00317,0.9787644147872925,0.10280960543659008,1.0,3,0.6887958988504886,11.821130752563477,22,minimum
5.248612403869629,-0.016249369829893112,True,False,family-00317-sum_mod_10,family-00317,0.982772707939148,0.08704256186225215,0.5,0,0.5229322912128618,10.036887168884277,22,sum_mod_10
8.460796356201172,0.010631661862134933,True,False,family-00317-sum_mod_10,family-00317,0.9823629260063171,0.08869475110068323,0.5,1,0.8613864769965867,9.82229995727539,22,sum_mod_10
6.888544082641602,-0.00523173063993454,True,False,family-00317-sum_mod_10,family-00317,0.9981428384780884,0.01353457877252474,0.5,2,0.5084096159408003,13.549201011657715,22,sum_mod_10
7.670733451843262,-0.020160511136054993,True,True,family-00317-sum_mod_10,family-00317,0.9964073300361633,0.02380884350734345,0.5,3,0.46480218703600523,16.50322151184082,22,sum_mod_10
6.9210710525512695,0.107685387134552,False,False,family-00318-maximum,family-00318,0.9766762852668762,0.11070673596374134,1.0,0,0.7113984111808825,9.728825569152832,22,maximum
9.853532791137695,0.4395156502723694,False,False,family-00318-maximum,family-00318,0.9795158505439758,0.09991740305197597,1.0,1,1.0045215329170065,9.80918025970459,22,maximum
14.953719139099121,-0.028513550758361816,False,False,family-00318-maximum,family-00318,0.9517722129821777,0.19326363318976264,1.0,2,1.2880517615708207,11.609563827514648,22,maximum
7.728606224060059,0.13462358713150024,False,False,family-00318-maximum,family-00318,0.9247148633003235,0.2671002285160709,1.0,3,0.3651789915456701,21.16388511657715,22,maximum
6.818628311157227,0.676310658454895,True,False,family-00318-minimum,family-00318,0.9799317717552185,0.09830452672735139,0.5,0,0.6930051631421688,9.839217185974121,22,minimum
5.7795586585998535,0.26645052433013916,True,False,family-00318-minimum,family-00318,0.9619820713996887,0.1615930339625816,0.5,1,0.5971791413313583,9.678098678588867,22,minimum
4.470797538757324,0.1337193250656128,True,False,family-00318-minimum,family-00318,0.9772821664810181,0.10843583427857367,0.5,2,0.3922733224793668,11.397149085998535,22,minimum
3.979001522064209,0.07652527093887329,True,False,family-00318-minimum,family-00318,0.9772495031356812,0.10855867752501454,0.5,3,0.3033681889613092,13.116080284118652,22,minimum
5.794334888458252,0.15204381942749023,True,False,family-00318-sum_mod_10,family-00318,0.982772707939148,0.08704256186225215,0.0,0,0.5773039779127419,10.036887168884277,22,sum_mod_10
4.204902172088623,0.1109921932220459,True,False,family-00318-sum_mod_10,family-00318,0.9765234589576721,0.11127698247311338,0.0,1,0.4361544949936043,9.640854835510254,22,sum_mod_10
6.792482852935791,0.1724877655506134,True,False,family-00318-sum_mod_10,family-00318,0.9900734424591064,0.05566378437669547,0.0,2,0.6518111685908047,10.420936584472656,22,sum_mod_10
5.877156734466553,-0.03686708211898804,True,True,family-00318-sum_mod_10,family-00318,0.9920130372047424,0.04653157050992872,0.0,3,0.4067447813814093,14.449249267578125,22,sum_mod_10
5.517806053161621,0.04231327772140503,True,False,family-00319-maximum,family-00319,0.9770811200141907,0.10919118806087284,0.5,0,0.5876165655608314,9.39014720916748,22,maximum
7.124009132385254,0.23671504855155945,True,False,family-00319-maximum,family-00319,0.9783373475074768,0.10444117571947598,0.5,1,0.7428786206564603,9.58973503112793,22,maximum
7.560792922973633,0.3788264989852905,True,False,family-00319-maximum,family-00319,0.9893352389335632,0.059034346480288984,0.5,2,0.7316457018572277,10.333953857421875,22,maximum
6.46154260635376,-0.008280932903289795,True,False,family-00319-maximum,family-00319,0.9806615114212036,0.09545334390547203,0.5,3,0.4331118452001099,14.918877601623535,22,maximum
5.72055721282959,0.1512918770313263,True,False,family-00319-minimum,family-00319,0.9843690395355225,0.08050953092059977,0.0,0,0.4762695310406474,12.011176109313965,22,minimum
4.694993019104004,0.08683159947395325,True,False,family-00319-minimum,family-00319,0.9762500524520874,0.11229461696257237,0.0,1,0.42261754585063993,11.109318733215332,22,minimum
6.616746425628662,-0.1027001142501831,True,False,family-00319-minimum,family-00319,0.9914549589157104,0.04920336694385345,0.0,2,0.6284430527273911,10.528792381286621,22,minimum
8.425362586975098,-0.011046037077903748,True,False,family-00319-minimum,family-00319,0.9768033027648926,0.11023201091975544,0.0,3,0.7508638267394948,11.220892906188965,22,minimum
5.9214887619018555,0.0033881068229675293,True,False,family-00319-sum_mod_10,family-00319,0.9751826524734497,0.11623700456416461,1.0,0,0.6013199901024954,9.84748363494873,22,sum_mod_10
6.825713157653809,0.002286277711391449,True,False,family-00319-sum_mod_10,family-00319,0.9697900414466858,0.1354712491053459,1.0,1,0.6967354490473291,9.796707153320312,22,sum_mod_10
7.438323974609375,0.003912501037120819,True,False,family-00319-sum_mod_10,family-00319,0.9950613379478455,0.031154005818923698,1.0,2,0.5991156346895005,12.415506362915039,22,sum_mod_10
8.390303611755371,-0.09654554724693298,True,True,family-00319-sum_mod_10,family-00319,0.9945040941238403,0.03408010601287399,1.0,3,0.5149637863586563,16.292997360229492,22,sum_mod_10
9.241103172302246,0.7558261156082153,False,False,family-00320-maximum,family-00320,0.9810644388198853,0.09386708872464626,0.0,0,0.8290401767113436,11.146749496459961,22,maximum
4.77656888961792,0.028854072093963623,False,False,family-00320-maximum,family-00320,0.9777033925056458,0.10684731961658749,0.0,1,0.41870351432555664,11.407998085021973,22,maximum
11.772789001464844,0.031224489212036133,False,False,family-00320-maximum,family-00320,0.9748733639717102,0.11737045961600714,0.0,2,0.9535465365389745,12.346318244934082,22,maximum
7.308038711547852,0.06108427047729492,False,False,family-00320-maximum,family-00320,0.9788649082183838,0.10242441070994476,0.0,3,0.3705781322055196,19.72064208984375,22,maximum
7.9886908531188965,0.20315617322921753,False,False,family-00320-minimum,family-00320,0.9860592484474182,0.07341110501473799,1.0,0,0.7426718474091308,10.75669002532959,22,minimum
4.751302242279053,0.10141322016716003,False,False,family-00320-minimum,family-00320,0.9794832468032837,0.10004346851206976,1.0,1,0.4687746196929316,10.135579109191895,22,minimum
9.192846298217773,0.5087949633598328,False,False,family-00320-minimum,family-00320,0.990558385848999,0.05341963872284986,1.0,2,0.862095462823031,10.663373947143555,22,minimum
5.785884380340576,-0.02229762077331543,False,False,family-00320-minimum,family-00320,0.9923943281173706,0.0446836911541525,1.0,3,0.38794497098856295,14.914188385009766,22,minimum
6.760715961456299,0.018446210771799088,False,False,family-00320-sum_mod_10,family-00320,0.9854902029037476,0.07582298990432208,0.5,0,0.6527735343792628,10.356908798217773,22,sum_mod_10
8.687774658203125,0.028513602912425995,False,False,family-00320-sum_mod_10,family-00320,0.9793664813041687,0.1004945200335382,0.5,1,0.9594200294615024,9.055235862731934,22,sum_mod_10
8.425864219665527,-0.05160029977560043,False,False,family-00320-sum_mod_10,family-00320,0.9959120750427246,0.02656199156650137,0.5,2,0.6005715625408063,14.029742240905762,22,sum_mod_10
7.055103778839111,-0.007095202803611755,False,True,family-00320-sum_mod_10,family-00320,0.9983205199241638,0.012408722322968685,0.5,3,0.3607321409658738,19.557735443115234,22,sum_mod_10
7.2446393966674805,0.03887206315994263,False,False,family-00321-maximum,family-00321,0.9766762852668762,0.11070673596374134,1.0,0,0.744657137202464,9.728825569152832,22,maximum
9.957406997680664,0.12348741292953491,False,False,family-00321-maximum,family-00321,0.9785183668136597,0.10375066903379687,1.0,1,1.0010362127994523,9.947099685668945,22,maximum
12.132137298583984,0.029732584953308105,False,False,family-00321-maximum,family-00321,0.9503469467163086,0.19749241005057575,1.0,2,0.9279981348806354,13.073450088500977,22,maximum
7.964450359344482,0.02884197235107422,False,False,family-00321-maximum,family-00321,0.9601933360099792,0.1673292280305272,1.0,3,0.39838011080738345,19.992088317871094,22,maximum
7.616400718688965,0.14583268761634827,False,False,family-00321-minimum,family-00321,0.9811977744102478,0.09334025401164116,0.5,0,0.6552322548161125,11.623970985412598,22,minimum
5.669419765472412,0.5081579685211182,False,False,family-00321-minimum,family-00321,0.9765865802764893,0.11104157940610936,0.5,1,0.5268493133688683,10.76098918914795,22,minimum
9.69811725616455,0.533244788646698,False,False,family-00321-minimum,family-00321,0.9751395583152771,0.11639516840147249,0.5,2,0.9312333083886347,10.41427230834961,22,minimum
9.281341552734375,-0.15956783294677734,False,False,family-00321-minimum,family-00321,0.9856699109077454,0.07506379104215581,0.5,3,0.6860738843007017,13.52819538116455,22,minimum
5.295570373535156,-0.011653132736682892,False,False,family-00321-sum_mod_10,family-00321,0.9868791699409485,0.06989420162054023,0.0,0,0.483860477453396,10.944416046142578,22,sum_mod_10
3.407021999359131,-0.042986802756786346,False,False,family-00321-sum_mod_10,family-00321,0.9841601252555847,0.08137359787926875,0.0,1,0.30174291911395806,11.291141510009766,22,sum_mod_10
7.732913017272949,-0.09429926425218582,False,False,family-00321-sum_mod_10,family-00321,0.9939239621162415,0.03706600794416086,0.0,2,0.6678992755906861,11.577962875366211,22,sum_mod_10
6.420530796051025,0.03802720084786415,False,True,family-00321-sum_mod_10,family-00321,0.9936501383781433,0.03845565468231671,0.0,3,0.4115471919654698,15.600958824157715,22,sum_mod_10
6.911111831665039,0.059764087200164795,False,False,family-00322-maximum,family-00322,0.9764084219932556,0.11170555178125699,0.5,0,0.724749784305005,9.535859107971191,22,maximum
6.75772762298584,0.07559871673583984,False,False,family-00322-maximum,family-00322,0.9687785506248474,0.13896274250743815,0.5,1,0.8076923734525336,8.36670970916748,22,maximum
9.781990051269531,0.05580359697341919,False,False,family-00322-maximum,family-00322,0.9745352864265442,0.11860495253830688,0.5,2,0.8918079195516077,10.968718528747559,22,maximum
10.7896728515625,0.026789069175720215,False,False,family-00322-maximum,family-00322,0.9786244034767151,0.10334546396666888,0.5,3,0.6691596881897472,16.12421226501465,22,maximum
5.8224616050720215,-0.018491677939891815,False,False,family-00322-minimum,family-00322,0.9762558341026306,0.11227313082786758,0.0,0,0.6234099980149864,9.339698791503906,22,minimum
4.7437591552734375,-0.002974230796098709,False,False,family-00322-minimum,family-00322,0.9755163788795471,0.11500955651705624,0.0,1,0.4955760041676991,9.572213172912598,22,minimum
5.5107102394104,-0.04683942720293999,False,False,family-00322-minimum,family-00322,0.9891022443771362,0.06008727815697289,0.0,2,0.5723994224493876,9.627386093139648,22,minimum
9.779417991638184,-0.006410755217075348,False,False,family-00322-minimum,family-00322,0.987098753452301,0.06894365256954917,0.0,3,0.8641554816366402,11.316734313964844,22,minimum
6.4498419761657715,-0.05791626125574112,False,False,family-00322-sum_mod_10,family-00322,0.9854902029037476,0.07582298990432208,1.0,0,0.6227574367822633,10.356908798217773,22,sum_mod_10
8.446552276611328,0.0020550452172756195,False,False,family-00322-sum_mod_10,family-00322,0.9771789312362671,0.10882392691420158,1.0,1,0.9718955418142082,8.690802574157715,22,sum_mod_10
8.899516105651855,0.010273592546582222,False,False,family-00322-sum_mod_10,family-00322,0.995890736579895,0.02667920385715165,1.0,2,0.674339900783686,13.19737434387207,22,sum_mod_10
9.429414749145508,-0.021456995978951454,False,True,family-00322-sum_mod_10,family-00322,0.997837245464325,0.015431881814439724,1.0,3,0.5077292249926568,18.571739196777344,22,sum_mod_10
7.400582790374756,0.012682847678661346,True,False,family-00323-maximum,family-00323,0.9817765355110168,0.09104219924456712,0.0,0,0.6974289381915749,10.611235618591309,22,maximum
4.06069803237915,-0.08298258483409882,True,False,family-00323-maximum,family-00323,0.9819257259368896,0.09044680498269259,0.0,1,0.3918569468080681,10.36270523071289,22,maximum
6.721487998962402,0.016036607325077057,True,False,family-00323-maximum,family-00323,0.9851661324501038,0.07718637555799562,0.0,2,0.6455516006411925,10.412007331848145,22,maximum
6.690464973449707,0.0661308690905571,True,False,family-00323-maximum,family-00323,0.981903612613678,0.09053513451433541,0.0,3,0.5933007009790975,11.276684761047363,22,maximum
6.7558913230896,0.708339273929596,False,False,family-00323-minimum,family-00323,0.9860592484474182,0.07341110501473799,1.0,0,0.6280641449350118,10.75669002532959,22,minimum
5.6014275550842285,0.5553491115570068,False,False,family-00323-minimum,family-00323,0.9750646352767944,0.11666996804762648,1.0,1,0.5807779022246077,9.644698143005371,22,minimum
8.665237426757812,0.5469790697097778,False,False,family-00323-minimum,family-00323,0.9899849891662598,0.05607049956050951,1.0,2,0.8348318880687111,10.379619598388672,22,minimum
6.702785968780518,0.024874091148376465,False,False,family-00323-minimum,family-00323,0.9873639941215515,0.06779040435494246,1.0,3,0.48561535666440936,13.802664756774902,22,minimum
6.308162212371826,0.14126375317573547,True,False,family-00323-sum_mod_10,family-00323,0.9785834550857544,0.10350200638340856,0.5,0,0.6657308781915307,9.475543975830078,22,sum_mod_10
7.455462455749512,0.07416185736656189,True,False,family-00323-sum_mod_10,family-00323,0.9755175113677979,0.11500538331337853,0.5,1,0.8465046037021926,8.807350158691406,22,sum_mod_10
3.976315975189209,0.03183293342590332,True,False,family-00323-sum_mod_10,family-00323,0.9962079524993896,0.024924941437488225,0.5,2,0.3158843128407174,12.587886810302734,22,sum_mod_10
8.405035972595215,0.0596928596496582,True,True,family-00323-sum_mod_10,family-00323,0.9945201277732849,0.033996735702225035,0.5,3,0.5678313929747115,14.801992416381836,22,sum_mod_10
5.4647135734558105,0.03387206792831421,False,False,family-00324-maximum,family-00324,0.9764084219932556,0.11170555178125699,1.0,0,0.5730698735772806,9.535859107971191,22,maximum
7.3957648277282715,0.35735881328582764,False,False,family-00324-maximum,family-00324,0.9707996845245361,0.13195130206442732,1.0,1,0.8572086181337973,8.627730369567871,22,maximum
14.699527740478516,0.7985000014305115,False,False,family-00324-maximum,family-00324,0.9790233373641968,0.10181615413411182,1.0,2,1.4596977657973298,10.0702543258667,22,maximum
5.317686557769775,0.025567173957824707,False,False,family-00324-maximum,family-00324,0.9327017068862915,0.24659372869207952,1.0,3,0.27810979554236165,19.120817184448242,22,maximum
5.715471267700195,0.12547028064727783,False,False,family-00324-minimum,family-00324,0.9849590063095093,0.07805399443924273,0.5,0,0.5502208326834024,10.387595176696777,22,minimum
6.74953031539917,0.12868118286132812,False,False,family-00324-minimum,family-00324,0.9738604426383972,0.12105543562107157,0.5,1,0.6906866351163055,9.77220344543457,22,minimum
4.438925743103027,0.03801693022251129,False,False,family-00324-minimum,family-00324,0.9858382344245911,0.07435061412205292,0.5,2,0.40135802304129387,11.059765815734863,22,minimum
5.39378023147583,-0.0219048410654068,False,False,family-00324-minimum,family-00324,0.9779084324836731,0.10607114307078483,0.5,3,0.44137579075632755,12.220380783081055,22,minimum
5.163474082946777,-0.0098126120865345,False,False,family-00324-sum_mod_10,family-00324,0.9854902029037476,0.07582298990432208,0.0,0,0.49855359195934146,10.356908798217773,22,sum_mod_10
6.518337726593018,0.0022656191140413284,False,False,family-00324-sum_mod_10,family-00324,0.978465735912323,0.10395159225443255,0.0,1,0.7470687679840998,8.725217819213867,22,sum_mod_10
5.545325756072998,0.008798692375421524,False,False,family-00324-sum_mod_10,family-00324,0.9943351149559021,0.034955914532654696,0.0,2,0.5042076445350264,10.998099327087402,22,sum_mod_10
8.310362815856934,-0.02711210399866104,False,True,family-00324-sum_mod_10,family-00324,0.994783341884613,0.03262125209952007,0.0,3,0.5736662791773957,14.486406326293945,22,sum_mod_10
5.275930404663086,0.19694525003433228,True,False,family-00325-maximum,family-00325,0.9770811200141907,0.10919118806087284,0.5,0,0.5618581143767654,9.39014720916748,22,maximum
7.452951431274414,0.29163914918899536,True,False,family-00325-maximum,family-00325,0.978432297706604,0.10407917731142255,0.5,1,0.7621163056904201,9.77928352355957,22,maximum
10.744294166564941,0.37329697608947754,True,False,family-00325-maximum,family-00325,0.9728480577468872,0.12469817722219459,0.5,2,0.976263612281664,11.005525588989258,22,maximum
5.330709457397461,0.07212281227111816,True,False,family-00325-maximum,family-00325,0.907936155796051,0.3072869782146871,0.5,3,0.29842301170702124,17.862930297851562,22,maximum
5.028659343719482,0.19219309091567993,False,False,family-00325-minimum,family-00325,0.9810644388198853,0.09386708872464626,0.0,0,0.4511323543528549,11.146749496459961,22,minimum
5.302809238433838,0.26840782165527344,False,False,family-00325-minimum,family-00325,0.9749318361282349,0.1171564764590741,0.0,1,0.4983216010606678,10.641339302062988,22,minimum
9.350186347961426,0.30385130643844604,False,False,family-00325-minimum,family-00325,0.9875268340110779,0.06707960136283589,0.0,2,0.9060513728908024,10.319708824157715,22,minimum
6.61590051651001,0.08393889665603638,False,False,family-00325-minimum,family-00325,0.9792786836624146,0.10083322750354595,0.0,3,0.4318038091095608,15.321542739868164,22,minimum
5.650409698486328,0.041542597115039825,False,False,family-00325-sum_mod_10,family-00325,0.9810644388198853,0.09386708872464626,1.0,0,0.5069109788715368,11.146749496459961,22,sum_mod_10
5.16249418258667,0.06158244609832764,False,False,family-00325-sum_mod_10,family-00325,0.9801938533782959,0.09728370906700601,1.0,1,0.4895295322832074,10.545827865600586,22,sum_mod_10
10.693086624145508,-0.14012417197227478,False,False,family-00325-sum_mod_10,family-00325,0.9944959282875061,0.034122547899422956,1.0,2,1.0272141556301022,10.40979290008545,22,sum_mod_10
5.8503522872924805,-0.002138100564479828,False,True,family-00325-sum_mod_10,family-00325,0.9955276846885681,0.028656850250771883,1.0,3,0.34926589438658207,16.750425338745117,22,sum_mod_10
7.411276817321777,0.3620043694972992,False,False,family-00326-maximum,family-00326,0.9810644388198853,0.09386708872464626,0.0,0,0.6648823336054593,11.146749496459961,22,maximum
3.7637083530426025,-0.016747713088989258,False,False,family-00326-maximum,family-00326,0.9765129089355469,0.11131631049789942,0.0,1,0.3470113363966318,10.846067428588867,22,maximum
6.892422676086426,-0.032749950885772705,False,False,family-00326-maximum,family-00326,0.9858322143554688,0.07437615565558477,0.0,2,0.6929797915584369,9.946065902709961,22,maximum
5.955718517303467,0.32588455080986023,False,False,family-00326-maximum,family-00326,0.9808779954910278,0.09460215914852796,0.0,3,0.4853496458903863,12.27098560333252,22,maximum
5.460244655609131,0.4919896125793457,True,False,family-00326-minimum,family-00326,0.9841822981834412,0.08128202436052231,1.0,0,0.5001465371630475,10.917289733886719,22,minimum
5.513228416442871,0.22030389308929443,True,False,family-00326-minimum,family-00326,0.97210693359375,0.12734019079115264,1.0,1,0.5962867091363793,9.245935440063477,22,minimum
10.131832122802734,0.6944915056228638,True,False,family-00326-minimum,family-00326,0.9881516098976135,0.06433220308222375,1.0,2,1.0265079546666709,9.870193481445312,22,minimum
5.201251983642578,0.07649028301239014,True,False,family-00326-minimum,family-00326,0.9864138960838318,0.07189608258208803,1.0,3,0.3382340683733036,15.377670288085938,22,minimum
5.334660530090332,-0.04650673270225525,True,False,family-00326-sum_mod_10,family-00326,0.9770811200141907,0.10919118806087284,0.5,0,0.5681125557735848,9.39014720916748,22,sum_mod_10
10.675677299499512,0.002353981137275696,True,False,family-00326-sum_mod_10,family-00326,0.980889618396759,0.09455638909599368,0.5,1,1.086412222660245,9.826543807983398,22,sum_mod_10
7.483687400817871,0.07363656163215637,True,False,family-00326-sum_mod_10,family-00326,0.9986238479614258,0.010441932943517957,0.5,2,0.4589091373107176,16.307558059692383,22,sum_mod_10
6.128334999084473,-0.06745065748691559,True,True,family-00326-sum_mod_10,family-00326,0.9981485605239868,0.0134985963041955,0.5,3,0.31789274045825844,19.277996063232422,22,sum_mod_10
5.531511306762695,-0.004775424487888813,False,False,family-00327-maximum,family-00327,0.9764084219932556,0.11170555178125699,1.0,0,0.5800747729314507,9.535859107971191,22,maximum
7.160593509674072,-0.02280014008283615,False,False,family-00327-maximum,family-00327,0.9670389294624329,0.14488906890328096,1.0,1,0.8860953595929008,8.081064224243164,22,maximum
5.580996513366699,0.010273808613419533,False,False,family-00327-maximum,family-00327,0.9729472398757935,0.12434303984375139,1.0,2,0.5664225696411156,9.85306167602539,22,maximum
4.233504772186279,0.007583137601613998,False,False,family-00327-maximum,family-00327,0.9626076817512512,0.15956634645859805,1.0,3,0.39384088129336514,10.749277114868164,22,maximum
7.289238929748535,-0.049842119216918945,False,False,family-00327-minimum,family-00327,0.9811977744102478,0.09334025401164116,0.5,0,0.6270868138690386,11.623970985412598,22,minimum
6.8667449951171875,0.09374016523361206,False,False,family-00327-minimum,family-00327,0.9800777435302734,0.09773639504936643,0.5,1,0.6414403576520425,10.705196380615234,22,minimum
8.159026145935059,0.6274696588516235,False,False,family-00327-minimum,family-00327,0.9867268800735474,0.07055125448104006,0.5,2,0.6505401081257984,12.541926383972168,22,minimum
5.875494003295898,0.08000266551971436,False,False,family-00327-minimum,family-00327,0.9903807044029236,0.054244738258861884,0.5,3,0.37513289085499024,15.662433624267578,22,minimum
4.628360271453857,-0.021277740597724915,False,False,family-00327-sum_mod_10,family-00327,0.9868791699409485,0.06989420162054023,0.0,0,0.42289695968613594,10.944416046142578,22,sum_mod_10
4.194707870483398,0.0039377473294734955,False,False,family-00327-sum_mod_10,family-00327,0.9841720461845398,0.08132436872730864,0.0,1,0.38488573973951146,10.898579597473145,22,sum_mod_10
7.475712776184082,-0.03185652941465378,False,False,family-00327-sum_mod_10,family-00327,0.995867133140564,0.026808728094131,0.0,2,0.6260780661069051,11.940544128417969,22,sum_mod_10
6.094435214996338,-0.00016990117728710175,False,True,family-00327-sum_mod_10,family-00327,0.9943628311157227,0.03481261500372233,0.0,3,0.394773912179698,15.437786102294922,22,sum_mod_10
6.8627705574035645,0.058275461196899414,False,False,family-00328-maximum,family-00328,0.9764084219932556,0.11170555178125699,0.5,0,0.7196803643697771,9.535859107971191,22,maximum
8.395583152770996,0.4516105651855469,False,False,family-00328-maximum,family-00328,0.9678826332092285,0.14202700914753538,0.5,1,0.9285410818506509,9.041692733764648,22,maximum
11.475273132324219,0.05418330430984497,False,False,family-00328-maximum,family-00328,0.9771451950073242,0.10895064793446813,0.5,2,0.971839604049959,11.807785034179688,22,maximum
9.020094871520996,0.0307466983795166,False,False,family-00328-maximum,family-00328,0.9787350296974182,0.10292214757087038,0.5,3,0.4988954758289074,18.080129623413086,22,maximum
5.564898490905762,0.04520970582962036,False,False,family-00328-minimum,family-00328,0.9810644388198853,0.09386708872464626,0.0,0,0.4992395758667663,11.146749496459961,22,minimum
4.907821178436279,0.02721482515335083,False,False,family-00328-minimum,family-00328,0.9749817848205566,0.11697357476592171,0.0,1,0.4865494674802701,10.086993217468262,22,minimum
8.228557586669922,0.6777559518814087,False,False,family-00328-minimum,family-00328,0.9879562258720398,0.06519489097148709,0.0,2,0.9260141138712992,8.885995864868164,22,minimum
6.266532897949219,0.08310085535049438,False,False,family-00328-minimum,family-00328,0.989439070224762,0.05856346902004966,0.0,3,0.44830971400618197,13.978133201599121,22,minimum
7.005703449249268,0.11560492217540741,True,False,family-00328-sum_mod_10,family-00328,0.9785834550857544,0.10350200638340856,1.0,0,0.739345779737733,9.475543975830078,22,sum_mod_10
7.095798015594482,0.09480874240398407,True,False,family-00328-sum_mod_10,family-00328,0.97870272397995,0.10304582755821523,1.0,1,0.7554090985143774,9.393318176269531,22,sum_mod_10
8.915153503417969,0.026157543063163757,True,False,family-00328-sum_mod_10,family-00328,0.9961466789245605,0.025265805299097766,1.0,2,0.6833117104918743,13.046978950500488,22,sum_mod_10
7.500236988067627,0.0007409006357192993,True,True,family-00328-sum_mod_10,family-00328,0.9973905682563782,0.01812854938726996,1.0,3,0.42395292974825033,17.69120216369629,22,sum_mod_10
8.17617130279541,0.38388919830322266,True,False,family-00329-maximum,family-00329,0.9751826524734497,0.11623700456416461,0.0,0,0.8302802630489448,9.84748363494873,22,maximum
3.9335250854492188,0.048519134521484375,True,False,family-00329-maximum,family-00329,0.9669677019119263,0.14512966096989147,0.0,1,0.3442244551086945,11.427209854125977,22,maximum
13.59032917022705,0.6540901064872742,True,False,family-00329-maximum,family-00329,0.9804125428199768,0.09642919958917161,0.0,2,1.1426712404008914,11.893472671508789,22,maximum
5.452070236206055,-0.0801655650138855,True,False,family-00329-maximum,family-00329,0.9604120850563049,0.16663230080705446,0.0,3,0.2915614455147382,18.69955825805664,22,maximum
6.29848575592041,0.5518279075622559,True,False,family-00329-minimum,family-00329,0.9799317717552185,0.09830452672735139,1.0,0,0.6401409417914821,9.839217185974121,22,minimum
5.126686096191406,-0.03887861967086792,True,False,family-00329-minimum,family-00329,0.9510008096694946,0.19555780965524455,1.0,1,0.6118105619299258,8.379531860351562,22,minimum
8.253483772277832,0.5539119839668274,True,False,family-00329-minimum,family-00329,0.9862029552459717,0.07279831838941257,1.0,2,0.7942149097831888,10.392003059387207,22,minimum
6.160157680511475,-0.044088542461395264,True,False,family-00329-minimum,family-00329,0.988598108291626,0.06234843151131041,1.0,3,0.40132072388654105,15.349712371826172,22,minimum
4.951770782470703,0.017271315678954124,True,False,family-00329-sum_mod_10,family-00329,0.9770811200141907,0.10919118806087284,0.5,0,0.5273368640734782,9.39014720916748,22,sum_mod_10
8.859792709350586,0.018236903473734856,True,False,family-00329-sum_mod_10,family-00329,0.9813752174377441,0.09263764655421762,0.5,1,0.9180449529626481,9.650717735290527,22,sum_mod_10
6.2863593101501465,-0.0072961486876010895,True,False,family-00329-sum_mod_10,family-00329,0.998213529586792,0.013088789277070922,0.5,2,0.430497772675563,14.60253620147705,22,sum_mod_10
8.02787971496582,-0.0029168277978897095,True,True,family-00329-sum_mod_10,family-00329,0.9976263642311096,0.016715486458492676,0.5,3,0.4455114173308359,18.01947021484375,22,sum_mod_10
6.599693298339844,0.058876991271972656,True,False,family-00330-maximum,family-00330,0.9799317717552185,0.09830452672735139,1.0,0,0.6707538997866371,9.839217185974121,22,maximum
8.56031322479248,0.45437192916870117,True,False,family-00330-maximum,family-00330,0.969788134098053,0.13547786546013862,1.0,1,0.9223251110734122,9.281231880187988,22,maximum
10.849345207214355,0.1817014217376709,True,False,family-00330-maximum,family-00330,0.9639363884925842,0.1552256583603917,1.0,2,0.9488866201747077,11.43376350402832,22,maximum
8.324077606201172,0.04590880870819092,True,False,family-00330-maximum,family-00330,0.9775020480155945,0.10760763008090277,1.0,3,0.5345153332485794,15.573131561279297,22,maximum
5.80513858795166,0.1658191680908203,False,False,family-00330-minimum,family-00330,0.9764084219932556,0.11170555178125699,0.5,0,0.6087693329171614,9.535859107971191,22,minimum
5.590585231781006,0.386504590511322,False,False,family-00330-minimum,family-00330,0.9680947661399841,0.14130381971659467,0.5,1,0.7016935484546688,7.9672746658325195,22,minimum
8.216837882995605,0.17166906595230103,False,False,family-00330-minimum,family-00330,0.9849494695663452,0.07809387231969109,0.5,2,0.9995571820957247,8.220478057861328,22,minimum
6.307693958282471,0.22342434525489807,False,False,family-00330-minimum,family-00330,0.9809579253196716,0.09428725624548558,0.5,3,0.5357430754962275,11.77372932434082,22,minimum
5.636357307434082,0.09231611341238022,False,False,family-00330-sum_mod_10,family-00330,0.9868791699409485,0.06989420162054023,0.0,0,0.5149984506866996,10.944416046142578,22,sum_mod_10
3.6804821491241455,0.08352135121822357,False,False,family-00330-sum_mod_10,family-00330,0.9867323040962219,0.0705278831296719,0.0,1,0.314324912898726,11.7091646194458,22,sum_mod_10
7.132168769836426,0.019879207015037537,False,False,family-00330-sum_mod_10,family-00330,0.993459165096283,0.039417771770274015,0.0,2,0.6179152108623746,11.542309761047363,22,sum_mod_10
5.882217884063721,-0.16167399287223816,False,True,family-00330-sum_mod_10,family-00330,0.9920188784599304,0.0465034022577732,0.0,3,0.4058108308244649,14.494975090026855,22,sum_mod_10
6.945647716522217,0.4053835868835449,False,False,family-00331-maximum,family-00331,0.9849590063095093,0.07805399443924273,0.5,0,0.6686482865739586,10.387595176696777,22,maximum
5.71971321105957,0.16315793991088867,False,False,family-00331-maximum,family-00331,0.9669856429100037,0.14506907493387708,0.5,1,0.5980276383500429,9.564295768737793,22,maximum
5.247237205505371,0.07555532455444336,False,False,family-00331-maximum,family-00331,0.9808287024497986,0.09479619112064681,0.5,2,0.5382206593119366,9.74923038482666,22,maximum
8.339218139648438,0.30926141142845154,False,False,family-00331-maximum,family-00331,0.9742653965950012,0.11958714853135886,0.5,3,0.6838038126836818,12.195337295532227,22,maximum
7.065795421600342,0.3687629997730255,True,False,family-00331-minimum,family-00331,0.9817765355110168,0.09104219924456712,0.0,0,0.6658786663092078,10.611235618591309,22,minimum
5.568220138549805,-0.005827128887176514,True,False,family-00331-minimum,family-00331,0.9812938570976257,0.09296001569177476,0.0,1,0.5289841771389256,10.526250839233398,22,minimum
6.145109176635742,-0.05940413475036621,True,False,family-00331-minimum,family-00331,0.9901178479194641,0.055459304876284435,0.0,2,0.5339220748573098,11.509374618530273,22,minimum
7.455188751220703,0.1600649356842041,True,False,family-00331-minimum,family-00331,0.9895702600479126,0.05796704333386568,0.0,3,0.5240745971108808,14.225434303283691,22,minimum
4.484126567840576,-0.029903769493103027,True,False,family-00331-sum_mod_10,family-00331,0.9843690395355225,0.08050953092059977,1.0,0,0.3733295163629645,12.011176109313965,22,sum_mod_10
7.86879825592041,0.03989426791667938,True,False,family-00331-sum_mod_10,family-00331,0.9774492383003235,0.1078067425825675,1.0,1,0.7465758401206678,10.539851188659668,22,sum_mod_10
9.628524780273438,-0.08890000730752945,True,False,family-00331-sum_mod_10,family-00331,0.9967105388641357,0.022089997901264265,1.0,2,0.7936044672203791,12.132649421691895,22,sum_mod_10
8.297173500061035,0.005368970334529877,True,True,family-00331-sum_mod_10,family-00331,0.9972507357597351,0.018956303563610347,1.0,3,0.47315180637240184,17.535964965820312,22,sum_mod_10
7.86643123626709,0.5593613386154175,False,False,family-00332-maximum,family-00332,0.9810644388198853,0.09386708872464626,0.0,0,0.7057152615446637,11.146749496459961,22,maximum
4.008539199829102,0.09814244508743286,False,False,family-00332-maximum,family-00332,0.9776625037193298,0.1070018724629305,0.0,1,0.36376965819348,11.01944351196289,22,maximum
8.941150665283203,0.5398047566413879,False,False,family-00332-maximum,family-00332,0.9862402081489563,0.07263921951519822,0.0,2,0.8641082496166319,10.347257614135742,22,maximum
5.704383850097656,0.0852246880531311,False,False,family-00332-maximum,family-00332,0.9784291386604309,0.10409122806109924,0.0,3,0.4027189324852564,14.164677619934082,22,maximum
8.169770240783691,0.6757683157920837,True,False,family-00332-minimum,family-00332,0.9849991202354431,0.07788619084013847,1.0,0,0.7809904599576039,10.46078109741211,22,minimum
5.1775898933410645,0.10274302959442139,True,False,family-00332-minimum,family-00332,0.9709365367889404,0.1314714490156886,1.0,1,0.47983114380201575,10.790441513061523,22,minimum
5.952621936798096,0.010351240634918213,True,False,family-00332-minimum,family-00332,0.9908367395401001,0.05212023632583399,1.0,2,0.46078567582928703,12.918417930603027,22,minimum
4.8826003074646,-0.0317310094833374,True,False,family-00332-minimum,family-00332,0.9896940588951111,0.057402690133180834,1.0,3,0.30812340060003623,15.8462495803833,22,minimum
4.8373188972473145,0.040066227316856384,True,False,family-00332-sum_mod_10,family-00332,0.9841822981834412,0.08128202436052231,0.5,0,0.4430878922478827,10.917289733886719,22,sum_mod_10
7.9206109046936035,0.05359238386154175,True,False,family-00332-sum_mod_10,family-00332,0.9762829542160034,0.11217232609814479,0.5,1,0.8621039983167648,9.187535285949707,22,sum_mod_10
7.491310119628906,0.046308718621730804,True,False,family-00332-sum_mod_10,family-00332,0.9951664209365845,0.030595334441316797,0.5,2,0.5890498715935278,12.717616081237793,22,sum_mod_10
7.246383190155029,-0.03489577770233154,True,True,family-00332-sum_mod_10,family-00332,0.9972865581512451,0.018744943205631893,0.5,3,0.454368444191326,15.948253631591797,22,sum_mod_10
5.471982002258301,0.5515349507331848,True,False,family-00333-maximum,family-00333,0.9803014397621155,0.09686363439165893,1.0,0,0.5327622286101981,10.270964622497559,22,maximum
7.697466850280762,0.7752873301506042,True,False,family-00333-maximum,family-00333,0.9667097926139832,0.14599949931427617,1.0,1,0.8520281984761963,9.034286499023438,22,maximum
9.174478530883789,0.10512572526931763,True,False,family-00333-maximum,family-00333,0.9407333731651306,0.22494483398877962,1.0,2,0.8928282695445147,10.275748252868652,22,maximum
8.19837474822998,0.16728675365447998,True,False,family-00333-maximum,family-00333,0.9390599131584167,0.229546407870097,1.0,3,0.5407107784278223,15.16221809387207,22,maximum
7.456837177276611,0.6127752661705017,True,False,family-00333-minimum,family-00333,0.9849991202354431,0.07788619084013847,0.5,0,0.712837512594672,10.46078109741211,22,minimum
5.609503746032715,0.6953443288803101,True,False,family-00333-minimum,family-00333,0.9633429050445557,0.15717065170279668,0.5,1,0.5853803764115033,9.582664489746094,22,minimum
10.029251098632812,0.7361048460006714,True,False,family-00333-minimum,family-00333,0.9772371053695679,0.10860529159131155,0.5,2,0.950852287060242,10.547643661499023,22,minimum
6.361764907836914,0.1143236756324768,True,False,family-00333-minimum,family-00333,0.9843007922172546,0.08079211117336367,0.5,3,0.45694548097377397,13.922371864318848,22,minimum
5.893052101135254,-0.06430214643478394,False,False,family-00333-sum_mod_10,family-00333,0.9728527665138245,0.12468132516468772,0.0,0,0.603132656207496,9.770739555358887,22,sum_mod_10
3.409050703048706,0.07261546701192856,False,False,family-00333-sum_mod_10,family-00333,0.9526431560516357,0.190657830656713,0.0,1,0.36298272052783176,9.39177131652832,22,sum_mod_10
4.494801044464111,0.058806344866752625,False,False,family-00333-sum_mod_10,family-00333,0.9659855365753174,0.14843116034931678,0.0,2,0.44807942890922675,10.031259536743164,22,sum_mod_10
6.031350612640381,-0.02472849190235138,False,True,family-00333-sum_mod_10,family-00333,0.9647184610366821,0.1526471114568277,0.0,3,0.5255517528074295,11.476225852966309,22,sum_mod_10
5.873481750488281,0.09236246347427368,True,False,family-00334-maximum,family-00334,0.9843690395355225,0.08050953092059977,0.5,0,0.48900138479642635,12.011176109313965,22,maximum
5.645877838134766,0.34514278173446655,True,False,family-00334-maximum,family-00334,0.9763721823692322,0.11184044308926337,0.5,1,0.5796651157380368,9.739895820617676,22,maximum
6.726615905761719,0.3079649806022644,True,False,family-00334-maximum,family-00334,0.9871470928192139,0.06873389131090986,0.5,2,0.6842124255728634,9.831180572509766,22,maximum
6.512016296386719,0.03978392481803894,True,False,family-00334-maximum,family-00334,0.9809313416481018,0.09439202694342518,0.5,3,0.5313489420245647,12.255630493164062,22,maximum
8.280723571777344,0.41887256503105164,True,False,family-00334-minimum,family-00334,0.9785834550857544,0.10350200638340856,0.0,0,0.8739048220238917,9.475543975830078,22,minimum
4.387855052947998,0.2021324634552002,True,False,family-00334-minimum,family-00334,0.9691698551177979,0.13761609721333473,0.0,1,0.43816847841717643,10.014081954956055,22,minimum
9.580916404724121,0.5343114137649536,True,False,family-00334-minimum,family-00334,0.9853734970092773,0.07631481713691374,0.0,2,0.8969744279335717,10.681370735168457,22,minimum
8.303454399108887,-0.1284739375114441,True,False,family-00334-minimum,family-00334,0.9861401319503784,0.07306639184061059,0.0,3,0.6029256161170851,13.77193832397461,22,minimum
5.26329231262207,-0.0008389651775360107,False,False,family-00334-sum_mod_10,family-00334,0.9762558341026306,0.11227313082786758,1.0,0,0.5635398346475539,9.339698791503906,22,sum_mod_10
7.778328895568848,0.04198534041643143,False,False,family-00334-sum_mod_10,family-00334,0.9822655916213989,0.08908575829548646,1.0,1,0.8308418272314685,9.361985206604004,22,sum_mod_10
9.007960319519043,-0.05447511374950409,False,False,family-00334-sum_mod_10,family-00334,0.9979243278503418,0.01489591940389268,1.0,2,0.7194655094523466,12.520350456237793,22,sum_mod_10
8.068965911865234,0.017650343477725983,False,True,family-00334-sum_mod_10,family-00334,0.9989346861839294,0.008356271518518935,1.0,3,0.41777876181528056,19.313968658447266,22,sum_mod_10
9.471678733825684,0.8552038073539734,True,False,family-00335-maximum,family-00335,0.9751826524734497,0.11623700456416461,0.0,0,0.9618374688342396,9.84748363494873,22,maximum
4.564560890197754,0.06191873550415039,True,False,family-00335-maximum,family-00335,0.9697182774543762,0.13572010396454418,0.0,1,0.3497223068587758,13.051958084106445,22,maximum
12.993380546569824,0.008743107318878174,True,False,family-00335-maximum,family-00335,0.9643486738204956,0.15386854173263737,0.0,2,0.9018734371006595,14.407099723815918,22,maximum
9.76688289642334,0.08170288801193237,True,False,family-00335-maximum,family-00335,0.9525048136711121,0.19107285741249033,0.0,3,0.45014297670924397,21.697290420532227,22,maximum
5.248262405395508,0.5049923062324524,True,False,family-00335-minimum,family-00335,0.9799317717552185,0.09830452672735139,1.0,0,0.5334024349901479,9.839217185974121,22,minimum
3.7521352767944336,0.16446471214294434,True,False,family-00335-minimum,family-00335,0.9610433578491211,0.1646140062291962,1.0,1,0.4386873406379522,8.553096771240234,22,minimum
10.176262855529785,0.49638184905052185,True,False,family-00335-minimum,family-00335,0.9804273247718811,0.09637135087879448,1.0,2,1.1074952560389693,9.188538551330566,22,minimum
5.489683628082275,0.007735192775726318,True,False,family-00335-minimum,family-00335,0.982361376285553,0.08870098084322708,1.0,3,0.33902050360207964,16.192777633666992,22,minimum
5.250616073608398,-0.009022064507007599,True,False,family-00335-sum_mod_10,family-00335,0.9785834550857544,0.10350200638340856,0.5,0,0.5541229175867376,9.475543975830078,22,sum_mod_10
7.960940837860107,7.694214582443237e-05,True,False,family-00335-sum_mod_10,family-00335,0.9833489656448364,0.08470232692169838,0.5,1,0.833171376473943,9.554986000061035,22,sum_mod_10
11.608088493347168,-0.039104245603084564,True,False,family-00335-sum_mod_10,family-00335,0.9978959560394287,0.015070933040761889,0.5,2,0.8426904893379805,13.775032043457031,22,sum_mod_10
6.817979335784912,-0.0005398038774728775,True,True,family-00335-sum_mod_10,family-00335,0.9949776530265808,0.031597305173945,0.5,3,0.3593277338040219,18.97426414489746,22,sum_mod_10
7.510941028594971,-0.11470875144004822,False,False,family-00336-maximum,family-00336,0.9764084219932556,0.11170555178125699,1.0,0,0.7876522653649993,9.535859107971191,22,maximum
8.01102066040039,0.2160358726978302,False,False,family-00336-maximum,family-00336,0.9701560735702515,0.13419922180267874,1.0,1,0.9087977586888295,8.81496524810791,22,maximum
6.880341053009033,0.2022123634815216,False,False,family-00336-maximum,family-00336,0.9806139469146729,0.0956400287424767,1.0,2,0.604526279767506,11.381376266479492,22,maximum
6.397276401519775,-0.1527034044265747,False,False,family-00336-maximum,family-00336,0.9673462510108948,0.14384917056853475,1.0,3,0.48580845386875726,13.168310165405273,22,maximum
7.557976722717285,0.18624019622802734,True,False,family-00336-minimum,family-00336,0.9849991202354431,0.07788619084013847,0.5,0,0.7225059632102474,10.46078109741211,22,minimum
6.917462348937988,0.1892770528793335,True,False,family-00336-minimum,family-00336,0.9721947908401489,0.12702805952529017,0.5,1,0.6910907184328524,10.009485244750977,22,minimum
9.476672172546387,0.6600990295410156,True,False,family-00336-minimum,family-00336,0.9887004494667053,0.061891267161970465,0.5,2,0.7804965922725503,12.141849517822266,22,minimum
4.985360622406006,0.04707753658294678,True,False,family-00336-minimum,family-00336,0.9903837442398071,0.054230650201888615,0.5,3,0.3135933601007476,15.89753246307373,22,minimum
5.333608150482178,0.04086095094680786,True,False,family-00336-sum_mod_10,family-00336,0.982772707939148,0.08704256186225215,0.0,0,0.5314006285750718,10.036887168884277,22,sum_mod_10
6.627591133117676,-0.17021825909614563,True,False,family-00336-sum_mod_10,family-00336,0.9792592525482178,0.10090813784292246,0.0,1,0.6652022618779606,9.963272094726562,22,sum_mod_10
8.197900772094727,0.3176316022872925,True,False,family-00336-sum_mod_10,family-00336,0.9960373640060425,0.025871503084673696,0.0,2,0.6712129847416777,12.213561058044434,22,sum_mod_10
6.72246789932251,-0.025347977876663208,True,True,family-00336-sum_mod_10,family-00336,0.9961963891983032,0.024989343485470286,0.0,3,0.41583444936029856,16.16621208190918,22,sum_mod_10
5.576970100402832,0.02632617950439453,True,False,family-00337-maximum,family-00337,0.9849991202354431,0.07788619084013847,0.5,0,0.533131326281411,10.46078109741211,22,maximum
7.618946552276611,0.08326894044876099,True,False,family-00337-maximum,family-00337,0.9778283834457397,0.10637439840955923,0.5,1,0.7980099606351241,9.547432899475098,22,maximum
15.491646766662598,0.6300535202026367,True,False,family-00337-maximum,family-00337,0.9868324995040894,0.07009575007391758,0.5,2,1.347561585138684,11.496058464050293,22,maximum
4.981109619140625,0.07104706764221191,True,False,family-00337-maximum,family-00337,0.9172084927558899,0.2855348154544475,0.5,3,0.24213797232943068,20.571369171142578,22,maximum
5.593946933746338,0.07046597450971603,True,False,family-00337-minimum,family-00337,0.9751826524734497,0.11623700456416461,0.0,0,0.568058515364617,9.84748363494873,22,minimum
4.148765563964844,0.061553895473480225,True,False,family-00337-minimum,family-00337,0.9650962352752686,0.15139515057465514,0.0,1,0.4238308860307635,9.788728713989258,22,minimum
5.311756610870361,0.0783865749835968,True,False,family-00337-minimum,family-00337,0.985283374786377,0.07669396722168571,0.0,2,0.5508100787382887,9.643535614013672,22,minimum
5.378334045410156,0.12540800869464874,True,False,family-00337-minimum,family-00337,0.9780938029289246,0.10536775081539355,0.0,3,0.48601783245701596,11.06612491607666,22,minimum
5.8071088790893555,-0.021292030811309814,False,False,family-00337-sum_mod_10,family-00337,0.9854902029037476,0.07582298990432208,1.0,0,0.5606990456543026,10.356908798217773,22,sum_mod_10
11.852731704711914,0.06528438627719879,False,False,family-00337-sum_mod_10,family-00337,0.9830610156059265,0.08587421104473225,1.0,1,1.3667762419929952,8.672035217285156,22,sum_mod_10
9.546433448791504,-0.06072887033224106,False,False,family-00337-sum_mod_10,family-00337,0.9988112449645996,0.009194133500562028,1.0,2,0.6192129725567492,15.417043685913086,22,sum_mod_10
6.353489875793457,-0.0622328445315361,False,True,family-00337-sum_mod_10,family-00337,0.9991082549095154,0.007153475882181449,1.0,3,0.30344476177089474,20.93787956237793,22,sum_mod_10
8.232999801635742,0.3615654706954956,False,False,family-00338-maximum,family-00338,0.9762558341026306,0.11227313082786758,0.0,0,0.881505922773987,9.339698791503906,22,maximum
4.044610023498535,0.08535391092300415,False,False,family-00338-maximum,family-00338,0.9788743853569031,0.10238805936397276,0.0,1,0.3770233838931504,10.727743148803711,22,maximum
11.140296936035156,0.7014082670211792,False,False,family-00338-maximum,family-00338,0.9877344965934753,0.06617001845490106,0.0,2,1.004803535369001,11.087039947509766,22,maximum
4.10441255569458,0.05978125333786011,False,False,family-00338-maximum,family-00338,0.9563310742378235,0.17943382953935888,0.0,3,0.24823959828429398,16.534076690673828,22,maximum
8.065168380737305,0.279777467250824,False,False,family-00338-minimum,family-00338,0.9860592484474182,0.07341110501473799,1.0,0,0.7497816114200228,10.75669002532959,22,minimum
5.166345596313477,0.19461047649383545,False,False,family-00338-minimum,family-00338,0.9760299921035767,0.11311135050264218,1.0,1,0.5084361183803682,10.161248207092285,22,minimum
7.813289642333984,0.05435416102409363,False,False,family-00338-minimum,family-00338,0.9911903142929077,0.05045734872392384,1.0,2,0.6758756973079156,11.560246467590332,22,minimum
7.19141149520874,0.3388608694076538,False,False,family-00338-minimum,family-00338,0.9805821776390076,0.09576465293368049,1.0,3,0.5002680549487103,14.375116348266602,22,minimum
6.2414350509643555,0.05001898854970932,False,False,family-00338-sum_mod_10,family-00338,0.9849590063095093,0.07805399443924273,0.5,0,0.6008546679761073,10.387595176696777,22,sum_mod_10
5.189607620239258,-0.2547982335090637,False,False,family-00338-sum_mod_10,family-00338,0.9693701267242432,0.13692489875700437,0.5,1,0.5586557434270638,9.28945541381836,22,sum_mod_10
8.262510299682617,0.06385170668363571,False,False,family-00338-sum_mod_10,family-00338,0.9930832386016846,0.0412954258439202,0.5,2,0.770182776253657,10.727986335754395,22,sum_mod_10
5.372802257537842,-0.14301161468029022,False,True,family-00338-sum_mod_10,family-00338,0.988620400428772,0.06224893059992167,0.5,3,0.4122403398906169,13.03317928314209,22,sum_mod_10
5.324430465698242,0.02923336625099182,True,False,family-00339-maximum,family-00339,0.9849991202354431,0.07788619084013847,1.0,0,0.5089897605271037,10.46078109741211,22,maximum
8.088067054748535,0.1589812934398651,True,False,family-00339-maximum,family-00339,0.978260338306427,0.10473446142136064,1.0,1,0.8241882366569395,9.813373565673828,22,maximum
5.810629367828369,0.14291390776634216,True,False,family-00339-maximum,family-00339,0.9832836389541626,0.08496863113849905,1.0,2,0.4824099585585262,12.045002937316895,22,maximum
7.649770736694336,-0.3073849678039551,True,False,family-00339-maximum,family-00339,0.9756779670715332,0.11441356228785488,1.0,3,0.5381855085956468,14.214003562927246,22,maximum
5.345584869384766,0.4657907783985138,True,False,family-00339-minimum,family-00339,0.9843690395355225,0.08050953092059977,0.5,0,0.4450509109794483,12.011176109313965,22,minimum
6.884236812591553,0.49751541018486023,True,False,family-00339-minimum,family-00339,0.9788073301315308,0.10264516904172281,0.5,1,0.6754782431799922,10.191648483276367,22,minimum
4.939752578735352,0.1400012969970703,True,False,family-00339-minimum,family-00339,0.9920945763587952,0.046137973775891114,0.5,2,0.4583133694678193,10.778111457824707,22,minimum
6.905875205993652,0.060519903898239136,True,False,family-00339-minimum,family-00339,0.9852943420410156,0.07664785726683271,0.5,3,0.6056248833822497,11.402892112731934,22,minimum
5.368129730224609,-0.010607533156871796,True,False,family-00339-sum_mod_10,family-00339,0.982772707939148,0.08704256186225215,0.0,0,0.5348400993155075,10.036887168884277,22,sum_mod_10
6.526278495788574,-0.0028516575694084167,True,False,family-00339-sum_mod_10,family-00339,0.9788731336593628,0.10239286073403626,0.0,1,0.6600068013511657,9.888198852539062,22,sum_mod_10
6.764013290405273,-0.008854169398546219,True,False,family-00339-sum_mod_10,family-00339,0.9958484172821045,0.0269113353975579,0.0,2,0.5600240098882081,12.07807731628418,22,sum_mod_10
7.989445209503174,0.012523652985692024,True,True,family-00339-sum_mod_10,family-00339,0.9957143664360046,0.02764379787661396,0.0,3,0.5033438936404496,15.872736930847168,22,sum_mod_10
5.411455154418945,0.04982294142246246,False,False,family-00340-maximum,family-00340,0.9811977744102478,0.09334025401164116,0.5,0,0.46554272728398965,11.623970985412598,22,maximum
6.228191375732422,0.19047537446022034,False,False,family-00340-maximum,family-00340,0.9825835824012756,0.08780631085459864,0.5,1,0.5871210684154021,10.60801887512207,22,maximum
7.134907245635986,0.2246863842010498,False,False,family-00340-maximum,family-00340,0.986466109752655,0.07167224367741351,0.5,2,0.6728937545431504,10.60331916809082,22,maximum
5.4981489181518555,0.03721277415752411,False,False,family-00340-maximum,family-00340,0.9863514304161072,0.07216360439161078,0.5,3,0.4148748771525779,13.252547264099121,22,maximum
7.704483985900879,0.49808135628700256,False,False,family-00340-minimum,family-00340,0.9854902029037476,0.07582298990432208,0.0,0,0.7438980236290845,10.356908798217773,22,minimum
5.072147369384766,0.02214139699935913,False,False,family-00340-minimum,family-00340,0.9709712266921997,0.13134970847111077,0.0,1,0.4636605556134323,10.93935489654541,22,minimum
8.12086296081543,0.5061770081520081,False,False,family-00340-minimum,family-00340,0.9847212433815002,0.07904637824527228,0.0,2,0.676853048267898,11.997970581054688,22,minimum
6.507530212402344,0.06006121635437012,False,False,family-00340-minimum,family-00340,0.9840017557144165,0.08202674477603425,0.0,3,0.42290191715320924,15.387800216674805,22,minimum
6.507676601409912,-0.07030463218688965,True,False,family-00340-sum_mod_10,family-00340,0.9785834550857544,0.10350200638340856,1.0,0,0.6867865969499471,9.475543975830078,22,sum_mod_10
9.848834991455078,-0.03138691559433937,True,False,family-00340-sum_mod_10,family-00340,0.9757313132286072,0.11421656161196607,1.0,1,1.0719995100499449,9.187350273132324,22,sum_mod_10
7.843271255493164,0.0030368268489837646,True,False,family-00340-sum_mod_10,family-00340,0.9978588223457336,0.015299416521442679,1.0,2,0.5315335111862082,14.755929946899414,22,sum_mod_10
6.188483238220215,-0.010762963443994522,True,True,family-00340-sum_mod_10,family-00340,0.9978491067886353,0.015359089333589907,1.0,3,0.35788018684282047,17.29205322265625,22,sum_mod_10
7.885660171508789,0.8908847570419312,False,False,family-00341-maximum,family-00341,0.9762558341026306,0.11227313082786758,0.0,0,0.8443163262055281,9.339698791503906,22,maximum
4.812331199645996,0.025210678577423096,False,False,family-00341-maximum,family-00341,0.9832900762557983,0.08494240102997332,0.0,1,0.44027590103698466,10.930262565612793,22,maximum
14.72760009765625,0.81772381067276,False,False,family-00341-maximum,family-00341,0.9927876591682434,0.04275725801009954,0.0,2,1.2482163843369658,11.79891586303711,22,maximum
4.803053855895996,0.008784055709838867,False,False,family-00341-maximum,family-00341,0.9558532238006592,0.18090597495811914,0.0,3,0.2513780613255882,19.10689353942871,22,maximum
6.19113302230835,0.42772579193115234,False,False,family-00341-minimum,family-00341,0.9860592484474182,0.07341110501473799,1.0,0,0.5755611631207761,10.75669002532959,22,minimum
5.904137134552002,0.4215165376663208,False,False,family-00341-minimum,family-00341,0.9807085394859314,0.09526864725249924,1.0,1,0.5887002343033848,10.029106140136719,22,minimum
7.844826698303223,-0.04824686050415039,False,False,family-00341-minimum,family-00341,0.9939385652542114,0.03699155358387924,1.0,2,0.6806056324172236,11.526244163513184,22,minimum
9.516358375549316,0.06460440158843994,False,False,family-00341-minimum,family-00341,0.978358268737793,0.10436144996139912,1.0,3,0.7223749255898356,13.173710823059082,22,minimum
5.563600540161133,0.10314685106277466,True,False,family-00341-sum_mod_10,family-00341,0.982772707939148,0.08704256186225215,0.5,0,0.5543153416538402,10.036887168884277,22,sum_mod_10
8.471969604492188,-0.0862157940864563,True,False,family-00341-sum_mod_10,family-00341,0.9812524914741516,0.09312377781296205,0.5,1,0.8613972791358396,9.835147857666016,22,sum_mod_10
7.422927379608154,0.2786175608634949,True,False,family-00341-sum_mod_10,family-00341,0.9979314804077148,0.014851737191992566,0.5,2,0.5442265410567996,13.63940715789795,22,sum_mod_10
8.592177391052246,0.29235512018203735,True,True,family-00341-sum_mod_10,family-00341,0.9950762391090393,0.031074921965604893,0.5,3,0.5773152375821858,14.882990837097168,22,sum_mod_10
5.266596794128418,0.6874331831932068,True,False,family-00342-maximum,family-00342,0.9841822981834412,0.08128202436052231,1.0,0,0.48240881413828984,10.917289733886719,22,maximum
8.364755630493164,0.7541077733039856,True,False,family-00342-maximum,family-00342,0.9760417938232422,0.11306760220997385,1.0,1,0.9616302061548802,8.698515892028809,22,maximum
11.45020866394043,0.6877672076225281,True,False,family-00342-maximum,family-00342,0.9715434312820435,0.129335419492389,1.0,2,1.0787118974513323,10.614705085754395,22,maximum
4.625675201416016,0.06630545854568481,True,False,family-00342-maximum,family-00342,0.9447728395462036,0.21362771219687976,1.0,3,0.2887787287494506,16.0180606842041,22,maximum
5.610559940338135,0.04289746284484863,False,False,family-00342-minimum,family-00342,0.9849590063095093,0.07805399443924273,0.5,0,0.5401211584491373,10.387595176696777,22,minimum
6.58157205581665,0.3735768795013428,False,False,family-00342-minimum,family-00342,0.9711361527442932,0.13077033308515268,0.5,1,0.6758441541399146,9.738298416137695,22,minimum
7.464864730834961,-0.023587942123413086,False,False,family-00342-minimum,family-00342,0.9861461520195007,0.073040716117861,0.5,2,0.6990770816926224,10.678171157836914,22,minimum
8.840292930603027,-0.002543926239013672,False,False,family-00342-minimum,family-00342,0.9612745046615601,0.1638723339837491,0.5,3,0.690951091329583,12.79438304901123,22,minimum
5.992416858673096,-0.027693595737218857,True,False,family-00342-sum_mod_10,family-00342,0.979945957660675,0.09824936191407257,0.0,0,0.6216050407399069,9.64023208618164,22,sum_mod_10
5.861923694610596,0.003806294873356819,True,False,family-00342-sum_mod_10,family-00342,0.971977710723877,0.12779876507148283,0.0,1,0.5992338620364781,9.782363891601562,22,sum_mod_10
6.212958812713623,0.0017897728830575943,True,False,family-00342-sum_mod_10,family-00342,0.9902383089065552,0.05490358530197105,0.0,2,0.5232569178684416,11.873629570007324,22,sum_mod_10
8.717556953430176,-0.006146065890789032,True,True,family-00342-sum_mod_10,family-00342,0.992993175983429,0.04174216697059815,0.0,3,0.5850627131256128,14.900209426879883,22,sum_mod_10
6.039337158203125,0.19895952939987183,True,False,family-00343-maximum,family-00343,0.9843690395355225,0.08050953092059977,0.5,0,0.5028098084016912,12.011176109313965,22,maximum
5.473127365112305,0.0804409384727478,True,False,family-00343-maximum,family-00343,0.9742119908332825,0.11978116006972886,0.5,1,0.5502009641524129,9.947505950927734,22,maximum
9.632613182067871,0.03219860792160034,True,False,family-00343-maximum,family-00343,0.9756665229797363,0.11445580825395903,0.5,2,0.9075968995591556,10.613316535949707,22,maximum
8.857813835144043,0.06322968006134033,True,False,family-00343-maximum,family-00343,0.9795694947242737,0.09970986739960945,0.5,3,0.5581583191426417,15.869715690612793,22,maximum
9.572039604187012,0.48846423625946045,True,False,family-00343-minimum,family-00343,0.9904969930648804,0.05370510698583101,0.0,0,0.8585768067838186,11.148728370666504,22,minimum
4.1192545890808105,0.042557477951049805,True,False,family-00343-minimum,family-00343,0.9641373157501221,0.15456488173241495,0.0,1,0.3806062487481946,10.822876930236816,22,minimum
10.057558059692383,0.7456406354904175,True,False,family-00343-minimum,family-00343,0.9817368984222412,0.0912001747158111,0.0,2,0.9795507750312179,10.267520904541016,22,minimum
6.137279033660889,0.16860294342041016,True,False,family-00343-minimum,family-00343,0.9878169894218445,0.06580770703801582,0.0,3,0.4088912156421868,15.009564399719238,22,minimum
5.73187780380249,0.02520585060119629,False,False,family-00343-sum_mod_10,family-00343,0.9762558341026306,0.11227313082786758,1.0,0,0.613711205442368,9.339698791503906,22,sum_mod_10
5.817753314971924,0.017233051359653473,False,False,family-00343-sum_mod_10,family-00343,0.977323055267334,0.10828198831576219,1.0,1,0.6392318621485884,9.101162910461426,22,sum_mod_10
10.812760353088379,-0.15717965364456177,False,False,family-00343-sum_mod_10,family-00343,0.9949295520782471,0.03185147180088378,1.0,2,0.9538971085175231,11.335352897644043,22,sum_mod_10
6.583677768707275,-0.009624414145946503,False,True,family-00343-sum_mod_10,family-00343,0.9982430934906006,0.012901529718871206,1.0,3,0.3426447161187815,19.214298248291016,22,sum_mod_10
8.035747528076172,0.8832259178161621,True,False,family-00344-maximum,family-00344,0.9817765355110168,0.09104219924456712,0.0,0,0.7572866927954386,10.611235618591309,22,maximum
5.143757343292236,0.09665101766586304,True,False,family-00344-maximum,family-00344,0.9857103228569031,0.07489275183471761,0.0,1,0.44968594805119877,11.438554763793945,22,maximum
9.987523078918457,0.007321178913116455,True,False,family-00344-maximum,family-00344,0.9806059002876282,0.09567159898642133,0.0,2,0.7874280264601421,12.683728218078613,22,maximum
8.8797025680542,0.12830424308776855,True,False,family-00344-maximum,family-00344,0.985098123550415,0.07747157591154001,0.0,3,0.48797959457054324,18.19687271118164,22,maximum
6.251556873321533,0.06786155700683594,False,False,family-00344-minimum,family-00344,0.9766762852668762,0.11070673596374134,1.0,0,0.6425808365958716,9.728825569152832,22,minimum
4.634411334991455,0.46187666058540344,False,False,family-00344-minimum,family-00344,0.9750975370407104,0.1165493207801508,1.0,1,0.5106697689511914,9.075162887573242,22,minimum
10.493725776672363,0.6446787118911743,False,False,family-00344-minimum,family-00344,0.9802215099334717,0.09717578017213617,1.0,2,1.0748431297027268,9.763030052185059,22,minimum
5.728816986083984,0.10863780975341797,False,False,family-00344-minimum,family-00344,0.989820122718811,0.056826467499913186,1.0,3,0.37622389727899513,15.227148056030273,22,minimum
5.249259948730469,-0.02764752507209778,True,False,family-00344-sum_mod_10,family-00344,0.9770811200141907,0.10919118806087284,0.5,0,0.5590178547579833,9.39014720916748,22,sum_mod_10
6.943260669708252,-0.2182154357433319,True,False,family-00344-sum_mod_10,family-00344,0.9800562262535095,0.09782021008315515,0.5,1,0.727276119101069,9.5469388961792,22,sum_mod_10
7.382535934448242,0.142037495970726,True,False,family-00344-sum_mod_10,family-00344,0.9966493248939514,0.022439190456901834,0.5,2,0.5804843459730644,12.717889785766602,22,sum_mod_10
7.7067389488220215,-0.05098047852516174,True,True,family-00344-sum_mod_10,family-00344,0.9956660270690918,0.027906887256947278,0.5,3,0.44917776655233466,17.15743637084961,22,sum_mod_10
6.091293811798096,-0.018453478813171387,False,False,family-00345-maximum,family-00345,0.9766762852668762,0.11070673596374134,1.0,0,0.6261078244749037,9.728825569152832,22,maximum
7.257662296295166,0.18296180665493011,False,False,family-00345-maximum,family-00345,0.9835203289985657,0.08400252314230916,1.0,1,0.7428427953855609,9.770118713378906,22,maximum
5.463133335113525,0.13515058159828186,False,False,family-00345-maximum,family-00345,0.9789015650749207,0.10228378235079766,1.0,2,0.5750925306474515,9.49957275390625,22,maximum
8.159585952758789,0.3048420548439026,False,False,family-00345-maximum,family-00345,0.9692907929420471,0.13719886495347933,1.0,3,0.7438361234174148,10.96960163116455,22,maximum
6.675053596496582,0.5289851427078247,False,False,family-00345-minimum,family-00345,0.9811977744102478,0.09334025401164116,0.5,0,0.5742489898566835,11.623970985412598,22,minimum
6.818272590637207,0.8087548017501831,False,False,family-00345-minimum,family-00345,0.9848774671554565,0.07839475256234826,0.5,1,0.6696116436656192,10.182428359985352,22,minimum
7.56717586517334,0.5135509967803955,False,False,family-00345-minimum,family-00345,0.9886772632598877,0.06199492321994068,0.5,2,0.6755394177941891,11.201679229736328,22,minimum
6.907407760620117,0.09893244504928589,False,False,family-00345-minimum,family-00345,0.9888895750045776,0.06104395829433666,0.5,3,0.5083166905012936,13.588788032531738,22,minimum
5.451988697052002,0.2740669846534729,False,False,family-00345-sum_mod_10,family-00345,0.9854902029037476,0.07582298990432208,0.0,0,0.5264108049295737,10.356908798217773,22,sum_mod_10
6.378183364868164,0.1305898278951645,False,False,family-00345-sum_mod_10,family-00345,0.9779008030891418,0.10610005880797765,0.0,1,0.7351210480295587,8.676371574401855,22,sum_mod_10
5.748406410217285,0.16597184538841248,False,False,family-00345-sum_mod_10,family-00345,0.9936337471008301,0.03853845774935657,0.0,2,0.5283682170919767,10.879546165466309,22,sum_mod_10
7.329367637634277,0.0502377450466156,False,True,family-00345-sum_mod_10,family-00345,0.9943148493766785,0.03506060633096335,0.0,3,0.5101000540671349,14.368490219116211,22,sum_mod_10
5.596536159515381,0.040303051471710205,False,False,family-00346-maximum,family-00346,0.9811977744102478,0.09334025401164116,0.5,0,0.481465083364257,11.623970985412598,22,maximum
6.682656288146973,0.3542744517326355,False,False,family-00346-maximum,family-00346,0.9836989641189575,0.08327109429840363,0.5,1,0.6013834455809093,11.112138748168945,22,maximum
14.840326309204102,0.38076502084732056,False,False,family-00346-maximum,family-00346,0.9851503968238831,0.07725239216192534,0.5,2,1.2794637128810682,11.598864555358887,22,maximum
5.356659412384033,0.026959121227264404,False,False,family-00346-maximum,family-00346,0.962957501411438,0.15842836397575305,0.5,3,0.262941091161165,20.372089385986328,22,maximum
7.185716152191162,0.42627131938934326,False,False,family-00346-minimum,family-00346,0.9854902029037476,0.07582298990432208,0.0,0,0.6938089629048088,10.356908798217773,22,minimum
4.658697128295898,0.03701561689376831,False,False,family-00346-minimum,family-00346,0.9759787917137146,0.11330107848598825,0.0,1,0.45492425205440057,10.240599632263184,22,minimum
8.657551765441895,0.46254128217697144,False,False,family-00346-minimum,family-00346,0.9885237812995911,0.06267987182098006,0.0,2,0.8001589546821383,10.81978988647461,22,minimum
7.243062973022461,0.02757936716079712,False,False,family-00346-minimum,family-00346,0.984718918800354,0.07905606202712215,0.0,3,0.4512692445494944,16.050424575805664,22,minimum
6.246090888977051,0.054339729249477386,True,False,family-00346-sum_mod_10,family-00346,0.9817765355110168,0.09104219924456712,1.0,0,0.5886299309039609,10.611235618591309,22,sum_mod_10
9.943739891052246,0.06094086170196533,True,False,family-00346-sum_mod_10,family-00346,0.9856261610984802,0.07524882705070002,1.0,1,0.9557624357994609,10.403986930847168,22,sum_mod_10
9.237991333007812,0.13994401693344116,True,False,family-00346-sum_mod_10,family-00346,0.9976000189781189,0.01687449095721479,1.0,2,0.6242848595291783,14.797718048095703,22,sum_mod_10
7.952188491821289,-0.0738484114408493,True,True,family-00346-sum_mod_10,family-00346,0.9987010955810547,0.009930883350765937,1.0,3,0.4063604811993668,19.56929588317871,22,sum_mod_10
9.09732723236084,0.3272845447063446,True,False,family-00347-maximum,family-00347,0.9785834550857544,0.10350200638340856,0.0,0,0.9600849571872621,9.475543975830078,22,maximum
4.479862689971924,0.1246786117553711,True,False,family-00347-maximum,family-00347,0.984975278377533,0.07798593862984976,0.0,1,0.3814496784357034,11.744308471679688,22,maximum
7.613739967346191,0.3701227903366089,True,False,family-00347-maximum,family-00347,0.9922558069229126,0.04535719572126305,0.0,2,0.607328440575787,12.536445617675781,22,maximum
4.613677978515625,0.12895947694778442,True,False,family-00347-maximum,family-00347,0.9830710291862488,0.08583354234839383,0.0,3,0.29834073975404024,15.464458465576172,22,maximum
7.284655570983887,0.4429618716239929,True,False,family-00347-minimum,family-00347,0.9799317717552185,0.09830452672735139,1.0,0,0.7403694250563163,9.839217185974121,22,minimum
6.059957981109619,0.09766829013824463,True,False,family-00347-minimum,family-00347,0.9637835025787354,0.15572766613100583,1.0,1,0.61838711827822,9.7996187210083,22,minimum
9.890876770019531,0.6529631614685059,True,False,family-00347-minimum,family-00347,0.9888535737991333,0.06120549794264285,1.0,2,0.7911753734332054,12.501497268676758,22,minimum
6.120265960693359,0.21573299169540405,True,False,family-00347-minimum,family-00347,0.9905403852462769,0.05350338076888202,1.0,3,0.3915464634570447,15.63100814819336,22,minimum
5.143749237060547,-0.0020409170538187027,True,False,family-00347-sum_mod_10,family-00347,0.9770811200141907,0.10919118806087284,0.5,0,0.5477815333969174,9.39014720916748,22,sum_mod_10
8.703378677368164,-0.013774922117590904,True,False,family-00347-sum_mod_10,family-00347,0.9819918274879456,0.09018260431690212,0.5,1,0.8936386263147557,9.739259719848633,22,sum_mod_10
10.106411933898926,-0.007573539856821299,True,False,family-00347-sum_mod_10,family-00347,0.9982155561447144,0.01307596867625207,0.5,2,0.7026448552529881,14.38338565826416,22,sum_mod_10
7.439634799957275,-0.0006789141334593296,True,True,family-00347-sum_mod_10,family-00347,0.9985333681106567,0.01103501616093352,0.5,3,0.35233038712330766,21.115507125854492,22,sum_mod_10
5.817571640014648,0.018280386924743652,True,False,family-00348-maximum,family-00348,0.9849991202354431,0.07788619084013847,1.0,0,0.5561316679739964,10.46078109741211,22,maximum
8.246685981750488,0.42734143137931824,True,False,family-00348-maximum,family-00348,0.9752241373062134,0.1160846747712893,1.0,1,0.8720245397411924,9.456942558288574,22,maximum
14.552631378173828,0.7812718152999878,True,False,family-00348-maximum,family-00348,0.9809669256210327,0.09425177598168925,1.0,2,1.2275373402614862,11.855143547058105,22,maximum
5.602051734924316,0.02461695671081543,True,False,family-00348-maximum,family-00348,0.9467543363571167,0.2079632160281136,1.0,3,0.2789238763039797,20.084518432617188,22,maximum
5.28598690032959,0.3913900852203369,False,False,family-00348-minimum,family-00348,0.9811977744102478,0.09334025401164116,0.5,0,0.45474880374040794,11.623970985412598,22,minimum
6.606748580932617,0.7367229461669922,False,False,family-00348-minimum,family-00348,0.9814735054969788,0.09224772257416289,0.5,1,0.6353734955494273,10.398212432861328,22,minimum
6.636378288269043,0.37826281785964966,False,False,family-00348-minimum,family-00348,0.9873055219650269,0.06804511776061879,0.5,2,0.6155512891664164,10.781194686889648,22,minimum
7.663133144378662,-0.052029550075531006,False,False,family-00348-minimum,family-00348,0.9893755912780762,0.05885146953665418,0.5,3,0.5917082628710751,12.9508638381958,22,minimum
5.330226421356201,-0.061075080186128616,False,False,family-00348-sum_mod_10,family-00348,0.9854902029037476,0.07582298990432208,0.0,0,0.5146541815906915,10.356908798217773,22,sum_mod_10
6.665852069854736,0.0055546835064888,False,False,family-00348-sum_mod_10,family-00348,0.9771450161933899,0.10895131946481104,0.0,1,0.8073559326458416,8.25639820098877,22,sum_mod_10
6.162338733673096,0.016210360452532768,False,False,family-00348-sum_mod_10,family-00348,0.9940558671951294,0.036392196150471304,0.0,2,0.5831724761471385,10.566923141479492,22,sum_mod_10
7.669196128845215,0.0006618723273277283,False,True,family-00348-sum_mod_10,family-00348,0.9946295022964478,0.03342675440809239,0.0,3,0.5313933862008542,14.432238578796387,22,sum_mod_10
5.810116291046143,0.03622215986251831,False,False,family-00349-maximum,family-00349,0.9764084219932556,0.11170555178125699,0.5,0,0.6092913313064121,9.535859107971191,22,maximum
7.045517921447754,0.35502564907073975,False,False,family-00349-maximum,family-00349,0.9579131007194519,0.17452063947228497,0.5,1,0.8559508991772387,8.231217384338379,22,maximum
14.872299194335938,0.7915482521057129,False,False,family-00349-maximum,family-00349,0.9773428440093994,0.10820750517129765,0.5,2,1.7274656625078662,8.6093168258667,22,maximum
4.799887657165527,0.034162044525146484,False,False,family-00349-maximum,family-00349,0.9233220815658569,0.2705797534465612,0.5,3,0.24746336440633881,19.3963565826416,22,maximum
5.510387897491455,0.18093222379684448,True,False,family-00349-minimum,family-00349,0.9843690395355225,0.08050953092059977,0.0,0,0.45877171788518456,12.011176109313965,22,minimum
4.5199127197265625,0.08763150125741959,True,False,family-00349-minimum,family-00349,0.9753785729408264,0.11551696941634826,0.0,1,0.41632561203388846,10.856677055358887,22,minimum
6.864718437194824,-0.08093863725662231,True,False,family-00349-minimum,family-00349,0.9915655851364136,0.04867674415913338,0.0,2,0.660573688200087,10.39205551147461,22,minimum
8.412859916687012,-0.007912829518318176,True,False,family-00349-minimum,family-00349,0.9768088459968567,0.11021127702752118,0.0,3,0.665732211453779,12.637002944946289,22,minimum
5.802480697631836,0.16607695817947388,False,False,family-00349-sum_mod_10,family-00349,0.9810644388198853,0.09386708872464626,1.0,0,0.5205536106713994,11.146749496459961,22,sum_mod_10
5.413879871368408,0.07622957229614258,False,False,family-00349-sum_mod_10,family-00349,0.978343665599823,0.10441710117242385,1.0,1,0.5169715417539387,10.472297668457031,22,sum_mod_10
9.799543380737305,-0.0007103085517883301,False,False,family-00349-sum_mod_10,family-00349,0.9941919445991516,0.03569398408925669,1.0,2,0.9506936813485469,10.307782173156738,22,sum_mod_10
9.692455291748047,0.38692328333854675,False,True,family-00349-sum_mod_10,family-00349,0.9945423603057861,0.03388105492129303,1.0,3,0.6055660753972747,16.005611419677734,22,sum_mod_10
8.730250358581543,0.5051785707473755,True,False,family-00350-maximum,family-00350,0.9751826524734497,0.11623700456416461,0.0,0,0.8865463180459497,9.84748363494873,22,maximum
3.63909649848938,0.3674619197845459,True,False,family-00350-maximum,family-00350,0.9725643992424011,0.1257118104883626,0.0,1,0.2943982146944769,12.361136436462402,22,maximum
10.063446998596191,0.5161256194114685,True,False,family-00350-maximum,family-00350,0.9801998138427734,0.09726045186174433,0.0,2,0.8014168862996629,12.557068824768066,22,maximum
4.8038763999938965,-0.1093335747718811,True,False,family-00350-maximum,family-00350,0.9545938372612,0.1847600699190325,0.0,3,0.28414491170248013,16.906431198120117,22,maximum
5.2916646003723145,0.13792258501052856,True,False,family-00350-minimum,family-00350,0.9785834550857544,0.10350200638340856,1.0,0,0.558454967215616,9.475543975830078,22,minimum
4.791518211364746,0.23863887786865234,True,False,family-00350-minimum,family-00350,0.9744567275047302,0.1188911494298088,1.0,1,0.5384263965592294,8.899114608764648,22,minimum
9.811135292053223,0.6420305967330933,True,False,family-00350-minimum,family-00350,0.9882668852806091,0.06382169649041666,1.0,2,0.9987105140430972,9.823802947998047,22,minimum
5.499104976654053,0.055185794830322266,True,False,family-00350-minimum,family-00350,0.9821303486824036,0.08962814777666038,1.0,3,0.3680429815733077,14.941474914550781,22,minimum
5.2447896003723145,-0.005118672735989094,False,False,family-00350-sum_mod_10,family-00350,0.9854902029037476,0.07582298990432208,0.5,0,0.5064049227965436,10.356908798217773,22,sum_mod_10
12.165404319763184,0.0033409884199500084,False,False,family-00350-sum_mod_10,family-00350,0.9847903847694397,0.07875818336212093,0.5,1,1.2228729034216779,9.948216438293457,22,sum_mod_10
7.654761791229248,-0.0013149389997124672,False,False,family-00350-sum_mod_10,family-00350,0.9989036321640015,0.0085683384570104,0.5,2,0.44432937238430725,17.22767448425293,22,sum_mod_10
7.747313976287842,-0.006782996468245983,False,True,family-00350-sum_mod_10,family-00350,0.9988327622413635,0.009049047334750388,0.5,3,0.3733897900763359,20.74859619140625,22,sum_mod_10
5.100133895874023,-0.011660754680633545,True,False,family-00351-maximum,family-00351,0.9799317717552185,0.09830452672735139,1.0,0,0.5183475269906942,9.839217185974121,22,maximum
7.084618091583252,0.4995293915271759,True,False,family-00351-maximum,family-00351,0.9700130820274353,0.13469669082038396,1.0,1,0.7171876783010764,9.878332138061523,22,maximum
14.433908462524414,0.7595458626747131,True,False,family-00351-maximum,family-00351,0.9772859215736389,0.10842170871001997,1.0,2,1.2578841900977125,11.474751472473145,22,maximum
4.853221893310547,0.032314419746398926,True,False,family-00351-maximum,family-00351,0.9299182295799255,0.25385041025959015,1.0,3,0.23475181904829825,20.67384147644043,22,maximum
6.7166948318481445,-0.00889652967453003,True,False,family-00351-minimum,family-00351,0.9849991202354431,0.07788619084013847,0.5,0,0.6420834896841294,10.46078109741211,22,minimum
6.410974979400635,0.27950620651245117,True,False,family-00351-minimum,family-00351,0.9740813970565796,0.1202551011414269,0.5,1,0.6283093777569289,10.203532218933105,22,minimum
9.556522369384766,0.6149657368659973,True,False,family-00351-minimum,family-00351,0.9881166219711304,0.06448692499023892,0.5,2,0.7983723966476891,11.970005989074707,22,minimum
5.546540260314941,-0.011772453784942627,True,False,family-00351-minimum,family-00351,0.9857021570205688,0.0749273221911745,0.5,3,0.3332989297012878,16.641338348388672,22,minimum
6.0776519775390625,-0.04982338845729828,True,False,family-00351-sum_mod_10,family-00351,0.9751826524734497,0.11623700456416461,0.0,0,0.6171781749369422,9.84748363494873,22,sum_mod_10
3.9023921489715576,0.0029083117842674255,True,False,family-00351-sum_mod_10,family-00351,0.9686546921730042,0.13938793443489533,0.0,1,0.3878323137457841,10.062060356140137,22,sum_mod_10
7.703838348388672,0.010478764772415161,True,False,family-00351-sum_mod_10,family-00351,0.990227460861206,0.054953691545414005,0.0,2,0.7142808510578096,10.785447120666504,22,sum_mod_10
6.794904708862305,-0.009526774287223816,True,True,family-00351-sum_mod_10,family-00351,0.9914222359657288,0.04935886292039966,0.0,3,0.4539757975539631,14.967548370361328,22,sum_mod_10
6.3822503089904785,-0.04147148132324219,False,False,family-00352-maximum,family-00352,0.9811977744102478,0.09334025401164116,0.5,0,0.5490593805679512,11.623970985412598,22,maximum
6.159836292266846,0.4315637946128845,False,False,family-00352-maximum,family-00352,0.9773085713386536,0.10833649339327053,0.5,1,0.5348329363454181,11.517309188842773,22,maximum
10.751056671142578,0.5944206118583679,False,False,family-00352-maximum,family-00352,0.9727081656455994,0.1251984503658316,0.5,2,0.9550684974214769,11.256843566894531,22,maximum
5.216141700744629,0.1498968005180359,False,False,family-00352-maximum,family-00352,0.9416826367378235,0.22231236541502222,0.5,3,0.3092439820769785,16.867399215698242,22,maximum
6.526693344116211,0.5804063677787781,False,False,family-00352-minimum,family-00352,0.9810644388198853,0.09386708872464626,0.0,0,0.5855243581269132,11.146749496459961,22,minimum
5.7473015785217285,0.35142281651496887,False,False,family-00352-minimum,family-00352,0.9676418304443359,0.14284618404802008,0.0,1,0.5034111603483433,11.416714668273926,22,minimum
9.2131929397583,0.5561283826828003,False,False,family-00352-minimum,family-00352,0.9836698770523071,0.08339032756057975,0.0,2,0.7883037813923669,11.687363624572754,22,minimum
9.146468162536621,-0.022826194763183594,False,False,family-00352-minimum,family-00352,0.983041524887085,0.0859533524934723,0.0,3,0.5799829248298228,15.77023696899414,22,minimum
6.090106010437012,0.030481720343232155,False,False,family-00352-sum_mod_10,family-00352,0.9810644388198853,0.09386708872464626,1.0,0,0.5463571252203288,11.146749496459961,22,sum_mod_10
4.691774368286133,0.01384405791759491,False,False,family-00352-sum_mod_10,family-00352,0.9745761752128601,0.11845589282451009,1.0,1,0.4485515907333098,10.459832191467285,22,sum_mod_10
8.891154289245605,0.03136223554611206,False,False,family-00352-sum_mod_10,family-00352,0.989732563495636,0.05722685636477248,1.0,2,0.88525167197992,10.043645858764648,22,sum_mod_10
7.302100658416748,-0.09129182249307632,False,True,family-00352-sum_mod_10,family-00352,0.9927093982696533,0.04314224511563006,1.0,3,0.501375723925646,14.564128875732422,22,sum_mod_10
8.26498794555664,0.9179431200027466,True,False,family-00353-maximum,family-00353,0.9817765355110168,0.09104219924456712,0.0,0,0.778890248283249,10.611235618591309,22,maximum
5.130993843078613,0.049771130084991455,True,False,family-00353-maximum,family-00353,0.9819033145904541,0.09053632475127249,0.0,1,0.4821615695262935,10.641648292541504,22,maximum
9.94914436340332,0.016913890838623047,True,False,family-00353-maximum,family-00353,0.9736565351486206,0.12179232125429808,0.0,2,0.8380774345871704,11.871390342712402,22,maximum
9.240516662597656,0.062444210052490234,True,False,family-00353-maximum,family-00353,0.9885489344596863,0.06256776305074485,0.0,3,0.5122047274479999,18.04067039489746,22,maximum
7.197521686553955,0.04539535939693451,False,False,family-00353-minimum,family-00353,0.9860592484474182,0.07341110501473799,1.0,0,0.669120488701023,10.75669002532959,22,minimum
4.491636753082275,-0.012640625238418579,False,False,family-00353-minimum,family-00353,0.9751093983650208,0.11650581563613158,1.0,1,0.48600370099058715,9.24198055267334,22,minimum
6.615880012512207,-0.03188689053058624,False,False,family-00353-minimum,family-00353,0.9848300218582153,0.07859282435284529,1.0,2,0.7212207596297445,9.173169136047363,22,minimum
5.955456733703613,-0.12593607604503632,False,False,family-00353-minimum,family-00353,0.9870168566703796,0.0692986126625043,1.0,3,0.5012142795226675,11.882057189941406,22,minimum
6.028881549835205,-0.0029856637120246887,False,False,family-00353-sum_mod_10,family-00353,0.9854902029037476,0.07582298990432208,0.5,0,0.5821120632898361,10.356908798217773,22,sum_mod_10
9.197713851928711,-0.034489378333091736,False,False,family-00353-sum_mod_10,family-00353,0.9782127737998962,0.10491546910406033,0.5,1,0.9711162331592752,9.471280097961426,22,sum_mod_10
7.78562593460083,0.053013041615486145,False,False,family-00353-sum_mod_10,family-00353,0.9967054724693298,0.022118942034382957,0.5,2,0.5279905495115851,14.745767593383789,22,sum_mod_10
7.1930036544799805,0.024507440626621246,False,True,family-00353-sum_mod_10,family-00353,0.997536301612854,0.017257859294586224,0.5,3,0.3877141011573319,18.552339553833008,22,sum_mod_10
5.136404991149902,-0.08149117231369019,True,False,family-00354-maximum,family-00354,0.9849991202354431,0.07788619084013847,1.0,0,0.4910154359716596,10.46078109741211,22,maximum
8.486451148986816,0.14573419094085693,True,False,family-00354-maximum,family-00354,0.9768922328948975,0.10989921300866222,1.0,1,0.8644388382561797,9.81729507446289,22,maximum
14.928153991699219,0.5615472197532654,True,False,family-00354-maximum,family-00354,0.9713243842124939,0.13010790108645628,1.0,2,1.1943465388733823,12.499013900756836,22,maximum
5.397783279418945,0.0945621132850647,True,False,family-00354-maximum,family-00354,0.8681122660636902,0.38995952110262566,1.0,3,0.2545841681180849,21.20235252380371,22,maximum
5.534698009490967,0.0683402419090271,False,False,family-00354-minimum,family-00354,0.9849590063095093,0.07805399443924273,0.5,0,0.5328180310595222,10.387595176696777,22,minimum
6.517119884490967,0.19886022806167603,False,False,family-00354-minimum,family-00354,0.9704263806343079,0.1332568888524757,0.5,1,0.6851400203265258,9.512099266052246,22,minimum
9.927172660827637,0.38149863481521606,False,False,family-00354-minimum,family-00354,0.9865386486053467,0.07136093205594116,0.5,2,0.968712220005191,10.247803688049316,22,minimum
5.406733512878418,0.037198007106781006,False,False,family-00354-minimum,family-00354,0.9826703667640686,0.0874561088851969,0.5,3,0.33974685152464085,15.914006233215332,22,minimum
5.338578701019287,0.0017416030168533325,True,False,family-00354-sum_mod_10,family-00354,0.982772707939148,0.08704256186225215,0.0,0,0.531895856871801,10.036887168884277,22,sum_mod_10
6.178651809692383,0.008634611964225769,True,False,family-00354-sum_mod_10,family-00354,0.9791961312294006,0.10115135336225411,0.0,1,0.6210760029836407,9.948302268981934,22,sum_mod_10
8.42418098449707,0.000672169029712677,True,False,family-00354-sum_mod_10,family-00354,0.9955381155014038,0.028600455654460528,0.0,2,0.703381999336065,11.976679801940918,22,sum_mod_10
6.834181785583496,0.008734280243515968,True,True,family-00354-sum_mod_10,family-00354,0.9954041242599487,0.02932304065902476,0.0,3,0.430662734737834,15.868988037109375,22,sum_mod_10
6.334653377532959,0.13954520225524902,False,False,family-00355-maximum,family-00355,0.9764084219932556,0.11170555178125699,0.5,0,0.6642981304366915,9.535859107971191,22,maximum
7.201101779937744,0.2880542278289795,False,False,family-00355-maximum,family-00355,0.9658064842224121,0.14902984748701695,0.5,1,0.8827246417676886,8.157812118530273,22,maximum
10.77863883972168,0.7100887298583984,False,False,family-00355-maximum,family-00355,0.9712745547294617,0.13028338654113933,0.5,2,1.2367711474465533,8.715144157409668,22,maximum
4.651711940765381,0.10177916288375854,False,False,family-00355-maximum,family-00355,0.9085488319396973,0.3058825015092961,0.5,3,0.32823996822629,14.171680450439453,22,maximum
7.348235130310059,0.23981046676635742,False,False,family-00355-minimum,family-00355,0.9762558341026306,0.11227313082786758,0.0,0,0.7867743162118426,9.339698791503906,22,minimum
4.504016399383545,-0.11677688360214233,False,False,family-00355-minimum,family-00355,0.9789761900901794,0.10199729386293152,0.0,1,0.40164859668874026,11.213823318481445,22,minimum
6.077819347381592,-0.04429811239242554,False,False,family-00355-minimum,family-00355,0.9924881458282471,0.044226098396652036,0.0,2,0.5116604662596862,11.878618240356445,22,minimum
8.102858543395996,0.3826882839202881,False,False,family-00355-minimum,family-00355,0.9909241795539856,0.05171030194866716,0.0,3,0.5347557169357902,15.152448654174805,22,minimum
7.708852767944336,0.32169419527053833,True,False,family-00355-sum_mod_10,family-00355,0.9904969930648804,0.05370510698583101,1.0,0,0.6914557886464568,11.148728370666504,22,sum_mod_10
5.291718482971191,0.02043735980987549,True,False,family-00355-sum_mod_10,family-00355,0.977745771408081,0.10668705343847966,1.0,1,0.4755001807730023,11.128741264343262,22,sum_mod_10
7.31441593170166,-0.1765994429588318,True,False,family-00355-sum_mod_10,family-00355,0.9961084723472595,0.025477851750843328,1.0,2,0.5581837887342332,13.10395622253418,22,sum_mod_10
10.431381225585938,0.3530402183532715,True,True,family-00355-sum_mod_10,family-00355,0.9980056881904602,0.01439186826268199,1.0,3,0.5870309482489908,17.769729614257812,22,sum_mod_10
8.95894718170166,0.8373000025749207,False,False,family-00356-maximum,family-00356,0.9810644388198853,0.09386708872464626,0.0,0,0.8037273273743961,11.146749496459961,22,maximum
4.791993141174316,0.039515793323516846,False,False,family-00356-maximum,family-00356,0.973574697971344,0.12208760981410821,0.0,1,0.42658579416734904,11.233363151550293,22,maximum
10.20816707611084,0.04877626895904541,False,False,family-00356-maximum,family-00356,0.9573653936386108,0.1762285302526372,0.0,2,0.8075715136523903,12.640573501586914,22,maximum
9.127313613891602,0.09992349147796631,False,False,family-00356-maximum,family-00356,0.9596713185310364,0.16898731215251717,0.0,3,0.49243114713257247,18.535207748413086,22,maximum
6.471578598022461,0.11373862624168396,False,False,family-00356-minimum,family-00356,0.9860592484474182,0.07341110501473799,1.0,0,0.6016328984830228,10.75669002532959,22,minimum
4.0707621574401855,-0.30949923396110535,False,False,family-00356-minimum,family-00356,0.9760292172431946,0.11311422265699192,1.0,1,0.4505362099512849,9.035371780395508,22,minimum
7.3867387771606445,0.25594156980514526,False,False,family-00356-minimum,family-00356,0.9774588942527771,0.10777034546840865,1.0,2,0.8958615330147789,8.245402336120605,22,minimum
7.6111016273498535,0.02354946732521057,False,False,family-00356-minimum,family-00356,0.9707989692687988,0.13195380826904676,1.0,3,0.5837688597252209,13.03786849975586,22,minimum
5.247900009155273,-0.019802100956439972,True,False,family-00356-sum_mod_10,family-00356,0.9770811200141907,0.10919118806087284,0.5,0,0.558873028532696,9.39014720916748,22,sum_mod_10
6.548232555389404,0.03550603985786438,True,False,family-00356-sum_mod_10,family-00356,0.9792439341545105,0.1009671798213907,0.5,1,0.6973848573774166,9.389697074890137,22,sum_mod_10
7.657662868499756,0.012704163789749146,True,False,family-00356-sum_mod_10,family-00356,0.9961419701576233,0.025291959419926086,0.5,2,0.623831690930504,12.275206565856934,22,sum_mod_10
8.22238540649414,-0.045341163873672485,True,True,family-00356-sum_mod_10,family-00356,0.9959104061126709,0.02657116303232323,0.5,3,0.49477353675958247,16.61848258972168,22,sum_mod_10
4.758069038391113,0.04824662208557129,True,False,family-00357-maximum,family-00357,0.9841822981834412,0.08128202436052231,1.0,0,0.4358287775053094,10.917289733886719,22,maximum
9.440250396728516,0.8783361315727234,True,False,family-00357-maximum,family-00357,0.9750651121139526,0.11666821985460014,1.0,1,1.0959083977071749,8.614087104797363,22,maximum
10.3519868850708,0.07670682668685913,True,False,family-00357-maximum,family-00357,0.9481140971183777,0.20403116877136038,1.0,2,0.9026440238790382,11.468515396118164,22,maximum
9.231160163879395,0.0937228798866272,True,False,family-00357-maximum,family-00357,0.9680535197257996,0.1414445480477999,1.0,3,0.6018916273678765,15.3369140625,22,maximum
4.88009786605835,0.04499936103820801,True,False,family-00357-minimum,family-00357,0.9843690395355225,0.08050953092059977,0.5,0,0.40629642107021635,12.011176109313965,22,minimum
6.163811683654785,0.18002820014953613,True,False,family-00357-minimum,family-00357,0.9771764278411865,0.10883333199296406,0.5,1,0.612028406295823,10.071120262145996,22,minimum
10.245976448059082,0.4068591594696045,True,False,family-00357-minimum,family-00357,0.9902888536453247,0.054669962519915835,0.5,2,1.0334042521060893,9.914780616760254,22,minimum
4.774569034576416,0.0264279842376709,True,False,family-00357-minimum,family-00357,0.9883896112442017,0.0632769345994127,0.5,3,0.2987723386323044,15.980626106262207,22,minimum
4.496028423309326,-0.040040597319602966,False,False,family-00357-sum_mod_10,family-00357,0.9728527665138245,0.12468132516468772,0.0,0,0.4601523147593697,9.770739555358887,22,sum_mod_10
3.7973155975341797,-0.07360072433948517,False,False,family-00357-sum_mod_10,family-00357,0.9663424491882324,0.14723485612757306,0.0,1,0.3975149016648853,9.552637100219727,22,sum_mod_10
5.427201271057129,-0.08835169672966003,False,False,family-00357-sum_mod_10,family-00357,0.9775938987731934,0.10726101589120086,0.0,2,0.5418247987472635,10.016524314880371,22,sum_mod_10
5.498722076416016,-0.001968085765838623,False,True,family-00357-sum_mod_10,family-00357,0.9806055426597595,0.0956730020293443,0.0,3,0.43036255880341606,12.776952743530273,22,sum_mod_10
5.622400760650635,0.0651199221611023,True,False,family-00358-maximum,family-00358,0.982772707939148,0.08704256186225215,0.5,0,0.5601737536794122,10.036887168884277,22,maximum
6.754339218139648,0.644008994102478,True,False,family-00358-maximum,family-00358,0.9800127148628235,0.09798962519347448,0.5,1,0.6741215854717032,10.0194673538208,22,maximum
10.705577850341797,0.59124755859375,True,False,family-00358-maximum,family-00358,0.9921613335609436,0.045815100084277284,0.5,2,0.9270366545587277,11.548171043395996,22,maximum
5.01452112197876,0.002822399139404297,True,False,family-00358-maximum,family-00358,0.9687447547912598,0.13907880998006925,0.5,3,0.29679192936472576,16.8957462310791,22,maximum
5.213876247406006,0.13331618905067444,False,False,family-00358-minimum,family-00358,0.9810644388198853,0.09386708872464626,0.0,0,0.4677485798942422,11.146749496459961,22,minimum
5.179155349731445,0.16206657886505127,False,False,family-00358-minimum,family-00358,0.9741693139076233,0.11993611445597255,0.0,1,0.4827852657602857,10.72765827178955,22,minimum
7.0461530685424805,0.1894393116235733,False,False,family-00358-minimum,family-00358,0.9900330901145935,0.05584942595116242,0.0,2,0.7088535177653101,9.940210342407227,22,minimum
6.377955436706543,0.17173141241073608,False,False,family-00358-minimum,family-00358,0.9864253997802734,0.07184678397583247,0.0,3,0.5268825667118566,12.105079650878906,22,minimum
5.409674644470215,-0.03641487658023834,False,False,family-00358-sum_mod_10,family-00358,0.9762558341026306,0.11227313082786758,1.0,0,0.5792129666313504,9.339698791503906,22,sum_mod_10
7.1760711669921875,-0.15014789998531342,False,False,family-00358-sum_mod_10,family-00358,0.9819703102111816,0.09026863359878382,1.0,1,0.7661665737551769,9.366202354431152,22,sum_mod_10
8.74101448059082,0.02299615740776062,False,False,family-00358-sum_mod_10,family-00358,0.9976508021354675,0.01656773162024596,1.0,2,0.7115679641328714,12.284159660339355,22,sum_mod_10
7.061984539031982,-0.021912097930908203,False,True,family-00358-sum_mod_10,family-00358,0.9977037310600281,0.016246839069514966,1.0,3,0.408173690516967,17.301420211791992,22,sum_mod_10
7.62455940246582,0.20409727096557617,True,False,family-00359-maximum,family-00359,0.9817765355110168,0.09104219924456712,0.0,0,0.7185364340706267,10.611235618591309,22,maximum
4.351683616638184,0.02020588517189026,True,False,family-00359-maximum,family-00359,0.9812625050544739,0.0930841436499126,0.0,1,0.4120895604879903,10.560043334960938,22,maximum
8.083187103271484,0.37678390741348267,True,False,family-00359-maximum,family-00359,0.985034167766571,0.07773949173085318,0.0,2,0.7756900123128072,10.42064094543457,22,maximum
5.688027858734131,0.06349527835845947,True,False,family-00359-maximum,family-00359,0.9817566871643066,0.09112131672365983,0.0,3,0.4381161034619691,12.98292350769043,22,maximum
6.552639007568359,0.32463890314102173,False,False,family-00359-minimum,family-00359,0.9764084219932556,0.11170555178125699,1.0,0,0.6871576995187454,9.535859107971191,22,minimum
6.934321403503418,0.4682462513446808,False,False,family-00359-minimum,family-00359,0.9436764717102051,0.21672938970449254,1.0,1,0.8037655533328109,8.627293586730957,22,minimum
10.464642524719238,0.5533301830291748,False,False,family-00359-minimum,family-00359,0.9754540324211121,0.1152392195771845,1.0,2,0.9759694612329354,10.722305297851562,22,minimum
8.455806732177734,0.055482447147369385,False,False,family-00359-minimum,family-00359,0.9716325402259827,0.12902067599608202,1.0,3,0.560130743728142,15.09613037109375,22,minimum
7.116807460784912,-0.0034354887902736664,False,False,family-00359-sum_mod_10,family-00359,0.9766762852668762,0.11070673596374134,0.5,0,0.7315176338807183,9.728825569152832,22,sum_mod_10
10.282774925231934,0.010368783958256245,False,False,family-00359-sum_mod_10,family-00359,0.9764121770858765,0.11169157129846288,0.5,1,1.0985685243677505,9.36015796661377,22,sum_mod_10
8.82165241241455,-0.007406372576951981,False,False,family-00359-sum_mod_10,family-00359,0.9970308542251587,0.020243620872134736,0.5,2,0.5886649309967146,14.98586368560791,22,sum_mod_10
8.179861068725586,0.00440735649317503,False,True,family-00359-sum_mod_10,family-00359,0.9976128339767456,0.016797183547839722,0.5,3,0.4267762236669671,19.166627883911133,22,sum_mod_10
7.1821160316467285,0.010315001010894775,False,False,family-00360-maximum,family-00360,0.9766762852668762,0.11070673596374134,1.0,0,0.738230527476929,9.728825569152832,22,maximum
10.063472747802734,0.34652483463287354,False,False,family-00360-maximum,family-00360,0.9775210618972778,0.10753590955721751,1.0,1,1.0427635886001843,9.650771141052246,22,maximum
10.903657913208008,0.06388622522354126,False,False,family-00360-maximum,family-00360,0.9558120369911194,0.18103260778223687,1.0,2,0.9350128700786516,11.661505699157715,22,maximum
9.242376327514648,0.02466452121734619,False,False,family-00360-maximum,family-00360,0.9661529064178467,0.1478706531439844,1.0,3,0.5287647148495432,17.479185104370117,22,maximum
7.4962334632873535,0.19763177633285522,False,False,family-00360-minimum,family-00360,0.9811977744102478,0.09334025401164116,0.5,0,0.6448943715271388,11.623970985412598,22,minimum
6.243555545806885,0.5372427105903625,False,False,family-00360-minimum,family-00360,0.9777242541313171,0.10676843658527577,0.5,1,0.5859145772019423,10.656085014343262,22,minimum
6.462285041809082,0.10972052812576294,False,False,family-00360-minimum,family-00360,0.9826474785804749,0.08754851269510751,0.5,2,0.5720559791492671,11.296595573425293,22,minimum
6.62960147857666,0.3017900586128235,False,False,family-00360-minimum,family-00360,0.9827191829681396,0.08725892606009714,0.5,3,0.5263793904254277,12.594720840454102,22,minimum
5.791049003601074,-0.09118261933326721,False,False,family-00360-sum_mod_10,family-00360,0.9728527665138245,0.12468132516468772,0.0,0,0.5926930065825876,9.770739555358887,22,sum_mod_10
3.5505619049072266,-0.02682584524154663,False,False,family-00360-sum_mod_10,family-00360,0.9517515897750854,0.1933251350120384,0.0,1,0.38787600083179524,9.153858184814453,22,sum_mod_10
5.5098724365234375,-0.007717818021774292,False,False,family-00360-sum_mod_10,family-00360,0.9695709943771362,0.13623028626790976,0.0,2,0.5550700610800727,9.926445007324219,22,sum_mod_10
4.975916862487793,0.10745714604854584,False,True,family-00360-sum_mod_10,family-00360,0.9718710780143738,0.12817671165272893,0.0,3,0.4175628878018424,11.916568756103516,22,sum_mod_10
6.265547275543213,0.01995450258255005,True,False,family-00361-maximum,family-00361,0.9841822981834412,0.08128202436052231,0.5,0,0.5739105060201223,10.917289733886719,22,maximum
5.83115816116333,0.7559775114059448,True,False,family-00361-maximum,family-00361,0.972399115562439,0.1263010474135069,0.5,1,0.640747167263864,9.100560188293457,22,maximum
13.36432933807373,0.7737534046173096,True,False,family-00361-maximum,family-00361,0.9766108989715576,0.11095083939910588,0.5,2,1.707639428485189,7.82620096206665,22,maximum
5.185604095458984,0.03449910879135132,True,False,family-00361-maximum,family-00361,0.9638149738311768,0.15562438368402545,0.5,3,0.33277606475029675,15.582863807678223,22,maximum
6.910131454467773,0.1621498167514801,True,False,family-00361-minimum,family-00361,0.9751826524734497,0.11623700456416461,0.0,0,0.7017154544886685,9.84748363494873,22,minimum
3.6877167224884033,-0.04281942546367645,True,False,family-00361-minimum,family-00361,0.9540355801582336,0.18645673792232623,0.0,1,0.38801835607146157,9.503974914550781,22,minimum
5.732266902923584,0.13846316933631897,True,False,family-00361-minimum,family-00361,0.9760621190071106,0.11299224396444309,0.0,2,0.5851033435881302,9.797016143798828,22,minimum
4.045313835144043,0.09753642231225967,True,False,family-00361-minimum,family-00361,0.9709603190422058,0.1313879923138821,0.0,3,0.3308347303936766,12.2275972366333,22,minimum
8.465298652648926,0.2116628885269165,True,False,family-00361-sum_mod_10,family-00361,0.9904969930648804,0.05370510698583101,1.0,0,0.7593062070578409,11.148728370666504,22,sum_mod_10
4.956653594970703,0.10515496134757996,True,False,family-00361-sum_mod_10,family-00361,0.9731013178825378,0.12379059728771166,1.0,1,0.47124743349062953,10.518155097961426,22,sum_mod_10
7.0668439865112305,0.060694620013237,True,False,family-00361-sum_mod_10,family-00361,0.9945959448814392,0.0336018675736282,1.0,2,0.5950408624078776,11.876233100891113,22,sum_mod_10
5.838820457458496,-0.06263011693954468,True,True,family-00361-sum_mod_10,family-00361,0.996964156627655,0.02063082212649389,1.0,3,0.36421604798877233,16.031200408935547,22,sum_mod_10
9.532203674316406,0.861566960811615,True,False,family-00362-maximum,family-00362,0.9785834550857544,0.10350200638340856,0.0,0,1.0059795721101452,9.475543975830078,22,maximum
5.542396545410156,0.04459589719772339,True,False,family-00362-maximum,family-00362,0.9781994223594666,0.10496625918769414,0.0,1,0.5039440159323207,10.998040199279785,22,maximum
10.674370765686035,0.020002663135528564,True,False,family-00362-maximum,family-00362,0.9722769260406494,0.12673599878709202,0.0,2,0.7850486345012132,13.597082138061523,22,maximum
7.48774528503418,0.04515773057937622,True,False,family-00362-maximum,family-00362,0.9738346934318542,0.12114857855147271,0.0,3,0.360236311151397,20.785648345947266,22,maximum
7.884275913238525,-0.010103346779942513,True,False,family-00362-minimum,family-00362,0.9849991202354431,0.07788619084013847,1.0,0,0.7536985852030701,10.46078109741211,22,minimum
3.4858715534210205,-0.009557362645864487,True,False,family-00362-minimum,family-00362,0.9674361348152161,0.1435444625964811,1.0,1,0.35945182337264076,9.69774341583252,22,minimum
6.01315975189209,-0.04007675498723984,True,False,family-00362-minimum,family-00362,0.9767197370529175,0.11054441577996281,1.0,2,0.570910458964471,10.53257942199707,22,minimum
5.592435836791992,0.006546316668391228,True,False,family-00362-minimum,family-00362,0.9793684482574463,0.10048692751971272,1.0,3,0.4291337637676989,13.031917572021484,22,minimum
5.334078788757324,0.006431063637137413,True,False,family-00362-sum_mod_10,family-00362,0.9770811200141907,0.10919118806087284,0.5,0,0.5680506034612249,9.39014720916748,22,sum_mod_10
5.9372477531433105,-0.01308802142739296,True,False,family-00362-sum_mod_10,family-00362,0.9814767241477966,0.0922349447181035,0.5,1,0.5984796180746617,9.920551300048828,22,sum_mod_10
7.893320560455322,-0.0020842328667640686,True,False,family-00362-sum_mod_10,family-00362,0.9961691498756409,0.025140914182670962,0.5,2,0.6352424859380084,12.425681114196777,22,sum_mod_10
6.377223968505859,0.000571664422750473,True,True,family-00362-sum_mod_10,family-00362,0.9964249730110168,0.023709553629881044,0.5,3,0.3709405142019042,17.192039489746094,22,sum_mod_10
5.744503974914551,0.14746320247650146,False,False,family-00363-maximum,family-00363,0.9766762852668762,0.11070673596374134,1.0,0,0.5904622232233907,9.728825569152832,22,maximum
8.207387924194336,0.8232308626174927,False,False,family-00363-maximum,family-00363,0.9783218502998352,0.1045002185203794,1.0,1,0.9490241649625687,8.648239135742188,22,maximum
9.652020454406738,0.7425373792648315,False,False,family-00363-maximum,family-00363,0.9729709029197693,0.12425825538301517,1.0,2,1.0087265223548614,9.568520545959473,22,maximum
4.446418285369873,0.10880953073501587,False,False,family-00363-maximum,family-00363,0.9414522647857666,0.22295272423634444,1.0,3,0.3157066229961542,14.084019660949707,22,maximum
6.9049859046936035,0.09096211194992065,False,False,family-00363-minimum,family-00363,0.9811977744102478,0.09334025401164116,0.5,0,0.5940298640936867,11.623970985412598,22,minimum
6.650102615356445,0.2261183261871338,False,False,family-00363-minimum,family-00363,0.9776338934898376,0.10710996886341834,0.5,1,0.6966118242646885,9.546353340148926,22,minimum
8.80932331085205,0.7051728963851929,False,False,family-00363-minimum,family-00363,0.9840431809425354,0.08185605355084848,0.5,2,0.8512293011949423,10.348942756652832,22,minimum
5.874389171600342,0.04628831148147583,False,False,family-00363-minimum,family-00363,0.9862303137779236,0.07268148613867571,0.5,3,0.4073449670433618,14.421165466308594,22,minimum
6.940915584564209,-0.07987195998430252,True,False,family-00363-sum_mod_10,family-00363,0.9751826524734497,0.11623700456416461,0.0,0,0.7048415455021313,9.84748363494873,22,sum_mod_10
2.7891926765441895,-0.042768530547618866,True,False,family-00363-sum_mod_10,family-00363,0.9588991403579712,0.1714270959414757,0.0,1,0.29336601403235163,9.507552146911621,22,sum_mod_10
6.4350433349609375,0.10202757269144058,True,False,family-00363-sum_mod_10,family-00363,0.9809677004814148,0.0942487211866303,0.0,2,0.6476652735536782,9.935754776000977,22,sum_mod_10
5.924368858337402,0.011170990765094757,True,True,family-00363-sum_mod_10,family-00363,0.9871456623077393,0.0687401014368252,0.0,3,0.4628308961170311,12.800288200378418,22,sum_mod_10
5.654461860656738,0.20827645063400269,True,False,family-00364-maximum,family-00364,0.9849991202354431,0.07788619084013847,0.5,0,0.5405391631850125,10.46078109741211,22,maximum
7.080414295196533,0.10614383220672607,True,False,family-00364-maximum,family-00364,0.9785103797912598,0.10378116868723326,0.5,1,0.7098340621757963,9.974745750427246,22,maximum
6.160332202911377,-0.06524491310119629,True,False,family-00364-maximum,family-00364,0.9869025945663452,0.0697929779202817,0.5,2,0.5261547838710117,11.708212852478027,22,maximum
6.7273664474487305,0.2925700545310974,True,False,family-00364-maximum,family-00364,0.9800252914428711,0.09794066720447281,0.5,3,0.4839220201564802,13.90175724029541,22,maximum
5.022975921630859,0.23725152015686035,False,False,family-00364-minimum,family-00364,0.9810644388198853,0.09386708872464626,0.0,0,0.45062248175811975,11.146749496459961,22,minimum
5.581513404846191,0.1563962697982788,False,False,family-00364-minimum,family-00364,0.975850522518158,0.11377590191104638,0.0,1,0.519308816395726,10.747965812683105,22,minimum
10.034257888793945,0.3716278076171875,False,False,family-00364-minimum,family-00364,0.9904358983039856,0.05398879196037411,0.0,2,0.9823686481042989,10.214350700378418,22,minimum
6.645987033843994,0.07950454950332642,False,False,family-00364-minimum,family-00364,0.9844526648521423,0.08016286471923394,0.0,3,0.40373787133359135,16.461143493652344,22,minimum
5.623011589050293,0.03391718119382858,False,False,family-00364-sum_mod_10,family-00364,0.9762558341026306,0.11227313082786758,1.0,0,0.6020549178915071,9.339698791503906,22,sum_mod_10
7.872827529907227,-0.06655775755643845,False,False,family-00364-sum_mod_10,family-00364,0.9838107824325562,0.08281223825933136,1.0,1,0.8035539823932273,9.79750919342041,22,sum_mod_10
11.022781372070312,0.038700394332408905,False,False,family-00364-sum_mod_10,family-00364,0.998141884803772,0.013540574131890686,1.0,2,0.8418962212208074,13.092803001403809,22,sum_mod_10
6.943090915679932,-0.009064160287380219,False,True,family-00364-sum_mod_10,family-00364,0.9985412359237671,0.010983670733488419,1.0,3,0.3465093943685287,20.0372371673584,22,sum_mod_10
8.194944381713867,0.4175841510295868,False,False,family-00365-maximum,family-00365,0.9762558341026306,0.11227313082786758,0.0,0,0.8774313352769584,9.339698791503906,22,maximum
4.357717990875244,0.10470396280288696,False,False,family-00365-maximum,family-00365,0.981853187084198,0.09073645154200975,0.0,1,0.39470603616069605,11.040413856506348,22,maximum
11.275437355041504,0.6250633597373962,False,False,family-00365-maximum,family-00365,0.987643837928772,0.06656754679192228,0.0,2,0.9817876308649177,11.484599113464355,22,maximum
4.437089443206787,0.07027840614318848,False,False,family-00365-maximum,family-00365,0.9487926363945007,0.20205502292658362,0.0,3,0.25633579993069067,17.309675216674805,22,maximum
5.759328365325928,0.040317416191101074,False,False,family-00365-minimum,family-00365,0.9764084219932556,0.11170555178125699,1.0,0,0.6039653375867943,9.535859107971191,22,minimum
6.116636753082275,0.7654045820236206,False,False,family-00365-minimum,family-00365,0.9560898542404175,0.18017765176567166,1.0,1,0.7935874752481771,7.707577228546143,22,minimum
13.996712684631348,0.7645879983901978,False,False,family-00365-minimum,family-00365,0.983016312122345,0.08605569432832873,1.0,2,1.636653543285135,8.552031517028809,22,minimum
7.933377265930176,-0.014304280281066895,False,False,family-00365-minimum,family-00365,0.9776152968406677,0.10718021144636812,1.0,3,0.5140931528562046,15.43178939819336,22,minimum
5.84181547164917,-0.0046210624277591705,True,False,family-00365-sum_mod_10,family-00365,0.982772707939148,0.08704256186225215,0.5,0,0.5820345863565745,10.036887168884277,22,sum_mod_10
9.867166519165039,-0.0050415475852787495,True,False,family-00365-sum_mod_10,family-00365,0.9803510308265686,0.09666980277366613,0.5,1,1.0136057554024496,9.734718322753906,22,sum_mod_10
10.746100425720215,-0.009994120337069035,True,False,family-00365-sum_mod_10,family-00365,0.9984080195426941,0.011847486809996767,0.5,2,0.7375822473928264,14.569358825683594,22,sum_mod_10
7.493247985839844,-0.00039791432209312916,True,True,family-00365-sum_mod_10,family-00365,0.99770587682724,0.016233804307865633,0.5,3,0.380860070845468,19.674543380737305,22,sum_mod_10
6.787004470825195,-0.05128037929534912,True,False,family-00366-maximum,family-00366,0.9785834550857544,0.10350200638340856,1.0,0,0.7162654184432339,9.475543975830078,22,maximum
7.37578010559082,0.14681755006313324,True,False,family-00366-maximum,family-00366,0.9658903479576111,0.14874955826321515,1.0,1,0.8206933069604471,8.987255096435547,22,maximum
4.787367820739746,0.162370502948761,True,False,family-00366-maximum,family-00366,0.9559270739555359,0.1806788148374226,1.0,2,0.5366120717429848,8.921468734741211,22,maximum
4.711824417114258,0.16332502663135529,True,False,family-00366-maximum,family-00366,0.9469067454338074,0.20752433331524814,1.0,3,0.46213447370077626,10.195786476135254,22,maximum
5.884076118469238,0.15013641119003296,True,False,family-00366-minimum,family-00366,0.9770811200141907,0.10919118806087284,0.5,0,0.626622350789633,9.39014720916748,22,minimum
5.924482345581055,0.0988360047340393,True,False,family-00366-minimum,family-00366,0.972186803817749,0.1270564468811769,0.5,1,0.6488059908968496,9.131361961364746,22,minimum
9.313310623168945,0.5973185896873474,True,False,family-00366-minimum,family-00366,0.9856054186820984,0.07533650805773004,0.5,2,0.8604259435799209,10.82406997680664,22,minimum
6.389838218688965,-0.09050589799880981,True,False,family-00366-minimum,family-00366,0.9862068295478821,0.07278177686318686,0.5,3,0.38080061535257853,16.780010223388672,22,minimum
5.418159484863281,0.06714212894439697,False,False,family-00366-sum_mod_10,family-00366,0.9868791699409485,0.06989420162054023,0.0,0,0.49506154207039144,10.944416046142578,22,sum_mod_10
3.7978017330169678,0.013593867421150208,False,False,family-00366-sum_mod_10,family-00366,0.9838922023773193,0.08247763091476173,0.0,1,0.3364733088457025,11.287081718444824,22,sum_mod_10
8.661847114562988,-0.09464201331138611,False,False,family-00366-sum_mod_10,family-00366,0.9954302310943604,0.029182563745043428,0.0,2,0.7249088078055713,11.948878288269043,22,sum_mod_10
7.333059787750244,-0.061593443155288696,False,True,family-00366-sum_mod_10,family-00366,0.9938809871673584,0.03728491194017524,0.0,3,0.444727632560205,16.48887825012207,22,sum_mod_10
5.598941326141357,0.015900909900665283,False,False,family-00367-maximum,family-00367,0.9849590063095093,0.07805399443924273,0.5,0,0.5390026498820301,10.387595176696777,22,maximum
6.067808151245117,0.21502012014389038,False,False,family-00367-maximum,family-00367,0.9725649356842041,0.12570989640774863,0.5,1,0.6844660277729846,8.86502456665039,22,maximum
7.7718706130981445,0.35775330662727356,False,False,family-00367-maximum,family-00367,0.9855388402938843,0.0756177392583589,0.5,2,0.8700899141643502,8.93226146697998,22,maximum
7.82829475402832,-0.026145756244659424,False,False,family-00367-maximum,family-00367,0.9785862565040588,0.10349129933699025,0.5,3,0.6038353128403835,12.964287757873535,22,maximum
7.1836066246032715,0.6387250423431396,False,False,family-00367-minimum,family-00367,0.9854902029037476,0.07582298990432208,0.0,0,0.6936052797760885,10.356908798217773,22,minimum
4.928988456726074,0.06037980318069458,False,False,family-00367-minimum,family-00367,0.9721625447273254,0.127142653716179,0.0,1,0.5276899925600518,9.340689659118652,22,minimum
8.079513549804688,0.5009890198707581,False,False,family-00367-minimum,family-00367,0.9862517714500427,0.07258981443939945,0.0,2,0.773650326012224,10.443366050720215,22,minimum
6.743381023406982,0.012425601482391357,False,False,family-00367-minimum,family-00367,0.9835890531539917,0.0837213634335181,0.0,3,0.47104444138450924,14.31580638885498,22,minimum
5.443049907684326,0.019294217228889465,False,False,family-00367-sum_mod_10,family-00367,0.9762558341026306,0.11227313082786758,1.0,0,0.5827864505261919,9.339698791503906,22,sum_mod_10
7.370790004730225,0.00671251118183136,False,False,family-00367-sum_mod_10,family-00367,0.9818253517150879,0.09084751928855808,1.0,1,0.7826763530648176,9.417417526245117,22,sum_mod_10
9.546647071838379,0.15089468657970428,False,False,family-00367-sum_mod_10,family-00367,0.9976792931556702,0.016395149193808172,1.0,2,0.7649018896323408,12.480877876281738,22,sum_mod_10
7.234152793884277,-0.04929998517036438,False,True,family-00367-sum_mod_10,family-00367,0.9981729984283447,0.013344721087606747,1.0,3,0.393192073831935,18.398521423339844,22,sum_mod_10
8.009392738342285,0.32355281710624695,True,False,family-00368-maximum,family-00368,0.982772707939148,0.08704256186225215,0.0,0,0.7979956936421979,10.036887168884277,22,maximum
4.358545303344727,0.06383085250854492,True,False,family-00368-maximum,family-00368,0.9841565489768982,0.08138836484693618,0.0,1,0.37361029351715963,11.666020393371582,22,maximum
9.816332817077637,0.39737626910209656,True,False,family-00368-maximum,family-00368,0.9919570684432983,0.04680125049505286,0.0,2,0.8050617543985339,12.193266868591309,22,maximum
5.240631103515625,0.05373114347457886,True,False,family-00368-maximum,family-00368,0.9762770533561707,0.11219426213754628,0.0,3,0.30218388234581184,17.3425235748291,22,maximum
5.624220848083496,0.065953329205513,False,False,family-00368-minimum,family-00368,0.9764084219932556,0.11170555178125699,1.0,0,0.5897969741795065,9.535859107971191,22,minimum
6.892534255981445,0.10575436800718307,False,False,family-00368-minimum,family-00368,0.9654828310012817,0.15010956825072377,1.0,1,0.8321833548268239,8.282470703125,22,minimum
7.99884033203125,0.015233993530273438,False,False,family-00368-minimum,family-00368,0.9885107278823853,0.06273802950224501,1.0,2,0.8386539088974652,9.537713050842285,22,minimum
7.03022575378418,-0.01614426076412201,False,False,family-00368-minimum,family-00368,0.9747697114944458,0.11774944066150184,1.0,3,0.6337016653425375,11.093904495239258,22,minimum
5.388020038604736,0.054469794034957886,False,False,family-00368-sum_mod_10,family-00368,0.9854902029037476,0.07582298990432208,0.5,0,0.5202343810859773,10.356908798217773,22,sum_mod_10
12.323761940002441,0.04320374131202698,False,False,family-00368-sum_mod_10,family-00368,0.9847927093505859,0.07874848851372765,0.5,1,1.2678974826510854,9.719841003417969,22,sum_mod_10
7.709082126617432,0.07803907990455627,False,False,family-00368-sum_mod_10,family-00368,0.9990137815475464,0.0078119738429838275,0.5,2,0.4474989069336336,17.227041244506836,22,sum_mod_10
7.617151260375977,-0.041966840624809265,False,True,family-00368-sum_mod_10,family-00368,0.9984360337257385,0.011666793988931848,0.5,3,0.3833613508944181,19.86937713623047,22,sum_mod_10
5.18505859375,0.02009737491607666,False,False,family-00369-maximum,family-00369,0.9766762852668762,0.11070673596374134,1.0,0,0.5329583264592855,9.728825569152832,22,maximum
7.522371292114258,0.18719899654388428,False,False,family-00369-maximum,family-00369,0.9805159568786621,0.09602425275999416,1.0,1,0.8676924308975402,8.669398307800293,22,maximum
14.30429744720459,0.6825274229049683,False,False,family-00369-maximum,family-00369,0.9813676476478577,0.0926676551296103,1.0,2,1.5195700910851961,9.413384437561035,22,maximum
5.4869279861450195,0.023662090301513672,False,False,family-00369-maximum,family-00369,0.9442724585533142,0.21504614629960914,1.0,3,0.29416025433696946,18.65285301208496,22,maximum
5.378809452056885,0.3192615211009979,True,False,family-00369-minimum,family-00369,0.9799317717552185,0.09830452672735139,0.5,0,0.5466704668054709,9.839217185974121,22,minimum
6.074901580810547,0.3413178026676178,True,False,family-00369-minimum,family-00369,0.964614748954773,0.15299008257851537,0.5,1,0.6218142129247436,9.769640922546387,22,minimum
5.519533157348633,0.26021280884742737,True,False,family-00369-minimum,family-00369,0.98450767993927,0.07993455233460074,0.5,2,0.48776769324602315,11.315905570983887,22,minimum
6.537009239196777,0.02135607600212097,True,False,family-00369-minimum,family-00369,0.9782947897911072,0.10460328918832476,0.5,3,0.5177491971906923,12.625822067260742,22,minimum
4.365816593170166,-0.03643692657351494,False,False,family-00369-sum_mod_10,family-00369,0.9728527665138245,0.12468132516468772,0.0,0,0.4468256029581382,9.770739555358887,22,sum_mod_10
4.554033279418945,-0.0028398223221302032,False,False,family-00369-sum_mod_10,family-00369,0.9645813703536987,0.15310039701598496,0.0,1,0.4851364020388682,9.38711929321289,22,sum_mod_10
4.474960803985596,0.004403373226523399,False,False,family-00369-sum_mod_10,family-00369,0.9865104556083679,0.07148197358667974,0.0,2,0.4230198330868299,10.578607559204102,22,sum_mod_10
6.913974285125732,-0.005161423236131668,False,True,family-00369-sum_mod_10,family-00369,0.9848194122314453,0.07863709615792175,0.0,3,0.5733570458360436,12.058758735656738,22,sum_mod_10
5.963514804840088,0.43731430172920227,True,False,family-00370-maximum,family-00370,0.982772707939148,0.08704256186225215,0.5,0,0.5941597932203322,10.036887168884277,22,maximum
7.640641689300537,0.5817363262176514,True,False,family-00370-maximum,family-00370,0.9800699949264526,0.09776658047924136,0.5,1,0.7658694007978554,9.976428985595703,22,maximum
15.181523323059082,-0.010399699211120605,True,False,family-00370-maximum,family-00370,0.9860265254974365,0.07355042987247257,0.5,2,1.2730401224435905,11.925408363342285,22,maximum
7.211154460906982,0.16925418376922607,True,False,family-00370-maximum,family-00370,0.9665738344192505,0.1464572060429802,0.5,3,0.33425540300721157,21.57378578186035,22,maximum
5.557504653930664,0.0859675407409668,False,False,family-00370-minimum,family-00370,0.9762558341026306,0.11227313082786758,0.0,0,0.5950411012169031,9.339698791503906,22,minimum
4.825281620025635,-0.01108098030090332,False,False,family-00370-minimum,family-00370,0.9789174795150757,0.10222270881518902,0.0,1,0.5116397957596691,9.431013107299805,22,minimum
10.666231155395508,0.6549545526504517,False,False,family-00370-minimum,family-00370,0.9901305437088013,0.05540080594551317,0.0,2,1.1679550593806567,9.13239860534668,22,minimum
6.397854804992676,-0.009768307209014893,False,False,family-00370-minimum,family-00370,0.9887650012969971,0.06160242851633942,0.0,3,0.4071873394970512,15.712312698364258,22,minimum
5.9959893226623535,0.0070037394762039185,False,False,family-00370-sum_mod_10,family-00370,0.9854902029037476,0.07582298990432208,1.0,0,0.5789361902746647,10.356908798217773,22,sum_mod_10
8.807184219360352,0.013978993520140648,False,False,family-00370-sum_mod_10,family-00370,0.9833210706710815,0.08481607259276185,1.0,1,1.0230430000333444,8.608811378479004,22,sum_mod_10
11.797219276428223,0.008017921820282936,False,False,family-00370-sum_mod_10,family-00370,0.9975883960723877,0.016944547651899487,1.0,2,0.9058127031304747,13.023905754089355,22,sum_mod_10
6.953760623931885,-0.005332447588443756,False,True,family-00370-sum_mod_10,family-00370,0.9984109401702881,0.011828671827566504,1.0,3,0.34405902121105736,20.210952758789062,22,sum_mod_10
8.017114639282227,0.647280752658844,False,False,family-00371-maximum,family-00371,0.9854902029037476,0.07582298990432208,0.0,0,0.7740837343920436,10.356908798217773,22,maximum
4.72395133972168,0.15042906999588013,False,False,family-00371-maximum,family-00371,0.9849486947059631,0.07809711212792901,0.0,1,0.44024086135878415,10.730379104614258,22,maximum
9.132676124572754,0.14681708812713623,False,False,family-00371-maximum,family-00371,0.9881901741027832,0.06416154518199368,0.0,2,0.848947479607869,10.757645606994629,22,maximum
4.527495861053467,0.0867760181427002,False,False,family-00371-maximum,family-00371,0.9859490394592285,0.07388003344262015,0.0,3,0.3030094831529119,14.941762924194336,22,maximum
6.720885753631592,0.13872316479682922,True,False,family-00371-minimum,family-00371,0.9841822981834412,0.08128202436052231,1.0,0,0.6156185204804357,10.917289733886719,22,minimum
5.231691837310791,-0.004169970750808716,True,False,family-00371-minimum,family-00371,0.9770146608352661,0.10944048482584481,1.0,1,0.5158958985825298,10.140983581542969,22,minimum
8.545254707336426,0.3813217580318451,True,False,family-00371-minimum,family-00371,0.9920408129692078,0.04639758909579736,1.0,2,0.7644379731375356,11.17848014831543,22,minimum
5.454291343688965,-0.006996840238571167,True,False,family-00371-minimum,family-00371,0.9936059713363647,0.038678674400395185,1.0,3,0.34006993291406407,16.038734436035156,22,minimum
5.733305931091309,-0.0026320554316043854,False,False,family-00371-sum_mod_10,family-00371,0.9766762852668762,0.11070673596374134,0.5,0,0.5893112062025133,9.728825569152832,22,sum_mod_10
9.311240196228027,0.01562580093741417,False,False,family-00371-sum_mod_10,family-00371,0.9827289581298828,0.08721942449247794,0.5,1,1.0227987740925222,9.103687286376953,22,sum_mod_10
8.139701843261719,-0.018840085715055466,False,False,family-00371-sum_mod_10,family-00371,0.9975332021713257,0.017276465225338423,0.5,2,0.5913030995988467,13.765701293945312,22,sum_mod_10
5.807277679443359,0.009422918781638145,False,True,family-00371-sum_mod_10,family-00371,0.998218834400177,0.013055224586376764,0.5,3,0.3320472491437859,17.48931121826172,22,sum_mod_10
5.51499080657959,0.03137905150651932,True,False,family-00372-maximum,family-00372,0.9770811200141907,0.10919118806087284,1.0,0,0.5873167569934766,9.39014720916748,22,maximum
7.532801628112793,0.061779797077178955,True,False,family-00372-maximum,family-00372,0.9705228805541992,0.13291985942439594,1.0,1,0.8705277215057201,8.653143882751465,22,maximum
4.878407001495361,-0.020000942051410675,True,False,family-00372-maximum,family-00372,0.9694194793701172,0.13675436057858542,1.0,2,0.5825636245403328,8.374032974243164,22,maximum
5.303789138793945,0.0420786514878273,True,False,family-00372-maximum,family-00372,0.9618657231330872,0.16196876310546215,1.0,3,0.5073496201281495,10.453913688659668,22,maximum
6.474723815917969,0.49494364857673645,False,False,family-00372-minimum,family-00372,0.9811977744102478,0.09334025401164116,0.5,0,0.5570147950337597,11.623970985412598,22,minimum
7.0725579261779785,0.7027401328086853,False,False,family-00372-minimum,family-00372,0.9789710640907288,0.1020169814284663,0.5,1,0.6694223496054793,10.565165519714355,22,minimum
10.274885177612305,0.5819367170333862,False,False,family-00372-minimum,family-00372,0.9850254654884338,0.07777592478838533,0.5,2,0.8792492088469429,11.685976028442383,22,minimum
7.262863636016846,0.002736210823059082,False,False,family-00372-minimum,family-00372,0.990747332572937,0.052538521442272175,0.5,3,0.43556910731852394,16.674423217773438,22,minimum
6.989771366119385,-0.028337836265563965,True,False,family-00372-sum_mod_10,family-00372,0.9785834550857544,0.10350200638340856,0.0,0,0.737664389923014,9.475543975830078,22,sum_mod_10
5.778008460998535,-0.06543932855129242,True,False,family-00372-sum_mod_10,family-00372,0.9701972603797913,0.13405580162207525,0.0,1,0.6314051552219195,9.151031494140625,22,sum_mod_10
5.494950771331787,-0.00712231919169426,True,False,family-00372-sum_mod_10,family-00372,0.9892135262489319,0.05958501629885747,0.0,2,0.5044573930326793,10.892794609069824,22,sum_mod_10
6.23323917388916,-0.0042230673134326935,True,True,family-00372-sum_mod_10,family-00372,0.991439700126648,0.04927589078397586,0.0,3,0.4509188816868165,13.823415756225586,22,sum_mod_10
4.748899459838867,0.06335628032684326,True,False,family-00373-maximum,family-00373,0.9843690395355225,0.08050953092059977,0.5,0,0.3953733936309845,12.011176109313965,22,maximum
5.573256969451904,0.06833428144454956,True,False,family-00373-maximum,family-00373,0.9809443950653076,0.09434058596626153,0.5,1,0.5342720878797785,10.431495666503906,22,maximum
15.376286506652832,0.709004282951355,True,False,family-00373-maximum,family-00373,0.9927225708961487,0.04307750478538599,0.5,2,1.3666560175710925,11.251029014587402,22,maximum
5.618894577026367,0.002407073974609375,True,False,family-00373-maximum,family-00373,0.96693354845047,0.14524496800217646,0.5,3,0.28602391074177475,19.64484214782715,22,maximum
6.178591728210449,0.06402230262756348,True,False,family-00373-minimum,family-00373,0.982772707939148,0.08704256186225215,0.0,0,0.6155884413411489,10.036887168884277,22,minimum
5.817546367645264,0.0063745975494384766,True,False,family-00373-minimum,family-00373,0.9774815440177917,0.10768495291347814,0.0,1,0.5310262395827657,10.955289840698242,22,minimum
10.965887069702148,0.4839012026786804,True,False,family-00373-minimum,family-00373,0.9942073822021484,0.035614572713638736,0.0,2,0.8440578878641564,12.991866111755371,22,minimum
6.013531684875488,0.05028200149536133,True,False,family-00373-minimum,family-00373,0.988564670085907,0.06249760024253016,0.0,3,0.316526801731729,18.998491287231445,22,minimum
5.721492767333984,0.04667719826102257,False,False,family-00373-sum_mod_10,family-00373,0.9854902029037476,0.07582298990432208,1.0,0,0.552432475635833,10.356908798217773,22,sum_mod_10
11.899662017822266,0.0744176059961319,False,False,family-00373-sum_mod_10,family-00373,0.9826411604881287,0.08757401458417957,1.0,1,1.3506980542465852,8.810009002685547,22,sum_mod_10
11.443355560302734,0.007202401757240295,False,False,family-00373-sum_mod_10,family-00373,0.9987455606460571,0.009634645004930789,1.0,2,0.7289412928799966,15.698596954345703,22,sum_mod_10
7.0627288818359375,-0.019350051879882812,False,True,family-00373-sum_mod_10,family-00373,0.9989577531814575,0.008198162546005123,1.0,3,0.32240211211508496,21.906583786010742,22,sum_mod_10
8.558246612548828,0.8185071349143982,False,False,family-00374-maximum,family-00374,0.9810644388198853,0.09386708872464626,0.0,0,0.7677795769310863,11.146749496459961,22,maximum
4.341969013214111,0.04548335075378418,False,False,family-00374-maximum,family-00374,0.977875828742981,0.10619469383215405,0.0,1,0.37609663904975077,11.544822692871094,22,maximum
15.307472229003906,0.7408393025398254,False,False,family-00374-maximum,family-00374,0.9866185784339905,0.07101744200610442,0.0,2,1.3846399368955966,11.055200576782227,22,maximum
5.452800273895264,0.02844756841659546,False,False,family-00374-maximum,family-00374,0.9450964331626892,0.2127078661858709,0.0,3,0.2982742047760803,18.281166076660156,22,maximum
4.696671009063721,0.09445452690124512,True,False,family-00374-minimum,family-00374,0.9770811200141907,0.10919118806087284,1.0,0,0.5001701149560702,9.39014720916748,22,minimum
5.267429828643799,0.2249888777732849,True,False,family-00374-minimum,family-00374,0.9757528901100159,0.11413684677135244,1.0,1,0.5905642420456725,8.919317245483398,22,minimum
11.050202369689941,0.597514808177948,True,False,family-00374-minimum,family-00374,0.9926964044570923,0.04320608312859421,1.0,2,1.0755027244978324,10.274453163146973,22,minimum
6.558284282684326,-0.034390807151794434,True,False,family-00374-minimum,family-00374,0.9944537281990051,0.034341688860683055,1.0,3,0.40683074915298556,16.120424270629883,22,minimum
5.334969520568848,-0.0005924999713897705,True,False,family-00374-sum_mod_10,family-00374,0.982772707939148,0.08704256186225215,0.5,0,0.5315362652584142,10.036887168884277,22,sum_mod_10
8.372784614562988,-0.0032466817647218704,True,False,family-00374-sum_mod_10,family-00374,0.9823920130729675,0.08857779789542466,0.5,1,0.8465637490056167,9.890317916870117,22,sum_mod_10
8.461986541748047,-0.018399525433778763,True,False,family-00374-sum_mod_10,family-00374,0.9980939030647278,0.013841587911659358,0.5,2,0.6258332742627551,13.521151542663574,22,sum_mod_10
7.195123672485352,0.004435794427990913,True,True,family-00374-sum_mod_10,family-00374,0.9978089928627014,0.015605004998895167,0.5,3,0.3925258005235388,18.330320358276367,22,sum_mod_10
5.72607421875,0.22492074966430664,True,False,family-00375-maximum,family-00375,0.9799317717552185,0.09830452672735139,1.0,0,0.5819644094158793,9.839217185974121,22,maximum
7.065644264221191,0.729147732257843,True,False,family-00375-maximum,family-00375,0.958250880241394,0.17346365286649862,1.0,1,0.871157574217593,8.110638618469238,22,maximum
11.540104866027832,0.727019190788269,True,False,family-00375-maximum,family-00375,0.9600886106491089,0.16766243601134065,1.0,2,1.3194558693964427,8.746109008789062,22,maximum
4.253669738769531,0.1456276774406433,True,False,family-00375-maximum,family-00375,0.9188635945320129,0.28153613273810596,1.0,3,0.3154857578243056,13.482921600341797,22,maximum
6.380041122436523,0.060862429440021515,False,False,family-00375-minimum,family-00375,0.9764084219932556,0.11170555178125699,0.5,0,0.6690578216600679,9.535859107971191,22,minimum
7.335872173309326,0.12092413008213043,False,False,family-00375-minimum,family-00375,0.9605397582054138,0.1662249571630033,0.5,1,0.9121740333804428,8.042184829711914,22,minimum
7.516109466552734,-0.045369312167167664,False,False,family-00375-minimum,family-00375,0.9835418462753296,0.0839145244774818,0.5,2,0.7474805338770006,10.055257797241211,22,minimum
6.022268772125244,0.0205618217587471,False,False,family-00375-minimum,family-00375,0.9702996015548706,0.13369917632025102,0.5,3,0.4797622631068001,12.552610397338867,22,minimum
6.456155776977539,-0.03796664625406265,True,False,family-00375-sum_mod_10,family-00375,0.9751826524734497,0.11623700456416461,0.0,0,0.6556147759479015,9.84748363494873,22,sum_mod_10
3.050570249557495,-0.016488458961248398,True,False,family-00375-sum_mod_10,family-00375,0.9615535736083984,0.1629749825297687,0.0,1,0.3201633018083257,9.528169631958008,22,sum_mod_10
5.907744407653809,-0.026258688420057297,True,False,family-00375-sum_mod_10,family-00375,0.9833301901817322,0.08477889173176861,0.0,2,0.5832477801684123,10.129047393798828,22,sum_mod_10
5.670897006988525,-0.002578243613243103,True,True,family-00375-sum_mod_10,family-00375,0.9857438206672668,0.07475088810102383,0.0,3,0.4407456384362247,12.866598129272461,22,sum_mod_10
6.008718967437744,0.06667220592498779,False,False,family-00376-maximum,family-00376,0.9849590063095093,0.07805399443924273,0.5,0,0.5784513995036624,10.387595176696777,22,maximum
7.473821640014648,0.5162844657897949,False,False,family-00376-maximum,family-00376,0.9703778624534607,0.13342621769035917,0.5,1,0.8059318472897843,9.273515701293945,22,maximum
10.472704887390137,0.05435580015182495,False,False,family-00376-maximum,family-00376,0.9654360413551331,0.15026539975266556,0.5,2,1.0439332307978084,10.031968116760254,22,maximum
10.272220611572266,0.05493795871734619,False,False,family-00376-maximum,family-00376,0.9689652323722839,0.1383209264273091,0.5,3,0.6630737871230566,15.4918212890625,22,maximum
6.43726110458374,0.3710770606994629,False,False,family-00376-minimum,family-00376,0.9762558341026306,0.11227313082786758,0.0,0,0.6892364784225758,9.339698791503906,22,minimum
4.645086288452148,-0.14743709564208984,False,False,family-00376-minimum,family-00376,0.9719593524932861,0.1278638632781565,0.0,1,0.48822270622906383,9.514277458190918,22,minimum
7.63989782333374,0.4527285695075989,False,False,family-00376-minimum,family-00376,0.9835610389709473,0.08383600846053454,0.0,2,0.8499576825551864,8.98856258392334,22,minimum
5.570570468902588,-0.010666251182556152,False,False,family-00376-minimum,family-00376,0.9841318726539612,0.08149023457755598,0.0,3,0.41420996080966416,13.448663711547852,22,minimum
6.493968486785889,-0.022565418854355812,False,False,family-00376-sum_mod_10,family-00376,0.9854902029037476,0.07582298990432208,1.0,0,0.6270180237469483,10.356908798217773,22,sum_mod_10
8.576420783996582,0.01072193868458271,False,False,family-00376-sum_mod_10,family-00376,0.9760079979896545,0.11319286552812956,1.0,1,1.016765324129223,8.435005187988281,22,sum_mod_10
9.005465507507324,-0.015628693625330925,False,False,family-00376-sum_mod_10,family-00376,0.9956775307655334,0.027844327149365557,1.0,2,0.7142867948945167,12.607632637023926,22,sum_mod_10
6.048835277557373,-0.012384524568915367,False,True,family-00376-sum_mod_10,family-00376,0.9969493746757507,0.020716436050868627,1.0,3,0.3488500647246628,17.33935546875,22,sum_mod_10
8.18863582611084,-0.41163375973701477,False,False,family-00377-maximum,family-00377,0.9854902029037476,0.07582298990432208,0.0,0,0.7906447749660543,10.356908798217773,22,maximum
4.67545223236084,0.02520911395549774,False,False,family-00377-maximum,family-00377,0.9757174849510193,0.1142676392372424,0.0,1,0.4526864832756676,10.328234672546387,22,maximum
5.666039943695068,0.048144057393074036,False,False,family-00377-maximum,family-00377,0.985065758228302,0.07760719154763712,0.0,2,0.5340058237301047,10.610445976257324,22,maximum
9.668665885925293,0.1333698034286499,False,False,family-00377-maximum,family-00377,0.9830050468444824,0.08610140922086496,0.0,3,0.8095217829147134,11.943675994873047,22,maximum
7.1784563064575195,0.6676843166351318,False,False,family-00377-minimum,family-00377,0.9764084219932556,0.11170555178125699,1.0,0,0.752785483214294,9.535859107971191,22,minimum
7.434944152832031,0.49791041016578674,False,False,family-00377-minimum,family-00377,0.9440868496894836,0.21557108129664077,1.0,1,0.8781854920195,8.466257095336914,22,minimum
7.91510534286499,0.3587217330932617,False,False,family-00377-minimum,family-00377,0.9828839898109436,0.08659218449686579,1.0,2,0.668386262613898,11.84211254119873,22,minimum
6.7115478515625,0.1016852855682373,False,False,family-00377-minimum,family-00377,0.9798739552497864,0.09852925234076414,1.0,3,0.4339897888354053,15.464759826660156,22,minimum
6.151518821716309,-0.002354155294597149,False,False,family-00377-sum_mod_10,family-00377,0.9849590063095093,0.07805399443924273,0.5,0,0.5921985519339878,10.387595176696777,22,sum_mod_10
8.0460786819458,-0.014592435210943222,False,False,family-00377-sum_mod_10,family-00377,0.9726549386978149,0.12538860335381324,0.5,1,0.8648704973823519,9.303217887878418,22,sum_mod_10
6.278723239898682,-0.0004141880199313164,False,False,family-00377-sum_mod_10,family-00377,0.9966890215873718,0.022212871499199444,0.5,2,0.47438506539682057,13.235499382019043,22,sum_mod_10
9.124798774719238,0.0011550989001989365,False,True,family-00377-sum_mod_10,family-00377,0.9961477518081665,0.025259845324571182,0.5,3,0.547912074269224,16.653764724731445,22,sum_mod_10
5.95783805847168,0.11427098512649536,True,False,family-00378-maximum,family-00378,0.9841822981834412,0.08128202436052231,1.0,0,0.5457250108494281,10.917289733886719,22,maximum
9.483746528625488,0.8433016538619995,True,False,family-00378-maximum,family-00378,0.976244330406189,0.11231588017123381,1.0,1,1.009133256467703,9.397912979125977,22,maximum
10.625697135925293,0.1638389229774475,True,False,family-00378-maximum,family-00378,0.9603898525238037,0.16670319026480304,1.0,2,0.9409556375963337,11.292452812194824,22,maximum
9.560619354248047,0.013772010803222656,True,False,family-00378-maximum,family-00378,0.9795688986778259,0.09971217414058017,1.0,3,0.6331502246301564,15.100080490112305,22,maximum
6.412996768951416,0.09089270979166031,False,False,family-00378-minimum,family-00378,0.9811977744102478,0.09334025401164116,0.5,0,0.5517044714753118,11.623970985412598,22,minimum
6.252695083618164,-0.032145172357559204,False,False,family-00378-minimum,family-00378,0.9814214110374451,0.0924544553738874,0.5,1,0.6060454746753509,10.317204475402832,22,minimum
5.7445149421691895,0.04936400055885315,False,False,family-00378-minimum,family-00378,0.9877183437347412,0.06624089650215262,0.5,2,0.5263486702697034,10.913896560668945,22,minimum
8.908201217651367,-0.004547372460365295,False,False,family-00378-minimum,family-00378,0.9839627146720886,0.08218751226230789,0.5,3,0.7780369126091289,11.449586868286133,22,minimum
6.156775951385498,-0.08746551722288132,True,False,family-00378-sum_mod_10,family-00378,0.9751826524734497,0.11623700456416461,0.0,0,0.6252131183579827,9.84748363494873,22,sum_mod_10
3.683986186981201,-0.018227536231279373,True,False,family-00378-sum_mod_10,family-00378,0.9672715067863464,0.1441023602435452,0.0,1,0.3688523956206805,9.98769760131836,22,sum_mod_10
6.886416435241699,0.001005798578262329,True,False,family-00378-sum_mod_10,family-00378,0.9792838096618652,0.10081346277925568,0.0,2,0.6328539804976395,10.881525039672852,22,sum_mod_10
7.644870758056641,-0.007822159677743912,True,True,family-00378-sum_mod_10,family-00378,0.9883188009262085,0.06359141013302202,0.0,3,0.5249051779480092,14.564289093017578,22,sum_mod_10
7.526208877563477,0.14962124824523926,True,False,family-00379-maximum,family-00379,0.9849991202354431,0.07788619084013847,0.5,0,0.7194691110996849,10.46078109741211,22,maximum
8.376917839050293,0.08768337965011597,True,False,family-00379-maximum,family-00379,0.9770848751068115,0.10917709635295281,0.5,1,0.8029810867159989,10.432272911071777,22,maximum
11.520453453063965,0.041072070598602295,True,False,family-00379-maximum,family-00379,0.9655183553695679,0.14999121154841769,0.5,2,0.8690776090376634,13.25595474243164,22,maximum
7.407369613647461,0.02887028455734253,True,False,family-00379-maximum,family-00379,0.9742724895477295,0.11956137282138111,0.5,3,0.3721866858465662,19.90229606628418,22,maximum
5.3675217628479,0.15623906254768372,False,False,family-00379-minimum,family-00379,0.9810644388198853,0.09386708872464626,0.0,0,0.4815324650968916,11.146749496459961,22,minimum
4.586269378662109,-0.03869244456291199,False,False,family-00379-minimum,family-00379,0.97590172290802,0.11358645362134065,0.0,1,0.4488365468649727,10.218128204345703,22,minimum
7.497070789337158,0.19366306066513062,False,False,family-00379-minimum,family-00379,0.9865196943283081,0.07144231539991673,0.0,2,0.831233392511417,9.01921272277832,22,minimum
6.932337760925293,0.20016935467720032,False,False,family-00379-minimum,family-00379,0.9841938614845276,0.08123425575154265,0.0,3,0.5996330145968427,11.560967445373535,22,minimum
6.001410484313965,-0.00787259079515934,False,False,family-00379-sum_mod_10,family-00379,0.9810644388198853,0.09386708872464626,1.0,0,0.538400049827972,11.146749496459961,22,sum_mod_10
4.963841915130615,0.0020284056663513184,False,False,family-00379-sum_mod_10,family-00379,0.980527400970459,0.09597940585147327,1.0,1,0.4969501096018558,9.988612174987793,22,sum_mod_10
10.241185188293457,-0.09093452990055084,False,False,family-00379-sum_mod_10,family-00379,0.9930070638656616,0.04167335476491673,1.0,2,1.0191422383685618,10.048828125,22,sum_mod_10
7.022557735443115,-0.0029414650052785873,False,True,family-00379-sum_mod_10,family-00379,0.9944162368774414,0.0345361067254078,1.0,3,0.44223372522095666,15.879742622375488,22,sum_mod_10
9.041964530944824,0.864473819732666,True,False,family-00380-maximum,family-00380,0.9785834550857544,0.10350200638340856,0.0,0,0.9542422634530308,9.475543975830078,22,maximum
5.260635852813721,0.06496208906173706,True,False,family-00380-maximum,family-00380,0.9813761711120605,0.09263386572395829,0.0,1,0.46651788357182267,11.276386260986328,22,maximum
15.281766891479492,-0.012859523296356201,True,False,family-00380-maximum,family-00380,0.9779245853424072,0.10600991414138877,0.0,2,1.1301289597655575,13.522144317626953,22,maximum
7.3022074699401855,0.08846449851989746,True,False,family-00380-maximum,family-00380,0.9528096914291382,0.19015766216557342,0.0,3,0.3184990140444692,22.926939010620117,22,maximum
5.302015781402588,0.20355769991874695,True,False,family-00380-minimum,family-00380,0.9841822981834412,0.08128202436052231,1.0,0,0.485653116354089,10.917289733886719,22,minimum
4.165713787078857,0.21110501885414124,True,False,family-00380-minimum,family-00380,0.9693915247917175,0.1368509677674994,1.0,1,0.4782730732807482,8.709906578063965,22,minimum
6.0381059646606445,0.2571508288383484,True,False,family-00380-minimum,family-00380,0.9807513952255249,0.09510023507317325,1.0,2,0.7251221781519627,8.327018737792969,22,minimum
6.034844398498535,0.018026620149612427,True,False,family-00380-minimum,family-00380,0.9842462539672852,0.08101771184089553,1.0,3,0.6138788777218471,9.830676078796387,22,minimum
5.889220237731934,0.06036703288555145,False,False,family-00380-sum_mod_10,family-00380,0.9854902029037476,0.07582298990432208,0.5,0,0.568627218069677,10.356908798217773,22,sum_mod_10
9.44708251953125,0.13845647871494293,False,False,family-00380-sum_mod_10,family-00380,0.9846670627593994,0.07927199159511734,0.5,1,0.9525258466565529,9.917927742004395,22,sum_mod_10
8.857819557189941,0.050528109073638916,False,False,family-00380-sum_mod_10,family-00380,0.9978445768356323,0.015386897194346697,0.5,2,0.5955582004583853,14.873138427734375,22,sum_mod_10
6.987441062927246,0.056577861309051514,False,True,family-00380-sum_mod_10,family-00380,0.9974409341812134,0.017828582598245782,0.5,3,0.35438314414488314,19.717193603515625,22,sum_mod_10
5.960666656494141,0.13221877813339233,False,False,family-00381-maximum,family-00381,0.9860592484474182,0.07341110501473799,1.0,0,0.5541357650409289,10.75669002532959,22,maximum
10.323799133300781,0.8967082500457764,False,False,family-00381-maximum,family-00381,0.9833800196647644,0.08457564389247375,1.0,1,1.0628338510399196,9.713464736938477,22,maximum
10.222845077514648,0.039821505546569824,False,False,family-00381-maximum,family-00381,0.9677590727806091,0.14244757535925195,1.0,2,0.8178920032155852,12.499015808105469,22,maximum
9.315919876098633,0.0901077389717102,False,False,family-00381-maximum,family-00381,0.971138596534729,0.1307617409124621,1.0,3,0.5217842361330262,17.85396957397461,22,maximum
6.1442413330078125,0.142045795917511,False,False,family-00381-minimum,family-00381,0.9811977744102478,0.09334025401164116,0.5,0,0.52858367770519,11.623970985412598,22,minimum
5.7815399169921875,0.4150722026824951,False,False,family-00381-minimum,family-00381,0.9804004430770874,0.09647654308868403,0.5,1,0.5422719469147423,10.661698341369629,22,minimum
10.686037063598633,0.728331983089447,False,False,family-00381-minimum,family-00381,0.9820886254310608,0.08979526744165246,0.5,2,1.0520056943823883,10.157774925231934,22,minimum
4.783068656921387,-0.0019194483757019043,False,False,family-00381-minimum,family-00381,0.9845579266548157,0.07972585530398442,0.5,3,0.30605820487620916,15.627970695495605,22,minimum
5.672669887542725,-0.023153463378548622,False,False,family-00381-sum_mod_10,family-00381,0.9854902029037476,0.07582298990432208,0.0,0,0.5477184358830004,10.356908798217773,22,sum_mod_10
5.125270366668701,-0.011185234412550926,False,False,family-00381-sum_mod_10,family-00381,0.9771658182144165,0.10887318849383522,0.0,1,0.5968879775658145,8.586653709411621,22,sum_mod_10
7.845474720001221,-0.08662067353725433,False,False,family-00381-sum_mod_10,family-00381,0.9871507883071899,0.06871784773907275,0.0,2,0.8468518691611875,9.2642822265625,22,sum_mod_10
5.799501895904541,0.004493698477745056,False,True,family-00381-sum_mod_10,family-00381,0.988752543926239,0.061658198451162195,0.0,3,0.41342419183607315,14.027969360351562,22,sum_mod_10
5.801807403564453,-0.029787063598632812,False,False,family-00382-maximum,family-00382,0.9764084219932556,0.11170555178125699,0.5,0,0.6084200005340495,9.535859107971191,22,maximum
7.001464366912842,0.3908692002296448,False,False,family-00382-maximum,family-00382,0.9563748836517334,0.17929859022568448,0.5,1,0.861939445128135,8.122919082641602,22,maximum
14.903825759887695,0.6152268648147583,False,False,family-00382-maximum,family-00382,0.9654621481895447,0.1501784598261281,0.5,2,1.7294750230435554,8.61754322052002,22,maximum
4.9694037437438965,0.11014461517333984,False,False,family-00382-maximum,family-00382,0.8492224812507629,0.4240554052862076,0.5,3,0.2573529193874733,19.30968475341797,22,maximum
6.94625186920166,0.5057782530784607,True,False,family-00382-minimum,family-00382,0.9751826524734497,0.11623700456416461,0.0,0,0.705383438724326,9.84748363494873,22,minimum
3.5775516033172607,0.11981076002120972,True,False,family-00382-minimum,family-00382,0.9499132633209229,0.1987705550558943,0.0,1,0.3687485568630604,9.701872825622559,22,minimum
4.512580871582031,0.2541693150997162,True,False,family-00382-minimum,family-00382,0.9736621975898743,0.12177188013148178,0.0,2,0.4691048343499553,9.61955738067627,22,minimum
6.966678142547607,0.3035648465156555,True,False,family-00382-minimum,family-00382,0.9726786017417908,0.12530408041818528,0.0,3,0.6474789144329884,10.759698867797852,22,minimum
5.827860355377197,0.28960710763931274,False,False,family-00382-sum_mod_10,family-00382,0.9810644388198853,0.09386708872464626,1.0,0,0.5228304769231638,11.146749496459961,22,sum_mod_10
4.933531284332275,0.06857985258102417,False,False,family-00382-sum_mod_10,family-00382,0.9781330823898315,0.10521849855954425,1.0,1,0.4756127216628298,10.373001098632812,22,sum_mod_10
10.954710006713867,0.6057941913604736,False,False,family-00382-sum_mod_10,family-00382,0.9924002885818481,0.04465465402894624,1.0,2,1.099292508173747,9.96523666381836,22,sum_mod_10
6.357723236083984,0.005045056343078613,False,True,family-00382-sum_mod_10,family-00382,0.9898089170455933,0.056877750873364885,1.0,3,0.3832368499385527,16.589540481567383,22,sum_mod_10
8.283736228942871,0.3655412495136261,False,False,family-00383-maximum,family-00383,0.9762558341026306,0.11227313082786758,0.0,0,0.8869382636277716,9.339698791503906,22,maximum
4.801758766174316,0.15007007122039795,False,False,family-00383-maximum,family-00383,0.9815582633018494,0.09191104869586844,0.0,1,0.42935414422367923,11.18367862701416,22,maximum
6.693840503692627,0.09936392307281494,False,False,family-00383-maximum,family-00383,0.9918763637542725,0.047189427547146806,0.0,2,0.5939434610544387,11.270164489746094,22,maximum
6.147245407104492,0.15658220648765564,False,False,family-00383-maximum,family-00383,0.9918870329856873,0.04713815673756781,0.0,3,0.43707413802362616,14.064537048339844,22,maximum
6.659003257751465,0.10522961616516113,True,False,family-00383-minimum,family-00383,0.9770811200141907,0.10919118806087284,1.0,0,0.7091479089114135,9.39014720916748,22,minimum
5.542011260986328,0.0491328239440918,True,False,family-00383-minimum,family-00383,0.972796618938446,0.12488221531251477,1.0,1,0.6052413520731986,9.156696319580078,22,minimum
8.211380958557129,0.5743235945701599,True,False,family-00383-minimum,family-00383,0.9917736649513245,0.04768222511467839,1.0,2,0.7132668984949606,11.512353897094727,22,minimum
5.262817859649658,0.004054546356201172,True,False,family-00383-minimum,family-00383,0.991405725479126,0.04943727117383363,1.0,3,0.32699589660025186,16.094446182250977,22,minimum
5.8922038078308105,-0.03317001461982727,True,False,family-00383-sum_mod_10,family-00383,0.9843690395355225,0.08050953092059977,0.5,0,0.49056010453978366,12.011176109313965,22,sum_mod_10
9.224390029907227,0.014260493218898773,True,False,family-00383-sum_mod_10,family-00383,0.978550910949707,0.10362636293895898,0.5,1,0.8622083503888661,10.698562622070312,22,sum_mod_10
7.234692573547363,-0.015028811991214752,True,False,family-00383-sum_mod_10,family-00383,0.9976608753204346,0.016506753781766203,0.5,2,0.527179381051848,13.723398208618164,22,sum_mod_10
7.060483455657959,0.005118563771247864,True,True,family-00383-sum_mod_10,family-00383,0.9967908263206482,0.021630265408733675,0.5,3,0.4247045234600026,16.624460220336914,22,sum_mod_10
6.562626361846924,0.19698494672775269,False,False,family-00384-maximum,family-00384,0.9766762852668762,0.11070673596374134,1.0,0,0.6745548386287272,9.728825569152832,22,maximum
10.168683052062988,0.04004758596420288,False,False,family-00384-maximum,family-00384,0.9753804206848145,0.11551017110970467,1.0,1,1.0773503896548209,9.438603401184082,22,maximum
13.55121898651123,0.0028476715087890625,False,False,family-00384-maximum,family-00384,0.9387970566749573,0.23026471434413126,1.0,2,1.0829417212113932,12.513340950012207,22,maximum
9.45023250579834,0.0898360013961792,False,False,family-00384-maximum,family-00384,0.934106707572937,0.24288422425747225,1.0,3,0.4539371366810071,20.81837272644043,22,maximum
8.010133743286133,0.0536842942237854,False,False,family-00384-minimum,family-00384,0.9849590063095093,0.07805399443924273,0.5,0,0.7711249434571564,10.387595176696777,22,minimum
5.626104354858398,0.30565303564071655,False,False,family-00384-minimum,family-00384,0.9597607851028442,0.168703641872412,0.5,1,0.5698043942003834,9.873746871948242,22,minimum
4.596380233764648,0.05120134353637695,False,False,family-00384-minimum,family-00384,0.9738578796386719,0.12106470795919634,0.5,2,0.45035039682736205,10.206231117248535,22,minimum
7.982964515686035,0.16908687353134155,False,False,family-00384-minimum,family-00384,0.972017228603363,0.12765859284475004,0.5,3,0.6835761718225255,11.678236961364746,22,minimum
5.493685722351074,0.173116996884346,False,False,family-00384-sum_mod_10,family-00384,0.9728527665138245,0.12468132516468772,0.0,0,0.5622589458274929,9.770739555358887,22,sum_mod_10
3.4029881954193115,-0.053147584199905396,False,False,family-00384-sum_mod_10,family-00384,0.9524292349815369,0.19129941450305382,0.0,1,0.37377058856617384,9.104483604431152,22,sum_mod_10
4.718874931335449,0.08943045139312744,False,False,family-00384-sum_mod_10,family-00384,0.9662277698516846,0.14761966491462603,0.0,2,0.49594725584182203,9.514872550964355,22,sum_mod_10
5.558814525604248,-0.08257782459259033,False,True,family-00384-sum_mod_10,family-00384,0.9722371697425842,0.12687739756652155,0.0,3,0.48605154589744604,11.436676979064941,22,sum_mod_10
6.137370586395264,-0.013705670833587646,False,False,family-00385-maximum,family-00385,0.9811977744102478,0.09334025401164116,0.5,0,0.5279925934172843,11.623970985412598,22,maximum
6.329952716827393,0.4621393084526062,False,False,family-00385-maximum,family-00385,0.982463002204895,0.08829215945828382,0.5,1,0.625622883642456,10.117840766906738,22,maximum
14.360311508178711,0.7894721031188965,False,False,family-00385-maximum,family-00385,0.9842376112937927,0.08105344514123447,0.5,2,1.386365448451149,10.358243942260742,22,maximum
5.2322564125061035,0.014054179191589355,False,False,family-00385-maximum,family-00385,0.969962477684021,0.13487257527181115,0.5,3,0.277499683878832,18.854999542236328,22,maximum
6.730687618255615,0.25240200757980347,False,False,family-00385-minimum,family-00385,0.9762558341026306,0.11227313082786758,0.0,0,0.7206536065572431,9.339698791503906,22,minimum
4.954373836517334,-0.04577219486236572,False,False,family-00385-minimum,family-00385,0.9738304018974304,0.1211640998427563,0.0,1,0.49332140697478316,10.042892456054688,22,minimum
7.296634674072266,0.5181223154067993,False,False,family-00385-minimum,family-00385,0.9913011193275452,0.04993330450788673,0.0,2,0.6654604247197435,10.964791297912598,22,minimum
6.099947929382324,0.03864771127700806,False,False,family-00385-minimum,family-00385,0.9912781119346619,0.05004223280492613,0.0,3,0.4206092695478068,14.502647399902344,22,minimum
5.857078552246094,-0.005364584736526012,False,False,family-00385-sum_mod_10,family-00385,0.9762558341026306,0.11227313082786758,1.0,0,0.6271164288054057,9.339698791503906,22,sum_mod_10
6.6627349853515625,0.0027766942512243986,False,False,family-00385-sum_mod_10,family-00385,0.97847980260849,0.10389790425675083,1.0,1,0.719050148469622,9.266022682189941,22,sum_mod_10
9.745621681213379,-0.0006852522492408752,False,False,family-00385-sum_mod_10,family-00385,0.9967202544212341,0.02203447135761883,1.0,2,0.8013494223891572,12.161513328552246,22,sum_mod_10
6.6157546043396,-0.005153507925570011,False,True,family-00385-sum_mod_10,family-00385,0.9984900951385498,0.011316666428716657,1.0,3,0.3454135932930489,19.153139114379883,22,sum_mod_10
8.36256217956543,-0.024878323078155518,True,False,family-00386-maximum,family-00386,0.9817765355110168,0.09104219924456712,0.0,0,0.7880856179382056,10.611235618591309,22,maximum
4.937618255615234,0.00861668586730957,True,False,family-00386-maximum,family-00386,0.9837491512298584,0.08306524394662995,0.0,1,0.44038693387920386,11.211999893188477,22,maximum
16.478952407836914,0.6398886442184448,True,False,family-00386-maximum,family-00386,0.9895422458648682,0.05809454298201417,0.0,2,1.3830363909763845,11.915053367614746,22,maximum
5.227567195892334,0.0268404483795166,True,False,family-00386-maximum,family-00386,0.9649661183357239,0.1518268400766237,0.0,3,0.2477779322701027,21.09779167175293,22,maximum
7.021213531494141,0.557205319404602,True,False,family-00386-minimum,family-00386,0.9841822981834412,0.08128202436052231,1.0,0,0.6431278918705113,10.917289733886719,22,minimum
5.8968095779418945,0.0964697003364563,True,False,family-00386-minimum,family-00386,0.9627528190612793,0.1590946212773515,1.0,1,0.5932450355778947,9.939922332763672,22,minimum
9.130732536315918,0.35742512345314026,True,False,family-00386-minimum,family-00386,0.9860659241676331,0.07338267216784604,1.0,2,0.7863811680514743,11.611077308654785,22,minimum
6.491102695465088,0.05622988939285278,True,False,family-00386-minimum,family-00386,0.9911353588104248,0.05071673390250315,1.0,3,0.3913399489483681,16.586864471435547,22,minimum
6.224039554595947,-0.010853473097085953,True,False,family-00386-sum_mod_10,family-00386,0.9751826524734497,0.11623700456416461,0.5,0,0.6320436555494059,9.84748363494873,22,sum_mod_10
7.042594909667969,0.007854755967855453,True,False,family-00386-sum_mod_10,family-00386,0.966912031173706,0.14531759470986136,0.5,1,0.7172382016500363,9.819046020507812,22,sum_mod_10
6.703524112701416,-0.06007658690214157,True,False,family-00386-sum_mod_10,family-00386,0.9944477081298828,0.034372924122195114,0.5,2,0.49568032798098727,13.523885726928711,22,sum_mod_10
5.5670905113220215,-0.019244998693466187,True,True,family-00386-sum_mod_10,family-00386,0.9945375323295593,0.033906183676607915,0.5,3,0.33117066536199524,16.81033706665039,22,sum_mod_10
5.337277412414551,0.1149308905005455,True,False,family-00387-maximum,family-00387,0.9841822981834412,0.08128202436052231,1.0,0,0.48888300507844085,10.917289733886719,22,maximum
7.512856483459473,0.1780991405248642,True,False,family-00387-maximum,family-00387,0.9678818583488464,0.1420296480906736,1.0,1,0.912876072610129,8.229875564575195,22,maximum
5.484680652618408,0.08907414972782135,True,False,family-00387-maximum,family-00387,0.9596558213233948,0.1690364278827206,1.0,2,0.6263230029850811,8.756952285766602,22,maximum
5.244773864746094,0.12847104668617249,True,False,family-00387-maximum,family-00387,0.9668444395065308,0.14554564102801135,1.0,3,0.5902408146084479,8.885820388793945,22,maximum
6.196033954620361,0.020601630210876465,True,False,family-00387-minimum,family-00387,0.9799317717552185,0.09830452672735139,0.5,0,0.6297283450001342,9.839217185974121,22,minimum
6.4561004638671875,-0.004692792892456055,True,False,family-00387-minimum,family-00387,0.957366943359375,0.17622370823784622,0.5,1,0.7426978831003043,8.692768096923828,22,minimum
8.440428733825684,0.5350226163864136,True,False,family-00387-minimum,family-00387,0.976940929889679,0.10971682879200183,0.5,2,0.7890072659127215,10.697529792785645,22,minimum
6.649498462677002,-0.05177336931228638,True,False,family-00387-minimum,family-00387,0.9788601994514465,0.1024424704560173,0.5,3,0.4215893069179057,15.772455215454102,22,minimum
5.393983364105225,-0.015742268413305283,True,False,family-00387-sum_mod_10,family-00387,0.982772707939148,0.08704256186225215,0.0,0,0.5374159610787805,10.036887168884277,22,sum_mod_10
5.823269367218018,0.020453117787837982,True,False,family-00387-sum_mod_10,family-00387,0.9769518971443176,0.10967573876106775,0.0,1,0.6095840967101984,9.5528564453125,22,sum_mod_10
7.077491283416748,-0.01061207428574562,True,False,family-00387-sum_mod_10,family-00387,0.9947146773338318,0.03298133455697236,0.0,2,0.6254644869443033,11.315576553344727,22,sum_mod_10
7.00184440612793,-0.029920455068349838,True,True,family-00387-sum_mod_10,family-00387,0.9947549104690552,0.03277045827949909,0.0,3,0.4771924109546518,14.67300033569336,22,sum_mod_10
6.550248622894287,-0.02128821611404419,False,False,family-00388-maximum,family-00388,0.9811977744102478,0.09334025401164116,0.5,0,0.5635121277500146,11.623970985412598,22,maximum
7.415607929229736,0.3286738991737366,False,False,family-00388-maximum,family-00388,0.984355092048645,0.08056730551422091,0.5,1,0.6685954413957925,11.091322898864746,22,maximum
14.908556938171387,0.6910457015037537,False,False,family-00388-maximum,family-00388,0.9885391592979431,0.06261133802104701,0.5,2,1.2279898246412788,12.140619277954102,22,maximum
5.221004962921143,-0.012501716613769531,False,False,family-00388-maximum,family-00388,0.9635173082351685,0.15660013080526605,0.5,3,0.24634661765371588,21.193735122680664,22,maximum
7.451075553894043,0.7419570088386536,True,False,family-00388-minimum,family-00388,0.9785834550857544,0.10350200638340856,0.0,0,0.78634805272394,9.475543975830078,22,minimum
4.346599102020264,0.018810033798217773,True,False,family-00388-minimum,family-00388,0.9780328273773193,0.10559930025228809,0.0,1,0.43517897447908493,9.988072395324707,22,minimum
9.761693954467773,0.7191579937934875,True,False,family-00388-minimum,family-00388,0.9930718541145325,0.04135196164641508,0.0,2,0.9172403818546973,10.642459869384766,22,minimum
6.509453773498535,0.03334987163543701,True,False,family-00388-minimum,family-00388,0.9894989728927612,0.05829134027073874,0.0,3,0.43237021922955815,15.055277824401855,22,minimum
5.3671064376831055,-0.0026143877767026424,False,False,family-00388-sum_mod_10,family-00388,0.9854902029037476,0.07582298990432208,1.0,0,0.5182150912255481,10.356908798217773,22,sum_mod_10
12.34638500213623,0.0041910079307854176,False,False,family-00388-sum_mod_10,family-00388,0.9813884496688843,0.09258518308874968,1.0,1,1.4765528464260484,8.361627578735352,22,sum_mod_10
10.990278244018555,-0.0024667405523359776,False,False,family-00388-sum_mod_10,family-00388,0.998795747756958,0.009298385717290454,1.0,2,0.6929181856133222,15.860859870910645,22,sum_mod_10
8.03657341003418,-0.0043863230384886265,False,True,family-00388-sum_mod_10,family-00388,0.9990907907485962,0.007275929348647216,1.0,3,0.36178188706578873,22.213863372802734,22,sum_mod_10
7.71622896194458,-0.4415029287338257,False,False,family-00389-maximum,family-00389,0.9810644388198853,0.09386708872464626,0.0,0,0.6922402772570728,11.146749496459961,22,maximum
3.8773961067199707,-0.04817739129066467,False,False,family-00389-maximum,family-00389,0.9802082180976868,0.0972276560920417,0.0,1,0.34807626551138493,11.139501571655273,22,maximum
6.947516441345215,-0.03957375884056091,False,False,family-00389-maximum,family-00389,0.9878177046775818,0.06580456314232384,0.0,2,0.6797326191832235,10.220954895019531,22,maximum
7.575697422027588,0.2596256732940674,False,False,family-00389-maximum,family-00389,0.9781418442726135,0.10518519573214981,0.0,3,0.5909907860963327,12.818638801574707,22,maximum
6.362016677856445,0.42715829610824585,True,False,family-00389-minimum,family-00389,0.9785834550857544,0.10350200638340856,1.0,0,0.6714144004908298,9.475543975830078,22,minimum
5.143509864807129,0.32823309302330017,True,False,family-00389-minimum,family-00389,0.975085973739624,0.11659172725264728,1.0,1,0.562271198410275,9.147738456726074,22,minimum
5.634699821472168,0.12493357062339783,True,False,family-00389-minimum,family-00389,0.9915511608123779,0.048745491971399636,1.0,2,0.5110624611031798,11.02546215057373,22,minimum
5.296077728271484,0.05638405680656433,True,False,family-00389-minimum,family-00389,0.9836477637290955,0.08348093891270927,1.0,3,0.46464527806058076,11.398109436035156,22,minimum
5.280548095703125,-0.00893859937787056,False,False,family-00389-sum_mod_10,family-00389,0.9849590063095093,0.07805399443924273,0.5,0,0.5083513561973757,10.387595176696777,22,sum_mod_10
8.992304801940918,-0.0005343277007341385,False,False,family-00389-sum_mod_10,family-00389,0.9794905781745911,0.10001512568144875,0.5,1,0.9308779476825134,9.660025596618652,22,sum_mod_10
6.3717780113220215,-0.02514021098613739,False,False,family-00389-sum_mod_10,family-00389,0.9979822635650635,0.014537325774547647,0.5,2,0.448667380097718,14.201562881469727,22,sum_mod_10
8.009109497070312,-0.0742662101984024,False,True,family-00389-sum_mod_10,family-00389,0.9975504279136658,0.017173009606953976,0.5,3,0.46851821746886935,17.094552993774414,22,sum_mod_10
