candidate_update_norm,causal_utility,distractor,e1_candidate_harmful_cell,example_id,family_id,gate,gate_entropy,goal_identifiability,layer,relative_update_norm,residual_norm,seed,task
7.8702616691589355,-0.007400140166282654,True,False,family-00300-maximum,family-00300,0.9814576506614685,0.09231065703292635,1.0,0,0.7260501313170024,10.839832305908203,11,maximum
5.204859256744385,0.07774379104375839,True,False,family-00300-maximum,family-00300,0.9847924709320068,0.07874948287375753,1.0,1,0.5032817991989085,10.341838836669922,11,maximum
6.900111198425293,-0.022160053253173828,True,False,family-00300-maximum,family-00300,0.9716017246246338,0.12912955294444847,1.0,2,0.7001376414274376,9.855363845825195,11,maximum
7.6868109703063965,0.10785052925348282,True,False,family-00300-maximum,family-00300,0.9954888224601746,0.02886674572724695,1.0,3,0.5817138440684346,13.214076042175293,11,maximum
7.3115339279174805,0.3664936423301697,True,False,family-00300-minimum,family-00300,0.9789960384368896,0.10192104973285283,0.5,0,0.6590794618667545,11.093554496765137,11,minimum
6.716053485870361,0.006443798542022705,True,False,family-00300-minimum,family-00300,0.9834430813789368,0.08431820569055223,0.5,1,0.605474276364915,11.092219352722168,11,minimum
7.186595916748047,0.053375303745269775,True,False,family-00300-minimum,family-00300,0.9873232245445251,0.06796803154213521,0.5,2,0.5378759441496926,13.361065864562988,11,minimum
7.187625408172607,0.047215163707733154,True,False,family-00300-minimum,family-00300,0.9740668535232544,0.12030783956987194,0.5,3,0.4581123012747724,15.689658164978027,11,minimum
4.071413040161133,0.01009511947631836,False,False,family-00300-sum_mod_10,family-00300,0.9624109864234924,0.16020471188364557,0.0,0,0.3937734302969304,10.339481353759766,11,sum_mod_10
2.872939348220825,-0.006082896143198013,False,False,family-00300-sum_mod_10,family-00300,0.9274168610572815,0.2602700483572009,0.0,1,0.2868040100642899,10.017082214355469,11,sum_mod_10
5.2605719566345215,0.009458504617214203,False,False,family-00300-sum_mod_10,family-00300,0.9535039067268372,0.18806600349892647,0.0,2,0.49768750428565756,10.570030212402344,11,sum_mod_10
7.20203971862793,-0.06378847360610962,False,True,family-00300-sum_mod_10,family-00300,0.9846072793006897,0.07952071009109649,0.0,3,0.5615938380803552,12.824285507202148,11,sum_mod_10
5.2405781745910645,0.07899874448776245,True,False,family-00301-maximum,family-00301,0.9814576506614685,0.09231065703292635,0.5,0,0.48345565011505853,10.839832305908203,11,maximum
9.002086639404297,0.8934440612792969,True,False,family-00301-maximum,family-00301,0.9849517941474915,0.07808415265195445,0.5,1,0.8978969929483762,10.025745391845703,11,maximum
5.140829563140869,0.02742701768875122,True,False,family-00301-maximum,family-00301,0.9378350377082825,0.2328834003024364,0.5,2,0.4349195275303781,11.820185661315918,11,maximum
11.174721717834473,0.2898710370063782,True,False,family-00301-maximum,family-00301,0.9917328357696533,0.04787778285856258,0.5,3,0.8445887673981555,13.230961799621582,11,maximum
6.378189563751221,-0.00048453686758875847,False,False,family-00301-minimum,family-00301,0.9792648553848267,0.10088653983718776,0.0,0,0.6001783928952981,10.627156257629395,11,minimum
6.092281341552734,-0.023671742528676987,False,False,family-00301-minimum,family-00301,0.98847496509552,0.06289728880683398,0.0,1,0.5551972950968416,10.973182678222656,11,minimum
8.769408226013184,-0.25643447041511536,False,False,family-00301-minimum,family-00301,0.9831886887550354,0.08535523290632113,0.0,2,0.8422578952709894,10.411785125732422,11,minimum
5.004467964172363,-0.0010897833853960037,False,False,family-00301-minimum,family-00301,0.9574602246284485,0.17593335160030857,0.0,3,0.49709189450433944,10.067490577697754,11,minimum
4.833624839782715,-0.016448482871055603,False,False,family-00301-sum_mod_10,family-00301,0.9701509475708008,0.1342170673910033,1.0,0,0.4162871826444744,11.611274719238281,11,sum_mod_10
6.745926856994629,-0.06324076652526855,False,False,family-00301-sum_mod_10,family-00301,0.987163782119751,0.06866142791992037,1.0,1,0.59568720669301,11.324612617492676,11,sum_mod_10
6.441762924194336,0.048148028552532196,False,False,family-00301-sum_mod_10,family-00301,0.9942483901977539,0.03540342540709284,1.0,2,0.4810434561404546,13.391228675842285,11,sum_mod_10
7.913832664489746,0.030358850955963135,False,True,family-00301-sum_mod_10,family-00301,0.9989927411079407,0.007957364191038013,1.0,3,0.44740736531311676,17.688203811645508,11,sum_mod_10
4.841581344604492,-0.020339012145996094,False,False,family-00302-maximum,family-00302,0.9753659963607788,0.11556323798514889,0.0,0,0.45803470686322256,10.570337295532227,11,maximum
6.9542436599731445,0.3210817575454712,False,False,family-00302-maximum,family-00302,0.9768127202987671,0.11019678479216341,0.0,1,0.6660045942292382,10.44173526763916,11,maximum
5.901508331298828,0.025747597217559814,False,False,family-00302-maximum,family-00302,0.9636549949645996,0.15614910854877076,0.0,2,0.5385717749601349,10.957700729370117,11,maximum
8.54790210723877,0.3834015429019928,False,False,family-00302-maximum,family-00302,0.9890540838241577,0.06030429009478873,0.0,3,0.6523919552306541,13.102402687072754,11,maximum
6.426281929016113,0.39503222703933716,True,False,family-00302-minimum,family-00302,0.9777830243110657,0.10654610431767582,1.0,0,0.6178914055587664,10.400341987609863,11,minimum
3.4845640659332275,0.1818784773349762,True,False,family-00302-minimum,family-00302,0.9749738574028015,0.11700261013952902,1.0,1,0.33588277661286836,10.374345779418945,11,minimum
7.444765090942383,0.10190260410308838,True,False,family-00302-minimum,family-00302,0.9630100131034851,0.15825724518460638,1.0,2,0.7458716182755698,9.981295585632324,11,minimum
8.19167709350586,0.10212022066116333,True,False,family-00302-minimum,family-00302,0.9703764915466309,0.13343100097584085,1.0,3,0.6284629553415462,13.034462928771973,11,minimum
7.143646717071533,0.0703020840883255,False,False,family-00302-sum_mod_10,family-00302,0.9753659963607788,0.11556323798514889,0.5,0,0.6758201292300241,10.570337295532227,11,sum_mod_10
4.364560604095459,-0.029498308897018433,False,False,family-00302-sum_mod_10,family-00302,0.9701607823371887,0.13418282796251413,0.5,1,0.3802472277667994,11.478218078613281,11,sum_mod_10
6.717758655548096,-0.008671477437019348,False,False,family-00302-sum_mod_10,family-00302,0.9859252572059631,0.07398110935176774,0.5,2,0.5571115016189978,12.058194160461426,11,sum_mod_10
8.527836799621582,-0.16576984524726868,False,True,family-00302-sum_mod_10,family-00302,0.9972992539405823,0.018669921631800722,0.5,3,0.5568186912954785,15.315284729003906,11,sum_mod_10
6.464094638824463,-0.003908343613147736,False,False,family-00303-maximum,family-00303,0.9451321959495544,0.21260608338723008,1.0,0,0.7416726575211758,8.71556282043457,11,maximum
3.451719045639038,-0.00960735883563757,False,False,family-00303-maximum,family-00303,0.9499310255050659,0.19871828448037857,1.0,1,0.44990400326073804,7.672123432159424,11,maximum
6.650054931640625,-0.01828058809041977,False,False,family-00303-maximum,family-00303,0.9526918530464172,0.19051163892187561,1.0,2,0.9025153366133931,7.368356704711914,11,maximum
8.440468788146973,-0.0015530502423644066,False,False,family-00303-maximum,family-00303,0.9858604669570923,0.07425626496461474,1.0,3,0.8709801861121217,9.690770149230957,11,maximum
7.214558124542236,0.20881640911102295,False,False,family-00303-minimum,family-00303,0.9770431518554688,0.10933363553186916,0.5,0,0.6644470891512614,10.857987403869629,11,minimum
7.132621765136719,0.17363965511322021,False,False,family-00303-minimum,family-00303,0.9858356714248657,0.07436148855755058,0.5,1,0.6576446494097321,10.845707893371582,11,minimum
7.8246541023254395,0.18217802047729492,False,False,family-00303-minimum,family-00303,0.984558641910553,0.07972288333025172,0.5,2,0.6109175217048145,12.808036804199219,11,minimum
7.960635662078857,-0.02935349941253662,False,False,family-00303-minimum,family-00303,0.9704952836036682,0.13301627595152196,0.5,3,0.5029593708479406,15.827591896057129,11,minimum
6.576919078826904,-0.03044934943318367,True,False,family-00303-sum_mod_10,family-00303,0.9770553112030029,0.10928802356209882,0.0,0,0.6217592025354333,10.577919960021973,11,sum_mod_10
5.361997604370117,-0.005246501415967941,True,False,family-00303-sum_mod_10,family-00303,0.9771004915237427,0.10911848598555482,0.0,1,0.5774022586670744,9.286416053771973,11,sum_mod_10
6.841578483581543,0.014579510316252708,True,False,family-00303-sum_mod_10,family-00303,0.9834647178649902,0.08422982236757354,0.0,2,0.6326952448870051,10.813386917114258,11,sum_mod_10
6.893411636352539,0.005319101735949516,True,True,family-00303-sum_mod_10,family-00303,0.9978176355361938,0.015552084355275485,0.0,3,0.46266732748594047,14.899283409118652,11,sum_mod_10
5.189773082733154,0.0532955527305603,True,False,family-00304-maximum,family-00304,0.9789960384368896,0.10192104973285283,0.5,0,0.46781877569055835,11.093554496765137,11,maximum
10.15226936340332,0.8124202489852905,True,False,family-00304-maximum,family-00304,0.9763052463531494,0.11208944304144661,0.5,1,1.0130462189432157,10.021526336669922,11,maximum
4.598813533782959,0.0866466760635376,True,False,family-00304-maximum,family-00304,0.8978652954101562,0.32974824073358977,0.5,2,0.38087265881306276,12.07441234588623,11,maximum
7.883240222930908,0.26571714878082275,True,False,family-00304-maximum,family-00304,0.9687818884849548,0.13895127700505808,0.5,3,0.5804950183902597,13.58020305633545,11,maximum
5.5416460037231445,0.029623612761497498,False,False,family-00304-minimum,family-00304,0.9701509475708008,0.1342170673910033,0.0,0,0.47726422272495206,11.611274719238281,11,minimum
8.67860221862793,-0.26514607667922974,False,False,family-00304-minimum,family-00304,0.9815673232078552,0.09187503760552847,0.0,1,0.8040270914840758,10.793917655944824,11,minimum
5.195772647857666,0.01976665109395981,False,False,family-00304-minimum,family-00304,0.9680442810058594,0.14147606202374,0.0,2,0.41074058359309185,12.64976692199707,11,minimum
5.322227954864502,0.029385827481746674,False,False,family-00304-minimum,family-00304,0.9695770144462585,0.13620944744078042,0.0,3,0.3888181184617525,13.688220024108887,11,minimum
5.4717888832092285,0.008514489978551865,True,False,family-00304-sum_mod_10,family-00304,0.9693408608436584,0.13702598831920093,1.0,0,0.5515065200785237,9.921530723571777,11,sum_mod_10
5.824660778045654,-0.0070798397064208984,True,False,family-00304-sum_mod_10,family-00304,0.9815581440925598,0.09191152249577493,1.0,1,0.5594319561379517,10.411741256713867,11,sum_mod_10
6.8261189460754395,0.03171779587864876,True,False,family-00304-sum_mod_10,family-00304,0.9907830357551575,0.052371591302732126,1.0,2,0.5299330900387419,12.881095886230469,11,sum_mod_10
7.750470161437988,0.015216957777738571,True,True,family-00304-sum_mod_10,family-00304,0.9978394508361816,0.015418352478566901,1.0,3,0.46287945693990806,16.744035720825195,11,sum_mod_10
7.394664287567139,0.1899215579032898,False,False,family-00305-maximum,family-00305,0.9753659963607788,0.11556323798514889,0.0,0,0.6995674859583382,10.570337295532227,11,maximum
7.099862575531006,0.6558730602264404,False,False,family-00305-maximum,family-00305,0.9731869697570801,0.12348310288394902,0.0,1,0.624340143416127,11.371786117553711,11,maximum
5.37827730178833,0.04092812538146973,False,False,family-00305-maximum,family-00305,0.9617437720298767,0.16236218964043309,0.0,2,0.4518976748337916,11.901537895202637,11,maximum
6.623420715332031,0.15772312879562378,False,False,family-00305-maximum,family-00305,0.9858659505844116,0.07423298840932259,0.0,3,0.5126937690502502,12.918863296508789,11,maximum
6.715730667114258,0.40181881189346313,False,False,family-00305-minimum,family-00305,0.9756683111190796,0.11444920768545054,1.0,0,0.6195751298701128,10.839251518249512,11,minimum
6.221914768218994,0.032063186168670654,False,False,family-00305-minimum,family-00305,0.9732584357261658,0.12322632145312064,1.0,1,0.544401856430924,11.428900718688965,11,minimum
7.032472610473633,0.2731698751449585,False,False,family-00305-minimum,family-00305,0.9530678987503052,0.1893809479629326,1.0,2,0.5536663318226435,12.701643943786621,11,minimum
8.85977840423584,0.20390939712524414,False,False,family-00305-minimum,family-00305,0.9630783796310425,0.15803434454799853,1.0,3,0.673037818749587,13.163864135742188,11,minimum
4.607290267944336,0.011681079864501953,True,False,family-00305-sum_mod_10,family-00305,0.9598170518875122,0.16852513151165266,0.5,0,0.4886568771983948,9.42847728729248,11,sum_mod_10
7.366433143615723,-0.025908537209033966,True,False,family-00305-sum_mod_10,family-00305,0.9801504611968994,0.09745296640094195,0.5,1,0.7445592840292115,9.893682479858398,11,sum_mod_10
6.562249660491943,0.025815358385443687,True,False,family-00305-sum_mod_10,family-00305,0.9878286123275757,0.06575661346400358,0.5,2,0.5251650018294104,12.495595932006836,11,sum_mod_10
8.622259140014648,0.0035349391400814056,True,True,family-00305-sum_mod_10,family-00305,0.99676114320755,0.021800465471389537,0.5,3,0.5354122264116976,16.10396385192871,11,sum_mod_10
6.449265956878662,0.018710970878601074,True,False,family-00306-maximum,family-00306,0.9789960384368896,0.10192104973285283,1.0,0,0.5813525285118722,11.093554496765137,11,maximum
3.2808732986450195,0.14044052362442017,True,False,family-00306-maximum,family-00306,0.9796537756919861,0.09938351526606143,1.0,1,0.3094974030159094,10.600648880004883,11,maximum
8.87568473815918,0.15052151679992676,True,False,family-00306-maximum,family-00306,0.973768413066864,0.12138821572016796,1.0,2,0.8390638555756031,10.578080177307129,11,maximum
7.57532262802124,0.3515915870666504,True,False,family-00306-maximum,family-00306,0.9942822456359863,0.035228884601660404,1.0,3,0.5768796389914874,13.131547927856445,11,maximum
6.283949851989746,-0.07911401987075806,True,False,family-00306-minimum,family-00306,0.9775740504264832,0.10733594951541904,0.5,0,0.6175486486458623,10.17563533782959,11,minimum
6.162191867828369,0.02169579267501831,True,False,family-00306-minimum,family-00306,0.9779841303825378,0.10578409860627969,0.5,1,0.5713527985384605,10.785265922546387,11,minimum
11.78958511352539,0.7616528272628784,True,False,family-00306-minimum,family-00306,0.9876939058303833,0.06634808809555245,0.5,2,0.9055795110653749,13.018829345703125,11,minimum
5.774230003356934,0.051754653453826904,True,False,family-00306-minimum,family-00306,0.9684690833091736,0.14002416318220787,0.5,3,0.3129148834083434,18.45303726196289,11,minimum
8.098800659179688,0.0018500741571187973,False,False,family-00306-sum_mod_10,family-00306,0.9753659963607788,0.11556323798514889,0.0,0,0.7661818570919978,10.570337295532227,11,sum_mod_10
4.839357852935791,-0.009143329225480556,False,False,family-00306-sum_mod_10,family-00306,0.9763385653495789,0.11196552162676765,0.0,1,0.41791023572516905,11.5798978805542,11,sum_mod_10
12.499731063842773,-0.07184752821922302,False,False,family-00306-sum_mod_10,family-00306,0.9878062605857849,0.06585486037356963,0.0,2,0.9461742795058322,13.21081256866455,11,sum_mod_10
6.325869560241699,0.0007024863734841347,False,True,family-00306-sum_mod_10,family-00306,0.9809374213218689,0.09436806926584822,0.0,3,0.3699928580162019,17.097274780273438,11,sum_mod_10
6.243318557739258,0.0033075688406825066,False,False,family-00307-maximum,family-00307,0.9770431518554688,0.10933363553186916,0.5,0,0.5749977712733605,10.857987403869629,11,maximum
6.423643589019775,-0.02298811450600624,False,False,family-00307-maximum,family-00307,0.9891371130943298,0.05993002512429174,0.5,1,0.5397913145387341,11.900235176086426,11,maximum
3.821716070175171,0.0011838385835289955,False,False,family-00307-maximum,family-00307,0.9603357911109924,0.16687551338111004,0.5,2,0.3198682830897061,11.94778060913086,11,maximum
7.670773506164551,0.0049120294861495495,False,False,family-00307-maximum,family-00307,0.991100013256073,0.050883380126722236,0.5,3,0.584737043899175,13.118330001831055,11,maximum
7.0885467529296875,-0.27188318967819214,True,False,family-00307-minimum,family-00307,0.9736681580543518,0.12175036180933502,0.0,0,0.6604431357987373,10.733016014099121,11,minimum
3.9979398250579834,0.088672935962677,True,False,family-00307-minimum,family-00307,0.9837406277656555,0.08310021537304656,0.0,1,0.33778539550477205,11.835739135742188,11,minimum
11.185361862182617,0.5415682792663574,True,False,family-00307-minimum,family-00307,0.9818871021270752,0.0906010661108016,0.0,2,0.950635561692458,11.766193389892578,11,minimum
6.505270957946777,0.25316664576530457,True,False,family-00307-minimum,family-00307,0.9300017952919006,0.2536343030345075,0.0,3,0.4012898535411996,16.21090316772461,11,minimum
6.916490077972412,0.0553165040910244,False,False,family-00307-sum_mod_10,family-00307,0.9701509475708008,0.1342170673910033,1.0,0,0.5956701779273849,11.611274719238281,11,sum_mod_10
5.659669876098633,0.012104533612728119,False,False,family-00307-sum_mod_10,family-00307,0.9792039394378662,0.10112127782461952,1.0,1,0.4982113116228184,11.359978675842285,11,sum_mod_10
8.908811569213867,-0.07494223117828369,False,False,family-00307-sum_mod_10,family-00307,0.9907088279724121,0.05271839377292977,1.0,2,0.656999145340983,13.559852600097656,11,sum_mod_10
6.73769998550415,0.04160948097705841,False,True,family-00307-sum_mod_10,family-00307,0.9962062835693359,0.02493423876151493,1.0,3,0.3724178336565176,18.09177589416504,11,sum_mod_10
6.795253753662109,0.6128426790237427,True,False,family-00308-maximum,family-00308,0.9693408608436584,0.13702598831920093,0.0,0,0.6848997340216672,9.921530723571777,11,maximum
7.219721794128418,0.8325991630554199,True,False,family-00308-maximum,family-00308,0.9891464710235596,0.05988780292960106,0.0,1,0.6791323635953913,10.630802154541016,11,maximum
7.356495380401611,0.15203458070755005,True,False,family-00308-maximum,family-00308,0.9706283807754517,0.13255102361990256,0.0,2,0.7233388377209022,10.17019271850586,11,maximum
10.788816452026367,0.42178305983543396,True,False,family-00308-maximum,family-00308,0.9939295053482056,0.03703774983934907,0.0,3,0.766080822317898,14.083130836486816,11,maximum
6.069961071014404,0.006362043786793947,True,False,family-00308-minimum,family-00308,0.9736681580543518,0.12175036180933502,1.0,0,0.5655410429874299,10.733016014099121,11,minimum
5.089993000030518,-0.010504062287509441,True,False,family-00308-minimum,family-00308,0.9897957444190979,0.05693802019909843,1.0,1,0.47332265708701476,10.753748893737793,11,minimum
5.787858486175537,-0.0031962133944034576,True,False,family-00308-minimum,family-00308,0.9850032925605774,0.07786873102339366,1.0,2,0.5365670917348816,10.78683090209961,11,minimum
8.969756126403809,-0.008849694393575191,True,False,family-00308-minimum,family-00308,0.9919626116752625,0.04677455853787893,1.0,3,0.8086414292040864,11.092377662658691,11,minimum
5.971379280090332,-0.11141962558031082,False,False,family-00308-sum_mod_10,family-00308,0.9814190864562988,0.09246367682088055,0.5,0,0.5334060449581377,11.194809913635254,11,sum_mod_10
6.846028804779053,0.0008687153458595276,False,False,family-00308-sum_mod_10,family-00308,0.9893150329589844,0.059125861993313766,0.5,1,0.5879285795893596,11.644320487976074,11,sum_mod_10
6.2118635177612305,-0.03526991605758667,False,False,family-00308-sum_mod_10,family-00308,0.9950075149536133,0.03143928132828463,0.5,2,0.46745362502727095,13.288726806640625,11,sum_mod_10
9.431373596191406,-0.0028597302734851837,False,True,family-00308-sum_mod_10,family-00308,0.9991989731788635,0.0065117196555030624,0.5,3,0.5711351273058914,16.513383865356445,11,sum_mod_10
7.497416973114014,0.2064298391342163,False,False,family-00309-maximum,family-00309,0.9756683111190796,0.11444920768545054,1.0,0,0.6916913922046171,10.839251518249512,11,maximum
5.203377723693848,0.517261803150177,False,False,family-00309-maximum,family-00309,0.977227509021759,0.10864136792717097,1.0,1,0.45932975402987336,11.32819652557373,11,maximum
8.669244766235352,0.76054447889328,False,False,family-00309-maximum,family-00309,0.9661450982093811,0.147896821180291,1.0,2,0.7903330038526547,10.969103813171387,11,maximum
10.875258445739746,0.24226170778274536,False,False,family-00309-maximum,family-00309,0.9928574562072754,0.04241318563313382,1.0,3,0.7282000120818187,14.934438705444336,11,maximum
5.963778972625732,0.3691086769104004,True,False,family-00309-minimum,family-00309,0.9661733508110046,0.14780212800260134,0.5,0,0.5787510312238955,10.304567337036133,11,minimum
7.714261531829834,0.1948777139186859,True,False,family-00309-minimum,family-00309,0.9815256595611572,0.09204060373252251,0.5,1,0.7149361121690168,10.790141105651855,11,minimum
6.715288162231445,0.40051791071891785,True,False,family-00309-minimum,family-00309,0.986868679523468,0.06993951961132906,0.5,2,0.5971640202378805,11.245299339294434,11,minimum
7.839106559753418,-0.030861377716064453,True,False,family-00309-minimum,family-00309,0.9767451882362366,0.11044930079640262,0.5,3,0.6199184819804754,12.64538288116455,11,minimum
6.147592544555664,-0.12891364097595215,False,False,family-00309-sum_mod_10,family-00309,0.9719721078872681,0.1278186340175579,0.0,0,0.55026551590001,11.17204761505127,11,sum_mod_10
4.518099784851074,-0.019226133823394775,False,False,family-00309-sum_mod_10,family-00309,0.973811149597168,0.12123372118866724,0.0,1,0.3875183102213651,11.659061431884766,11,sum_mod_10
6.33434534072876,-0.026584386825561523,False,False,family-00309-sum_mod_10,family-00309,0.9884223341941833,0.06313146132951516,0.0,2,0.5141092757738971,12.321009635925293,11,sum_mod_10
9.212027549743652,0.3374887704849243,False,True,family-00309-sum_mod_10,family-00309,0.9948429465293884,0.03230794429365099,0.0,3,0.5999893412646913,15.353652000427246,11,sum_mod_10
4.369233131408691,0.1517515778541565,False,False,family-00310-maximum,family-00310,0.9814190864562988,0.09246367682088055,0.5,0,0.39029096207225233,11.194809913635254,11,maximum
7.523802280426025,0.6118103265762329,False,False,family-00310-maximum,family-00310,0.9852140545845032,0.07698522054267275,0.5,1,0.6973735782089808,10.788768768310547,11,maximum
4.180906295776367,0.12320584058761597,False,False,family-00310-maximum,family-00310,0.9403104186058044,0.2261125391093926,0.5,2,0.44808479436230575,9.33061408996582,11,maximum
8.480209350585938,0.2662349343299866,False,False,family-00310-maximum,family-00310,0.988864541053772,0.061156299660778006,0.5,3,0.8199094997591116,10.342860221862793,11,maximum
5.365177631378174,-0.05570334196090698,True,False,family-00310-minimum,family-00310,0.9693408608436584,0.13702598831920093,0.0,0,0.5407610761746143,9.921530723571777,11,minimum
4.807992458343506,0.0033680200576782227,True,False,family-00310-minimum,family-00310,0.9849560856819153,0.07806620769211345,0.0,1,0.46668181991955726,10.302506446838379,11,minimum
12.85672378540039,0.7532808780670166,True,False,family-00310-minimum,family-00310,0.9854171872138977,0.07613080698044945,0.0,2,1.1326367536066677,11.351144790649414,11,minimum
7.357632160186768,0.046242356300354004,True,False,family-00310-minimum,family-00310,0.9393482208251953,0.2287571625136618,0.0,3,0.44981748515959147,16.3569278717041,11,minimum
5.050844669342041,-0.0367928072810173,False,False,family-00310-sum_mod_10,family-00310,0.9753659963607788,0.11556323798514889,1.0,0,0.4778319298738826,10.570337295532227,11,sum_mod_10
5.369922637939453,0.044600218534469604,False,False,family-00310-sum_mod_10,family-00310,0.974237859249115,0.11968719992219597,1.0,1,0.4963740571067493,10.81829833984375,11,sum_mod_10
11.047327995300293,-0.026550263166427612,False,False,family-00310-sum_mod_10,family-00310,0.9894310235977173,0.05859999742327691,1.0,2,0.9013909820773269,12.255867004394531,11,sum_mod_10
7.754597187042236,0.02617894485592842,False,True,family-00310-sum_mod_10,family-00310,0.9969663023948669,0.02061838830647648,1.0,3,0.41186521866993514,18.8279972076416,11,sum_mod_10
8.151460647583008,0.08776825666427612,True,False,family-00311-maximum,family-00311,0.9736681580543518,0.12175036180933502,0.0,0,0.7594753084198397,10.733016014099121,11,maximum
7.948775291442871,0.8317012786865234,True,False,family-00311-maximum,family-00311,0.9896907806396484,0.057417653778241914,0.0,1,0.7010630385994107,11.338174819946289,11,maximum
3.7873752117156982,0.05821031332015991,True,False,family-00311-maximum,family-00311,0.9692521691322327,0.13733216937948517,0.0,2,0.3191141791900487,11.868401527404785,11,maximum
6.972200393676758,0.19690948724746704,True,False,family-00311-maximum,family-00311,0.9925150275230408,0.04409476686315526,0.0,3,0.5350783908715954,13.030241012573242,11,maximum
6.846664905548096,0.17473924160003662,False,False,family-00311-minimum,family-00311,0.9451321959495544,0.21260608338723008,1.0,0,0.7855677305767743,8.71556282043457,11,minimum
5.1080427169799805,-0.0032276511192321777,False,False,family-00311-minimum,family-00311,0.9688627123832703,0.1386735355059911,1.0,1,0.5600840935862694,9.120135307312012,11,minimum
8.998851776123047,0.5865464210510254,False,False,family-00311-minimum,family-00311,0.9643388390541077,0.15390097210652348,1.0,2,0.967138638018694,9.304614067077637,11,minimum
9.34423828125,0.12966406345367432,False,False,family-00311-minimum,family-00311,0.9483372569084167,0.20338228727960664,1.0,3,0.7273506319684389,12.846951484680176,11,minimum
6.521851539611816,-0.0017437459900975227,False,False,family-00311-sum_mod_10,family-00311,0.9814190864562988,0.09246367682088055,0.5,0,0.5825781402208728,11.194809913635254,11,sum_mod_10
5.802421569824219,-0.006391716189682484,False,False,family-00311-sum_mod_10,family-00311,0.9896195530891418,0.05774251347340143,0.5,1,0.4866537900779026,11.923099517822266,11,sum_mod_10
8.132355690002441,-0.018968861550092697,False,False,family-00311-sum_mod_10,family-00311,0.9933497309684753,0.03996655698655803,0.5,2,0.6008214676503517,13.535394668579102,11,sum_mod_10
7.889885902404785,0.0031358301639556885,False,True,family-00311-sum_mod_10,family-00311,0.9965517520904541,0.022993478849852644,0.5,3,0.4335313684028718,18.199111938476562,11,sum_mod_10
6.791234016418457,-0.0425085574388504,True,False,family-00312-maximum,family-00312,0.9661733508110046,0.14780212800260134,1.0,0,0.6590508649509002,10.304567337036133,11,maximum
4.406007766723633,0.029935047030448914,True,False,family-00312-maximum,family-00312,0.9819189310073853,0.09047394960256434,1.0,1,0.40088374257448595,10.990736961364746,11,maximum
6.630789756774902,0.04608120024204254,True,False,family-00312-maximum,family-00312,0.9735714197158813,0.12209943313381247,1.0,2,0.615119879992611,10.779670715332031,11,maximum
7.148530006408691,0.14681684970855713,True,False,family-00312-maximum,family-00312,0.9938920736312866,0.037228469325327626,1.0,3,0.5265373296289179,13.576492309570312,11,maximum
5.702813148498535,0.12444692850112915,False,False,family-00312-minimum,family-00312,0.9814190864562988,0.09246367682088055,0.5,0,0.5094158089770262,11.194809913635254,11,minimum
6.405967712402344,0.03280085325241089,False,False,family-00312-minimum,family-00312,0.9897865056991577,0.05698028028939449,0.5,1,0.5705003861432784,11.228682518005371,11,minimum
7.981391429901123,0.15729519724845886,False,False,family-00312-minimum,family-00312,0.989286482334137,0.05925510569716473,0.5,2,0.6820028914506465,11.70287036895752,11,minimum
7.987496852874756,-0.009044408798217773,False,False,family-00312-minimum,family-00312,0.9829955697059631,0.08613986189761577,0.5,3,0.543566982944368,14.694595336914062,11,minimum
7.148381233215332,0.061164796352386475,True,False,family-00312-sum_mod_10,family-00312,0.9598170518875122,0.16852513151165266,0.0,0,0.7581692160249229,9.42847728729248,11,sum_mod_10
5.161334037780762,0.010255992412567139,True,False,family-00312-sum_mod_10,family-00312,0.9824553728103638,0.08832287180343154,0.0,1,0.4788734899302136,10.778074264526367,11,sum_mod_10
6.672950744628906,0.014376796782016754,True,False,family-00312-sum_mod_10,family-00312,0.9872080683708191,0.0684690345067866,0.0,2,0.5610069668300062,11.8945951461792,11,sum_mod_10
6.530534267425537,0.0013233870267868042,True,True,family-00312-sum_mod_10,family-00312,0.9940067529678345,0.03664342741025847,0.0,3,0.4052180205688446,16.116100311279297,11,sum_mod_10
7.191372871398926,0.16212022304534912,True,False,family-00313-maximum,family-00313,0.9777830243110657,0.10654610431767582,0.5,0,0.6914554232895566,10.400341987609863,11,maximum
7.1035051345825195,0.39533594250679016,True,False,family-00313-maximum,family-00313,0.9789268374443054,0.1021867909322356,0.5,1,0.7414299075393163,9.580818176269531,11,maximum
3.1861953735351562,0.019345402717590332,True,False,family-00313-maximum,family-00313,0.9213019609451294,0.27557795816258474,0.5,2,0.3261063148003417,9.770419120788574,11,maximum
5.917691230773926,0.1797230839729309,True,False,family-00313-maximum,family-00313,0.9815477132797241,0.0919529769485172,0.5,3,0.5583908471094181,10.597758293151855,11,maximum
6.23848295211792,0.2669491171836853,True,False,family-00313-minimum,family-00313,0.9770553112030029,0.10928802356209882,0.0,0,0.589764620614974,10.577919960021973,11,minimum
6.591393947601318,0.0699959397315979,True,False,family-00313-minimum,family-00313,0.9859519004821777,0.07386787118492089,0.0,1,0.6166331893126082,10.689327239990234,11,minimum
8.6630220413208,0.34186851978302,True,False,family-00313-minimum,family-00313,0.9863551259040833,0.07214778579896108,0.0,2,0.6988268437716247,12.39652156829834,11,minimum
5.937649726867676,0.10682699084281921,True,False,family-00313-minimum,family-00313,0.9807931184768677,0.09493617982121547,0.0,3,0.40537419527608826,14.647330284118652,11,minimum
7.737964630126953,-0.0024680793285369873,True,False,family-00313-sum_mod_10,family-00313,0.9693408608436584,0.13702598831920093,1.0,0,0.7799164106545512,9.921530723571777,11,sum_mod_10
5.056917667388916,0.0030407533049583435,True,False,family-00313-sum_mod_10,family-00313,0.9862063527107239,0.07278381280287896,1.0,1,0.46063640132237793,10.978111267089844,11,sum_mod_10
7.8303351402282715,-0.029654141515493393,True,False,family-00313-sum_mod_10,family-00313,0.992472767829895,0.04430118458162547,1.0,2,0.5767276962420516,13.577178955078125,11,sum_mod_10
8.853195190429688,0.01639636605978012,True,True,family-00313-sum_mod_10,family-00313,0.9988378882408142,0.009014425571396815,1.0,3,0.5224592964822989,16.945234298706055,11,sum_mod_10
6.033409118652344,0.027592718601226807,False,False,family-00314-maximum,family-00314,0.9792648553848267,0.10088653983718776,0.0,0,0.5677350527636091,10.627156257629395,11,maximum
8.655597686767578,0.8332664966583252,False,False,family-00314-maximum,family-00314,0.9884307384490967,0.0630940842505848,0.0,1,0.8002960619945493,10.815494537353516,11,maximum
5.423712730407715,0.08789795637130737,False,False,family-00314-maximum,family-00314,0.9627371430397034,0.15914559972921086,0.0,2,0.4802208221630753,11.294205665588379,11,maximum
13.646120071411133,0.20681947469711304,False,False,family-00314-maximum,family-00314,0.9916818737983704,0.04812158801893269,0.0,3,1.0706833108394216,12.745244026184082,11,maximum
5.912075042724609,0.09034609794616699,True,False,family-00314-minimum,family-00314,0.9777830243110657,0.10654610431767582,1.0,0,0.5684500615237252,10.400341987609863,11,minimum
6.185286045074463,0.27438879013061523,True,False,family-00314-minimum,family-00314,0.9819960594177246,0.090165681350383,1.0,1,0.5864845924127439,10.546374320983887,11,minimum
7.069470405578613,0.04352825880050659,True,False,family-00314-minimum,family-00314,0.9714133739471436,0.12979428235798654,1.0,2,0.6670250647397574,10.59850788116455,11,minimum
10.219549179077148,0.03416728973388672,True,False,family-00314-minimum,family-00314,0.9811645746231079,0.09347152263445417,1.0,3,0.8864018952304498,11.529250144958496,11,minimum
4.6178059577941895,-0.018210016191005707,True,False,family-00314-sum_mod_10,family-00314,0.9598170518875122,0.16852513151165266,0.5,0,0.489772188773046,9.42847728729248,11,sum_mod_10
6.903679370880127,0.007373008877038956,True,False,family-00314-sum_mod_10,family-00314,0.98546302318573,0.07593761670388732,0.5,1,0.6534520963721521,10.564935684204102,11,sum_mod_10
6.179968357086182,-0.059255585074424744,True,False,family-00314-sum_mod_10,family-00314,0.9937576055526733,0.03791170780102897,0.5,2,0.4832629748859607,12.788002967834473,11,sum_mod_10
9.074286460876465,-0.007882967591285706,True,True,family-00314-sum_mod_10,family-00314,0.9982770681381226,0.012685716266458431,0.5,3,0.53904359786945,16.834049224853516,11,sum_mod_10
4.515164375305176,0.028162598609924316,False,False,family-00315-maximum,family-00315,0.941710889339447,0.22223376595091454,1.0,0,0.47517532685727637,9.50210189819336,11,maximum
6.474269866943359,0.10689729452133179,False,False,family-00315-maximum,family-00315,0.9761412143707275,0.11269881926827963,1.0,1,0.6983098031745039,9.271343231201172,11,maximum
11.567951202392578,0.6901980638504028,False,False,family-00315-maximum,family-00315,0.9856076240539551,0.07532718709332038,1.0,2,1.105151351705941,10.467300415039062,11,maximum
10.790886878967285,0.13677430152893066,False,False,family-00315-maximum,family-00315,0.9954463839530945,0.029095572686490552,1.0,3,0.8237646022630355,13.099478721618652,11,maximum
4.667413234710693,-0.013173267245292664,False,False,family-00315-minimum,family-00315,0.9770431518554688,0.10933363553186916,0.5,0,0.4298598866533309,10.857987403869629,11,minimum
6.992475986480713,0.022252462804317474,False,False,family-00315-minimum,family-00315,0.9925813674926758,0.043770243478727794,0.5,1,0.6450437375493671,10.840312957763672,11,minimum
5.865987300872803,0.01384127140045166,False,False,family-00315-minimum,family-00315,0.9879229664802551,0.06534142168096613,0.5,2,0.5607776596018189,10.460451126098633,11,minimum
7.46766471862793,0.002608697861433029,False,False,family-00315-minimum,family-00315,0.9853851199150085,0.07626587785877617,0.5,3,0.7656474967339478,9.753397941589355,11,minimum
6.0302510261535645,-0.0018147081136703491,True,False,family-00315-sum_mod_10,family-00315,0.9741891026496887,0.11986427310489711,0.0,0,0.5596839887404249,10.774385452270508,11,sum_mod_10
4.488251209259033,0.11240369081497192,True,False,family-00315-sum_mod_10,family-00315,0.9777727723121643,0.10658489988260719,0.0,1,0.38796527376017814,11.568693161010742,11,sum_mod_10
5.257073402404785,0.042700059711933136,True,False,family-00315-sum_mod_10,family-00315,0.9795565605163574,0.09975991969253878,0.0,2,0.4115987952588986,12.772324562072754,11,sum_mod_10
7.409132957458496,0.007275521755218506,True,True,family-00315-sum_mod_10,family-00315,0.9962694644927979,0.024581751530567703,0.0,3,0.4737262519917104,15.640114784240723,11,sum_mod_10
7.707416534423828,-0.08858868479728699,False,False,family-00316-maximum,family-00316,0.9770431518554688,0.10933363553186916,0.5,0,0.7098384118291587,10.857987403869629,11,maximum
7.26680850982666,0.15120892226696014,False,False,family-00316-maximum,family-00316,0.9930251836776733,0.041583532264090305,0.5,1,0.6017837589169189,12.075448036193848,11,maximum
4.539236545562744,-0.08973678946495056,False,False,family-00316-maximum,family-00316,0.965941846370697,0.14857733459976052,0.5,2,0.3831810291625079,11.846193313598633,11,maximum
7.261168003082275,0.24641597270965576,False,False,family-00316-maximum,family-00316,0.9949814677238464,0.031577128459184645,0.5,3,0.5212882035527272,13.929277420043945,11,maximum
7.044787406921387,0.32755622267723083,True,False,family-00316-minimum,family-00316,0.9598170518875122,0.16852513151165266,0.0,0,0.7471818823190267,9.42847728729248,11,minimum
4.663857460021973,-0.00029534101486206055,True,False,family-00316-minimum,family-00316,0.9823924899101257,0.08857588022250028,0.0,1,0.4294702799806658,10.85955810546875,11,minimum
9.020305633544922,0.002376079559326172,True,False,family-00316-minimum,family-00316,0.9857821464538574,0.07458847986375784,0.0,2,0.7702968669845373,11.71016788482666,11,minimum
5.939112186431885,0.06438910961151123,True,False,family-00316-minimum,family-00316,0.9345575571060181,0.24168711766565273,0.0,3,0.3964209441494017,14.981832504272461,11,minimum
5.959605693817139,0.04823242127895355,True,False,family-00316-sum_mod_10,family-00316,0.9775740504264832,0.10733594951541904,1.0,0,0.585674063187124,10.17563533782959,11,sum_mod_10
4.925134658813477,-0.1016865149140358,True,False,family-00316-sum_mod_10,family-00316,0.9814520478248596,0.0923328937259155,1.0,1,0.4768766386240512,10.327900886535645,11,sum_mod_10
5.350347518920898,0.02678297832608223,True,False,family-00316-sum_mod_10,family-00316,0.982883870601654,0.08659266735090543,1.0,2,0.5133254730576332,10.422914505004883,11,sum_mod_10
6.23203182220459,-0.07654216140508652,True,True,family-00316-sum_mod_10,family-00316,0.9948439598083496,0.03230261209727494,1.0,3,0.4726590471362966,13.185047149658203,11,sum_mod_10
5.384629726409912,0.016462266445159912,True,False,family-00317-maximum,family-00317,0.9736681580543518,0.12175036180933502,0.0,0,0.5016884088625738,10.733016014099121,11,maximum
10.452473640441895,0.814170777797699,True,False,family-00317-maximum,family-00317,0.9901897311210632,0.05512786754731586,0.0,1,0.960796663786086,10.878965377807617,11,maximum
4.882723331451416,0.0032820701599121094,True,False,family-00317-maximum,family-00317,0.9579810500144958,0.17430823923714178,0.0,2,0.38371243615230727,12.724954605102539,11,maximum
7.476810455322266,0.1018143892288208,True,False,family-00317-maximum,family-00317,0.990625262260437,0.053108213627067566,0.0,3,0.5128467388393421,14.579034805297852,11,maximum
5.408467769622803,-0.004575096070766449,False,False,family-00317-minimum,family-00317,0.941710889339447,0.22223376595091454,1.0,0,0.5691864629078666,9.50210189819336,11,minimum
8.985674858093262,-0.0057171061635017395,False,False,family-00317-minimum,family-00317,0.9779472947120667,0.10592381169867895,1.0,1,0.9550633344432635,9.408459663391113,11,minimum
9.125965118408203,0.05535291135311127,False,False,family-00317-minimum,family-00317,0.9791262149810791,0.10142052244471372,1.0,2,0.7577023124911515,12.044261932373047,11,minimum
9.044678688049316,-0.03437490016222,False,False,family-00317-minimum,family-00317,0.9784716963768005,0.10392884424977147,1.0,3,0.6884778507486263,13.137210845947266,11,minimum
4.6595072746276855,-0.021707598119974136,True,False,family-00317-sum_mod_10,family-00317,0.9598170518875122,0.16852513151165266,0.5,0,0.4941950998712888,9.42847728729248,11,sum_mod_10
8.233166694641113,-0.05747005715966225,True,False,family-00317-sum_mod_10,family-00317,0.9859176278114319,0.07401352606774195,0.5,1,0.7776895872068722,10.586700439453125,11,sum_mod_10
6.414873123168945,-0.011779289692640305,True,False,family-00317-sum_mod_10,family-00317,0.9928066730499268,0.04266359463782429,0.5,2,0.4805473703883153,13.349096298217773,11,sum_mod_10
8.143647193908691,0.010100262239575386,True,True,family-00317-sum_mod_10,family-00317,0.9981656670570374,0.013390917840327034,0.5,3,0.4700051441014395,17.326719284057617,11,sum_mod_10
4.2409467697143555,0.09185391664505005,False,False,family-00318-maximum,family-00318,0.9451321959495544,0.21260608338723008,1.0,0,0.48659471075935584,8.71556282043457,11,maximum
6.083302021026611,0.7571452856063843,False,False,family-00318-maximum,family-00318,0.959568440914154,0.169313249010699,1.0,1,0.7898140580315061,7.702195167541504,11,maximum
7.460252285003662,0.23841893672943115,False,False,family-00318-maximum,family-00318,0.9479705095291138,0.20444814276268367,1.0,2,0.8593227110627573,8.681549072265625,11,maximum
10.808248519897461,0.06389760971069336,False,False,family-00318-maximum,family-00318,0.987637996673584,0.06659313691011431,1.0,3,0.864822986024586,12.497642517089844,11,maximum
6.417481422424316,0.3947201371192932,True,False,family-00318-minimum,family-00318,0.9777830243110657,0.10654610431767582,0.5,0,0.6170452308269854,10.400341987609863,11,minimum
6.891272068023682,0.13284575939178467,True,False,family-00318-minimum,family-00318,0.9743461608886719,0.11929353321314734,0.5,1,0.6749811172145056,10.209577560424805,11,minimum
5.715095520019531,0.25998738408088684,True,False,family-00318-minimum,family-00318,0.9713819622993469,0.12990501619810646,0.5,2,0.5138173171188013,11.12281608581543,11,minimum
5.229343414306641,0.090401291847229,True,False,family-00318-minimum,family-00318,0.9558262228965759,0.18098899638201216,0.5,3,0.41137958084231263,12.711723327636719,11,minimum
4.481142997741699,0.02824939414858818,True,False,family-00318-sum_mod_10,family-00318,0.9598170518875122,0.16852513151165266,0.0,0,0.4752774876788744,9.42847728729248,11,sum_mod_10
5.595996856689453,0.01572657749056816,True,False,family-00318-sum_mod_10,family-00318,0.9793630838394165,0.10050763392465992,0.0,1,0.5662314302394589,9.882879257202148,11,sum_mod_10
6.334394931793213,0.012496784329414368,True,False,family-00318-sum_mod_10,family-00318,0.9859321117401123,0.0739519813813195,0.0,2,0.5800083603147195,10.921213150024414,11,sum_mod_10
5.8355183601379395,-0.010597240179777145,True,True,family-00318-sum_mod_10,family-00318,0.9967807531356812,0.021688054813691675,0.0,3,0.39940661955323264,14.610469818115234,11,sum_mod_10
5.388138771057129,0.11281761527061462,True,False,family-00319-maximum,family-00319,0.9661733508110046,0.14780212800260134,0.5,0,0.5228884042216275,10.304567337036133,11,maximum
5.401072978973389,0.10758867859840393,True,False,family-00319-maximum,family-00319,0.9827457666397095,0.0871514879002609,0.5,1,0.5039614391918016,10.71723461151123,11,maximum
5.361400127410889,-0.048862189054489136,True,False,family-00319-maximum,family-00319,0.9636343717575073,0.15621669868057358,0.5,2,0.5475007834885605,9.792497634887695,11,maximum
8.403735160827637,0.18936237692832947,True,False,family-00319-maximum,family-00319,0.9909046292304993,0.05180203085613143,0.5,3,0.7278660719588329,11.545716285705566,11,maximum
6.901309490203857,0.34111079573631287,True,False,family-00319-minimum,family-00319,0.9775740504264832,0.10733594951541904,0.0,0,0.6782190262407606,10.17563533782959,11,minimum
4.470015048980713,0.14016804099082947,True,False,family-00319-minimum,family-00319,0.9825985431671143,0.0877459709539721,0.0,1,0.4182725514573836,10.686847686767578,11,minimum
8.6153564453125,0.22030553221702576,True,False,family-00319-minimum,family-00319,0.9847360253334045,0.0789847909189976,0.0,2,0.7970543282266283,10.808995246887207,11,minimum
4.700382232666016,0.10216283798217773,True,False,family-00319-minimum,family-00319,0.9399366974830627,0.22714166609815212,0.0,3,0.3825740507832909,12.286202430725098,11,minimum
7.024172306060791,-0.008815942332148552,True,False,family-00319-sum_mod_10,family-00319,0.9770553112030029,0.10928802356209882,1.0,0,0.6640409771115531,10.577919960021973,11,sum_mod_10
5.627613544464111,-0.004438968375325203,True,False,family-00319-sum_mod_10,family-00319,0.98911052942276,0.06004992399102031,1.0,1,0.48020039583095814,11.7193021774292,11,sum_mod_10
6.715327262878418,-0.0026497412472963333,True,False,family-00319-sum_mod_10,family-00319,0.9913387298583984,0.04975510551639186,1.0,2,0.5205566290523065,12.90028190612793,11,sum_mod_10
8.165510177612305,0.004842790775001049,True,True,family-00319-sum_mod_10,family-00319,0.9993067979812622,0.0057354442591125805,1.0,3,0.47231679968190643,17.288206100463867,11,sum_mod_10
5.835177421569824,0.1471739411354065,False,False,family-00320-maximum,family-00320,0.9792648553848267,0.10088653983718776,0.0,0,0.549081737400884,10.627156257629395,11,maximum
7.562734603881836,0.8739364743232727,False,False,family-00320-maximum,family-00320,0.9784079790115356,0.1041719331594744,0.0,1,0.7866832215225825,9.613443374633789,11,maximum
5.6288743019104,0.10762053728103638,False,False,family-00320-maximum,family-00320,0.9389045834541321,0.2299710221218024,0.0,2,0.5584061792774185,10.08025074005127,11,maximum
11.541731834411621,0.30429160594940186,False,False,family-00320-maximum,family-00320,0.9852268695831299,0.07693140239486905,0.0,3,0.9396622680238516,12.282851219177246,11,maximum
5.499654769897461,0.1742548644542694,False,False,family-00320-minimum,family-00320,0.9756683111190796,0.11444920768545054,1.0,0,0.5073832598715847,10.839251518249512,11,minimum
4.545130729675293,-0.025366663932800293,False,False,family-00320-minimum,family-00320,0.9681571125984192,0.14109099572844036,1.0,1,0.42887407030258656,10.597821235656738,11,minimum
7.495580196380615,0.2033490538597107,False,False,family-00320-minimum,family-00320,0.9642103910446167,0.15432427446948033,1.0,2,0.7199631228559973,10.41106128692627,11,minimum
8.31127643585205,0.0945163369178772,False,False,family-00320-minimum,family-00320,0.9488006234169006,0.20203170570024614,1.0,3,0.6494625151168555,12.797161102294922,11,minimum
7.065996170043945,0.04149623215198517,False,False,family-00320-sum_mod_10,family-00320,0.9753659963607788,0.11556323798514889,0.5,0,0.668474048886835,10.570337295532227,11,sum_mod_10
5.015019416809082,0.004409343004226685,False,False,family-00320-sum_mod_10,family-00320,0.9686157703399658,0.1395214442201705,0.5,1,0.4340992642658186,11.552701950073242,11,sum_mod_10
6.225360870361328,-0.018687114119529724,False,False,family-00320-sum_mod_10,family-00320,0.9865149855613708,0.07146252908391312,0.5,2,0.4761586033109683,13.074132919311523,11,sum_mod_10
8.215519905090332,-0.1487325131893158,False,True,family-00320-sum_mod_10,family-00320,0.9955657124519348,0.028451133385208608,0.5,3,0.5132433708374998,16.007064819335938,11,sum_mod_10
6.750253200531006,0.10479819774627686,False,False,family-00321-maximum,family-00321,0.9451321959495544,0.21260608338723008,1.0,0,0.7745057134697388,8.71556282043457,11,maximum
4.6748576164245605,0.029624462127685547,False,False,family-00321-maximum,family-00321,0.9605855345726013,0.16607880211095072,1.0,1,0.5562234083112672,8.404640197753906,11,maximum
9.984171867370605,0.25576281547546387,False,False,family-00321-maximum,family-00321,0.9621330499649048,0.16110491955383627,1.0,2,1.034317076823794,9.652912139892578,11,maximum
10.41043472290039,0.14041519165039062,False,False,family-00321-maximum,family-00321,0.9873172640800476,0.06799398929208039,1.0,3,0.7708562247652857,13.505027770996094,11,maximum
7.550194263458252,0.13075029850006104,False,False,family-00321-minimum,family-00321,0.9770431518554688,0.10933363553186916,0.5,0,0.6953585395362931,10.857987403869629,11,minimum
7.12016487121582,0.11220574378967285,False,False,family-00321-minimum,family-00321,0.9889274835586548,0.060873732740642957,0.5,1,0.6077839626845466,11.714960098266602,11,minimum
6.990843296051025,0.2882082760334015,False,False,family-00321-minimum,family-00321,0.9892153143882751,0.05957693623166303,0.5,2,0.5302436315548333,13.184209823608398,11,minimum
8.375536918640137,-0.05095469951629639,False,False,family-00321-minimum,family-00321,0.9789736866950989,0.10200690887999495,0.5,3,0.5440906166470638,15.393643379211426,11,minimum
7.184332847595215,0.1165851429104805,False,False,family-00321-sum_mod_10,family-00321,0.9719721078872681,0.1278186340175579,0.0,0,0.6430632141163002,11.17204761505127,11,sum_mod_10
4.594909191131592,0.04785817861557007,False,False,family-00321-sum_mod_10,family-00321,0.97008216381073,0.13445644256747105,0.0,1,0.4167089953523925,11.02666187286377,11,sum_mod_10
5.540489196777344,0.03035883605480194,False,False,family-00321-sum_mod_10,family-00321,0.9855237007141113,0.07568164631878574,0.0,2,0.4618068196668353,11.997417449951172,11,sum_mod_10
5.817684173583984,-0.032969847321510315,False,True,family-00321-sum_mod_10,family-00321,0.9953639507293701,0.029538917600101237,0.0,3,0.3937770374253448,14.774056434631348,11,sum_mod_10
5.336035251617432,0.03517794609069824,False,False,family-00322-maximum,family-00322,0.941710889339447,0.22223376595091454,0.5,0,0.5615636738890345,9.50210189819336,11,maximum
9.13115406036377,0.8798105120658875,False,False,family-00322-maximum,family-00322,0.9800373315811157,0.09789378990067801,0.5,1,0.9797766921283321,9.31962776184082,11,maximum
6.061220169067383,0.051178812980651855,False,False,family-00322-maximum,family-00322,0.938651978969574,0.23066065207453862,0.5,2,0.5603500529214351,10.816845893859863,11,maximum
11.709634780883789,0.1812649965286255,False,False,family-00322-maximum,family-00322,0.9890217781066895,0.060449739868143566,0.5,3,0.9018689786822683,12.983742713928223,11,maximum
5.809647083282471,0.0414624959230423,False,False,family-00322-minimum,family-00322,0.9701509475708008,0.1342170673910033,0.0,0,0.5003453301864167,11.611274719238281,11,minimum
6.476324558258057,0.040334880352020264,False,False,family-00322-minimum,family-00322,0.9881024956703186,0.06454936407080393,0.0,1,0.5635474839472929,11.4920654296875,11,minimum
7.835387706756592,0.12429619580507278,False,False,family-00322-minimum,family-00322,0.9872730374336243,0.06818650725537048,0.0,2,0.6293502999525383,12.449962615966797,11,minimum
7.480254173278809,-0.11671823263168335,False,False,family-00322-minimum,family-00322,0.9787114262580872,0.10301251647719656,0.0,3,0.6414966645688598,11.660628318786621,11,minimum
4.566560745239258,-0.0210198312997818,False,False,family-00322-sum_mod_10,family-00322,0.9753659963607788,0.11556323798514889,1.0,0,0.4320165589388912,10.570337295532227,11,sum_mod_10
6.223137378692627,0.0037945639342069626,False,False,family-00322-sum_mod_10,family-00322,0.9807564616203308,0.09508031900108249,1.0,1,0.5884531147577055,10.575417518615723,11,sum_mod_10
6.2316694259643555,-0.0024408958852291107,False,False,family-00322-sum_mod_10,family-00322,0.9925669431686401,0.04384085538343918,1.0,2,0.49534877497740776,12.580367088317871,11,sum_mod_10
11.11890983581543,-0.008560292422771454,False,True,family-00322-sum_mod_10,family-00322,0.9987857937812805,0.00936524224177784,1.0,3,0.6941390578373504,16.018274307250977,11,sum_mod_10
6.053969860076904,0.006681779399514198,True,False,family-00323-maximum,family-00323,0.9710441827774048,0.13109353743699492,0.0,0,0.574385277533325,10.539911270141602,11,maximum
5.498954772949219,-0.020953521132469177,True,False,family-00323-maximum,family-00323,0.976407527923584,0.11170888037740784,0.0,1,0.5234487780991621,10.505239486694336,11,maximum
4.3099589347839355,0.004638650454580784,True,False,family-00323-maximum,family-00323,0.9399166703224182,0.22719674551893326,0.0,2,0.3605293287704083,11.954530715942383,11,maximum
7.039007663726807,0.006724298000335693,True,False,family-00323-maximum,family-00323,0.9913977384567261,0.04947519003452784,0.0,3,0.5127183552855056,13.728799819946289,11,maximum
7.527403354644775,0.38353773951530457,False,False,family-00323-minimum,family-00323,0.9756683111190796,0.11444920768545054,1.0,0,0.6944578545826028,10.839251518249512,11,minimum
4.677664279937744,0.0405542254447937,False,False,family-00323-minimum,family-00323,0.971989631652832,0.12775648688300834,1.0,1,0.39290786101457964,11.905244827270508,11,minimum
7.224119663238525,0.05340296030044556,False,False,family-00323-minimum,family-00323,0.9697608947753906,0.13557234173188887,1.0,2,0.5384973150624789,13.41533088684082,11,minimum
8.901150703430176,0.023349761962890625,False,False,family-00323-minimum,family-00323,0.9703906774520874,0.1333815012069647,1.0,3,0.5605332647255294,15.879790306091309,11,minimum
7.253072261810303,0.012302648276090622,True,False,family-00323-sum_mod_10,family-00323,0.9736681580543518,0.12175036180933502,0.5,0,0.6757720525416631,10.733016014099121,11,sum_mod_10
4.090736389160156,-0.035330165177583694,True,False,family-00323-sum_mod_10,family-00323,0.9807994365692139,0.09491132911730135,0.5,1,0.33017072716029106,12.389760971069336,11,sum_mod_10
5.662135601043701,0.011119909584522247,True,False,family-00323-sum_mod_10,family-00323,0.9878048896789551,0.06586088483326173,0.5,2,0.41254455374270893,13.724906921386719,11,sum_mod_10
7.0022501945495605,-0.000749882310628891,True,True,family-00323-sum_mod_10,family-00323,0.9959396123886108,0.026410563397853346,0.5,3,0.41958747869601315,16.68841552734375,11,sum_mod_10
3.9474735260009766,0.04446840286254883,False,False,family-00324-maximum,family-00324,0.941710889339447,0.22223376595091454,1.0,0,0.4154316137939451,9.50210189819336,11,maximum
8.689299583435059,0.6036397218704224,False,False,family-00324-maximum,family-00324,0.9743618965148926,0.11923629663142164,1.0,1,0.9669391264131366,8.986397743225098,11,maximum
10.293661117553711,0.139914870262146,False,False,family-00324-maximum,family-00324,0.9730759859085083,0.12388148656551523,1.0,2,0.8576160250621222,12.002645492553711,11,maximum
9.172628402709961,0.046335458755493164,False,False,family-00324-maximum,family-00324,0.9936192631721497,0.03861159019958927,1.0,3,0.5701038435398867,16.089399337768555,11,maximum
5.113137245178223,0.1519549936056137,False,False,family-00324-minimum,family-00324,0.9814190864562988,0.09246367682088055,0.5,0,0.45674176557034996,11.194809913635254,11,minimum
9.46044921875,0.002996891736984253,False,False,family-00324-minimum,family-00324,0.9821526408195496,0.08953881748587172,0.5,1,0.9273931558011153,10.201120376586914,11,minimum
6.271625995635986,0.07308116555213928,False,False,family-00324-minimum,family-00324,0.9702592492103577,0.13383983428804647,0.5,2,0.5454854886306808,11.497328758239746,11,minimum
7.041009426116943,-0.024559855461120605,False,False,family-00324-minimum,family-00324,0.9714246988296509,0.12975435062923435,0.5,3,0.5782666631368776,12.17605972290039,11,minimum
7.027198314666748,-0.03305991739034653,False,False,family-00324-sum_mod_10,family-00324,0.9753659963607788,0.11556323798514889,0.0,0,0.6648036025905191,10.570337295532227,11,sum_mod_10
5.0548505783081055,-6.121024489402771e-05,False,False,family-00324-sum_mod_10,family-00324,0.9697501063346863,0.1356097531276217,0.0,1,0.45231511759999343,11.175506591796875,11,sum_mod_10
5.297827243804932,0.01605432853102684,False,False,family-00324-sum_mod_10,family-00324,0.9833899140357971,0.08453526800398103,0.0,2,0.4203917337613753,12.602120399475098,11,sum_mod_10
9.815483093261719,0.002198217436671257,False,True,family-00324-sum_mod_10,family-00324,0.9953965544700623,0.029363744650050032,0.0,3,0.6709007268632242,14.630306243896484,11,sum_mod_10
3.7495460510253906,0.02066117525100708,True,False,family-00325-maximum,family-00325,0.9661733508110046,0.14780212800260134,0.5,0,0.36387224503342025,10.304567337036133,11,maximum
7.5635480880737305,0.5464498996734619,True,False,family-00325-maximum,family-00325,0.9822707772254944,0.08906494066783592,0.5,1,0.744271162862019,10.162355422973633,11,maximum
4.561516284942627,0.02030736207962036,True,False,family-00325-maximum,family-00325,0.9441773891448975,0.21531510121347439,0.5,2,0.4274917021539588,10.67042064666748,11,maximum
8.8164701461792,0.19621813297271729,True,False,family-00325-maximum,family-00325,0.9914807081222534,0.049080920620043184,0.5,3,0.7395613113636224,11.921216011047363,11,maximum
6.553036689758301,0.04484659433364868,False,False,family-00325-minimum,family-00325,0.9792648553848267,0.10088653983718776,0.0,0,0.616631254015276,10.627156257629395,11,minimum
5.94153356552124,-0.019166886806488037,False,False,family-00325-minimum,family-00325,0.989123523235321,0.05999132692247394,0.0,1,0.533297144754515,11.141131401062012,11,minimum
12.39758014678955,0.9070577025413513,False,False,family-00325-minimum,family-00325,0.9811816811561584,0.0934038925762777,0.0,2,1.0389591551057415,11.932692527770996,11,minimum
7.3095550537109375,0.049626052379608154,False,False,family-00325-minimum,family-00325,0.9543240666389465,0.1855808556758413,0.0,3,0.45337127208792416,16.122669219970703,11,minimum
4.689145088195801,0.0156562440097332,False,False,family-00325-sum_mod_10,family-00325,0.9792648553848267,0.10088653983718776,1.0,0,0.44124175598052334,10.627156257629395,11,sum_mod_10
4.731374263763428,0.002278432250022888,False,False,family-00325-sum_mod_10,family-00325,0.9873374104499817,0.0679062406777285,1.0,1,0.45013968178502345,10.510902404785156,11,sum_mod_10
10.269186973571777,-0.00577516108751297,False,False,family-00325-sum_mod_10,family-00325,0.9863798022270203,0.0720421323994172,1.0,2,1.025790360830134,10.01099967956543,11,sum_mod_10
7.335820198059082,0.021741963922977448,False,True,family-00325-sum_mod_10,family-00325,0.9968066215515137,0.02153958498230219,1.0,3,0.45320841342278845,16.186416625976562,11,sum_mod_10
6.911688327789307,0.37061113119125366,False,False,family-00326-maximum,family-00326,0.9792648553848267,0.10088653983718776,0.0,0,0.6503798532958713,10.627156257629395,11,maximum
6.841666221618652,0.4480278491973877,False,False,family-00326-maximum,family-00326,0.9884172081947327,0.06315425566618595,0.0,1,0.5979910886578023,11.441083908081055,11,maximum
4.353935718536377,0.07110366225242615,False,False,family-00326-maximum,family-00326,0.9656792879104614,0.14945455647628836,0.0,2,0.3725010829249196,11.688384056091309,11,maximum
8.430970191955566,0.33440905809402466,False,False,family-00326-maximum,family-00326,0.9917688369750977,0.04770536009359139,0.0,3,0.6804302378581423,12.390645980834961,11,maximum
6.129995822906494,-0.00202140212059021,True,False,family-00326-minimum,family-00326,0.9814576506614685,0.09231065703292635,1.0,0,0.5655065179897079,10.839832305908203,11,minimum
6.043000221252441,-0.4764595925807953,True,False,family-00326-minimum,family-00326,0.9846899509429932,0.07917670674400598,1.0,1,0.6043516058623549,9.999146461486816,11,minimum
6.879099369049072,0.132766455411911,True,False,family-00326-minimum,family-00326,0.9645365476608276,0.15324848225233348,1.0,2,0.7310310918788934,9.41013240814209,11,minimum
9.850381851196289,0.29522478580474854,True,False,family-00326-minimum,family-00326,0.9856535792350769,0.07513288025880406,1.0,3,0.9505346028632892,10.362991333007812,11,minimum
4.507010459899902,-0.06961317360401154,True,False,family-00326-sum_mod_10,family-00326,0.9661733508110046,0.14780212800260134,0.5,0,0.4373798833553198,10.304567337036133,11,sum_mod_10
4.548661708831787,-0.007999032735824585,True,False,family-00326-sum_mod_10,family-00326,0.9831014275550842,0.08571004688386391,0.5,1,0.43189204440858237,10.531941413879395,11,sum_mod_10
6.38470983505249,-0.003756903111934662,True,False,family-00326-sum_mod_10,family-00326,0.9891883730888367,0.05969864417841873,0.5,2,0.5654444718844215,11.291488647460938,11,sum_mod_10
10.021197319030762,-0.08107645809650421,True,True,family-00326-sum_mod_10,family-00326,0.9980794191360474,0.013932213747160638,0.5,3,0.6899701279598067,14.524103164672852,11,sum_mod_10
5.007952690124512,-0.04676663875579834,False,False,family-00327-maximum,family-00327,0.941710889339447,0.22223376595091454,1.0,0,0.5270363066803858,9.50210189819336,11,maximum
5.420677661895752,-0.013205662369728088,False,False,family-00327-maximum,family-00327,0.9661367535591125,0.1479247849601718,1.0,1,0.6396489106091718,8.474457740783691,11,maximum
8.572531700134277,-0.004791907966136932,False,False,family-00327-maximum,family-00327,0.9810187816619873,0.09404726869672476,1.0,2,0.8591319804614985,9.978131294250488,11,maximum
7.824703216552734,0.01330055296421051,False,False,family-00327-maximum,family-00327,0.9923058152198792,0.04511434049901082,1.0,3,0.5397475221321721,14.496969223022461,11,maximum
6.125538349151611,-0.12807923555374146,False,False,family-00327-minimum,family-00327,0.9770431518554688,0.10933363553186916,0.5,0,0.5641504379502742,10.857987403869629,11,minimum
6.83781623840332,0.07055306434631348,False,False,family-00327-minimum,family-00327,0.9859075546264648,0.07405631984161529,0.5,1,0.6222551122984248,10.98876667022705,11,minimum
8.60767650604248,0.5385125279426575,False,False,family-00327-minimum,family-00327,0.9856960773468018,0.07495305763195087,0.5,2,0.6823099682551874,12.615492820739746,11,minimum
6.7109832763671875,0.15366685390472412,False,False,family-00327-minimum,family-00327,0.9698836207389832,0.13514648155051512,0.5,3,0.3973012106746962,16.89142417907715,11,minimum
5.601655006408691,-0.02001994103193283,False,False,family-00327-sum_mod_10,family-00327,0.9719721078872681,0.1278186340175579,0.0,0,0.5013991346458279,11.17204761505127,11,sum_mod_10
4.23854398727417,-0.00276156235486269,False,False,family-00327-sum_mod_10,family-00327,0.9682650566101074,0.14072222304461185,0.0,1,0.3793595938143131,11.172892570495605,11,sum_mod_10
9.726482391357422,-0.036584578454494476,False,False,family-00327-sum_mod_10,family-00327,0.9870933890342712,0.06896691931417986,0.0,2,0.829821297590953,11.721177101135254,11,sum_mod_10
6.340351104736328,0.0037772096693515778,False,True,family-00327-sum_mod_10,family-00327,0.9918934106826782,0.04710750206944356,0.0,3,0.3674662222513075,17.254241943359375,11,sum_mod_10
5.33696174621582,0.0686105489730835,False,False,family-00328-maximum,family-00328,0.941710889339447,0.22223376595091454,0.5,0,0.5616611780631967,9.50210189819336,11,maximum
8.739957809448242,0.8649932742118835,False,False,family-00328-maximum,family-00328,0.9790557026863098,0.10169174399305757,0.5,1,0.9345590154840183,9.351959228515625,11,maximum
6.3870625495910645,0.04852539300918579,False,False,family-00328-maximum,family-00328,0.945839524269104,0.21058790182387233,0.5,2,0.5857733850326275,10.903640747070312,11,maximum
11.376047134399414,0.20383453369140625,False,False,family-00328-maximum,family-00328,0.9879809021949768,0.06508611457730563,0.5,3,0.8525045279688507,13.344265937805176,11,maximum
6.265014171600342,0.02232116460800171,False,False,family-00328-minimum,family-00328,0.9792648553848267,0.10088653983718776,0.0,0,0.5895287525392877,10.627156257629395,11,minimum
5.982729434967041,-0.0027799010276794434,False,False,family-00328-minimum,family-00328,0.9881229996681213,0.06445872962724511,0.0,1,0.5592155921340817,10.698431015014648,11,minimum
12.392507553100586,0.6067149639129639,False,False,family-00328-minimum,family-00328,0.9852340817451477,0.07690110908065848,0.0,2,1.1559987499240498,10.720173835754395,11,minimum
7.092550277709961,0.02295619249343872,False,False,family-00328-minimum,family-00328,0.951002299785614,0.19555339037744401,0.0,3,0.4475278632366305,15.848287582397461,11,minimum
4.5338239669799805,0.009307093918323517,True,False,family-00328-sum_mod_10,family-00328,0.9736681580543518,0.12175036180933502,1.0,0,0.42241844799488343,10.733016014099121,11,sum_mod_10
5.451145648956299,-0.0003070831298828125,True,False,family-00328-sum_mod_10,family-00328,0.9871464967727661,0.06873647888297442,1.0,1,0.5131681613727769,10.622532844543457,11,sum_mod_10
9.909451484680176,-0.10775391757488251,True,False,family-00328-sum_mod_10,family-00328,0.9901600480079651,0.055264793983850743,1.0,2,0.8246002251720514,12.017279624938965,11,sum_mod_10
6.5721235275268555,0.007195115089416504,True,True,family-00328-sum_mod_10,family-00328,0.9970364570617676,0.020211026626006823,1.0,3,0.392549972378866,16.74213218688965,11,sum_mod_10
5.3703999519348145,0.022864103317260742,True,False,family-00329-maximum,family-00329,0.9770553112030029,0.10928802356209882,0.0,0,0.5076990535220177,10.577919960021973,11,maximum
9.512473106384277,0.8108910322189331,True,False,family-00329-maximum,family-00329,0.9864266514778137,0.07184141928275413,0.0,1,0.8765662681413445,10.851972579956055,11,maximum
5.1013336181640625,0.0012475848197937012,True,False,family-00329-maximum,family-00329,0.9654521346092224,0.1502118090628753,0.0,2,0.3898083130466669,13.086774826049805,11,maximum
7.52595329284668,0.04697990417480469,True,False,family-00329-maximum,family-00329,0.9925919771194458,0.04371828776508384,0.0,3,0.499862928629902,15.056034088134766,11,maximum
5.829462051391602,-0.03229641914367676,True,False,family-00329-minimum,family-00329,0.9777830243110657,0.10654610431767582,1.0,0,0.5605067658675413,10.400341987609863,11,minimum
8.087905883789062,-0.07303625345230103,True,False,family-00329-minimum,family-00329,0.9821566939353943,0.08952257256998779,1.0,1,0.768375222371061,10.525984764099121,11,minimum
7.604944705963135,0.39076483249664307,True,False,family-00329-minimum,family-00329,0.9605638384819031,0.16614808041161497,1.0,2,0.631297697958129,12.046526908874512,11,minimum
8.4457426071167,0.43290281295776367,True,False,family-00329-minimum,family-00329,0.9672759771347046,0.14408722228597495,1.0,3,0.6231539615472761,13.55321979522705,11,minimum
4.686941146850586,0.00032038986682891846,True,False,family-00329-sum_mod_10,family-00329,0.9661733508110046,0.14780212800260134,0.5,0,0.45484113923007996,10.304567337036133,11,sum_mod_10
4.325377941131592,-0.002393912523984909,True,False,family-00329-sum_mod_10,family-00329,0.9797171950340271,0.09913770846937875,0.5,1,0.41666953756489955,10.38083553314209,11,sum_mod_10
5.938793659210205,-0.029213160276412964,True,False,family-00329-sum_mod_10,family-00329,0.9856809377670288,0.07501713253560403,0.5,2,0.5639243789885329,10.531188011169434,11,sum_mod_10
9.367676734924316,-0.002531144767999649,True,True,family-00329-sum_mod_10,family-00329,0.995812714099884,0.027106838876129687,0.5,3,0.7304860499081233,12.823895454406738,11,sum_mod_10
4.9557785987854,0.21909642219543457,True,False,family-00330-maximum,family-00330,0.9777830243110657,0.10654610431767582,1.0,0,0.47650150395913127,10.400341987609863,11,maximum
6.6429595947265625,0.6121627688407898,True,False,family-00330-maximum,family-00330,0.9864246845245361,0.07184984946220044,1.0,1,0.6045624815567012,10.988044738769531,11,maximum
9.379814147949219,0.5507333278656006,True,False,family-00330-maximum,family-00330,0.9841948747634888,0.08123006943300251,1.0,2,0.7980212246937981,11.753840446472168,11,maximum
7.706274509429932,0.13546639680862427,True,False,family-00330-maximum,family-00330,0.9964951872825623,0.023313536615384975,1.0,3,0.5067019403891689,15.208693504333496,11,maximum
5.420967102050781,0.18154266476631165,False,False,family-00330-minimum,family-00330,0.941710889339447,0.22223376595091454,0.5,0,0.5705018910691194,9.50210189819336,11,minimum
7.218155384063721,-0.1605353057384491,False,False,family-00330-minimum,family-00330,0.980618417263031,0.09562248824643807,0.5,1,0.7725139784204339,9.343721389770508,11,minimum
6.690305709838867,0.19159413874149323,False,False,family-00330-minimum,family-00330,0.981760561466217,0.09110587510033012,0.5,2,0.657865918009429,10.169710159301758,11,minimum
7.204942226409912,-0.01120266318321228,False,False,family-00330-minimum,family-00330,0.9817945957183838,0.0909701903337593,0.5,3,0.747387162528794,9.64017391204834,11,minimum
4.8291425704956055,-0.12532876431941986,False,False,family-00330-sum_mod_10,family-00330,0.9719721078872681,0.1278186340175579,0.0,0,0.4322522367331894,11.17204761505127,11,sum_mod_10
4.820748805999756,0.0525897853076458,False,False,family-00330-sum_mod_10,family-00330,0.9766796827316284,0.11069404725101942,0.0,1,0.42292709585801946,11.398533821105957,11,sum_mod_10
6.446216106414795,0.0049340128898620605,False,False,family-00330-sum_mod_10,family-00330,0.9875813722610474,0.0668410597244811,0.0,2,0.5413703759323222,11.907219886779785,11,sum_mod_10
8.643484115600586,-0.2275603711605072,False,True,family-00330-sum_mod_10,family-00330,0.9988682270050049,0.008809046177540624,0.0,3,0.5688231551727676,15.195380210876465,11,sum_mod_10
6.213855743408203,0.1066318154335022,False,False,family-00331-maximum,family-00331,0.9814190864562988,0.09246367682088055,0.5,0,0.5550657663101309,11.194809913635254,11,maximum
6.724699974060059,0.22149556875228882,False,False,family-00331-maximum,family-00331,0.9878767728805542,0.06554478280125986,0.5,1,0.606571125037097,11.086416244506836,11,maximum
5.050408363342285,0.022694945335388184,False,False,family-00331-maximum,family-00331,0.959097146987915,0.17080292503418115,0.5,2,0.49362818891164306,10.231199264526367,11,maximum
9.573356628417969,0.49238938093185425,False,False,family-00331-maximum,family-00331,0.9876081347465515,0.06672391622671942,0.5,3,0.7944009502683906,12.05103874206543,11,maximum
7.0536885261535645,0.26201245188713074,True,False,family-00331-minimum,family-00331,0.9710441827774048,0.13109353743699492,0.0,0,0.6692360443427907,10.539911270141602,11,minimum
4.626289367675781,0.12310224771499634,True,False,family-00331-minimum,family-00331,0.9818633198738098,0.09069600923550139,0.0,1,0.41580595717427055,11.126077651977539,11,minimum
7.569387912750244,0.14115378260612488,True,False,family-00331-minimum,family-00331,0.9797096252441406,0.0991670588159046,0.0,2,0.6106146267413635,12.396342277526855,11,minimum
5.927248001098633,0.08552053570747375,True,False,family-00331-minimum,family-00331,0.9795736074447632,0.09969395040305501,0.0,3,0.40668026200092733,14.574712753295898,11,minimum
6.017177104949951,0.003360982984304428,True,False,family-00331-sum_mod_10,family-00331,0.9775740504264832,0.10733594951541904,1.0,0,0.5913318338541586,10.17563533782959,11,sum_mod_10
4.702763557434082,-0.016988135874271393,True,False,family-00331-sum_mod_10,family-00331,0.9795956611633301,0.09960858396832833,1.0,1,0.4515013742247839,10.415834426879883,11,sum_mod_10
4.887845993041992,-0.005340863019227982,True,False,family-00331-sum_mod_10,family-00331,0.981633722782135,0.09161097561341544,1.0,2,0.45873871329025095,10.654967308044434,11,sum_mod_10
7.66973352432251,-0.022151432931423187,True,True,family-00331-sum_mod_10,family-00331,0.9929550290107727,0.041931036555498284,1.0,3,0.6025470942529391,12.728853225708008,11,sum_mod_10
4.789082050323486,0.009900271892547607,False,False,family-00332-maximum,family-00332,0.9792648553848267,0.10088653983718776,0.0,0,0.45064567926018145,10.627156257629395,11,maximum
7.029351234436035,0.21410876512527466,False,False,family-00332-maximum,family-00332,0.982772171497345,0.08704473116163938,0.0,1,0.6950889106917271,10.11288070678711,11,maximum
4.753607749938965,0.21121472120285034,False,False,family-00332-maximum,family-00332,0.9394305944442749,0.22853139615181872,0.0,2,0.44075983186020457,10.785029411315918,11,maximum
6.9202070236206055,0.40851297974586487,False,False,family-00332-maximum,family-00332,0.9859565496444702,0.07384810625566718,0.0,3,0.543970987466354,12.721647262573242,11,maximum
4.932898044586182,0.41162335872650146,True,False,family-00332-minimum,family-00332,0.9789960384368896,0.10192104973285283,1.0,0,0.44466343461192775,11.093554496765137,11,minimum
4.020991802215576,0.14451846480369568,True,False,family-00332-minimum,family-00332,0.9776130318641663,0.10718876555289725,1.0,1,0.3966920746365073,10.13630485534668,11,minimum
6.416235446929932,0.02307826280593872,True,False,family-00332-minimum,family-00332,0.9726813435554504,0.12529428546687152,1.0,2,0.6139145567027167,10.451349258422852,11,minimum
9.020548820495605,-0.04685413837432861,True,False,family-00332-minimum,family-00332,0.9825583696365356,0.08790796962482511,1.0,3,0.7126484264969903,12.657782554626465,11,minimum
6.36177921295166,0.1169356107711792,True,False,family-00332-sum_mod_10,family-00332,0.9814576506614685,0.09231065703292635,0.5,0,0.5868890803305324,10.839832305908203,11,sum_mod_10
5.6722731590271,-0.018380984663963318,True,False,family-00332-sum_mod_10,family-00332,0.9776799082756042,0.10693609548619512,0.5,1,0.5304284666924755,10.693757057189941,11,sum_mod_10
6.680877208709717,-0.014221087098121643,True,False,family-00332-sum_mod_10,family-00332,0.9879412055015564,0.06526107762746436,0.5,2,0.5656263165892383,11.811468124389648,11,sum_mod_10
8.50424861907959,-0.2173282504081726,True,True,family-00332-sum_mod_10,family-00332,0.9973945617675781,0.01810480086447426,0.5,3,0.5579425600190108,15.242157936096191,11,sum_mod_10
6.543517112731934,0.08256769180297852,True,False,family-00333-maximum,family-00333,0.9734910130500793,0.12238929628649452,1.0,0,0.6103560580465724,10.720819473266602,11,maximum
4.886608123779297,0.2537798285484314,True,False,family-00333-maximum,family-00333,0.9826822280883789,0.08740821043637974,1.0,1,0.42493907855863816,11.499549865722656,11,maximum
10.645115852355957,0.6987826824188232,True,False,family-00333-maximum,family-00333,0.9838211536407471,0.08276963941571172,1.0,2,0.8714725145140502,12.21509075164795,11,maximum
8.662834167480469,0.08785635232925415,True,False,family-00333-maximum,family-00333,0.9972972273826599,0.01868190091301463,1.0,3,0.5182165114979139,16.716630935668945,11,maximum
6.3542890548706055,0.5244152545928955,True,False,family-00333-minimum,family-00333,0.9789960384368896,0.10192104973285283,0.5,0,0.5727910794257608,11.093554496765137,11,minimum
7.2559099197387695,0.1112062931060791,True,False,family-00333-minimum,family-00333,0.9797077178955078,0.09917445372410404,0.5,1,0.676541212126709,10.725008010864258,11,minimum
5.458581924438477,0.3105987310409546,True,False,family-00333-minimum,family-00333,0.9835069179534912,0.08405735550288107,0.5,2,0.4396909117167167,12.414588928222656,11,minimum
5.371722221374512,0.08200156688690186,True,False,family-00333-minimum,family-00333,0.9737658500671387,0.1213974788088101,0.5,3,0.4095520176365971,13.116092681884766,11,minimum
4.669124603271484,0.03193923830986023,False,False,family-00333-sum_mod_10,family-00333,0.9624109864234924,0.16020471188364557,0.0,0,0.4515820903892478,10.339481353759766,11,sum_mod_10
3.330279588699341,-0.09650018811225891,False,False,family-00333-sum_mod_10,family-00333,0.9236152172088623,0.26984971759820986,0.0,1,0.31882525482592733,10.445469856262207,11,sum_mod_10
4.633560657501221,0.019488513469696045,False,False,family-00333-sum_mod_10,family-00333,0.9558724761009216,0.18084676811624073,0.0,2,0.4152432912606656,11.15866470336914,11,sum_mod_10
7.734297275543213,0.2661488652229309,False,True,family-00333-sum_mod_10,family-00333,0.9796589612960815,0.09936342398548362,0.0,3,0.6033598370288324,12.818714141845703,11,sum_mod_10
5.947260856628418,-0.12644636631011963,True,False,family-00334-maximum,family-00334,0.9775740504264832,0.10733594951541904,0.5,0,0.5844608871269691,10.17563533782959,11,maximum
5.816315650939941,-0.006425000727176666,True,False,family-00334-maximum,family-00334,0.9771266579627991,0.10902025562959743,0.5,1,0.5593085824675024,10.399117469787598,11,maximum
4.707592010498047,0.037469178438186646,True,False,family-00334-maximum,family-00334,0.9549026489257812,0.18381843888199245,0.5,2,0.4676889574930201,10.06564712524414,11,maximum
6.555638790130615,0.07036393880844116,True,False,family-00334-maximum,family-00334,0.9906614422798157,0.05293953267584924,0.5,3,0.5520154899690862,11.875823974609375,11,maximum
7.983314037322998,0.22895151376724243,True,False,family-00334-minimum,family-00334,0.9736681580543518,0.12175036180933502,0.0,0,0.7438090120089214,10.733016014099121,11,minimum
4.811238765716553,0.11863523721694946,True,False,family-00334-minimum,family-00334,0.9842124581336975,0.08115741397940664,0.0,1,0.4394739448577941,10.947722434997559,11,minimum
9.293557167053223,0.2054511308670044,True,False,family-00334-minimum,family-00334,0.9838650822639465,0.08258913140223173,0.0,2,0.819868546774947,11.335423469543457,11,minimum
6.405550956726074,-0.055910348892211914,True,False,family-00334-minimum,family-00334,0.9340602159500122,0.24300748175304687,0.0,3,0.4221199894946173,15.174715995788574,11,minimum
6.06580924987793,0.03470252454280853,False,False,family-00334-sum_mod_10,family-00334,0.9701509475708008,0.1342170673910033,1.0,0,0.5224068327164562,11.611274719238281,11,sum_mod_10
5.954777240753174,0.014004938304424286,False,False,family-00334-sum_mod_10,family-00334,0.98377925157547,0.082941707077866,1.0,1,0.5690868697278999,10.463740348815918,11,sum_mod_10
7.399075984954834,-0.021558701992034912,False,False,family-00334-sum_mod_10,family-00334,0.9927228093147278,0.04307633279354028,1.0,2,0.5955025835707619,12.4249267578125,11,sum_mod_10
7.6619391441345215,-0.060356833040714264,False,True,family-00334-sum_mod_10,family-00334,0.9992218017578125,0.006348650251209394,1.0,3,0.4426922752672009,17.30759620666504,11,sum_mod_10
5.4202423095703125,0.39812856912612915,True,False,family-00335-maximum,family-00335,0.9770553112030029,0.10928802356209882,0.0,0,0.5124109777778139,10.577919960021973,11,maximum
7.7096381187438965,0.862212598323822,True,False,family-00335-maximum,family-00335,0.9865429401397705,0.07134250188379031,0.0,1,0.7081245268266669,10.887404441833496,11,maximum
5.452280521392822,0.041165292263031006,True,False,family-00335-maximum,family-00335,0.9739341735839844,0.12078858358748483,0.0,2,0.45405139693661684,12.008069038391113,11,maximum
11.411089897155762,0.13682878017425537,True,False,family-00335-maximum,family-00335,0.995730459690094,0.027556088353466558,0.0,3,0.8127426090750839,14.040225982666016,11,maximum
6.078146457672119,0.09771060943603516,True,False,family-00335-minimum,family-00335,0.9777830243110657,0.10654610431767582,1.0,0,0.5844179417285641,10.400341987609863,11,minimum
6.184263229370117,0.021277010440826416,True,False,family-00335-minimum,family-00335,0.9823622107505798,0.08869762638369624,1.0,1,0.5845978704048698,10.578661918640137,11,minimum
7.683993816375732,0.5856966972351074,True,False,family-00335-minimum,family-00335,0.9681897759437561,0.14097944680246094,1.0,2,0.7295922035586544,10.531902313232422,11,minimum
8.516317367553711,0.3494170904159546,True,False,family-00335-minimum,family-00335,0.9813966751098633,0.09255256583312402,1.0,3,0.7026777907384454,12.119804382324219,11,minimum
4.877191066741943,0.00857742689549923,True,False,family-00335-sum_mod_10,family-00335,0.9736681580543518,0.12175036180933502,0.5,0,0.4544101173738267,10.733016014099121,11,sum_mod_10
6.2161664962768555,-2.6891008019447327e-05,True,False,family-00335-sum_mod_10,family-00335,0.9895069003105164,0.05825530137968693,0.5,1,0.5718500500249686,10.87027359008789,11,sum_mod_10
8.07067584991455,-0.009118644520640373,True,False,family-00335-sum_mod_10,family-00335,0.9936683773994446,0.038363467393481364,0.5,2,0.6134516475130891,13.156172752380371,11,sum_mod_10
7.098593711853027,0.010284187272191048,True,True,family-00335-sum_mod_10,family-00335,0.9985297918319702,0.011058341004630691,0.5,3,0.4089822168864029,17.35672950744629,11,sum_mod_10
5.638812065124512,0.2891390323638916,False,False,family-00336-maximum,family-00336,0.941710889339447,0.22223376595091454,1.0,0,0.593427867385491,9.50210189819336,11,maximum
4.49411153793335,0.02534353733062744,False,False,family-00336-maximum,family-00336,0.9776096343994141,0.10720159627319055,1.0,1,0.4666553215036655,9.630473136901855,11,maximum
11.668746948242188,0.15046373009681702,False,False,family-00336-maximum,family-00336,0.9860976934432983,0.0732473178080354,1.0,2,1.165574703582916,10.011153221130371,11,maximum
8.070195198059082,0.216527059674263,False,False,family-00336-maximum,family-00336,0.9970148801803589,0.020336491000886584,1.0,3,0.4895762003687408,16.48404312133789,11,maximum
4.439346790313721,-0.0024836063385009766,True,False,family-00336-minimum,family-00336,0.9789960384368896,0.10192104973285283,0.5,0,0.4001735234282418,11.093554496765137,11,minimum
6.317108154296875,0.07846271991729736,True,False,family-00336-minimum,family-00336,0.9843416810035706,0.08062284609551504,0.5,1,0.5961528336611259,10.596457481384277,11,minimum
10.355822563171387,0.734952449798584,True,False,family-00336-minimum,family-00336,0.9880507588386536,0.06477789913200616,0.5,2,0.8745195278197097,11.841728210449219,11,minimum
7.081499099731445,0.03496032953262329,True,False,family-00336-minimum,family-00336,0.980774462223053,0.09500954736582401,0.5,3,0.45405748960750864,15.596040725708008,11,minimum
4.0683465003967285,-0.25455349683761597,True,False,family-00336-sum_mod_10,family-00336,0.9598170518875122,0.16852513151165266,0.0,0,0.43149560384262337,9.42847728729248,11,sum_mod_10
5.577539443969727,-0.04398582875728607,True,False,family-00336-sum_mod_10,family-00336,0.9818871021270752,0.0906010661108016,0.0,1,0.5578196969170942,9.998821258544922,11,sum_mod_10
7.741577625274658,0.1874450445175171,True,False,family-00336-sum_mod_10,family-00336,0.9884598255157471,0.06296467473599358,0.0,2,0.7039869335913753,10.996763229370117,11,sum_mod_10
6.5739521980285645,-0.11848469078540802,True,True,family-00336-sum_mod_10,family-00336,0.9915213584899902,0.048887454286149754,0.0,3,0.46865799793304164,14.02718448638916,11,sum_mod_10
4.453878879547119,0.024782776832580566,True,False,family-00337-maximum,family-00337,0.9789960384368896,0.10192104973285283,0.5,0,0.40148348131754014,11.093554496765137,11,maximum
11.290872573852539,0.8036671280860901,True,False,family-00337-maximum,family-00337,0.9841737747192383,0.0813172297431344,0.5,1,1.0644690744553238,10.607046127319336,11,maximum
5.103710174560547,0.05349999666213989,True,False,family-00337-maximum,family-00337,0.9141673445701599,0.2927885748629668,0.5,2,0.3962548353373409,12.879868507385254,11,maximum
8.425163269042969,0.23802387714385986,True,False,family-00337-maximum,family-00337,0.9845596551895142,0.07971867297652639,0.5,3,0.5731530083541768,14.699675559997559,11,maximum
5.365697383880615,0.00016040168702602386,True,False,family-00337-minimum,family-00337,0.9770553112030029,0.10928802356209882,0.0,0,0.5072544889883501,10.577919960021973,11,minimum
9.094758987426758,-0.012110186740756035,True,False,family-00337-minimum,family-00337,0.9865721464157104,0.07121703745434878,0.0,1,0.8327976696972619,10.920730590820312,11,minimum
7.99079704284668,-0.005023533012717962,True,False,family-00337-minimum,family-00337,0.9812121987342834,0.09328320307194576,0.0,2,0.6157488760818098,12.977363586425781,11,minimum
4.429111480712891,-7.150135934352875e-05,True,False,family-00337-minimum,family-00337,0.9698325991630554,0.13532358937968278,0.0,3,0.30927016726157663,14.321172714233398,11,minimum
4.6641764640808105,-0.018086588010191917,False,False,family-00337-sum_mod_10,family-00337,0.9753659963607788,0.11556323798514889,1.0,0,0.44125143159359936,10.570337295532227,11,sum_mod_10
5.871914386749268,0.0023052720353007317,False,False,family-00337-sum_mod_10,family-00337,0.9809984564781189,0.09412744333677357,1.0,1,0.5487057024627086,10.701391220092773,11,sum_mod_10
8.343071937561035,-0.018870195373892784,False,False,family-00337-sum_mod_10,family-00337,0.9921923279762268,0.04566499995003951,1.0,2,0.6837214896725238,12.202442169189453,11,sum_mod_10
9.609258651733398,0.004708085209131241,False,True,family-00337-sum_mod_10,family-00337,0.9990973472595215,0.007229996772080231,1.0,3,0.5808218378964414,16.54424476623535,11,sum_mod_10
4.829153537750244,0.46954840421676636,False,False,family-00338-maximum,family-00338,0.9701509475708008,0.1342170673910033,0.0,0,0.41590209985721915,11.611274719238281,11,maximum
9.60041332244873,0.5791878700256348,False,False,family-00338-maximum,family-00338,0.9834486842155457,0.0842953213091077,0.0,1,0.8995942660171896,10.671936988830566,11,maximum
4.83767032623291,-0.031480610370635986,False,False,family-00338-maximum,family-00338,0.9548565745353699,0.1839590694909205,0.0,2,0.4031126676170995,12.000789642333984,11,maximum
8.843772888183594,0.22328028082847595,False,False,family-00338-maximum,family-00338,0.9937641024589539,0.03787876424162631,0.0,3,0.611188692093603,14.469791412353516,11,maximum
3.764554977416992,-0.04508790373802185,False,False,family-00338-minimum,family-00338,0.9756683111190796,0.11444920768545054,1.0,0,0.34730765044789275,10.839251518249512,11,minimum
5.159564971923828,0.004067704081535339,False,False,family-00338-minimum,family-00338,0.9751496911048889,0.11635798601081664,1.0,1,0.5241235344448095,9.84417724609375,11,minimum
7.321233749389648,0.1140441969037056,False,False,family-00338-minimum,family-00338,0.9659333825111389,0.14860564541049204,1.0,2,0.6765626089231809,10.821221351623535,11,minimum
9.2117280960083,0.12627428770065308,False,False,family-00338-minimum,family-00338,0.953789234161377,0.1872031735010145,1.0,3,0.7877453977898561,11.693788528442383,11,minimum
4.143662929534912,-0.01602388173341751,False,False,family-00338-sum_mod_10,family-00338,0.9814190864562988,0.09246367682088055,0.5,0,0.3701414281709187,11.194809913635254,11,sum_mod_10
5.474183559417725,0.0030913501977920532,False,False,family-00338-sum_mod_10,family-00338,0.9866118431091309,0.07104640498864487,0.5,1,0.5022740640754315,10.898797988891602,11,sum_mod_10
6.223909378051758,-0.081995390355587,False,False,family-00338-sum_mod_10,family-00338,0.9917058944702148,0.04800671101194226,0.5,2,0.5187684927631458,11.997469902038574,11,sum_mod_10
9.283682823181152,-0.04996003955602646,False,True,family-00338-sum_mod_10,family-00338,0.9983680844306946,0.012104218631401494,0.5,3,0.6187460210677471,15.0040283203125,11,sum_mod_10
5.3599042892456055,-0.06729387491941452,True,False,family-00339-maximum,family-00339,0.9789960384368896,0.10192104973285283,1.0,0,0.48315481668283555,11.093554496765137,11,maximum
3.1391749382019043,-0.008286133408546448,True,False,family-00339-maximum,family-00339,0.9780052304267883,0.10570404039543128,1.0,1,0.30107128124779914,10.42668342590332,11,maximum
8.60538101196289,0.04787231981754303,True,False,family-00339-maximum,family-00339,0.9757497906684875,0.11414829873184429,1.0,2,0.8103012854066949,10.619976997375488,11,maximum
9.761614799499512,0.03285347297787666,True,False,family-00339-maximum,family-00339,0.9962067604064941,0.024931582458438867,1.0,3,0.7079149254015212,13.7892484664917,11,maximum
4.496150970458984,0.14053165912628174,True,False,family-00339-minimum,family-00339,0.9775740504264832,0.10733594951541904,0.5,0,0.4418545693892751,10.17563533782959,11,minimum
6.783809185028076,0.3040509819984436,True,False,family-00339-minimum,family-00339,0.9791467785835266,0.10134137993057792,0.5,1,0.6761323369166415,10.033256530761719,11,minimum
7.936126708984375,0.1436428427696228,True,False,family-00339-minimum,family-00339,0.9878431558609009,0.06569266516495526,0.5,2,0.6499052121079212,12.211206436157227,11,minimum
8.13920783996582,-0.0383988618850708,True,False,family-00339-minimum,family-00339,0.9850034117698669,0.07786823215417174,0.5,3,0.5620797941191231,14.480520248413086,11,minimum
4.777286052703857,-0.034925803542137146,True,False,family-00339-sum_mod_10,family-00339,0.9598170518875122,0.16852513151165266,0.0,0,0.5066869131818975,9.42847728729248,11,sum_mod_10
5.807547569274902,0.015183724462985992,True,False,family-00339-sum_mod_10,family-00339,0.9793016910552979,0.10074450592498925,0.0,1,0.5914788420694074,9.818690299987793,11,sum_mod_10
6.068880081176758,0.002966940402984619,True,False,family-00339-sum_mod_10,family-00339,0.9885352253913879,0.06262887190910293,0.0,2,0.5370672569412913,11.300037384033203,11,sum_mod_10
8.203533172607422,0.0021959543228149414,True,True,family-00339-sum_mod_10,family-00339,0.9963629841804504,0.02405802693989815,0.0,3,0.5318520664660821,15.424464225769043,11,sum_mod_10
6.080684661865234,-0.12386026978492737,False,False,family-00340-maximum,family-00340,0.9770431518554688,0.10933363553186916,0.5,0,0.5600194986133588,10.857987403869629,11,maximum
6.080134868621826,0.08880363404750824,False,False,family-00340-maximum,family-00340,0.9891653656959534,0.05980252687746907,0.5,1,0.5213222198318175,11.662911415100098,11,maximum
5.3748650550842285,0.06064040958881378,False,False,family-00340-maximum,family-00340,0.9638928174972534,0.15536879406879459,0.5,2,0.4800008124990632,11.197616577148438,11,maximum
7.303665637969971,0.14784103631973267,False,False,family-00340-maximum,family-00340,0.9934737086296082,0.03934470145155523,0.5,3,0.5381080895927713,13.572859764099121,11,maximum
7.270175933837891,-0.14398562908172607,False,False,family-00340-minimum,family-00340,0.9753659963607788,0.11556323798514889,0.0,0,0.6877903448654171,10.570337295532227,11,minimum
5.258289337158203,-0.017776668071746826,False,False,family-00340-minimum,family-00340,0.9715710878372192,0.12923776399453507,0.0,1,0.4646098462419478,11.317645072937012,11,minimum
11.785072326660156,0.6711660027503967,False,False,family-00340-minimum,family-00340,0.981101930141449,0.09371905026067417,0.0,2,1.0022837307321117,11.758219718933105,11,minimum
6.045603275299072,0.14651066064834595,False,False,family-00340-minimum,family-00340,0.9175911545753479,0.2846135447022772,0.0,3,0.36975268763392677,16.35039710998535,11,minimum
6.559216499328613,0.008900880813598633,True,False,family-00340-sum_mod_10,family-00340,0.9736681580543518,0.12175036180933502,1.0,0,0.6111251945131065,10.733016014099121,11,sum_mod_10
4.958237171173096,-0.0023557916283607483,True,False,family-00340-sum_mod_10,family-00340,0.984628438949585,0.07943270612675242,1.0,1,0.44268592109034266,11.200349807739258,11,sum_mod_10
10.853625297546387,0.020045071840286255,True,False,family-00340-sum_mod_10,family-00340,0.9899322986602783,0.0563123991518108,1.0,2,0.8384393640389893,12.945033073425293,11,sum_mod_10
7.52049446105957,0.04569941759109497,True,True,family-00340-sum_mod_10,family-00340,0.9983452558517456,0.012250535989559542,1.0,3,0.4237142788059846,17.74897575378418,11,sum_mod_10
6.341882705688477,0.0923539400100708,False,False,family-00341-maximum,family-00341,0.9701509475708008,0.1342170673910033,0.0,0,0.546183158958495,11.611274719238281,11,maximum
9.947954177856445,0.7401322722434998,False,False,family-00341-maximum,family-00341,0.9881830811500549,0.06419294312633964,0.0,1,0.8605805213782507,11.559585571289062,11,maximum
6.327146530151367,0.01672065258026123,False,False,family-00341-maximum,family-00341,0.9669457077980042,0.14520392046794095,0.0,2,0.46086793851837615,13.72876262664795,11,maximum
7.896712779998779,0.11373025178909302,False,False,family-00341-maximum,family-00341,0.9943826198577881,0.03471021840718975,0.0,3,0.4761618152463265,16.584095001220703,11,maximum
4.856422424316406,0.059028834104537964,False,False,family-00341-minimum,family-00341,0.9756683111190796,0.11444920768545054,1.0,0,0.44804038508931066,10.839251518249512,11,minimum
6.965692520141602,-0.06661207973957062,False,False,family-00341-minimum,family-00341,0.9817325472831726,0.09121751104318238,1.0,1,0.6997644445266238,9.954339027404785,11,minimum
8.666370391845703,0.11554445326328278,False,False,family-00341-minimum,family-00341,0.9681862592697144,0.14099145829551338,1.0,2,0.7810383157377964,11.09596061706543,11,minimum
9.496956825256348,0.09173634648323059,False,False,family-00341-minimum,family-00341,0.9771069884300232,0.10909409907305877,1.0,3,0.8193093034068171,11.591418266296387,11,minimum
4.734159469604492,0.001678466796875,True,False,family-00341-sum_mod_10,family-00341,0.9598170518875122,0.16852513151165266,0.5,0,0.5021128359703534,9.42847728729248,11,sum_mod_10
5.704944133758545,-0.08731663227081299,True,False,family-00341-sum_mod_10,family-00341,0.9840843081474304,0.08168648220995174,0.5,1,0.5457202993345152,10.453970909118652,11,sum_mod_10
6.16736364364624,0.005360648036003113,True,False,family-00341-sum_mod_10,family-00341,0.9927185773849487,0.04309713447934696,0.5,2,0.4916700917340238,12.543703079223633,11,sum_mod_10
7.6228156089782715,0.10519607365131378,True,True,family-00341-sum_mod_10,family-00341,0.9975922107696533,0.016921560889127524,0.5,3,0.47800404955726133,15.94717788696289,11,sum_mod_10
5.760970115661621,0.09187442064285278,True,False,family-00342-maximum,family-00342,0.9814576506614685,0.09231065703292635,1.0,0,0.531463029416205,10.839832305908203,11,maximum
6.443517684936523,0.3710256814956665,True,False,family-00342-maximum,family-00342,0.9844516515731812,0.08016706796600045,1.0,1,0.6455064549040447,9.982111930847168,11,maximum
8.500511169433594,0.22546717524528503,True,False,family-00342-maximum,family-00342,0.9716904163360596,0.12881609635713076,1.0,2,0.8480052150792051,10.024126052856445,11,maximum
8.734832763671875,0.2314639389514923,True,False,family-00342-maximum,family-00342,0.9954375624656677,0.029143087839343,1.0,3,0.6644780833947876,13.145403861999512,11,maximum
5.147329807281494,0.08731871843338013,False,False,family-00342-minimum,family-00342,0.9814190864562988,0.09246367682088055,0.5,0,0.45979608827587665,11.194809913635254,11,minimum
6.621084690093994,0.10033562779426575,False,False,family-00342-minimum,family-00342,0.989193856716156,0.05967387727103564,0.5,1,0.5947088747404197,11.133320808410645,11,minimum
6.733582019805908,0.21771731972694397,False,False,family-00342-minimum,family-00342,0.9867656230926514,0.07038426692130628,0.5,2,0.5609495908477,12.003898620605469,11,minimum
8.215407371520996,0.04783761501312256,False,False,family-00342-minimum,family-00342,0.9817363023757935,0.09120254961758822,0.5,3,0.6064449532210123,13.546831130981445,11,minimum
6.071916580200195,-0.019286751747131348,True,False,family-00342-sum_mod_10,family-00342,0.9741891026496887,0.11986427310489711,0.0,0,0.5635510820638636,10.774385452270508,11,sum_mod_10
4.351299285888672,-0.007864871062338352,True,False,family-00342-sum_mod_10,family-00342,0.9811192750930786,0.09365053623689554,0.0,1,0.39147851507735243,11.115039825439453,11,sum_mod_10
5.545056343078613,0.000651458278298378,True,False,family-00342-sum_mod_10,family-00342,0.9833583235740662,0.0846641580102087,0.0,2,0.44656105973839094,12.417241096496582,11,sum_mod_10
9.504032135009766,-0.006936782039701939,True,True,family-00342-sum_mod_10,family-00342,0.995862603187561,0.02683357077502536,0.0,3,0.6104890019539789,15.567900657653809,11,sum_mod_10
6.098249435424805,0.003016054630279541,True,False,family-00343-maximum,family-00343,0.9775740504264832,0.10733594951541904,0.5,0,0.5992991329743868,10.17563533782959,11,maximum
7.501758098602295,0.8663908243179321,True,False,family-00343-maximum,family-00343,0.9718402028083801,0.12828606732096884,0.5,1,0.7123770448377963,10.530600547790527,11,maximum
4.453436851501465,0.06832033395767212,True,False,family-00343-maximum,family-00343,0.9407517313957214,0.22489407755590418,0.5,2,0.43295545036984306,10.286131858825684,11,maximum
9.830328941345215,0.3183562755584717,True,False,family-00343-maximum,family-00343,0.9826168417930603,0.08767215096687421,0.5,3,0.8535188966821072,11.517412185668945,11,maximum
5.177109241485596,0.3003331124782562,True,False,family-00343-minimum,family-00343,0.9693408608436584,0.13702598831920093,0.0,0,0.5218054941044241,9.921530723571777,11,minimum
5.501339435577393,-0.12778329849243164,True,False,family-00343-minimum,family-00343,0.9808241128921509,0.09481425039460784,0.0,1,0.5436870652549171,10.118577003479004,11,minimum
8.88496208190918,0.3334382176399231,True,False,family-00343-minimum,family-00343,0.9812699556350708,0.09305465040698674,0.0,2,0.8716832105960989,10.192879676818848,11,minimum
5.499862194061279,0.03358706831932068,True,False,family-00343-minimum,family-00343,0.9227665066719055,0.2719600511424846,0.0,3,0.43030799764484373,12.781222343444824,11,minimum
6.9504804611206055,0.013800721615552902,False,False,family-00343-sum_mod_10,family-00343,0.9701509475708008,0.1342170673910033,1.0,0,0.5985975380984327,11.611274719238281,11,sum_mod_10
6.340819835662842,-0.0051222071051597595,False,False,family-00343-sum_mod_10,family-00343,0.9793823957443237,0.10043308420074648,1.0,1,0.5562967502125804,11.398268699645996,11,sum_mod_10
6.452447414398193,-0.07439593970775604,False,False,family-00343-sum_mod_10,family-00343,0.9906758069992065,0.05287252129184339,1.0,2,0.46923941657940804,13.750864028930664,11,sum_mod_10
7.202013969421387,-0.024538084864616394,False,True,family-00343-sum_mod_10,family-00343,0.9980595707893372,0.014056227123812094,1.0,3,0.41080148474435835,17.5316162109375,11,sum_mod_10
6.122531890869141,0.05560415983200073,True,False,family-00344-maximum,family-00344,0.9710441827774048,0.13109353743699492,0.0,0,0.580890268802698,10.539911270141602,11,maximum
6.99822998046875,0.7554571032524109,True,False,family-00344-maximum,family-00344,0.9835958480834961,0.08369354859286106,0.0,1,0.6370594775994494,10.985206604003906,11,maximum
4.728610515594482,0.010791242122650146,True,False,family-00344-maximum,family-00344,0.9512773156166077,0.1947369510510223,0.0,2,0.39751177709935415,11.895523071289062,11,maximum
11.104204177856445,0.20479142665863037,True,False,family-00344-maximum,family-00344,0.9939390420913696,0.03698912182478645,0.0,3,0.7828558392694422,14.184226036071777,11,maximum
6.016155242919922,0.42353278398513794,False,False,family-00344-minimum,family-00344,0.9451321959495544,0.21260608338723008,1.0,0,0.6902773081750271,8.71556282043457,11,minimum
5.556731700897217,-0.04687434434890747,False,False,family-00344-minimum,family-00344,0.9678341746330261,0.142192007443638,1.0,1,0.6201964926756711,8.959630966186523,11,minimum
6.354637622833252,0.36839041113853455,False,False,family-00344-minimum,family-00344,0.9618509411811829,0.1620164727399847,1.0,2,0.6717453772974895,9.459890365600586,11,minimum
6.926492691040039,0.19731053709983826,False,False,family-00344-minimum,family-00344,0.9661555886268616,0.14786166369368248,1.0,3,0.683016471117521,10.141033172607422,11,minimum
6.24349308013916,-0.165310800075531,True,False,family-00344-sum_mod_10,family-00344,0.9661733508110046,0.14780212800260134,0.5,0,0.6058957039078319,10.304567337036133,11,sum_mod_10
5.028102397918701,-0.07100501656532288,True,False,family-00344-sum_mod_10,family-00344,0.9822127819061279,0.08929767526981396,0.5,1,0.45740795011458735,10.992599487304688,11,sum_mod_10
7.008056163787842,-0.11799660325050354,True,False,family-00344-sum_mod_10,family-00344,0.9860952496528625,0.07325773229355556,0.5,2,0.6502749462350272,10.777066230773926,11,sum_mod_10
8.14394474029541,0.19577299058437347,True,True,family-00344-sum_mod_10,family-00344,0.9933757185935974,0.03983640069490858,0.5,3,0.6156903861168408,13.227337837219238,11,sum_mod_10
4.81821346282959,0.17078962922096252,False,False,family-00345-maximum,family-00345,0.9451321959495544,0.21260608338723008,1.0,0,0.5528287228373562,8.71556282043457,11,maximum
4.267190456390381,-0.02938622236251831,False,False,family-00345-maximum,family-00345,0.9550685882568359,0.18331154154808438,1.0,1,0.5568708934884301,7.662800312042236,11,maximum
6.622682094573975,-0.03213334083557129,False,False,family-00345-maximum,family-00345,0.9490800499916077,0.2012151227919543,1.0,2,0.9537827666075896,6.943595886230469,11,maximum
10.223068237304688,0.2790238559246063,False,False,family-00345-maximum,family-00345,0.9903733730316162,0.05427871134742329,1.0,3,1.0274757742469118,9.949692726135254,11,maximum
5.5831146240234375,0.2632670998573303,False,False,family-00345-minimum,family-00345,0.9770431518554688,0.10933363553186916,0.5,0,0.5141942439566376,10.857987403869629,11,minimum
7.46441650390625,0.23603445291519165,False,False,family-00345-minimum,family-00345,0.9871997237205505,0.06850529815279292,0.5,1,0.7016357679510822,10.638591766357422,11,minimum
7.594208717346191,0.23012226819992065,False,False,family-00345-minimum,family-00345,0.9858337044715881,0.07436983373550711,0.5,2,0.6050881290918707,12.550582885742188,11,minimum
7.822267055511475,0.02988111972808838,False,False,family-00345-minimum,family-00345,0.980651319026947,0.09549335783206721,0.5,3,0.5165184369990117,15.144216537475586,11,minimum
7.096829414367676,0.07875239849090576,False,False,family-00345-sum_mod_10,family-00345,0.9753659963607788,0.11556323798514889,0.0,0,0.6713910082478919,10.570337295532227,11,sum_mod_10
5.013383388519287,0.1099514365196228,False,False,family-00345-sum_mod_10,family-00345,0.9695011973381042,0.13647180324589514,0.0,1,0.44631775426394565,11.232767105102539,11,sum_mod_10
5.892618656158447,0.03814566135406494,False,False,family-00345-sum_mod_10,family-00345,0.9858710169792175,0.07421148097834661,0.0,2,0.45498019218732744,12.951374053955078,11,sum_mod_10
9.493102073669434,-0.21819135546684265,False,True,family-00345-sum_mod_10,family-00345,0.9967706203460693,0.021746154265421556,0.0,3,0.6123571493164514,15.502557754516602,11,sum_mod_10
7.598836898803711,-0.014783382415771484,False,False,family-00346-maximum,family-00346,0.9770431518554688,0.10933363553186916,0.5,0,0.6998384337870567,10.857987403869629,11,maximum
10.471264839172363,0.8672537207603455,False,False,family-00346-maximum,family-00346,0.992861807346344,0.04239171352343233,0.5,1,0.869848042419118,12.038039207458496,11,maximum
4.354227542877197,0.0013335347175598145,False,False,family-00346-maximum,family-00346,0.9514859914779663,0.19411636675444724,0.5,2,0.3417211111616728,12.742050170898438,11,maximum
7.962767124176025,0.06949019432067871,False,False,family-00346-maximum,family-00346,0.9861380457878113,0.07307528874959632,0.5,3,0.5450798570393472,14.608441352844238,11,maximum
5.686650276184082,0.03895366191864014,False,False,family-00346-minimum,family-00346,0.9753659963607788,0.11556323798514889,0.0,0,0.5379819127046839,10.570337295532227,11,minimum
8.426139831542969,-0.02591705322265625,False,False,family-00346-minimum,family-00346,0.9809485673904419,0.09432414172261915,0.0,1,0.8191872387205676,10.285975456237793,11,minimum
10.559671401977539,0.6764711141586304,False,False,family-00346-minimum,family-00346,0.9750202298164368,0.11683272756093895,0.0,2,0.9804158867031167,10.770604133605957,11,minimum
6.300381660461426,0.09120041131973267,False,False,family-00346-minimum,family-00346,0.9322565793991089,0.2477623717586645,0.0,3,0.43291387886419846,14.55342960357666,11,minimum
7.071280002593994,0.1921989917755127,True,False,family-00346-sum_mod_10,family-00346,0.9710441827774048,0.13109353743699492,1.0,0,0.6709050789285244,10.539911270141602,11,sum_mod_10
4.868303298950195,0.11285677552223206,True,False,family-00346-sum_mod_10,family-00346,0.9830824136734009,0.08578729859482616,1.0,1,0.43397707739848695,11.217881202697754,11,sum_mod_10
8.240781784057617,0.248362734913826,True,False,family-00346-sum_mod_10,family-00346,0.9852802157402039,0.07670724735438567,1.0,2,0.6288270029789118,13.105006217956543,11,sum_mod_10
5.667248249053955,-0.0923505425453186,True,True,family-00346-sum_mod_10,family-00346,0.9937673807144165,0.037862138759562604,1.0,3,0.3454582189371086,16.405017852783203,11,sum_mod_10
7.177504062652588,-0.08246734738349915,True,False,family-00347-maximum,family-00347,0.9736681580543518,0.12175036180933502,0.0,0,0.6687313289409113,10.733016014099121,11,maximum
5.702067852020264,0.21652080118656158,True,False,family-00347-maximum,family-00347,0.983134388923645,0.0855760761984162,0.0,1,0.4651516576612868,12.258513450622559,11,maximum
4.696622848510742,0.1745252013206482,True,False,family-00347-maximum,family-00347,0.959656834602356,0.1690332166591515,0.0,2,0.3705798446756471,12.673713684082031,11,maximum
6.255033493041992,0.21396294236183167,True,False,family-00347-maximum,family-00347,0.9906646013259888,0.05292479764685838,0.0,3,0.44962159858087214,13.911772727966309,11,maximum
7.019619941711426,0.39403122663497925,True,False,family-00347-minimum,family-00347,0.9777830243110657,0.10654610431767582,1.0,0,0.6749412615540951,10.400341987609863,11,minimum
4.10851526260376,-0.06442475318908691,True,False,family-00347-minimum,family-00347,0.9786815047264099,0.10312703661055489,1.0,1,0.38232333935559815,10.746179580688477,11,minimum
7.310818672180176,0.12109687924385071,True,False,family-00347-minimum,family-00347,0.9763413667678833,0.11195510028467612,1.0,2,0.6971075029490408,10.487361907958984,11,minimum
8.932336807250977,0.08786404132843018,True,False,family-00347-minimum,family-00347,0.9742466807365417,0.11965515211788447,1.0,3,0.6687573797275328,13.35661792755127,11,minimum
5.990591049194336,-0.044630780816078186,True,False,family-00347-sum_mod_10,family-00347,0.9661733508110046,0.14780212800260134,0.5,0,0.5813529916645087,10.304567337036133,11,sum_mod_10
4.33706521987915,-0.007040318101644516,True,False,family-00347-sum_mod_10,family-00347,0.979904055595398,0.09841227719820318,0.5,1,0.40150671542112343,10.801974296569824,11,sum_mod_10
6.07336950302124,0.005742793902754784,True,False,family-00347-sum_mod_10,family-00347,0.9862672090530396,0.07252384074442864,0.5,2,0.5418525271092626,11.208528518676758,11,sum_mod_10
7.717441082000732,-0.03282514959573746,True,True,family-00347-sum_mod_10,family-00347,0.9967556595802307,0.021831878112049598,0.5,3,0.5572026337306881,13.85033130645752,11,sum_mod_10
6.454806327819824,0.01713550090789795,True,False,family-00348-maximum,family-00348,0.9789960384368896,0.10192104973285283,1.0,0,0.5818519510317487,11.093554496765137,11,maximum
7.633403301239014,0.689626932144165,True,False,family-00348-maximum,family-00348,0.9796690344810486,0.09932439223868526,1.0,1,0.721086941559209,10.585968017578125,11,maximum
7.49197244644165,0.02379399538040161,True,False,family-00348-maximum,family-00348,0.9614059329032898,0.16344998551250284,1.0,2,0.6594749067355251,11.360511779785156,11,maximum
8.0952787399292,0.17034566402435303,True,False,family-00348-maximum,family-00348,0.9928473830223083,0.042462884795958555,1.0,3,0.5726459677962853,14.13662052154541,11,maximum
6.617173194885254,0.2390892505645752,False,False,family-00348-minimum,family-00348,0.9770431518554688,0.10933363553186916,0.5,0,0.6094290726960127,10.857987403869629,11,minimum
8.097208023071289,0.12245702743530273,False,False,family-00348-minimum,family-00348,0.9902920126914978,0.05465535228959924,0.5,1,0.6598914333643595,12.270515441894531,11,minimum
6.722494125366211,0.20658135414123535,False,False,family-00348-minimum,family-00348,0.9848029017448425,0.07870597607218238,0.5,2,0.5138309201879783,13.083086013793945,11,minimum
8.017178535461426,0.11649179458618164,False,False,family-00348-minimum,family-00348,0.9822975397109985,0.08895747800848289,0.5,3,0.5611631680667675,14.286715507507324,11,minimum
8.09323787689209,-0.01196911558508873,False,False,family-00348-sum_mod_10,family-00348,0.9753659963607788,0.11556323798514889,0.0,0,0.7656555936311384,10.570337295532227,11,sum_mod_10
5.027986526489258,-0.013372313231229782,False,False,family-00348-sum_mod_10,family-00348,0.9764853715896606,0.11141894044901708,0.0,1,0.43393692315695004,11.586906433105469,11,sum_mod_10
5.4647674560546875,0.005352642387151718,False,False,family-00348-sum_mod_10,family-00348,0.9883440732955933,0.06347922305247147,0.0,2,0.405942108400725,13.46193790435791,11,sum_mod_10
8.319530487060547,0.004569327458739281,False,True,family-00348-sum_mod_10,family-00348,0.9955021739006042,0.028794672466626457,0.0,3,0.5534554501752678,15.031978607177734,11,sum_mod_10
5.917081832885742,0.034252166748046875,False,False,family-00349-maximum,family-00349,0.941710889339447,0.22223376595091454,0.5,0,0.622712942492309,9.50210189819336,11,maximum
10.970438957214355,0.8257976770401001,False,False,family-00349-maximum,family-00349,0.9783747792243958,0.10429851788959031,0.5,1,1.2070524496734403,9.088618278503418,11,maximum
5.835925102233887,0.03310394287109375,False,False,family-00349-maximum,family-00349,0.9050999283790588,0.3137305477728012,0.5,2,0.5008891638405722,11.651130676269531,11,maximum
8.308671951293945,0.15114188194274902,False,False,family-00349-maximum,family-00349,0.9752089381217957,0.11614049351713826,0.5,3,0.5919861645932061,14.035246849060059,11,maximum
6.757305145263672,0.23866957426071167,True,False,family-00349-minimum,family-00349,0.9775740504264832,0.10733594951541904,0.0,0,0.6640671487255724,10.17563533782959,11,minimum
9.062348365783691,-0.0212724506855011,True,False,family-00349-minimum,family-00349,0.9824891090393066,0.08818704008408731,0.0,1,0.8484499158385944,10.68106460571289,11,minimum
7.481850624084473,0.21392247080802917,True,False,family-00349-minimum,family-00349,0.9787887334823608,0.10271643570341864,0.0,2,0.6149907186464275,12.165794372558594,11,minimum
4.567497253417969,0.14047056436538696,True,False,family-00349-minimum,family-00349,0.9474301338195801,0.2060136395899898,0.0,3,0.3510222802499286,13.01198673248291,11,minimum
6.82822847366333,0.1747160106897354,False,False,family-00349-sum_mod_10,family-00349,0.9792648553848267,0.10088653983718776,1.0,0,0.6425264019959472,10.627156257629395,11,sum_mod_10
4.776515960693359,0.11435237526893616,False,False,family-00349-sum_mod_10,family-00349,0.9860817193984985,0.07331538510224497,1.0,1,0.430780377557902,11.088053703308105,11,sum_mod_10
5.149860858917236,0.05102336406707764,False,False,family-00349-sum_mod_10,family-00349,0.9810009598731995,0.09411756965161433,1.0,2,0.47964598885129306,10.736795425415039,11,sum_mod_10
8.737889289855957,0.2624223530292511,False,True,family-00349-sum_mod_10,family-00349,0.9940119385719299,0.03661692095631693,1.0,3,0.6648576178621625,13.142497062683105,11,sum_mod_10
6.398969650268555,-0.2311783730983734,True,False,family-00350-maximum,family-00350,0.9770553112030029,0.10928802356209882,0.0,0,0.6049364784809038,10.577919960021973,11,maximum
7.188694477081299,0.2730921804904938,True,False,family-00350-maximum,family-00350,0.9892764091491699,0.059300686885546704,0.0,1,0.6011242491621382,11.958749771118164,11,maximum
4.852253437042236,-0.06019517779350281,True,False,family-00350-maximum,family-00350,0.9809715151786804,0.09423368172667365,0.0,2,0.35993196463694804,13.481029510498047,11,maximum
7.69446325302124,0.10830608010292053,True,False,family-00350-maximum,family-00350,0.9976418018341064,0.016622178148613293,0.0,3,0.5084499994800951,15.13317584991455,11,maximum
5.517561435699463,0.06829982995986938,True,False,family-00350-minimum,family-00350,0.9736681580543518,0.12175036180933502,1.0,0,0.5140737168799036,10.733016014099121,11,minimum
5.481217861175537,-0.02605891227722168,True,False,family-00350-minimum,family-00350,0.9902004599571228,0.05507835376157569,1.0,1,0.5053495641488287,10.846388816833496,11,minimum
10.206021308898926,0.5862569808959961,True,False,family-00350-minimum,family-00350,0.982155978679657,0.08952543938795879,1.0,2,0.9602024055419719,10.62903118133545,11,minimum
10.599695205688477,0.20015943050384521,True,False,family-00350-minimum,family-00350,0.9865800738334656,0.0711829717187607,1.0,3,0.7887481926064965,13.438630104064941,11,minimum
6.921534061431885,-0.009295020252466202,False,False,family-00350-sum_mod_10,family-00350,0.9753659963607788,0.11556323798514889,0.5,0,0.6548073034866556,10.570337295532227,11,sum_mod_10
4.294836521148682,-0.00017889775335788727,False,False,family-00350-sum_mod_10,family-00350,0.9768245816230774,0.11015241213548582,0.5,1,0.37488157647527137,11.456515312194824,11,sum_mod_10
6.6378254890441895,-0.003064587712287903,False,False,family-00350-sum_mod_10,family-00350,0.9891467094421387,0.059886727098367454,0.5,2,0.5484651400215328,12.102547645568848,11,sum_mod_10
9.057215690612793,-0.004291728138923645,False,True,family-00350-sum_mod_10,family-00350,0.9974728226661682,0.017638150204747658,0.5,3,0.6028670335387584,15.023571014404297,11,sum_mod_10
5.030869960784912,-0.06081920862197876,True,False,family-00351-maximum,family-00351,0.9777830243110657,0.10654610431767582,1.0,0,0.4837215898071706,10.400341987609863,11,maximum
9.223923683166504,0.5260071158409119,True,False,family-00351-maximum,family-00351,0.9870626330375671,0.06910027174535517,1.0,1,0.8323176036650946,11.082216262817383,11,maximum
8.481021881103516,0.04009819030761719,True,False,family-00351-maximum,family-00351,0.9770646095275879,0.1092531393707314,1.0,2,0.642714896010302,13.1956205368042,11,maximum
7.868101596832275,0.1456003189086914,True,False,family-00351-maximum,family-00351,0.9963059425354004,0.024377752111276196,1.0,3,0.430863444796666,18.261241912841797,11,maximum
4.54866886138916,-0.05077546834945679,True,False,family-00351-minimum,family-00351,0.9789960384368896,0.10192104973285283,0.5,0,0.41002808096499144,11.093554496765137,11,minimum
9.646666526794434,0.03225386142730713,True,False,family-00351-minimum,family-00351,0.984216570854187,0.08114041712146679,0.5,1,0.902100676098628,10.693558692932129,11,minimum
9.600102424621582,0.5286892056465149,True,False,family-00351-minimum,family-00351,0.9783616662025452,0.10434850109285448,0.5,2,0.7660596722858933,12.531794548034668,11,minimum
7.321761608123779,0.1275850534439087,True,False,family-00351-minimum,family-00351,0.969576358795166,0.13621171707562663,0.5,3,0.43561470997161655,16.807884216308594,11,minimum
5.176738739013672,0.054803818464279175,True,False,family-00351-sum_mod_10,family-00351,0.9770553112030029,0.10928802356209882,0.0,0,0.48939099166741273,10.577919960021973,11,sum_mod_10
5.39531135559082,0.004176728427410126,True,False,family-00351-sum_mod_10,family-00351,0.9859747290611267,0.07377080532321015,0.0,1,0.5024005561276522,10.739063262939453,11,sum_mod_10
9.605047225952148,0.021820884197950363,True,False,family-00351-sum_mod_10,family-00351,0.9879732131958008,0.06512001416604149,0.0,2,0.7874192390032956,12.198136329650879,11,sum_mod_10
7.466464042663574,0.016127899289131165,True,True,family-00351-sum_mod_10,family-00351,0.9983514547348022,0.012210836288946383,0.0,3,0.4346534344547381,17.17797088623047,11,sum_mod_10
8.358248710632324,-0.06299567222595215,False,False,family-00352-maximum,family-00352,0.9770431518554688,0.10933363553186916,0.5,0,0.7697788180941862,10.857987403869629,11,maximum
5.307776927947998,0.04621565341949463,False,False,family-00352-maximum,family-00352,0.9889938235282898,0.060575521958610795,0.5,1,0.43108757992161334,12.312525749206543,11,maximum
5.533202648162842,0.03898489475250244,False,False,family-00352-maximum,family-00352,0.9631482362747192,0.1578064497957474,0.5,2,0.4873146643075262,11.354475975036621,11,maximum
8.137228965759277,0.26727554202079773,False,False,family-00352-maximum,family-00352,0.9888889789581299,0.061046633751153365,0.5,3,0.577916414452721,14.080286979675293,11,maximum
9.2352294921875,0.2167511284351349,False,False,family-00352-minimum,family-00352,0.9792648553848267,0.10088653983718776,0.0,0,0.8690217089409399,10.627156257629395,11,minimum
4.852633953094482,0.13048651814460754,False,False,family-00352-minimum,family-00352,0.9826996326446533,0.08733791231834276,0.0,1,0.42203204183797044,11.498259544372559,11,minimum
9.3634672164917,0.17414560914039612,False,False,family-00352-minimum,family-00352,0.9770044684410095,0.1094787003741109,0.0,2,0.7727940148038398,12.116381645202637,11,minimum
6.21409797668457,-0.061583876609802246,False,False,family-00352-minimum,family-00352,0.8749995231628418,0.37677108913766294,0.0,3,0.3907200572964188,15.904220581054688,11,minimum
8.559272766113281,0.02334626019001007,False,False,family-00352-sum_mod_10,family-00352,0.9792648553848267,0.10088653983718776,1.0,0,0.8054151608026325,10.627156257629395,11,sum_mod_10
4.697441577911377,0.01904263347387314,False,False,family-00352-sum_mod_10,family-00352,0.981899619102478,0.09055108327404927,1.0,1,0.4193074294069455,11.202857971191406,11,sum_mod_10
6.177721977233887,0.004057150334119797,False,False,family-00352-sum_mod_10,family-00352,0.9815734028816223,0.09185086972508452,1.0,2,0.5032194399077243,12.276397705078125,11,sum_mod_10
7.778781890869141,-0.03905799239873886,False,True,family-00352-sum_mod_10,family-00352,0.986304759979248,0.07236329069552716,1.0,3,0.4847529423119416,16.046899795532227,11,sum_mod_10
6.0952324867248535,0.07769662141799927,True,False,family-00353-maximum,family-00353,0.9710441827774048,0.13109353743699492,0.0,0,0.5783001707037108,10.539911270141602,11,maximum
6.6177778244018555,0.8697658181190491,True,False,family-00353-maximum,family-00353,0.9815430045127869,0.09197168870467874,0.0,1,0.6034770855451644,10.966079711914062,11,maximum
4.336326599121094,0.022647321224212646,True,False,family-00353-maximum,family-00353,0.9496455788612366,0.19955749545496695,0.0,2,0.37730520206051416,11.492888450622559,11,maximum
10.899212837219238,0.25939565896987915,True,False,family-00353-maximum,family-00353,0.9928323030471802,0.04253725980100087,0.0,3,0.8211242623829248,13.273524284362793,11,maximum
6.772986888885498,0.560570240020752,False,False,family-00353-minimum,family-00353,0.9756683111190796,0.11444920768545054,1.0,0,0.6248574338811268,10.839251518249512,11,minimum
4.9884161949157715,0.05104917287826538,False,False,family-00353-minimum,family-00353,0.9732422828674316,0.12328437677107246,1.0,1,0.43638932382655266,11.431114196777344,11,minimum
7.617644786834717,0.20764726400375366,False,False,family-00353-minimum,family-00353,0.9653596878051758,0.15051955209677928,1.0,2,0.6936238061797692,10.982386589050293,11,minimum
8.936433792114258,0.1004754900932312,False,False,family-00353-minimum,family-00353,0.9735833406448364,0.12205643724150168,1.0,3,0.7280547043503665,12.274398803710938,11,minimum
7.515632152557373,-0.06401942670345306,False,False,family-00353-sum_mod_10,family-00353,0.9753659963607788,0.11556323798514889,0.5,0,0.7110115734654949,10.570337295532227,11,sum_mod_10
5.829756736755371,0.021681956946849823,False,False,family-00353-sum_mod_10,family-00353,0.9750725030899048,0.11664112166671184,0.5,1,0.5007148338132202,11.642868041992188,11,sum_mod_10
6.440089225769043,0.03826553001999855,False,False,family-00353-sum_mod_10,family-00353,0.989949107170105,0.05623526241471388,0.5,2,0.4706707381927069,13.682790756225586,11,sum_mod_10
8.403056144714355,0.018196459859609604,False,True,family-00353-sum_mod_10,family-00353,0.9980839490890503,0.013903881664844972,0.5,3,0.5098230960909318,16.482297897338867,11,sum_mod_10
4.507682800292969,0.10277944803237915,True,False,family-00354-maximum,family-00354,0.9789960384368896,0.10192104973285283,1.0,0,0.4063334976726713,11.093554496765137,11,maximum
7.959555625915527,0.7496271729469299,True,False,family-00354-maximum,family-00354,0.9833791851997375,0.08457904881394815,1.0,1,0.7541258628282642,10.554677963256836,11,maximum
8.89432430267334,0.055225670337677,True,False,family-00354-maximum,family-00354,0.9638772010803223,0.1554200825043558,1.0,2,0.7909152207065931,11.245610237121582,11,maximum
8.590620994567871,0.20928728580474854,True,False,family-00354-maximum,family-00354,0.994249701499939,0.035396668762676,1.0,3,0.5551247602967849,15.475117683410645,11,maximum
5.21917724609375,0.016693472862243652,False,False,family-00354-minimum,family-00354,0.9814190864562988,0.09246367682088055,0.5,0,0.46621401223944,11.194809913635254,11,minimum
9.350842475891113,0.03692513704299927,False,False,family-00354-minimum,family-00354,0.987177848815918,0.06860033456311079,0.5,1,0.8791746379135096,10.635932922363281,11,minimum
9.661540031433105,0.5675485134124756,False,False,family-00354-minimum,family-00354,0.9776661396026611,0.1069881325286947,0.5,2,0.8391992779356354,11.512807846069336,11,minimum
6.623959064483643,0.062428414821624756,False,False,family-00354-minimum,family-00354,0.9735167622566223,0.12229649862217601,0.5,3,0.433460949148633,15.281558990478516,11,minimum
3.8824002742767334,-0.003502480685710907,True,False,family-00354-sum_mod_10,family-00354,0.9598170518875122,0.16852513151165266,0.0,0,0.41177383749010643,9.42847728729248,11,sum_mod_10
5.163570404052734,-0.045261651277542114,True,False,family-00354-sum_mod_10,family-00354,0.9814761281013489,0.09223731103073299,0.0,1,0.5208827036587554,9.913115501403809,11,sum_mod_10
8.327313423156738,0.02456815540790558,True,False,family-00354-sum_mod_10,family-00354,0.9869944453239441,0.06939565740792153,0.0,2,0.7905315519270915,10.533815383911133,11,sum_mod_10
7.240024089813232,0.07047052681446075,True,True,family-00354-sum_mod_10,family-00354,0.9933564066886902,0.03993313211653138,0.0,3,0.5101167769060567,14.192875862121582,11,sum_mod_10
4.645805358886719,0.15152347087860107,False,False,family-00355-maximum,family-00355,0.941710889339447,0.22223376595091454,0.5,0,0.4889239674192537,9.50210189819336,11,maximum
9.185591697692871,0.4389215111732483,False,False,family-00355-maximum,family-00355,0.972838819026947,0.12473123894667662,0.5,1,1.1025193548885581,8.331456184387207,11,maximum
4.18882942199707,0.09775549173355103,False,False,family-00355-maximum,family-00355,0.9001479148864746,0.3247578495652569,0.5,2,0.4394510286359638,9.531959533691406,11,maximum
7.038038730621338,0.15817254781723022,False,False,family-00355-maximum,family-00355,0.9673653244972229,0.14378453245364378,0.5,3,0.6987904069599535,10.071744918823242,11,maximum
5.915496349334717,0.21060454845428467,False,False,family-00355-minimum,family-00355,0.9701509475708008,0.1342170673910033,0.0,0,0.5094614064667297,11.611274719238281,11,minimum
6.892735481262207,0.13556508719921112,False,False,family-00355-minimum,family-00355,0.9822057485580444,0.089325886919329,0.0,1,0.6578196275081934,10.478154182434082,11,minimum
8.267937660217285,0.2565610706806183,False,False,family-00355-minimum,family-00355,0.9746909141540527,0.11803725233577378,0.0,2,0.8110475888261358,10.194146156311035,11,minimum
5.698429107666016,0.13513986766338348,False,False,family-00355-minimum,family-00355,0.9279981851577759,0.2587865097629961,0.0,3,0.5103981725819122,11.164673805236816,11,minimum
7.356602191925049,0.169799342751503,True,False,family-00355-sum_mod_10,family-00355,0.9693408608436584,0.13702598831920093,1.0,0,0.7414785477050514,9.921530723571777,11,sum_mod_10
5.242984294891357,0.005294233560562134,True,False,family-00355-sum_mod_10,family-00355,0.9822291135787964,0.089232155940674,1.0,1,0.48058105221272096,10.909677505493164,11,sum_mod_10
6.935885906219482,-0.039393723011016846,True,False,family-00355-sum_mod_10,family-00355,0.9907289743423462,0.05262430113752885,1.0,2,0.5088012471249295,13.631817817687988,11,sum_mod_10
7.756968021392822,0.07695642113685608,True,True,family-00355-sum_mod_10,family-00355,0.994541347026825,0.03388632921353378,1.0,3,0.44006851390285673,17.626728057861328,11,sum_mod_10
6.287484169006348,0.024352431297302246,False,False,family-00356-maximum,family-00356,0.9792648553848267,0.10088653983718776,0.0,0,0.5916431467253969,10.627156257629395,11,maximum
8.47173023223877,0.828981876373291,False,False,family-00356-maximum,family-00356,0.9891394972801208,0.059919268651215676,0.0,1,0.7647631983323248,11.07758617401123,11,maximum
7.002997398376465,0.015955567359924316,False,False,family-00356-maximum,family-00356,0.9676266312599182,0.14289782711955223,0.0,2,0.6095076444365056,11.48959732055664,11,maximum
11.777546882629395,0.2582498788833618,False,False,family-00356-maximum,family-00356,0.9939422011375427,0.03697301046734524,0.0,3,0.8182284558038211,14.393959045410156,11,maximum
4.919163227081299,0.010855555534362793,False,False,family-00356-minimum,family-00356,0.9756683111190796,0.11444920768545054,1.0,0,0.45382868169440915,10.839251518249512,11,minimum
5.91676664352417,-0.0034924745559692383,False,False,family-00356-minimum,family-00356,0.9833955764770508,0.08451215862455567,1.0,1,0.5669652073096186,10.4358549118042,11,minimum
9.204219818115234,0.6511513590812683,False,False,family-00356-minimum,family-00356,0.9760143160820007,0.11316945140337041,1.0,2,0.8741256093812239,10.529630661010742,11,minimum
8.841599464416504,0.2335033416748047,False,False,family-00356-minimum,family-00356,0.9880532026290894,0.06476710938228304,1.0,3,0.6607555589955472,13.381044387817383,11,minimum
4.601278781890869,0.03747962787747383,True,False,family-00356-sum_mod_10,family-00356,0.9661733508110046,0.14780212800260134,0.5,0,0.44652809102942104,10.304567337036133,11,sum_mod_10
5.909478664398193,-0.013910859823226929,True,False,family-00356-sum_mod_10,family-00356,0.9832205772399902,0.08522545588163316,0.5,1,0.5613022295969029,10.528158187866211,11,sum_mod_10
7.796326160430908,-0.01808623969554901,True,False,family-00356-sum_mod_10,family-00356,0.9879633188247681,0.06516362957215532,0.5,2,0.7455541934502454,10.457088470458984,11,sum_mod_10
7.865252494812012,0.020900480449199677,True,True,family-00356-sum_mod_10,family-00356,0.9942829608917236,0.03522519494929595,0.5,3,0.5892777832397994,13.347274780273438,11,sum_mod_10
6.148832321166992,0.00563889741897583,True,False,family-00357-maximum,family-00357,0.9814576506614685,0.09231065703292635,1.0,0,0.5672442292133614,10.839832305908203,11,maximum
6.319767475128174,0.1037825345993042,True,False,family-00357-maximum,family-00357,0.9851544499397278,0.07723538950423399,1.0,1,0.6174482452299741,10.235299110412598,11,maximum
10.514310836791992,0.0682365894317627,True,False,family-00357-maximum,family-00357,0.9664468765258789,0.14688409641628597,1.0,2,1.0049998154091013,10.462002754211426,11,maximum
11.261693954467773,0.1761201024055481,True,False,family-00357-maximum,family-00357,0.9956217408180237,0.028147441895927192,1.0,3,0.6754502861960662,16.672868728637695,11,maximum
5.457889080047607,0.009889662265777588,True,False,family-00357-minimum,family-00357,0.9775740504264832,0.10733594951541904,0.5,0,0.5363683837761964,10.17563533782959,11,minimum
7.358653545379639,0.027977585792541504,True,False,family-00357-minimum,family-00357,0.9828213453292847,0.08684580802068989,0.5,1,0.6940185090610608,10.602964401245117,11,minimum
8.317086219787598,0.3704712986946106,True,False,family-00357-minimum,family-00357,0.9871289730072021,0.0688125409944774,0.5,2,0.7186408552134832,11.573355674743652,11,minimum
6.39763879776001,0.040123045444488525,True,False,family-00357-minimum,family-00357,0.9718490242958069,0.12825482640037592,0.5,3,0.4484894758503062,14.26485824584961,11,minimum
3.872096300125122,-0.10115702450275421,False,False,family-00357-sum_mod_10,family-00357,0.9624109864234924,0.16020471188364557,0.0,0,0.37449618289771414,10.339481353759766,11,sum_mod_10
2.7889180183410645,-0.05364920198917389,False,False,family-00357-sum_mod_10,family-00357,0.9296844601631165,0.25445438680441324,0.0,1,0.2703088233540619,10.317524909973145,11,sum_mod_10
5.226669788360596,-0.0026319026947021484,False,False,family-00357-sum_mod_10,family-00357,0.9522552490234375,0.1918204814984446,0.0,2,0.4905895217751581,10.653855323791504,11,sum_mod_10
6.571654319763184,-0.0062131136655807495,False,True,family-00357-sum_mod_10,family-00357,0.9768866896629333,0.10991996733904612,0.0,3,0.5441683570059807,12.076509475708008,11,sum_mod_10
3.762385845184326,0.10860592126846313,True,False,family-00358-maximum,family-00358,0.9598170518875122,0.16852513151165266,0.5,0,0.3990449073102395,9.42847728729248,11,maximum
7.443600654602051,0.3550322651863098,True,False,family-00358-maximum,family-00358,0.9840942025184631,0.08164567068037909,0.5,1,0.7398989779298135,10.060293197631836,11,maximum
5.221495628356934,0.05729275941848755,True,False,family-00358-maximum,family-00358,0.9508634805679321,0.1959648859203025,0.5,2,0.48451282971612497,10.776795387268066,11,maximum
9.541584014892578,0.2495294213294983,True,False,family-00358-maximum,family-00358,0.9917775392532349,0.047663657941998075,0.5,3,0.7144118154033872,13.355859756469727,11,maximum
5.941947937011719,-0.006876790896058083,False,False,family-00358-minimum,family-00358,0.9792648553848267,0.10088653983718776,0.0,0,0.5591286881423152,10.627156257629395,11,minimum
6.113572597503662,0.0019258707761764526,False,False,family-00358-minimum,family-00358,0.9877661466598511,0.0660310768615577,0.0,1,0.5644567029429114,10.830897331237793,11,minimum
8.3696928024292,0.0012453943490982056,False,False,family-00358-minimum,family-00358,0.980525016784668,0.09598874952293698,0.0,2,0.6849345078021385,12.219697952270508,11,minimum
5.491907596588135,-0.01032995991408825,False,False,family-00358-minimum,family-00358,0.9494563341140747,0.20011293370685518,0.0,3,0.43940842552402476,12.498412132263184,11,minimum
4.879304885864258,-0.08992989361286163,False,False,family-00358-sum_mod_10,family-00358,0.9701509475708008,0.1342170673910033,1.0,0,0.42022129385845314,11.611274719238281,11,sum_mod_10
5.789833068847656,-0.10483954846858978,False,False,family-00358-sum_mod_10,family-00358,0.9872638583183289,0.06822644428879299,1.0,1,0.5167269308212105,11.204821586608887,11,sum_mod_10
8.808226585388184,0.08911915123462677,False,False,family-00358-sum_mod_10,family-00358,0.993778645992279,0.037804994326003226,1.0,2,0.6727301345621239,13.093254089355469,11,sum_mod_10
9.779424667358398,0.12916679680347443,False,True,family-00358-sum_mod_10,family-00358,0.9995250701904297,0.004109143070001991,1.0,3,0.533463493708395,18.331947326660156,11,sum_mod_10
8.286224365234375,-0.1820746660232544,True,False,family-00359-maximum,family-00359,0.9710441827774048,0.13109353743699492,0.0,0,0.7861759129517844,10.539911270141602,11,maximum
4.202661991119385,0.002164144068956375,True,False,family-00359-maximum,family-00359,0.980038046836853,0.0978910048772314,0.0,1,0.3632210994788909,11.570533752441406,11,maximum
4.658226490020752,-0.030994661152362823,True,False,family-00359-maximum,family-00359,0.9643531441688538,0.15385379972362176,0.0,2,0.365441546427194,12.746844291687012,11,maximum
7.54691219329834,0.039331987500190735,True,False,family-00359-maximum,family-00359,0.9887500405311584,0.061669404122113414,0.0,3,0.5314098117850933,14.201680183410645,11,maximum
7.498448371887207,0.21455976366996765,False,False,family-00359-minimum,family-00359,0.941710889339447,0.22223376595091454,1.0,0,0.7891357567227196,9.50210189819336,11,minimum
5.369736671447754,0.18499183654785156,False,False,family-00359-minimum,family-00359,0.9699962139129639,0.1347553287456662,1.0,1,0.5812555919471213,9.238167762756348,11,minimum
9.445570945739746,0.2907465398311615,False,False,family-00359-minimum,family-00359,0.9841929078102112,0.08123819575575923,1.0,2,0.8601653615184781,10.981110572814941,11,minimum
9.56008529663086,-0.12378644943237305,False,False,family-00359-minimum,family-00359,0.9693263173103333,0.13707621355164293,1.0,3,0.6476448753946883,14.761307716369629,11,minimum
7.045233726501465,-0.01160952728241682,False,False,family-00359-sum_mod_10,family-00359,0.9451321959495544,0.21260608338723008,0.5,0,0.8083509776308605,8.71556282043457,11,sum_mod_10
4.730560302734375,-0.0055167656391859055,False,False,family-00359-sum_mod_10,family-00359,0.9623538851737976,0.16038983076250504,0.5,1,0.5437477610363097,8.69991683959961,11,sum_mod_10
7.200400352478027,-0.02519029751420021,False,False,family-00359-sum_mod_10,family-00359,0.9822776317596436,0.08903742074446216,0.5,2,0.6632640072330195,10.856009483337402,11,sum_mod_10
6.556468963623047,-0.0005646971985697746,False,True,family-00359-sum_mod_10,family-00359,0.9895212650299072,0.058189982401680086,0.5,3,0.431162208149137,15.206501960754395,11,sum_mod_10
4.40024471282959,0.07695198059082031,False,False,family-00360-maximum,family-00360,0.9451321959495544,0.21260608338723008,1.0,0,0.5048721239795031,8.71556282043457,11,maximum
5.933675289154053,0.7109981179237366,False,False,family-00360-maximum,family-00360,0.9662744402885437,0.1474631100473098,1.0,1,0.7387908352031948,8.031603813171387,11,maximum
8.363622665405273,0.30022746324539185,False,False,family-00360-maximum,family-00360,0.9576933979988098,0.17520661734038062,1.0,2,0.898615664300181,9.307229995727539,11,maximum
10.810369491577148,0.060338497161865234,False,False,family-00360-maximum,family-00360,0.9907446503639221,0.05255105648157628,1.0,3,0.8055709966713992,13.419511795043945,11,maximum
6.631447792053223,0.40195661783218384,False,False,family-00360-minimum,family-00360,0.9770431518554688,0.10933363553186916,0.5,0,0.610743735960669,10.857987403869629,11,minimum
6.848683834075928,0.1648249626159668,False,False,family-00360-minimum,family-00360,0.9925358295440674,0.04399307106259775,0.5,1,0.6106365500391226,11.215646743774414,11,minimum
6.494410991668701,0.40677258372306824,False,False,family-00360-minimum,family-00360,0.9890958666801453,0.06011602846464234,0.5,2,0.5639043300478375,11.516866683959961,11,minimum
8.622386932373047,0.2014949917793274,False,False,family-00360-minimum,family-00360,0.988846480846405,0.061237310584991295,0.5,3,0.726531654598156,11.867875099182129,11,minimum
4.309718132019043,-0.04152223467826843,False,False,family-00360-sum_mod_10,family-00360,0.9624109864234924,0.16020471188364557,0.0,0,0.4168215004761232,10.339481353759766,11,sum_mod_10
3.042182207107544,0.00024040043354034424,False,False,family-00360-sum_mod_10,family-00360,0.9248796701431274,0.26668666434018506,0.0,1,0.2997079782907182,10.150487899780273,11,sum_mod_10
5.297111511230469,0.02061302959918976,False,False,family-00360-sum_mod_10,family-00360,0.9528678059577942,0.18998297726484098,0.0,2,0.49008660653373043,10.808521270751953,11,sum_mod_10
6.015317916870117,-0.023208826780319214,False,True,family-00360-sum_mod_10,family-00360,0.9881900548934937,0.06416207291414754,0.0,3,0.47298383296005897,12.717808723449707,11,sum_mod_10
4.847311019897461,0.007825255393981934,True,False,family-00361-maximum,family-00361,0.9814576506614685,0.09231065703292635,0.5,0,0.44717583105556485,10.839832305908203,11,maximum
10.944323539733887,0.7517202496528625,True,False,family-00361-maximum,family-00361,0.9839147329330444,0.08238496445126517,0.5,1,1.1295385832542395,9.68919849395752,11,maximum
5.578514575958252,0.04941660165786743,True,False,family-00361-maximum,family-00361,0.9148252606391907,0.29122943467095497,0.5,2,0.4172709472173871,13.369046211242676,11,maximum
9.323745727539062,0.06243103742599487,True,False,family-00361-maximum,family-00361,0.9855552911758423,0.07554827870801584,0.5,3,0.6157412609151961,15.142311096191406,11,maximum
5.355781078338623,0.04037987440824509,True,False,family-00361-minimum,family-00361,0.9770553112030029,0.10928802356209882,0.0,0,0.5063170357291584,10.577919960021973,11,minimum
8.396862030029297,-0.09803973138332367,True,False,family-00361-minimum,family-00361,0.9826918840408325,0.08736921162509578,0.0,1,0.8270437229811736,10.152863502502441,11,minimum
8.104440689086914,0.12799295783042908,True,False,family-00361-minimum,family-00361,0.9744645357131958,0.11886271456591721,0.0,2,0.6656080376851866,12.175995826721191,11,minimum
4.898847579956055,0.06446051597595215,True,False,family-00361-minimum,family-00361,0.9510526657104492,0.1954039907537307,0.0,3,0.35795907300225366,13.68549633026123,11,minimum
5.8868584632873535,0.08308801054954529,True,False,family-00361-sum_mod_10,family-00361,0.9693408608436584,0.13702598831920093,1.0,0,0.5933417561567625,9.921530723571777,11,sum_mod_10
5.566517353057861,-0.02493126690387726,True,False,family-00361-sum_mod_10,family-00361,0.9798744320869446,0.09852739962751256,1.0,1,0.5329202814903831,10.44530963897705,11,sum_mod_10
6.584956169128418,-0.06794384121894836,True,False,family-00361-sum_mod_10,family-00361,0.9899619817733765,0.05617615975480352,1.0,2,0.5126166241319079,12.845771789550781,11,sum_mod_10
8.490105628967285,-0.18615323305130005,True,True,family-00361-sum_mod_10,family-00361,0.9974400997161865,0.017833560505247738,1.0,3,0.5209315386686818,16.297929763793945,11,sum_mod_10
5.941575050354004,0.13068431615829468,True,False,family-00362-maximum,family-00362,0.9736681580543518,0.12175036180933502,0.0,0,0.5535792588540838,10.733016014099121,11,maximum
7.81399393081665,0.823096513748169,True,False,family-00362-maximum,family-00362,0.9896405339241028,0.057646874046674866,0.0,1,0.7311942227424322,10.68661880493164,11,maximum
6.573670864105225,0.028655827045440674,True,False,family-00362-maximum,family-00362,0.9754531979560852,0.1152422923594826,0.0,2,0.5653971453199993,11.626643180847168,11,maximum
11.135960578918457,0.17531293630599976,True,False,family-00362-maximum,family-00362,0.9957813024520874,0.027278589887303667,0.0,3,0.7682802509048111,14.494659423828125,11,maximum
4.639281272888184,0.01239968091249466,True,False,family-00362-minimum,family-00362,0.9789960384368896,0.10192104973285283,1.0,0,0.41819610425504206,11.093554496765137,11,minimum
5.573194980621338,-0.022328637540340424,True,False,family-00362-minimum,family-00362,0.983178973197937,0.08539476021571436,1.0,1,0.5309791686807328,10.496070861816406,11,minimum
6.956028461456299,0.029641039669513702,True,False,family-00362-minimum,family-00362,0.9812175035476685,0.09326221868982504,1.0,2,0.6080802057256505,11.439327239990234,11,minimum
8.489023208618164,0.07358603179454803,True,False,family-00362-minimum,family-00362,0.9898204803466797,0.056824830591373936,1.0,3,0.7409795623040976,11.456487655639648,11,minimum
4.643986701965332,0.11499156802892685,True,False,family-00362-sum_mod_10,family-00362,0.9661733508110046,0.14780212800260134,0.5,0,0.450672653210209,10.304567337036133,11,sum_mod_10
5.372361183166504,0.15769024193286896,True,False,family-00362-sum_mod_10,family-00362,0.9809722900390625,0.09423062674111646,0.5,1,0.5071584114417906,10.593063354492188,11,sum_mod_10
5.899202346801758,0.12177244573831558,True,False,family-00362-sum_mod_10,family-00362,0.9882133603096008,0.06405887811201293,0.5,2,0.5527623767552065,10.672221183776855,11,sum_mod_10
8.129807472229004,-0.2908822298049927,True,True,family-00362-sum_mod_10,family-00362,0.9933858513832092,0.039785623894193684,0.5,3,0.6169092508008865,13.178287506103516,11,sum_mod_10
3.8764712810516357,0.38810810446739197,False,False,family-00363-maximum,family-00363,0.9451321959495544,0.21260608338723008,1.0,0,0.4447757833794547,8.71556282043457,11,maximum
6.492334842681885,0.7575652599334717,False,False,family-00363-maximum,family-00363,0.9607647657394409,0.16550601863362271,1.0,1,0.8443062741432334,7.689549446105957,11,maximum
4.492790222167969,0.4376846253871918,False,False,family-00363-maximum,family-00363,0.9434950351715088,0.21724049025673878,1.0,2,0.5953025376193646,7.547070503234863,11,maximum
8.533846855163574,0.32627546787261963,False,False,family-00363-maximum,family-00363,0.9844434261322021,0.08020118595778362,1.0,3,0.9113450730984667,9.364012718200684,11,maximum
4.27825927734375,0.01567995548248291,False,False,family-00363-minimum,family-00363,0.9770431518554688,0.10933363553186916,0.5,0,0.3940195469207342,10.857987403869629,11,minimum
6.664248466491699,0.024322211742401123,False,False,family-00363-minimum,family-00363,0.992537796497345,0.04398345210722752,0.5,1,0.6172463842620245,10.79673957824707,11,minimum
9.943909645080566,0.4075578451156616,False,False,family-00363-minimum,family-00363,0.9883926510810852,0.06326342462455771,0.5,2,0.8596383761677668,11.567549705505371,11,minimum
7.268204689025879,0.05877953767776489,False,False,family-00363-minimum,family-00363,0.9826489686965942,0.08754249775748119,0.5,3,0.45231519640752793,16.068893432617188,11,minimum
5.283788681030273,0.1677408069372177,True,False,family-00363-sum_mod_10,family-00363,0.9770553112030029,0.10928802356209882,0.0,0,0.49951112326428476,10.577919960021973,11,sum_mod_10
5.4818196296691895,-0.05880683660507202,True,False,family-00363-sum_mod_10,family-00363,0.9834011793136597,0.08448929056904306,0.0,1,0.5300546984741655,10.341988563537598,11,sum_mod_10
8.843830108642578,0.2569296360015869,True,False,family-00363-sum_mod_10,family-00363,0.9857510328292847,0.0747203340456238,0.0,2,0.7417739521616677,11.922540664672852,11,sum_mod_10
6.5568437576293945,-0.11360692977905273,True,True,family-00363-sum_mod_10,family-00363,0.9940045475959778,0.036654698901704794,0.0,3,0.43434946786520395,15.095779418945312,11,sum_mod_10
5.526180267333984,0.48625558614730835,True,False,family-00364-maximum,family-00364,0.9789960384368896,0.10192104973285283,0.5,0,0.49814333800274835,11.093554496765137,11,maximum
6.2441182136535645,0.42789608240127563,True,False,family-00364-maximum,family-00364,0.9790533185005188,0.10170091038633997,0.5,1,0.5940032676640339,10.51192569732666,11,maximum
3.6608810424804688,0.11967360973358154,True,False,family-00364-maximum,family-00364,0.9348400831222534,0.2409352551845433,0.5,2,0.33097686109344543,11.060836791992188,11,maximum
9.76102352142334,0.3962594270706177,True,False,family-00364-maximum,family-00364,0.9887901544570923,0.06148977868361244,0.5,3,0.8523254596795328,11.452225685119629,11,maximum
6.600682258605957,0.006723940372467041,False,False,family-00364-minimum,family-00364,0.9792648553848267,0.10088653983718776,0.0,0,0.6211146329825751,10.627156257629395,11,minimum
4.951694011688232,-0.01030731201171875,False,False,family-00364-minimum,family-00364,0.9854562878608704,0.07596601405281242,0.0,1,0.4805761162839581,10.303662300109863,11,minimum
13.305242538452148,0.5331162214279175,False,False,family-00364-minimum,family-00364,0.9783987402915955,0.10420716394870126,0.0,2,1.3030470523977498,10.210868835449219,11,minimum
7.458261013031006,0.03626173734664917,False,False,family-00364-minimum,family-00364,0.9164124727249146,0.2874450909661292,0.0,3,0.43943880219483583,16.972240447998047,11,minimum
5.407531261444092,-0.018630124628543854,False,False,family-00364-sum_mod_10,family-00364,0.9701509475708008,0.1342170673910033,1.0,0,0.46571383351085116,11.611274719238281,11,sum_mod_10
5.997859954833984,0.0011226348578929901,False,False,family-00364-sum_mod_10,family-00364,0.9844779968261719,0.08005776173716168,1.0,1,0.5426373096174282,11.053165435791016,11,sum_mod_10
9.696000099182129,-0.021133922040462494,False,False,family-00364-sum_mod_10,family-00364,0.9933537244796753,0.03994656256297066,1.0,2,0.7469641290930055,12.98054313659668,11,sum_mod_10
8.42763614654541,0.007138211280107498,False,True,family-00364-sum_mod_10,family-00364,0.9978982210159302,0.01505697551400273,1.0,3,0.44695240949724246,18.85577964782715,11,sum_mod_10
7.130595684051514,0.18367671966552734,False,False,family-00365-maximum,family-00365,0.9701509475708008,0.1342170673910033,0.0,0,0.6141096353733755,11.611274719238281,11,maximum
9.466059684753418,0.408782035112381,False,False,family-00365-maximum,family-00365,0.9866892695426941,0.0707132512303754,0.0,1,0.8286415661393329,11.423587799072266,11,maximum
4.529860019683838,-0.030114352703094482,False,False,family-00365-maximum,family-00365,0.9646384716033936,0.1529116606908372,0.0,2,0.35640379983771664,12.709909439086914,11,maximum
8.689889907836914,0.2701975703239441,False,False,family-00365-maximum,family-00365,0.9958101511001587,0.02712086155808535,0.0,3,0.5677277177863005,15.306439399719238,11,maximum
7.539384841918945,0.31077930331230164,False,False,family-00365-minimum,family-00365,0.941710889339447,0.22223376595091454,1.0,0,0.7934439056428572,9.50210189819336,11,minimum
6.111112117767334,-0.09283238649368286,False,False,family-00365-minimum,family-00365,0.9735368490219116,0.12222408999737004,1.0,1,0.6536600569935882,9.349067687988281,11,minimum
8.828519821166992,0.1718122661113739,False,False,family-00365-minimum,family-00365,0.9808998107910156,0.09451624634997591,1.0,2,0.8281955138791622,10.65994644165039,11,minimum
10.013873100280762,-0.059947848320007324,False,False,family-00365-minimum,family-00365,0.9732891917228699,0.12311575297862776,1.0,3,0.7279901894750533,13.755505561828613,11,minimum
4.970783710479736,-0.0111081562936306,True,False,family-00365-sum_mod_10,family-00365,0.9598170518875122,0.16852513151165266,0.5,0,0.5272095969493676,9.42847728729248,11,sum_mod_10
5.362448215484619,0.008001267910003662,True,False,family-00365-sum_mod_10,family-00365,0.980022668838501,0.09795087711997709,0.5,1,0.5440578811567524,9.856392860412598,11,sum_mod_10
6.60181999206543,0.013368531130254269,True,False,family-00365-sum_mod_10,family-00365,0.989328920841217,0.05906296610515532,0.5,2,0.5444290848421803,12.126133918762207,11,sum_mod_10
8.440488815307617,-0.02123744785785675,True,True,family-00365-sum_mod_10,family-00365,0.9944484233856201,0.03436921334574901,0.5,3,0.5357716585105786,15.753891944885254,11,sum_mod_10
7.8584394454956055,0.0017992258071899414,True,False,family-00366-maximum,family-00366,0.9736681580543518,0.12175036180933502,1.0,0,0.7321743893023722,10.733016014099121,11,maximum
4.761950492858887,0.00991261750459671,True,False,family-00366-maximum,family-00366,0.9878837466239929,0.06551409326746437,1.0,1,0.4329110458287224,10.999835968017578,11,maximum
8.676834106445312,-0.1264084428548813,True,False,family-00366-maximum,family-00366,0.9848024249076843,0.07870796511307483,1.0,2,0.7350383393274256,11.804600715637207,11,maximum
6.312788963317871,0.034526798874139786,True,False,family-00366-maximum,family-00366,0.996575653553009,0.022857959455180946,1.0,3,0.4341586260167929,14.540282249450684,11,maximum
5.501064777374268,0.0021458864212036133,True,False,family-00366-minimum,family-00366,0.9661733508110046,0.14780212800260134,0.5,0,0.5338472346725932,10.304567337036133,11,minimum
6.299855709075928,0.04632443189620972,True,False,family-00366-minimum,family-00366,0.9804743528366089,0.09618723222590028,0.5,1,0.5875454508987984,10.722329139709473,11,minimum
8.342891693115234,0.4692327678203583,True,False,family-00366-minimum,family-00366,0.9873586297035217,0.0678137839556593,0.5,2,0.7133187975883927,11.695880889892578,11,minimum
7.665175437927246,0.048924028873443604,True,False,family-00366-minimum,family-00366,0.9638469815254211,0.15551931161124719,0.5,3,0.5402232294565774,14.18890380859375,11,minimum
6.8092474937438965,-0.020832696929574013,False,False,family-00366-sum_mod_10,family-00366,0.9719721078872681,0.1278186340175579,0.0,0,0.6094896592250738,11.17204761505127,11,sum_mod_10
4.477294921875,-0.00758877769112587,False,False,family-00366-sum_mod_10,family-00366,0.973189115524292,0.1234753958688407,0.0,1,0.40144760371784094,11.152874946594238,11,sum_mod_10
11.373560905456543,-0.08160167187452316,False,False,family-00366-sum_mod_10,family-00366,0.9864742159843445,0.07163747413913979,0.0,2,0.9494615371938633,11.978959083557129,11,sum_mod_10
5.289879322052002,-0.001782829873263836,False,True,family-00366-sum_mod_10,family-00366,0.9870055913925171,0.0693473980280095,0.0,3,0.3035429078200089,17.427122116088867,11,sum_mod_10
4.507115364074707,0.09872406721115112,False,False,family-00367-maximum,family-00367,0.9814190864562988,0.09246367682088055,0.5,0,0.4026075832323915,11.194809913635254,11,maximum
8.317771911621094,0.3535553514957428,False,False,family-00367-maximum,family-00367,0.9887149930000305,0.0618262244141279,0.5,1,0.7659530296312046,10.859375953674316,11,maximum
4.458756446838379,0.08601945638656616,False,False,family-00367-maximum,family-00367,0.950527012348175,0.1969605542622822,0.5,2,0.4261322181129195,10.463316917419434,11,maximum
8.419625282287598,0.35918766260147095,False,False,family-00367-maximum,family-00367,0.9943774342536926,0.03473705801870275,0.5,3,0.6897872216081139,12.206119537353516,11,maximum
4.86173677444458,0.019429445266723633,False,False,family-00367-minimum,family-00367,0.9753659963607788,0.11556323798514889,0.0,0,0.45994149841363097,10.570337295532227,11,minimum
4.500641345977783,-0.0021713972091674805,False,False,family-00367-minimum,family-00367,0.9811912178993225,0.09336618252824223,0.0,1,0.4249547942416495,10.59087085723877,11,minimum
10.976048469543457,0.8133517503738403,False,False,family-00367-minimum,family-00367,0.9844571948051453,0.08014407291332254,0.0,2,1.0249608667320869,10.708748817443848,11,minimum
6.985569000244141,0.03605031967163086,False,False,family-00367-minimum,family-00367,0.9561835527420044,0.17988888955081167,0.0,3,0.49098018544490984,14.227802276611328,11,minimum
4.869492530822754,-0.15584680438041687,False,False,family-00367-sum_mod_10,family-00367,0.9701509475708008,0.1342170673910033,1.0,0,0.41937622255674273,11.611274719238281,11,sum_mod_10
5.870834827423096,-0.0823458880186081,False,False,family-00367-sum_mod_10,family-00367,0.9866966605186462,0.07068142519949691,1.0,1,0.531108409754734,11.053929328918457,11,sum_mod_10
10.817596435546875,0.07382115721702576,False,False,family-00367-sum_mod_10,family-00367,0.9936197400093079,0.03860918307405733,1.0,2,0.830583010214942,13.024100303649902,11,sum_mod_10
8.843277931213379,-0.19095438718795776,False,True,family-00367-sum_mod_10,family-00367,0.9992315769195557,0.006278620379112553,1.0,3,0.44815402289184636,19.732675552368164,11,sum_mod_10
4.324260234832764,-0.03523477911949158,True,False,family-00368-maximum,family-00368,0.9598170518875122,0.16852513151165266,0.0,0,0.45863824062671477,9.42847728729248,11,maximum
5.555731296539307,0.2903674244880676,True,False,family-00368-maximum,family-00368,0.979487955570221,0.10002526488752514,0.0,1,0.5546443990365711,10.016744613647461,11,maximum
4.395205974578857,0.004746049642562866,True,False,family-00368-maximum,family-00368,0.9574639797210693,0.17592165865213677,0.0,2,0.43972771789538245,9.99528980255127,11,maximum
7.602207660675049,0.2441692352294922,True,False,family-00368-maximum,family-00368,0.985731303691864,0.07480390701516547,0.0,3,0.6433392514305162,11.816794395446777,11,maximum
4.228180408477783,-0.049386635422706604,False,False,family-00368-minimum,family-00368,0.941710889339447,0.22223376595091454,1.0,0,0.44497317054468655,9.50210189819336,11,minimum
4.250010013580322,-0.011204302310943604,False,False,family-00368-minimum,family-00368,0.9757851362228394,0.11401767823983788,1.0,1,0.475192157918173,8.943771362304688,11,minimum
8.915727615356445,0.1204969733953476,False,False,family-00368-minimum,family-00368,0.9857078194618225,0.07490335054925204,1.0,2,0.95188658756626,9.366375923156738,11,minimum
9.572662353515625,0.027595654129981995,False,False,family-00368-minimum,family-00368,0.9887513518333435,0.06166353455522237,1.0,3,0.816462411376131,11.724559783935547,11,minimum
7.1199846267700195,0.016168639063835144,False,False,family-00368-sum_mod_10,family-00368,0.9753659963607788,0.11556323798514889,0.5,0,0.6735815923092094,10.570337295532227,11,sum_mod_10
4.3280439376831055,0.03835150599479675,False,False,family-00368-sum_mod_10,family-00368,0.9701526165008545,0.13421125729908306,0.5,1,0.37765812969525936,11.460216522216797,11,sum_mod_10
6.469852924346924,0.06886649876832962,False,False,family-00368-sum_mod_10,family-00368,0.9855883121490479,0.07540879687261577,0.5,2,0.5402258966527591,11.97619915008545,11,sum_mod_10
8.548786163330078,0.0561705082654953,False,True,family-00368-sum_mod_10,family-00368,0.9969854950904846,0.020507106862948744,0.5,3,0.5722440883934519,14.939055442810059,11,sum_mod_10
4.858250141143799,0.2345981001853943,False,False,family-00369-maximum,family-00369,0.9451321959495544,0.21260608338723008,1.0,0,0.5574224225374306,8.71556282043457,11,maximum
7.253627300262451,0.5438828468322754,False,False,family-00369-maximum,family-00369,0.963905930519104,0.1553257220313877,1.0,1,0.9122038597624905,7.951761245727539,11,maximum
6.8737945556640625,-0.013650596141815186,False,False,family-00369-maximum,family-00369,0.940065860748291,0.22678626585851994,1.0,2,0.714203994102614,9.62441349029541,11,maximum
8.842412948608398,0.11404401063919067,False,False,family-00369-maximum,family-00369,0.988556444644928,0.06253427898631574,1.0,3,0.6838966123597826,12.929458618164062,11,maximum
5.750220775604248,0.16902543604373932,True,False,family-00369-minimum,family-00369,0.9777830243110657,0.10654610431767582,0.5,0,0.552887662968641,10.400341987609863,11,minimum
8.702164649963379,0.036418795585632324,True,False,family-00369-minimum,family-00369,0.9809498190879822,0.09431920826789321,0.5,1,0.8363886896042726,10.404450416564941,11,minimum
6.213354110717773,0.07412955164909363,True,False,family-00369-minimum,family-00369,0.9712404608726501,0.1304034042506374,0.5,2,0.5023752887616907,12.367953300476074,11,minimum
8.434647560119629,0.0573967844247818,True,False,family-00369-minimum,family-00369,0.9684559106826782,0.14006927326787275,0.5,3,0.6203460817177174,13.596680641174316,11,minimum
4.442924499511719,-0.020456861704587936,False,False,family-00369-sum_mod_10,family-00369,0.9624109864234924,0.16020471188364557,0.0,0,0.4297047741080484,10.339481353759766,11,sum_mod_10
3.240448474884033,-0.005021719262003899,False,False,family-00369-sum_mod_10,family-00369,0.9238816499710083,0.26918512709727405,0.0,1,0.312998199861936,10.352930068969727,11,sum_mod_10
4.775081634521484,-0.003021957352757454,False,False,family-00369-sum_mod_10,family-00369,0.9532920718193054,0.18870540378154266,0.0,2,0.4378675870652379,10.905309677124023,11,sum_mod_10
6.844168663024902,0.005169311538338661,False,True,family-00369-sum_mod_10,family-00369,0.9875332117080688,0.06705171881788664,0.0,3,0.5350028935774062,12.792769432067871,11,sum_mod_10
3.9949088096618652,0.6413766145706177,True,False,family-00370-maximum,family-00370,0.9598170518875122,0.16852513151165266,0.5,0,0.4237066800856726,9.42847728729248,11,maximum
7.569312572479248,0.7015414237976074,True,False,family-00370-maximum,family-00370,0.9842159152030945,0.08114312683843458,0.5,1,0.7501415553213129,10.0905122756958,11,maximum
7.433867931365967,0.14665472507476807,True,False,family-00370-maximum,family-00370,0.9538724422454834,0.18695120491162698,0.5,2,0.7918184027098457,9.388349533081055,11,maximum
10.488268852233887,0.3450949192047119,True,False,family-00370-maximum,family-00370,0.9912518858909607,0.050166325112799795,0.5,3,0.7833632971820211,13.38876724243164,11,maximum
6.301775932312012,-0.007731020450592041,False,False,family-00370-minimum,family-00370,0.9701509475708008,0.1342170673910033,0.0,0,0.5427290357596,11.611274719238281,11,minimum
6.114092826843262,-0.022314906120300293,False,False,family-00370-minimum,family-00370,0.9881898164749146,0.06416312837480223,0.0,1,0.5229532088731608,11.691472053527832,11,minimum
11.235196113586426,0.7285575866699219,False,False,family-00370-minimum,family-00370,0.9881332516670227,0.06441339897573604,0.0,2,0.8692245715284935,12.925539016723633,11,minimum
6.995869159698486,0.05470085144042969,False,False,family-00370-minimum,family-00370,0.9840392470359802,0.08187226776928862,0.0,3,0.4072703897230426,17.17745590209961,11,minimum
4.835861682891846,0.017638983204960823,False,False,family-00370-sum_mod_10,family-00370,0.9753659963607788,0.11556323798514889,1.0,0,0.4574936019246825,10.570337295532227,11,sum_mod_10
5.740604400634766,-0.005566023290157318,False,False,family-00370-sum_mod_10,family-00370,0.9814510345458984,0.09233691507134843,1.0,1,0.5436230233985683,10.55989933013916,11,sum_mod_10
12.525303840637207,-0.008105035871267319,False,False,family-00370-sum_mod_10,family-00370,0.9930766820907593,0.04132798803239368,1.0,2,1.011815306286433,12.37904167175293,11,sum_mod_10
7.607011795043945,0.004733743146061897,False,True,family-00370-sum_mod_10,family-00370,0.9986410737037659,0.010328357069557861,1.0,3,0.3831237884082975,19.85523223876953,11,sum_mod_10
4.809837818145752,-0.0827600359916687,False,False,family-00371-maximum,family-00371,0.9753659963607788,0.11556323798514889,0.0,0,0.45503163084291837,10.570337295532227,11,maximum
6.78037166595459,0.5195943117141724,False,False,family-00371-maximum,family-00371,0.9757525324821472,0.1141381681721306,0.0,1,0.6441554485668004,10.525986671447754,11,maximum
4.926490783691406,0.02195042371749878,False,False,family-00371-maximum,family-00371,0.9623172283172607,0.16050862268518307,0.0,2,0.4480643322472745,10.995052337646484,11,maximum
7.417003154754639,0.3166240453720093,False,False,family-00371-maximum,family-00371,0.985052764415741,0.07766161756363864,0.0,3,0.5790163107181231,12.809661865234375,11,maximum
5.843225955963135,0.16850876808166504,True,False,family-00371-minimum,family-00371,0.9814576506614685,0.09231065703292635,1.0,0,0.5390513239562119,10.839832305908203,11,minimum
5.26378870010376,-0.009985268115997314,True,False,family-00371-minimum,family-00371,0.9793344736099243,0.10061804404638376,1.0,1,0.5438189720956285,9.679303169250488,11,minimum
7.910429000854492,0.43830183148384094,True,False,family-00371-minimum,family-00371,0.9660851359367371,0.148097713630357,1.0,2,0.9489358245700741,8.336105346679688,11,minimum
9.313880920410156,0.27926748991012573,True,False,family-00371-minimum,family-00371,0.9787757992744446,0.10276599275767052,1.0,3,0.8048792950385878,11.571773529052734,11,minimum
4.433258056640625,-0.013950914144515991,False,False,family-00371-sum_mod_10,family-00371,0.9451321959495544,0.21260608338723008,0.5,0,0.5086599853593364,8.71556282043457,11,sum_mod_10
4.628485679626465,-0.03340926021337509,False,False,family-00371-sum_mod_10,family-00371,0.960655689239502,0.16585470445266254,0.5,1,0.5777764841260601,8.010858535766602,11,sum_mod_10
5.984450340270996,-9.007751941680908e-06,False,False,family-00371-sum_mod_10,family-00371,0.9832806587219238,0.08498077385344123,0.5,2,0.6140196841656598,9.746349334716797,11,sum_mod_10
8.48182201385498,0.0277378112077713,False,True,family-00371-sum_mod_10,family-00371,0.9934391379356384,0.03951833993362198,0.5,3,0.6331377218977455,13.396488189697266,11,sum_mod_10
5.473154544830322,-0.029487252235412598,True,False,family-00372-maximum,family-00372,0.9661733508110046,0.14780212800260134,1.0,0,0.5311387044033375,10.304567337036133,11,maximum
4.7956223487854,-0.029617667198181152,True,False,family-00372-maximum,family-00372,0.9771365523338318,0.10898310359682331,1.0,1,0.4628502056309401,10.361067771911621,11,maximum
7.730014801025391,0.11749193072319031,True,False,family-00372-maximum,family-00372,0.9733793139457703,0.12279155196565522,1.0,2,0.7512976799657641,10.288884162902832,11,maximum
7.6739420890808105,0.15541580319404602,True,False,family-00372-maximum,family-00372,0.9902886152267456,0.054671065136688866,1.0,3,0.6228026784803472,12.321626663208008,11,maximum
7.930737495422363,0.04806625843048096,False,False,family-00372-minimum,family-00372,0.9770431518554688,0.10933363553186916,0.5,0,0.7304058478273758,10.857987403869629,11,minimum
7.1763834953308105,0.16397488117218018,False,False,family-00372-minimum,family-00372,0.9903128147125244,0.054559119362484684,0.5,1,0.5914053795294384,12.1344575881958,11,minimum
8.675719261169434,0.16431379318237305,False,False,family-00372-minimum,family-00372,0.9894804954528809,0.05837531722394166,0.5,2,0.6167081685325558,14.067787170410156,11,minimum
8.711888313293457,-0.06693285703659058,False,False,family-00372-minimum,family-00372,0.9782484769821167,0.10477960987625286,0.5,3,0.4811571798475058,18.106117248535156,11,minimum
7.561984539031982,-0.027243200689554214,True,False,family-00372-sum_mod_10,family-00372,0.9736681580543518,0.12175036180933502,0.0,0,0.7045535503812159,10.733016014099121,11,sum_mod_10
4.965609550476074,-0.02805085852742195,True,False,family-00372-sum_mod_10,family-00372,0.9838864207267761,0.08250140523800485,0.0,1,0.4470113458290812,11.108464241027832,11,sum_mod_10
5.726612091064453,0.02402251586318016,True,False,family-00372-sum_mod_10,family-00372,0.9852647185325623,0.0767723852104095,0.0,2,0.4484709252868112,12.769193649291992,11,sum_mod_10
5.434286594390869,0.02492537349462509,True,True,family-00372-sum_mod_10,family-00372,0.9948447942733765,0.032298220726435255,0.0,3,0.3427787549282703,15.85362720489502,11,sum_mod_10
5.422986030578613,-0.015259027481079102,True,False,family-00373-maximum,family-00373,0.9775740504264832,0.10733594951541904,0.5,0,0.5329383228207654,10.17563533782959,11,maximum
11.944849967956543,0.8605988621711731,True,False,family-00373-maximum,family-00373,0.9839630722999573,0.08218604002174348,0.5,1,1.1187657804105544,10.676810264587402,11,maximum
5.222512722015381,0.028410017490386963,True,False,family-00373-maximum,family-00373,0.9241966605186462,0.26839806154093526,0.5,2,0.4127103711068755,12.654183387756348,11,maximum
8.138144493103027,0.21687620878219604,True,False,family-00373-maximum,family-00373,0.9874116778373718,0.06758248419678095,0.5,3,0.5441607128737116,14.955406188964844,11,maximum
4.3368330001831055,0.04008805751800537,True,False,family-00373-minimum,family-00373,0.9598170518875122,0.16852513151165266,0.0,0,0.4599717290540865,9.42847728729248,11,minimum
8.39152717590332,-0.03679472208023071,True,False,family-00373-minimum,family-00373,0.9833294153213501,0.08478205108708324,0.0,1,0.8178043077522477,10.261045455932617,11,minimum
12.795257568359375,0.7457095384597778,True,False,family-00373-minimum,family-00373,0.9742695689201355,0.11957198659206658,0.0,2,1.1737494378087678,10.901183128356934,11,minimum
6.810969829559326,0.09674054384231567,True,False,family-00373-minimum,family-00373,0.9231049418449402,0.2711197434901942,0.0,3,0.42082024546543234,16.184986114501953,11,minimum
4.588526248931885,0.004882246255874634,False,False,family-00373-sum_mod_10,family-00373,0.9753659963607788,0.11556323798514889,1.0,0,0.4340945913685575,10.570337295532227,11,sum_mod_10
5.672825336456299,0.011657148599624634,False,False,family-00373-sum_mod_10,family-00373,0.980707049369812,0.09527450128303754,1.0,1,0.5349370775044243,10.604659080505371,11,sum_mod_10
10.479818344116211,-0.0248568058013916,False,False,family-00373-sum_mod_10,family-00373,0.99216228723526,0.04581048346295433,1.0,2,0.8711063879340406,12.030468940734863,11,sum_mod_10
8.719450950622559,0.03908833861351013,False,True,family-00373-sum_mod_10,family-00373,0.9980549812316895,0.014084873856615944,1.0,3,0.4737085480727543,18.406784057617188,11,sum_mod_10
6.828485012054443,0.33031147718429565,False,False,family-00374-maximum,family-00374,0.9792648553848267,0.10088653983718776,0.0,0,0.6425505418867039,10.627156257629395,11,maximum
8.32994556427002,0.8035141229629517,False,False,family-00374-maximum,family-00374,0.9851853847503662,0.0771055821949346,0.0,1,0.8044179630220748,10.355245590209961,11,maximum
5.104221343994141,0.05383622646331787,False,False,family-00374-maximum,family-00374,0.9416524171829224,0.2223964209057895,0.0,2,0.4793749686517007,10.647659301757812,11,maximum
8.525970458984375,0.09361612796783447,False,False,family-00374-maximum,family-00374,0.9840945601463318,0.08164419544775897,0.0,3,0.6979188264889347,12.216278076171875,11,maximum
5.5495147705078125,0.25207340717315674,True,False,family-00374-minimum,family-00374,0.9661733508110046,0.14780212800260134,1.0,0,0.5385490325791786,10.304567337036133,11,minimum
5.818878173828125,0.16121241450309753,True,False,family-00374-minimum,family-00374,0.9779838919639587,0.10578500310065281,1.0,1,0.5824555106467065,9.990253448486328,11,minimum
7.755439281463623,0.3439660370349884,True,False,family-00374-minimum,family-00374,0.9616769552230835,0.16257757590132374,1.0,2,0.806788581299637,9.612728118896484,11,minimum
9.052721977233887,0.15213295817375183,True,False,family-00374-minimum,family-00374,0.973997175693512,0.12056039243966259,1.0,3,0.8632904261872979,10.486299514770508,11,minimum
5.180229663848877,0.0029289089143276215,True,False,family-00374-sum_mod_10,family-00374,0.9598170518875122,0.16852513151165266,0.5,0,0.5494237835022088,9.42847728729248,11,sum_mod_10
6.791058540344238,-0.06194814667105675,True,False,family-00374-sum_mod_10,family-00374,0.9812994599342346,0.09293782749161446,0.5,1,0.6757401579637553,10.04980754852295,11,sum_mod_10
6.655174255371094,-0.0018916800618171692,True,False,family-00374-sum_mod_10,family-00374,0.9926349520683289,0.043507681123475535,0.5,2,0.5060019085858302,13.15246868133545,11,sum_mod_10
7.478543758392334,0.009507197886705399,True,True,family-00374-sum_mod_10,family-00374,0.9979481101036072,0.014748917606641536,0.5,3,0.435401653009298,17.17619514465332,11,sum_mod_10
5.174909591674805,-0.00674813985824585,True,False,family-00375-maximum,family-00375,0.9777830243110657,0.10654610431767582,1.0,0,0.4975710988965342,10.400341987609863,11,maximum
5.584257125854492,0.28774577379226685,True,False,family-00375-maximum,family-00375,0.9854934811592102,0.07580916081398001,1.0,1,0.516211804256753,10.817763328552246,11,maximum
9.384441375732422,0.21507343649864197,True,False,family-00375-maximum,family-00375,0.9824072122573853,0.08851666560103187,1.0,2,0.7928692927942385,11.836050987243652,11,maximum
9.033839225769043,0.3418486714363098,True,False,family-00375-maximum,family-00375,0.9974308609962463,0.017888654843119255,1.0,3,0.5943863186321343,15.198598861694336,11,maximum
5.415531158447266,0.14038518071174622,False,False,family-00375-minimum,family-00375,0.941710889339447,0.22223376595091454,0.5,0,0.5699298130529334,9.50210189819336,11,minimum
7.176309585571289,0.16413681209087372,False,False,family-00375-minimum,family-00375,0.9805538654327393,0.09587567109728473,0.5,1,0.765690335697082,9.372339248657227,11,minimum
6.323070049285889,0.30858245491981506,False,False,family-00375-minimum,family-00375,0.9808094501495361,0.09487193875366969,0.5,2,0.5855502033505257,10.798510551452637,11,minimum
7.509213447570801,0.2552447021007538,False,False,family-00375-minimum,family-00375,0.9715659022331238,0.12925607650898024,0.5,3,0.6750705464998185,11.123598098754883,11,minimum
5.197817802429199,0.007853128015995026,True,False,family-00375-sum_mod_10,family-00375,0.9770553112030029,0.10928802356209882,0.0,0,0.49138373348198433,10.577919960021973,11,sum_mod_10
5.410179138183594,-0.004458032548427582,True,False,family-00375-sum_mod_10,family-00375,0.9852327704429626,0.07690661722186187,0.0,1,0.5121123996455916,10.564436912536621,11,sum_mod_10
6.767978668212891,-0.011317016556859016,True,False,family-00375-sum_mod_10,family-00375,0.9875863790512085,0.06681914868163788,0.0,2,0.5676484216644074,11.922835350036621,11,sum_mod_10
8.307869911193848,-0.010539369657635689,True,True,family-00375-sum_mod_10,family-00375,0.9990414977073669,0.007619766568126664,0.0,3,0.508138562399242,16.3496150970459,11,sum_mod_10
5.111800670623779,0.010266602039337158,False,False,family-00376-maximum,family-00376,0.9814190864562988,0.09246367682088055,0.5,0,0.45662237323008203,11.194809913635254,11,maximum
9.567920684814453,0.8099745512008667,False,False,family-00376-maximum,family-00376,0.9893503785133362,0.05896575198027044,0.5,1,0.8682170032794739,11.020195007324219,11,maximum
7.426895618438721,0.02085036039352417,False,False,family-00376-maximum,family-00376,0.9549572467803955,0.1836517286979147,0.5,2,0.6607209261147622,11.240593910217285,11,maximum
11.804526329040527,0.1582322120666504,False,False,family-00376-maximum,family-00376,0.9940364360809326,0.03649163966297647,0.5,3,0.7803641741467147,15.126945495605469,11,maximum
6.127430438995361,-0.02376580238342285,False,False,family-00376-minimum,family-00376,0.9701509475708008,0.1342170673910033,0.0,0,0.527713845995139,11.611274719238281,11,minimum
6.45617151260376,-0.03468632698059082,False,False,family-00376-minimum,family-00376,0.9879167675971985,0.0653687218061837,0.0,1,0.560792113605983,11.512593269348145,11,minimum
9.858644485473633,0.7892028093338013,False,False,family-00376-minimum,family-00376,0.9870381355285645,0.06920643550071569,0.0,2,0.7700005750309638,12.803424835205078,11,minimum
6.840085506439209,0.07812082767486572,False,False,family-00376-minimum,family-00376,0.9788815975189209,0.10236039285086804,0.0,3,0.42859504522377645,15.959320068359375,11,minimum
4.709344387054443,0.006040744483470917,False,False,family-00376-sum_mod_10,family-00376,0.9753659963607788,0.11556323798514889,1.0,0,0.4455245140611498,10.570337295532227,11,sum_mod_10
6.3454084396362305,-0.034841667860746384,False,False,family-00376-sum_mod_10,family-00376,0.981040894985199,0.09396001536953516,1.0,1,0.600067856218769,10.574484825134277,11,sum_mod_10
11.000908851623535,-0.09453651309013367,False,False,family-00376-sum_mod_10,family-00376,0.9925553202629089,0.04389773288601862,1.0,2,0.8699528163290917,12.645408630371094,11,sum_mod_10
8.222344398498535,0.015220461413264275,False,True,family-00376-sum_mod_10,family-00376,0.998581051826477,0.010723175235641574,1.0,3,0.43200012065484716,19.033199310302734,11,sum_mod_10
7.3087921142578125,0.0910855084657669,False,False,family-00377-maximum,family-00377,0.9753659963607788,0.11556323798514889,0.0,0,0.6914436039185832,10.570337295532227,11,maximum
5.852149486541748,-0.008983597159385681,False,False,family-00377-maximum,family-00377,0.9726172685623169,0.12552311533131738,0.0,1,0.5157305450171186,11.34730052947998,11,maximum
5.361771106719971,0.16344347596168518,False,False,family-00377-maximum,family-00377,0.9709893465042114,0.13128610193672322,0.0,2,0.45290528913770745,11.838614463806152,11,maximum
7.145507335662842,0.11033092439174652,False,False,family-00377-maximum,family-00377,0.9860667586326599,0.07337911783395829,0.0,3,0.5726520513642221,12.477921485900879,11,maximum
6.278021335601807,0.3382292091846466,False,False,family-00377-minimum,family-00377,0.941710889339447,0.22223376595091454,1.0,0,0.6606981700328273,9.50210189819336,11,minimum
5.760910987854004,0.17781084775924683,False,False,family-00377-minimum,family-00377,0.97135329246521,0.1300060534831289,1.0,1,0.6451773557305862,8.929189682006836,11,minimum
9.746624946594238,0.27479735016822815,False,False,family-00377-minimum,family-00377,0.9850088357925415,0.07784553258674554,1.0,2,0.8743060996164204,11.14784049987793,11,minimum
9.391608238220215,-0.06473833322525024,False,False,family-00377-minimum,family-00377,0.9792488813400269,0.1009481130520172,1.0,3,0.6416663805133571,14.636279106140137,11,minimum
6.924034595489502,0.009106431156396866,False,False,family-00377-sum_mod_10,family-00377,0.9814190864562988,0.09246367682088055,0.5,0,0.6185039896975868,11.194809913635254,11,sum_mod_10
6.07114315032959,0.017180927097797394,False,False,family-00377-sum_mod_10,family-00377,0.9859383702278137,0.07392538331944394,0.5,1,0.532448063134446,11.40231990814209,11,sum_mod_10
6.270664691925049,0.01055484265089035,False,False,family-00377-sum_mod_10,family-00377,0.9931436777114868,0.04099496616203496,0.5,2,0.4774748891141623,13.132972717285156,11,sum_mod_10
8.897175788879395,-0.026241138577461243,False,True,family-00377-sum_mod_10,family-00377,0.9985029697418213,0.011233001082143992,0.5,3,0.5275627013908359,16.86467933654785,11,sum_mod_10
5.933412075042725,0.08695071935653687,True,False,family-00378-maximum,family-00378,0.9814576506614685,0.09231065703292635,1.0,0,0.5473712053468525,10.839832305908203,11,maximum
5.6530585289001465,0.8298331499099731,True,False,family-00378-maximum,family-00378,0.9851427674293518,0.07728439411853578,1.0,1,0.5554374225782089,10.177669525146484,11,maximum
8.428139686584473,0.4748731255531311,True,False,family-00378-maximum,family-00378,0.9752854704856873,0.11585933252030632,1.0,2,0.8258725608731562,10.205133438110352,11,maximum
10.12996768951416,0.2055954933166504,True,False,family-00378-maximum,family-00378,0.9967119693756104,0.02208182402332811,1.0,3,0.7329248556891571,13.821290969848633,11,maximum
5.0562262535095215,0.03483201935887337,False,False,family-00378-minimum,family-00378,0.9770431518554688,0.10933363553186916,0.5,0,0.4656688265918927,10.857987403869629,11,minimum
7.040360450744629,-0.09186144173145294,False,False,family-00378-minimum,family-00378,0.9933299422264099,0.040065598239282865,0.5,1,0.6206978455869754,11.342653274536133,11,minimum
6.995009899139404,0.0369403250515461,False,False,family-00378-minimum,family-00378,0.9891495108604431,0.0598740856847203,0.5,2,0.6465485834821935,10.819001197814941,11,minimum
8.60422134399414,-0.04328567534685135,False,False,family-00378-minimum,family-00378,0.9913530945777893,0.04968700192414779,0.5,3,0.7466822874803526,11.523269653320312,11,minimum
5.258095741271973,-0.013687044382095337,True,False,family-00378-sum_mod_10,family-00378,0.9770553112030029,0.10928802356209882,0.0,0,0.4970822015239611,10.577919960021973,11,sum_mod_10
5.857683181762695,0.0024734586477279663,True,False,family-00378-sum_mod_10,family-00378,0.9863651990890503,0.07210466222367347,0.0,1,0.5463022603558358,10.722421646118164,11,sum_mod_10
6.567800521850586,0.022490937262773514,True,False,family-00378-sum_mod_10,family-00378,0.9881711006164551,0.06424596684589738,0.0,2,0.532866454892339,12.32541561126709,11,sum_mod_10
8.220961570739746,-0.03054843097925186,True,True,family-00378-sum_mod_10,family-00378,0.9989921450614929,0.00796147644585066,0.0,3,0.49932628076164626,16.464107513427734,11,sum_mod_10
4.573527812957764,0.39794331789016724,True,False,family-00379-maximum,family-00379,0.9789960384368896,0.10192104973285283,0.5,0,0.41226892735699794,11.093554496765137,11,maximum
8.446983337402344,0.6476637125015259,True,False,family-00379-maximum,family-00379,0.9840577244758606,0.08179610151775399,0.5,1,0.8050615427838212,10.492344856262207,11,maximum
6.328190326690674,0.08091628551483154,True,False,family-00379-maximum,family-00379,0.9469050168991089,0.20752931345453662,0.5,2,0.5092312717166724,12.426947593688965,11,maximum
9.871180534362793,0.18281441926956177,True,False,family-00379-maximum,family-00379,0.9925932288169861,0.0437121571492857,0.5,3,0.6890469664695257,14.325845718383789,11,maximum
6.458400726318359,0.005540515296161175,False,False,family-00379-minimum,family-00379,0.9792648553848267,0.10088653983718776,0.0,0,0.6077261470284467,10.627156257629395,11,minimum
5.839051723480225,-0.005284994840621948,False,False,family-00379-minimum,family-00379,0.9886731505393982,0.06201330449558398,0.0,1,0.5334011611015053,10.946829795837402,11,minimum
8.265426635742188,-0.07733339816331863,False,False,family-00379-minimum,family-00379,0.9860381484031677,0.0735009518101333,0.0,2,0.7606527151367461,10.866229057312012,11,minimum
5.250805377960205,0.003624924458563328,False,False,family-00379-minimum,family-00379,0.9666348695755005,0.14625180053708306,0.0,3,0.5178993721754598,10.138659477233887,11,minimum
5.311992168426514,-0.014066353440284729,False,False,family-00379-sum_mod_10,family-00379,0.9792648553848267,0.10088653983718776,1.0,0,0.49985076342628865,10.627156257629395,11,sum_mod_10
5.670855522155762,-0.020466357469558716,False,False,family-00379-sum_mod_10,family-00379,0.9884827733039856,0.06286252678397009,1.0,1,0.5413351972848407,10.475682258605957,11,sum_mod_10
8.228789329528809,-0.05402319133281708,False,False,family-00379-sum_mod_10,family-00379,0.9883529543876648,0.06343978566020997,1.0,2,0.7781944396844838,10.574207305908203,11,sum_mod_10
7.279207706451416,0.0077650099992752075,False,True,family-00379-sum_mod_10,family-00379,0.9988744854927063,0.008766578517132983,1.0,3,0.4705894919388579,15.46827507019043,11,sum_mod_10
5.3257737159729,0.32986557483673096,True,False,family-00380-maximum,family-00380,0.9736681580543518,0.12175036180933502,0.0,0,0.4962047675114664,10.733016014099121,11,maximum
7.054011344909668,0.8330082297325134,True,False,family-00380-maximum,family-00380,0.9884607791900635,0.06296043054632847,0.0,1,0.674371059362733,10.46013355255127,11,maximum
6.506473064422607,0.018059849739074707,True,False,family-00380-maximum,family-00380,0.9696527123451233,0.13594730973182856,0.0,2,0.6099508018502724,10.66720962524414,11,maximum
10.758536338806152,0.21586233377456665,True,False,family-00380-maximum,family-00380,0.9932692646980286,0.04036891725742152,0.0,3,0.8007094788008802,13.436254501342773,11,maximum
5.931077003479004,0.00029007229022681713,True,False,family-00380-minimum,family-00380,0.9814576506614685,0.09231065703292635,1.0,0,0.5471557895085053,10.839832305908203,11,minimum
5.462230682373047,-0.009039267897605896,True,False,family-00380-minimum,family-00380,0.985325038433075,0.07651875536022139,1.0,1,0.53917075288106,10.130799293518066,11,minimum
5.856654167175293,-0.0018268651328980923,True,False,family-00380-minimum,family-00380,0.9696213006973267,0.13605611017082533,1.0,2,0.5840508017881171,10.027645111083984,11,minimum
8.477154731750488,-0.017446041107177734,True,False,family-00380-minimum,family-00380,0.9818363785743713,0.0908035254853439,1.0,3,0.889893004897998,9.52603816986084,11,minimum
6.850619316101074,0.0021158605813980103,False,False,family-00380-sum_mod_10,family-00380,0.9753659963607788,0.11556323798514889,0.5,0,0.6480984593553728,10.570337295532227,11,sum_mod_10
4.847562789916992,-0.021268002688884735,False,False,family-00380-sum_mod_10,family-00380,0.9777121543884277,0.10681419117612048,0.5,1,0.42505005359704806,11.40468692779541,11,sum_mod_10
5.628800868988037,0.05211915075778961,False,False,family-00380-sum_mod_10,family-00380,0.989179253578186,0.05973982639678594,0.5,2,0.4444386672469801,12.664966583251953,11,sum_mod_10
8.725387573242188,0.024218060076236725,False,True,family-00380-sum_mod_10,family-00380,0.9965483546257019,0.023012728683475776,0.5,3,0.5859304184124909,14.891508102416992,11,sum_mod_10
7.820242404937744,0.5048931837081909,False,False,family-00381-maximum,family-00381,0.9756683111190796,0.11444920768545054,1.0,0,0.721474392560334,10.839251518249512,11,maximum
5.417496204376221,0.5232348442077637,False,False,family-00381-maximum,family-00381,0.9826761484146118,0.08743276243249914,1.0,1,0.5238482480038893,10.341728210449219,11,maximum
9.039484977722168,0.7013100981712341,False,False,family-00381-maximum,family-00381,0.9725580811500549,0.12573435329301513,1.0,2,0.8757784548928111,10.321657180786133,11,maximum
11.347091674804688,0.3918510377407074,False,False,family-00381-maximum,family-00381,0.995005190372467,0.03145158901507788,1.0,3,0.7497301055853793,15.134902000427246,11,maximum
8.058070182800293,0.011945009231567383,False,False,family-00381-minimum,family-00381,0.9770431518554688,0.10933363553186916,0.5,0,0.7421329462887859,10.857987403869629,11,minimum
6.838057041168213,0.029568850994110107,False,False,family-00381-minimum,family-00381,0.9933503270149231,0.03996357289753889,0.5,1,0.5576081994635618,12.263193130493164,11,minimum
9.974698066711426,0.46154865622520447,False,False,family-00381-minimum,family-00381,0.9890751838684082,0.060209239507998114,0.5,2,0.7879898035945079,12.65841007232666,11,minimum
6.54595422744751,0.025319814682006836,False,False,family-00381-minimum,family-00381,0.9823792576789856,0.0886290907685845,0.5,3,0.3886808082830622,16.84146499633789,11,minimum
6.836652755737305,0.037371676415205,False,False,family-00381-sum_mod_10,family-00381,0.9753659963607788,0.11556323798514889,0.0,0,0.6467771618439232,10.570337295532227,11,sum_mod_10
5.12454891204834,-0.008764103055000305,False,False,family-00381-sum_mod_10,family-00381,0.9762948155403137,0.1121282278933186,0.0,1,0.47444084012601184,10.801239013671875,11,sum_mod_10
10.820435523986816,-0.05726871266961098,False,False,family-00381-sum_mod_10,family-00381,0.9871089458465576,0.06889943952847946,0.0,2,0.8682523439880634,12.462316513061523,11,sum_mod_10
6.197144508361816,0.007659494876861572,False,True,family-00381-sum_mod_10,family-00381,0.9872536063194275,0.0682710413659215,0.0,3,0.3727843513315921,16.623939514160156,11,sum_mod_10
5.862676620483398,0.014792323112487793,False,False,family-00382-maximum,family-00382,0.941710889339447,0.22223376595091454,0.5,0,0.6169873448313654,9.50210189819336,11,maximum
8.660335540771484,0.7643804550170898,False,False,family-00382-maximum,family-00382,0.9781482219696045,0.10516095264064065,0.5,1,0.9454678342785214,9.159841537475586,11,maximum
6.710779666900635,0.03212553262710571,False,False,family-00382-maximum,family-00382,0.9209538698196411,0.2764334869101319,0.5,2,0.6538602706312794,10.263323783874512,11,maximum
7.646117210388184,0.14539361000061035,False,False,family-00382-maximum,family-00382,0.981158971786499,0.09349366980272024,0.5,3,0.590998870343854,12.937617301940918,11,maximum
6.140989303588867,0.2280595451593399,True,False,family-00382-minimum,family-00382,0.9770553112030029,0.10928802356209882,0.0,0,0.580547907981723,10.577919960021973,11,minimum
7.836474418640137,-0.07730138301849365,True,False,family-00382-minimum,family-00382,0.9859181642532349,0.07401124690445221,0.0,1,0.7335342774403416,10.683174133300781,11,minimum
8.2160005569458,0.31478744745254517,True,False,family-00382-minimum,family-00382,0.9836873412132263,0.08331874506129705,0.0,2,0.6642366606997865,12.369086265563965,11,minimum
5.445859432220459,0.12114602327346802,True,False,family-00382-minimum,family-00382,0.975341260433197,0.11565422094303239,0.0,3,0.37577858403324627,14.492202758789062,11,minimum
6.961599349975586,0.32079705595970154,False,False,family-00382-sum_mod_10,family-00382,0.9792648553848267,0.10088653983718776,1.0,0,0.6550764081386071,10.627156257629395,11,sum_mod_10
4.788414001464844,-0.07209151983261108,False,False,family-00382-sum_mod_10,family-00382,0.9869512319564819,0.06958266785633159,1.0,1,0.429066610904991,11.16007137298584,11,sum_mod_10
5.654651641845703,0.09481197595596313,False,False,family-00382-sum_mod_10,family-00382,0.9818117022514343,0.09090196704556028,1.0,2,0.5280483600737285,10.708586692810059,11,sum_mod_10
7.633808612823486,0.31544995307922363,False,True,family-00382-sum_mod_10,family-00382,0.9971529245376587,0.019531046072611344,1.0,3,0.563205812131573,13.554207801818848,11,sum_mod_10
6.189000606536865,0.14168019592761993,False,False,family-00383-maximum,family-00383,0.9701509475708008,0.1342170673910033,0.0,0,0.5330164651330267,11.611274719238281,11,maximum
6.232930660247803,0.26752451062202454,False,False,family-00383-maximum,family-00383,0.9850045442581177,0.07786349284858106,0.0,1,0.5659090792985143,11.01401424407959,11,maximum
5.141796588897705,0.10138735175132751,False,False,family-00383-maximum,family-00383,0.9737648367881775,0.12140114088920584,0.0,2,0.43101868847174907,11.929405212402344,11,maximum
7.086625576019287,0.13784609735012054,False,False,family-00383-maximum,family-00383,0.99179607629776,0.04757479567494941,0.0,3,0.5464139273290883,12.969335556030273,11,maximum
6.178225040435791,-0.12226557731628418,True,False,family-00383-minimum,family-00383,0.9661733508110046,0.14780212800260134,1.0,0,0.5995618096676743,10.304567337036133,11,minimum
5.00937032699585,-0.07709234952926636,True,False,family-00383-minimum,family-00383,0.9803604483604431,0.09663297898901252,1.0,1,0.4769088454708733,10.50383186340332,11,minimum
9.512229919433594,0.5352568626403809,True,False,family-00383-minimum,family-00383,0.9709910154342651,0.13128024285403084,1.0,2,0.8852250263278736,10.745550155639648,11,minimum
9.265190124511719,0.28117069602012634,True,False,family-00383-minimum,family-00383,0.9807649254798889,0.09504704441129995,1.0,3,0.7135696137673955,12.984283447265625,11,minimum
6.262008190155029,-0.061448290944099426,True,False,family-00383-sum_mod_10,family-00383,0.9775740504264832,0.10733594951541904,0.5,0,0.6153923546056126,10.17563533782959,11,sum_mod_10
4.56242036819458,0.029069408774375916,True,False,family-00383-sum_mod_10,family-00383,0.9748982191085815,0.11727951748856952,0.5,1,0.42210326169673523,10.808777809143066,11,sum_mod_10
7.381880760192871,0.07964541018009186,True,False,family-00383-sum_mod_10,family-00383,0.9815618395805359,0.09189683433359902,0.5,2,0.6220577984103597,11.866872787475586,11,sum_mod_10
6.159332752227783,0.0668681412935257,True,True,family-00383-sum_mod_10,family-00383,0.9901801347732544,0.055172144838032136,0.5,3,0.43056868148498173,14.305110931396484,11,sum_mod_10
6.312417984008789,0.036031484603881836,False,False,family-00384-maximum,family-00384,0.9451321959495544,0.21260608338723008,1.0,0,0.7242696902153754,8.71556282043457,11,maximum
4.814029216766357,0.09237605333328247,False,False,family-00384-maximum,family-00384,0.9660647511482239,0.14816598407193143,1.0,1,0.559345556206861,8.606538772583008,11,maximum
9.78777027130127,0.2737100124359131,False,False,family-00384-maximum,family-00384,0.96186763048172,0.1619626065897166,1.0,2,0.9841047917190846,9.94586181640625,11,maximum
10.9951171875,0.12392723560333252,False,False,family-00384-maximum,family-00384,0.9884341359138489,0.0630789726147156,1.0,3,0.7792569722219593,14.109745025634766,11,maximum
6.080767631530762,0.13628125190734863,False,False,family-00384-minimum,family-00384,0.9814190864562988,0.09246367682088055,0.5,0,0.5431773900979239,11.194809913635254,11,minimum
7.739809989929199,0.1434308886528015,False,False,family-00384-minimum,family-00384,0.9893190264701843,0.05910777792124014,0.5,1,0.6943483586504464,11.146868705749512,11,minimum
5.822525501251221,0.14465975761413574,False,False,family-00384-minimum,family-00384,0.9886695742607117,0.06202928698576731,0.5,2,0.4797179299409601,12.137393951416016,11,minimum
7.807552337646484,0.12573689222335815,False,False,family-00384-minimum,family-00384,0.9885857701301575,0.06240348391280725,0.5,3,0.6057868587628079,12.888282775878906,11,minimum
4.422128200531006,-0.03831714391708374,False,False,family-00384-sum_mod_10,family-00384,0.9624109864234924,0.16020471188364557,0.0,0,0.42769342573677344,10.339481353759766,11,sum_mod_10
2.9641435146331787,0.0011370815336704254,False,False,family-00384-sum_mod_10,family-00384,0.927879810333252,0.259089011074502,0.0,1,0.29853471963688627,9.928974151611328,11,sum_mod_10
5.1030426025390625,0.008431085385382175,False,False,family-00384-sum_mod_10,family-00384,0.9532909989356995,0.18870863959352716,0.0,2,0.49401614774115904,10.329708099365234,11,sum_mod_10
6.395914554595947,-0.04452294856309891,False,True,family-00384-sum_mod_10,family-00384,0.9894989728927612,0.05829134027073874,0.0,3,0.5426849389247032,11.785686492919922,11,sum_mod_10
5.297807693481445,-0.019314289093017578,False,False,family-00385-maximum,family-00385,0.9770431518554688,0.10933363553186916,0.5,0,0.48791801799230156,10.857987403869629,11,maximum
8.259510040283203,0.6117901802062988,False,False,family-00385-maximum,family-00385,0.988619327545166,0.062253720424958414,0.5,1,0.7476415004756536,11.047420501708984,11,maximum
4.482272148132324,-0.06954419612884521,False,False,family-00385-maximum,family-00385,0.9385694265365601,0.23088578621132677,0.5,2,0.39935472814029205,11.223786354064941,11,maximum
7.73939323425293,0.09039306640625,False,False,family-00385-maximum,family-00385,0.9913462996482849,0.04971921989916486,0.5,3,0.5854643023226118,13.219240188598633,11,maximum
5.328164577484131,0.21800526976585388,False,False,family-00385-minimum,family-00385,0.9701509475708008,0.1342170673910033,0.0,0,0.45887852163691356,11.611274719238281,11,minimum
8.055309295654297,-0.16943871974945068,False,False,family-00385-minimum,family-00385,0.9802859425544739,0.09692418063996704,0.0,1,0.7533140639279424,10.693161964416504,11,minimum
8.051102638244629,0.2868161201477051,False,False,family-00385-minimum,family-00385,0.9716799259185791,0.1288531867618723,0.0,2,0.6453492496476727,12.475574493408203,11,minimum
5.330343246459961,0.10847976803779602,False,False,family-00385-minimum,family-00385,0.9449208974838257,0.21320709297396068,0.0,3,0.39589501702818825,13.464032173156738,11,minimum
5.889456748962402,-0.0007772259414196014,False,False,family-00385-sum_mod_10,family-00385,0.9701509475708008,0.1342170673910033,1.0,0,0.5072187930584732,11.611274719238281,11,sum_mod_10
6.117228984832764,-0.002761268988251686,False,False,family-00385-sum_mod_10,family-00385,0.9775311350822449,0.10749790675150622,1.0,1,0.5540818489586573,11.040298461914062,11,sum_mod_10
6.918753147125244,-0.0025993790477514267,False,False,family-00385-sum_mod_10,family-00385,0.9894425868988037,0.05854750280943508,1.0,2,0.5214418349411182,13.26850414276123,11,sum_mod_10
8.135321617126465,0.000527404248714447,False,True,family-00385-sum_mod_10,family-00385,0.9982149600982666,0.013079739680421238,1.0,3,0.47148663405918095,17.25461769104004,11,sum_mod_10
6.29472017288208,0.0430295467376709,True,False,family-00386-maximum,family-00386,0.9710441827774048,0.13109353743699492,0.0,0,0.5972270554795204,10.539911270141602,11,maximum
8.889960289001465,0.7301998138427734,True,False,family-00386-maximum,family-00386,0.9810057878494263,0.09409852659493043,0.0,1,0.8094189675734837,10.983138084411621,11,maximum
4.99765682220459,0.0052024126052856445,True,False,family-00386-maximum,family-00386,0.9290293455123901,0.25614252292780554,0.0,2,0.38019295121125213,13.14505386352539,11,maximum
8.83990478515625,0.03665870428085327,True,False,family-00386-maximum,family-00386,0.9899984002113342,0.05600888544624949,0.0,3,0.5805183618372096,15.227605819702148,11,maximum
7.035576343536377,0.48741698265075684,True,False,family-00386-minimum,family-00386,0.9814576506614685,0.09231065703292635,1.0,0,0.6490484488124107,10.839832305908203,11,minimum
7.267980575561523,0.0825817883014679,True,False,family-00386-minimum,family-00386,0.9804621934890747,0.09623484811098629,1.0,1,0.6964806617024604,10.435294151306152,11,minimum
8.242609024047852,0.3661562204360962,True,False,family-00386-minimum,family-00386,0.9590355157852173,0.1709973103045546,1.0,2,0.6736596938266893,12.235568046569824,11,minimum
9.235595703125,0.3041297495365143,True,False,family-00386-minimum,family-00386,0.979574978351593,0.09968864454969253,1.0,3,0.7074822258699459,13.054173469543457,11,minimum
5.5572099685668945,0.012143537402153015,True,False,family-00386-sum_mod_10,family-00386,0.9770553112030029,0.10928802356209882,0.5,0,0.5253594269544228,10.577919960021973,11,sum_mod_10
8.952499389648438,0.001465294510126114,True,False,family-00386-sum_mod_10,family-00386,0.985148549079895,0.0772601430008444,0.5,1,0.8425623136353201,10.625326156616211,11,sum_mod_10
7.120506763458252,0.005394108593463898,True,False,family-00386-sum_mod_10,family-00386,0.991259753704071,0.05012910575947932,0.5,2,0.500717337455819,14.220611572265625,11,sum_mod_10
8.176228523254395,-0.013269755989313126,True,True,family-00386-sum_mod_10,family-00386,0.9983854293823242,0.011992834392188295,0.5,3,0.4500239357765322,18.16843032836914,11,sum_mod_10
7.730332851409912,0.0162876695394516,True,False,family-00387-maximum,family-00387,0.9814576506614685,0.09231065703292635,1.0,0,0.7131413690963215,10.839832305908203,11,maximum
5.263256549835205,0.12178507447242737,True,False,family-00387-maximum,family-00387,0.9846960306167603,0.07915139086648698,1.0,1,0.5081394576929674,10.357897758483887,11,maximum
3.9927072525024414,-0.00040824711322784424,True,False,family-00387-maximum,family-00387,0.9718915820121765,0.12810407009007974,1.0,2,0.4030677053257626,9.905797958374023,11,maximum
7.3706254959106445,0.12812939286231995,True,False,family-00387-maximum,family-00387,0.9911433458328247,0.05067905723839391,1.0,3,0.672366825467265,10.96220874786377,11,maximum
7.259764671325684,0.008183002471923828,True,False,family-00387-minimum,family-00387,0.9777830243110657,0.10654610431767582,0.5,0,0.6980313416591866,10.400341987609863,11,minimum
5.82425594329834,0.062468767166137695,True,False,family-00387-minimum,family-00387,0.9812049865722656,0.09331172995205149,0.5,1,0.5870910199565813,9.920533180236816,11,minimum
10.126545906066895,0.5543988943099976,True,False,family-00387-minimum,family-00387,0.9802053570747375,0.09723882101805509,0.5,2,0.9416056484706344,10.75455093383789,11,minimum
6.321741104125977,0.049630582332611084,True,False,family-00387-minimum,family-00387,0.9522634744644165,0.19179586230573983,0.5,3,0.39040765188457766,16.19266700744629,11,minimum
6.766017913818359,-0.028449198231101036,True,False,family-00387-sum_mod_10,family-00387,0.9598170518875122,0.16852513151165266,0.0,0,0.7176151257146759,9.42847728729248,11,sum_mod_10
5.295995235443115,0.00022892188280820847,True,False,family-00387-sum_mod_10,family-00387,0.9810625910758972,0.09387438278035777,0.0,1,0.5020466076515353,10.548811912536621,11,sum_mod_10
11.110883712768555,-0.030026031658053398,True,False,family-00387-sum_mod_10,family-00387,0.9875379800796509,0.06703086989688223,0.0,2,0.9327169769116922,11.912384986877441,11,sum_mod_10
5.132866382598877,0.00010031182318925858,True,True,family-00387-sum_mod_10,family-00387,0.9739933013916016,0.1205744295265973,0.0,3,0.30550325273350515,16.801347732543945,11,sum_mod_10
4.776902198791504,0.0013902783393859863,False,False,family-00388-maximum,family-00388,0.9770431518554688,0.10933363553186916,0.5,0,0.4399436121181247,10.857987403869629,11,maximum
10.900959968566895,0.8249764442443848,False,False,family-00388-maximum,family-00388,0.9927542805671692,0.042921560702472855,0.5,1,0.9791234552905629,11.133386611938477,11,maximum
5.544894695281982,0.0012677311897277832,False,False,family-00388-maximum,family-00388,0.9508370757102966,0.19604310992654844,0.5,2,0.4401010403631597,12.599140167236328,11,maximum
8.8942232131958,0.1010591983795166,False,False,family-00388-maximum,family-00388,0.993614673614502,0.03863475694943785,0.5,3,0.5617385976708217,15.83338451385498,11,maximum
5.562507152557373,0.09804636240005493,True,False,family-00388-minimum,family-00388,0.9736681580543518,0.12175036180933502,0.0,0,0.5182613298303426,10.733016014099121,11,minimum
8.554383277893066,-0.043688178062438965,True,False,family-00388-minimum,family-00388,0.9900402426719666,0.0558165325536957,0.0,1,0.7916865472648092,10.805265426635742,11,minimum
10.777414321899414,0.8414252400398254,True,False,family-00388-minimum,family-00388,0.9787308573722839,0.10293812381933713,0.0,2,0.933819815829659,11.541213989257812,11,minimum
6.09323263168335,0.15775007009506226,True,False,family-00388-minimum,family-00388,0.9641945362091064,0.15437649113721205,0.0,3,0.40212531318793326,15.152571678161621,11,minimum
4.419588088989258,-0.0018053194507956505,False,False,family-00388-sum_mod_10,family-00388,0.9753659963607788,0.11556323798514889,1.0,0,0.41811230478494654,10.570337295532227,11,sum_mod_10
6.813225746154785,-0.004491669125854969,False,False,family-00388-sum_mod_10,family-00388,0.9787433743476868,0.10289019256450493,1.0,1,0.6594824876578704,10.331170082092285,11,sum_mod_10
10.935279846191406,-0.012840374372899532,False,False,family-00388-sum_mod_10,family-00388,0.9904001355171204,0.05415466845979012,1.0,2,0.9149513298803973,11.951761245727539,11,sum_mod_10
7.9557952880859375,0.0021122805774211884,False,True,family-00388-sum_mod_10,family-00388,0.998235821723938,0.012947635424293658,1.0,3,0.43924032184554884,18.112625122070312,11,sum_mod_10
5.194096565246582,-0.01324675977230072,False,False,family-00389-maximum,family-00389,0.9792648553848267,0.10088653983718776,0.0,0,0.4887569580542925,10.627156257629395,11,maximum
6.647712230682373,-0.016187936067581177,False,False,family-00389-maximum,family-00389,0.9820359349250793,0.09000617432965098,0.0,1,0.6428320392400034,10.341289520263672,11,maximum
3.9998397827148438,0.008882075548171997,False,False,family-00389-maximum,family-00389,0.9435552358627319,0.21707097550152035,0.0,2,0.37537249634484604,10.655654907226562,11,maximum
6.347954273223877,0.05335916578769684,False,False,family-00389-maximum,family-00389,0.9807908535003662,0.09494508804810158,0.0,3,0.5440674340578071,11.667587280273438,11,maximum
4.355358123779297,0.2601356506347656,True,False,family-00389-minimum,family-00389,0.9736681580543518,0.12175036180933502,1.0,0,0.4057907039417443,10.733016014099121,11,minimum
4.20625638961792,0.07539522647857666,True,False,family-00389-minimum,family-00389,0.9844492077827454,0.08017720493223938,1.0,1,0.38060149571404966,11.051602363586426,11,minimum
6.298916339874268,0.1230725646018982,True,False,family-00389-minimum,family-00389,0.9783841371536255,0.10426284308903429,1.0,2,0.5849985766721976,10.767404556274414,11,minimum
9.141572952270508,-0.11387711763381958,True,False,family-00389-minimum,family-00389,0.9832094311714172,0.0852708241977769,1.0,3,0.7033883759788908,12.996479988098145,11,minimum
4.731296062469482,-0.01733430102467537,False,False,family-00389-sum_mod_10,family-00389,0.9814190864562988,0.09246367682088055,0.5,0,0.42263299680566924,11.194809913635254,11,sum_mod_10
5.576385021209717,0.010526344180107117,False,False,family-00389-sum_mod_10,family-00389,0.9854147434234619,0.07614110300298035,0.5,1,0.5207643999518357,10.708076477050781,11,sum_mod_10
5.953171253204346,-0.04480013623833656,False,False,family-00389-sum_mod_10,family-00389,0.9912542700767517,0.050155047275017184,0.5,2,0.5115114720168958,11.638392448425293,11,sum_mod_10
9.171578407287598,-0.027853142470121384,False,True,family-00389-sum_mod_10,family-00389,0.9977084398269653,0.01621823237269818,0.5,3,0.6106538044389646,15.01927661895752,11,sum_mod_10
