absolute_utility_delta,attention_entropy_delta,both_learned_tasks,family_id,identifiability_a,identifiability_b,identifiability_delta,intent_a,intent_b,layer,residual_cosine,residual_delta_norm,seed,target_probability_delta,task_pair,utility_a,utility_b,utility_delta
0.05019509792327881,-0.23478484153747559,True,family-00300,1.0,0.5,0.5,maximum,minimum,0,0.3699209690093994,11.144462585449219,55,-0.4403362572193146,maximum__minimum,0.062081873416900635,0.011886775493621826,0.05019509792327881
1.1653296053409576,0.6107075214385986,True,family-00300,1.0,0.5,0.5,maximum,minimum,1,0.49760907888412476,11.84484577178955,55,-0.4403362572193146,maximum__minimum,-0.3652166426181793,0.8001129627227783,-1.1653296053409576
0.2458488643169403,0.04488015174865723,True,family-00300,1.0,0.5,0.5,maximum,minimum,2,0.21683695912361145,17.836685180664062,55,-0.4403362572193146,maximum__minimum,0.2841891348361969,0.03834027051925659,0.2458488643169403
0.07880550622940063,0.0855492353439331,True,family-00300,1.0,0.5,0.5,maximum,minimum,3,0.33221757411956787,19.652591705322266,55,-0.4403362572193146,maximum__minimum,0.24946653842926025,0.17066103219985962,0.07880550622940063
0.131271593272686,0.5010838508605957,False,family-00300,1.0,0.0,1.0,maximum,sum_mod_10,0,0.3382931351661682,11.242566108703613,55,0.4581449683755636,maximum__sum_mod_10,0.062081873416900635,-0.06918971985578537,0.131271593272686
0.3746025562286377,-0.9873447418212891,False,family-00300,1.0,0.0,1.0,maximum,sum_mod_10,1,0.3413575291633606,12.688908576965332,55,0.4581449683755636,maximum__sum_mod_10,-0.3652166426181793,0.009385913610458374,-0.3746025562286377
0.29211290180683136,-0.6955621242523193,False,family-00300,1.0,0.0,1.0,maximum,sum_mod_10,2,0.4165535867214203,14.703529357910156,55,0.4581449683755636,maximum__sum_mod_10,0.2841891348361969,-0.00792376697063446,0.29211290180683136
0.24864447955042124,1.1927049160003662,False,family-00300,1.0,0.0,1.0,maximum,sum_mod_10,3,0.39157819747924805,19.100244522094727,55,0.4581449683755636,maximum__sum_mod_10,0.24946653842926025,0.000822058878839016,0.24864447955042124
0.0810764953494072,0.7358686923980713,False,family-00300,0.5,0.0,0.5,minimum,sum_mod_10,0,0.32993465662002563,12.075764656066895,55,0.8984812255948782,minimum__sum_mod_10,0.011886775493621826,-0.06918971985578537,0.0810764953494072
0.79072704911232,-1.5980522632598877,False,family-00300,0.5,0.0,0.5,minimum,sum_mod_10,1,0.2597230076789856,14.92264175415039,55,0.8984812255948782,minimum__sum_mod_10,0.8001129627227783,0.009385913610458374,0.79072704911232
0.04626403748989105,-0.7404422760009766,False,family-00300,0.5,0.0,0.5,minimum,sum_mod_10,2,0.16943518817424774,18.656753540039062,55,0.8984812255948782,minimum__sum_mod_10,0.03834027051925659,-0.00792376697063446,0.04626403748989105
0.1698389733210206,1.107155680656433,False,family-00300,0.5,0.0,0.5,minimum,sum_mod_10,3,0.2606010437011719,22.417694091796875,55,0.8984812255948782,minimum__sum_mod_10,0.17066103219985962,0.000822058878839016,0.1698389733210206
0.5961347743868828,0.03577780723571777,True,family-00301,0.5,0.0,0.5,maximum,minimum,0,0.5043242573738098,9.635196685791016,55,0.8319377787411213,maximum__minimum,0.6139077544212341,0.01777298003435135,0.5961347743868828
0.271879774518311,-0.12535548210144043,True,family-00301,0.5,0.0,0.5,maximum,minimum,1,0.5048039555549622,9.182402610778809,55,0.8319377787411213,maximum__minimum,0.2867850661277771,0.014905291609466076,0.271879774518311
0.0866469256579876,0.1732863187789917,True,family-00301,0.5,0.0,0.5,maximum,minimum,2,0.30465513467788696,13.928491592407227,55,0.8319377787411213,maximum__minimum,0.06155216693878174,-0.025094758719205856,0.0866469256579876
0.6453771367669106,0.043665528297424316,True,family-00301,0.5,0.0,0.5,maximum,minimum,3,0.27697932720184326,18.46137046813965,55,0.8319377787411213,maximum__minimum,0.6561485528945923,0.010771416127681732,0.6453771367669106
0.657935380935669,0.4865788221359253,False,family-00301,0.5,1.0,-0.5,maximum,sum_mod_10,0,0.33409684896469116,10.781234741210938,55,0.6804793924093246,maximum__sum_mod_10,0.6139077544212341,-0.044027626514434814,0.657935380935669
0.28376662731170654,-0.11535406112670898,False,family-00301,0.5,1.0,-0.5,maximum,sum_mod_10,1,0.32390096783638,10.921852111816406,55,0.6804793924093246,maximum__sum_mod_10,0.2867850661277771,0.0030184388160705566,0.28376662731170654
0.01681123673915863,-0.6336638927459717,False,family-00301,0.5,1.0,-0.5,maximum,sum_mod_10,2,0.4835811257362366,13.070375442504883,55,0.6804793924093246,maximum__sum_mod_10,0.06155216693878174,0.04474093019962311,0.01681123673915863
0.6849777549505234,-0.259243369102478,False,family-00301,0.5,1.0,-0.5,maximum,sum_mod_10,3,0.48148313164711,19.13936996459961,55,0.6804793924093246,maximum__sum_mod_10,0.6561485528945923,-0.02882920205593109,0.6849777549505234
0.06180060654878616,0.4508010149002075,False,family-00301,0.0,1.0,-1.0,minimum,sum_mod_10,0,0.2362593114376068,11.92538070678711,55,-0.15145838633179665,minimum__sum_mod_10,0.01777298003435135,-0.044027626514434814,0.06180060654878616
0.01188685279339552,0.010001420974731445,False,family-00301,0.0,1.0,-1.0,minimum,sum_mod_10,1,0.32510796189308167,10.96224308013916,55,-0.15145838633179665,minimum__sum_mod_10,0.014905291609466076,0.0030184388160705566,0.01188685279339552
0.06983568891882896,-0.8069502115249634,False,family-00301,0.0,1.0,-1.0,minimum,sum_mod_10,2,0.4823639392852783,11.217196464538574,55,-0.15145838633179665,minimum__sum_mod_10,-0.025094758719205856,0.04474093019962311,-0.06983568891882896
0.039600618183612823,-0.30290889739990234,False,family-00301,0.0,1.0,-1.0,minimum,sum_mod_10,3,0.5514979362487793,16.039539337158203,55,-0.15145838633179665,minimum__sum_mod_10,0.010771416127681732,-0.02882920205593109,0.039600618183612823
0.06155812740325928,-0.015405654907226562,True,family-00302,0.0,1.0,-1.0,maximum,minimum,0,0.49678534269332886,10.314953804016113,55,-0.13916969299316406,maximum__minimum,0.11239731311798096,0.17395544052124023,-0.06155812740325928
0.004709064960479736,-0.645222544670105,True,family-00302,0.0,1.0,-1.0,maximum,minimum,1,0.5045430660247803,10.406190872192383,55,-0.13916969299316406,maximum__minimum,0.03430408239364624,0.029595017433166504,0.004709064960479736
0.37550655007362366,-0.42653048038482666,True,family-00302,0.0,1.0,-1.0,maximum,minimum,2,0.20853878557682037,19.29335594177246,55,-0.13916969299316406,maximum__minimum,0.06179940700531006,0.4373059570789337,-0.37550655007362366
0.204255610704422,0.43287575244903564,True,family-00302,0.0,1.0,-1.0,maximum,minimum,3,0.25423094630241394,23.1414852142334,55,-0.13916969299316406,maximum__minimum,0.34816333651542664,0.14390772581100464,0.204255610704422
0.1086980402469635,0.29795289039611816,False,family-00302,0.0,0.5,-0.5,maximum,sum_mod_10,0,0.9405512809753418,4.115584373474121,55,0.4408426582813263,maximum__sum_mod_10,0.11239731311798096,0.003699272871017456,0.1086980402469635
0.16224926710128784,0.4434415102005005,False,family-00302,0.0,0.5,-0.5,maximum,sum_mod_10,1,0.8636349439620972,6.332082748413086,55,0.4408426582813263,maximum__sum_mod_10,0.03430408239364624,-0.1279451847076416,0.16224926710128784
0.0400361642241478,-0.5249205827713013,False,family-00302,0.0,0.5,-0.5,maximum,sum_mod_10,2,0.6112899780273438,14.448644638061523,55,0.4408426582813263,maximum__sum_mod_10,0.06179940700531006,0.10183557122945786,-0.0400361642241478
0.467441588640213,1.2431764006614685,False,family-00302,0.0,0.5,-0.5,maximum,sum_mod_10,3,0.4465189278125763,23.67046546936035,55,0.4408426582813263,maximum__sum_mod_10,0.34816333651542664,-0.11927825212478638,0.467441588640213
0.17025616765022278,0.3133585453033447,False,family-00302,1.0,0.5,0.5,minimum,sum_mod_10,0,0.5177990794181824,10.752971649169922,55,0.5800123512744904,minimum__sum_mod_10,0.17395544052124023,0.003699272871017456,0.17025616765022278
0.1575402021408081,1.0886640548706055,False,family-00302,1.0,0.5,0.5,minimum,sum_mod_10,1,0.48380425572395325,11.522797584533691,55,0.5800123512744904,minimum__sum_mod_10,0.029595017433166504,-0.1279451847076416,0.1575402021408081
0.33547038584947586,-0.09839010238647461,False,family-00302,1.0,0.5,0.5,minimum,sum_mod_10,2,0.650672972202301,11.862162590026855,55,0.5800123512744904,minimum__sum_mod_10,0.4373059570789337,0.10183557122945786,0.33547038584947586
0.263185977935791,0.8103006482124329,False,family-00302,1.0,0.5,0.5,minimum,sum_mod_10,3,0.49520498514175415,21.597867965698242,55,0.5800123512744904,minimum__sum_mod_10,0.14390772581100464,-0.11927825212478638,0.263185977935791
0.32304184697568417,-0.6689713001251221,True,family-00303,1.0,0.5,0.5,maximum,minimum,0,0.5449184775352478,9.511916160583496,55,-0.8689098861068487,maximum__minimum,-0.030068745836615562,0.2929731011390686,-0.32304184697568417
0.10723870061337948,0.3289715051651001,True,family-00303,1.0,0.5,0.5,maximum,minimum,1,0.5515108108520508,11.286134719848633,55,-0.8689098861068487,maximum__minimum,-0.012745549902319908,0.09449315071105957,-0.10723870061337948
0.08718421868979931,-0.20728373527526855,True,family-00303,1.0,0.5,0.5,maximum,minimum,2,0.4246087968349457,16.165040969848633,55,-0.8689098861068487,maximum__minimum,0.0010230857878923416,0.08820730447769165,-0.08718421868979931
0.2552262395620346,-0.4311178922653198,True,family-00303,1.0,0.5,0.5,maximum,minimum,3,0.4760606586933136,18.615436553955078,55,-0.8689098861068487,maximum__minimum,-0.002255365252494812,0.2529708743095398,-0.2552262395620346
0.02646418660879135,-0.30087602138519287,False,family-00303,1.0,0.0,1.0,maximum,sum_mod_10,0,0.32741662859916687,12.719313621520996,55,-0.0103069506585598,maximum__sum_mod_10,-0.030068745836615562,-0.003604559227824211,-0.02646418660879135
0.013984119519591331,-1.2818169593811035,False,family-00303,1.0,0.0,1.0,maximum,sum_mod_10,1,0.5243684649467468,11.858067512512207,55,-0.0103069506585598,maximum__sum_mod_10,-0.012745549902319908,0.0012385696172714233,-0.013984119519591331
0.0005260072648525238,-0.5964683294296265,False,family-00303,1.0,0.0,1.0,maximum,sum_mod_10,2,0.6586713194847107,11.767123222351074,55,-0.0103069506585598,maximum__sum_mod_10,0.0010230857878923416,0.0004970785230398178,0.0005260072648525238
0.004605745896697044,0.9542155861854553,False,family-00303,1.0,0.0,1.0,maximum,sum_mod_10,3,0.6845694780349731,14.506402969360352,55,-0.0103069506585598,maximum__sum_mod_10,-0.002255365252494812,0.0023503806442022324,-0.004605745896697044
0.2965776603668928,0.3680952787399292,False,family-00303,0.5,0.0,0.5,minimum,sum_mod_10,0,0.3731226325035095,11.35622787475586,55,0.8586029354482889,minimum__sum_mod_10,0.2929731011390686,-0.003604559227824211,0.2965776603668928
0.09325458109378815,-1.6107884645462036,False,family-00303,0.5,0.0,0.5,minimum,sum_mod_10,1,0.2850174605846405,13.816215515136719,55,0.8586029354482889,minimum__sum_mod_10,0.09449315071105957,0.0012385696172714233,0.09325458109378815
0.08771022595465183,-0.3891845941543579,False,family-00303,0.5,0.0,0.5,minimum,sum_mod_10,2,0.34599530696868896,16.88616943359375,55,0.8586029354482889,minimum__sum_mod_10,0.08820730447769165,0.0004970785230398178,0.08771022595465183
0.25062049366533756,1.3853334784507751,False,family-00303,0.5,0.0,0.5,minimum,sum_mod_10,3,0.3991248309612274,21.755578994750977,55,0.8586029354482889,minimum__sum_mod_10,0.2529708743095398,0.0023503806442022324,0.25062049366533756
0.34999365732073784,1.1867496967315674,True,family-00304,0.5,0.0,0.5,maximum,minimum,0,0.30648332834243774,11.264303207397461,55,0.3768257312476635,maximum__minimum,0.3487274646759033,-0.0012661926448345184,0.34999365732073784
0.18939200602471828,-0.5099518299102783,True,family-00304,0.5,0.0,0.5,maximum,minimum,1,0.3744926154613495,10.64891242980957,55,0.3768257312476635,maximum__minimum,0.20240633189678192,0.013014325872063637,0.18939200602471828
0.19644545763731003,-0.9240014553070068,True,family-00304,0.5,0.0,0.5,maximum,minimum,2,0.2608295977115631,15.78687858581543,55,0.3768257312476635,maximum__minimum,-0.19618073105812073,0.00026472657918930054,-0.19644545763731003
0.12321459129452705,-1.6300779581069946,True,family-00304,0.5,0.0,0.5,maximum,minimum,3,0.3818528950214386,19.74454116821289,55,0.3768257312476635,maximum__minimum,0.12572088837623596,0.002506297081708908,0.12321459129452705
0.37447660602629185,0.16312134265899658,False,family-00304,0.5,1.0,-0.5,maximum,sum_mod_10,0,0.42981791496276855,10.309353828430176,55,0.392102612182498,maximum__sum_mod_10,0.3487274646759033,-0.025749141350388527,0.37447660602629185
0.19974217005074024,-0.3417496681213379,False,family-00304,0.5,1.0,-0.5,maximum,sum_mod_10,1,0.3828712999820709,10.920660972595215,55,0.392102612182498,maximum__sum_mod_10,0.20240633189678192,0.0026641618460416794,0.19974217005074024
0.1803876105695963,0.33123695850372314,False,family-00304,0.5,1.0,-0.5,maximum,sum_mod_10,2,0.39910364151000977,15.073976516723633,55,0.392102612182498,maximum__sum_mod_10,-0.19618073105812073,-0.015793120488524437,-0.1803876105695963
0.1146711390465498,1.2465415596961975,False,family-00304,0.5,1.0,-0.5,maximum,sum_mod_10,3,0.5606796145439148,19.53009605407715,55,0.392102612182498,maximum__sum_mod_10,0.12572088837623596,0.011049749329686165,0.1146711390465498
0.02448294870555401,-1.0236283540725708,False,family-00304,0.0,1.0,-1.0,minimum,sum_mod_10,0,0.11771367490291595,11.629376411437988,55,0.01527688093483448,minimum__sum_mod_10,-0.0012661926448345184,-0.025749141350388527,0.02448294870555401
0.010350164026021957,0.16820216178894043,False,family-00304,0.0,1.0,-1.0,minimum,sum_mod_10,1,0.14110276103019714,11.195657730102539,55,0.01527688093483448,minimum__sum_mod_10,0.013014325872063637,0.0026641618460416794,0.010350164026021957
0.016057847067713737,1.25523841381073,False,family-00304,0.0,1.0,-1.0,minimum,sum_mod_10,2,0.18029990792274475,12.929771423339844,55,0.01527688093483448,minimum__sum_mod_10,0.00026472657918930054,-0.015793120488524437,0.016057847067713737
0.008543452247977257,2.876619517803192,False,family-00304,0.0,1.0,-1.0,minimum,sum_mod_10,3,0.43382003903388977,18.983739852905273,55,0.01527688093483448,minimum__sum_mod_10,0.002506297081708908,0.011049749329686165,-0.008543452247977257
0.26066863536834717,0.3061467409133911,True,family-00305,0.0,1.0,-1.0,maximum,minimum,0,0.3730473816394806,12.012508392333984,55,-0.08197861909866333,maximum__minimum,0.17405790090560913,-0.08661073446273804,0.26066863536834717
0.04585063457489014,-0.10168004035949707,True,family-00305,0.0,1.0,-1.0,maximum,minimum,1,0.4911186695098877,11.312382698059082,55,-0.08197861909866333,maximum__minimum,-0.0019452571868896484,-0.047795891761779785,0.04585063457489014
0.06313222646713257,-0.13780438899993896,True,family-00305,0.0,1.0,-1.0,maximum,minimum,2,0.41929149627685547,15.047943115234375,55,-0.08197861909866333,maximum__minimum,0.5751749873161316,0.512042760848999,0.06313222646713257
0.15619099140167236,-1.431027352809906,True,family-00305,0.0,1.0,-1.0,maximum,minimum,3,0.5650684237480164,16.795028686523438,55,-0.08197861909866333,maximum__minimum,0.1822797656059265,0.3384707570075989,-0.15619099140167236
0.15000316500663757,-0.5730704069137573,False,family-00305,0.0,0.5,-0.5,maximum,sum_mod_10,0,0.44176679849624634,11.885309219360352,55,0.6045199073851109,maximum__sum_mod_10,0.17405790090560913,0.024054735898971558,0.15000316500663757
0.029167450964450836,-0.9884219169616699,False,family-00305,0.0,0.5,-0.5,maximum,sum_mod_10,1,0.5183045268058777,11.478408813476562,55,0.6045199073851109,maximum__sum_mod_10,-0.0019452571868896484,0.027222193777561188,-0.029167450964450836
0.5531116165220737,-0.16095399856567383,False,family-00305,0.0,0.5,-0.5,maximum,sum_mod_10,2,0.5820997357368469,13.551778793334961,55,0.6045199073851109,maximum__sum_mod_10,0.5751749873161316,0.022063370794057846,0.5531116165220737
0.17279783636331558,0.09216594696044922,False,family-00305,0.0,0.5,-0.5,maximum,sum_mod_10,3,0.6174291372299194,18.385906219482422,55,0.6045199073851109,maximum__sum_mod_10,0.1822797656059265,0.009481929242610931,0.17279783636331558
0.1106654703617096,-0.8792171478271484,False,family-00305,1.0,0.5,0.5,minimum,sum_mod_10,0,0.24271255731582642,12.918713569641113,55,0.6864985264837742,minimum__sum_mod_10,-0.08661073446273804,0.024054735898971558,-0.1106654703617096
0.07501808553934097,-0.8867418766021729,False,family-00305,1.0,0.5,0.5,minimum,sum_mod_10,1,0.34205931425094604,12.690730094909668,55,0.6864985264837742,minimum__sum_mod_10,-0.047795891761779785,0.027222193777561188,-0.07501808553934097
0.4899793900549412,-0.023149609565734863,False,family-00305,1.0,0.5,0.5,minimum,sum_mod_10,2,0.5058894753456116,12.294877052307129,55,0.6864985264837742,minimum__sum_mod_10,0.512042760848999,0.022063370794057846,0.4899793900549412
0.32898882776498795,1.5231932997703552,False,family-00305,1.0,0.5,0.5,minimum,sum_mod_10,3,0.6424275040626526,17.15623664855957,55,0.6864985264837742,minimum__sum_mod_10,0.3384707570075989,0.009481929242610931,0.32898882776498795
0.2703150510787964,-0.031267642974853516,True,family-00306,1.0,0.5,0.5,maximum,minimum,0,0.45173805952072144,11.212152481079102,55,-0.061663150787353516,maximum__minimum,0.3033844232559204,0.03306937217712402,0.2703150510787964
0.8621741533279419,-0.17914068698883057,True,family-00306,1.0,0.5,0.5,maximum,minimum,1,0.4715214967727661,11.766336441040039,55,-0.061663150787353516,maximum__minimum,-0.015240967273712158,0.8469331860542297,-0.8621741533279419
0.3281351923942566,-0.40928494930267334,True,family-00306,1.0,0.5,0.5,maximum,minimum,2,0.28555673360824585,17.72245216369629,55,-0.061663150787353516,maximum__minimum,-7.337331771850586e-05,0.3280618190765381,-0.3281351923942566
0.2896057963371277,-1.0014607906341553,True,family-00306,1.0,0.5,0.5,maximum,minimum,3,0.31989341974258423,21.612293243408203,55,-0.061663150787353516,maximum__minimum,0.3959490656852722,0.10634326934814453,0.2896057963371277
0.31041380017995834,0.6969149112701416,False,family-00306,1.0,0.0,1.0,maximum,sum_mod_10,0,0.48244982957839966,11.252768516540527,55,0.8062314111739397,maximum__sum_mod_10,0.3033844232559204,-0.007029376924037933,0.31041380017995834
0.014947304502129555,0.6344035863876343,False,family-00306,1.0,0.0,1.0,maximum,sum_mod_10,1,0.5978491306304932,10.888113021850586,55,0.8062314111739397,maximum__sum_mod_10,-0.015240967273712158,-0.00029366277158260345,-0.014947304502129555
0.00925404392182827,0.1484699249267578,False,family-00306,1.0,0.0,1.0,maximum,sum_mod_10,2,0.5733502507209778,12.869242668151855,55,0.8062314111739397,maximum__sum_mod_10,-7.337331771850586e-05,-0.009327417239546776,0.00925404392182827
0.39568406715989113,0.7247227430343628,False,family-00306,1.0,0.0,1.0,maximum,sum_mod_10,3,0.5518268346786499,17.91851806640625,55,0.8062314111739397,maximum__sum_mod_10,0.3959490656852722,0.00026499852538108826,0.39568406715989113
0.04009874910116196,0.7281825542449951,False,family-00306,0.5,0.0,0.5,minimum,sum_mod_10,0,0.3730200529098511,12.158550262451172,55,0.8678945619612932,minimum__sum_mod_10,0.03306937217712402,-0.007029376924037933,0.04009874910116196
0.8472268488258123,0.8135442733764648,False,family-00306,0.5,0.0,0.5,minimum,sum_mod_10,1,0.5376003980636597,11.912100791931152,55,0.8678945619612932,minimum__sum_mod_10,0.8469331860542297,-0.00029366277158260345,0.8472268488258123
0.33738923631608486,0.5577548742294312,False,family-00306,0.5,0.0,0.5,minimum,sum_mod_10,2,0.5674599409103394,14.408642768859863,55,0.8678945619612932,minimum__sum_mod_10,0.3280618190765381,-0.009327417239546776,0.33738923631608486
0.10607827082276344,1.726183533668518,False,family-00306,0.5,0.0,0.5,minimum,sum_mod_10,3,0.6113404035568237,17.131898880004883,55,0.8678945619612932,minimum__sum_mod_10,0.10634326934814453,0.00026499852538108826,0.10607827082276344
0.5624584853649139,-0.013294458389282227,True,family-00307,0.5,0.0,0.5,maximum,minimum,0,0.3872077763080597,9.847983360290527,55,-0.8496032953262329,maximum__minimum,-0.028015583753585815,0.5344429016113281,-0.5624584853649139
0.6278358921408653,-0.8620154857635498,True,family-00307,0.5,0.0,0.5,maximum,minimum,1,0.41888490319252014,10.99260425567627,55,-0.8496032953262329,maximum__minimum,0.01220402866601944,0.6400399208068848,-0.6278358921408653
0.19680163264274597,-0.16135501861572266,True,family-00307,0.5,0.0,0.5,maximum,minimum,2,0.1657128632068634,17.997873306274414,55,-0.8496032953262329,maximum__minimum,0.07131937146186829,0.26812100410461426,-0.19680163264274597
0.021549031138420105,-0.1456131935119629,True,family-00307,0.5,0.0,0.5,maximum,minimum,3,0.24308153986930847,20.716968536376953,55,-0.8496032953262329,maximum__minimum,0.044097527861595154,0.02254849672317505,0.021549031138420105
0.02002757042646408,0.2731022834777832,False,family-00307,0.5,1.0,-0.5,maximum,sum_mod_10,0,0.43011513352394104,10.380829811096191,55,0.010221749544143677,maximum__sum_mod_10,-0.028015583753585815,-0.007988013327121735,-0.02002757042646408
0.044879019260406494,-0.768404483795166,False,family-00307,0.5,1.0,-0.5,maximum,sum_mod_10,1,0.47056734561920166,11.42458438873291,55,0.010221749544143677,maximum__sum_mod_10,0.01220402866601944,-0.032674990594387054,0.044879019260406494
0.10895662754774094,-0.6485830545425415,False,family-00307,0.5,1.0,-0.5,maximum,sum_mod_10,2,0.5285923480987549,12.854179382324219,55,0.010221749544143677,maximum__sum_mod_10,0.07131937146186829,-0.03763725608587265,0.10895662754774094
0.03237537294626236,0.8455418348312378,False,family-00307,0.5,1.0,-0.5,maximum,sum_mod_10,3,0.7019269466400146,14.398845672607422,55,0.010221749544143677,maximum__sum_mod_10,0.044097527861595154,0.011722154915332794,0.03237537294626236
0.5424309149384499,0.28639674186706543,False,family-00307,0.0,1.0,-1.0,minimum,sum_mod_10,0,0.3165248930454254,10.06125259399414,55,0.8598250448703766,minimum__sum_mod_10,0.5344429016113281,-0.007988013327121735,0.5424309149384499
0.6727149114012718,0.09361100196838379,False,family-00307,0.0,1.0,-1.0,minimum,sum_mod_10,1,0.5528204441070557,10.01864242553711,55,0.8598250448703766,minimum__sum_mod_10,0.6400399208068848,-0.032674990594387054,0.6727149114012718
0.3057582601904869,-0.48722803592681885,False,family-00307,0.0,1.0,-1.0,minimum,sum_mod_10,2,0.46834343671798706,14.9684476852417,55,0.8598250448703766,minimum__sum_mod_10,0.26812100410461426,-0.03763725608587265,0.3057582601904869
0.010826341807842255,0.9911550283432007,False,family-00307,0.0,1.0,-1.0,minimum,sum_mod_10,3,0.4862184226512909,19.62067222595215,55,0.8598250448703766,minimum__sum_mod_10,0.02254849672317505,0.011722154915332794,0.010826341807842255
0.2558724954724312,0.48011314868927,True,family-00308,0.0,1.0,-1.0,maximum,minimum,0,0.3057745397090912,10.549604415893555,55,0.8330434449017048,maximum__minimum,0.28334587812423706,0.027473382651805878,0.2558724954724312
0.053540416061878204,-0.22815394401550293,True,family-00308,0.0,1.0,-1.0,maximum,minimum,1,0.4557690918445587,9.510391235351562,55,0.8330434449017048,maximum__minimum,0.00043088197708129883,0.0539712980389595,-0.053540416061878204
0.7264024317264557,-0.3301757574081421,True,family-00308,0.0,1.0,-1.0,maximum,minimum,2,0.1377713829278946,16.083600997924805,55,0.8330434449017048,maximum__minimum,0.7428632974624634,0.01646086573600769,0.7264024317264557
0.6071101874113083,-1.1241239309310913,True,family-00308,0.0,1.0,-1.0,maximum,minimum,3,0.3792484700679779,16.599592208862305,55,0.8330434449017048,maximum__minimum,0.6418440341949463,0.034733846783638,0.6071101874113083
0.35894471406936646,0.15153372287750244,False,family-00308,0.0,0.5,-0.5,maximum,sum_mod_10,0,0.4192841649055481,9.935029029846191,55,0.8217561691999435,maximum__sum_mod_10,0.28334587812423706,-0.0755988359451294,0.35894471406936646
0.02912287414073944,-0.08064508438110352,False,family-00308,0.0,0.5,-0.5,maximum,sum_mod_10,1,0.4825684726238251,9.335702896118164,55,0.8217561691999435,maximum__sum_mod_10,0.00043088197708129883,-0.028691992163658142,0.02912287414073944
0.7534932121634483,-0.7875218391418457,False,family-00308,0.0,0.5,-0.5,maximum,sum_mod_10,2,0.44732099771499634,12.889781951904297,55,0.8217561691999435,maximum__sum_mod_10,0.7428632974624634,-0.010629914700984955,0.7534932121634483
0.6605287864804268,-0.33979737758636475,False,family-00308,0.0,0.5,-0.5,maximum,sum_mod_10,3,0.4694851040840149,20.265810012817383,55,0.8217561691999435,maximum__sum_mod_10,0.6418440341949463,-0.0186847522854805,0.6605287864804268
0.10307221859693527,-0.3285794258117676,False,family-00308,1.0,0.5,0.5,minimum,sum_mod_10,0,0.4971240758895874,8.531432151794434,55,-0.011287275701761246,minimum__sum_mod_10,0.027473382651805878,-0.0755988359451294,0.10307221859693527
0.08266329020261765,0.14750885963439941,False,family-00308,1.0,0.5,0.5,minimum,sum_mod_10,1,0.5523317456245422,8.196403503417969,55,-0.011287275701761246,minimum__sum_mod_10,0.0539712980389595,-0.028691992163658142,0.08266329020261765
0.027090780436992645,-0.4573460817337036,False,family-00308,1.0,0.5,0.5,minimum,sum_mod_10,2,0.5529500246047974,9.938358306884766,55,-0.011287275701761246,minimum__sum_mod_10,0.01646086573600769,-0.010629914700984955,0.027090780436992645
0.0534185990691185,0.7843265533447266,False,family-00308,1.0,0.5,0.5,minimum,sum_mod_10,3,0.66145920753479,16.467370986938477,55,-0.011287275701761246,minimum__sum_mod_10,0.034733846783638,-0.0186847522854805,0.0534185990691185
0.1291797161102295,-0.7995162010192871,True,family-00309,1.0,0.5,0.5,maximum,minimum,0,0.41603004932403564,9.060317039489746,55,-0.00014853477478027344,maximum__minimum,0.4432779550552368,0.3140982389450073,0.1291797161102295
0.2002454400062561,-0.1908961534500122,True,family-00309,1.0,0.5,0.5,maximum,minimum,1,0.2687937617301941,10.981579780578613,55,-0.00014853477478027344,maximum__minimum,0.021679341793060303,0.2219247817993164,-0.2002454400062561
0.12733280658721924,-0.08099329471588135,True,family-00309,1.0,0.5,0.5,maximum,minimum,2,0.28243374824523926,15.693835258483887,55,-0.00014853477478027344,maximum__minimum,-0.07090497016906738,0.056427836418151855,-0.12733280658721924
0.3551458716392517,-0.7236823439598083,True,family-00309,1.0,0.5,0.5,maximum,minimum,3,0.3635024130344391,20.86723518371582,55,-0.00014853477478027344,maximum__minimum,0.6857622861862183,0.33061641454696655,0.3551458716392517
0.4481050968170166,-0.1898866891860962,False,family-00309,1.0,0.0,1.0,maximum,sum_mod_10,0,0.2521917223930359,11.929766654968262,55,0.44835832715034485,maximum__sum_mod_10,0.4432779550552368,-0.004827141761779785,0.4481050968170166
0.1282643973827362,-1.02742338180542,False,family-00309,1.0,0.0,1.0,maximum,sum_mod_10,1,0.4090977907180786,11.943449020385742,55,0.44835832715034485,maximum__sum_mod_10,0.021679341793060303,-0.1065850555896759,0.1282643973827362
0.3677409589290619,-1.1943092346191406,False,family-00309,1.0,0.0,1.0,maximum,sum_mod_10,2,0.5562467575073242,14.080388069152832,55,0.44835832715034485,maximum__sum_mod_10,-0.07090497016906738,0.2968359887599945,-0.3677409589290619
0.753249317407608,0.40633606910705566,False,family-00309,1.0,0.0,1.0,maximum,sum_mod_10,3,0.5858995318412781,18.328453063964844,55,0.44835832715034485,maximum__sum_mod_10,0.6857622861862183,-0.06748703122138977,0.753249317407608
0.3189253807067871,0.6096295118331909,False,family-00309,0.5,0.0,0.5,minimum,sum_mod_10,0,0.33798035979270935,11.53204345703125,55,0.4485068619251251,minimum__sum_mod_10,0.3140982389450073,-0.004827141761779785,0.3189253807067871
0.3285098373889923,-0.8365272283554077,False,family-00309,0.5,0.0,0.5,minimum,sum_mod_10,1,0.1442265659570694,14.164958000183105,55,0.4485068619251251,minimum__sum_mod_10,0.2219247817993164,-0.1065850555896759,0.3285098373889923
0.24040815234184265,-1.1133159399032593,False,family-00309,0.5,0.0,0.5,minimum,sum_mod_10,2,0.47496604919433594,14.99215316772461,55,0.4485068619251251,minimum__sum_mod_10,0.056427836418151855,0.2968359887599945,-0.24040815234184265
0.3981034457683563,1.130018413066864,False,family-00309,0.5,0.0,0.5,minimum,sum_mod_10,3,0.591897189617157,17.718067169189453,55,0.4485068619251251,minimum__sum_mod_10,0.33061641454696655,-0.06748703122138977,0.3981034457683563
0.16538429260253906,-0.2780623435974121,True,family-00310,0.5,0.0,0.5,maximum,minimum,0,0.4684526026248932,9.961036682128906,55,0.20552152395248413,maximum__minimum,0.1624852418899536,0.3278695344924927,-0.16538429260253906
0.2524549961090088,0.292163610458374,True,family-00310,0.5,0.0,0.5,maximum,minimum,1,0.5444719791412354,10.136703491210938,55,0.20552152395248413,maximum__minimum,0.16461598873138428,0.41707098484039307,-0.2524549961090088
0.24702155590057373,0.15241897106170654,True,family-00310,0.5,0.0,0.5,maximum,minimum,2,0.25961142778396606,16.185279846191406,55,0.20552152395248413,maximum__minimum,0.17855119705200195,-0.06847035884857178,0.24702155590057373
0.14139819145202637,0.4484497308731079,True,family-00310,0.5,0.0,0.5,maximum,minimum,3,0.3994562327861786,18.278348922729492,55,0.20552152395248413,maximum__minimum,0.15330976247787476,0.011911571025848389,0.14139819145202637
0.15580204129219055,0.5082781314849854,False,family-00310,0.5,1.0,-0.5,maximum,sum_mod_10,0,0.33738061785697937,11.299798011779785,55,0.7592649161815643,maximum__sum_mod_10,0.1624852418899536,0.0066832005977630615,0.15580204129219055
0.20420996099710464,1.0168639421463013,False,family-00310,0.5,1.0,-0.5,maximum,sum_mod_10,1,0.5000971555709839,11.072419166564941,55,0.7592649161815643,maximum__sum_mod_10,0.16461598873138428,-0.03959397226572037,0.20420996099710464
0.17184196412563324,-0.19442927837371826,False,family-00310,0.5,1.0,-0.5,maximum,sum_mod_10,2,0.5472279191017151,13.337998390197754,55,0.7592649161815643,maximum__sum_mod_10,0.17855119705200195,0.006709232926368713,0.17184196412563324
0.13921714574098587,0.8233701586723328,False,family-00310,0.5,1.0,-0.5,maximum,sum_mod_10,3,0.4432547688484192,21.87644386291504,55,0.7592649161815643,maximum__sum_mod_10,0.15330976247787476,0.014092616736888885,0.13921714574098587
0.3211863338947296,0.7863404750823975,False,family-00310,0.0,1.0,-1.0,minimum,sum_mod_10,0,0.4506993889808655,11.253778457641602,55,0.5537433922290802,minimum__sum_mod_10,0.3278695344924927,0.0066832005977630615,0.3211863338947296
0.45666495710611343,0.7247003316879272,False,family-00310,0.0,1.0,-1.0,minimum,sum_mod_10,1,0.577721357345581,11.108209609985352,55,0.5537433922290802,minimum__sum_mod_10,0.41707098484039307,-0.03959397226572037,0.45666495710611343
0.07517959177494049,-0.3468482494354248,False,family-00310,0.0,1.0,-1.0,minimum,sum_mod_10,2,0.6554524898529053,12.24122428894043,55,0.5537433922290802,minimum__sum_mod_10,-0.06847035884857178,0.006709232926368713,-0.07517959177494049
0.002181045711040497,0.37492042779922485,False,family-00310,0.0,1.0,-1.0,minimum,sum_mod_10,3,0.6343183517456055,18.607255935668945,55,0.5537433922290802,minimum__sum_mod_10,0.011911571025848389,0.014092616736888885,-0.002181045711040497
0.3349110186100006,-0.302770733833313,True,family-00311,0.0,1.0,-1.0,maximum,minimum,0,0.5430431365966797,9.434674263000488,55,0.5768546164035797,maximum__minimum,0.3885285258293152,0.053617507219314575,0.3349110186100006
0.13408800959587097,0.3937852382659912,True,family-00311,0.0,1.0,-1.0,maximum,minimum,1,0.6198997497558594,9.554230690002441,55,0.5768546164035797,maximum__minimum,0.013363659381866455,0.14745166897773743,-0.13408800959587097
0.11134350299835205,-0.18666672706604004,True,family-00311,0.0,1.0,-1.0,maximum,minimum,2,0.08869925886392593,20.34775733947754,55,0.5768546164035797,maximum__minimum,0.3397250175476074,0.22838151454925537,0.11134350299835205
0.5986009836196899,-0.8839303255081177,True,family-00311,0.0,1.0,-1.0,maximum,minimum,3,0.11453919112682343,25.740379333496094,55,0.5768546164035797,maximum__minimum,0.6482071280479431,0.049606144428253174,0.5986009836196899
0.39085156470537186,-0.3001706600189209,False,family-00311,0.0,0.5,-0.5,maximum,sum_mod_10,0,0.5704802870750427,8.684924125671387,55,0.8820026014000177,maximum__sum_mod_10,0.3885285258293152,-0.002323038876056671,0.39085156470537186
0.03148732893168926,0.019332170486450195,False,family-00311,0.0,0.5,-0.5,maximum,sum_mod_10,1,0.6520034074783325,9.655081748962402,55,0.8820026014000177,maximum__sum_mod_10,0.013363659381866455,-0.018123669549822807,0.03148732893168926
0.33833867497742176,-0.5119619369506836,False,family-00311,0.0,0.5,-0.5,maximum,sum_mod_10,2,0.410500705242157,14.411069869995117,55,0.8820026014000177,maximum__sum_mod_10,0.3397250175476074,0.0013863425701856613,0.33833867497742176
0.636670308187604,0.13898146152496338,False,family-00311,0.0,0.5,-0.5,maximum,sum_mod_10,3,0.273580402135849,24.515403747558594,55,0.8820026014000177,maximum__sum_mod_10,0.6482071280479431,0.011536819860339165,0.636670308187604
0.055940546095371246,0.00260007381439209,False,family-00311,1.0,0.5,0.5,minimum,sum_mod_10,0,0.5186872482299805,10.105168342590332,55,0.305147984996438,minimum__sum_mod_10,0.053617507219314575,-0.002323038876056671,0.055940546095371246
0.16557533852756023,-0.374453067779541,False,family-00311,1.0,0.5,0.5,minimum,sum_mod_10,1,0.7363038063049316,8.976447105407715,55,0.305147984996438,minimum__sum_mod_10,0.14745166897773743,-0.018123669549822807,0.16557533852756023
0.2269951719790697,-0.32529520988464355,False,family-00311,1.0,0.5,0.5,minimum,sum_mod_10,2,0.7405242919921875,11.761204719543457,55,0.305147984996438,minimum__sum_mod_10,0.22838151454925537,0.0013863425701856613,0.2269951719790697
0.03806932456791401,1.022911787033081,False,family-00311,1.0,0.5,0.5,minimum,sum_mod_10,3,0.611750602722168,19.643207550048828,55,0.305147984996438,minimum__sum_mod_10,0.049606144428253174,0.011536819860339165,0.03806932456791401
0.1657457947731018,0.45699620246887207,True,family-00312,1.0,0.5,0.5,maximum,minimum,0,0.4713175892829895,9.159097671508789,55,-0.6507186442613602,maximum__minimum,0.15216588973999023,-0.013579905033111572,0.1657457947731018
0.652218833565712,0.5230646133422852,True,family-00312,1.0,0.5,0.5,maximum,minimum,1,0.5567226409912109,10.02343463897705,55,-0.6507186442613602,maximum__minimum,-0.042612090706825256,0.6096067428588867,-0.652218833565712
0.1259550154209137,-0.7125650644302368,True,family-00312,1.0,0.5,0.5,maximum,minimum,2,0.36173170804977417,15.614583015441895,55,-0.6507186442613602,maximum__minimum,-0.02672550082206726,0.09922951459884644,-0.1259550154209137
0.09850700199604034,-0.9425702095031738,True,family-00312,1.0,0.5,0.5,maximum,minimum,3,0.5754735469818115,15.108365058898926,55,-0.6507186442613602,maximum__minimum,0.18614356219768524,0.2846505641937256,-0.09850700199604034
0.16001903265714645,0.336658239364624,False,family-00312,1.0,0.0,1.0,maximum,sum_mod_10,0,0.24989506602287292,12.248495101928711,55,0.15016919374465942,maximum__sum_mod_10,0.15216588973999023,-0.00785314291715622,0.16001903265714645
0.050412170588970184,-1.0859613418579102,False,family-00312,1.0,0.0,1.0,maximum,sum_mod_10,1,0.48507094383239746,11.358922004699707,55,0.15016919374465942,maximum__sum_mod_10,-0.042612090706825256,0.007800079882144928,-0.050412170588970184
0.06130415201187134,-0.4767441749572754,False,family-00312,1.0,0.0,1.0,maximum,sum_mod_10,2,0.4990580379962921,13.013640403747559,55,0.15016919374465942,maximum__sum_mod_10,-0.02672550082206726,0.03457865118980408,-0.06130415201187134
0.16770752891898155,0.17307329177856445,False,family-00312,1.0,0.0,1.0,maximum,sum_mod_10,3,0.5084450840950012,16.68244743347168,55,0.15016919374465942,maximum__sum_mod_10,0.18614356219768524,0.01843603327870369,0.16770752891898155
0.005726762115955353,-0.12033796310424805,False,family-00312,0.5,0.0,0.5,minimum,sum_mod_10,0,0.27632027864456177,11.742721557617188,55,0.8008878380060196,minimum__sum_mod_10,-0.013579905033111572,-0.00785314291715622,-0.005726762115955353
0.6018066629767418,-1.6090259552001953,False,family-00312,0.5,0.0,0.5,minimum,sum_mod_10,1,0.48060059547424316,11.42387866973877,55,0.8008878380060196,minimum__sum_mod_10,0.6096067428588867,0.007800079882144928,0.6018066629767418
0.06465086340904236,0.23582088947296143,False,family-00312,0.5,0.0,0.5,minimum,sum_mod_10,2,0.5826281905174255,12.487228393554688,55,0.8008878380060196,minimum__sum_mod_10,0.09922951459884644,0.03457865118980408,0.06465086340904236
0.2662145309150219,1.1156435012817383,False,family-00312,0.5,0.0,0.5,minimum,sum_mod_10,3,0.6675815582275391,14.78746509552002,55,0.8008878380060196,minimum__sum_mod_10,0.2846505641937256,0.01843603327870369,0.2662145309150219
0.2638806104660034,-0.03350090980529785,True,family-00313,0.5,0.0,0.5,maximum,minimum,0,0.3131409287452698,11.662581443786621,55,0.6941289976239204,maximum__minimum,0.12766718864440918,-0.13621342182159424,0.2638806104660034
0.05316168814897537,-1.1054532527923584,True,family-00313,0.5,0.0,0.5,maximum,minimum,1,0.3134433925151825,12.071427345275879,55,0.6941289976239204,maximum__minimum,-0.018152594566345215,-0.07131428271532059,0.05316168814897537
0.348127156496048,0.7100666761398315,True,family-00313,0.5,0.0,0.5,maximum,minimum,2,0.2736493945121765,14.890189170837402,55,0.6941289976239204,maximum__minimum,0.21559280157089233,-0.13253435492515564,0.348127156496048
0.8181683346629143,-0.7585058808326721,True,family-00313,0.5,0.0,0.5,maximum,minimum,3,0.23780690133571625,20.255565643310547,55,0.6941289976239204,maximum__minimum,0.722333550453186,-0.09583478420972824,0.8181683346629143
0.1352381929755211,-0.07919621467590332,False,family-00313,0.5,1.0,-0.5,maximum,sum_mod_10,0,0.403301864862442,10.651697158813477,55,0.7159457951784134,maximum__sum_mod_10,0.12766718864440918,-0.007571004331111908,0.1352381929755211
0.0012976080179214478,-0.7756824493408203,False,family-00313,0.5,1.0,-0.5,maximum,sum_mod_10,1,0.47344064712524414,10.962458610534668,55,0.7159457951784134,maximum__sum_mod_10,-0.018152594566345215,-0.016854986548423767,-0.0012976080179214478
0.2233220413327217,0.5871099233627319,False,family-00313,0.5,1.0,-0.5,maximum,sum_mod_10,2,0.4535530209541321,13.86121654510498,55,0.7159457951784134,maximum__sum_mod_10,0.21559280157089233,-0.007729239761829376,0.2233220413327217
0.6890510618686676,0.5252330899238586,False,family-00313,0.5,1.0,-0.5,maximum,sum_mod_10,3,0.4017024636268616,22.31920623779297,55,0.7159457951784134,maximum__sum_mod_10,0.722333550453186,0.03328248858451843,0.6890510618686676
0.12864241749048233,-0.04569530487060547,False,family-00313,0.0,1.0,-1.0,minimum,sum_mod_10,0,0.40699201822280884,11.55894947052002,55,0.02181679755449295,minimum__sum_mod_10,-0.13621342182159424,-0.007571004331111908,-0.12864241749048233
0.05445929616689682,0.3297708034515381,False,family-00313,0.0,1.0,-1.0,minimum,sum_mod_10,1,0.5065022110939026,10.823755264282227,55,0.02181679755449295,minimum__sum_mod_10,-0.07131428271532059,-0.016854986548423767,-0.05445929616689682
0.12480511516332626,-0.12295675277709961,False,family-00313,0.0,1.0,-1.0,minimum,sum_mod_10,2,0.6066398620605469,11.219595909118652,55,0.02181679755449295,minimum__sum_mod_10,-0.13253435492515564,-0.007729239761829376,-0.12480511516332626
0.12911727279424667,1.2837389707565308,False,family-00313,0.0,1.0,-1.0,minimum,sum_mod_10,3,0.6749265193939209,16.88581657409668,55,0.02181679755449295,minimum__sum_mod_10,-0.09583478420972824,0.03328248858451843,-0.12911727279424667
0.30470412969589233,0.27209770679473877,True,family-00314,0.0,1.0,-1.0,maximum,minimum,0,0.43482112884521484,10.173135757446289,55,0.8088393956422806,maximum__minimum,0.23550492525100708,-0.06919920444488525,0.30470412969589233
0.12565725296735764,-0.1636192798614502,True,family-00314,0.0,1.0,-1.0,maximum,minimum,1,0.5408706068992615,9.41960620880127,55,0.8088393956422806,maximum__minimum,0.1327962875366211,0.007139034569263458,0.12565725296735764
0.6602649688720703,-0.21411728858947754,True,family-00314,0.0,1.0,-1.0,maximum,minimum,2,0.12680210173130035,16.804325103759766,55,0.8088393956422806,maximum__minimum,0.32956641912460327,-0.33069854974746704,0.6602649688720703
0.3025873601436615,-1.3743761777877808,True,family-00314,0.0,1.0,-1.0,maximum,minimum,3,0.23074132204055786,19.96746253967285,55,0.8088393956422806,maximum__minimum,0.35817962884902954,0.05559226870536804,0.3025873601436615
0.27789852768182755,-0.10973811149597168,False,family-00314,0.0,0.5,-0.5,maximum,sum_mod_10,0,0.18813663721084595,12.969770431518555,55,0.8406169787049294,maximum__sum_mod_10,0.23550492525100708,-0.042393602430820465,0.27789852768182755
0.13920734077692032,-0.8893802165985107,False,family-00314,0.0,0.5,-0.5,maximum,sum_mod_10,1,0.2550722360610962,12.284811973571777,55,0.8406169787049294,maximum__sum_mod_10,0.1327962875366211,-0.006411053240299225,0.13920734077692032
0.3086005114018917,0.33050215244293213,False,family-00314,0.0,0.5,-0.5,maximum,sum_mod_10,2,0.10486505925655365,17.11956024169922,55,0.8406169787049294,maximum__sum_mod_10,0.32956641912460327,0.020965907722711563,0.3086005114018917
0.37920138239860535,-0.9397648572921753,False,family-00314,0.0,0.5,-0.5,maximum,sum_mod_10,3,0.18934471905231476,26.214622497558594,55,0.8406169787049294,maximum__sum_mod_10,0.35817962884902954,-0.021021753549575806,0.37920138239860535
0.02680560201406479,-0.38183581829071045,False,family-00314,1.0,0.5,0.5,minimum,sum_mod_10,0,0.3157665729522705,11.624027252197266,55,0.03177758306264877,minimum__sum_mod_10,-0.06919920444488525,-0.042393602430820465,-0.02680560201406479
0.013550087809562683,-0.7257609367370605,False,family-00314,1.0,0.5,0.5,minimum,sum_mod_10,1,0.351431667804718,11.819387435913086,55,0.03177758306264877,minimum__sum_mod_10,0.007139034569263458,-0.006411053240299225,0.013550087809562683
0.3516644574701786,0.5446194410324097,False,family-00314,1.0,0.5,0.5,minimum,sum_mod_10,2,0.5757154226303101,11.413145065307617,55,0.03177758306264877,minimum__sum_mod_10,-0.33069854974746704,0.020965907722711563,-0.3516644574701786
0.07661402225494385,0.43461132049560547,False,family-00314,1.0,0.5,0.5,minimum,sum_mod_10,3,0.5327514410018921,19.3226318359375,55,0.03177758306264877,minimum__sum_mod_10,0.05559226870536804,-0.021021753549575806,0.07661402225494385
0.14544367790222168,-0.9042949676513672,True,family-00315,1.0,0.5,0.5,maximum,minimum,0,0.5750599503517151,7.856662273406982,55,0.3908008933067322,maximum__minimum,0.1684345006942749,0.022990822792053223,0.14544367790222168
0.12501740455627441,0.12382614612579346,True,family-00315,1.0,0.5,0.5,maximum,minimum,1,0.5519485473632812,7.960430145263672,55,0.3908008933067322,maximum__minimum,0.0070487260818481445,0.13206613063812256,-0.12501740455627441
0.44621166586875916,0.5267888307571411,True,family-00315,1.0,0.5,0.5,maximum,minimum,2,0.4518105983734131,12.74919605255127,55,0.3908008933067322,maximum__minimum,0.03410935401916504,0.4803210198879242,-0.44621166586875916
0.23662686347961426,-0.7928138971328735,True,family-00315,1.0,0.5,0.5,maximum,minimum,3,0.2750043272972107,22.38532066345215,55,0.3908008933067322,maximum__minimum,0.4073517918586731,0.17072492837905884,0.23662686347961426
0.07289538532495499,-0.6079378128051758,False,family-00315,1.0,0.0,1.0,maximum,sum_mod_10,0,0.2661587595939636,11.689139366149902,55,0.7306695580482483,maximum__sum_mod_10,0.1684345006942749,0.09553911536931992,0.07289538532495499
0.07629522681236267,-1.004576563835144,False,family-00315,1.0,0.0,1.0,maximum,sum_mod_10,1,0.18261589109897614,12.771710395812988,55,0.7306695580482483,maximum__sum_mod_10,0.0070487260818481445,-0.06924650073051453,0.07629522681236267
0.01613055169582367,-0.7688946723937988,False,family-00315,1.0,0.0,1.0,maximum,sum_mod_10,2,0.19962671399116516,16.702369689941406,55,0.7306695580482483,maximum__sum_mod_10,0.03410935401916504,0.05023990571498871,-0.01613055169582367
0.3418492376804352,-0.002522408962249756,False,family-00315,1.0,0.0,1.0,maximum,sum_mod_10,3,0.37624961137771606,23.22238540649414,55,0.7306695580482483,maximum__sum_mod_10,0.4073517918586731,0.06550255417823792,0.3418492376804352
0.0725482925772667,0.2963571548461914,False,family-00315,0.5,0.0,0.5,minimum,sum_mod_10,0,0.34702929854393005,11.230520248413086,55,0.3398686647415161,minimum__sum_mod_10,0.022990822792053223,0.09553911536931992,-0.0725482925772667
0.20131263136863708,-1.1284027099609375,False,family-00315,0.5,0.0,0.5,minimum,sum_mod_10,1,0.29997387528419495,11.652079582214355,55,0.3398686647415161,minimum__sum_mod_10,0.13206613063812256,-0.06924650073051453,0.20131263136863708
0.4300811141729355,-1.29568350315094,False,family-00315,0.5,0.0,0.5,minimum,sum_mod_10,2,0.3066794276237488,14.134652137756348,55,0.3398686647415161,minimum__sum_mod_10,0.4803210198879242,0.05023990571498871,0.4300811141729355
0.10522237420082092,0.7902914881706238,False,family-00315,0.5,0.0,0.5,minimum,sum_mod_10,3,0.24598130583763123,20.982494354248047,55,0.3398686647415161,minimum__sum_mod_10,0.17072492837905884,0.06550255417823792,0.10522237420082092
0.12583518028259277,-0.373701810836792,True,family-00316,0.5,0.0,0.5,maximum,minimum,0,0.31121742725372314,11.08072280883789,55,-0.4600761979818344,maximum__minimum,0.012588590383529663,0.13842377066612244,-0.12583518028259277
0.8875438570976257,-1.1008318662643433,True,family-00316,0.5,0.0,0.5,maximum,minimum,1,0.4730391204357147,11.453875541687012,55,-0.4600761979818344,maximum__minimum,-0.32667070627212524,0.5608731508255005,-0.8875438570976257
0.11112942546606064,-0.5936276912689209,True,family-00316,0.5,0.0,0.5,maximum,minimum,2,0.2606930732727051,17.392654418945312,55,-0.4600761979818344,maximum__minimum,0.09665771573781967,-0.014471709728240967,0.11112942546606064
0.0020090490579605103,0.13843846321105957,True,family-00316,0.5,0.0,0.5,maximum,minimum,3,0.4558999240398407,18.007617950439453,55,-0.4600761979818344,maximum__minimum,0.10167978703975677,0.10368883609771729,-0.0020090490579605103
0.06917302682995796,-0.21417021751403809,False,family-00316,0.5,1.0,-0.5,maximum,sum_mod_10,0,0.26483625173568726,11.214634895324707,55,0.09795647487044334,maximum__sum_mod_10,0.012588590383529663,-0.0565844364464283,0.06917302682995796
0.3510173875838518,-0.9601277112960815,False,family-00316,0.5,1.0,-0.5,maximum,sum_mod_10,1,0.4597172737121582,11.011824607849121,55,0.09795647487044334,maximum__sum_mod_10,-0.32667070627212524,0.02434668131172657,-0.3510173875838518
0.11125210300087929,-0.4006056785583496,False,family-00316,0.5,1.0,-0.5,maximum,sum_mod_10,2,0.5307914614677429,13.132927894592285,55,0.09795647487044334,maximum__sum_mod_10,0.09665771573781967,-0.014594387263059616,0.11125210300087929
0.1586196981370449,1.4902278184890747,False,family-00316,0.5,1.0,-0.5,maximum,sum_mod_10,3,0.4957900941371918,18.88380241394043,55,0.09795647487044334,maximum__sum_mod_10,0.10167978703975677,-0.05693991109728813,0.1586196981370449
0.19500820711255074,0.1595315933227539,False,family-00316,0.0,1.0,-1.0,minimum,sum_mod_10,0,0.4138680398464203,10.386619567871094,55,0.5580326728522778,minimum__sum_mod_10,0.13842377066612244,-0.0565844364464283,0.19500820711255074
0.5365264695137739,0.14070415496826172,False,family-00316,0.0,1.0,-1.0,minimum,sum_mod_10,1,0.42810484766960144,11.649292945861816,55,0.5580326728522778,minimum__sum_mod_10,0.5608731508255005,0.02434668131172657,0.5365264695137739
0.0001226775348186493,0.1930220127105713,False,family-00316,0.0,1.0,-1.0,minimum,sum_mod_10,2,0.28089791536331177,15.517515182495117,55,0.5580326728522778,minimum__sum_mod_10,-0.014471709728240967,-0.014594387263059616,0.0001226775348186493
0.16062874719500542,1.3517893552780151,False,family-00316,0.0,1.0,-1.0,minimum,sum_mod_10,3,0.36855581402778625,20.437326431274414,55,0.5580326728522778,minimum__sum_mod_10,0.10368883609771729,-0.05693991109728813,0.16062874719500542
0.41733723878860474,0.19762039184570312,True,family-00317,0.0,1.0,-1.0,maximum,minimum,0,0.5756245255470276,8.025653839111328,55,0.11599230766296387,maximum__minimum,0.2875574827194214,0.7048947215080261,-0.41733723878860474
0.6245225071907043,1.1878126859664917,True,family-00317,0.0,1.0,-1.0,maximum,minimum,1,0.5871110558509827,7.803356170654297,55,0.11599230766296387,maximum__minimum,-0.006081938743591309,0.618440568447113,-0.6245225071907043
0.11462622880935669,-0.04930150508880615,True,family-00317,0.0,1.0,-1.0,maximum,minimum,2,0.13855987787246704,17.70750617980957,55,0.11599230766296387,maximum__minimum,0.14895915985107422,0.2635853886604309,-0.11462622880935669
0.3433929681777954,-0.7616543769836426,True,family-00317,0.0,1.0,-1.0,maximum,minimum,3,0.2558320164680481,21.490148544311523,55,0.11599230766296387,maximum__minimum,0.11822468042373657,0.461617648601532,-0.3433929681777954
0.30297262966632843,-0.5441030263900757,False,family-00317,0.0,0.5,-0.5,maximum,sum_mod_10,0,0.3130483627319336,11.82429313659668,55,0.9016985818743706,maximum__sum_mod_10,0.2875574827194214,-0.015415146946907043,0.30297262966632843
0.005637221038341522,-0.21325421333312988,False,family-00317,0.0,0.5,-0.5,maximum,sum_mod_10,1,0.3343604803085327,11.671854972839355,55,0.9016985818743706,maximum__sum_mod_10,-0.006081938743591309,-0.01171915978193283,0.005637221038341522
0.15565232373774052,0.2421659231185913,False,family-00317,0.0,0.5,-0.5,maximum,sum_mod_10,2,0.08310345560312271,19.115270614624023,55,0.9016985818743706,maximum__sum_mod_10,0.14895915985107422,-0.006693163886666298,0.15565232373774052
0.11600969731807709,0.8614097237586975,False,family-00317,0.0,0.5,-0.5,maximum,sum_mod_10,3,0.30496466159820557,26.27191925048828,55,0.9016985818743706,maximum__sum_mod_10,0.11822468042373657,0.002214983105659485,0.11600969731807709
0.7203098684549332,-0.7417234182357788,False,family-00317,1.0,0.5,0.5,minimum,sum_mod_10,0,0.24041664600372314,12.138901710510254,55,0.7857062742114067,minimum__sum_mod_10,0.7048947215080261,-0.015415146946907043,0.7203098684549332
0.6301597282290459,-1.4010668992996216,False,family-00317,1.0,0.5,0.5,minimum,sum_mod_10,1,0.3354910612106323,11.592485427856445,55,0.7857062742114067,minimum__sum_mod_10,0.618440568447113,-0.01171915978193283,0.6301597282290459
0.2702785525470972,0.29146742820739746,False,family-00317,1.0,0.5,0.5,minimum,sum_mod_10,2,0.40520966053009033,13.26513385772705,55,0.7857062742114067,minimum__sum_mod_10,0.2635853886604309,-0.006693163886666298,0.2702785525470972
0.4594026654958725,1.62306410074234,False,family-00317,1.0,0.5,0.5,minimum,sum_mod_10,3,0.6051095724105835,18.957361221313477,55,0.7857062742114067,minimum__sum_mod_10,0.461617648601532,0.002214983105659485,0.4594026654958725
0.03189975023269653,-0.33981215953826904,True,family-00318,1.0,0.5,0.5,maximum,minimum,0,0.4248851239681244,10.370635986328125,55,0.019173383712768555,maximum__minimum,0.09707027673721313,0.12897002696990967,-0.03189975023269653
0.008663177490234375,-0.13062191009521484,True,family-00318,1.0,0.5,0.5,maximum,minimum,1,0.45903563499450684,10.381375312805176,55,0.019173383712768555,maximum__minimum,0.04746830463409424,0.05613148212432861,-0.008663177490234375
0.7497222423553467,-0.25896918773651123,True,family-00318,1.0,0.5,0.5,maximum,minimum,2,0.23301605880260468,16.300874710083008,55,0.019173383712768555,maximum__minimum,-0.006836950778961182,0.7428852915763855,-0.7497222423553467
0.02340829372406006,-0.9601602554321289,True,family-00318,1.0,0.5,0.5,maximum,minimum,3,0.33017218112945557,21.116151809692383,55,0.019173383712768555,maximum__minimum,0.23327600955963135,0.2566843032836914,-0.02340829372406006
0.13942021504044533,-0.742211103439331,False,family-00318,1.0,0.0,1.0,maximum,sum_mod_10,0,0.31201207637786865,11.891490936279297,55,0.8875178880989552,maximum__sum_mod_10,0.09707027673721313,-0.04234993830323219,0.13942021504044533
0.04670420661568642,-0.89674973487854,False,family-00318,1.0,0.0,1.0,maximum,sum_mod_10,1,0.3532756268978119,11.636870384216309,55,0.8875178880989552,maximum__sum_mod_10,0.04746830463409424,0.0007640980184078217,0.04670420661568642
0.010456357151269913,-0.2529369592666626,False,family-00318,1.0,0.0,1.0,maximum,sum_mod_10,2,0.2520749866962433,15.657618522644043,55,0.8875178880989552,maximum__sum_mod_10,-0.006836950778961182,-0.017293307930231094,0.010456357151269913
0.2382340133190155,0.105948805809021,False,family-00318,1.0,0.0,1.0,maximum,sum_mod_10,3,0.350563645362854,22.736494064331055,55,0.8875178880989552,maximum__sum_mod_10,0.23327600955963135,-0.004958003759384155,0.2382340133190155
0.17131996527314186,-0.402398943901062,False,family-00318,0.5,0.0,0.5,minimum,sum_mod_10,0,0.2771003842353821,11.619234085083008,55,0.8683445043861866,minimum__sum_mod_10,0.12897002696990967,-0.04234993830323219,0.17131996527314186
0.05536738410592079,-0.7661278247833252,False,family-00318,0.5,0.0,0.5,minimum,sum_mod_10,1,0.27109500765800476,12.098132133483887,55,0.8683445043861866,minimum__sum_mod_10,0.05613148212432861,0.0007640980184078217,0.05536738410592079
0.7601785995066166,0.006032228469848633,False,family-00318,0.5,0.0,0.5,minimum,sum_mod_10,2,0.5004054307937622,12.91266918182373,55,0.8683445043861866,minimum__sum_mod_10,0.7428852915763855,-0.017293307930231094,0.7601785995066166
0.26164230704307556,1.06610906124115,False,family-00318,0.5,0.0,0.5,minimum,sum_mod_10,3,0.5966565012931824,15.880263328552246,55,0.8683445043861866,minimum__sum_mod_10,0.2566843032836914,-0.004958003759384155,0.26164230704307556
0.20311039686203003,0.20294451713562012,True,family-00319,0.5,0.0,0.5,maximum,minimum,0,0.40599575638771057,9.730890274047852,55,0.2695014476776123,maximum__minimum,0.26654738187789917,0.06343698501586914,0.20311039686203003
0.4160688817501068,-0.7237899303436279,True,family-00319,0.5,0.0,0.5,maximum,minimum,1,0.5547263622283936,9.878329277038574,55,0.2695014476776123,maximum__minimum,-0.014729022979736328,0.4013398587703705,-0.4160688817501068
0.5430631637573242,0.14863049983978271,True,family-00319,0.5,0.0,0.5,maximum,minimum,2,0.33817291259765625,15.621098518371582,55,0.2695014476776123,maximum__minimum,0.4913368821144104,-0.05172628164291382,0.5430631637573242
0.0016261041164398193,0.31598424911499023,True,family-00319,0.5,0.0,0.5,maximum,minimum,3,0.48913124203681946,16.10780143737793,55,0.2695014476776123,maximum__minimum,0.08500552177429199,0.08663162589073181,-0.0016261041164398193
0.2687055077403784,0.6500276327133179,False,family-00319,0.5,1.0,-0.5,maximum,sum_mod_10,0,0.24462933838367462,12.522997856140137,55,0.7311754003167152,maximum__sum_mod_10,0.26654738187789917,-0.00215812586247921,0.2687055077403784
0.0026306696236133575,-1.4769039154052734,False,family-00319,0.5,1.0,-0.5,maximum,sum_mod_10,1,0.3797283172607422,12.523416519165039,55,0.7311754003167152,maximum__sum_mod_10,-0.014729022979736328,-0.017359692603349686,0.0026306696236133575
0.5064845383167267,0.27041375637054443,False,family-00319,0.5,1.0,-0.5,maximum,sum_mod_10,2,0.6495280265808105,12.74444580078125,55,0.7311754003167152,maximum__sum_mod_10,0.4913368821144104,-0.015147656202316284,0.5064845383167267
0.07364372909069061,1.2989919781684875,False,family-00319,0.5,1.0,-0.5,maximum,sum_mod_10,3,0.5058534741401672,20.898536682128906,55,0.7311754003167152,maximum__sum_mod_10,0.08500552177429199,0.01136179268360138,0.07364372909069061
0.06559511087834835,0.44708311557769775,False,family-00319,0.0,1.0,-1.0,minimum,sum_mod_10,0,0.4031301736831665,11.393513679504395,55,0.46167395263910294,minimum__sum_mod_10,0.06343698501586914,-0.00215812586247921,0.06559511087834835
0.41869955137372017,-0.7531139850616455,False,family-00319,0.0,1.0,-1.0,minimum,sum_mod_10,1,0.3003515899181366,13.114821434020996,55,0.46167395263910294,minimum__sum_mod_10,0.4013398587703705,-0.017359692603349686,0.41869955137372017
0.036578625440597534,0.12178325653076172,False,family-00319,0.0,1.0,-1.0,minimum,sum_mod_10,2,0.27658435702323914,15.943982124328613,55,0.46167395263910294,minimum__sum_mod_10,-0.05172628164291382,-0.015147656202316284,-0.036578625440597534
0.07526983320713043,0.9830077290534973,False,family-00319,0.0,1.0,-1.0,minimum,sum_mod_10,3,0.40883588790893555,21.62388038635254,55,0.46167395263910294,minimum__sum_mod_10,0.08663162589073181,0.01136179268360138,0.07526983320713043
0.04073911905288696,0.24948906898498535,True,family-00320,0.0,1.0,-1.0,maximum,minimum,0,0.3994026482105255,10.218377113342285,55,-0.028472721576690674,maximum__minimum,0.09562832117080688,0.05488920211791992,0.04073911905288696
0.014903128147125244,-0.1626594066619873,True,family-00320,0.0,1.0,-1.0,maximum,minimum,1,0.48710307478904724,10.13888168334961,55,-0.028472721576690674,maximum__minimum,0.029726922512054443,0.0148237943649292,0.014903128147125244
0.5811787843704224,0.32595324516296387,True,family-00320,0.0,1.0,-1.0,maximum,minimum,2,0.10591017454862595,18.39147186279297,55,-0.028472721576690674,maximum__minimum,0.018701910972595215,0.5998806953430176,-0.5811787843704224
0.5046494007110596,-1.2623236030340195,True,family-00320,0.0,1.0,-1.0,maximum,minimum,3,0.22164733707904816,24.633024215698242,55,-0.028472721576690674,maximum__minimum,0.5527384281158447,0.048089027404785156,0.5046494007110596
0.07243799790740013,0.8830419778823853,False,family-00320,0.0,0.5,-0.5,maximum,sum_mod_10,0,0.3733614683151245,12.297715187072754,55,0.8584279306232929,maximum__sum_mod_10,0.09562832117080688,0.023190323263406754,0.07243799790740013
0.022172968834638596,0.35282063484191895,False,family-00320,0.0,0.5,-0.5,maximum,sum_mod_10,1,0.47829732298851013,11.891190528869629,55,0.8584279306232929,maximum__sum_mod_10,0.029726922512054443,0.007553953677415848,0.022172968834638596
0.011657275259494781,0.2438516616821289,False,family-00320,0.0,0.5,-0.5,maximum,sum_mod_10,2,0.29882317781448364,18.51664924621582,55,0.8584279306232929,maximum__sum_mod_10,0.018701910972595215,0.007044635713100433,0.011657275259494781
0.550089742988348,-0.3730131834745407,False,family-00320,0.0,0.5,-0.5,maximum,sum_mod_10,3,0.3970177471637726,25.923770904541016,55,0.8584279306232929,maximum__sum_mod_10,0.5527384281158447,0.0026486851274967194,0.550089742988348
0.03169887885451317,0.6335529088973999,False,family-00320,1.0,0.5,0.5,minimum,sum_mod_10,0,0.39751479029655457,11.602224349975586,55,0.8869006521999836,minimum__sum_mod_10,0.05488920211791992,0.023190323263406754,0.03169887885451317
0.0072698406875133514,0.5154800415039062,False,family-00320,1.0,0.5,0.5,minimum,sum_mod_10,1,0.4860077500343323,11.489259719848633,55,0.8869006521999836,minimum__sum_mod_10,0.0148237943649292,0.007553953677415848,0.0072698406875133514
0.5928360596299171,-0.08210158348083496,False,family-00320,1.0,0.5,0.5,minimum,sum_mod_10,2,0.697772204875946,11.936777114868164,55,0.8869006521999836,minimum__sum_mod_10,0.5998806953430176,0.007044635713100433,0.5928360596299171
0.04544034227728844,0.8893104195594788,False,family-00320,1.0,0.5,0.5,minimum,sum_mod_10,3,0.7595860958099365,16.965015411376953,55,0.8869006521999836,minimum__sum_mod_10,0.048089027404785156,0.0026486851274967194,0.04544034227728844
0.029007792472839355,-0.3602609634399414,True,family-00321,1.0,0.5,0.5,maximum,minimum,0,0.47221800684928894,9.779853820800781,55,0.26581913232803345,maximum__minimum,0.10232162475585938,0.07331383228302002,0.029007792472839355
0.048735618591308594,-0.1365814208984375,True,family-00321,1.0,0.5,0.5,maximum,minimum,1,0.6023502945899963,10.015700340270996,55,0.26581913232803345,maximum__minimum,0.008449554443359375,0.05718517303466797,-0.048735618591308594
0.3001508414745331,0.02898859977722168,True,family-00321,1.0,0.5,0.5,maximum,minimum,2,0.5028115510940552,13.240132331848145,55,0.26581913232803345,maximum__minimum,0.01255500316619873,0.3127058446407318,-0.3001508414745331
0.13893190026283264,-1.3031230419874191,True,family-00321,1.0,0.5,0.5,maximum,minimum,3,0.40854114294052124,20.28211212158203,55,0.26581913232803345,maximum__minimum,0.43012967705726624,0.2911977767944336,0.13893190026283264
0.14040695875883102,-0.5789724588394165,False,family-00321,1.0,0.0,1.0,maximum,sum_mod_10,0,0.16832439601421356,13.746630668640137,55,0.8498440384864807,maximum__sum_mod_10,0.10232162475585938,-0.03808533400297165,0.14040695875883102
0.02195127308368683,-1.3504202365875244,False,family-00321,1.0,0.0,1.0,maximum,sum_mod_10,1,0.3492449223995209,14.068365097045898,55,0.8498440384864807,maximum__sum_mod_10,0.008449554443359375,-0.013501718640327454,0.02195127308368683
0.0191446915268898,-0.5031921863555908,False,family-00321,1.0,0.0,1.0,maximum,sum_mod_10,2,0.4831532835960388,14.85451889038086,55,0.8498440384864807,maximum__sum_mod_10,0.01255500316619873,-0.0065896883606910706,0.0191446915268898
0.4477570354938507,-0.03526405990123749,False,family-00321,1.0,0.0,1.0,maximum,sum_mod_10,3,0.4839994013309479,21.398326873779297,55,0.8498440384864807,maximum__sum_mod_10,0.43012967705726624,-0.017627358436584473,0.4477570354938507
0.11139916628599167,-0.2187114953994751,False,family-00321,0.5,0.0,0.5,minimum,sum_mod_10,0,0.34163033962249756,11.422075271606445,55,0.5840249061584473,minimum__sum_mod_10,0.07331383228302002,-0.03808533400297165,0.11139916628599167
0.07068689167499542,-1.213838815689087,False,family-00321,0.5,0.0,0.5,minimum,sum_mod_10,1,0.27841824293136597,13.601460456848145,55,0.5840249061584473,minimum__sum_mod_10,0.05718517303466797,-0.013501718640327454,0.07068689167499542
0.3192955330014229,-0.5321807861328125,False,family-00321,0.5,0.0,0.5,minimum,sum_mod_10,2,0.44371604919433594,14.936205863952637,55,0.5840249061584473,minimum__sum_mod_10,0.3127058446407318,-0.0065896883606910706,0.3192955330014229
0.30882513523101807,1.2678589820861816,False,family-00321,0.5,0.0,0.5,minimum,sum_mod_10,3,0.5292998552322388,18.500701904296875,55,0.5840249061584473,minimum__sum_mod_10,0.2911977767944336,-0.017627358436584473,0.30882513523101807
0.15461748838424683,0.7057821154594421,True,family-00322,0.5,0.0,0.5,maximum,minimum,0,0.47231024503707886,8.727417945861816,55,0.7181805968284607,maximum__minimum,0.08226889371871948,-0.07234859466552734,0.15461748838424683
0.03712734580039978,-0.8636274337768555,True,family-00322,0.5,0.0,0.5,maximum,minimum,1,0.44908633828163147,9.33071517944336,55,0.7181805968284607,maximum__minimum,0.011788785457611084,0.048916131258010864,-0.03712734580039978
0.3384035527706146,-0.9515359401702881,True,family-00322,0.5,0.0,0.5,maximum,minimum,2,0.45537927746772766,12.15134334564209,55,0.7181805968284607,maximum__minimum,0.28130418062210083,-0.057099372148513794,0.3384035527706146
0.4923497438430786,-1.3341368436813354,True,family-00322,0.5,0.0,0.5,maximum,minimum,3,0.14691223204135895,21.43183135986328,55,0.7181805968284607,maximum__minimum,0.5400605797767639,0.0477108359336853,0.4923497438430786
0.10454683192074299,0.26985085010528564,False,family-00322,0.5,1.0,-0.5,maximum,sum_mod_10,0,0.477616548538208,9.994806289672852,55,0.9174083899706602,maximum__sum_mod_10,0.08226889371871948,-0.022277938202023506,0.10454683192074299
0.016356153413653374,0.20416080951690674,False,family-00322,0.5,1.0,-0.5,maximum,sum_mod_10,1,0.537920355796814,9.436107635498047,55,0.9174083899706602,maximum__sum_mod_10,0.011788785457611084,-0.00456736795604229,0.016356153413653374
0.2889199908822775,-0.23046660423278809,False,family-00322,0.5,1.0,-0.5,maximum,sum_mod_10,2,0.44939878582954407,13.135550498962402,55,0.9174083899706602,maximum__sum_mod_10,0.28130418062210083,-0.007615810260176659,0.2889199908822775
0.5177521780133247,0.4076714515686035,False,family-00322,0.5,1.0,-0.5,maximum,sum_mod_10,3,0.32714056968688965,23.58960723876953,55,0.9174083899706602,maximum__sum_mod_10,0.5400605797767639,0.02230840176343918,0.5177521780133247
0.05007065646350384,-0.4359312653541565,False,family-00322,0.0,1.0,-1.0,minimum,sum_mod_10,0,0.526662290096283,9.769745826721191,55,0.19922779314219952,minimum__sum_mod_10,-0.07234859466552734,-0.022277938202023506,-0.05007065646350384
0.053483499214053154,1.0677882432937622,False,family-00322,0.0,1.0,-1.0,minimum,sum_mod_10,1,0.5918726325035095,8.987228393554688,55,0.19922779314219952,minimum__sum_mod_10,0.048916131258010864,-0.00456736795604229,0.053483499214053154
0.049483561888337135,0.7210693359375,False,family-00322,0.0,1.0,-1.0,minimum,sum_mod_10,2,0.7029459476470947,9.133939743041992,55,0.19922779314219952,minimum__sum_mod_10,-0.057099372148513794,-0.007615810260176659,-0.049483561888337135
0.025402434170246124,1.741808295249939,False,family-00322,0.0,1.0,-1.0,minimum,sum_mod_10,3,0.6678624153137207,16.13184356689453,55,0.19922779314219952,minimum__sum_mod_10,0.0477108359336853,0.02230840176343918,0.025402434170246124
0.2976146340370178,1.0379923582077026,True,family-00323,0.0,1.0,-1.0,maximum,minimum,0,0.38342809677124023,10.265653610229492,55,-0.459766685962677,maximum__minimum,-0.18797212839126587,0.10964250564575195,-0.2976146340370178
0.0159623920917511,0.6742205619812012,True,family-00323,0.0,1.0,-1.0,maximum,minimum,1,0.41151243448257446,10.804520606994629,55,-0.459766685962677,maximum__minimum,0.03286793828010559,0.04883033037185669,-0.0159623920917511
0.4008745849132538,0.25380879640579224,True,family-00323,0.0,1.0,-1.0,maximum,minimum,2,0.23753692209720612,16.70918846130371,55,-0.459766685962677,maximum__minimum,0.41253766417503357,0.011663079261779785,0.4008745849132538
0.07924485206604004,-1.074721336364746,True,family-00323,0.0,1.0,-1.0,maximum,minimum,3,0.4383980631828308,18.783843994140625,55,-0.459766685962677,maximum__minimum,0.2702932357788086,0.34953808784484863,-0.07924485206604004
0.19040562771260738,0.7813436985015869,False,family-00323,0.0,0.5,-0.5,maximum,sum_mod_10,0,0.6188172101974487,8.307379722595215,55,0.4021269977092743,maximum__sum_mod_10,-0.18797212839126587,0.0024334993213415146,-0.19040562771260738
0.028479142114520073,0.0368194580078125,False,family-00323,0.0,0.5,-0.5,maximum,sum_mod_10,1,0.6278162002563477,9.140645980834961,55,0.4021269977092743,maximum__sum_mod_10,0.03286793828010559,0.004388796165585518,0.028479142114520073
0.42232220992445946,-0.6168152093887329,False,family-00323,0.0,0.5,-0.5,maximum,sum_mod_10,2,0.5722916126251221,12.963207244873047,55,0.4021269977092743,maximum__sum_mod_10,0.41253766417503357,-0.009784545749425888,0.42232220992445946
0.2705485615879297,0.005221009254455566,False,family-00323,0.0,0.5,-0.5,maximum,sum_mod_10,3,0.6979042887687683,17.181987762451172,55,0.4021269977092743,maximum__sum_mod_10,0.2702932357788086,-0.0002553258091211319,0.2705485615879297
0.10720900632441044,-0.2566486597061157,False,family-00323,1.0,0.5,0.5,minimum,sum_mod_10,0,0.505850076675415,8.761801719665527,55,0.8618936836719513,minimum__sum_mod_10,0.10964250564575195,0.0024334993213415146,0.10720900632441044
0.04444153420627117,-0.6374011039733887,False,family-00323,1.0,0.5,0.5,minimum,sum_mod_10,1,0.5625353455543518,8.727824211120605,55,0.8618936836719513,minimum__sum_mod_10,0.04883033037185669,0.004388796165585518,0.04444153420627117
0.021447625011205673,-0.8706240057945251,False,family-00323,1.0,0.5,0.5,minimum,sum_mod_10,2,0.7405986785888672,9.69224739074707,55,0.8618936836719513,minimum__sum_mod_10,0.011663079261779785,-0.009784545749425888,0.021447625011205673
0.34979341365396976,1.0799423456192017,False,family-00323,1.0,0.5,0.5,minimum,sum_mod_10,3,0.7845669984817505,14.861444473266602,55,0.8618936836719513,minimum__sum_mod_10,0.34953808784484863,-0.0002553258091211319,0.34979341365396976
0.31724973022937775,-0.47646331787109375,True,family-00324,1.0,0.5,0.5,maximum,minimum,0,0.42987993359565735,8.747222900390625,55,0.6072630435228348,maximum__minimum,0.3842449188232422,0.06699518859386444,0.31724973022937775
0.18558059632778168,0.7103716135025024,True,family-00324,1.0,0.5,0.5,maximum,minimum,1,0.38656747341156006,9.074511528015137,55,0.6072630435228348,maximum__minimum,-0.1033252477645874,0.08225534856319427,-0.18558059632778168
0.17497670650482178,0.12605774402618408,True,family-00324,1.0,0.5,0.5,maximum,minimum,2,0.22226808965206146,14.68442440032959,55,0.6072630435228348,maximum__minimum,-0.1610925793647766,0.013884127140045166,-0.17497670650482178
0.033641453832387924,-0.8843669891357422,True,family-00324,1.0,0.5,0.5,maximum,minimum,3,0.3739449679851532,18.45827865600586,55,0.6072630435228348,maximum__minimum,0.08752185106277466,0.053880397230386734,0.033641453832387924
0.38184729870408773,-0.20569634437561035,False,family-00324,1.0,0.0,1.0,maximum,sum_mod_10,0,0.2929614186286926,11.066751480102539,55,0.686408250592649,maximum__sum_mod_10,0.3842449188232422,0.0023976201191544533,0.38184729870408773
0.10564532224088907,0.28332698345184326,False,family-00324,1.0,0.0,1.0,maximum,sum_mod_10,1,0.4389081299304962,10.654297828674316,55,0.686408250592649,maximum__sum_mod_10,-0.1033252477645874,0.00232007447630167,-0.10564532224088907
0.1474835416302085,0.2387012243270874,False,family-00324,1.0,0.0,1.0,maximum,sum_mod_10,2,0.4966103136539459,13.44808292388916,55,0.686408250592649,maximum__sum_mod_10,-0.1610925793647766,-0.013609037734568119,-0.1474835416302085
0.08923209737986326,0.7509477734565735,False,family-00324,1.0,0.0,1.0,maximum,sum_mod_10,3,0.5706578493118286,17.89930534362793,55,0.686408250592649,maximum__sum_mod_10,0.08752185106277466,-0.001710246317088604,0.08923209737986326
0.06459756847470999,0.2707669734954834,False,family-00324,0.5,0.0,0.5,minimum,sum_mod_10,0,0.25496917963027954,11.540472984313965,55,0.0791452070698142,minimum__sum_mod_10,0.06699518859386444,0.0023976201191544533,0.06459756847470999
0.0799352740868926,-0.4270446300506592,False,family-00324,0.5,0.0,0.5,minimum,sum_mod_10,1,0.3538215160369873,11.472594261169434,55,0.0791452070698142,minimum__sum_mod_10,0.08225534856319427,0.00232007447630167,0.0799352740868926
0.027493164874613285,0.11264348030090332,False,family-00324,0.5,0.0,0.5,minimum,sum_mod_10,2,0.568762481212616,12.422037124633789,55,0.0791452070698142,minimum__sum_mod_10,0.013884127140045166,-0.013609037734568119,0.027493164874613285
0.05559064354747534,1.6353147625923157,False,family-00324,0.5,0.0,0.5,minimum,sum_mod_10,3,0.6347594261169434,15.848093032836914,55,0.0791452070698142,minimum__sum_mod_10,0.053880397230386734,-0.001710246317088604,0.05559064354747534
0.3191186785697937,0.794327974319458,True,family-00325,0.5,0.0,0.5,maximum,minimum,0,0.3925510048866272,10.382742881774902,55,-0.26781249046325684,maximum__minimum,-0.08558332920074463,0.23353534936904907,-0.3191186785697937
0.21880072355270386,-0.4837421774864197,True,family-00325,0.5,0.0,0.5,maximum,minimum,1,0.5974803566932678,11.117904663085938,55,-0.26781249046325684,maximum__minimum,-0.16881096363067627,0.04998975992202759,-0.21880072355270386
0.17853230237960815,-0.37062931060791016,True,family-00325,0.5,0.0,0.5,maximum,minimum,2,0.19277384877204895,19.859201431274414,55,-0.26781249046325684,maximum__minimum,-0.11723321676254272,0.06129908561706543,-0.17853230237960815
0.5477734804153442,-0.9493472576141357,True,family-00325,0.5,0.0,0.5,maximum,minimum,3,0.16853590309619904,27.092784881591797,55,-0.26781249046325684,maximum__minimum,0.5713766813278198,0.023603200912475586,0.5477734804153442
0.16340933740139008,0.7440356016159058,False,family-00325,0.5,1.0,-0.5,maximum,sum_mod_10,0,0.3985389471054077,10.386734962463379,55,0.5650714635848999,maximum__sum_mod_10,-0.08558332920074463,0.07782600820064545,-0.16340933740139008
0.1750374585390091,-0.6301234364509583,False,family-00325,0.5,1.0,-0.5,maximum,sum_mod_10,1,0.6211536526679993,9.972311019897461,55,0.5650714635848999,maximum__sum_mod_10,-0.16881096363067627,0.006226494908332825,-0.1750374585390091
0.16985444724559784,-0.03390085697174072,False,family-00325,0.5,1.0,-0.5,maximum,sum_mod_10,2,0.6319813132286072,12.753328323364258,55,0.5650714635848999,maximum__sum_mod_10,-0.11723321676254272,0.052621230483055115,-0.16985444724559784
0.5272436589002609,0.8194571733474731,False,family-00325,0.5,1.0,-0.5,maximum,sum_mod_10,3,0.46994563937187195,23.187564849853516,55,0.5650714635848999,maximum__sum_mod_10,0.5713766813278198,0.0441330224275589,0.5272436589002609
0.15570934116840363,-0.050292372703552246,False,family-00325,0.0,1.0,-1.0,minimum,sum_mod_10,0,0.927696943283081,3.7865548133850098,55,0.8328839540481567,minimum__sum_mod_10,0.23353534936904907,0.07782600820064545,0.15570934116840363
0.04376326501369476,-0.14638125896453857,False,family-00325,0.0,1.0,-1.0,minimum,sum_mod_10,1,0.902793288230896,5.744184970855713,55,0.8328839540481567,minimum__sum_mod_10,0.04998975992202759,0.006226494908332825,0.04376326501369476
0.008677855134010315,0.33672845363616943,False,family-00325,0.0,1.0,-1.0,minimum,sum_mod_10,2,0.7234492897987366,11.098286628723145,55,0.8328839540481567,minimum__sum_mod_10,0.06129908561706543,0.052621230483055115,0.008677855134010315
0.020529821515083313,1.7688044309616089,False,family-00325,0.0,1.0,-1.0,minimum,sum_mod_10,3,0.5688070058822632,19.839067459106445,55,0.8328839540481567,minimum__sum_mod_10,0.023603200912475586,0.0441330224275589,-0.020529821515083313
0.18173813819885254,-0.3041832447052002,True,family-00326,0.0,1.0,-1.0,maximum,minimum,0,0.4843023717403412,9.364104270935059,55,-0.193314790725708,maximum__minimum,0.12748688459396362,0.30922502279281616,-0.18173813819885254
0.36766159534454346,-0.22535109519958496,True,family-00326,0.0,1.0,-1.0,maximum,minimum,1,0.6908221244812012,8.589123725891113,55,-0.193314790725708,maximum__minimum,0.18282532691955566,0.5504869222640991,-0.36766159534454346
0.09087789058685303,0.05072450637817383,True,family-00326,0.0,1.0,-1.0,maximum,minimum,2,0.2724486291408539,18.042367935180664,55,-0.193314790725708,maximum__minimum,0.3137684464454651,0.22289055585861206,0.09087789058685303
0.37639105319976807,-0.34756797552108765,True,family-00326,0.0,1.0,-1.0,maximum,minimum,3,0.38610443472862244,20.507904052734375,55,-0.193314790725708,maximum__minimum,0.36080247163772583,-0.015588581562042236,0.37639105319976807
0.1437639221549034,-0.4502573013305664,False,family-00326,0.0,0.5,-0.5,maximum,sum_mod_10,0,0.40333935618400574,10.09218692779541,55,0.5997341275215149,maximum__sum_mod_10,0.12748688459396362,-0.01627703756093979,0.1437639221549034
0.19341391324996948,-0.5708197355270386,False,family-00326,0.0,0.5,-0.5,maximum,sum_mod_10,1,0.6795803308486938,8.86839771270752,55,0.5997341275215149,maximum__sum_mod_10,0.18282532691955566,-0.010588586330413818,0.19341391324996948
0.3374680429697037,-0.46794593334198,False,family-00326,0.0,0.5,-0.5,maximum,sum_mod_10,2,0.5674276351928711,12.812374114990234,55,0.5997341275215149,maximum__sum_mod_10,0.3137684464454651,-0.023699596524238586,0.3374680429697037
0.362710177898407,0.0606805682182312,False,family-00326,0.0,0.5,-0.5,maximum,sum_mod_10,3,0.42966368794441223,21.264934539794922,55,0.5997341275215149,maximum__sum_mod_10,0.36080247163772583,-0.0019077062606811523,0.362710177898407
0.32550206035375595,-0.1460740566253662,False,family-00326,1.0,0.5,0.5,minimum,sum_mod_10,0,0.5185972452163696,8.819806098937988,55,0.7930489182472229,minimum__sum_mod_10,0.30922502279281616,-0.01627703756093979,0.32550206035375595
0.5610755085945129,-0.3454686403274536,False,family-00326,1.0,0.5,0.5,minimum,sum_mod_10,1,0.711685836315155,8.050436019897461,55,0.7930489182472229,minimum__sum_mod_10,0.5504869222640991,-0.010588586330413818,0.5610755085945129
0.24659015238285065,-0.5186704397201538,False,family-00326,1.0,0.5,0.5,minimum,sum_mod_10,2,0.6713541746139526,11.516290664672852,55,0.7930489182472229,minimum__sum_mod_10,0.22289055585861206,-0.023699596524238586,0.24659015238285065
0.013680875301361084,0.40824854373931885,False,family-00326,1.0,0.5,0.5,minimum,sum_mod_10,3,0.5429821610450745,20.45945930480957,55,0.7930489182472229,minimum__sum_mod_10,-0.015588581562042236,-0.0019077062606811523,-0.013680875301361084
0.4539036899805069,-0.8297697305679321,True,family-00327,1.0,0.5,0.5,maximum,minimum,0,0.6383097171783447,7.549628734588623,55,-0.6480208039283752,maximum__minimum,-0.1071624606847763,0.3467412292957306,-0.4539036899805069
0.586847148835659,0.295062780380249,True,family-00327,1.0,0.5,0.5,maximum,minimum,1,0.5894986391067505,9.323688507080078,55,-0.6480208039283752,maximum__minimum,0.02506963163614273,0.6119167804718018,-0.586847148835659
0.2280556708574295,-0.13943123817443848,True,family-00327,1.0,0.5,0.5,maximum,minimum,2,0.3613813519477844,15.621973037719727,55,-0.6480208039283752,maximum__minimum,0.07873262465000153,0.30678829550743103,-0.2280556708574295
0.036917321383953094,-0.2159057855606079,True,family-00327,1.0,0.5,0.5,maximum,minimum,3,0.49370649456977844,17.30753517150879,55,-0.6480208039283752,maximum__minimum,0.03464800864458084,0.07156533002853394,-0.036917321383953094
0.09455843269824982,-0.6159137487411499,False,family-00327,1.0,0.0,1.0,maximum,sum_mod_10,0,0.27410075068473816,12.328691482543945,55,0.06184092164039612,maximum__sum_mod_10,-0.1071624606847763,-0.01260402798652649,-0.09455843269824982
0.0385127030313015,-0.8369057178497314,False,family-00327,1.0,0.0,1.0,maximum,sum_mod_10,1,0.4260897636413574,12.791316986083984,55,0.06184092164039612,maximum__sum_mod_10,0.02506963163614273,-0.013443071395158768,0.0385127030313015
0.08361735194921494,-0.49571144580841064,False,family-00327,1.0,0.0,1.0,maximum,sum_mod_10,2,0.4627968370914459,14.790644645690918,55,0.06184092164039612,maximum__sum_mod_10,0.07873262465000153,-0.004884727299213409,0.08361735194921494
0.037513282150030136,1.2987256050109863,False,family-00327,1.0,0.0,1.0,maximum,sum_mod_10,3,0.46318888664245605,19.54349136352539,55,0.06184092164039612,maximum__sum_mod_10,0.03464800864458084,-0.002865273505449295,0.037513282150030136
0.3593452572822571,0.21385598182678223,False,family-00327,0.5,0.0,0.5,minimum,sum_mod_10,0,0.38562411069869995,11.285795211791992,55,0.7098617255687714,minimum__sum_mod_10,0.3467412292957306,-0.01260402798652649,0.3593452572822571
0.6253598518669605,-1.1319684982299805,False,family-00327,0.5,0.0,0.5,minimum,sum_mod_10,1,0.32378917932510376,13.49506664276123,55,0.7098617255687714,minimum__sum_mod_10,0.6119167804718018,-0.013443071395158768,0.6253598518669605
0.31167302280664444,-0.35628020763397217,False,family-00327,0.5,0.0,0.5,minimum,sum_mod_10,2,0.4593743085861206,15.927526473999023,55,0.7098617255687714,minimum__sum_mod_10,0.30678829550743103,-0.004884727299213409,0.31167302280664444
0.07443060353398323,1.5146313905715942,False,family-00327,0.5,0.0,0.5,minimum,sum_mod_10,3,0.616902232170105,17.38755989074707,55,0.7098617255687714,minimum__sum_mod_10,0.07156533002853394,-0.002865273505449295,0.07443060353398323
0.3976486325263977,-0.32156622409820557,True,family-00328,0.5,0.0,0.5,maximum,minimum,0,0.4154931306838989,9.500332832336426,55,-0.09364080429077148,maximum__minimum,0.4420449733734131,0.04439634084701538,0.3976486325263977
0.08738559484481812,0.03631794452667236,True,family-00328,0.5,0.0,0.5,maximum,minimum,1,0.6330177783966064,9.367382049560547,55,-0.09364080429077148,maximum__minimum,-0.03861194849014282,0.04877364635467529,-0.08738559484481812
0.8189437985420227,-0.020157694816589355,True,family-00328,0.5,0.0,0.5,maximum,minimum,2,0.3803459107875824,15.05678653717041,55,-0.09364080429077148,maximum__minimum,0.8455199599266052,0.02657616138458252,0.8189437985420227
0.44500598311424255,-1.2671302556991577,True,family-00328,0.5,0.0,0.5,maximum,minimum,3,0.3726833760738373,19.878673553466797,55,-0.09364080429077148,maximum__minimum,0.49955084919929504,0.05454486608505249,0.44500598311424255
0.44788598269224167,0.03811454772949219,False,family-00328,0.5,1.0,-0.5,maximum,sum_mod_10,0,0.4929007887840271,8.184612274169922,55,0.7906229496002197,maximum__sum_mod_10,0.4420449733734131,-0.005841009318828583,0.44788598269224167
0.02854793518781662,-0.3843207359313965,False,family-00328,0.5,1.0,-0.5,maximum,sum_mod_10,1,0.6366223096847534,8.358025550842285,55,0.7906229496002197,maximum__sum_mod_10,-0.03861194849014282,-0.010064013302326202,-0.02854793518781662
0.7917223125696182,0.2155308723449707,False,family-00328,0.5,1.0,-0.5,maximum,sum_mod_10,2,0.675173282623291,9.268789291381836,55,0.7906229496002197,maximum__sum_mod_10,0.8455199599266052,0.053797647356987,0.7917223125696182
0.4893553927540779,0.05929851531982422,False,family-00328,0.5,1.0,-0.5,maximum,sum_mod_10,3,0.6276601552963257,16.656003952026367,55,0.7906229496002197,maximum__sum_mod_10,0.49955084919929504,0.010195456445217133,0.4893553927540779
0.050237350165843964,0.35968077182769775,False,family-00328,0.0,1.0,-1.0,minimum,sum_mod_10,0,0.3379475772380829,10.093356132507324,55,0.8842637538909912,minimum__sum_mod_10,0.04439634084701538,-0.005841009318828583,0.050237350165843964
0.058837659657001495,-0.42063868045806885,False,family-00328,0.0,1.0,-1.0,minimum,sum_mod_10,1,0.585198700428009,9.77100944519043,55,0.8842637538909912,minimum__sum_mod_10,0.04877364635467529,-0.010064013302326202,0.058837659657001495
0.02722148597240448,0.23568856716156006,False,family-00328,0.0,1.0,-1.0,minimum,sum_mod_10,2,0.6343711614608765,11.934752464294434,55,0.8842637538909912,minimum__sum_mod_10,0.02657616138458252,0.053797647356987,-0.02722148597240448
0.04434940963983536,1.326428771018982,False,family-00328,0.0,1.0,-1.0,minimum,sum_mod_10,3,0.5243195295333862,19.388545989990234,55,0.8842637538909912,minimum__sum_mod_10,0.05454486608505249,0.010195456445217133,0.04434940963983536
0.08254009485244751,0.7092576026916504,True,family-00329,0.0,1.0,-1.0,maximum,minimum,0,0.3230142891407013,12.640469551086426,55,-0.10518848896026611,maximum__minimum,0.09170788526535034,0.17424798011779785,-0.08254009485244751
0.49627166986465454,0.3515259027481079,True,family-00329,0.0,1.0,-1.0,maximum,minimum,1,0.27227553725242615,13.244346618652344,55,-0.10518848896026611,maximum__minimum,-0.061852216720581055,0.4344194531440735,-0.49627166986465454
0.04804867506027222,-0.29901719093322754,True,family-00329,0.0,1.0,-1.0,maximum,minimum,2,-0.02497994340956211,21.800458908081055,55,-0.10518848896026611,maximum__minimum,0.46772998571395874,0.515778660774231,-0.04804867506027222
0.1414090394973755,-0.86713707447052,True,family-00329,0.0,1.0,-1.0,maximum,minimum,3,0.2777153551578522,22.125286102294922,55,-0.10518848896026611,maximum__minimum,0.24906432628631592,0.3904733657836914,-0.1414090394973755
0.17074531316757202,0.16156792640686035,False,family-00329,0.0,0.5,-0.5,maximum,sum_mod_10,0,0.29676124453544617,12.121509552001953,55,0.6366573441773653,maximum__sum_mod_10,0.09170788526535034,-0.07903742790222168,0.17074531316757202
0.037203455343842506,0.1263972520828247,False,family-00329,0.0,0.5,-0.5,maximum,sum_mod_10,1,0.3403855562210083,11.291362762451172,55,0.6366573441773653,maximum__sum_mod_10,-0.061852216720581055,-0.02464876137673855,-0.037203455343842506
0.4606255516409874,-0.004008889198303223,False,family-00329,0.0,0.5,-0.5,maximum,sum_mod_10,2,0.1916070580482483,17.46333885192871,55,0.6366573441773653,maximum__sum_mod_10,0.46772998571395874,0.007104434072971344,0.4606255516409874
0.23668373003602028,0.26657986640930176,False,family-00329,0.0,0.5,-0.5,maximum,sum_mod_10,3,0.45550739765167236,21.609283447265625,55,0.6366573441773653,maximum__sum_mod_10,0.24906432628631592,0.012380596250295639,0.23668373003602028
0.25328540802001953,-0.54768967628479,False,family-00329,1.0,0.5,0.5,minimum,sum_mod_10,0,0.34831270575523376,10.56865406036377,55,0.7418458331376314,minimum__sum_mod_10,0.17424798011779785,-0.07903742790222168,0.25328540802001953
0.45906821452081203,-0.2251286506652832,False,family-00329,1.0,0.5,0.5,minimum,sum_mod_10,1,0.5331026911735535,10.173885345458984,55,0.7418458331376314,minimum__sum_mod_10,0.4344194531440735,-0.02464876137673855,0.45906821452081203
0.5086742267012596,0.2950083017349243,False,family-00329,1.0,0.5,0.5,minimum,sum_mod_10,2,0.6320184469223022,11.813271522521973,55,0.7418458331376314,minimum__sum_mod_10,0.515778660774231,0.007104434072971344,0.5086742267012596
0.37809276953339577,1.1337169408798218,False,family-00329,1.0,0.5,0.5,minimum,sum_mod_10,3,0.611121654510498,17.713743209838867,55,0.7418458331376314,minimum__sum_mod_10,0.3904733657836914,0.012380596250295639,0.37809276953339577
0.2525077648460865,-0.2153557538986206,True,family-00330,1.0,0.5,0.5,maximum,minimum,0,0.4476286768913269,8.836023330688477,55,0.8889659531414509,maximum__minimum,0.23519569635391235,-0.01731206849217415,0.2525077648460865
0.03498739376664162,0.5714340209960938,True,family-00330,1.0,0.5,0.5,maximum,minimum,1,0.458703875541687,9.198079109191895,55,0.8889659531414509,maximum__minimum,0.017777442932128906,-0.01720995083451271,0.03498739376664162
0.23265519365668297,0.7714757919311523,True,family-00330,1.0,0.5,0.5,maximum,minimum,2,0.3250043988227844,13.594207763671875,55,0.8889659531414509,maximum__minimum,0.19136780500411987,-0.041287388652563095,0.23265519365668297
0.7561233937740326,-0.20267510414123535,True,family-00330,1.0,0.5,0.5,maximum,minimum,3,0.21022793650627136,21.144073486328125,55,0.8889659531414509,maximum__minimum,0.5604180097579956,-0.195705384016037,0.7561233937740326
0.18103492259979248,-0.44885849952697754,False,family-00330,1.0,0.0,1.0,maximum,sum_mod_10,0,0.06545436382293701,13.461411476135254,55,0.787944495677948,maximum__sum_mod_10,0.23519569635391235,0.05416077375411987,0.18103492259979248
0.08166828751564026,-0.27170515060424805,False,family-00330,1.0,0.0,1.0,maximum,sum_mod_10,1,0.0879116803407669,14.528684616088867,55,0.787944495677948,maximum__sum_mod_10,0.017777442932128906,-0.06389084458351135,0.08166828751564026
0.1722899153828621,0.1710951328277588,False,family-00330,1.0,0.0,1.0,maximum,sum_mod_10,2,0.3342829644680023,15.26768684387207,55,0.787944495677948,maximum__sum_mod_10,0.19136780500411987,0.019077889621257782,0.1722899153828621
0.5153163895010948,0.4143340587615967,False,family-00330,1.0,0.0,1.0,maximum,sum_mod_10,3,0.41502100229263306,20.341278076171875,55,0.787944495677948,maximum__sum_mod_10,0.5604180097579956,0.04510162025690079,0.5153163895010948
0.07147284224629402,-0.23350274562835693,False,family-00330,0.5,0.0,0.5,minimum,sum_mod_10,0,0.19194333255290985,12.146374702453613,55,-0.10102145746350288,minimum__sum_mod_10,-0.01731206849217415,0.05416077375411987,-0.07147284224629402
0.04668089374899864,-0.8431391716003418,False,family-00330,0.5,0.0,0.5,minimum,sum_mod_10,1,0.0035050995647907257,14.33489990234375,55,-0.10102145746350288,minimum__sum_mod_10,-0.01720995083451271,-0.06389084458351135,0.04668089374899864
0.06036527827382088,-0.6003806591033936,False,family-00330,0.5,0.0,0.5,minimum,sum_mod_10,2,0.19039411842823029,15.49025821685791,55,-0.10102145746350288,minimum__sum_mod_10,-0.041287388652563095,0.019077889621257782,-0.06036527827382088
0.24080700427293777,0.617009162902832,False,family-00330,0.5,0.0,0.5,minimum,sum_mod_10,3,0.44980865716934204,16.209678649902344,55,-0.10102145746350288,minimum__sum_mod_10,-0.195705384016037,0.04510162025690079,-0.24080700427293777
0.06610283255577087,-0.9150402545928955,True,family-00331,0.5,0.0,0.5,maximum,minimum,0,0.35322117805480957,10.245195388793945,55,0.34370362758636475,maximum__minimum,0.11786913871765137,0.05176630616188049,0.06610283255577087
0.14399227499961853,-0.20328712463378906,True,family-00331,0.5,0.0,0.5,maximum,minimum,1,0.4189877212047577,10.979084968566895,55,0.34370362758636475,maximum__minimum,0.04663509130477905,0.19062736630439758,-0.14399227499961853
0.2351590096950531,0.38434451818466187,True,family-00331,0.5,0.0,0.5,maximum,minimum,2,0.44184553623199463,16.72433853149414,55,0.34370362758636475,maximum__minimum,0.37426382303237915,0.13910481333732605,0.2351590096950531
0.11015471816062927,-0.33667659759521484,True,family-00331,0.5,0.0,0.5,maximum,minimum,3,0.5061275362968445,19.00623893737793,55,0.34370362758636475,maximum__minimum,0.09670150279998779,0.20685622096061707,-0.11015471816062927
0.12538586556911469,-0.37848782539367676,False,family-00331,0.5,1.0,-0.5,maximum,sum_mod_10,0,0.45045480132102966,9.750179290771484,55,0.8468828909099102,maximum__sum_mod_10,0.11786913871765137,-0.007516726851463318,0.12538586556911469
0.04941153526306152,-0.681185245513916,False,family-00331,0.5,1.0,-0.5,maximum,sum_mod_10,1,0.5760549306869507,8.665773391723633,55,0.8468828909099102,maximum__sum_mod_10,0.04663509130477905,-0.0027764439582824707,0.04941153526306152
0.3736404553055763,0.39719754457473755,False,family-00331,0.5,1.0,-0.5,maximum,sum_mod_10,2,0.7947694659233093,9.08765697479248,55,0.8468828909099102,maximum__sum_mod_10,0.37426382303237915,0.0006233677268028259,0.3736404553055763
0.06776334159076214,0.7738040685653687,False,family-00331,0.5,1.0,-0.5,maximum,sum_mod_10,3,0.746837854385376,14.551186561584473,55,0.8468828909099102,maximum__sum_mod_10,0.09670150279998779,0.028938161209225655,0.06776334159076214
0.05928303301334381,0.5365524291992188,False,family-00331,0.0,1.0,-1.0,minimum,sum_mod_10,0,0.3347119092941284,10.63839054107666,55,0.5031792633235455,minimum__sum_mod_10,0.05176630616188049,-0.007516726851463318,0.05928303301334381
0.19340381026268005,-0.47789812088012695,False,family-00331,0.0,1.0,-1.0,minimum,sum_mod_10,1,0.38445883989334106,11.234724998474121,55,0.5031792633235455,minimum__sum_mod_10,0.19062736630439758,-0.0027764439582824707,0.19340381026268005
0.13848144561052322,0.012853026390075684,False,family-00331,0.0,1.0,-1.0,minimum,sum_mod_10,2,0.5220873355865479,15.025934219360352,55,0.5031792633235455,minimum__sum_mod_10,0.13910481333732605,0.0006233677268028259,0.13848144561052322
0.1779180597513914,1.1104806661605835,False,family-00331,0.0,1.0,-1.0,minimum,sum_mod_10,3,0.6046111583709717,17.823320388793945,55,0.5031792633235455,minimum__sum_mod_10,0.20685622096061707,0.028938161209225655,0.1779180597513914
0.26965397596359253,-0.6709226369857788,True,family-00332,0.0,1.0,-1.0,maximum,minimum,0,0.4930606186389923,9.985976219177246,55,0.1499863862991333,maximum__minimum,0.1414589285850525,0.411112904548645,-0.26965397596359253
0.23956698179244995,0.23707807064056396,True,family-00332,0.0,1.0,-1.0,maximum,minimum,1,0.5011422038078308,9.307730674743652,55,0.1499863862991333,maximum__minimum,0.10657376050949097,-0.13299322128295898,0.23956698179244995
0.4034006595611572,-0.11197447776794434,True,family-00332,0.0,1.0,-1.0,maximum,minimum,2,0.32800954580307007,16.43494415283203,55,0.1499863862991333,maximum__minimum,0.06961566209793091,0.47301632165908813,-0.4034006595611572
0.3299826979637146,0.2000139355659485,True,family-00332,0.0,1.0,-1.0,maximum,minimum,3,0.40082401037216187,19.550756454467773,55,0.1499863862991333,maximum__minimum,0.32113832235336304,-0.008844375610351562,0.3299826979637146
0.08920729160308838,-0.29031050205230713,False,family-00332,0.0,0.5,-0.5,maximum,sum_mod_10,0,0.4159344434738159,9.901158332824707,55,0.6724918633699417,maximum__sum_mod_10,0.1414589285850525,0.05225163698196411,0.08920729160308838
0.16730600595474243,0.5747572183609009,False,family-00332,0.0,0.5,-0.5,maximum,sum_mod_10,1,0.37708044052124023,9.93442440032959,55,0.6724918633699417,maximum__sum_mod_10,0.10657376050949097,-0.060732245445251465,0.16730600595474243
0.031241558492183685,-0.30157291889190674,False,family-00332,0.0,0.5,-0.5,maximum,sum_mod_10,2,0.5157435536384583,14.071117401123047,55,0.6724918633699417,maximum__sum_mod_10,0.06961566209793091,0.1008572205901146,-0.031241558492183685
0.4538167268037796,0.7088225781917572,False,family-00332,0.0,0.5,-0.5,maximum,sum_mod_10,3,0.2857341468334198,23.41834831237793,55,0.6724918633699417,maximum__sum_mod_10,0.32113832235336304,-0.13267840445041656,0.4538167268037796
0.3588612675666809,0.3806121349334717,False,family-00332,1.0,0.5,0.5,minimum,sum_mod_10,0,0.36205869913101196,10.758914947509766,55,0.5225054770708084,minimum__sum_mod_10,0.411112904548645,0.05225163698196411,0.3588612675666809
0.07226097583770752,0.3376791477203369,False,family-00332,1.0,0.5,0.5,minimum,sum_mod_10,1,0.47598063945770264,9.534280776977539,55,0.5225054770708084,minimum__sum_mod_10,-0.13299322128295898,-0.060732245445251465,-0.07226097583770752
0.37215910106897354,-0.1895984411239624,False,family-00332,1.0,0.5,0.5,minimum,sum_mod_10,2,0.6242953538894653,9.85067367553711,55,0.5225054770708084,minimum__sum_mod_10,0.47301632165908813,0.1008572205901146,0.37215910106897354
0.123834028840065,0.5088086426258087,False,family-00332,1.0,0.5,0.5,minimum,sum_mod_10,3,0.6035211086273193,17.316856384277344,55,0.5225054770708084,minimum__sum_mod_10,-0.008844375610351562,-0.13267840445041656,0.123834028840065
0.10795217752456665,0.05604410171508789,True,family-00333,1.0,0.5,0.5,maximum,minimum,0,0.47570285201072693,10.56135082244873,55,0.01858597993850708,maximum__minimum,0.18908971548080444,0.08113753795623779,0.10795217752456665
0.09715306758880615,-0.07698702812194824,True,family-00333,1.0,0.5,0.5,maximum,minimum,1,0.2965330481529236,12.47170352935791,55,0.01858597993850708,maximum__minimum,0.2802734971046448,0.3774265646934509,-0.09715306758880615
0.14030539989471436,0.7609900236129761,True,family-00333,1.0,0.5,0.5,maximum,minimum,2,0.05727621912956238,18.60531234741211,55,0.01858597993850708,maximum__minimum,0.25176286697387695,0.1114574670791626,0.14030539989471436
0.18862852454185486,-0.5181411504745483,True,family-00333,1.0,0.5,0.5,maximum,minimum,3,0.23438577353954315,24.064802169799805,55,0.01858597993850708,maximum__minimum,0.42414286732673645,0.2355143427848816,0.18862852454185486
0.15902526676654816,0.9570945501327515,False,family-00333,1.0,0.0,1.0,maximum,sum_mod_10,0,0.14446379244327545,12.681585311889648,55,0.8161705359816551,maximum__sum_mod_10,0.18908971548080444,0.030064448714256287,0.15902526676654816
0.2531667500734329,-0.8213529586791992,False,family-00333,1.0,0.0,1.0,maximum,sum_mod_10,1,0.09247475862503052,13.856505393981934,55,0.8161705359816551,maximum__sum_mod_10,0.2802734971046448,0.027106747031211853,0.2531667500734329
0.20480702444911003,-0.3704894781112671,False,family-00333,1.0,0.0,1.0,maximum,sum_mod_10,2,0.1717589646577835,15.569670677185059,55,0.8161705359816551,maximum__sum_mod_10,0.25176286697387695,0.04695584252476692,0.20480702444911003
0.4878242239356041,0.1327531337738037,False,family-00333,1.0,0.0,1.0,maximum,sum_mod_10,3,0.21450337767601013,22.29963493347168,55,0.8161705359816551,maximum__sum_mod_10,0.42414286732673645,-0.06368135660886765,0.4878242239356041
0.051073089241981506,0.9010504484176636,False,family-00333,0.5,0.0,0.5,minimum,sum_mod_10,0,0.26920467615127563,12.008646965026855,55,0.797584556043148,minimum__sum_mod_10,0.08113753795623779,0.030064448714256287,0.051073089241981506
0.3503198176622391,-0.744365930557251,False,family-00333,0.5,0.0,0.5,minimum,sum_mod_10,1,0.19371441006660461,13.120409965515137,55,0.797584556043148,minimum__sum_mod_10,0.3774265646934509,0.027106747031211853,0.3503198176622391
0.06450162455439568,-1.1314795017242432,False,family-00333,0.5,0.0,0.5,minimum,sum_mod_10,2,0.390056848526001,14.538673400878906,55,0.797584556043148,minimum__sum_mod_10,0.1114574670791626,0.04695584252476692,0.06450162455439568
0.29919569939374924,0.650894284248352,False,family-00333,0.5,0.0,0.5,minimum,sum_mod_10,3,0.646174967288971,15.694378852844238,55,0.797584556043148,minimum__sum_mod_10,0.2355143427848816,-0.06368135660886765,0.29919569939374924
0.05809485912322998,1.0535783767700195,True,family-00334,0.5,0.0,0.5,maximum,minimum,0,0.33832019567489624,10.279404640197754,55,-0.06577575206756592,maximum__minimum,-0.04358285665512085,0.01451200246810913,-0.05809485912322998
0.33099326491355896,-0.5192266702651978,True,family-00334,0.5,0.0,0.5,maximum,minimum,1,0.3567740023136139,11.60382080078125,55,-0.06577575206756592,maximum__minimum,0.1662406623363495,-0.16475260257720947,0.33099326491355896
0.23843738436698914,0.5570847988128662,True,family-00334,0.5,0.0,0.5,maximum,minimum,2,0.24807403981685638,17.087373733520508,55,-0.06577575206756592,maximum__minimum,0.5218648314476013,0.2834274470806122,0.23843738436698914
0.06058317422866821,-0.026359379291534424,True,family-00334,0.5,0.0,0.5,maximum,minimum,3,0.22497791051864624,21.177839279174805,55,-0.06577575206756592,maximum__minimum,0.3014468848705292,0.3620300590991974,-0.06058317422866821
0.038890862837433815,1.0444477796554565,False,family-00334,0.5,1.0,-0.5,maximum,sum_mod_10,0,0.30626267194747925,11.388226509094238,55,0.5994305815547705,maximum__sum_mod_10,-0.04358285665512085,-0.004691993817687035,-0.038890862837433815
0.18377077393233776,-0.1727910041809082,False,family-00334,0.5,1.0,-0.5,maximum,sum_mod_10,1,0.4388013780117035,10.367508888244629,55,0.5994305815547705,maximum__sum_mod_10,0.1662406623363495,-0.017530111595988274,0.18377077393233776
0.5450390633195639,-0.3311171531677246,False,family-00334,0.5,1.0,-0.5,maximum,sum_mod_10,2,0.6207104325294495,12.44779109954834,55,0.5994305815547705,maximum__sum_mod_10,0.5218648314476013,-0.023174231871962547,0.5450390633195639
0.3156029414385557,0.5847386419773102,False,family-00334,0.5,1.0,-0.5,maximum,sum_mod_10,3,0.700573742389679,14.208744049072266,55,0.5994305815547705,maximum__sum_mod_10,0.3014468848705292,-0.014156056568026543,0.3156029414385557
0.019203996285796165,-0.009130597114562988,False,family-00334,0.0,1.0,-1.0,minimum,sum_mod_10,0,0.349148154258728,9.919988632202148,55,0.6652063336223364,minimum__sum_mod_10,0.01451200246810913,-0.004691993817687035,0.019203996285796165
0.1472224909812212,0.34643566608428955,False,family-00334,0.0,1.0,-1.0,minimum,sum_mod_10,1,0.38158807158470154,10.862211227416992,55,0.6652063336223364,minimum__sum_mod_10,-0.16475260257720947,-0.017530111595988274,-0.1472224909812212
0.30660167895257473,-0.8882019519805908,False,family-00334,0.0,1.0,-1.0,minimum,sum_mod_10,2,0.4113066792488098,12.95855712890625,55,0.6652063336223364,minimum__sum_mod_10,0.2834274470806122,-0.023174231871962547,0.30660167895257473
0.37618611566722393,0.6110980212688446,False,family-00334,0.0,1.0,-1.0,minimum,sum_mod_10,3,0.4132222831249237,19.54497718811035,55,0.6652063336223364,minimum__sum_mod_10,0.3620300590991974,-0.014156056568026543,0.37618611566722393
0.41119474172592163,0.4777534008026123,True,family-00335,0.0,1.0,-1.0,maximum,minimum,0,0.3240155279636383,12.00875186920166,55,-0.18307900428771973,maximum__minimum,0.5342966914176941,0.12310194969177246,0.41119474172592163
0.24372178316116333,0.6781041622161865,True,family-00335,0.0,1.0,-1.0,maximum,minimum,1,0.4071514308452606,12.83875560760498,55,-0.18307900428771973,maximum__minimum,-0.025427162647247314,0.21829462051391602,-0.24372178316116333
0.04415622353553772,-0.013691425323486328,True,family-00335,0.0,1.0,-1.0,maximum,minimum,2,0.11283936351537704,20.271862030029297,55,-0.18307900428771973,maximum__minimum,0.4201168119907379,0.3759605884552002,0.04415622353553772
0.04499217867851257,-1.5027432441711426,True,family-00335,0.0,1.0,-1.0,maximum,minimum,3,0.2411433756351471,23.362754821777344,55,-0.18307900428771973,maximum__minimum,0.27234652638435364,0.22735434770584106,0.04499217867851257
0.5539059415459633,0.6058197021484375,False,family-00335,0.0,0.5,-0.5,maximum,sum_mod_10,0,0.46900156140327454,10.26221752166748,55,0.7216017656028271,maximum__sum_mod_10,0.5342966914176941,-0.019609250128269196,0.5539059415459633
0.02062864415347576,0.28220999240875244,False,family-00335,0.0,0.5,-0.5,maximum,sum_mod_10,1,0.5721167922019958,9.755223274230957,55,0.7216017656028271,maximum__sum_mod_10,-0.025427162647247314,-0.004798518493771553,-0.02062864415347576
0.4258118234574795,0.018826842308044434,False,family-00335,0.0,0.5,-0.5,maximum,sum_mod_10,2,0.5018324255943298,14.081313133239746,55,0.7216017656028271,maximum__sum_mod_10,0.4201168119907379,-0.005695011466741562,0.4258118234574795
0.26853681704960763,-0.45535147190093994,False,family-00335,0.0,0.5,-0.5,maximum,sum_mod_10,3,0.5401210784912109,19.28497314453125,55,0.7216017656028271,maximum__sum_mod_10,0.27234652638435364,0.003809709334746003,0.26853681704960763
0.14271119982004166,0.1280663013458252,False,family-00335,1.0,0.5,0.5,minimum,sum_mod_10,0,0.5151617527008057,8.783679008483887,55,0.9046807698905468,minimum__sum_mod_10,0.12310194969177246,-0.019609250128269196,0.14271119982004166
0.22309313900768757,-0.3958941698074341,False,family-00335,1.0,0.5,0.5,minimum,sum_mod_10,1,0.6839643120765686,9.151678085327148,55,0.9046807698905468,minimum__sum_mod_10,0.21829462051391602,-0.004798518493771553,0.22309313900768757
0.38165559992194176,0.03251826763153076,False,family-00335,1.0,0.5,0.5,minimum,sum_mod_10,2,0.7059507369995117,10.896808624267578,55,0.9046807698905468,minimum__sum_mod_10,0.3759605884552002,-0.005695011466741562,0.38165559992194176
0.22354463837109506,1.0473917722702026,False,family-00335,1.0,0.5,0.5,minimum,sum_mod_10,3,0.6395661234855652,16.792617797851562,55,0.9046807698905468,minimum__sum_mod_10,0.22735434770584106,0.003809709334746003,0.22354463837109506
0.3360106348991394,-0.9448449611663818,True,family-00336,1.0,0.5,0.5,maximum,minimum,0,0.5315667986869812,9.32889461517334,55,-0.05435711145401001,maximum__minimum,0.0979565978050232,0.4339672327041626,-0.3360106348991394
0.8115960955619812,0.36772751808166504,True,family-00336,1.0,0.5,0.5,maximum,minimum,1,0.5307096838951111,10.796903610229492,55,-0.05435711145401001,maximum__minimum,-0.11180156469345093,0.6997945308685303,-0.8115960955619812
0.27520883083343506,0.3514035940170288,True,family-00336,1.0,0.5,0.5,maximum,minimum,2,0.3021405041217804,16.471878051757812,55,-0.05435711145401001,maximum__minimum,0.4836021065711975,0.20839327573776245,0.27520883083343506
0.3267723619937897,0.5387516021728516,True,family-00336,1.0,0.5,0.5,maximum,minimum,3,0.4293876588344574,18.349708557128906,55,-0.05435711145401001,maximum__minimum,0.2591434419155121,-0.06762892007827759,0.3267723619937897
0.2059982866048813,-0.6858501434326172,False,family-00336,1.0,0.0,1.0,maximum,sum_mod_10,0,0.20177263021469116,12.200132369995117,55,0.45891158282756805,maximum__sum_mod_10,0.0979565978050232,-0.1080416887998581,0.2059982866048813
0.24418985843658447,-1.0549734830856323,False,family-00336,1.0,0.0,1.0,maximum,sum_mod_10,1,0.41077107191085815,12.42346477508545,55,0.45891158282756805,maximum__sum_mod_10,-0.11180156469345093,0.13238829374313354,-0.24418985843658447
0.47850729525089264,0.06567502021789551,False,family-00336,1.0,0.0,1.0,maximum,sum_mod_10,2,0.44558584690093994,14.452737808227539,55,0.45891158282756805,maximum__sum_mod_10,0.4836021065711975,0.005094811320304871,0.47850729525089264
0.4325251132249832,1.102685034275055,False,family-00336,1.0,0.0,1.0,maximum,sum_mod_10,3,0.513046145439148,17.893795013427734,55,0.45891158282756805,maximum__sum_mod_10,0.2591434419155121,-0.17338167130947113,0.4325251132249832
0.5420089215040207,0.25899481773376465,False,family-00336,0.5,0.0,0.5,minimum,sum_mod_10,0,0.34280940890312195,12.110912322998047,55,0.5132686942815781,minimum__sum_mod_10,0.4339672327041626,-0.1080416887998581,0.5420089215040207
0.5674062371253967,-1.4227010011672974,False,family-00336,0.5,0.0,0.5,minimum,sum_mod_10,1,0.5022379159927368,11.161581993103027,55,0.5132686942815781,minimum__sum_mod_10,0.6997945308685303,0.13238829374313354,0.5674062371253967
0.20329846441745758,-0.2857285737991333,False,family-00336,0.5,0.0,0.5,minimum,sum_mod_10,2,0.6304129362106323,11.310047149658203,55,0.5132686942815781,minimum__sum_mod_10,0.20839327573776245,0.005094811320304871,0.20329846441745758
0.10575275123119354,0.5639334321022034,False,family-00336,0.5,0.0,0.5,minimum,sum_mod_10,3,0.6664453744888306,14.778922080993652,55,0.5132686942815781,minimum__sum_mod_10,-0.06762892007827759,-0.17338167130947113,0.10575275123119354
0.4744378589093685,-0.05313253402709961,True,family-00337,0.5,0.0,0.5,maximum,minimum,0,0.4744296967983246,10.8301362991333,55,0.745748195797205,maximum__minimum,0.4581316411495209,-0.01630621775984764,0.4744378589093685
0.12594774179160595,-0.9692652225494385,True,family-00337,0.5,0.0,0.5,maximum,minimum,1,0.49357712268829346,10.25348949432373,55,0.745748195797205,maximum__minimum,0.12542349100112915,-0.000524250790476799,0.12594774179160595
0.6991723068058491,-0.42225730419158936,True,family-00337,0.5,0.0,0.5,maximum,minimum,2,0.2508666515350342,17.83510971069336,55,0.745748195797205,maximum__minimum,0.6767488121986389,-0.02242349460721016,0.6991723068058491
0.16377476695924997,-0.15952670574188232,True,family-00337,0.5,0.0,0.5,maximum,minimum,3,0.27973511815071106,23.184555053710938,55,0.745748195797205,maximum__minimum,0.17542964220046997,0.011654875241219997,0.16377476695924997
0.523434229195118,0.3869520425796509,False,family-00337,0.5,1.0,-0.5,maximum,sum_mod_10,0,0.4142712950706482,11.349815368652344,55,0.678214780986309,maximum__sum_mod_10,0.4581316411495209,-0.06530258804559708,0.523434229195118
0.11722274869680405,0.06352484226226807,False,family-00337,0.5,1.0,-0.5,maximum,sum_mod_10,1,0.41719940304756165,11.19897174835205,55,0.678214780986309,maximum__sum_mod_10,0.12542349100112915,0.008200742304325104,0.11722274869680405
0.7333142384886742,-0.5009633302688599,False,family-00337,0.5,1.0,-0.5,maximum,sum_mod_10,2,0.5459994077682495,14.687186241149902,55,0.678214780986309,maximum__sum_mod_10,0.6767488121986389,-0.05656542629003525,0.7333142384886742
0.13999467715620995,0.9211502969264984,False,family-00337,0.5,1.0,-0.5,maximum,sum_mod_10,3,0.5003924369812012,22.20687484741211,55,0.678214780986309,maximum__sum_mod_10,0.17542964220046997,0.035434965044260025,0.13999467715620995
0.048996370285749435,0.4400845766067505,False,family-00337,0.0,1.0,-1.0,minimum,sum_mod_10,0,0.41697949171066284,11.354048728942871,55,-0.06753341481089592,minimum__sum_mod_10,-0.01630621775984764,-0.06530258804559708,0.048996370285749435
0.008724993094801903,1.0327900648117065,False,family-00337,0.0,1.0,-1.0,minimum,sum_mod_10,1,0.3415288031101227,11.576016426086426,55,-0.06753341481089592,minimum__sum_mod_10,-0.000524250790476799,0.008200742304325104,-0.008724993094801903
0.03414193168282509,-0.07870602607727051,False,family-00337,0.0,1.0,-1.0,minimum,sum_mod_10,2,0.39326947927474976,13.578734397888184,55,-0.06753341481089592,minimum__sum_mod_10,-0.02242349460721016,-0.05656542629003525,0.03414193168282509
0.023780089803040028,1.0806770026683807,False,family-00337,0.0,1.0,-1.0,minimum,sum_mod_10,3,0.4984673857688904,20.10797882080078,55,-0.06753341481089592,minimum__sum_mod_10,0.011654875241219997,0.035434965044260025,-0.023780089803040028
0.24251514673233032,-0.17379868030548096,True,family-00338,0.0,1.0,-1.0,maximum,minimum,0,0.3320963382720947,10.641077041625977,55,0.005000948905944824,maximum__minimum,-0.01020658016204834,0.23230856657028198,-0.24251514673233032
0.17670881748199463,0.5813487768173218,True,family-00338,0.0,1.0,-1.0,maximum,minimum,1,0.3340618312358856,10.398340225219727,55,0.005000948905944824,maximum__minimum,0.0169144868850708,0.19362330436706543,-0.17670881748199463
0.14108121395111084,-0.0024126768112182617,True,family-00338,0.0,1.0,-1.0,maximum,minimum,2,-0.20771253108978271,21.357913970947266,55,0.005000948905944824,maximum__minimum,0.009626328945159912,0.15070754289627075,-0.14108121395111084
0.09691596031188965,-0.904260516166687,True,family-00338,0.0,1.0,-1.0,maximum,minimum,3,-0.03985624760389328,27.066362380981445,55,0.005000948905944824,maximum__minimum,0.5206283330917358,0.4237123727798462,0.09691596031188965
0.09232279658317566,-0.43638908863067627,False,family-00338,0.0,0.5,-0.5,maximum,sum_mod_10,0,0.3925215005874634,10.507887840270996,55,0.7211358845233917,maximum__sum_mod_10,-0.01020658016204834,-0.102529376745224,0.09232279658317566
0.010427519679069519,-0.09099340438842773,False,family-00338,0.0,0.5,-0.5,maximum,sum_mod_10,1,0.5037363171577454,9.434120178222656,55,0.7211358845233917,maximum__sum_mod_10,0.0169144868850708,0.02734200656414032,-0.010427519679069519
0.011292368173599243,-0.6609025001525879,False,family-00338,0.0,0.5,-0.5,maximum,sum_mod_10,2,0.3784385323524475,14.419010162353516,55,0.7211358845233917,maximum__sum_mod_10,0.009626328945159912,-0.001666039228439331,0.011292368173599243
0.7397390305995941,0.21906894445419312,False,family-00338,0.0,0.5,-0.5,maximum,sum_mod_10,3,0.2974153757095337,25.3826847076416,55,0.7211358845233917,maximum__sum_mod_10,0.5206283330917358,-0.21911069750785828,0.7397390305995941
0.334837943315506,-0.2625904083251953,False,family-00338,1.0,0.5,0.5,minimum,sum_mod_10,0,0.24894897639751434,10.794798851013184,55,0.7161349356174469,minimum__sum_mod_10,0.23230856657028198,-0.102529376745224,0.334837943315506
0.1662812978029251,-0.6723421812057495,False,family-00338,1.0,0.5,0.5,minimum,sum_mod_10,1,0.43177157640457153,10.003913879394531,55,0.7161349356174469,minimum__sum_mod_10,0.19362330436706543,0.02734200656414032,0.1662812978029251
0.15237358212471008,-0.6584898233413696,False,family-00338,1.0,0.5,0.5,minimum,sum_mod_10,2,0.47154828906059265,12.96060848236084,55,0.7161349356174469,minimum__sum_mod_10,0.15070754289627075,-0.001666039228439331,0.15237358212471008
0.6428230702877045,1.1233294606208801,False,family-00338,1.0,0.5,0.5,minimum,sum_mod_10,3,0.5159931182861328,19.609350204467773,55,0.7161349356174469,minimum__sum_mod_10,0.4237123727798462,-0.21911069750785828,0.6428230702877045
0.15599443763494492,-0.26918840408325195,True,family-00339,1.0,0.5,0.5,maximum,minimum,0,0.409263551235199,11.249053955078125,55,-0.40965040028095245,maximum__minimum,0.11141327768564224,0.26740771532058716,-0.15599443763494492
0.40098582208156586,-0.06188845634460449,True,family-00339,1.0,0.5,0.5,maximum,minimum,1,0.41444820165634155,11.57833480834961,55,-0.40965040028095245,maximum__minimum,-0.048440560698509216,0.35254526138305664,-0.40098582208156586
0.15902920067310333,-0.1351226568222046,True,family-00339,1.0,0.5,0.5,maximum,minimum,2,0.4456292688846588,15.849085807800293,55,-0.40965040028095245,maximum__minimum,0.12139590084552765,-0.037633299827575684,0.15902920067310333
0.08963604271411896,0.06257110834121704,True,family-00339,1.0,0.5,0.5,maximum,minimum,3,0.5948455929756165,17.05828285217285,55,-0.40965040028095245,maximum__minimum,-0.04294450581073761,0.04669153690338135,-0.08963604271411896
0.12716353684663773,-0.03071117401123047,False,family-00339,1.0,0.0,1.0,maximum,sum_mod_10,0,0.3663383722305298,12.174738883972168,55,0.21651354618370533,maximum__sum_mod_10,0.11141327768564224,-0.015750259160995483,0.12716353684663773
0.045432569459080696,-1.1730780601501465,False,family-00339,1.0,0.0,1.0,maximum,sum_mod_10,1,0.536116361618042,10.957265853881836,55,0.21651354618370533,maximum__sum_mod_10,-0.048440560698509216,-0.00300799123942852,-0.045432569459080696
0.1417424250394106,0.29546236991882324,False,family-00339,1.0,0.0,1.0,maximum,sum_mod_10,2,0.7251462340354919,11.784090042114258,55,0.21651354618370533,maximum__sum_mod_10,0.12139590084552765,-0.020346524193882942,0.1417424250394106
0.04316556267440319,0.5205940306186676,False,family-00339,1.0,0.0,1.0,maximum,sum_mod_10,3,0.7709680199623108,13.544841766357422,55,0.21651354618370533,maximum__sum_mod_10,-0.04294450581073761,0.00022105686366558075,-0.04316556267440319
0.28315797448158264,0.23847723007202148,False,family-00339,0.5,0.0,0.5,minimum,sum_mod_10,0,0.5004500150680542,10.312677383422852,55,0.6261639464646578,minimum__sum_mod_10,0.26740771532058716,-0.015750259160995483,0.28315797448158264
0.35555325262248516,-1.111189603805542,False,family-00339,0.5,0.0,0.5,minimum,sum_mod_10,1,0.46802830696105957,10.83625602722168,55,0.6261639464646578,minimum__sum_mod_10,0.35254526138305664,-0.00300799123942852,0.35555325262248516
0.01728677563369274,0.43058502674102783,False,family-00339,0.5,0.0,0.5,minimum,sum_mod_10,2,0.5673490166664124,12.978813171386719,55,0.6261639464646578,minimum__sum_mod_10,-0.037633299827575684,-0.020346524193882942,-0.01728677563369274
0.04647048003971577,0.45802292227745056,False,family-00339,0.5,0.0,0.5,minimum,sum_mod_10,3,0.6613562107086182,15.748208045959473,55,0.6261639464646578,minimum__sum_mod_10,0.04669153690338135,0.00022105686366558075,0.04647048003971577
0.09905114769935608,0.7714090347290039,True,family-00340,0.5,0.0,0.5,maximum,minimum,0,0.49094992876052856,10.549221992492676,55,-0.4323485195636749,maximum__minimum,0.10907933115959167,0.20813047885894775,-0.09905114769935608
0.5608044564723969,-0.24533599615097046,True,family-00340,0.5,0.0,0.5,maximum,minimum,1,0.4914616644382477,12.028843879699707,55,-0.4323485195636749,maximum__minimum,0.202785462141037,0.7635899186134338,-0.5608044564723969
0.25730645656585693,-0.5999832153320312,True,family-00340,0.5,0.0,0.5,maximum,minimum,2,0.09237873554229736,20.53229331970215,55,-0.4323485195636749,maximum__minimum,0.3716820478439331,0.11437559127807617,0.25730645656585693
0.21662777662277222,-0.11506688594818115,True,family-00340,0.5,0.0,0.5,maximum,minimum,3,0.21917831897735596,23.822998046875,55,-0.4323485195636749,maximum__minimum,0.2601403594017029,0.043512582778930664,0.21662777662277222
0.11437565088272095,0.5875599384307861,False,family-00340,0.5,1.0,-0.5,maximum,sum_mod_10,0,0.5501232147216797,8.646373748779297,55,0.41050218418240547,maximum__sum_mod_10,0.10907933115959167,-0.0052963197231292725,0.11437565088272095
0.24772803857922554,-0.9912673234939575,False,family-00340,0.5,1.0,-0.5,maximum,sum_mod_10,1,0.5579847693443298,9.073573112487793,55,0.41050218418240547,maximum__sum_mod_10,0.202785462141037,-0.04494257643818855,0.24772803857922554
0.3749692216515541,-0.1202319860458374,False,family-00340,0.5,1.0,-0.5,maximum,sum_mod_10,2,0.7058781385421753,10.24788761138916,55,0.41050218418240547,maximum__sum_mod_10,0.3716820478439331,-0.003287173807621002,0.3749692216515541
0.2577829919755459,1.0944072306156158,False,family-00340,0.5,1.0,-0.5,maximum,sum_mod_10,3,0.7112942337989807,14.707392692565918,55,0.41050218418240547,maximum__sum_mod_10,0.2601403594017029,0.0023573674261569977,0.2577829919755459
0.21342679858207703,-0.18384909629821777,False,family-00340,0.0,1.0,-1.0,minimum,sum_mod_10,0,0.304624080657959,12.057696342468262,55,0.8428507037460804,minimum__sum_mod_10,0.20813047885894775,-0.0052963197231292725,0.21342679858207703
0.8085324950516224,-0.7459313273429871,False,family-00340,0.0,1.0,-1.0,minimum,sum_mod_10,1,0.41715192794799805,12.664722442626953,55,0.8428507037460804,minimum__sum_mod_10,0.7635899186134338,-0.04494257643818855,0.8085324950516224
0.11766276508569717,0.47975122928619385,False,family-00340,0.0,1.0,-1.0,minimum,sum_mod_10,2,0.3246181905269623,17.088871002197266,55,0.8428507037460804,minimum__sum_mod_10,0.11437559127807617,-0.003287173807621002,0.11766276508569717
0.041155215352773666,1.209474116563797,False,family-00340,0.0,1.0,-1.0,minimum,sum_mod_10,3,0.41798609495162964,22.254440307617188,55,0.8428507037460804,minimum__sum_mod_10,0.043512582778930664,0.0023573674261569977,0.041155215352773666
0.027466237545013428,-0.5479222536087036,True,family-00341,0.0,1.0,-1.0,maximum,minimum,0,0.42008543014526367,10.362774848937988,55,0.04087287187576294,maximum__minimum,0.1548404097557068,0.12737417221069336,0.027466237545013428
0.126908540725708,0.32261621952056885,True,family-00341,0.0,1.0,-1.0,maximum,minimum,1,0.4062283933162689,10.244097709655762,55,0.04087287187576294,maximum__minimum,-0.020477354526519775,0.10643118619918823,-0.126908540725708
0.3898341655731201,0.6448819637298584,True,family-00341,0.0,1.0,-1.0,maximum,minimum,2,-0.22889894247055054,21.305545806884766,55,0.04087287187576294,maximum__minimum,0.15893036127090454,0.5487645268440247,-0.3898341655731201
0.4941939115524292,-0.1924881935119629,True,family-00341,0.0,1.0,-1.0,maximum,minimum,3,-0.2393602728843689,27.38939666748047,55,0.04087287187576294,maximum__minimum,0.1632152795791626,0.6574091911315918,-0.4941939115524292
0.14265413209795952,-1.0236481428146362,False,family-00341,0.0,0.5,-0.5,maximum,sum_mod_10,0,0.32082051038742065,12.370157241821289,55,0.8314296305179596,maximum__sum_mod_10,0.1548404097557068,0.012186277657747269,0.14265413209795952
0.03877272829413414,-0.734980583190918,False,family-00341,0.0,0.5,-0.5,maximum,sum_mod_10,1,0.2803054451942444,12.568445205688477,55,0.8314296305179596,maximum__sum_mod_10,-0.020477354526519775,0.018295373767614365,-0.03877272829413414
0.18514136970043182,-0.04549968242645264,False,family-00341,0.0,0.5,-0.5,maximum,sum_mod_10,2,0.0902920514345169,19.137636184692383,55,0.8314296305179596,maximum__sum_mod_10,0.15893036127090454,-0.026211008429527283,0.18514136970043182
0.12555164098739624,0.8071183562278748,False,family-00341,0.0,0.5,-0.5,maximum,sum_mod_10,3,0.2683176100254059,26.732513427734375,55,0.8314296305179596,maximum__sum_mod_10,0.1632152795791626,0.03766363859176636,0.12555164098739624
0.11518789455294609,-0.4757258892059326,False,family-00341,1.0,0.5,0.5,minimum,sum_mod_10,0,0.28141647577285767,12.244733810424805,55,0.7905567586421967,minimum__sum_mod_10,0.12737417221069336,0.012186277657747269,0.11518789455294609
0.08813581243157387,-1.0575968027114868,False,family-00341,1.0,0.5,0.5,minimum,sum_mod_10,1,0.3388824462890625,11.855829238891602,55,0.7905567586421967,minimum__sum_mod_10,0.10643118619918823,0.018295373767614365,0.08813581243157387
0.5749755352735519,-0.690381646156311,False,family-00341,1.0,0.5,0.5,minimum,sum_mod_10,2,0.4281392991542816,13.278822898864746,55,0.7905567586421967,minimum__sum_mod_10,0.5487645268440247,-0.026211008429527283,0.5749755352735519
0.6197455525398254,0.9996065497398376,False,family-00341,1.0,0.5,0.5,minimum,sum_mod_10,3,0.46392959356307983,20.930143356323242,55,0.7905567586421967,minimum__sum_mod_10,0.6574091911315918,0.03766363859176636,0.6197455525398254
0.386562705039978,0.13550615310668945,True,family-00342,1.0,0.5,0.5,maximum,minimum,0,0.427101731300354,9.495438575744629,55,0.34616488218307495,maximum__minimum,0.06866353750228882,-0.3178991675376892,0.386562705039978
0.1236160397529602,0.6573635339736938,True,family-00342,1.0,0.5,0.5,maximum,minimum,1,0.40886422991752625,9.979863166809082,55,0.34616488218307495,maximum__minimum,-0.10112196207046509,0.022494077682495117,-0.1236160397529602
0.34060168266296387,0.07414126396179199,True,family-00342,1.0,0.5,0.5,maximum,minimum,2,0.17879030108451843,17.39948081970215,55,0.34616488218307495,maximum__minimum,-0.09603708982467651,0.24456459283828735,-0.34060168266296387
0.6037831008434296,-0.7328799962997437,True,family-00342,1.0,0.5,0.5,maximum,minimum,3,0.2905839681625366,22.15275001525879,55,0.34616488218307495,maximum__minimum,0.6843106150627136,0.08052751421928406,0.6037831008434296
0.07385877519845963,-0.03769111633300781,False,family-00342,1.0,0.0,1.0,maximum,sum_mod_10,0,0.40187400579452515,11.044206619262695,55,0.7648407202214003,maximum__sum_mod_10,0.06866353750228882,-0.005195237696170807,0.07385877519845963
0.09431335516273975,-0.9315860271453857,False,family-00342,1.0,0.0,1.0,maximum,sum_mod_10,1,0.420459508895874,12.07274341583252,55,0.7648407202214003,maximum__sum_mod_10,-0.10112196207046509,-0.006808606907725334,-0.09431335516273975
0.09126415476202965,-0.5318984985351562,False,family-00342,1.0,0.0,1.0,maximum,sum_mod_10,2,0.46056079864501953,14.886484146118164,55,0.7648407202214003,maximum__sum_mod_10,-0.09603708982467651,-0.004772935062646866,-0.09126415476202965
0.6886058934032917,-0.1305938959121704,False,family-00342,1.0,0.0,1.0,maximum,sum_mod_10,3,0.437220960855484,21.175172805786133,55,0.7648407202214003,maximum__sum_mod_10,0.6843106150627136,-0.004295278340578079,0.6886058934032917
0.3127039298415184,-0.17319726943969727,False,family-00342,0.5,0.0,0.5,minimum,sum_mod_10,0,0.4278213083744049,10.735280990600586,55,0.4186758380383253,minimum__sum_mod_10,-0.3178991675376892,-0.005195237696170807,-0.3127039298415184
0.02930268459022045,-1.5889495611190796,False,family-00342,0.5,0.0,0.5,minimum,sum_mod_10,1,0.5258617401123047,10.922823905944824,55,0.4186758380383253,minimum__sum_mod_10,0.022494077682495117,-0.006808606907725334,0.02930268459022045
0.24933752790093422,-0.6060397624969482,False,family-00342,0.5,0.0,0.5,minimum,sum_mod_10,2,0.6753320693969727,11.855859756469727,55,0.4186758380383253,minimum__sum_mod_10,0.24456459283828735,-0.004772935062646866,0.24933752790093422
0.08482279255986214,0.6022861003875732,False,family-00342,0.5,0.0,0.5,minimum,sum_mod_10,3,0.7172271013259888,15.309958457946777,55,0.4186758380383253,minimum__sum_mod_10,0.08052751421928406,-0.004295278340578079,0.08482279255986214
0.022810637950897217,-0.20511221885681152,True,family-00343,0.5,0.0,0.5,maximum,minimum,0,0.2497687041759491,11.978748321533203,55,0.05753213167190552,maximum__minimum,0.08970677852630615,0.11251741647720337,-0.022810637950897217
0.000306546688079834,-0.14870238304138184,True,family-00343,0.5,0.0,0.5,maximum,minimum,1,0.20309217274188995,12.156048774719238,55,0.05753213167190552,maximum__minimum,0.007131993770599365,0.006825447082519531,0.000306546688079834
0.00020939111709594727,0.5568798780441284,True,family-00343,0.5,0.0,0.5,maximum,minimum,2,-0.0027274489402770996,18.758337020874023,55,0.05753213167190552,maximum__minimum,0.019212424755096436,0.019421815872192383,-0.00020939111709594727
0.05718451738357544,-0.629576712846756,True,family-00343,0.5,0.0,0.5,maximum,minimum,3,-0.08847874402999878,28.029966354370117,55,0.05753213167190552,maximum__minimum,0.5181139707565308,0.4609294533729553,0.05718451738357544
0.09924843162298203,0.5686160326004028,False,family-00343,0.5,1.0,-0.5,maximum,sum_mod_10,0,0.2931745946407318,11.37148380279541,55,0.8222706615924835,maximum__sum_mod_10,0.08970677852630615,-0.009541653096675873,0.09924843162298203
0.013637684285640717,0.026994943618774414,False,family-00343,0.5,1.0,-0.5,maximum,sum_mod_10,1,0.3451795279979706,11.075300216674805,55,0.8222706615924835,maximum__sum_mod_10,0.007131993770599365,-0.006505690515041351,0.013637684285640717
0.026870451867580414,-0.3245967626571655,False,family-00343,0.5,1.0,-0.5,maximum,sum_mod_10,2,0.46925315260887146,13.077960014343262,55,0.8222706615924835,maximum__sum_mod_10,0.019212424755096436,0.04608287662267685,-0.026870451867580414
0.5004063099622726,0.05490720272064209,False,family-00343,0.5,1.0,-0.5,maximum,sum_mod_10,3,0.33355140686035156,22.640565872192383,55,0.8222706615924835,maximum__sum_mod_10,0.5181139707565308,0.017707660794258118,0.5004063099622726
0.12205906957387924,0.7737282514572144,False,family-00343,0.0,1.0,-1.0,minimum,sum_mod_10,0,0.19203713536262512,12.351302146911621,55,0.764738529920578,minimum__sum_mod_10,0.11251741647720337,-0.009541653096675873,0.12205906957387924
0.013331137597560883,0.17569732666015625,False,family-00343,0.0,1.0,-1.0,minimum,sum_mod_10,1,0.20066818594932556,12.441762924194336,55,0.764738529920578,minimum__sum_mod_10,0.006825447082519531,-0.006505690515041351,0.013331137597560883
0.026661060750484467,-0.881476640701294,False,family-00343,0.0,1.0,-1.0,minimum,sum_mod_10,2,0.28449803590774536,15.374195098876953,55,0.764738529920578,minimum__sum_mod_10,0.019421815872192383,0.04608287662267685,-0.026661060750484467
0.4432217925786972,0.6844839155673981,False,family-00343,0.0,1.0,-1.0,minimum,sum_mod_10,3,0.37300434708595276,21.25675392150879,55,0.764738529920578,minimum__sum_mod_10,0.4609294533729553,0.017707660794258118,0.4432217925786972
0.027344346046447754,0.8741762638092041,True,family-00344,0.0,1.0,-1.0,maximum,minimum,0,0.29677045345306396,11.564624786376953,55,-0.12417781352996826,maximum__minimum,0.036432743072509766,0.06377708911895752,-0.027344346046447754
0.5536440312862396,0.31439638137817383,True,family-00344,0.0,1.0,-1.0,maximum,minimum,1,0.4292730391025543,10.876998901367188,55,-0.12417781352996826,maximum__minimum,-0.08085179328918457,0.47279223799705505,-0.5536440312862396
0.3135053515434265,-0.1648038625717163,True,family-00344,0.0,1.0,-1.0,maximum,minimum,2,0.11235497891902924,17.224714279174805,55,-0.12417781352996826,maximum__minimum,0.37651753425598145,0.690022885799408,-0.3135053515434265
0.3558918833732605,-0.8786414861679077,True,family-00344,0.0,1.0,-1.0,maximum,minimum,3,0.2635349929332733,23.723703384399414,55,-0.12417781352996826,maximum__minimum,0.5759186744689941,0.22002679109573364,0.3558918833732605
0.08178910613059998,0.08536434173583984,False,family-00344,0.0,0.5,-0.5,maximum,sum_mod_10,0,0.32977035641670227,10.366632461547852,55,0.47184866666793823,maximum__sum_mod_10,0.036432743072509766,-0.04535636305809021,0.08178910613059998
0.2494068145751953,0.36130332946777344,False,family-00344,0.0,0.5,-0.5,maximum,sum_mod_10,1,0.4324214458465576,10.25590705871582,55,0.47184866666793823,maximum__sum_mod_10,-0.08085179328918457,0.16855502128601074,-0.2494068145751953
0.38356813788414,-0.11378812789916992,False,family-00344,0.0,0.5,-0.5,maximum,sum_mod_10,2,0.301823228597641,15.148041725158691,55,0.47184866666793823,maximum__sum_mod_10,0.37651753425598145,-0.007050603628158569,0.38356813788414
0.42095546424388885,-0.0857095718383789,False,family-00344,0.0,0.5,-0.5,maximum,sum_mod_10,3,0.3375801146030426,23.561922073364258,55,0.47184866666793823,maximum__sum_mod_10,0.5759186744689941,0.15496321022510529,0.42095546424388885
0.10913345217704773,-0.7888119220733643,False,family-00344,1.0,0.5,0.5,minimum,sum_mod_10,0,0.44403553009033203,10.088112831115723,55,0.5960264801979065,minimum__sum_mod_10,0.06377708911895752,-0.04535636305809021,0.10913345217704773
0.3042372167110443,0.04690694808959961,False,family-00344,1.0,0.5,0.5,minimum,sum_mod_10,1,0.40154269337654114,10.555963516235352,55,0.5960264801979065,minimum__sum_mod_10,0.47279223799705505,0.16855502128601074,0.3042372167110443
0.6970734894275665,0.05101573467254639,False,family-00344,1.0,0.5,0.5,minimum,sum_mod_10,2,0.46893197298049927,12.269927024841309,55,0.5960264801979065,minimum__sum_mod_10,0.690022885799408,-0.007050603628158569,0.6970734894275665
0.06506358087062836,0.7929319143295288,False,family-00344,1.0,0.5,0.5,minimum,sum_mod_10,3,0.5719909071922302,18.391498565673828,55,0.5960264801979065,minimum__sum_mod_10,0.22002679109573364,0.15496321022510529,0.06506358087062836
0.38613349199295044,-0.4509347677230835,True,family-00345,1.0,0.5,0.5,maximum,minimum,0,0.5294313430786133,9.497552871704102,55,-0.09203147888183594,maximum__minimum,0.12954622507095337,0.5156797170639038,-0.38613349199295044
0.2324610948562622,0.20584559440612793,True,family-00345,1.0,0.5,0.5,maximum,minimum,1,0.5082566142082214,10.475379943847656,55,-0.09203147888183594,maximum__minimum,0.2710687518119812,0.038607656955718994,0.2324610948562622
0.2254379391670227,-0.16883105039596558,True,family-00345,1.0,0.5,0.5,maximum,minimum,2,0.3900848627090454,14.919881820678711,55,-0.09203147888183594,maximum__minimum,0.3020933270454407,0.07665538787841797,0.2254379391670227
0.21400141716003418,-0.8014977276325226,True,family-00345,1.0,0.5,0.5,maximum,minimum,3,0.5173448324203491,17.1988468170166,55,-0.09203147888183594,maximum__minimum,0.3743244409561157,0.16032302379608154,0.21400141716003418
0.15487561374902725,0.19639360904693604,False,family-00345,1.0,0.0,1.0,maximum,sum_mod_10,0,0.45634812116622925,11.345897674560547,55,0.6740109622478485,maximum__sum_mod_10,0.12954622507095337,-0.025329388678073883,0.15487561374902725
0.26420971006155014,-0.000293731689453125,False,family-00345,1.0,0.0,1.0,maximum,sum_mod_10,1,0.6199394464492798,10.636356353759766,55,0.6740109622478485,maximum__sum_mod_10,0.2710687518119812,0.006859041750431061,0.26420971006155014
0.35686495900154114,-0.5215076804161072,False,family-00345,1.0,0.0,1.0,maximum,sum_mod_10,2,0.6889137029647827,12.169534683227539,55,0.6740109622478485,maximum__sum_mod_10,0.3020933270454407,-0.054771631956100464,0.35686495900154114
0.44152164459228516,0.150782972574234,False,family-00345,1.0,0.0,1.0,maximum,sum_mod_10,3,0.7389722466468811,14.737031936645508,55,0.6740109622478485,maximum__sum_mod_10,0.3743244409561157,-0.06719720363616943,0.44152164459228516
0.5410091057419777,0.6473283767700195,False,family-00345,0.5,0.0,0.5,minimum,sum_mod_10,0,0.4923301339149475,10.276507377624512,55,0.7660424411296844,minimum__sum_mod_10,0.5156797170639038,-0.025329388678073883,0.5410091057419777
0.03174861520528793,-0.20613932609558105,False,family-00345,0.5,0.0,0.5,minimum,sum_mod_10,1,0.5348226428031921,11.036640167236328,55,0.7660424411296844,minimum__sum_mod_10,0.038607656955718994,0.006859041750431061,0.03174861520528793
0.13142701983451843,-0.3526766300201416,False,family-00345,0.5,0.0,0.5,minimum,sum_mod_10,2,0.6307780146598816,12.577564239501953,55,0.7660424411296844,minimum__sum_mod_10,0.07665538787841797,-0.054771631956100464,0.13142701983451843
0.22752022743225098,0.9522807002067566,False,family-00345,0.5,0.0,0.5,minimum,sum_mod_10,3,0.7053214907646179,15.533405303955078,55,0.7660424411296844,minimum__sum_mod_10,0.16032302379608154,-0.06719720363616943,0.22752022743225098
0.05319434404373169,0.7141215801239014,True,family-00346,0.5,0.0,0.5,maximum,minimum,0,0.4342910051345825,10.046151161193848,55,-0.16855692863464355,maximum__minimum,0.1726149320602417,0.2258092761039734,-0.05319434404373169
0.06013888120651245,0.23575544357299805,True,family-00346,0.5,0.0,0.5,maximum,minimum,1,0.40017396211624146,11.90573501586914,55,-0.16855692863464355,maximum__minimum,0.0907335877418518,0.15087246894836426,-0.06013888120651245
0.15298986434936523,-0.37450551986694336,True,family-00346,0.5,0.0,0.5,maximum,minimum,2,0.08557084202766418,19.1584415435791,55,-0.16855692863464355,maximum__minimum,0.22092556953430176,0.06793570518493652,0.15298986434936523
0.3677048087120056,-0.18447363376617432,True,family-00346,0.5,0.0,0.5,maximum,minimum,3,0.24124522507190704,21.732187271118164,55,-0.16855692863464355,maximum__minimum,0.4591580629348755,0.09145325422286987,0.3677048087120056
0.233650803565979,-0.20024585723876953,False,family-00346,0.5,1.0,-0.5,maximum,sum_mod_10,0,0.42698150873184204,10.148418426513672,55,0.6414139717817307,maximum__sum_mod_10,0.1726149320602417,-0.061035871505737305,0.233650803565979
0.0032632648944854736,-1.3824141025543213,False,family-00346,0.5,1.0,-0.5,maximum,sum_mod_10,1,0.548843264579773,9.703935623168945,55,0.6414139717817307,maximum__sum_mod_10,0.0907335877418518,0.08747032284736633,0.0032632648944854736
0.16838590800762177,-0.40518736839294434,False,family-00346,0.5,1.0,-0.5,maximum,sum_mod_10,2,0.47734907269477844,11.683991432189941,55,0.6414139717817307,maximum__sum_mod_10,0.22092556953430176,0.05253966152667999,0.16838590800762177
0.4844924807548523,0.5108181238174438,False,family-00346,0.5,1.0,-0.5,maximum,sum_mod_10,3,0.6006754636764526,15.530317306518555,55,0.6414139717817307,maximum__sum_mod_10,0.4591580629348755,-0.025334417819976807,0.4844924807548523
0.2868451476097107,-0.9143674373626709,False,family-00346,0.0,1.0,-1.0,minimum,sum_mod_10,0,0.29885226488113403,11.907183647155762,55,0.8099709004163742,minimum__sum_mod_10,0.2258092761039734,-0.061035871505737305,0.2868451476097107
0.06340214610099792,-1.6181695461273193,False,family-00346,0.0,1.0,-1.0,minimum,sum_mod_10,1,0.36779677867889404,12.73141098022461,55,0.8099709004163742,minimum__sum_mod_10,0.15087246894836426,0.08747032284736633,0.06340214610099792
0.01539604365825653,-0.030681848526000977,False,family-00346,0.0,1.0,-1.0,minimum,sum_mod_10,2,0.3961408734321594,15.774186134338379,55,0.8099709004163742,minimum__sum_mod_10,0.06793570518493652,0.05253966152667999,0.01539604365825653
0.11678767204284668,0.6952917575836182,False,family-00346,0.0,1.0,-1.0,minimum,sum_mod_10,3,0.42773085832595825,20.313396453857422,55,0.8099709004163742,minimum__sum_mod_10,0.09145325422286987,-0.025334417819976807,0.11678767204284668
0.006882965564727783,-0.3628333806991577,True,family-00347,0.0,1.0,-1.0,maximum,minimum,0,0.45597705245018005,9.455979347229004,55,-0.08975213766098022,maximum__minimum,0.06839489936828613,0.06151193380355835,0.006882965564727783
0.0735127329826355,0.585529088973999,True,family-00347,0.0,1.0,-1.0,maximum,minimum,1,0.49176642298698425,9.714123725891113,55,-0.08975213766098022,maximum__minimum,0.021042585372924805,0.0945553183555603,-0.0735127329826355
0.5626683831214905,-0.7901708483695984,True,family-00347,0.0,1.0,-1.0,maximum,minimum,2,0.115401491522789,20.721843719482422,55,-0.08975213766098022,maximum__minimum,0.6552121043205261,0.09254372119903564,0.5626683831214905
0.10636207461357117,-0.2290252447128296,True,family-00347,0.0,1.0,-1.0,maximum,minimum,3,0.2763897180557251,24.947513580322266,55,-0.08975213766098022,maximum__minimum,0.3001236021518707,0.19376152753829956,0.10636207461357117
0.08644137904047966,-0.8972285985946655,False,family-00347,0.0,0.5,-0.5,maximum,sum_mod_10,0,0.4960741400718689,9.177749633789062,55,0.7369629554450512,maximum__sum_mod_10,0.06839489936828613,-0.018046479672193527,0.08644137904047966
0.008993024006485939,0.635796070098877,False,family-00347,0.0,0.5,-0.5,maximum,sum_mod_10,1,0.5569217205047607,8.94164752960205,55,0.7369629554450512,maximum__sum_mod_10,0.021042585372924805,0.030035609379410744,-0.008993024006485939
0.666695449501276,-0.8551455140113831,False,family-00347,0.0,0.5,-0.5,maximum,sum_mod_10,2,0.4841293394565582,15.52708625793457,55,0.7369629554450512,maximum__sum_mod_10,0.6552121043205261,-0.011483345180749893,0.666695449501276
0.3101630434393883,0.3778998851776123,False,family-00347,0.0,0.5,-0.5,maximum,sum_mod_10,3,0.49155861139297485,19.957874298095703,55,0.7369629554450512,maximum__sum_mod_10,0.3001236021518707,-0.010039441287517548,0.3101630434393883
0.07955841347575188,-0.5343952178955078,False,family-00347,1.0,0.5,0.5,minimum,sum_mod_10,0,0.3514942228794098,10.752161979675293,55,0.8267150931060314,minimum__sum_mod_10,0.06151193380355835,-0.018046479672193527,0.07955841347575188
0.06451970897614956,0.05026698112487793,False,family-00347,1.0,0.5,0.5,minimum,sum_mod_10,1,0.3484291732311249,11.59936809539795,55,0.8267150931060314,minimum__sum_mod_10,0.0945553183555603,0.030035609379410744,0.06451970897614956
0.10402706637978554,-0.06497466564178467,False,family-00347,1.0,0.5,0.5,minimum,sum_mod_10,2,0.46789735555648804,13.503645896911621,55,0.8267150931060314,minimum__sum_mod_10,0.09254372119903564,-0.011483345180749893,0.10402706637978554
0.2038009688258171,0.6069251298904419,False,family-00347,1.0,0.5,0.5,minimum,sum_mod_10,3,0.5820714235305786,18.727066040039062,55,0.8267150931060314,minimum__sum_mod_10,0.19376152753829956,-0.010039441287517548,0.2038009688258171
0.10960090160369873,0.057209134101867676,True,family-00348,1.0,0.5,0.5,maximum,minimum,0,0.4554678797721863,10.557265281677246,55,-0.14961367845535278,maximum__minimum,0.3971140384674072,0.2875131368637085,0.10960090160369873
0.1539304256439209,0.4323810338973999,True,family-00348,1.0,0.5,0.5,maximum,minimum,1,0.4693116843700409,10.911677360534668,55,-0.14961367845535278,maximum__minimum,-0.03868991136550903,0.11524051427841187,-0.1539304256439209
0.33270758390426636,0.537806510925293,True,family-00348,1.0,0.5,0.5,maximum,minimum,2,0.21444961428642273,16.683151245117188,55,-0.14961367845535278,maximum__minimum,0.35927730798721313,0.026569724082946777,0.33270758390426636
0.05575919151306152,-0.5101338624954224,True,family-00348,1.0,0.5,0.5,maximum,minimum,3,0.4100590646266937,19.701427459716797,55,-0.14961367845535278,maximum__minimum,0.19890153408050537,0.14314234256744385,0.05575919151306152
0.40110302343964577,0.24800395965576172,False,family-00348,1.0,0.0,1.0,maximum,sum_mod_10,0,0.438184916973114,11.519182205200195,55,0.7129928357899189,maximum__sum_mod_10,0.3971140384674072,-0.003988984972238541,0.40110302343964577
0.0571722649037838,0.5284625291824341,False,family-00348,1.0,0.0,1.0,maximum,sum_mod_10,1,0.5911556482315063,10.691329002380371,55,0.7129928357899189,maximum__sum_mod_10,-0.03868991136550903,0.018482353538274765,-0.0571722649037838
0.34963563829660416,0.13074016571044922,False,family-00348,1.0,0.0,1.0,maximum,sum_mod_10,2,0.5818544030189514,13.119767189025879,55,0.7129928357899189,maximum__sum_mod_10,0.35927730798721313,0.009641669690608978,0.34963563829660416
0.24123844131827354,0.785720705986023,False,family-00348,1.0,0.0,1.0,maximum,sum_mod_10,3,0.5792309641838074,17.046422958374023,55,0.7129928357899189,maximum__sum_mod_10,0.19890153408050537,-0.04233690723776817,0.24123844131827354
0.29150212183594704,0.19079482555389404,False,family-00348,0.5,0.0,0.5,minimum,sum_mod_10,0,0.4991891384124756,10.435087203979492,55,0.8626065142452717,minimum__sum_mod_10,0.2875131368637085,-0.003988984972238541,0.29150212183594704
0.0967581607401371,0.09608149528503418,False,family-00348,0.5,0.0,0.5,minimum,sum_mod_10,1,0.5361900925636292,10.996085166931152,55,0.8626065142452717,minimum__sum_mod_10,0.11524051427841187,0.018482353538274765,0.0967581607401371
0.0169280543923378,-0.40706634521484375,False,family-00348,0.5,0.0,0.5,minimum,sum_mod_10,2,0.5434561967849731,12.586857795715332,55,0.8626065142452717,minimum__sum_mod_10,0.026569724082946777,0.009641669690608978,0.0169280543923378
0.18547924980521202,1.2958545684814453,False,family-00348,0.5,0.0,0.5,minimum,sum_mod_10,3,0.6577813625335693,15.039887428283691,55,0.8626065142452717,minimum__sum_mod_10,0.14314234256744385,-0.04233690723776817,0.18547924980521202
0.6444284617900848,0.056841135025024414,True,family-00349,0.5,0.0,0.5,maximum,minimum,0,0.4814903736114502,9.551677703857422,55,0.8741677962243557,maximum__minimum,0.44979968667030334,-0.1946287751197815,0.6444284617900848
0.04915383830666542,-1.128312587738037,True,family-00349,0.5,0.0,0.5,maximum,minimum,1,0.5563491582870483,8.583401679992676,55,0.8741677962243557,maximum__minimum,0.022327184677124023,-0.026826653629541397,0.04915383830666542
0.0014498010277748108,0.2358081340789795,True,family-00349,0.5,0.0,0.5,maximum,minimum,2,0.4348618686199188,12.246902465820312,55,0.8741677962243557,maximum__minimum,0.03300166130065918,0.03155186027288437,0.0014498010277748108
0.10709411464631557,-1.316635012626648,True,family-00349,0.5,0.0,0.5,maximum,minimum,3,0.6472905874252319,12.920881271362305,55,0.8741677962243557,maximum__minimum,0.11967509984970093,0.012580985203385353,0.10709411464631557
0.4720839112997055,-0.045551300048828125,False,family-00349,0.5,1.0,-0.5,maximum,sum_mod_10,0,0.49785324931144714,9.455463409423828,55,0.7588132470846176,maximum__sum_mod_10,0.44979968667030334,-0.02228422462940216,0.4720839112997055
0.06283030658960342,-0.40820586681365967,False,family-00349,0.5,1.0,-0.5,maximum,sum_mod_10,1,0.4807620346546173,9.531229972839355,55,0.7588132470846176,maximum__sum_mod_10,0.022327184677124023,0.08515749126672745,-0.06283030658960342
0.07538503408432007,0.054199934005737305,False,family-00349,0.5,1.0,-0.5,maximum,sum_mod_10,2,0.5046700239181519,11.745783805847168,55,0.7588132470846176,maximum__sum_mod_10,0.03300166130065918,-0.04238337278366089,0.07538503408432007
0.11458858847618103,0.762821227312088,False,family-00349,0.5,1.0,-0.5,maximum,sum_mod_10,3,0.5356143116950989,18.685564041137695,55,0.7588132470846176,maximum__sum_mod_10,0.11967509984970093,0.0050865113735198975,0.11458858847618103
0.17234455049037933,-0.10239243507385254,False,family-00349,0.0,1.0,-1.0,minimum,sum_mod_10,0,0.40622085332870483,11.039237976074219,55,-0.11535454913973808,minimum__sum_mod_10,-0.1946287751197815,-0.02228422462940216,-0.17234455049037933
0.11198414489626884,0.7201067209243774,False,family-00349,0.0,1.0,-1.0,minimum,sum_mod_10,1,0.43576687574386597,10.30477523803711,55,-0.11535454913973808,minimum__sum_mod_10,-0.026826653629541397,0.08515749126672745,-0.11198414489626884
0.07393523305654526,-0.1816082000732422,False,family-00349,0.0,1.0,-1.0,minimum,sum_mod_10,2,0.4085644483566284,11.345264434814453,55,-0.11535454913973808,minimum__sum_mod_10,0.03155186027288437,-0.04238337278366089,0.07393523305654526
0.007494473829865456,2.079456239938736,False,family-00349,0.0,1.0,-1.0,minimum,sum_mod_10,3,0.5968510508537292,16.95401954650879,55,-0.11535454913973808,minimum__sum_mod_10,0.012580985203385353,0.0050865113735198975,0.007494473829865456
0.05396723747253418,0.26313209533691406,True,family-00350,0.0,1.0,-1.0,maximum,minimum,0,0.4363597631454468,10.814982414245605,55,-0.4997854232788086,maximum__minimum,0.2998121976852417,0.24584496021270752,0.05396723747253418
0.6950039267539978,0.47020792961120605,True,family-00350,0.0,1.0,-1.0,maximum,minimum,1,0.5254871845245361,10.504110336303711,55,-0.4997854232788086,maximum__minimum,-0.1546429991722107,0.5403609275817871,-0.6950039267539978
0.19841483235359192,0.15134859085083008,True,family-00350,0.0,1.0,-1.0,maximum,minimum,2,0.07851791381835938,20.68497657775879,55,-0.4997854232788086,maximum__minimum,0.14047589898109436,0.3388907313346863,-0.19841483235359192
0.3272975981235504,-0.394498348236084,True,family-00350,0.0,1.0,-1.0,maximum,minimum,3,0.24162887036800385,23.71759796142578,55,-0.4997854232788086,maximum__minimum,0.35876747965812683,0.031469881534576416,0.3272975981235504
0.32419551722705364,0.1221463680267334,False,family-00350,0.0,0.5,-0.5,maximum,sum_mod_10,0,0.40836137533187866,12.891822814941406,55,0.4231648314744234,maximum__sum_mod_10,0.2998121976852417,-0.024383319541811943,0.32419551722705364
0.12623108737170696,1.1227385997772217,False,family-00350,0.0,0.5,-0.5,maximum,sum_mod_10,1,0.42579641938209534,13.458719253540039,55,0.4231648314744234,maximum__sum_mod_10,-0.1546429991722107,-0.02841191180050373,-0.12623108737170696
0.13798348233103752,-0.0334475040435791,False,family-00350,0.0,0.5,-0.5,maximum,sum_mod_10,2,0.24220171570777893,19.803203582763672,55,0.4231648314744234,maximum__sum_mod_10,0.14047589898109436,0.002492416650056839,0.13798348233103752
0.35679141618311405,0.379518985748291,False,family-00350,0.0,0.5,-0.5,maximum,sum_mod_10,3,0.36386117339134216,26.52462387084961,55,0.4231648314744234,maximum__sum_mod_10,0.35876747965812683,0.0019760634750127792,0.35679141618311405
0.27022827975451946,-0.14098572731018066,False,family-00350,1.0,0.5,0.5,minimum,sum_mod_10,0,0.3516753911972046,11.887208938598633,55,0.922950254753232,minimum__sum_mod_10,0.24584496021270752,-0.024383319541811943,0.27022827975451946
0.5687728393822908,0.6525306701660156,False,family-00350,1.0,0.5,0.5,minimum,sum_mod_10,1,0.5180585980415344,11.80536937713623,55,0.922950254753232,minimum__sum_mod_10,0.5403609275817871,-0.02841191180050373,0.5687728393822908
0.33639831468462944,-0.18479609489440918,False,family-00350,1.0,0.5,0.5,minimum,sum_mod_10,2,0.6598023176193237,12.993338584899902,55,0.922950254753232,minimum__sum_mod_10,0.3388907313346863,0.002492416650056839,0.33639831468462944
0.029493818059563637,0.774017333984375,False,family-00350,1.0,0.5,0.5,minimum,sum_mod_10,3,0.5101001262664795,23.60288429260254,55,0.922950254753232,minimum__sum_mod_10,0.031469881534576416,0.0019760634750127792,0.029493818059563637
0.16198277473449707,-0.5439212322235107,True,family-00351,1.0,0.5,0.5,maximum,minimum,0,0.4365614652633667,11.191898345947266,55,-0.13061583042144775,maximum__minimum,0.40729761123657227,0.5692803859710693,-0.16198277473449707
0.843488872051239,0.5895856022834778,True,family-00351,1.0,0.5,0.5,maximum,minimum,1,0.54763263463974,11.255682945251465,55,-0.13061583042144775,maximum__minimum,-0.22830599546432495,0.6151828765869141,-0.843488872051239
0.30764734745025635,0.6516858339309692,True,family-00351,1.0,0.5,0.5,maximum,minimum,2,0.38339149951934814,16.422565460205078,55,-0.13061583042144775,maximum__minimum,0.15078657865524292,0.45843392610549927,-0.30764734745025635
0.06689387559890747,-0.06937777996063232,True,family-00351,1.0,0.5,0.5,maximum,minimum,3,0.5045345425605774,18.464282989501953,55,-0.13061583042144775,maximum__minimum,0.0038706064224243164,0.07076448202133179,-0.06689387559890747
0.2809397876262665,-0.4745734930038452,False,family-00351,1.0,0.0,1.0,maximum,sum_mod_10,0,0.3718326687812805,12.23173713684082,55,0.20035970211029053,maximum__sum_mod_10,0.40729761123657227,0.1263578236103058,0.2809397876262665
0.24224871397018433,-0.7191777229309082,False,family-00351,1.0,0.0,1.0,maximum,sum_mod_10,1,0.4573914706707001,12.526750564575195,55,0.20035970211029053,maximum__sum_mod_10,-0.22830599546432495,0.013942718505859375,-0.24224871397018433
0.02484467625617981,0.5102531909942627,False,family-00351,1.0,0.0,1.0,maximum,sum_mod_10,2,0.48099005222320557,14.864654541015625,55,0.20035970211029053,maximum__sum_mod_10,0.15078657865524292,0.17563125491142273,-0.02484467625617981
0.12178173661231995,0.5504223108291626,False,family-00351,1.0,0.0,1.0,maximum,sum_mod_10,3,0.5836604833602905,18.184167861938477,55,0.20035970211029053,maximum__sum_mod_10,0.0038706064224243164,0.12565234303474426,-0.12178173661231995
0.44292256236076355,0.06934773921966553,False,family-00351,0.5,0.0,0.5,minimum,sum_mod_10,0,0.5782839059829712,10.206687927246094,55,0.3309755325317383,minimum__sum_mod_10,0.5692803859710693,0.1263578236103058,0.44292256236076355
0.6012401580810547,-1.308763325214386,False,family-00351,0.5,0.0,0.5,minimum,sum_mod_10,1,0.5453037023544312,11.230321884155273,55,0.3309755325317383,minimum__sum_mod_10,0.6151828765869141,0.013942718505859375,0.6012401580810547
0.28280267119407654,-0.14143264293670654,False,family-00351,0.5,0.0,0.5,minimum,sum_mod_10,2,0.5941376686096191,13.302630424499512,55,0.3309755325317383,minimum__sum_mod_10,0.45843392610549927,0.17563125491142273,0.28280267119407654
0.054887861013412476,0.6198000907897949,False,family-00351,0.5,0.0,0.5,minimum,sum_mod_10,3,0.7469968199729919,13.834979057312012,55,0.3309755325317383,minimum__sum_mod_10,0.07076448202133179,0.12565234303474426,-0.054887861013412476
0.09138312935829163,0.48102736473083496,True,family-00352,0.5,0.0,0.5,maximum,minimum,0,0.3505454361438751,11.213644027709961,55,0.24355095624923706,maximum__minimum,0.09728682041168213,0.18866994976997375,-0.09138312935829163
0.1858046054840088,-0.704150915145874,True,family-00352,0.5,0.0,0.5,maximum,minimum,1,0.49437710642814636,11.883169174194336,55,0.24355095624923706,maximum__minimum,-0.023523271083831787,-0.20932787656784058,0.1858046054840088
0.03611654043197632,-0.6449049115180969,True,family-00352,0.5,0.0,0.5,maximum,minimum,2,0.40256795287132263,16.949872970581055,55,0.24355095624923706,maximum__minimum,0.07193833589553833,0.03582179546356201,0.03611654043197632
0.13033846020698547,-0.06902921199798584,True,family-00352,0.5,0.0,0.5,maximum,minimum,3,0.3887239694595337,23.53018569946289,55,0.24355095624923706,maximum__minimum,0.47618013620376587,0.3458416759967804,0.13033846020698547
0.1308801881968975,0.2954874038696289,False,family-00352,0.5,1.0,-0.5,maximum,sum_mod_10,0,0.39321190118789673,10.85715389251709,55,0.8365446738898754,maximum__sum_mod_10,0.09728682041168213,-0.03359336778521538,0.1308801881968975
0.026517510414123535,-0.829985499382019,False,family-00352,0.5,1.0,-0.5,maximum,sum_mod_10,1,0.5672556161880493,10.679261207580566,55,0.8365446738898754,maximum__sum_mod_10,-0.023523271083831787,0.002994239330291748,-0.026517510414123535
0.08155618235468864,-0.5870197415351868,False,family-00352,0.5,1.0,-0.5,maximum,sum_mod_10,2,0.5796298384666443,13.778667449951172,55,0.8365446738898754,maximum__sum_mod_10,0.07193833589553833,-0.009617846459150314,0.08155618235468864
0.4571366775780916,0.7979353666305542,False,family-00352,0.5,1.0,-0.5,maximum,sum_mod_10,3,0.6510031223297119,18.198406219482422,55,0.8365446738898754,maximum__sum_mod_10,0.47618013620376587,0.019043458625674248,0.4571366775780916
0.22226331755518913,-0.18553996086120605,False,family-00352,0.0,1.0,-1.0,minimum,sum_mod_10,0,0.9389270544052124,3.547290325164795,55,0.5929937176406384,minimum__sum_mod_10,0.18866994976997375,-0.03359336778521538,0.22226331755518913
0.21232211589813232,-0.12583458423614502,False,family-00352,0.0,1.0,-1.0,minimum,sum_mod_10,1,0.9151113033294678,4.825863838195801,55,0.5929937176406384,minimum__sum_mod_10,-0.20932787656784058,0.002994239330291748,-0.21232211589813232
0.045439641922712326,0.057885169982910156,False,family-00352,0.0,1.0,-1.0,minimum,sum_mod_10,2,0.8472378849983215,8.249053001403809,55,0.5929937176406384,minimum__sum_mod_10,0.03582179546356201,-0.009617846459150314,0.045439641922712326
0.32679821737110615,0.86696457862854,False,family-00352,0.0,1.0,-1.0,minimum,sum_mod_10,3,0.7262954115867615,15.941861152648926,55,0.5929937176406384,minimum__sum_mod_10,0.3458416759967804,0.019043458625674248,0.32679821737110615
0.38440558314323425,0.9956525564193726,True,family-00353,0.0,1.0,-1.0,maximum,minimum,0,0.30188098549842834,10.444966316223145,55,0.5642415583133698,maximum__minimum,0.2806047797203064,-0.10380080342292786,0.38440558314323425
0.4171627461910248,0.46907520294189453,True,family-00353,0.0,1.0,-1.0,maximum,minimum,1,0.3265896439552307,10.717671394348145,55,0.5642415583133698,maximum__minimum,0.03089618682861328,-0.3862665593624115,0.4171627461910248
0.5713648796081543,0.1849461793899536,True,family-00353,0.0,1.0,-1.0,maximum,minimum,2,0.4655768573284149,13.90343189239502,55,0.5642415583133698,maximum__minimum,0.6248626708984375,0.0534977912902832,0.5713648796081543
0.5811184197664261,-0.4557778239250183,True,family-00353,0.0,1.0,-1.0,maximum,minimum,3,0.41838014125823975,19.287948608398438,55,0.5642415583133698,maximum__minimum,0.7248582243919373,0.14373980462551117,0.5811184197664261
0.26241592690348625,1.1248226165771484,False,family-00353,0.0,0.5,-0.5,maximum,sum_mod_10,0,0.37367260456085205,11.920190811157227,55,0.7998925484716892,maximum__sum_mod_10,0.2806047797203064,0.018188852816820145,0.26241592690348625
0.00459822453558445,1.2137365341186523,False,family-00353,0.0,0.5,-0.5,maximum,sum_mod_10,1,0.4302867650985718,11.794358253479004,55,0.7998925484716892,maximum__sum_mod_10,0.03089618682861328,0.02629796229302883,0.00459822453558445
0.5948935598134995,-0.23030149936676025,False,family-00353,0.0,0.5,-0.5,maximum,sum_mod_10,2,0.3544825613498688,16.5556583404541,55,0.7998925484716892,maximum__sum_mod_10,0.6248626708984375,0.02996911108493805,0.5948935598134995
0.7368806265294552,0.2620190978050232,False,family-00353,0.0,0.5,-0.5,maximum,sum_mod_10,3,0.4073512852191925,22.956159591674805,55,0.7998925484716892,maximum__sum_mod_10,0.7248582243919373,-0.012022402137517929,0.7368806265294552
0.121989656239748,0.12917006015777588,False,family-00353,1.0,0.5,0.5,minimum,sum_mod_10,0,0.3754938840866089,11.61461353302002,55,0.23565099015831947,minimum__sum_mod_10,-0.10380080342292786,0.018188852816820145,-0.121989656239748
0.41256452165544033,0.7446613311767578,False,family-00353,1.0,0.5,0.5,minimum,sum_mod_10,1,0.44303926825523376,11.468764305114746,55,0.23565099015831947,minimum__sum_mod_10,-0.3862665593624115,0.02629796229302883,-0.41256452165544033
0.023528680205345154,-0.41524767875671387,False,family-00353,1.0,0.5,0.5,minimum,sum_mod_10,2,0.5416609644889832,12.043880462646484,55,0.23565099015831947,minimum__sum_mod_10,0.0534977912902832,0.02996911108493805,0.023528680205345154
0.1557622067630291,0.7177969217300415,False,family-00353,1.0,0.5,0.5,minimum,sum_mod_10,3,0.6586962342262268,16.602073669433594,55,0.23565099015831947,minimum__sum_mod_10,0.14373980462551117,-0.012022402137517929,0.1557622067630291
0.38603341579437256,0.13615047931671143,True,family-00354,1.0,0.5,0.5,maximum,minimum,0,0.4302985668182373,10.279144287109375,55,-0.2609536647796631,maximum__minimum,0.4592322111129761,0.07319879531860352,0.38603341579437256
0.6748351156711578,0.06969541311264038,True,family-00354,1.0,0.5,0.5,maximum,minimum,1,0.3673951029777527,11.078902244567871,55,-0.2609536647796631,maximum__minimum,0.14943823218345642,0.8242733478546143,-0.6748351156711578
0.23770713806152344,0.06349658966064453,True,family-00354,1.0,0.5,0.5,maximum,minimum,2,0.152827650308609,15.926963806152344,55,-0.2609536647796631,maximum__minimum,0.39994728565216064,0.1622401475906372,0.23770713806152344
0.004001915454864502,-0.8861887454986572,True,family-00354,1.0,0.5,0.5,maximum,minimum,3,0.22998902201652527,21.889623641967773,55,-0.2609536647796631,maximum__minimum,0.08274215459823608,0.08674407005310059,-0.004001915454864502
0.4435182046145201,-0.3972656726837158,False,family-00354,1.0,0.0,1.0,maximum,sum_mod_10,0,0.3087702989578247,12.24728012084961,55,0.5956786312162876,maximum__sum_mod_10,0.4592322111129761,0.015714006498456,0.4435182046145201
0.1344401277601719,-1.3572896718978882,False,family-00354,1.0,0.0,1.0,maximum,sum_mod_10,1,0.47259408235549927,10.84532642364502,55,0.5956786312162876,maximum__sum_mod_10,0.14943823218345642,0.01499810442328453,0.1344401277601719
0.43226752057671547,0.39545679092407227,False,family-00354,1.0,0.0,1.0,maximum,sum_mod_10,2,0.3349783718585968,14.33084774017334,55,0.5956786312162876,maximum__sum_mod_10,0.39994728565216064,-0.032320234924554825,0.43226752057671547
0.05564686842262745,0.19427227973937988,False,family-00354,1.0,0.0,1.0,maximum,sum_mod_10,3,0.5146697759628296,18.750303268432617,55,0.5956786312162876,maximum__sum_mod_10,0.08274215459823608,0.027095286175608635,0.05564686842262745
0.057484788820147514,-0.5334161520004272,False,family-00354,0.5,0.0,0.5,minimum,sum_mod_10,0,0.28485673666000366,11.602616310119629,55,0.8566322959959507,minimum__sum_mod_10,0.07319879531860352,0.015714006498456,0.057484788820147514
0.8092752434313297,-1.4269850850105286,False,family-00354,0.5,0.0,0.5,minimum,sum_mod_10,1,0.36582642793655396,11.748167037963867,55,0.8566322959959507,minimum__sum_mod_10,0.8242733478546143,0.01499810442328453,0.8092752434313297
0.19456038251519203,0.33196020126342773,False,family-00354,0.5,0.0,0.5,minimum,sum_mod_10,2,0.5980997085571289,11.454291343688965,55,0.8566322959959507,minimum__sum_mod_10,0.1622401475906372,-0.032320234924554825,0.19456038251519203
0.05964878387749195,1.080461025238037,False,family-00354,0.5,0.0,0.5,minimum,sum_mod_10,3,0.6509286761283875,14.962043762207031,55,0.8566322959959507,minimum__sum_mod_10,0.08674407005310059,0.027095286175608635,0.05964878387749195
0.26772183179855347,0.552078127861023,True,family-00355,0.5,0.0,0.5,maximum,minimum,0,0.49126845598220825,9.272309303283691,55,0.28733891248703003,maximum__minimum,0.32164132595062256,0.05391949415206909,0.26772183179855347
0.6283533573150635,-0.47148633003234863,True,family-00355,0.5,0.0,0.5,maximum,minimum,1,0.5361957550048828,9.854203224182129,55,0.28733891248703003,maximum__minimum,-0.009170353412628174,0.6191830039024353,-0.6283533573150635
0.013907909393310547,-0.4757208824157715,True,family-00355,0.5,0.0,0.5,maximum,minimum,2,0.37204280495643616,14.192177772521973,55,0.28733891248703003,maximum__minimum,0.09835255146026611,0.08444464206695557,0.013907909393310547
0.21404242515563965,-0.7087457180023193,True,family-00355,0.5,0.0,0.5,maximum,minimum,3,0.2850494682788849,21.489540100097656,55,0.28733891248703003,maximum__minimum,0.39000165462493896,0.17595922946929932,0.21404242515563965
0.4004687964916229,-0.6794612407684326,False,family-00355,0.5,1.0,-0.5,maximum,sum_mod_10,0,0.39193016290664673,10.847661972045898,55,0.633822113275528,maximum__sum_mod_10,0.32164132595062256,-0.07882747054100037,0.4004687964916229
0.2138957381248474,-0.42924952507019043,False,family-00355,0.5,1.0,-0.5,maximum,sum_mod_10,1,0.522369384765625,11.358291625976562,55,0.633822113275528,maximum__sum_mod_10,-0.009170353412628174,0.20472538471221924,-0.2138957381248474
0.2602953612804413,0.11561751365661621,False,family-00355,0.5,1.0,-0.5,maximum,sum_mod_10,2,0.49300718307495117,14.027364730834961,55,0.633822113275528,maximum__sum_mod_10,0.09835255146026611,-0.16194280982017517,0.2602953612804413
0.7245804965496063,0.732227087020874,False,family-00355,0.5,1.0,-0.5,maximum,sum_mod_10,3,0.4626798927783966,22.62148094177246,55,0.633822113275528,maximum__sum_mod_10,0.39000165462493896,-0.33457884192466736,0.7245804965496063
0.13274696469306946,-1.2315393686294556,False,family-00355,0.0,1.0,-1.0,minimum,sum_mod_10,0,0.22636471688747406,12.313003540039062,55,0.3464832007884979,minimum__sum_mod_10,0.05391949415206909,-0.07882747054100037,0.13274696469306946
0.41445761919021606,0.0422368049621582,False,family-00355,0.0,1.0,-1.0,minimum,sum_mod_10,1,0.5129379034042358,11.377127647399902,55,0.3464832007884979,minimum__sum_mod_10,0.6191830039024353,0.20472538471221924,0.41445761919021606
0.24638745188713074,0.5913383960723877,False,family-00355,0.0,1.0,-1.0,minimum,sum_mod_10,2,0.6102252006530762,12.51692008972168,55,0.3464832007884979,minimum__sum_mod_10,0.08444464206695557,-0.16194280982017517,0.24638745188713074
0.5105380713939667,1.4409728050231934,False,family-00355,0.0,1.0,-1.0,minimum,sum_mod_10,3,0.5379562973976135,19.55364990234375,55,0.3464832007884979,minimum__sum_mod_10,0.17595922946929932,-0.33457884192466736,0.5105380713939667
0.2568514347076416,0.23568475246429443,True,family-00356,0.0,1.0,-1.0,maximum,minimum,0,0.4247068762779236,9.962995529174805,55,-0.083851158618927,maximum__minimum,0.32142531871795654,0.06457388401031494,0.2568514347076416
0.40636616945266724,0.17857575416564941,True,family-00356,0.0,1.0,-1.0,maximum,minimum,1,0.6060125827789307,9.639690399169922,55,-0.083851158618927,maximum__minimum,0.07653230428695679,0.482898473739624,-0.40636616945266724
0.1403694748878479,0.29440855979919434,True,family-00356,0.0,1.0,-1.0,maximum,minimum,2,0.15923871099948883,18.232494354248047,55,-0.083851158618927,maximum__minimum,0.3268156051635742,0.18644613027572632,0.1403694748878479
0.41016286611557007,-1.6810351610183716,True,family-00356,0.0,1.0,-1.0,maximum,minimum,3,0.22185155749320984,24.256107330322266,55,-0.083851158618927,maximum__minimum,0.4790564179420471,0.06889355182647705,0.41016286611557007
0.3371378667652607,-0.4412010908126831,False,family-00356,0.0,0.5,-0.5,maximum,sum_mod_10,0,0.4054315686225891,10.22539234161377,55,0.8535082265734673,maximum__sum_mod_10,0.32142531871795654,-0.015712548047304153,0.3371378667652607
0.07567722350358963,-0.32799971103668213,False,family-00356,0.0,0.5,-0.5,maximum,sum_mod_10,1,0.6665008068084717,9.113082885742188,55,0.8535082265734673,maximum__sum_mod_10,0.07653230428695679,0.000855080783367157,0.07567722350358963
0.36466049402952194,-0.17383074760437012,False,family-00356,0.0,0.5,-0.5,maximum,sum_mod_10,2,0.4083572328090668,15.309551239013672,55,0.8535082265734673,maximum__sum_mod_10,0.3268156051635742,-0.03784488886594772,0.36466049402952194
0.470731140114367,-0.5981413125991821,False,family-00356,0.0,0.5,-0.5,maximum,sum_mod_10,3,0.2553768455982208,26.129274368286133,55,0.8535082265734673,maximum__sum_mod_10,0.4790564179420471,0.008325277827680111,0.470731140114367
0.0802864320576191,-0.6768858432769775,False,family-00356,1.0,0.5,0.5,minimum,sum_mod_10,0,0.3651043474674225,9.486783027648926,55,0.9373593851923943,minimum__sum_mod_10,0.06457388401031494,-0.015712548047304153,0.0802864320576191
0.48204339295625687,-0.5065754652023315,False,family-00356,1.0,0.5,0.5,minimum,sum_mod_10,1,0.6610402464866638,8.315427780151367,55,0.9373593851923943,minimum__sum_mod_10,0.482898473739624,0.000855080783367157,0.48204339295625687
0.22429101914167404,-0.46823930740356445,False,family-00356,1.0,0.5,0.5,minimum,sum_mod_10,2,0.7199186682701111,9.88782024383545,55,0.9373593851923943,minimum__sum_mod_10,0.18644613027572632,-0.03784488886594772,0.22429101914167404
0.06056827399879694,1.0828938484191895,False,family-00356,1.0,0.5,0.5,minimum,sum_mod_10,3,0.6708200573921204,16.382923126220703,55,0.9373593851923943,minimum__sum_mod_10,0.06889355182647705,0.008325277827680111,0.06056827399879694
0.4585447907447815,0.3887096643447876,True,family-00357,1.0,0.5,0.5,maximum,minimum,0,0.28989702463150024,11.231181144714355,55,-0.12610942125320435,maximum__minimum,0.5174685716629028,0.05892378091812134,0.4585447907447815
0.5984205007553101,0.5251920223236084,True,family-00357,1.0,0.5,0.5,maximum,minimum,1,0.5369060039520264,10.570225715637207,55,-0.12610942125320435,maximum__minimum,-0.0070084333419799805,0.5914120674133301,-0.5984205007553101
0.3703332543373108,-0.8949429988861084,True,family-00357,1.0,0.5,0.5,maximum,minimum,2,0.1412380486726761,18.214139938354492,55,-0.12610942125320435,maximum__minimum,0.42361730337142944,0.05328404903411865,0.3703332543373108
0.6220260262489319,-0.8964827060699463,True,family-00357,1.0,0.5,0.5,maximum,minimum,3,0.3006911873817444,21.599729537963867,55,-0.12610942125320435,maximum__minimum,0.6752586960792542,0.053232669830322266,0.6220260262489319
0.4241781383752823,0.6120766401290894,False,family-00357,1.0,0.0,1.0,maximum,sum_mod_10,0,0.2752201557159424,11.342368125915527,55,0.5680046379566193,maximum__sum_mod_10,0.5174685716629028,0.09329043328762054,0.4241781383752823
0.05897890031337738,-0.9106510877609253,False,family-00357,1.0,0.0,1.0,maximum,sum_mod_10,1,0.4174729883670807,12.088757514953613,55,0.5680046379566193,maximum__sum_mod_10,-0.0070084333419799805,0.0519704669713974,-0.05897890031337738
0.4925839304924011,-1.2129569053649902,False,family-00357,1.0,0.0,1.0,maximum,sum_mod_10,2,0.4097362160682678,14.975857734680176,55,0.5680046379566193,maximum__sum_mod_10,0.42361730337142944,-0.06896662712097168,0.4925839304924011
0.6025039106607437,-0.33345186710357666,False,family-00357,1.0,0.0,1.0,maximum,sum_mod_10,3,0.23555780947208405,23.437206268310547,55,0.5680046379566193,maximum__sum_mod_10,0.6752586960792542,0.07275478541851044,0.6025039106607437
0.03436665236949921,0.22336697578430176,False,family-00357,0.5,0.0,0.5,minimum,sum_mod_10,0,0.2822372019290924,11.358826637268066,55,0.6941140592098236,minimum__sum_mod_10,0.05892378091812134,0.09329043328762054,-0.03436665236949921
0.5394416004419327,-1.4358431100845337,False,family-00357,0.5,0.0,0.5,minimum,sum_mod_10,1,0.4141852557659149,12.668025016784668,55,0.6941140592098236,minimum__sum_mod_10,0.5914120674133301,0.0519704669713974,0.5394416004419327
0.12225067615509033,-0.31801390647888184,False,family-00357,0.5,0.0,0.5,minimum,sum_mod_10,2,0.3354620635509491,15.991852760314941,55,0.6941140592098236,minimum__sum_mod_10,0.05328404903411865,-0.06896662712097168,0.12225067615509033
0.01952211558818817,0.5630308389663696,False,family-00357,0.5,0.0,0.5,minimum,sum_mod_10,3,0.35621774196624756,20.26740264892578,55,0.6941140592098236,minimum__sum_mod_10,0.053232669830322266,0.07275478541851044,-0.01952211558818817
0.12758943438529968,0.7373638153076172,True,family-00358,0.5,0.0,0.5,maximum,minimum,0,0.16149841248989105,12.575043678283691,55,-0.11577659100294113,maximum__minimum,-0.02653912454843521,0.10105030983686447,-0.12758943438529968
0.22746592015028,0.607635498046875,True,family-00358,0.5,0.0,0.5,maximum,minimum,1,0.3145482540130615,11.22544002532959,55,-0.11577659100294113,maximum__minimum,-0.09165506809949875,0.13581085205078125,-0.22746592015028
0.19991611689329147,0.20455753803253174,True,family-00358,0.5,0.0,0.5,maximum,minimum,2,0.4624733626842499,12.297863006591797,55,-0.11577659100294113,maximum__minimum,-0.05765210837125778,0.1422640085220337,-0.19991611689329147
0.1002490222454071,0.02986288070678711,True,family-00358,0.5,0.0,0.5,maximum,minimum,3,0.6064628958702087,14.30311107635498,55,-0.11577659100294113,maximum__minimum,0.009555906057357788,0.10980492830276489,-0.1002490222454071
0.027037888765335083,0.7549030780792236,False,family-00358,0.5,1.0,-0.5,maximum,sum_mod_10,0,0.3923705220222473,10.87706184387207,55,-0.021497413516044617,maximum__sum_mod_10,-0.02653912454843521,-0.053577013313770294,0.027037888765335083
0.047992028295993805,1.0165497064590454,False,family-00358,0.5,1.0,-0.5,maximum,sum_mod_10,1,0.43900567293167114,11.045758247375488,55,-0.021497413516044617,maximum__sum_mod_10,-0.09165506809949875,-0.13964709639549255,0.047992028295993805
0.09747522324323654,-0.9956504106521606,False,family-00358,0.5,1.0,-0.5,maximum,sum_mod_10,2,0.679393470287323,10.60301399230957,55,-0.021497413516044617,maximum__sum_mod_10,-0.05765210837125778,0.03982311487197876,-0.09747522324323654
0.05600139498710632,-0.05943143367767334,False,family-00358,0.5,1.0,-0.5,maximum,sum_mod_10,3,0.7764358520507812,12.692378997802734,55,-0.021497413516044617,maximum__sum_mod_10,0.009555906057357788,0.06555730104446411,-0.05600139498710632
0.15462732315063477,0.017539262771606445,False,family-00358,0.0,1.0,-1.0,minimum,sum_mod_10,0,0.15823441743850708,12.096662521362305,55,0.09427917748689651,minimum__sum_mod_10,0.10105030983686447,-0.053577013313770294,0.15462732315063477
0.2754579484462738,0.4089142084121704,False,family-00358,0.0,1.0,-1.0,minimum,sum_mod_10,1,0.22704395651817322,11.601712226867676,55,0.09427917748689651,minimum__sum_mod_10,0.13581085205078125,-0.13964709639549255,0.2754579484462738
0.10244089365005493,-1.2002079486846924,False,family-00358,0.0,1.0,-1.0,minimum,sum_mod_10,2,0.5233319997787476,11.196375846862793,55,0.09427917748689651,minimum__sum_mod_10,0.1422640085220337,0.03982311487197876,0.10244089365005493
0.04424762725830078,-0.08929431438446045,False,family-00358,0.0,1.0,-1.0,minimum,sum_mod_10,3,0.6415075659751892,15.127848625183105,55,0.09427917748689651,minimum__sum_mod_10,0.10980492830276489,0.06555730104446411,0.04424762725830078
0.16023662686347961,1.172613263130188,True,family-00359,0.0,1.0,-1.0,maximum,minimum,0,0.38804763555526733,10.362518310546875,55,-0.40074896812438965,maximum__minimum,0.0478796660900116,0.2081162929534912,-0.16023662686347961
0.07229697704315186,0.7431463003158569,True,family-00359,0.0,1.0,-1.0,maximum,minimum,1,0.6537873148918152,9.101195335388184,55,-0.40074896812438965,maximum__minimum,-0.03487950563430786,-0.10717648267745972,0.07229697704315186
0.39089012145996094,-0.18142306804656982,True,family-00359,0.0,1.0,-1.0,maximum,minimum,2,0.3611338138580322,16.861173629760742,55,-0.40074896812438965,maximum__minimum,0.33596932888031006,-0.05492079257965088,0.39089012145996094
0.07919204235076904,-0.412616491317749,True,family-00359,0.0,1.0,-1.0,maximum,minimum,3,0.529272198677063,19.031940460205078,55,-0.40074896812438965,maximum__minimum,0.1376609206199646,0.21685296297073364,-0.07919204235076904
0.051313058473169804,0.9701372385025024,False,family-00359,0.0,0.5,-0.5,maximum,sum_mod_10,0,0.4138108789920807,11.443918228149414,55,0.32991635147482157,maximum__sum_mod_10,0.0478796660900116,-0.003433392383158207,0.051313058473169804
0.023121663369238377,0.18902111053466797,False,family-00359,0.0,0.5,-0.5,maximum,sum_mod_10,1,0.6427885293960571,10.401440620422363,55,0.32991635147482157,maximum__sum_mod_10,-0.03487950563430786,-0.011757842265069485,-0.023121663369238377
0.3342926325276494,-0.678451657295227,False,family-00359,0.0,0.5,-0.5,maximum,sum_mod_10,2,0.6106175184249878,13.663100242614746,55,0.32991635147482157,maximum__sum_mod_10,0.33596932888031006,0.001676696352660656,0.3342926325276494
0.1539967879652977,0.972415566444397,False,family-00359,0.0,0.5,-0.5,maximum,sum_mod_10,3,0.6108936071395874,17.702106475830078,55,0.32991635147482157,maximum__sum_mod_10,0.1376609206199646,-0.0163358673453331,0.1539967879652977
0.21154968533664942,-0.20247602462768555,False,family-00359,1.0,0.5,0.5,minimum,sum_mod_10,0,0.48959094285964966,10.178993225097656,55,0.7306653195992112,minimum__sum_mod_10,0.2081162929534912,-0.003433392383158207,0.21154968533664942
0.09541864041239023,-0.554125189781189,False,family-00359,1.0,0.5,0.5,minimum,sum_mod_10,1,0.6811949014663696,9.320673942565918,55,0.7306653195992112,minimum__sum_mod_10,-0.10717648267745972,-0.011757842265069485,-0.09541864041239023
0.056597488932311535,-0.4970285892486572,False,family-00359,1.0,0.5,0.5,minimum,sum_mod_10,2,0.6355416178703308,11.547329902648926,55,0.7306653195992112,minimum__sum_mod_10,-0.05492079257965088,0.001676696352660656,-0.056597488932311535
0.23318883031606674,1.385032057762146,False,family-00359,1.0,0.5,0.5,minimum,sum_mod_10,3,0.7303520441055298,14.875495910644531,55,0.7306653195992112,minimum__sum_mod_10,0.21685296297073364,-0.0163358673453331,0.23318883031606674
0.8961626887321472,-0.5091462135314941,True,family-00360,1.0,0.5,0.5,maximum,minimum,0,0.47543710470199585,9.457381248474121,55,0.5987081527709961,maximum__minimum,0.4331016540527344,-0.46306103467941284,0.8961626887321472
0.1397542953491211,-0.29271233081817627,True,family-00360,1.0,0.5,0.5,maximum,minimum,1,0.5199605226516724,9.382749557495117,55,0.5987081527709961,maximum__minimum,0.007828593254089355,-0.13192570209503174,0.1397542953491211
0.19044557213783264,-0.2392827272415161,True,family-00360,1.0,0.5,0.5,maximum,minimum,2,0.3814275860786438,12.799826622009277,55,0.5987081527709961,maximum__minimum,0.0308455228805542,0.22129109501838684,-0.19044557213783264
0.24707075953483582,-1.5431904792785645,True,family-00360,1.0,0.5,0.5,maximum,minimum,3,0.15933629870414734,22.894868850708008,55,0.5987081527709961,maximum__minimum,0.32935357093811035,0.08228281140327454,0.24707075953483582
0.08626136183738708,0.2227795124053955,False,family-00360,1.0,0.0,1.0,maximum,sum_mod_10,0,0.28089913725852966,11.332107543945312,55,0.25200164318084717,maximum__sum_mod_10,0.4331016540527344,0.3468402922153473,0.08626136183738708
0.040236055850982666,-1.1363493204116821,False,family-00360,1.0,0.0,1.0,maximum,sum_mod_10,1,0.14156843721866608,13.146917343139648,55,0.25200164318084717,maximum__sum_mod_10,0.007828593254089355,0.04806464910507202,-0.040236055850982666
0.05493760108947754,-0.8238831758499146,False,family-00360,1.0,0.0,1.0,maximum,sum_mod_10,2,0.19879478216171265,14.585160255432129,55,0.25200164318084717,maximum__sum_mod_10,0.0308455228805542,0.08578312397003174,-0.05493760108947754
0.28699570894241333,-0.6370223760604858,False,family-00360,1.0,0.0,1.0,maximum,sum_mod_10,3,0.214149609208107,23.26408576965332,55,0.25200164318084717,maximum__sum_mod_10,0.32935357093811035,0.04235786199569702,0.28699570894241333
0.8099013268947601,0.7319257259368896,False,family-00360,0.5,0.0,0.5,minimum,sum_mod_10,0,0.0654306709766388,12.076050758361816,55,-0.3467065095901489,minimum__sum_mod_10,-0.46306103467941284,0.3468402922153473,-0.8099013268947601
0.17999035120010376,-0.8436369895935059,False,family-00360,0.5,0.0,0.5,minimum,sum_mod_10,1,-0.10732299089431763,14.154349327087402,55,-0.3467065095901489,minimum__sum_mod_10,-0.13192570209503174,0.04806464910507202,-0.17999035120010376
0.1355079710483551,-0.5846004486083984,False,family-00360,0.5,0.0,0.5,minimum,sum_mod_10,2,0.0838923454284668,14.58118724822998,55,-0.3467065095901489,minimum__sum_mod_10,0.22129109501838684,0.08578312397003174,0.1355079710483551
0.039924949407577515,0.9061681032180786,False,family-00360,0.5,0.0,0.5,minimum,sum_mod_10,3,0.12814493477344513,19.25996971130371,55,-0.3467065095901489,minimum__sum_mod_10,0.08228281140327454,0.04235786199569702,0.039924949407577515
0.6891083121299744,-0.650490403175354,True,family-00361,0.5,0.0,0.5,maximum,minimum,0,0.30735331773757935,12.27700424194336,55,0.6873782873153687,maximum__minimum,0.32931989431381226,-0.3597884178161621,0.6891083121299744
0.03712870180606842,-0.4447803497314453,True,family-00361,0.5,0.0,0.5,maximum,minimum,1,0.2930125296115875,12.583186149597168,55,0.6873782873153687,maximum__minimum,0.006430566310882568,0.04355926811695099,-0.03712870180606842
0.0012714862823486328,-0.14992296695709229,True,family-00361,0.5,0.0,0.5,maximum,minimum,2,0.20152978599071503,17.54461097717285,55,0.6873782873153687,maximum__minimum,0.018635034561157227,0.01990652084350586,-0.0012714862823486328
0.21559709310531616,0.12901818752288818,True,family-00361,0.5,0.0,0.5,maximum,minimum,3,0.213544562458992,23.27113151550293,55,0.6873782873153687,maximum__minimum,0.07985609769821167,-0.1357409954071045,0.21559709310531616
0.2772654891014099,-0.25072741508483887,False,family-00361,0.5,1.0,-0.5,maximum,sum_mod_10,0,0.5208517909049988,9.725878715515137,55,0.7749668955802917,maximum__sum_mod_10,0.32931989431381226,0.052054405212402344,0.2772654891014099
0.00697779655456543,-0.08961653709411621,False,family-00361,0.5,1.0,-0.5,maximum,sum_mod_10,1,0.5163513422012329,10.076946258544922,55,0.7749668955802917,maximum__sum_mod_10,0.006430566310882568,0.013408362865447998,-0.00697779655456543
0.054986655712127686,0.6777113080024719,False,family-00361,0.5,1.0,-0.5,maximum,sum_mod_10,2,0.4633360505104065,14.516995429992676,55,0.7749668955802917,maximum__sum_mod_10,0.018635034561157227,0.07362169027328491,-0.054986655712127686
0.10369330644607544,1.5345131754875183,False,family-00361,0.5,1.0,-0.5,maximum,sum_mod_10,3,0.4188753366470337,22.802518844604492,55,0.7749668955802917,maximum__sum_mod_10,0.07985609769821167,-0.02383720874786377,0.10369330644607544
0.41184282302856445,0.39976298809051514,False,family-00361,0.0,1.0,-1.0,minimum,sum_mod_10,0,0.40815648436546326,10.93580150604248,55,0.0875886082649231,minimum__sum_mod_10,-0.3597884178161621,0.052054405212402344,-0.41184282302856445
0.03015090525150299,0.3551638126373291,False,family-00361,0.0,1.0,-1.0,minimum,sum_mod_10,1,0.4737808406352997,10.39273452758789,55,0.0875886082649231,minimum__sum_mod_10,0.04355926811695099,0.013408362865447998,0.03015090525150299
0.05371516942977905,0.8276342749595642,False,family-00361,0.0,1.0,-1.0,minimum,sum_mod_10,2,0.6780588626861572,10.545817375183105,55,0.0875886082649231,minimum__sum_mod_10,0.01990652084350586,0.07362169027328491,-0.05371516942977905
0.11190378665924072,1.4054949879646301,False,family-00361,0.0,1.0,-1.0,minimum,sum_mod_10,3,0.6364380717277527,17.00435447692871,55,0.0875886082649231,minimum__sum_mod_10,-0.1357409954071045,-0.02383720874786377,-0.11190378665924072
0.06847742199897766,-0.46968889236450195,True,family-00362,0.0,1.0,-1.0,maximum,minimum,0,0.28634291887283325,10.943350791931152,55,0.7874273955821991,maximum__minimum,0.18092918395996094,0.11245176196098328,0.06847742199897766
0.11741314828395844,0.15538513660430908,True,family-00362,0.0,1.0,-1.0,maximum,minimum,1,0.3831494152545929,9.596264839172363,55,0.7874273955821991,maximum__minimum,0.011417388916015625,0.12883053719997406,-0.11741314828395844
0.4776188135147095,-0.3266143798828125,True,family-00362,0.0,1.0,-1.0,maximum,minimum,2,0.1261073797941208,15.686841011047363,55,0.7874273955821991,maximum__minimum,0.4499030113220215,-0.02771580219268799,0.4776188135147095
0.5217495560646057,-1.108821302652359,True,family-00362,0.0,1.0,-1.0,maximum,minimum,3,0.12453816831111908,22.26395606994629,55,0.7874273955821991,maximum__minimum,0.5069265365600586,-0.01482301950454712,0.5217495560646057
0.13777418434619904,-0.7168028354644775,False,family-00362,0.0,0.5,-0.5,maximum,sum_mod_10,0,0.47438061237335205,8.444262504577637,55,0.7690453976392746,maximum__sum_mod_10,0.18092918395996094,0.0431549996137619,0.13777418434619904
0.058247119188308716,0.13459253311157227,False,family-00362,0.0,0.5,-0.5,maximum,sum_mod_10,1,0.5627924203872681,7.90933895111084,55,0.7690453976392746,maximum__sum_mod_10,0.011417388916015625,0.06966450810432434,-0.058247119188308716
0.42193703353405,-0.8825960159301758,False,family-00362,0.0,0.5,-0.5,maximum,sum_mod_10,2,0.2509307265281677,14.267582893371582,55,0.7690453976392746,maximum__sum_mod_10,0.4499030113220215,0.027965977787971497,0.42193703353405
0.6692397147417068,-0.20184889435768127,False,family-00362,0.0,0.5,-0.5,maximum,sum_mod_10,3,0.2849540710449219,25.078388214111328,55,0.7690453976392746,maximum__sum_mod_10,0.5069265365600586,-0.16231317818164825,0.6692397147417068
0.06929676234722137,-0.24711394309997559,False,family-00362,1.0,0.5,0.5,minimum,sum_mod_10,0,0.5201241970062256,9.259217262268066,55,-0.0183819979429245,minimum__sum_mod_10,0.11245176196098328,0.0431549996137619,0.06929676234722137
0.05916602909564972,-0.020792603492736816,False,family-00362,1.0,0.5,0.5,minimum,sum_mod_10,1,0.4986090064048767,9.261831283569336,55,-0.0183819979429245,minimum__sum_mod_10,0.12883053719997406,0.06966450810432434,0.05916602909564972
0.055681779980659485,-0.5559816360473633,False,family-00362,1.0,0.5,0.5,minimum,sum_mod_10,2,0.572966456413269,10.984270095825195,55,-0.0183819979429245,minimum__sum_mod_10,-0.02771580219268799,0.027965977787971497,-0.055681779980659485
0.14749015867710114,0.9069724082946777,False,family-00362,1.0,0.5,0.5,minimum,sum_mod_10,3,0.5877227187156677,18.971614837646484,55,-0.0183819979429245,minimum__sum_mod_10,-0.01482301950454712,-0.16231317818164825,0.14749015867710114
0.15121382474899292,-0.05156564712524414,True,family-00363,1.0,0.5,0.5,maximum,minimum,0,0.48177674412727356,9.665122985839844,55,-0.016725480556488037,maximum__minimum,0.08574682474136353,0.23696064949035645,-0.15121382474899292
0.7587272524833679,0.15536648035049438,True,family-00363,1.0,0.5,0.5,maximum,minimum,1,0.4437244236469269,11.038524627685547,55,-0.016725480556488037,maximum__minimum,-0.02140629291534424,0.7373209595680237,-0.7587272524833679
0.09063208103179932,-0.4497441053390503,True,family-00363,1.0,0.5,0.5,maximum,minimum,2,0.18451954424381256,18.03497314453125,55,-0.016725480556488037,maximum__minimum,-0.0017990469932556152,0.0888330340385437,-0.09063208103179932
0.5857149958610535,-0.9575520753860474,True,family-00363,1.0,0.5,0.5,maximum,minimum,3,0.3146918714046478,21.86550521850586,55,-0.016725480556488037,maximum__minimum,0.6824589371681213,0.09674394130706787,0.5857149958610535
0.12872855365276337,0.06733989715576172,False,family-00363,1.0,0.0,1.0,maximum,sum_mod_10,0,0.3571126163005829,11.96960163116455,55,0.707528367638588,maximum__sum_mod_10,0.08574682474136353,-0.04298172891139984,0.12872855365276337
0.1248522624373436,-1.1076438426971436,False,family-00363,1.0,0.0,1.0,maximum,sum_mod_10,1,0.5277038216590881,10.8488187789917,55,0.707528367638588,maximum__sum_mod_10,-0.02140629291534424,0.10344596952199936,-0.1248522624373436
0.0429978221654892,-0.625475287437439,False,family-00363,1.0,0.0,1.0,maximum,sum_mod_10,2,0.5813485383987427,12.539072036743164,55,0.707528367638588,maximum__sum_mod_10,-0.0017990469932556152,-0.04479686915874481,0.0429978221654892
0.8217913955450058,0.1718410849571228,False,family-00363,1.0,0.0,1.0,maximum,sum_mod_10,3,0.4065937399864197,21.62984848022461,55,0.707528367638588,maximum__sum_mod_10,0.6824589371681213,-0.13933245837688446,0.8217913955450058
0.2799423784017563,0.11890554428100586,False,family-00363,0.5,0.0,0.5,minimum,sum_mod_10,0,0.3209008276462555,12.136245727539062,55,0.724253848195076,minimum__sum_mod_10,0.23696064949035645,-0.04298172891139984,0.2799423784017563
0.6338749900460243,-1.263010323047638,False,family-00363,0.5,0.0,0.5,minimum,sum_mod_10,1,0.2723085284233093,13.713879585266113,55,0.724253848195076,minimum__sum_mod_10,0.7373209595680237,0.10344596952199936,0.6338749900460243
0.1336299031972885,-0.17573118209838867,False,family-00363,0.5,0.0,0.5,minimum,sum_mod_10,2,0.38517069816589355,16.4752197265625,55,0.724253848195076,minimum__sum_mod_10,0.0888330340385437,-0.04479686915874481,0.1336299031972885
0.23607639968395233,1.1293931603431702,False,family-00363,0.5,0.0,0.5,minimum,sum_mod_10,3,0.5550934076309204,18.404380798339844,55,0.724253848195076,minimum__sum_mod_10,0.09674394130706787,-0.13933245837688446,0.23607639968395233
0.0837293267250061,0.43886876106262207,True,family-00364,0.5,0.0,0.5,maximum,minimum,0,0.4050164222717285,11.390914916992188,55,-0.17457598447799683,maximum__minimum,0.06063467264175415,0.14436399936676025,-0.0837293267250061
0.10743498802185059,-0.2817697525024414,True,family-00364,0.5,0.0,0.5,maximum,minimum,1,0.5120834112167358,12.186436653137207,55,-0.17457598447799683,maximum__minimum,0.2351096272468567,0.1276746392250061,0.10743498802185059
0.09438717365264893,-0.5216026306152344,True,family-00364,0.5,0.0,0.5,maximum,minimum,2,0.24193578958511353,19.064931869506836,55,-0.17457598447799683,maximum__minimum,0.15026164054870605,0.05587446689605713,0.09438717365264893
0.15992134809494019,-1.5881204307079315,True,family-00364,0.5,0.0,0.5,maximum,minimum,3,0.15940698981285095,24.535261154174805,55,-0.17457598447799683,maximum__minimum,0.18814754486083984,0.028226196765899658,0.15992134809494019
0.011446148157119751,0.9128695726394653,False,family-00364,0.5,1.0,-0.5,maximum,sum_mod_10,0,0.40154457092285156,11.328251838684082,55,0.6299760639667511,maximum__sum_mod_10,0.06063467264175415,0.0491885244846344,0.011446148157119751
0.17964179068803787,-0.5431835651397705,False,family-00364,0.5,1.0,-0.5,maximum,sum_mod_10,1,0.5034103393554688,11.15971851348877,55,0.6299760639667511,maximum__sum_mod_10,0.2351096272468567,0.05546783655881882,0.17964179068803787
0.2437635362148285,-0.656997799873352,False,family-00364,0.5,1.0,-0.5,maximum,sum_mod_10,2,0.5789739489555359,12.688741683959961,55,0.6299760639667511,maximum__sum_mod_10,0.15026164054870605,-0.09350189566612244,0.2437635362148285
0.2560940980911255,-0.6261508166790009,False,family-00364,0.5,1.0,-0.5,maximum,sum_mod_10,3,0.6985796689987183,15.277750968933105,55,0.6299760639667511,maximum__sum_mod_10,0.18814754486083984,-0.06794655323028564,0.2560940980911255
0.09517547488212585,0.47400081157684326,False,family-00364,0.0,1.0,-1.0,minimum,sum_mod_10,0,0.17595380544662476,12.351346969604492,55,0.8045520484447479,minimum__sum_mod_10,0.14436399936676025,0.0491885244846344,0.09517547488212585
0.07220680266618729,-0.2614138126373291,False,family-00364,0.0,1.0,-1.0,minimum,sum_mod_10,1,0.5085268020629883,12.501429557800293,55,0.8045520484447479,minimum__sum_mod_10,0.1276746392250061,0.05546783655881882,0.07220680266618729
0.14937636256217957,-0.13539516925811768,False,family-00364,0.0,1.0,-1.0,minimum,sum_mod_10,2,0.49787113070487976,15.50776481628418,55,0.8045520484447479,minimum__sum_mod_10,0.05587446689605713,-0.09350189566612244,0.14937636256217957
0.0961727499961853,0.9619696140289307,False,family-00364,0.0,1.0,-1.0,minimum,sum_mod_10,3,0.45058125257492065,21.690935134887695,55,0.8045520484447479,minimum__sum_mod_10,0.028226196765899658,-0.06794655323028564,0.0961727499961853
0.07189655303955078,-0.22688651084899902,True,family-00365,0.0,1.0,-1.0,maximum,minimum,0,0.4598110616207123,10.111495971679688,55,0.19069355726242065,maximum__minimum,0.06666332483291626,-0.0052332282066345215,0.07189655303955078
0.11917054653167725,0.6687027215957642,True,family-00365,0.0,1.0,-1.0,maximum,minimum,1,0.5257226228713989,9.690343856811523,55,0.19069355726242065,maximum__minimum,0.029473185539245605,-0.08969736099243164,0.11917054653167725
0.214857816696167,-0.0041762590408325195,True,family-00365,0.0,1.0,-1.0,maximum,minimum,2,0.14958825707435608,19.842632293701172,55,0.19069355726242065,maximum__minimum,0.15503865480422974,-0.059819161891937256,0.214857816696167
0.008869856595993042,-1.225003033876419,True,family-00365,0.0,1.0,-1.0,maximum,minimum,3,0.16032138466835022,26.6317081451416,55,0.19069355726242065,maximum__minimum,0.3073927164077759,0.3162625730037689,-0.008869856595993042
0.10216627269983292,-0.8158760070800781,False,family-00365,0.0,0.5,-0.5,maximum,sum_mod_10,0,0.38771694898605347,12.164974212646484,55,0.9230765160173178,maximum__sum_mod_10,0.06666332483291626,-0.035502947866916656,0.10216627269983292
0.031781298108398914,-0.9942562580108643,False,family-00365,0.0,0.5,-0.5,maximum,sum_mod_10,1,0.4556921720504761,11.767311096191406,55,0.9230765160173178,maximum__sum_mod_10,0.029473185539245605,-0.002308112569153309,0.031781298108398914
0.17005598545074463,-0.2940000295639038,False,family-00365,0.0,0.5,-0.5,maximum,sum_mod_10,2,0.4291456937789917,15.147893905639648,55,0.9230765160173178,maximum__sum_mod_10,0.15503865480422974,-0.015017330646514893,0.17005598545074463
0.30704956129193306,-0.24107185006141663,False,family-00365,0.0,0.5,-0.5,maximum,sum_mod_10,3,0.5191953778266907,20.332622528076172,55,0.9230765160173178,maximum__sum_mod_10,0.3073927164077759,0.0003431551158428192,0.30704956129193306
0.030269719660282135,-0.5889894962310791,False,family-00365,1.0,0.5,0.5,minimum,sum_mod_10,0,0.3253275454044342,12.216127395629883,55,0.7323829587548971,minimum__sum_mod_10,-0.0052332282066345215,-0.035502947866916656,0.030269719660282135
0.08738924842327833,-1.6629589796066284,False,family-00365,1.0,0.5,0.5,minimum,sum_mod_10,1,0.46938684582710266,11.76865291595459,55,0.7323829587548971,minimum__sum_mod_10,-0.08969736099243164,-0.002308112569153309,-0.08738924842327833
0.04480183124542236,-0.2898237705230713,False,family-00365,1.0,0.5,0.5,minimum,sum_mod_10,2,0.5301202535629272,15.031144142150879,55,0.7323829587548971,minimum__sum_mod_10,-0.059819161891937256,-0.015017330646514893,-0.04480183124542236
0.3159194178879261,0.9839311838150024,False,family-00365,1.0,0.5,0.5,minimum,sum_mod_10,3,0.5149285197257996,21.608325958251953,55,0.7323829587548971,minimum__sum_mod_10,0.3162625730037689,0.0003431551158428192,0.3159194178879261
0.007754862308502197,-0.7203295230865479,True,family-00366,1.0,0.5,0.5,maximum,minimum,0,0.4836689233779907,8.804864883422852,55,-0.1336844563484192,maximum__minimum,0.17208337783813477,0.16432851552963257,0.007754862308502197
0.678266704082489,0.39011359214782715,True,family-00366,1.0,0.5,0.5,maximum,minimum,1,0.41987836360931396,11.534276962280273,55,-0.1336844563484192,maximum__minimum,0.053692519664764404,0.7319592237472534,-0.678266704082489
0.38576778769493103,-0.35535120964050293,True,family-00366,1.0,0.5,0.5,maximum,minimum,2,0.3559921383857727,16.509206771850586,55,-0.1336844563484192,maximum__minimum,0.4338553249835968,0.04808753728866577,0.38576778769493103
0.24597638845443726,-0.37923264503479004,True,family-00366,1.0,0.5,0.5,maximum,minimum,3,0.34140992164611816,20.990509033203125,55,-0.1336844563484192,maximum__minimum,0.28342205286026,0.037445664405822754,0.24597638845443726
0.15937526896595955,-0.29807090759277344,False,family-00366,1.0,0.0,1.0,maximum,sum_mod_10,0,0.3126235008239746,11.900825500488281,55,0.7277267351746559,maximum__sum_mod_10,0.17208337783813477,0.012708108872175217,0.15937526896595955
0.05052228271961212,-0.5307571887969971,False,family-00366,1.0,0.0,1.0,maximum,sum_mod_10,1,0.5741600394248962,11.755962371826172,55,0.7277267351746559,maximum__sum_mod_10,0.053692519664764404,0.0031702369451522827,0.05052228271961212
0.5660214722156525,-0.8051538467407227,False,family-00366,1.0,0.0,1.0,maximum,sum_mod_10,2,0.6863857507705688,12.746573448181152,55,0.7277267351746559,maximum__sum_mod_10,0.4338553249835968,-0.13216614723205566,0.5660214722156525
0.2898510843515396,0.18345284461975098,False,family-00366,1.0,0.0,1.0,maximum,sum_mod_10,3,0.7688345909118652,14.182778358459473,55,0.7277267351746559,maximum__sum_mod_10,0.28342205286026,-0.006429031491279602,0.2898510843515396
0.15162040665745735,0.4222586154937744,False,family-00366,0.5,0.0,0.5,minimum,sum_mod_10,0,0.4606415629386902,10.829919815063477,55,0.8614111915230751,minimum__sum_mod_10,0.16432851552963257,0.012708108872175217,0.15162040665745735
0.7287889868021011,-0.9208707809448242,False,family-00366,0.5,0.0,0.5,minimum,sum_mod_10,1,0.4220975935459137,13.906911849975586,55,0.8614111915230751,minimum__sum_mod_10,0.7319592237472534,0.0031702369451522827,0.7287889868021011
0.18025368452072144,-0.4498026371002197,False,family-00366,0.5,0.0,0.5,minimum,sum_mod_10,2,0.5226365923881531,16.122180938720703,55,0.8614111915230751,minimum__sum_mod_10,0.04808753728866577,-0.13216614723205566,0.18025368452072144
0.043874695897102356,0.562685489654541,False,family-00366,0.5,0.0,0.5,minimum,sum_mod_10,3,0.642596423625946,17.41266441345215,55,0.8614111915230751,minimum__sum_mod_10,0.037445664405822754,-0.006429031491279602,0.043874695897102356
0.026198506355285645,0.07874798774719238,True,family-00367,0.5,0.0,0.5,maximum,minimum,0,0.30569157004356384,11.847640037536621,55,-0.19636791944503784,maximum__minimum,0.15336138010025024,0.1271628737449646,0.026198506355285645
0.27696502208709717,1.0505138039588928,True,family-00367,0.5,0.0,0.5,maximum,minimum,1,0.3739253878593445,13.409624099731445,55,-0.19636791944503784,maximum__minimum,-0.020051896572113037,0.25691312551498413,-0.27696502208709717
0.39584797620773315,-0.36812639236450195,True,family-00367,0.5,0.0,0.5,maximum,minimum,2,0.044054292142391205,20.723146438598633,55,-0.19636791944503784,maximum__minimum,0.4224454164505005,0.026597440242767334,0.39584797620773315
0.08933085203170776,-0.3301743268966675,True,family-00367,0.5,0.0,0.5,maximum,minimum,3,0.28751060366630554,22.15935516357422,55,-0.19636791944503784,maximum__minimum,-0.0386921763420105,0.050638675689697266,-0.08933085203170776
0.1327989250421524,0.5324863195419312,False,family-00367,0.5,1.0,-0.5,maximum,sum_mod_10,0,0.4263143837451935,9.779799461364746,55,0.49418869614601135,maximum__sum_mod_10,0.15336138010025024,0.02056245505809784,0.1327989250421524
0.1823117434978485,0.30725526809692383,False,family-00367,0.5,1.0,-0.5,maximum,sum_mod_10,1,0.587376594543457,9.509130477905273,55,0.49418869614601135,maximum__sum_mod_10,-0.020051896572113037,0.16225984692573547,-0.1823117434978485
0.5095887184143066,-0.656724214553833,False,family-00367,0.5,1.0,-0.5,maximum,sum_mod_10,2,0.5832065343856812,12.153069496154785,55,0.49418869614601135,maximum__sum_mod_10,0.4224454164505005,-0.08714330196380615,0.5095887184143066
0.0420379638671875,0.06978487968444824,False,family-00367,0.5,1.0,-0.5,maximum,sum_mod_10,3,0.6794646978378296,15.197237968444824,55,0.49418869614601135,maximum__sum_mod_10,-0.0386921763420105,-0.080730140209198,0.0420379638671875
0.10660041868686676,0.45373833179473877,False,family-00367,0.0,1.0,-1.0,minimum,sum_mod_10,0,0.4615918695926666,10.80932331085205,55,0.6905566155910492,minimum__sum_mod_10,0.1271628737449646,0.02056245505809784,0.10660041868686676
0.09465327858924866,-0.743258535861969,False,family-00367,0.0,1.0,-1.0,minimum,sum_mod_10,1,0.5868023037910461,11.640711784362793,55,0.6905566155910492,minimum__sum_mod_10,0.25691312551498413,0.16225984692573547,0.09465327858924866
0.11374074220657349,-0.28859782218933105,False,family-00367,0.0,1.0,-1.0,minimum,sum_mod_10,2,0.5648567080497742,14.40779972076416,55,0.6905566155910492,minimum__sum_mod_10,0.026597440242767334,-0.08714330196380615,0.11374074220657349
0.13136881589889526,0.3999592065811157,False,family-00367,0.0,1.0,-1.0,minimum,sum_mod_10,3,0.6203234791755676,17.76508140563965,55,0.6905566155910492,minimum__sum_mod_10,0.050638675689697266,-0.080730140209198,0.13136881589889526
0.1477075219154358,1.011123776435852,True,family-00368,0.0,1.0,-1.0,maximum,minimum,0,0.27855539321899414,11.024781227111816,55,-0.27793389558792114,maximum__minimum,-0.011081159114837646,0.13662636280059814,-0.1477075219154358
0.5096344649791718,1.2521306276321411,True,family-00368,0.0,1.0,-1.0,maximum,minimum,1,0.38557636737823486,10.405641555786133,55,-0.27793389558792114,maximum__minimum,-0.22340136766433716,0.2862330973148346,-0.5096344649791718
0.28739169239997864,-0.19674432277679443,True,family-00368,0.0,1.0,-1.0,maximum,minimum,2,0.43790578842163086,15.020796775817871,55,-0.27793389558792114,maximum__minimum,0.23175325989723206,0.5191449522972107,-0.28739169239997864
0.1732565462589264,-0.003140568733215332,True,family-00368,0.0,1.0,-1.0,maximum,minimum,3,0.6082925796508789,15.337145805358887,55,-0.27793389558792114,maximum__minimum,0.09470129013061523,0.2679578363895416,-0.1732565462589264
0.09517806768417358,0.9090884923934937,False,family-00368,0.0,0.5,-0.5,maximum,sum_mod_10,0,0.3708045482635498,12.657181739807129,55,0.13642257452011108,maximum__sum_mod_10,-0.011081159114837646,0.08409690856933594,-0.09517806768417358
0.3484860509634018,1.6624078750610352,False,family-00368,0.0,0.5,-0.5,maximum,sum_mod_10,1,0.48251602053642273,12.219548225402832,55,0.13642257452011108,maximum__sum_mod_10,-0.22340136766433716,0.12508468329906464,-0.3484860509634018
0.15206056833267212,-0.7706964015960693,False,family-00368,0.0,0.5,-0.5,maximum,sum_mod_10,2,0.5318284034729004,15.279844284057617,55,0.13642257452011108,maximum__sum_mod_10,0.23175325989723206,0.07969269156455994,0.15206056833267212
0.036774054169654846,0.568718671798706,False,family-00368,0.0,0.5,-0.5,maximum,sum_mod_10,3,0.4711966812610626,22.985836029052734,55,0.13642257452011108,maximum__sum_mod_10,0.09470129013061523,0.13147534430027008,-0.036774054169654846
0.05252945423126221,-0.1020352840423584,False,family-00368,1.0,0.5,0.5,minimum,sum_mod_10,0,0.42117151618003845,11.165246963500977,55,0.4143564701080322,minimum__sum_mod_10,0.13662636280059814,0.08409690856933594,0.05252945423126221
0.16114841401576996,0.41027724742889404,False,family-00368,1.0,0.5,0.5,minimum,sum_mod_10,1,0.5757896304130554,10.816937446594238,55,0.4143564701080322,minimum__sum_mod_10,0.2862330973148346,0.12508468329906464,0.16114841401576996
0.43945226073265076,-0.5739520788192749,False,family-00368,1.0,0.5,0.5,minimum,sum_mod_10,2,0.6863261461257935,10.977147102355957,55,0.4143564701080322,minimum__sum_mod_10,0.5191449522972107,0.07969269156455994,0.43945226073265076
0.13648249208927155,0.5718592405319214,False,family-00368,1.0,0.5,0.5,minimum,sum_mod_10,3,0.5264611840248108,21.064355850219727,55,0.4143564701080322,minimum__sum_mod_10,0.2679578363895416,0.13147534430027008,0.13648249208927155
0.28643283247947693,-0.08627331256866455,True,family-00369,1.0,0.5,0.5,maximum,minimum,0,0.4711284041404724,10.913249015808105,55,0.2241562008857727,maximum__minimum,0.18462547659873962,-0.1018073558807373,0.28643283247947693
0.10337379574775696,-0.379367470741272,True,family-00369,1.0,0.5,0.5,maximum,minimum,1,0.5793540477752686,10.96330738067627,55,0.2241562008857727,maximum__minimum,-0.15771406888961792,-0.05434027314186096,-0.10337379574775696
0.12104344367980957,-0.7399362325668335,True,family-00369,1.0,0.5,0.5,maximum,minimum,2,0.5050122737884521,14.09607982635498,55,0.2241562008857727,maximum__minimum,0.16182160377502441,0.282865047454834,-0.12104344367980957
0.006248295307159424,-0.9193796515464783,True,family-00369,1.0,0.5,0.5,maximum,minimum,3,0.6508029103279114,15.284701347351074,55,0.2241562008857727,maximum__minimum,0.17707091569900513,0.18331921100616455,-0.006248295307159424
0.2086602859199047,-0.06491756439208984,False,family-00369,1.0,0.0,1.0,maximum,sum_mod_10,0,0.41557466983795166,11.289667129516602,55,0.6184306992217898,maximum__sum_mod_10,0.18462547659873962,-0.024034809321165085,0.2086602859199047
0.1566889388486743,-1.3520992994308472,False,family-00369,1.0,0.0,1.0,maximum,sum_mod_10,1,0.48910629749298096,11.772811889648438,55,0.6184306992217898,maximum__sum_mod_10,-0.15771406888961792,-0.0010251300409436226,-0.1566889388486743
0.16452085133641958,-0.9565988779067993,False,family-00369,1.0,0.0,1.0,maximum,sum_mod_10,2,0.5716762542724609,13.18449878692627,55,0.6184306992217898,maximum__sum_mod_10,0.16182160377502441,-0.0026992475613951683,0.16452085133641958
0.18059807177633047,0.058690667152404785,False,family-00369,1.0,0.0,1.0,maximum,sum_mod_10,3,0.6329357028007507,15.863340377807617,55,0.6184306992217898,maximum__sum_mod_10,0.17707091569900513,-0.003527156077325344,0.18059807177633047
0.07777254655957222,0.021355748176574707,False,family-00369,0.5,0.0,0.5,minimum,sum_mod_10,0,0.5256751775741577,10.045114517211914,55,0.39427449833601713,minimum__sum_mod_10,-0.1018073558807373,-0.024034809321165085,-0.07777254655957222
0.05331514310091734,-0.9727318286895752,False,family-00369,0.5,0.0,0.5,minimum,sum_mod_10,1,0.5743623971939087,11.026101112365723,55,0.39427449833601713,minimum__sum_mod_10,-0.05434027314186096,-0.0010251300409436226,-0.05331514310091734
0.28556429501622915,-0.21666264533996582,False,family-00369,0.5,0.0,0.5,minimum,sum_mod_10,2,0.5939413905143738,12.590675354003906,55,0.39427449833601713,minimum__sum_mod_10,0.282865047454834,-0.0026992475613951683,0.28556429501622915
0.1868463670834899,0.9780703186988831,False,family-00369,0.5,0.0,0.5,minimum,sum_mod_10,3,0.726699709892273,13.831219673156738,55,0.39427449833601713,minimum__sum_mod_10,0.18331921100616455,-0.003527156077325344,0.1868463670834899
0.14191299676895142,1.1195281744003296,True,family-00370,0.5,0.0,0.5,maximum,minimum,0,0.27362385392189026,11.314550399780273,55,-0.5814163982868195,maximum__minimum,0.2282833456993103,0.08637034893035889,0.14191299676895142
0.2215728461742401,0.512506365776062,True,family-00370,0.5,0.0,0.5,maximum,minimum,1,0.43505388498306274,12.243171691894531,55,-0.5814163982868195,maximum__minimum,0.20931777358055115,0.43089061975479126,-0.2215728461742401
0.14528951048851013,-0.4994453191757202,True,family-00370,0.5,0.0,0.5,maximum,minimum,2,0.38406264781951904,14.944954872131348,55,-0.5814163982868195,maximum__minimum,0.21185991168022156,0.06657040119171143,0.14528951048851013
0.10638034343719482,-2.3170140385627747,True,family-00370,0.5,0.0,0.5,maximum,minimum,3,0.36610114574432373,19.43583869934082,55,-0.5814163982868195,maximum__minimum,0.18100309371948242,0.0746227502822876,0.10638034343719482
0.25676786713302135,0.736736536026001,False,family-00370,0.5,1.0,-0.5,maximum,sum_mod_10,0,0.3350681662559509,12.061946868896484,55,0.26285253651440144,maximum__sum_mod_10,0.2282833456993103,-0.028484521433711052,0.25676786713302135
0.2321054134517908,1.362997591495514,False,family-00370,0.5,1.0,-0.5,maximum,sum_mod_10,1,0.516352653503418,12.199935913085938,55,0.26285253651440144,maximum__sum_mod_10,0.20931777358055115,-0.022787639871239662,0.2321054134517908
0.21322385407984257,-0.004779934883117676,False,family-00370,0.5,1.0,-0.5,maximum,sum_mod_10,2,0.5113911628723145,13.977688789367676,55,0.26285253651440144,maximum__sum_mod_10,0.21185991168022156,-0.0013639423996210098,0.21322385407984257
0.17558742500841618,-0.29688626527786255,False,family-00370,0.5,1.0,-0.5,maximum,sum_mod_10,3,0.6112264394760132,18.277667999267578,55,0.26285253651440144,maximum__sum_mod_10,0.18100309371948242,0.005415668711066246,0.17558742500841618
0.11485487036406994,-0.3827916383743286,False,family-00370,0.0,1.0,-1.0,minimum,sum_mod_10,0,0.5537917613983154,9.611979484558105,55,0.8442689348012209,minimum__sum_mod_10,0.08637034893035889,-0.028484521433711052,0.11485487036406994
0.4536782596260309,0.8504912257194519,False,family-00370,0.0,1.0,-1.0,minimum,sum_mod_10,1,0.7416419982910156,9.414534568786621,55,0.8442689348012209,minimum__sum_mod_10,0.43089061975479126,-0.022787639871239662,0.4536782596260309
0.06793434359133244,0.49466538429260254,False,family-00370,0.0,1.0,-1.0,minimum,sum_mod_10,2,0.7852018475532532,9.834161758422852,55,0.8442689348012209,minimum__sum_mod_10,0.06657040119171143,-0.0013639423996210098,0.06793434359133244
0.06920708157122135,2.020127773284912,False,family-00370,0.0,1.0,-1.0,minimum,sum_mod_10,3,0.7443743944168091,15.410006523132324,55,0.8442689348012209,minimum__sum_mod_10,0.0746227502822876,0.005415668711066246,0.06920708157122135
0.08983820676803589,-0.03686356544494629,True,family-00371,0.0,1.0,-1.0,maximum,minimum,0,0.4378960132598877,10.693087577819824,55,-0.019927263259887695,maximum__minimum,0.32788604497909546,0.23804783821105957,0.08983820676803589
0.4982498288154602,-0.5173120498657227,True,family-00371,0.0,1.0,-1.0,maximum,minimum,1,0.5719997882843018,10.038518905639648,55,-0.019927263259887695,maximum__minimum,0.03839761018753052,0.5366474390029907,-0.4982498288154602
0.2115284502506256,0.03678297996520996,True,family-00371,0.0,1.0,-1.0,maximum,minimum,2,0.37354224920272827,16.3780517578125,55,-0.019927263259887695,maximum__minimum,0.3639180362224579,0.15238958597183228,0.2115284502506256
0.34250718355178833,-0.4959794282913208,True,family-00371,0.0,1.0,-1.0,maximum,minimum,3,0.42714712023735046,19.823978424072266,55,-0.019927263259887695,maximum__minimum,0.3422335982322693,-0.00027358531951904297,0.34250718355178833
0.3251281715929508,0.3779832124710083,False,family-00371,0.0,0.5,-0.5,maximum,sum_mod_10,0,0.4070594906806946,11.790374755859375,55,0.7616545353084803,maximum__sum_mod_10,0.32788604497909546,0.002757873386144638,0.3251281715929508
0.048393841832876205,-0.5566158294677734,False,family-00371,0.0,0.5,-0.5,maximum,sum_mod_10,1,0.412021279335022,12.124744415283203,55,0.7616545353084803,maximum__sum_mod_10,0.03839761018753052,-0.009996231645345688,0.048393841832876205
0.3723494354635477,-0.20577383041381836,False,family-00371,0.0,0.5,-0.5,maximum,sum_mod_10,2,0.21980991959571838,18.559127807617188,55,0.7616545353084803,maximum__sum_mod_10,0.3639180362224579,-0.00843139924108982,0.3723494354635477
0.3408209625631571,0.5001922845840454,False,family-00371,0.0,0.5,-0.5,maximum,sum_mod_10,3,0.16393281519412994,27.683725357055664,55,0.7616545353084803,maximum__sum_mod_10,0.3422335982322693,0.0014126356691122055,0.3408209625631571
0.23528996482491493,0.4148467779159546,False,family-00371,1.0,0.5,0.5,minimum,sum_mod_10,0,0.36797356605529785,11.010614395141602,55,0.781581798568368,minimum__sum_mod_10,0.23804783821105957,0.002757873386144638,0.23528996482491493
0.5466436706483364,-0.03930377960205078,False,family-00371,1.0,0.5,0.5,minimum,sum_mod_10,1,0.5245381593704224,9.830767631530762,55,0.781581798568368,minimum__sum_mod_10,0.5366474390029907,-0.009996231645345688,0.5466436706483364
0.1608209852129221,-0.24255681037902832,False,family-00371,1.0,0.5,0.5,minimum,sum_mod_10,2,0.6200432181358337,11.451032638549805,55,0.781581798568368,minimum__sum_mod_10,0.15238958597183228,-0.00843139924108982,0.1608209852129221
0.0016862209886312485,0.9961717128753662,False,family-00371,1.0,0.5,0.5,minimum,sum_mod_10,3,0.4208025336265564,23.029499053955078,55,0.781581798568368,minimum__sum_mod_10,-0.00027358531951904297,0.0014126356691122055,-0.0016862209886312485
0.05604873597621918,0.314403772354126,True,family-00372,1.0,0.5,0.5,maximum,minimum,0,0.5854544639587402,8.366477012634277,55,-0.4625626504421234,maximum__minimum,0.2383713275194168,0.294420063495636,-0.05604873597621918
0.008857160806655884,0.5747014880180359,True,family-00372,1.0,0.5,0.5,maximum,minimum,1,0.6216569542884827,9.732702255249023,55,-0.4625626504421234,maximum__minimum,0.046815067529678345,0.05567222833633423,-0.008857160806655884
0.25822392106056213,0.3527637720108032,True,family-00372,1.0,0.5,0.5,maximum,minimum,2,0.5573583245277405,13.798626899719238,55,-0.4625626504421234,maximum__minimum,-0.16215106844902039,0.09607285261154175,-0.25822392106056213
0.17137303948402405,-0.6965334415435791,True,family-00372,1.0,0.5,0.5,maximum,minimum,3,0.6227445006370544,16.449472427368164,55,-0.4625626504421234,maximum__minimum,0.3097217381000519,0.13834869861602783,0.17137303948402405
0.23087090253829956,0.9075584411621094,False,family-00372,1.0,0.0,1.0,maximum,sum_mod_10,0,0.4653778672218323,8.864961624145508,55,0.3193309083580971,maximum__sum_mod_10,0.2383713275194168,0.0075004249811172485,0.23087090253829956
0.04835270345211029,-0.8710118532180786,False,family-00372,1.0,0.0,1.0,maximum,sum_mod_10,1,0.5741510391235352,9.244428634643555,55,0.3193309083580971,maximum__sum_mod_10,0.046815067529678345,-0.0015376359224319458,0.04835270345211029
0.20026566460728645,0.4920130968093872,False,family-00372,1.0,0.0,1.0,maximum,sum_mod_10,2,0.666599452495575,10.357626914978027,55,0.3193309083580971,maximum__sum_mod_10,-0.16215106844902039,0.03811459615826607,-0.20026566460728645
0.33522671461105347,1.1240018159151077,False,family-00372,1.0,0.0,1.0,maximum,sum_mod_10,3,0.5823919177055359,16.24820899963379,55,0.3193309083580971,maximum__sum_mod_10,0.3097217381000519,-0.025504976511001587,0.33522671461105347
0.28691963851451874,0.5931546688079834,False,family-00372,0.5,0.0,0.5,minimum,sum_mod_10,0,0.42067018151283264,9.725983619689941,55,0.7818935588002205,minimum__sum_mod_10,0.294420063495636,0.0075004249811172485,0.28691963851451874
0.057209864258766174,-1.4457133412361145,False,family-00372,0.5,0.0,0.5,minimum,sum_mod_10,1,0.39375537633895874,11.359331130981445,55,0.7818935588002205,minimum__sum_mod_10,0.05567222833633423,-0.0015376359224319458,0.057209864258766174
0.05795825645327568,0.13924932479858398,False,family-00372,0.5,0.0,0.5,minimum,sum_mod_10,2,0.4748225808143616,14.51086139678955,55,0.7818935588002205,minimum__sum_mod_10,0.09607285261154175,0.03811459615826607,0.05795825645327568
0.16385367512702942,1.8205352574586868,False,family-00372,0.5,0.0,0.5,minimum,sum_mod_10,3,0.5134242177009583,19.681209564208984,55,0.7818935588002205,minimum__sum_mod_10,0.13834869861602783,-0.025504976511001587,0.16385367512702942
0.04305335879325867,-1.007538080215454,True,family-00373,0.5,0.0,0.5,maximum,minimum,0,0.3901057839393616,11.376243591308594,55,0.057898521423339844,maximum__minimum,0.4542941153049469,0.41124075651168823,0.04305335879325867
0.2507370114326477,-0.5644749402999878,True,family-00373,0.5,0.0,0.5,maximum,minimum,1,0.4077693521976471,12.390290260314941,55,0.057898521423339844,maximum__minimum,0.0033396482467651367,0.25407665967941284,-0.2507370114326477
0.05098670721054077,0.3639317750930786,True,family-00373,0.5,0.0,0.5,maximum,minimum,2,0.12552475929260254,18.821250915527344,55,0.057898521423339844,maximum__minimum,0.16792774200439453,0.2189144492149353,-0.05098670721054077
0.006832718849182129,-0.09921073913574219,True,family-00373,0.5,0.0,0.5,maximum,minimum,3,0.2801683247089386,22.168947219848633,55,0.057898521423339844,maximum__minimum,0.07859861850738525,0.07176589965820312,0.006832718849182129
0.3503819704055786,-0.03414201736450195,False,family-00373,0.5,1.0,-0.5,maximum,sum_mod_10,0,0.2578548192977905,12.899885177612305,55,0.7192372381687164,maximum__sum_mod_10,0.4542941153049469,0.10391214489936829,0.3503819704055786
0.04276640713214874,0.9090429544448853,False,family-00373,0.5,1.0,-0.5,maximum,sum_mod_10,1,0.4071016013622284,13.277364730834961,55,0.7192372381687164,maximum__sum_mod_10,0.0033396482467651367,-0.039426758885383606,0.04276640713214874
0.07582781463861465,0.39120209217071533,False,family-00373,0.5,1.0,-0.5,maximum,sum_mod_10,2,0.38014426827430725,16.29517936706543,55,0.7192372381687164,maximum__sum_mod_10,0.16792774200439453,0.09209992736577988,0.07582781463861465
0.005419224500656128,0.8873802423477173,False,family-00373,0.5,1.0,-0.5,maximum,sum_mod_10,3,0.44707196950912476,22.28665542602539,55,0.7192372381687164,maximum__sum_mod_10,0.07859861850738525,0.08401784300804138,-0.005419224500656128
0.30732861161231995,0.9733960628509521,False,family-00373,0.0,1.0,-1.0,minimum,sum_mod_10,0,0.3571973741054535,11.4295015335083,55,0.6613387167453766,minimum__sum_mod_10,0.41124075651168823,0.10391214489936829,0.30732861161231995
0.29350341856479645,1.473517894744873,False,family-00373,0.0,1.0,-1.0,minimum,sum_mod_10,1,0.5868653059005737,10.88650894165039,55,0.6613387167453766,minimum__sum_mod_10,0.25407665967941284,-0.039426758885383606,0.29350341856479645
0.12681452184915543,0.02727031707763672,False,family-00373,0.0,1.0,-1.0,minimum,sum_mod_10,2,0.6406140923500061,12.548690795898438,55,0.6613387167453766,minimum__sum_mod_10,0.2189144492149353,0.09209992736577988,0.12681452184915543
0.012251943349838257,0.9865909814834595,False,family-00373,0.0,1.0,-1.0,minimum,sum_mod_10,3,0.648963987827301,17.960853576660156,55,0.6613387167453766,minimum__sum_mod_10,0.07176589965820312,0.08401784300804138,-0.012251943349838257
0.31525665521621704,-0.3792227506637573,True,family-00374,0.0,1.0,-1.0,maximum,minimum,0,0.47144636511802673,9.452434539794922,55,0.24519693851470947,maximum__minimum,0.06468337774276733,-0.2505732774734497,0.31525665521621704
0.029432624578475952,0.026438474655151367,True,family-00374,0.0,1.0,-1.0,maximum,minimum,1,0.539832353591919,8.633811950683594,55,0.24519693851470947,maximum__minimum,-0.12721091508865356,-0.09777829051017761,-0.029432624578475952
0.3173918277025223,0.04954653978347778,True,family-00374,0.0,1.0,-1.0,maximum,minimum,2,0.5030593276023865,15.375813484191895,55,0.24519693851470947,maximum__minimum,0.4616943597793579,0.14430253207683563,0.3173918277025223
0.21441450715065002,-0.47594428062438965,True,family-00374,0.0,1.0,-1.0,maximum,minimum,3,0.5224586129188538,18.26961326599121,55,0.24519693851470947,maximum__minimum,0.33644965291023254,0.12203514575958252,0.21441450715065002
0.05443359538912773,-0.133597731590271,False,family-00374,0.0,0.5,-0.5,maximum,sum_mod_10,0,0.25448307394981384,12.82955551147461,55,0.5418141186237335,maximum__sum_mod_10,0.06468337774276733,0.010249782353639603,0.05443359538912773
0.1435158308595419,-0.8187599182128906,False,family-00374,0.0,0.5,-0.5,maximum,sum_mod_10,1,0.32642126083374023,12.07529354095459,55,0.5418141186237335,maximum__sum_mod_10,-0.12721091508865356,0.01630491577088833,-0.1435158308595419
0.4455863796174526,-0.4680503010749817,False,family-00374,0.0,0.5,-0.5,maximum,sum_mod_10,2,0.29811570048332214,18.686670303344727,55,0.5418141186237335,maximum__sum_mod_10,0.4616943597793579,0.01610798016190529,0.4455863796174526
0.314404571428895,0.06332889199256897,False,family-00374,0.0,0.5,-0.5,maximum,sum_mod_10,3,0.32417890429496765,24.030696868896484,55,0.5418141186237335,maximum__sum_mod_10,0.33644965291023254,0.022045081481337547,0.314404571428895
0.2608230598270893,0.24562501907348633,False,family-00374,1.0,0.5,0.5,minimum,sum_mod_10,0,0.24122439324855804,12.446027755737305,55,0.29661718010902405,minimum__sum_mod_10,-0.2505732774734497,0.010249782353639603,-0.2608230598270893
0.11408320628106594,-0.845198392868042,False,family-00374,1.0,0.5,0.5,minimum,sum_mod_10,1,0.3363792300224304,12.067595481872559,55,0.29661718010902405,minimum__sum_mod_10,-0.09777829051017761,0.01630491577088833,-0.11408320628106594
0.12819455191493034,-0.5175968408584595,False,family-00374,1.0,0.5,0.5,minimum,sum_mod_10,2,0.6197490692138672,11.819992065429688,55,0.29661718010902405,minimum__sum_mod_10,0.14430253207683563,0.01610798016190529,0.12819455191493034
0.09999006427824497,0.5392731726169586,False,family-00374,1.0,0.5,0.5,minimum,sum_mod_10,3,0.7392413020133972,14.748088836669922,55,0.29661718010902405,minimum__sum_mod_10,0.12203514575958252,0.022045081481337547,0.09999006427824497
0.3688533902168274,0.01828134059906006,True,family-00375,1.0,0.5,0.5,maximum,minimum,0,0.45508864521980286,8.820173263549805,55,0.31406283378601074,maximum__minimum,0.008154809474945068,-0.3606985807418823,0.3688533902168274
0.029681622982025146,0.5301871299743652,True,family-00375,1.0,0.5,0.5,maximum,minimum,1,0.37098145484924316,10.752766609191895,55,0.31406283378601074,maximum__minimum,-0.06806039810180664,-0.09774202108383179,0.029681622982025146
0.1405106782913208,0.3460693359375,True,family-00375,1.0,0.5,0.5,maximum,minimum,2,0.04080648720264435,17.532949447631836,55,0.31406283378601074,maximum__minimum,0.16211479902267456,0.30262547731399536,-0.1405106782913208
0.2998649477958679,-0.8953040838241577,True,family-00375,1.0,0.5,0.5,maximum,minimum,3,0.2360883206129074,18.951913833618164,55,0.31406283378601074,maximum__minimum,0.6111571192741394,0.3112921714782715,0.2998649477958679
0.009408049285411835,-0.05951392650604248,False,family-00375,1.0,0.0,1.0,maximum,sum_mod_10,0,0.31800776720046997,12.002449989318848,55,0.6368018537759781,maximum__sum_mod_10,0.008154809474945068,-0.0012532398104667664,0.009408049285411835
0.03832250088453293,-0.8137437105178833,False,family-00375,1.0,0.0,1.0,maximum,sum_mod_10,1,0.318031907081604,12.22845458984375,55,0.6368018537759781,maximum__sum_mod_10,-0.06806039810180664,-0.029737897217273712,-0.03832250088453293
0.16093380376696587,0.18821299076080322,False,family-00375,1.0,0.0,1.0,maximum,sum_mod_10,2,0.45863068103790283,12.860003471374512,55,0.6368018537759781,maximum__sum_mod_10,0.16211479902267456,0.0011809952557086945,0.16093380376696587
0.6101019233465195,0.7903246879577637,False,family-00375,1.0,0.0,1.0,maximum,sum_mod_10,3,0.4633239209651947,18.329103469848633,55,0.6368018537759781,maximum__sum_mod_10,0.6111571192741394,0.001055195927619934,0.6101019233465195
0.35944534093141556,-0.07779526710510254,False,family-00375,0.5,0.0,0.5,minimum,sum_mod_10,0,0.21916133165359497,12.329703330993652,55,0.32273901998996735,minimum__sum_mod_10,-0.3606985807418823,-0.0012532398104667664,-0.35944534093141556
0.06800412386655807,-1.3439308404922485,False,family-00375,0.5,0.0,0.5,minimum,sum_mod_10,1,0.1071009412407875,14.000819206237793,55,0.32273901998996735,minimum__sum_mod_10,-0.09774202108383179,-0.029737897217273712,-0.06800412386655807
0.30144448205828667,-0.15785634517669678,False,family-00375,0.5,0.0,0.5,minimum,sum_mod_10,2,0.14683812856674194,17.018722534179688,55,0.32273901998996735,minimum__sum_mod_10,0.30262547731399536,0.0011809952557086945,0.30144448205828667
0.31023697555065155,1.6856287717819214,False,family-00375,0.5,0.0,0.5,minimum,sum_mod_10,3,0.3656058609485626,18.9373836517334,55,0.32273901998996735,minimum__sum_mod_10,0.3112921714782715,0.001055195927619934,0.31023697555065155
0.4102056920528412,1.073819875717163,True,family-00376,0.5,0.0,0.5,maximum,minimum,0,0.3773900866508484,9.867914199829102,55,-0.01062840223312378,maximum__minimum,0.45818641781806946,0.04798072576522827,0.4102056920528412
0.27911025285720825,-0.1002509593963623,True,family-00376,0.5,0.0,0.5,maximum,minimum,1,0.5975749492645264,9.539886474609375,55,-0.01062840223312378,maximum__minimum,-0.002702772617340088,0.27640748023986816,-0.27911025285720825
0.40186119079589844,-0.6075735092163086,True,family-00376,0.5,0.0,0.5,maximum,minimum,2,0.37003293633461,14.559810638427734,55,-0.01062840223312378,maximum__minimum,0.4994615912437439,0.09760040044784546,0.40186119079589844
0.6251211762428284,-2.073313593864441,True,family-00376,0.5,0.0,0.5,maximum,minimum,3,0.3338354527950287,20.04188346862793,55,-0.01062840223312378,maximum__minimum,0.7095309495925903,0.08440977334976196,0.6251211762428284
0.46833229809999466,0.6313902139663696,False,family-00376,0.5,1.0,-0.5,maximum,sum_mod_10,0,0.38565772771835327,11.159794807434082,55,0.7983882874250412,maximum__sum_mod_10,0.45818641781806946,-0.010145880281925201,0.46833229809999466
0.01760946959257126,0.8114835619926453,False,family-00376,0.5,1.0,-0.5,maximum,sum_mod_10,1,0.6007788181304932,10.533980369567871,55,0.7983882874250412,maximum__sum_mod_10,-0.002702772617340088,-0.020312242209911346,0.01760946959257126
0.5054803788661957,-0.09530484676361084,False,family-00376,0.5,1.0,-0.5,maximum,sum_mod_10,2,0.5280019044876099,13.363116264343262,55,0.7983882874250412,maximum__sum_mod_10,0.4994615912437439,-0.006018787622451782,0.5054803788661957
0.6766285263001919,0.12725722789764404,False,family-00376,0.5,1.0,-0.5,maximum,sum_mod_10,3,0.4990974962711334,20.117828369140625,55,0.7983882874250412,maximum__sum_mod_10,0.7095309495925903,0.03290242329239845,0.6766285263001919
0.05812660604715347,-0.44242966175079346,False,family-00376,0.0,1.0,-1.0,minimum,sum_mod_10,0,0.5317069292068481,9.819392204284668,55,0.809016689658165,minimum__sum_mod_10,0.04798072576522827,-0.010145880281925201,0.05812660604715347
0.2967197224497795,0.9117345213890076,False,family-00376,0.0,1.0,-1.0,minimum,sum_mod_10,1,0.7012088298797607,9.53201675415039,55,0.809016689658165,minimum__sum_mod_10,0.27640748023986816,-0.020312242209911346,0.2967197224497795
0.10361918807029724,0.5122686624526978,False,family-00376,0.0,1.0,-1.0,minimum,sum_mod_10,2,0.7428022027015686,10.162779808044434,55,0.809016689658165,minimum__sum_mod_10,0.09760040044784546,-0.006018787622451782,0.10361918807029724
0.05150735005736351,2.200570821762085,False,family-00376,0.0,1.0,-1.0,minimum,sum_mod_10,3,0.646697998046875,16.996381759643555,55,0.809016689658165,minimum__sum_mod_10,0.08440977334976196,0.03290242329239845,0.05150735005736351
0.023038238286972046,0.19914579391479492,True,family-00377,0.0,1.0,-1.0,maximum,minimum,0,0.4880485236644745,10.446294784545898,55,-0.2258968949317932,maximum__minimum,0.08757445216178894,0.11061269044876099,-0.023038238286972046
0.2907586693763733,0.03027510643005371,True,family-00377,0.0,1.0,-1.0,maximum,minimum,1,0.6211299896240234,9.151845932006836,55,-0.2258968949317932,maximum__minimum,0.1790725588798523,-0.111686110496521,0.2907586693763733
0.47832924127578735,0.06929349899291992,True,family-00377,0.0,1.0,-1.0,maximum,minimum,2,0.280845582485199,17.926523208618164,55,-0.2258968949317932,maximum__minimum,0.44379669427871704,-0.03453254699707031,0.47832924127578735
0.03750532865524292,-1.2609193921089172,True,family-00377,0.0,1.0,-1.0,maximum,minimum,3,0.40350475907325745,20.87061309814453,55,-0.2258968949317932,maximum__minimum,0.2814766764640808,0.2439713478088379,0.03750532865524292
0.1375955231487751,-0.11608600616455078,False,family-00377,0.0,0.5,-0.5,maximum,sum_mod_10,0,0.431619793176651,11.308128356933594,55,0.4789175055921078,maximum__sum_mod_10,0.08757445216178894,-0.05002107098698616,0.1375955231487751
0.1879432573914528,-0.7068551778793335,False,family-00377,0.0,0.5,-0.5,maximum,sum_mod_10,1,0.49585235118865967,10.8418607711792,55,0.4789175055921078,maximum__sum_mod_10,0.1790725588798523,-0.008870698511600494,0.1879432573914528
0.4423334524035454,-0.16581320762634277,False,family-00377,0.0,0.5,-0.5,maximum,sum_mod_10,2,0.5706833004951477,13.890743255615234,55,0.4789175055921078,maximum__sum_mod_10,0.44379669427871704,0.0014632418751716614,0.4423334524035454
0.2877808064222336,0.06647378206253052,False,family-00377,0.0,0.5,-0.5,maximum,sum_mod_10,3,0.7080739736557007,15.93301010131836,55,0.4789175055921078,maximum__sum_mod_10,0.2814766764640808,-0.006304129958152771,0.2877808064222336
0.16063376143574715,-0.3152318000793457,False,family-00377,1.0,0.5,0.5,minimum,sum_mod_10,0,0.4811725616455078,9.280898094177246,55,0.704814400523901,minimum__sum_mod_10,0.11061269044876099,-0.05002107098698616,0.16063376143574715
0.1028154119849205,-0.7371302843093872,False,family-00377,1.0,0.5,0.5,minimum,sum_mod_10,1,0.5949928760528564,8.559528350830078,55,0.704814400523901,minimum__sum_mod_10,-0.111686110496521,-0.008870698511600494,-0.1028154119849205
0.035995788872241974,-0.2351067066192627,False,family-00377,1.0,0.5,0.5,minimum,sum_mod_10,2,0.5627480149269104,12.842462539672852,55,0.704814400523901,minimum__sum_mod_10,-0.03453254699707031,0.0014632418751716614,-0.035995788872241974
0.25027547776699066,1.3273931741714478,False,family-00377,1.0,0.5,0.5,minimum,sum_mod_10,3,0.6411390900611877,17.911638259887695,55,0.704814400523901,minimum__sum_mod_10,0.2439713478088379,-0.006304129958152771,0.25027547776699066
0.29344404861330986,-0.5289592742919922,True,family-00378,1.0,0.5,0.5,maximum,minimum,0,0.5070922374725342,8.52686882019043,55,0.8425388745963573,maximum__minimum,0.23956650495529175,-0.05387754365801811,0.29344404861330986
0.06804400309920311,0.5331876277923584,True,family-00378,1.0,0.5,0.5,maximum,minimum,1,0.5416231155395508,8.348814010620117,55,0.8425388745963573,maximum__minimum,0.009679317474365234,-0.058364685624837875,0.06804400309920311
0.006306752562522888,0.20219087600708008,True,family-00378,1.0,0.5,0.5,maximum,minimum,2,0.36543071269989014,13.381482124328613,55,0.8425388745963573,maximum__minimum,0.012989521026611328,0.019296273589134216,-0.006306752562522888
0.8594714552164078,-0.6749355792999268,True,family-00378,1.0,0.5,0.5,maximum,minimum,3,0.27441203594207764,20.102943420410156,55,0.8425388745963573,maximum__minimum,0.7108491063117981,-0.14862234890460968,0.8594714552164078
0.2300887629389763,-0.039337873458862305,False,family-00378,1.0,0.0,1.0,maximum,sum_mod_10,0,0.3271261751651764,11.538714408874512,55,0.7789782807230949,maximum__sum_mod_10,0.23956650495529175,0.00947774201631546,0.2300887629389763
0.03963818401098251,-0.8309824466705322,False,family-00378,1.0,0.0,1.0,maximum,sum_mod_10,1,0.43875494599342346,10.797904968261719,55,0.7789782807230949,maximum__sum_mod_10,0.009679317474365234,0.04931750148534775,-0.03963818401098251
0.025837421417236328,0.17248451709747314,False,family-00378,1.0,0.0,1.0,maximum,sum_mod_10,2,0.5004057884216309,13.117032051086426,55,0.7789782807230949,maximum__sum_mod_10,0.012989521026611328,0.038826942443847656,-0.025837421417236328
0.7167388126254082,0.3135889172554016,False,family-00378,1.0,0.0,1.0,maximum,sum_mod_10,3,0.566731333732605,17.37693977355957,55,0.7789782807230949,maximum__sum_mod_10,0.7108491063117981,-0.005889706313610077,0.7167388126254082
0.06335528567433357,0.4896214008331299,False,family-00378,0.5,0.0,0.5,minimum,sum_mod_10,0,0.4460897743701935,10.407957077026367,55,-0.0635605938732624,minimum__sum_mod_10,-0.05387754365801811,0.00947774201631546,-0.06335528567433357
0.10768218711018562,-1.3641700744628906,False,family-00378,0.5,0.0,0.5,minimum,sum_mod_10,1,0.4032878875732422,10.78305721282959,55,-0.0635605938732624,minimum__sum_mod_10,-0.058364685624837875,0.04931750148534775,-0.10768218711018562
0.01953066885471344,-0.029706358909606934,False,family-00378,0.5,0.0,0.5,minimum,sum_mod_10,2,0.41792142391204834,12.68269157409668,55,-0.0635605938732624,minimum__sum_mod_10,0.019296273589134216,0.038826942443847656,-0.01953066885471344
0.1427326425909996,0.9885244965553284,False,family-00378,0.5,0.0,0.5,minimum,sum_mod_10,3,0.43646475672721863,17.73639488220215,55,-0.0635605938732624,minimum__sum_mod_10,-0.14862234890460968,-0.005889706313610077,-0.1427326425909996
0.2280704379081726,0.18889105319976807,True,family-00379,0.5,0.0,0.5,maximum,minimum,0,0.4397212266921997,10.494019508361816,55,0.533225417137146,maximum__minimum,0.22590547800064087,-0.0021649599075317383,0.2280704379081726
0.22233201563358307,-0.29671943187713623,True,family-00379,0.5,0.0,0.5,maximum,minimum,1,0.43416401743888855,10.132292747497559,55,0.533225417137146,maximum__minimum,-0.013933837413787842,0.20839817821979523,-0.22233201563358307
0.28806042671203613,-0.15200400352478027,True,family-00379,0.5,0.0,0.5,maximum,minimum,2,0.5125832557678223,13.42871379852295,55,0.533225417137146,maximum__minimum,0.02776312828063965,0.3158235549926758,-0.28806042671203613
1.0680342316627502,-0.3928923010826111,True,family-00379,0.5,0.0,0.5,maximum,minimum,3,0.48075616359710693,17.660097122192383,55,0.533225417137146,maximum__minimum,0.7301538586616516,-0.33788037300109863,1.0680342316627502
0.25710964016616344,0.06364917755126953,False,family-00379,0.5,1.0,-0.5,maximum,sum_mod_10,0,0.481642484664917,10.26123332977295,55,0.8849243205040693,maximum__sum_mod_10,0.22590547800064087,-0.031204162165522575,0.25710964016616344
0.0071258749812841415,-0.2576103210449219,False,family-00379,0.5,1.0,-0.5,maximum,sum_mod_10,1,0.4769653081893921,10.011581420898438,55,0.8849243205040693,maximum__sum_mod_10,-0.013933837413787842,-0.021059712395071983,0.0071258749812841415
0.06824012845754623,0.045183002948760986,False,family-00379,0.5,1.0,-0.5,maximum,sum_mod_10,2,0.6406739354133606,12.315245628356934,55,0.8849243205040693,maximum__sum_mod_10,0.02776312828063965,-0.040477000176906586,0.06824012845754623
0.7215971807017922,0.2002410888671875,False,family-00379,0.5,1.0,-0.5,maximum,sum_mod_10,3,0.5141730308532715,19.985294342041016,55,0.8849243205040693,maximum__sum_mod_10,0.7301538586616516,0.008556677959859371,0.7215971807017922
0.029039202257990837,-0.12524187564849854,False,family-00379,0.0,1.0,-1.0,minimum,sum_mod_10,0,0.9722625017166138,2.354029417037964,55,0.35169890336692333,minimum__sum_mod_10,-0.0021649599075317383,-0.031204162165522575,0.029039202257990837
0.2294578906148672,0.039109110832214355,False,family-00379,0.0,1.0,-1.0,minimum,sum_mod_10,1,0.9601619243621826,2.721651077270508,55,0.35169890336692333,minimum__sum_mod_10,0.20839817821979523,-0.021059712395071983,0.2294578906148672
0.35630055516958237,0.19718700647354126,False,family-00379,0.0,1.0,-1.0,minimum,sum_mod_10,2,0.910018801689148,5.8546576499938965,55,0.35169890336692333,minimum__sum_mod_10,0.3158235549926758,-0.040477000176906586,0.35630055516958237
0.346437050960958,0.5931333899497986,False,family-00379,0.0,1.0,-1.0,minimum,sum_mod_10,3,0.8316494226455688,12.302055358886719,55,0.35169890336692333,minimum__sum_mod_10,-0.33788037300109863,0.008556677959859371,-0.346437050960958
0.22851012274622917,-0.13942325115203857,True,family-00380,0.0,1.0,-1.0,maximum,minimum,0,0.5001190304756165,8.60214900970459,55,0.9060637261718512,maximum__minimum,0.24176698923110962,0.013256866484880447,0.22851012274622917
0.005428722128272057,0.4840397834777832,True,family-00380,0.0,1.0,-1.0,maximum,minimum,1,0.6602330803871155,7.037186145782471,55,0.9060637261718512,maximum__minimum,0.012408971786499023,0.01783769391477108,-0.005428722128272057
0.018843647092580795,-0.41112303733825684,True,family-00380,0.0,1.0,-1.0,maximum,minimum,2,0.14098712801933289,15.146758079528809,55,0.9060637261718512,maximum__minimum,0.03232276439666748,0.013479117304086685,0.018843647092580795
0.5934925638139248,-0.9896247386932373,True,family-00380,0.0,1.0,-1.0,maximum,minimum,3,0.21731775999069214,19.212535858154297,55,0.9060637261718512,maximum__minimum,0.6113758087158203,0.017883244901895523,0.5934925638139248
0.21178022772073746,0.5509514808654785,False,family-00380,0.0,0.5,-0.5,maximum,sum_mod_10,0,0.3094514012336731,12.0943021774292,55,0.796803280711174,maximum__sum_mod_10,0.24176698923110962,0.029986761510372162,0.21178022772073746
0.018101677298545837,1.279724359512329,False,family-00380,0.0,0.5,-0.5,maximum,sum_mod_10,1,0.44378286600112915,11.434483528137207,55,0.796803280711174,maximum__sum_mod_10,0.012408971786499023,-0.005692705512046814,0.018101677298545837
0.0414448082447052,-0.5794957876205444,False,family-00380,0.0,0.5,-0.5,maximum,sum_mod_10,2,0.1814247965812683,17.738033294677734,55,0.796803280711174,maximum__sum_mod_10,0.03232276439666748,-0.00912204384803772,0.0414448082447052
0.5280573889613152,0.09294193983078003,False,family-00380,0.0,0.5,-0.5,maximum,sum_mod_10,3,0.36142173409461975,25.659496307373047,55,0.796803280711174,maximum__sum_mod_10,0.6113758087158203,0.08331841975450516,0.5280573889613152
0.016729895025491714,0.6903747320175171,False,family-00380,1.0,0.5,0.5,minimum,sum_mod_10,0,0.4600300192832947,11.086766242980957,55,-0.10926044546067715,minimum__sum_mod_10,0.013256866484880447,0.029986761510372162,-0.016729895025491714
0.023530399426817894,0.7956845760345459,False,family-00380,1.0,0.5,0.5,minimum,sum_mod_10,1,0.5465413331985474,10.513995170593262,55,-0.10926044546067715,minimum__sum_mod_10,0.01783769391477108,-0.005692705512046814,0.023530399426817894
0.022601161152124405,-0.1683727502822876,False,family-00380,1.0,0.5,0.5,minimum,sum_mod_10,2,0.6773825883865356,10.66041374206543,55,-0.10926044546067715,minimum__sum_mod_10,0.013479117304086685,-0.00912204384803772,0.022601161152124405
0.06543517485260963,1.0825666785240173,False,family-00380,1.0,0.5,0.5,minimum,sum_mod_10,3,0.5237649083137512,22.102304458618164,55,-0.10926044546067715,minimum__sum_mod_10,0.017883244901895523,0.08331841975450516,-0.06543517485260963
0.07991546392440796,-0.9515092372894287,True,family-00381,1.0,0.5,0.5,maximum,minimum,0,0.378370463848114,9.423507690429688,55,-0.0347021222114563,maximum__minimum,0.30762022733688354,0.22770476341247559,0.07991546392440796
0.5931826829910278,0.2983173131942749,True,family-00381,1.0,0.5,0.5,maximum,minimum,1,0.4265049695968628,10.97785472869873,55,-0.0347021222114563,maximum__minimum,-0.03574347496032715,0.5574392080307007,-0.5931826829910278
0.12639784812927246,0.04298436641693115,True,family-00381,1.0,0.5,0.5,maximum,minimum,2,0.16941645741462708,17.44945526123047,55,-0.0347021222114563,maximum__minimum,0.17093169689178467,0.04453384876251221,0.12639784812927246
0.5754963159561157,-0.7259038090705872,True,family-00381,1.0,0.5,0.5,maximum,minimum,3,0.23711824417114258,23.255470275878906,55,-0.0347021222114563,maximum__minimum,0.6140568256378174,0.03856050968170166,0.5754963159561157
0.40439459681510925,-0.32558131217956543,False,family-00381,1.0,0.0,1.0,maximum,sum_mod_10,0,0.3967559039592743,10.655338287353516,55,0.9020213326439261,maximum__sum_mod_10,0.30762022733688354,-0.09677436947822571,0.40439459681510925
0.07329374551773071,0.21948421001434326,False,family-00381,1.0,0.0,1.0,maximum,sum_mod_10,1,0.527967631816864,11.37810230255127,55,0.9020213326439261,maximum__sum_mod_10,-0.03574347496032715,-0.10903722047805786,0.07329374551773071
0.16963044367730618,0.23511779308319092,False,family-00381,1.0,0.0,1.0,maximum,sum_mod_10,2,0.43000727891921997,14.414015769958496,55,0.9020213326439261,maximum__sum_mod_10,0.17093169689178467,0.0013012532144784927,0.16963044367730618
0.6205459954217076,0.06089872121810913,False,family-00381,1.0,0.0,1.0,maximum,sum_mod_10,3,0.4957091510295868,19.38965606689453,55,0.9020213326439261,maximum__sum_mod_10,0.6140568256378174,-0.006489169783890247,0.6205459954217076
0.3244791328907013,0.6259279251098633,False,family-00381,0.5,0.0,0.5,minimum,sum_mod_10,0,0.4816686511039734,10.122272491455078,55,0.9367234548553824,minimum__sum_mod_10,0.22770476341247559,-0.09677436947822571,0.3244791328907013
0.6664764285087585,-0.07883310317993164,False,family-00381,0.5,0.0,0.5,minimum,sum_mod_10,1,0.6198028922080994,10.403585433959961,55,0.9367234548553824,minimum__sum_mod_10,0.5574392080307007,-0.10903722047805786,0.6664764285087585
0.043232595548033714,0.19213342666625977,False,family-00381,0.5,0.0,0.5,minimum,sum_mod_10,2,0.6459857821464539,12.099166870117188,55,0.9367234548553824,minimum__sum_mod_10,0.04453384876251221,0.0013012532144784927,0.043232595548033714
0.04504967946559191,0.7868025302886963,False,family-00381,0.5,0.0,0.5,minimum,sum_mod_10,3,0.6662983298301697,15.40172004699707,55,0.9367234548553824,minimum__sum_mod_10,0.03856050968170166,-0.006489169783890247,0.04504967946559191
0.446882039308548,-0.786435604095459,True,family-00382,0.5,0.0,0.5,maximum,minimum,0,0.3141797184944153,11.434127807617188,55,0.4034246951341629,maximum__minimum,0.18267741799354553,-0.26420462131500244,0.446882039308548
0.029294952750205994,-0.9968249797821045,True,family-00382,0.5,0.0,0.5,maximum,minimum,1,0.3646688759326935,11.114296913146973,55,0.4034246951341629,maximum__minimum,0.03503751754760742,0.005742564797401428,0.029294952750205994
0.06579266488552094,0.3380619287490845,True,family-00382,0.5,0.0,0.5,maximum,minimum,2,0.2308092713356018,16.026412963867188,55,0.4034246951341629,maximum__minimum,0.036003947257995605,-0.02978871762752533,0.06579266488552094
0.05634649097919464,-0.9018880724906921,True,family-00382,0.5,0.0,0.5,maximum,minimum,3,0.1349230259656906,24.5136775970459,55,0.4034246951341629,maximum__minimum,-0.05494803190231323,-0.11129452288150787,0.05634649097919464
0.12142127752304077,-0.4213329553604126,False,family-00382,0.5,1.0,-0.5,maximum,sum_mod_10,0,0.4024564027786255,10.171830177307129,55,0.3127158582210541,maximum__sum_mod_10,0.18267741799354553,0.06125614047050476,0.12142127752304077
0.035889774560928345,-0.3721611499786377,False,family-00382,0.5,1.0,-0.5,maximum,sum_mod_10,1,0.39833807945251465,10.325271606445312,55,0.3127158582210541,maximum__sum_mod_10,0.03503751754760742,-0.0008522570133209229,0.035889774560928345
0.00032570958137512207,0.6443028450012207,False,family-00382,0.5,1.0,-0.5,maximum,sum_mod_10,2,0.38079237937927246,13.493598937988281,55,0.3127158582210541,maximum__sum_mod_10,0.036003947257995605,0.03632965683937073,-0.00032570958137512207
0.1187402606010437,0.7372881472110748,False,family-00382,0.5,1.0,-0.5,maximum,sum_mod_10,3,0.5360178351402283,19.886571884155273,55,0.3127158582210541,maximum__sum_mod_10,-0.05494803190231323,0.06379222869873047,-0.1187402606010437
0.3254607617855072,0.3651026487350464,False,family-00382,0.0,1.0,-1.0,minimum,sum_mod_10,0,0.3933066427707672,11.370923042297363,55,-0.09070883691310883,minimum__sum_mod_10,-0.26420462131500244,0.06125614047050476,-0.3254607617855072
0.006594821810722351,0.6246638298034668,False,family-00382,0.0,1.0,-1.0,minimum,sum_mod_10,1,0.439958393573761,10.893314361572266,55,-0.09070883691310883,minimum__sum_mod_10,0.005742564797401428,-0.0008522570133209229,0.006594821810722351
0.06611837446689606,0.30624091625213623,False,family-00382,0.0,1.0,-1.0,minimum,sum_mod_10,2,0.5293378233909607,12.41209888458252,55,-0.09070883691310883,minimum__sum_mod_10,-0.02978871762752533,0.03632965683937073,-0.06611837446689606
0.17508675158023834,1.639176219701767,False,family-00382,0.0,1.0,-1.0,minimum,sum_mod_10,3,0.5254572629928589,18.62998390197754,55,-0.09070883691310883,minimum__sum_mod_10,-0.11129452288150787,0.06379222869873047,-0.17508675158023834
0.2648478150367737,-1.281186580657959,True,family-00383,0.0,1.0,-1.0,maximum,minimum,0,0.29966557025909424,11.460025787353516,55,-0.2334374189376831,maximum__minimum,0.4682614207267761,0.20341360569000244,0.2648478150367737
0.1519031524658203,0.5371397733688354,True,family-00383,0.0,1.0,-1.0,maximum,minimum,1,0.4858214259147644,10.17735767364502,55,-0.2334374189376831,maximum__minimum,0.16727066040039062,0.31917381286621094,-0.1519031524658203
0.17059415578842163,0.5079324245452881,True,family-00383,0.0,1.0,-1.0,maximum,minimum,2,0.1831984966993332,17.218252182006836,55,-0.2334374189376831,maximum__minimum,0.083224356174469,0.2538185119628906,-0.17059415578842163
0.3271789848804474,-0.49449992179870605,True,family-00383,0.0,1.0,-1.0,maximum,minimum,3,0.2786007523536682,21.535722732543945,55,-0.2334374189376831,maximum__minimum,0.3658791482448578,0.0387001633644104,0.3271789848804474
0.4972095489501953,-0.920316219329834,False,family-00383,0.0,0.5,-0.5,maximum,sum_mod_10,0,0.38563522696495056,11.28425121307373,55,0.530780166387558,maximum__sum_mod_10,0.4682614207267761,-0.02894812822341919,0.4972095489501953
0.12883757799863815,-0.31205272674560547,False,family-00383,0.0,0.5,-0.5,maximum,sum_mod_10,1,0.4514525532722473,10.878437995910645,55,0.530780166387558,maximum__sum_mod_10,0.16727066040039062,0.03843308240175247,0.12883757799863815
0.056487247347831726,0.11417996883392334,False,family-00383,0.0,0.5,-0.5,maximum,sum_mod_10,2,0.41693368554115295,13.221911430358887,55,0.530780166387558,maximum__sum_mod_10,0.083224356174469,0.026737108826637268,0.056487247347831726
0.3388235718011856,0.5070148706436157,False,family-00383,0.0,0.5,-0.5,maximum,sum_mod_10,3,0.4779510200023651,19.408632278442383,55,0.530780166387558,maximum__sum_mod_10,0.3658791482448578,0.02705557644367218,0.3388235718011856
0.23236173391342163,0.360870361328125,False,family-00383,1.0,0.5,0.5,minimum,sum_mod_10,0,0.45071735978126526,10.079194068908691,55,0.7642175853252411,minimum__sum_mod_10,0.20341360569000244,-0.02894812822341919,0.23236173391342163
0.28074073046445847,-0.8491925001144409,False,family-00383,1.0,0.5,0.5,minimum,sum_mod_10,1,0.6316775679588318,8.837872505187988,55,0.7642175853252411,minimum__sum_mod_10,0.31917381286621094,0.03843308240175247,0.28074073046445847
0.22708140313625336,-0.39375245571136475,False,family-00383,1.0,0.5,0.5,minimum,sum_mod_10,2,0.5900968313217163,12.205656051635742,55,0.7642175853252411,minimum__sum_mod_10,0.2538185119628906,0.026737108826637268,0.22708140313625336
0.01164458692073822,1.0015147924423218,False,family-00383,1.0,0.5,0.5,minimum,sum_mod_10,3,0.5570375919342041,18.653852462768555,55,0.7642175853252411,minimum__sum_mod_10,0.0387001633644104,0.02705557644367218,0.01164458692073822
0.2111365795135498,-0.3660827875137329,True,family-00384,1.0,0.5,0.5,maximum,minimum,0,0.4990171790122986,9.316418647766113,55,0.0037813186645507812,maximum__minimum,0.3413957357406616,0.13025915622711182,0.2111365795135498
0.5468353033065796,0.13883721828460693,True,family-00384,1.0,0.5,0.5,maximum,minimum,1,0.5670396089553833,9.661486625671387,55,0.0037813186645507812,maximum__minimum,0.12076330184936523,0.6675986051559448,-0.5468353033065796
0.12637567520141602,-0.09406685829162598,True,family-00384,1.0,0.5,0.5,maximum,minimum,2,0.31770849227905273,14.403663635253906,55,0.0037813186645507812,maximum__minimum,0.06966572999954224,0.19604140520095825,-0.12637567520141602
0.0047602057456970215,-1.121525526046753,True,family-00384,1.0,0.5,0.5,maximum,minimum,3,0.24374699592590332,21.64678192138672,55,0.0037813186645507812,maximum__minimum,0.2974964380264282,0.30225664377212524,-0.0047602057456970215
0.32944908924400806,-0.055338144302368164,False,family-00384,1.0,0.0,1.0,maximum,sum_mod_10,0,0.2889701724052429,11.614745140075684,55,0.8876620568335056,maximum__sum_mod_10,0.3413957357406616,0.011946646496653557,0.32944908924400806
0.11771297454833984,-1.4024887084960938,False,family-00384,1.0,0.0,1.0,maximum,sum_mod_10,1,0.15049049258232117,13.781039237976074,55,0.8876620568335056,maximum__sum_mod_10,0.12076330184936523,0.0030503273010253906,0.11771297454833984
0.052975842729210854,-1.0149614810943604,False,family-00384,1.0,0.0,1.0,maximum,sum_mod_10,2,0.04739631339907646,16.663673400878906,55,0.8876620568335056,maximum__sum_mod_10,0.06966572999954224,0.016689887270331383,0.052975842729210854
0.2784047704190016,-0.32398533821105957,False,family-00384,1.0,0.0,1.0,maximum,sum_mod_10,3,0.09586707502603531,24.3064022064209,55,0.8876620568335056,maximum__sum_mod_10,0.2974964380264282,0.019091667607426643,0.2784047704190016
0.11831250973045826,0.31074464321136475,False,family-00384,0.5,0.0,0.5,minimum,sum_mod_10,0,0.3138650953769684,10.254087448120117,55,0.8838807381689548,minimum__sum_mod_10,0.13025915622711182,0.011946646496653557,0.11831250973045826
0.6645482778549194,-1.5413259267807007,False,family-00384,0.5,0.0,0.5,minimum,sum_mod_10,1,0.23365427553653717,11.730803489685059,55,0.8838807381689548,minimum__sum_mod_10,0.6675986051559448,0.0030503273010253906,0.6645482778549194
0.17935151793062687,-0.9208946228027344,False,family-00384,0.5,0.0,0.5,minimum,sum_mod_10,2,0.07407500594854355,14.649128913879395,55,0.8838807381689548,minimum__sum_mod_10,0.19604140520095825,0.016689887270331383,0.17935151793062687
0.2831649761646986,0.7975401878356934,False,family-00384,0.5,0.0,0.5,minimum,sum_mod_10,3,0.12163101136684418,18.784021377563477,55,0.8838807381689548,minimum__sum_mod_10,0.30225664377212524,0.019091667607426643,0.2831649761646986
0.5955743193626404,0.7280081510543823,True,family-00385,0.5,0.0,0.5,maximum,minimum,0,0.5257600545883179,9.122367858886719,55,0.3519555330276489,maximum__minimum,0.36232978105545044,-0.23324453830718994,0.5955743193626404
0.1026831567287445,-0.43931806087493896,True,family-00385,0.5,0.0,0.5,maximum,minimum,1,0.49066162109375,9.545002937316895,55,0.3519555330276489,maximum__minimum,0.027014434337615967,0.12969759106636047,-0.1026831567287445
0.3874063193798065,0.012034296989440918,True,family-00385,0.5,0.0,0.5,maximum,minimum,2,0.35878986120224,13.37328815460205,55,0.3519555330276489,maximum__minimum,0.04350781440734863,0.43091413378715515,-0.3874063193798065
0.12618273496627808,-0.38305890560150146,True,family-00385,0.5,0.0,0.5,maximum,minimum,3,0.4912833869457245,17.748716354370117,55,0.3519555330276489,maximum__minimum,0.12441110610961914,0.2505938410758972,-0.12618273496627808
0.3783587347716093,0.5720005035400391,False,family-00385,0.5,1.0,-0.5,maximum,sum_mod_10,0,0.5387469530105591,9.163805961608887,55,0.880275818053633,maximum__sum_mod_10,0.36232978105545044,-0.016028953716158867,0.3783587347716093
0.027523083612322807,-0.3108423948287964,False,family-00385,0.5,1.0,-0.5,maximum,sum_mod_10,1,0.5138130784034729,9.553808212280273,55,0.880275818053633,maximum__sum_mod_10,0.027014434337615967,-0.0005086492747068405,0.027523083612322807
0.04176871362142265,-0.2815765142440796,False,family-00385,0.5,1.0,-0.5,maximum,sum_mod_10,2,0.5794764757156372,11.470207214355469,55,0.880275818053633,maximum__sum_mod_10,0.04350781440734863,0.0017391007859259844,0.04176871362142265
0.12288749380968511,0.695210337638855,False,family-00385,0.5,1.0,-0.5,maximum,sum_mod_10,3,0.6299476027488708,16.641427993774414,55,0.880275818053633,maximum__sum_mod_10,0.12441110610961914,0.0015236122999340296,0.12288749380968511
0.21721558459103107,-0.15600764751434326,False,family-00385,0.0,1.0,-1.0,minimum,sum_mod_10,0,0.980614960193634,1.9124600887298584,55,0.528320285025984,minimum__sum_mod_10,-0.23324453830718994,-0.016028953716158867,-0.21721558459103107
0.13020624034106731,0.12847566604614258,False,family-00385,0.0,1.0,-1.0,minimum,sum_mod_10,1,0.9505507349967957,2.8932981491088867,55,0.528320285025984,minimum__sum_mod_10,0.12969759106636047,-0.0005086492747068405,0.13020624034106731
0.42917503300122917,-0.2936108112335205,False,family-00385,0.0,1.0,-1.0,minimum,sum_mod_10,2,0.8326481580734253,6.491641521453857,55,0.528320285025984,minimum__sum_mod_10,0.43091413378715515,0.0017391007859259844,0.42917503300122917
0.2490702287759632,1.0782692432403564,False,family-00385,0.0,1.0,-1.0,minimum,sum_mod_10,3,0.7038308382034302,13.882832527160645,55,0.528320285025984,minimum__sum_mod_10,0.2505938410758972,0.0015236122999340296,0.2490702287759632
0.051370441913604736,0.7651901245117188,True,family-00386,0.0,1.0,-1.0,maximum,minimum,0,0.5576558709144592,9.047801971435547,55,0.04143655300140381,maximum__minimum,0.04313182830810547,0.0945022702217102,-0.051370441913604736
0.03390151262283325,0.29322123527526855,True,family-00386,0.0,1.0,-1.0,maximum,minimum,1,0.6460242867469788,8.63828182220459,55,0.04143655300140381,maximum__minimum,-0.08395886421203613,-0.05005735158920288,-0.03390151262283325
0.23604869842529297,0.07180655002593994,True,family-00386,0.0,1.0,-1.0,maximum,minimum,2,0.46141353249549866,13.895532608032227,55,0.04143655300140381,maximum__minimum,0.5974282026290894,0.3613795042037964,0.23604869842529297
0.09864258766174316,-0.36291539669036865,True,family-00386,0.0,1.0,-1.0,maximum,minimum,3,0.5432804822921753,19.12448501586914,55,0.04143655300140381,maximum__minimum,0.03214293718338013,0.1307855248451233,-0.09864258766174316
0.027637943625450134,0.7958874702453613,False,family-00386,0.0,0.5,-0.5,maximum,sum_mod_10,0,0.47504666447639465,10.850558280944824,55,0.7458596602082253,maximum__sum_mod_10,0.04313182830810547,0.015493884682655334,0.027637943625450134
0.0949925109744072,-0.3437225818634033,False,family-00386,0.0,0.5,-0.5,maximum,sum_mod_10,1,0.5112603306770325,11.277023315429688,55,0.7458596602082253,maximum__sum_mod_10,-0.08395886421203613,0.011033646762371063,-0.0949925109744072
0.558059822767973,-0.09977579116821289,False,family-00386,0.0,0.5,-0.5,maximum,sum_mod_10,2,0.5701279044151306,13.446969032287598,55,0.7458596602082253,maximum__sum_mod_10,0.5974282026290894,0.03936837986111641,0.558059822767973
0.04071377217769623,0.5799508094787598,False,family-00386,0.0,0.5,-0.5,maximum,sum_mod_10,3,0.6071652770042419,18.82084846496582,55,0.7458596602082253,maximum__sum_mod_10,0.03214293718338013,-0.008570834994316101,0.04071377217769623
0.07900838553905487,0.030697345733642578,False,family-00386,1.0,0.5,0.5,minimum,sum_mod_10,0,0.38799676299095154,11.371149063110352,55,0.7044231072068214,minimum__sum_mod_10,0.0945022702217102,0.015493884682655334,0.07900838553905487
0.061090998351573944,-0.6369438171386719,False,family-00386,1.0,0.5,0.5,minimum,sum_mod_10,1,0.440548837184906,11.087041854858398,55,0.7044231072068214,minimum__sum_mod_10,-0.05005735158920288,0.011033646762371063,-0.061090998351573944
0.32201112434268,-0.17158234119415283,False,family-00386,1.0,0.5,0.5,minimum,sum_mod_10,2,0.388016939163208,14.094654083251953,55,0.7044231072068214,minimum__sum_mod_10,0.3613795042037964,0.03936837986111641,0.32201112434268
0.1393563598394394,0.9428662061691284,False,family-00386,1.0,0.5,0.5,minimum,sum_mod_10,3,0.4611697196960449,21.004629135131836,55,0.7044231072068214,minimum__sum_mod_10,0.1307855248451233,-0.008570834994316101,0.1393563598394394
0.0478326678276062,-0.10837769508361816,True,family-00387,1.0,0.5,0.5,maximum,minimum,0,0.5027235746383667,9.02910041809082,55,-0.2293775975704193,maximum__minimum,0.28936702013015747,0.33719968795776367,-0.0478326678276062
0.26178115606307983,0.16615808010101318,True,family-00387,1.0,0.5,0.5,maximum,minimum,1,0.5012163519859314,10.115215301513672,55,-0.2293775975704193,maximum__minimum,0.26004594564437866,0.5218271017074585,-0.26178115606307983
0.21753424406051636,-0.3193713426589966,True,family-00387,1.0,0.5,0.5,maximum,minimum,2,0.21009854972362518,16.597623825073242,55,-0.2293775975704193,maximum__minimum,0.02776479721069336,0.24529904127120972,-0.21753424406051636
0.14309880137443542,-0.20630836486816406,True,family-00387,1.0,0.5,0.5,maximum,minimum,3,0.246693953871727,18.513429641723633,55,-0.2293775975704193,maximum__minimum,0.3196467459201813,0.17654794454574585,0.14309880137443542
0.30274620838463306,-0.3389003276824951,False,family-00387,1.0,0.0,1.0,maximum,sum_mod_10,0,0.2582719624042511,11.950692176818848,55,0.42742723040282726,maximum__sum_mod_10,0.28936702013015747,-0.013379188254475594,0.30274620838463306
0.28311690874397755,-1.1026968955993652,False,family-00387,1.0,0.0,1.0,maximum,sum_mod_10,1,0.4991113245487213,10.587636947631836,55,0.42742723040282726,maximum__sum_mod_10,0.26004594564437866,-0.023070963099598885,0.28311690874397755
0.052675409242510796,0.10826003551483154,False,family-00387,1.0,0.0,1.0,maximum,sum_mod_10,2,0.4254652261734009,12.610456466674805,55,0.42742723040282726,maximum__sum_mod_10,0.02776479721069336,-0.024910612031817436,0.052675409242510796
0.314972709864378,0.7043265104293823,False,family-00387,1.0,0.0,1.0,maximum,sum_mod_10,3,0.41150516271591187,17.303424835205078,55,0.42742723040282726,maximum__sum_mod_10,0.3196467459201813,0.004674036055803299,0.314972709864378
0.35057887621223927,-0.23052263259887695,False,family-00387,0.5,0.0,0.5,minimum,sum_mod_10,0,0.36778953671455383,11.285435676574707,55,0.6568048279732466,minimum__sum_mod_10,0.33719968795776367,-0.013379188254475594,0.35057887621223927
0.5448980648070574,-1.2688549757003784,False,family-00387,0.5,0.0,0.5,minimum,sum_mod_10,1,0.432586669921875,11.838398933410645,55,0.6568048279732466,minimum__sum_mod_10,0.5218271017074585,-0.023070963099598885,0.5448980648070574
0.27020965330302715,0.4276313781738281,False,family-00387,0.5,0.0,0.5,minimum,sum_mod_10,2,0.5364540219306946,13.710602760314941,55,0.6568048279732466,minimum__sum_mod_10,0.24529904127120972,-0.024910612031817436,0.27020965330302715
0.17187390848994255,0.9106348752975464,False,family-00387,0.5,0.0,0.5,minimum,sum_mod_10,3,0.6379855275154114,15.177617073059082,55,0.6568048279732466,minimum__sum_mod_10,0.17654794454574585,0.004674036055803299,0.17187390848994255
0.185352623462677,1.1521400213241577,True,family-00388,0.5,0.0,0.5,maximum,minimum,0,0.44391462206840515,8.944558143615723,55,-0.1485055685043335,maximum__minimum,0.29712313413619995,0.11177051067352295,0.185352623462677
0.43734216690063477,-1.3841213583946228,True,family-00388,0.5,0.0,0.5,maximum,minimum,1,0.5190584063529968,9.628111839294434,55,-0.1485055685043335,maximum__minimum,0.1927117109298706,0.6300538778305054,-0.43734216690063477
0.05184531211853027,0.015434980392456055,True,family-00388,0.5,0.0,0.5,maximum,minimum,2,0.2618107199668884,16.32595443725586,55,-0.1485055685043335,maximum__minimum,0.12161660194396973,0.1734619140625,-0.05184531211853027
0.15678131580352783,-0.8282022476196289,True,family-00388,0.5,0.0,0.5,maximum,minimum,3,0.5106849074363708,17.22553253173828,55,-0.1485055685043335,maximum__minimum,0.32739078998565674,0.1706094741821289,0.15678131580352783
0.31724400632083416,1.0346040725708008,False,family-00388,0.5,1.0,-0.5,maximum,sum_mod_10,0,0.44235876202583313,9.921221733093262,55,0.6802890636026859,maximum__sum_mod_10,0.29712313413619995,-0.02012087218463421,0.31724400632083416
0.20494247414171696,0.07855600118637085,False,family-00388,0.5,1.0,-0.5,maximum,sum_mod_10,1,0.5697500705718994,10.061247825622559,55,0.6802890636026859,maximum__sum_mod_10,0.1927117109298706,-0.012230763211846352,0.20494247414171696
0.1204244215041399,-0.3688178062438965,False,family-00388,0.5,1.0,-0.5,maximum,sum_mod_10,2,0.586654007434845,12.345510482788086,55,0.6802890636026859,maximum__sum_mod_10,0.12161660194396973,0.0011921804398298264,0.1204244215041399
0.32528141932561994,1.1549550294876099,False,family-00388,0.5,1.0,-0.5,maximum,sum_mod_10,3,0.6508840322494507,16.719684600830078,55,0.6802890636026859,maximum__sum_mod_10,0.32739078998565674,0.0021093706600368023,0.32528141932561994
0.13189138285815716,-0.11753594875335693,False,family-00388,0.0,1.0,-1.0,minimum,sum_mod_10,0,0.15176668763160706,11.774622917175293,55,0.8287946321070194,minimum__sum_mod_10,0.11177051067352295,-0.02012087218463421,0.13189138285815716
0.6422846410423517,1.4626773595809937,False,family-00388,0.0,1.0,-1.0,minimum,sum_mod_10,1,0.4021722972393036,11.604485511779785,55,0.8287946321070194,minimum__sum_mod_10,0.6300538778305054,-0.012230763211846352,0.6422846410423517
0.17226973362267017,-0.38425278663635254,False,family-00388,0.0,1.0,-1.0,minimum,sum_mod_10,2,0.41487959027290344,14.441917419433594,55,0.8287946321070194,minimum__sum_mod_10,0.1734619140625,0.0011921804398298264,0.17226973362267017
0.1685001035220921,1.9831572771072388,False,family-00388,0.0,1.0,-1.0,minimum,sum_mod_10,3,0.5367175936698914,18.270050048828125,55,0.8287946321070194,minimum__sum_mod_10,0.1706094741821289,0.0021093706600368023,0.1685001035220921
0.3685407489538193,0.3265528678894043,True,family-00389,0.0,1.0,-1.0,maximum,minimum,0,0.4170430600643158,9.561566352844238,55,-0.5475493967533112,maximum__minimum,0.08052127063274384,0.4490620195865631,-0.3685407489538193
0.007308587431907654,-0.12301373481750488,True,family-00389,0.0,1.0,-1.0,maximum,minimum,1,0.5350759029388428,8.774734497070312,55,-0.5475493967533112,maximum__minimum,0.10202626883983612,0.09471768140792847,0.007308587431907654
0.7706200480461121,0.14008045196533203,True,family-00389,0.0,1.0,-1.0,maximum,minimum,2,0.2441330850124359,18.251916885375977,55,-0.5475493967533112,maximum__minimum,-0.37234947085380554,0.3982705771923065,-0.7706200480461121
0.10019075870513916,-0.8172405958175659,True,family-00389,0.0,1.0,-1.0,maximum,minimum,3,0.32609814405441284,18.793476104736328,55,-0.5475493967533112,maximum__minimum,0.10059627890586853,0.2007870376110077,-0.10019075870513916
0.1653350442647934,-0.051348209381103516,False,family-00389,0.0,0.5,-0.5,maximum,sum_mod_10,0,0.35674145817756653,10.398384094238281,55,0.09826277568936348,maximum__sum_mod_10,0.08052127063274384,-0.08481377363204956,0.1653350442647934
0.12590386345982552,-0.2769719362258911,False,family-00389,0.0,0.5,-0.5,maximum,sum_mod_10,1,0.5223016738891602,9.194038391113281,55,0.09826277568936348,maximum__sum_mod_10,0.10202626883983612,-0.023877594619989395,0.12590386345982552
0.34375225380063057,-1.2394381761550903,False,family-00389,0.0,0.5,-0.5,maximum,sum_mod_10,2,0.5085471272468567,14.056374549865723,55,0.09826277568936348,maximum__sum_mod_10,-0.37234947085380554,-0.028597217053174973,-0.34375225380063057
0.1243402250111103,0.7012009024620056,False,family-00389,0.0,0.5,-0.5,maximum,sum_mod_10,3,0.45662978291511536,21.452043533325195,55,0.09826277568936348,maximum__sum_mod_10,0.10059627890586853,-0.023743946105241776,0.1243402250111103
0.5338757932186127,-0.3779010772705078,False,family-00389,1.0,0.5,0.5,minimum,sum_mod_10,0,0.47060349583625793,8.725269317626953,55,0.6458121724426746,minimum__sum_mod_10,0.4490620195865631,-0.08481377363204956,0.5338757932186127
0.11859527602791786,-0.15395820140838623,False,family-00389,1.0,0.5,0.5,minimum,sum_mod_10,1,0.5222058296203613,8.523904800415039,55,0.6458121724426746,minimum__sum_mod_10,0.09471768140792847,-0.023877594619989395,0.11859527602791786
0.4268677942454815,-1.3795186281204224,False,family-00389,1.0,0.5,0.5,minimum,sum_mod_10,2,0.42433610558509827,13.413739204406738,55,0.6458121724426746,minimum__sum_mod_10,0.3982705771923065,-0.028597217053174973,0.4268677942454815
0.22453098371624947,1.5184414982795715,False,family-00389,1.0,0.5,0.5,minimum,sum_mod_10,3,0.4772670567035675,20.977569580078125,55,0.6458121724426746,minimum__sum_mod_10,0.2007870376110077,-0.023743946105241776,0.22453098371624947
