candidate_update_norm,causal_utility,distractor,e1_candidate_harmful_cell,example_id,family_id,gate,gate_entropy,goal_identifiability,layer,relative_update_norm,residual_norm,seed,task
6.926181793212891,0.31942451000213623,True,False,family-00300-maximum,family-00300,0.9763849973678589,0.11179274954843188,1.0,0,0.7020103772945668,9.866209983825684,44,maximum
4.716073036193848,-0.08195388317108154,True,False,family-00300-maximum,family-00300,0.9231963753700256,0.2708924447201809,1.0,1,0.5729769907115865,8.23082447052002,44,maximum
7.096404075622559,0.21499261260032654,True,False,family-00300-maximum,family-00300,0.9795941114425659,0.09961458348533225,1.0,2,0.7528725508636143,9.42577075958252,44,maximum
8.442852973937988,0.3007604479789734,True,False,family-00300-maximum,family-00300,0.9895232319831848,0.058181036760826726,1.0,3,0.7460211871337455,11.31717586517334,44,maximum
5.925013542175293,0.23328649997711182,True,False,family-00300-minimum,family-00300,0.9757347106933594,0.1142040111322595,0.5,0,0.6218768411340194,9.527631759643555,44,minimum
10.06363582611084,0.6170082092285156,True,False,family-00300-minimum,family-00300,0.963216245174408,0.15758445089749404,0.5,1,1.0470159092043354,9.61173152923584,44,minimum
4.609131813049316,0.09042906761169434,True,False,family-00300-minimum,family-00300,0.7711897492408752,0.5378347529714809,0.5,2,0.31148205333218015,14.797423362731934,44,minimum
7.4771342277526855,0.13283586502075195,True,False,family-00300-minimum,family-00300,0.9824697971343994,0.08826480343160746,0.5,3,0.4795779690799535,15.591071128845215,44,minimum
4.547157287597656,0.13846415281295776,False,False,family-00300-sum_mod_10,family-00300,0.9683666825294495,0.1403746885350306,0.0,0,0.44181110269029017,10.292084693908691,44,sum_mod_10
6.668614387512207,0.15696674585342407,False,False,family-00300-sum_mod_10,family-00300,0.9579110145568848,0.17452715871921104,0.0,1,0.7003645576050694,9.52163314819336,44,sum_mod_10
5.231704235076904,0.023668110370635986,False,False,family-00300-sum_mod_10,family-00300,0.9294880032539368,0.2549613146024093,0.0,2,0.44483867436467134,11.760902404785156,44,sum_mod_10
7.210471153259277,-0.1185421347618103,False,True,family-00300-sum_mod_10,family-00300,0.9901280999183655,0.05541206758433888,0.0,3,0.5388613144970473,13.380940437316895,44,sum_mod_10
8.613027572631836,0.3926093578338623,True,False,family-00301-maximum,family-00301,0.9763849973678589,0.11179274954843188,0.5,0,0.8729823900719454,9.866209983825684,44,maximum
7.124423027038574,-0.04884105920791626,True,False,family-00301-maximum,family-00301,0.8999400734901428,0.3252146254442453,0.5,1,0.7045682398080685,10.111757278442383,44,maximum
6.155858516693115,0.06864506006240845,True,False,family-00301-maximum,family-00301,0.9927880167961121,0.04275549678289227,0.5,2,0.4509881741886261,13.649711608886719,44,maximum
11.050108909606934,0.387432336807251,True,False,family-00301-maximum,family-00301,0.9923168420791626,0.0450607467762325,0.5,3,0.7258419340685335,15.22385025024414,44,maximum
5.477331638336182,0.24564236402511597,False,False,family-00301-minimum,family-00301,0.9681898355484009,0.14097924321437244,0.0,0,0.547868645038279,9.997527122497559,44,minimum
4.789435863494873,0.24024592339992523,False,False,family-00301-minimum,family-00301,0.9746053814888,0.11834938029445026,0.0,1,0.5512297796754738,8.688637733459473,44,minimum
5.974478721618652,0.18572476506233215,False,False,family-00301-minimum,family-00301,0.9517187476158142,0.19342305665768061,0.0,2,0.7383474496367131,8.091690063476562,44,minimum
6.63800573348999,0.20389211177825928,False,False,family-00301-minimum,family-00301,0.9917787909507751,0.047657658923622,0.0,3,0.6196802889516244,10.711984634399414,44,minimum
6.208928108215332,0.03616718947887421,False,False,family-00301-sum_mod_10,family-00301,0.9726890921592712,0.12526660255310906,1.0,0,0.6211348492616733,9.996103286743164,44,sum_mod_10
6.712733268737793,0.03516756743192673,False,False,family-00301-sum_mod_10,family-00301,0.969391942024231,0.13684952606282602,1.0,1,0.7128859906798719,9.416278839111328,44,sum_mod_10
5.207383155822754,-0.009079203009605408,False,False,family-00301-sum_mod_10,family-00301,0.987845242023468,0.0656834908092731,1.0,2,0.4524566215342802,11.509132385253906,44,sum_mod_10
11.245763778686523,-0.014935992658138275,False,True,family-00301-sum_mod_10,family-00301,0.9949012994766235,0.03200054517649661,1.0,3,0.792277176793341,14.194229125976562,44,sum_mod_10
8.44283390045166,0.21261721849441528,False,False,family-00302-maximum,family-00302,0.9780574440956116,0.1055058412282574,0.0,0,0.8737049916917152,9.663254737854004,44,maximum
4.545060634613037,0.033754587173461914,False,False,family-00302-maximum,family-00302,0.9135019183158875,0.2943599016063102,0.0,1,0.43598389129570286,10.424836158752441,44,maximum
7.4986653327941895,0.19901984930038452,False,False,family-00302-maximum,family-00302,0.9898223876953125,0.05681610019810926,0.0,2,0.6409855070431675,11.698650360107422,44,maximum
9.020100593566895,0.26954641938209534,False,False,family-00302-maximum,family-00302,0.9919459223747253,0.04685490976441415,0.0,3,0.6654386620450748,13.555119514465332,44,maximum
5.40714693069458,0.4597291052341461,True,False,family-00302-minimum,family-00302,0.9730870723724365,0.12384171215580603,1.0,0,0.6176101540788947,8.754951477050781,44,minimum
5.337005615234375,0.5544298887252808,True,False,family-00302-minimum,family-00302,0.9710109233856201,0.13121034474111898,1.0,1,0.6260864272998785,8.524391174316406,44,minimum
5.265061855316162,0.5188549757003784,True,False,family-00302-minimum,family-00302,0.9102523326873779,0.3019536283337527,1.0,2,0.5868188435343202,8.972209930419922,44,minimum
6.389405250549316,0.11870038509368896,True,False,family-00302-minimum,family-00302,0.9748457074165344,0.11747162217210644,1.0,3,0.6216222635764269,10.278597831726074,44,minimum
7.874460697174072,-0.016950570046901703,False,False,family-00302-sum_mod_10,family-00302,0.9780574440956116,0.1055058412282574,0.5,0,0.8148870034779624,9.663254737854004,44,sum_mod_10
8.503028869628906,0.05326005816459656,False,False,family-00302-sum_mod_10,family-00302,0.9854704141616821,0.07590645136714495,0.5,1,0.7491572678969294,11.350125312805176,44,sum_mod_10
5.246982097625732,0.05311988666653633,False,False,family-00302-sum_mod_10,family-00302,0.9876669645309448,0.06646620335289789,0.5,2,0.2992211512879456,17.535465240478516,44,sum_mod_10
12.07724666595459,-0.00015276670455932617,False,True,family-00302-sum_mod_10,family-00302,0.9990978240966797,0.0072266543658090895,0.5,3,0.6135750162745812,19.683406829833984,44,sum_mod_10
6.283703804016113,-0.006462432444095612,False,False,family-00303-maximum,family-00303,0.9815162420272827,0.09207801456333566,1.0,0,0.5521814000442151,11.379781723022461,44,maximum
3.6507174968719482,0.05673561990261078,False,False,family-00303-maximum,family-00303,0.9030921459197998,0.31823522123555836,1.0,1,0.3535257315121293,10.3265962600708,44,maximum
5.8941121101379395,0.09478335082530975,False,False,family-00303-maximum,family-00303,0.9774906635284424,0.10765056459439473,1.0,2,0.588110227124369,10.02212142944336,44,maximum
6.974451541900635,0.050775401294231415,False,False,family-00303-maximum,family-00303,0.9882252216339111,0.06400633907219024,1.0,3,0.6461768196766996,10.793410301208496,44,maximum
7.046253681182861,0.1391701102256775,False,False,family-00303-minimum,family-00303,0.9768949747085571,0.10988894692276069,0.5,0,0.7207373017005658,9.77645206451416,44,minimum
6.4256815910339355,0.012920200824737549,False,False,family-00303-minimum,family-00303,0.9740923643112183,0.1202153256382814,0.5,1,0.6311992692951743,10.180115699768066,44,minimum
5.377170085906982,-0.00699383020401001,False,False,family-00303-minimum,family-00303,0.8734802007675171,0.3797170314224133,0.5,2,0.4033020161840916,13.33286190032959,44,minimum
11.426304817199707,0.5948721170425415,False,False,family-00303-minimum,family-00303,0.9847730398178101,0.0788305104612499,0.5,3,0.8418050511890528,13.573575973510742,44,minimum
5.872520446777344,-0.02122139185667038,True,False,family-00303-sum_mod_10,family-00303,0.9803701639175415,0.0965949850673804,0.0,0,0.592494549205329,9.911518096923828,44,sum_mod_10
5.474900245666504,-0.0059416089206933975,True,False,family-00303-sum_mod_10,family-00303,0.9368237853050232,0.23561899310470433,0.0,1,0.5837117663057984,9.3794584274292,44,sum_mod_10
6.418901443481445,-0.02321143075823784,True,False,family-00303-sum_mod_10,family-00303,0.9768303632736206,0.11013078099983561,0.0,2,0.6008833576518263,10.682441711425781,44,sum_mod_10
9.134202003479004,-0.001061776652932167,True,True,family-00303-sum_mod_10,family-00303,0.9922415018081665,0.04542660567465042,0.0,3,0.7287669016934069,12.533777236938477,44,sum_mod_10
7.451844692230225,0.25678539276123047,True,False,family-00304-maximum,family-00304,0.9757347106933594,0.1142040111322595,0.5,0,0.7821297968078702,9.527631759643555,44,maximum
5.937778472900391,0.08883953094482422,True,False,family-00304-maximum,family-00304,0.8905119895935059,0.3454435586284987,0.5,1,0.6211334611338921,9.559585571289062,44,maximum
11.296953201293945,0.07486790418624878,True,False,family-00304-maximum,family-00304,0.9872275590896606,0.06838431150381453,0.5,2,1.0058728565033297,11.230995178222656,44,maximum
6.821045398712158,0.07241952419281006,True,False,family-00304-maximum,family-00304,0.9926869869232178,0.04325233648855534,0.5,3,0.4058800239565296,16.805570602416992,44,maximum
6.7739715576171875,0.578949511051178,False,False,family-00304-minimum,family-00304,0.9726890921592712,0.12526660255310906,0.0,0,0.6776612209080344,9.996103286743164,44,minimum
5.066779613494873,0.46308839321136475,False,False,family-00304-minimum,family-00304,0.9761967658996582,0.11249257598020819,0.0,1,0.5393654599841528,9.393963813781738,44,minimum
7.078009128570557,0.3352263271808624,False,False,family-00304-minimum,family-00304,0.9463421702384949,0.20914780004320369,0.0,2,0.7133293075088515,9.92249870300293,44,minimum
5.528469562530518,0.022047579288482666,False,False,family-00304-minimum,family-00304,0.9667745232582092,0.1457813802565826,0.0,3,0.4085540283129689,13.531795501708984,44,minimum
5.684160232543945,0.0183805450797081,True,False,family-00304-sum_mod_10,family-00304,0.9676731824874878,0.14273963424558253,1.0,0,0.5934242850312818,9.578577041625977,44,sum_mod_10
6.6521148681640625,0.01436823233962059,True,False,family-00304-sum_mod_10,family-00304,0.9795179963111877,0.09990910438203493,1.0,1,0.6568614008627509,10.127120971679688,44,sum_mod_10
6.541718482971191,0.005471378564834595,True,False,family-00304-sum_mod_10,family-00304,0.9824277758598328,0.08843393592537385,1.0,2,0.5200772349482151,12.578359603881836,44,sum_mod_10
11.850224494934082,0.01130266860127449,True,True,family-00304-sum_mod_10,family-00304,0.9980383515357971,0.014188581056970401,1.0,3,0.7286671879476888,16.262876510620117,44,sum_mod_10
7.783400058746338,0.22124052047729492,False,False,family-00305-maximum,family-00305,0.9780574440956116,0.1055058412282574,0.0,0,0.8054636113706405,9.663254737854004,44,maximum
5.500687599182129,-0.07814943790435791,False,False,family-00305-maximum,family-00305,0.9189340472221375,0.28136511034401246,0.0,1,0.5588951453576848,9.842074394226074,44,maximum
8.772632598876953,0.20857948064804077,False,False,family-00305-maximum,family-00305,0.9842287302017212,0.08109015917199569,0.0,2,0.7815844985665781,11.224164009094238,44,maximum
7.988462924957275,0.055142104625701904,False,False,family-00305-maximum,family-00305,0.9824497699737549,0.08834542403124562,0.0,3,0.5245096906589553,15.23034381866455,44,maximum
5.724837779998779,0.44696468114852905,False,False,family-00305-minimum,family-00305,0.9749530553817749,0.11707878846180106,1.0,0,0.5403691117576574,10.59430980682373,44,minimum
7.187804222106934,0.1557931900024414,False,False,family-00305-minimum,family-00305,0.9767796397209167,0.11032050486903121,1.0,1,0.7413808960734142,9.695157051086426,44,minimum
4.001492023468018,0.012242794036865234,False,False,family-00305-minimum,family-00305,0.9109755158424377,0.3002750068375044,1.0,2,0.3893954622313542,10.276165008544922,44,minimum
13.158622741699219,0.4232812523841858,False,False,family-00305-minimum,family-00305,0.9811652898788452,0.09346869521412363,1.0,3,1.2222602442728265,10.7658109664917,44,minimum
7.153197288513184,-0.01898355782032013,True,False,family-00305-sum_mod_10,family-00305,0.9805988073348999,0.09569942474854568,0.5,0,0.6906562931391369,10.357101440429688,44,sum_mod_10
8.311089515686035,-0.00342745054513216,True,False,family-00305-sum_mod_10,family-00305,0.9902269840240479,0.054955893738537986,0.5,1,0.7225051739219576,11.503155708312988,44,sum_mod_10
5.1259894371032715,-0.0017117587849497795,True,False,family-00305-sum_mod_10,family-00305,0.9909855127334595,0.051422254243545365,0.5,2,0.30708915704061684,16.69218635559082,44,sum_mod_10
13.487465858459473,-0.00563976913690567,True,True,family-00305-sum_mod_10,family-00305,0.9992895126342773,0.005860955265432385,0.5,3,0.6947468153704797,19.413497924804688,44,sum_mod_10
7.68951416015625,0.602760910987854,True,False,family-00306-maximum,family-00306,0.9757347106933594,0.1142040111322595,1.0,0,0.8070750795309839,9.527631759643555,44,maximum
5.081357002258301,0.06571125984191895,True,False,family-00306-maximum,family-00306,0.9102528691291809,0.30195238554663756,1.0,1,0.5797385306586806,8.764911651611328,44,maximum
5.932855606079102,0.2207639217376709,True,False,family-00306-maximum,family-00306,0.9823529124259949,0.08873500237641332,1.0,2,0.6002356540393383,9.884210586547852,44,maximum
6.169590950012207,0.3052101731300354,True,False,family-00306-maximum,family-00306,0.9908326268196106,0.052139496694600745,1.0,3,0.5429889566333851,11.362277030944824,44,maximum
5.718994617462158,0.30529290437698364,True,False,family-00306-minimum,family-00306,0.9709507822990417,0.13142146106867747,0.5,0,0.5522339328605961,10.356108665466309,44,minimum
8.701705932617188,0.8150110244750977,True,False,family-00306-minimum,family-00306,0.9745535254478455,0.1185384706749154,0.5,1,0.8662031992862586,10.045802116394043,44,minimum
3.61735463142395,0.07895874977111816,True,False,family-00306-minimum,family-00306,0.9375689029693604,0.2336050254795064,0.5,2,0.2888262839621501,12.52432632446289,44,minimum
5.781397342681885,0.0049353837966918945,True,False,family-00306-minimum,family-00306,0.9822576642036438,0.08911757996107861,0.5,3,0.4377080422673006,13.208341598510742,44,minimum
5.085963726043701,-0.021205365657806396,False,False,family-00306-sum_mod_10,family-00306,0.9780574440956116,0.1055058412282574,0.0,0,0.52631994747281,9.663254737854004,44,sum_mod_10
9.657764434814453,-0.020616084337234497,False,False,family-00306-sum_mod_10,family-00306,0.9753895998001099,0.1154763967689951,0.0,1,1.094418314218198,8.824563980102539,44,sum_mod_10
5.04901647567749,-0.029374804347753525,False,False,family-00306-sum_mod_10,family-00306,0.9727688431739807,0.12498155003292974,0.0,2,0.3861991237226244,13.073609352111816,44,sum_mod_10
7.310338973999023,0.008895596489310265,False,True,family-00306-sum_mod_10,family-00306,0.9927237629890442,0.04307164474747055,0.0,3,0.4697128802729556,15.563420295715332,44,sum_mod_10
6.087917804718018,-0.047573432326316833,False,False,family-00307-maximum,family-00307,0.9768949747085571,0.10988894692276069,0.5,0,0.622712387330726,9.77645206451416,44,maximum
6.593434810638428,-0.0010677985846996307,False,False,family-00307-maximum,family-00307,0.8890636563301086,0.3484685224673609,0.5,1,0.7607772283051064,8.666708946228027,44,maximum
4.034922122955322,0.00977412424981594,False,False,family-00307-maximum,family-00307,0.9865074157714844,0.07149502100681972,0.5,2,0.34410436597629546,11.72586727142334,44,maximum
6.334050178527832,0.006357348524034023,False,False,family-00307-maximum,family-00307,0.9886948466300964,0.061916319560858336,0.5,3,0.5753986151412677,11.008108139038086,44,maximum
6.643868923187256,0.6358386278152466,True,False,family-00307-minimum,family-00307,0.9794909358024597,0.10001374303591169,0.0,0,0.7051520850142005,9.421895027160645,44,minimum
9.428529739379883,0.674830436706543,True,False,family-00307-minimum,family-00307,0.9753509163856506,0.11561870773260413,0.0,1,1.1277035888617237,8.360822677612305,44,minimum
4.990628242492676,0.14546650648117065,True,False,family-00307-minimum,family-00307,0.8871967792510986,0.35233630767938456,0.0,2,0.39212427898344554,12.72715950012207,44,minimum
5.263287544250488,0.014719247817993164,True,False,family-00307-minimum,family-00307,0.9817002415657043,0.09134619433664665,0.0,3,0.3624990229724626,14.519453048706055,44,minimum
6.607110977172852,-0.0007357820868492126,False,False,family-00307-sum_mod_10,family-00307,0.9726890921592712,0.12526660255310906,1.0,0,0.6609686582505809,9.996103286743164,44,sum_mod_10
7.875909805297852,-0.08507130295038223,False,False,family-00307-sum_mod_10,family-00307,0.9719756841659546,0.1278059518445864,1.0,1,0.8405358510322568,9.370105743408203,44,sum_mod_10
6.029167175292969,-0.005377359688282013,False,False,family-00307-sum_mod_10,family-00307,0.9861369132995605,0.07308011836685939,1.0,2,0.46454846057755894,12.978553771972656,44,sum_mod_10
11.716638565063477,0.0598861500620842,False,True,family-00307-sum_mod_10,family-00307,0.9953277111053467,0.029733355119481462,1.0,3,0.7073111082018314,16.56504249572754,44,sum_mod_10
7.428325653076172,0.6982632875442505,True,False,family-00308-maximum,family-00308,0.9676731824874878,0.14273963424558253,0.0,0,0.7755145279715998,9.578577041625977,44,maximum
4.6217732429504395,-0.008351445198059082,True,False,family-00308-maximum,family-00308,0.9285188317298889,0.25745352792885745,0.0,1,0.466248173983049,9.912689208984375,44,maximum
8.420008659362793,0.12610924243927002,True,False,family-00308-maximum,family-00308,0.9888124465942383,0.06138989439579149,0.0,2,0.7681900067648255,10.960841178894043,44,maximum
8.736084938049316,0.36424165964126587,True,False,family-00308-maximum,family-00308,0.9909998774528503,0.05135473041844446,0.0,3,0.6722813844061114,12.994685173034668,44,maximum
6.871885776519775,0.20116305351257324,True,False,family-00308-minimum,family-00308,0.9794909358024597,0.10001374303591169,1.0,0,0.7293528272932444,9.421895027160645,44,minimum
5.500791549682617,0.5524136424064636,True,False,family-00308-minimum,family-00308,0.9678282737731934,0.14221209433301019,1.0,1,0.6641753939512577,8.282136917114258,44,minimum
6.425764560699463,0.5290041565895081,True,False,family-00308-minimum,family-00308,0.9381770491600037,0.23195425069516867,1.0,2,0.7478960540419882,8.591788291931152,44,minimum
6.623777866363525,0.40337875485420227,True,False,family-00308-minimum,family-00308,0.992061972618103,0.04629545615766854,1.0,3,0.5988156432923238,11.061464309692383,44,minimum
7.444850444793701,-0.00570262223482132,False,False,family-00308-sum_mod_10,family-00308,0.9681077599525452,0.1412594748192077,0.5,0,0.7860280183322494,9.471482276916504,44,sum_mod_10
8.118946075439453,0.04226751625537872,False,False,family-00308-sum_mod_10,family-00308,0.9766137003898621,0.11094038484359335,0.5,1,0.8368932760366091,9.701292037963867,44,sum_mod_10
10.027359962463379,-0.08047033101320267,False,False,family-00308-sum_mod_10,family-00308,0.9788843393325806,0.10234987434285102,0.5,2,0.7138923327408249,14.046039581298828,44,sum_mod_10
7.5586748123168945,-0.014615125954151154,False,True,family-00308-sum_mod_10,family-00308,0.9994407296180725,0.004747421348071038,0.5,3,0.3636168740981084,20.7874698638916,44,sum_mod_10
6.508569717407227,0.19480735063552856,False,False,family-00309-maximum,family-00309,0.9749530553817749,0.11707878846180106,1.0,0,0.6143457984601409,10.59430980682373,44,maximum
5.556085586547852,-0.009027242660522461,False,False,family-00309-maximum,family-00309,0.9252023696899414,0.2658757533531795,1.0,1,0.536801542633039,10.350353240966797,44,maximum
11.574992179870605,-0.03363829851150513,False,False,family-00309-maximum,family-00309,0.9907001852989197,0.0527587454358249,1.0,2,0.9796988642532165,11.814846992492676,44,maximum
11.416301727294922,0.2640801668167114,False,False,family-00309-maximum,family-00309,0.9961434602737427,0.02528368342373324,1.0,3,0.6709837473291497,17.01427459716797,44,maximum
5.658889293670654,0.6505172252655029,True,False,family-00309-minimum,family-00309,0.9732781052589417,0.1231556132485116,0.5,0,0.601697156411993,9.404879570007324,44,minimum
7.187081336975098,0.5925136804580688,True,False,family-00309-minimum,family-00309,0.9724279642105103,0.12619827537018982,0.5,1,0.8263475240334508,8.697407722473145,44,minimum
4.846400737762451,-0.016906261444091797,True,False,family-00309-minimum,family-00309,0.8691473007202148,0.3880044440183406,0.5,2,0.439007191697718,11.039456367492676,44,minimum
9.885056495666504,0.3714260458946228,True,False,family-00309-minimum,family-00309,0.9863126873970032,0.07232938346057322,0.5,3,0.821186776377606,12.037525177001953,44,minimum
5.880824565887451,0.16665899753570557,False,False,family-00309-sum_mod_10,family-00309,0.9829645752906799,0.0862655815726592,0.0,0,0.6238916587092926,9.426034927368164,44,sum_mod_10
5.648875713348389,0.24088403582572937,False,False,family-00309-sum_mod_10,family-00309,0.9777919054031372,0.10651249262079801,0.0,1,0.6014370966977126,9.39229679107666,44,sum_mod_10
8.704347610473633,0.3819305896759033,False,False,family-00309-sum_mod_10,family-00309,0.9687058329582214,0.13921243530727884,0.0,2,0.7668155433396459,11.351292610168457,44,sum_mod_10
7.187353134155273,0.09551596641540527,False,True,family-00309-sum_mod_10,family-00309,0.9980559349060059,0.014078922182711869,0.0,3,0.4226127898518461,17.006946563720703,44,sum_mod_10
6.924647808074951,0.40504056215286255,False,False,family-00310-maximum,family-00310,0.9681077599525452,0.1412594748192077,0.5,0,0.7311049744506634,9.471482276916504,44,maximum
7.684774398803711,0.021339356899261475,False,False,family-00310-maximum,family-00310,0.9363872408866882,0.23679455800266064,0.5,1,0.8863763012007666,8.669878005981445,44,maximum
8.747095108032227,0.2806774377822876,False,False,family-00310-maximum,family-00310,0.9917572140693665,0.04776104370516683,0.5,2,0.7174502683126524,12.19191837310791,44,maximum
9.65509033203125,0.15598338842391968,False,False,family-00310-maximum,family-00310,0.9880844950675964,0.06462890320014586,0.5,3,0.7137638723141839,13.527009010314941,44,maximum
5.268134593963623,0.2437516450881958,True,False,family-00310-minimum,family-00310,0.9676731824874878,0.14273963424558253,0.0,0,0.5499913579093947,9.578577041625977,44,minimum
10.089299201965332,0.5108662247657776,True,False,family-00310-minimum,family-00310,0.9801321625709534,0.09752431375345413,0.0,1,1.0358750436330932,9.739880561828613,44,minimum
4.799912929534912,-0.04158908128738403,True,False,family-00310-minimum,family-00310,0.9483347535133362,0.2033895720285194,0.0,2,0.345447723705707,13.894759178161621,44,minimum
5.060141563415527,-0.01044851541519165,True,False,family-00310-minimum,family-00310,0.9804239273071289,0.09638464775923487,0.0,3,0.31688151555796856,15.968560218811035,44,minimum
6.529875755310059,0.03062308207154274,False,False,family-00310-sum_mod_10,family-00310,0.9780574440956116,0.1055058412282574,1.0,0,0.6757428974453591,9.663254737854004,44,sum_mod_10
10.215981483459473,-0.024656713008880615,False,False,family-00310-sum_mod_10,family-00310,0.983791708946228,0.08289056333263917,1.0,1,1.0173521630561992,10.041735649108887,44,sum_mod_10
6.649967670440674,-0.014744408428668976,False,False,family-00310-sum_mod_10,family-00310,0.9866582751274109,0.07084666996358185,1.0,2,0.44250343094220596,15.028059005737305,44,sum_mod_10
11.795794486999512,0.029188305139541626,False,True,family-00310-sum_mod_10,family-00310,0.996381402015686,0.02395460170321299,1.0,3,0.6440292735585008,18.31561851501465,44,sum_mod_10
7.60430383682251,0.7153148651123047,True,False,family-00311-maximum,family-00311,0.9794909358024597,0.10001374303591169,0.0,0,0.8070885755892486,9.421895027160645,44,maximum
4.3309712409973145,0.15392577648162842,True,False,family-00311-maximum,family-00311,0.8889161348342896,0.34877543573395053,0.0,1,0.40021817732528014,10.821525573730469,44,maximum
8.091043472290039,0.6462829113006592,True,False,family-00311-maximum,family-00311,0.9826610684394836,0.08749365164087648,0.0,2,0.7052101140412227,11.473237991333008,44,maximum
5.608129978179932,0.06913846731185913,True,False,family-00311-maximum,family-00311,0.9905713796615601,0.05335916763922555,0.0,3,0.41185312283258946,13.616820335388184,44,maximum
7.037682056427002,0.3761862516403198,False,False,family-00311-minimum,family-00311,0.9815162420272827,0.09207801456333566,1.0,0,0.6184373503569978,11.379781723022461,44,minimum
11.342855453491211,0.44827044010162354,False,False,family-00311-minimum,family-00311,0.9706099629402161,0.1326154416902821,1.0,1,1.1090979943753625,10.227099418640137,44,minimum
4.383571624755859,0.07941931486129761,False,False,family-00311-minimum,family-00311,0.8357949256896973,0.44657752824260116,1.0,2,0.32321029073335594,13.562599182128906,44,minimum
5.663578510284424,0.022564351558685303,False,False,family-00311-minimum,family-00311,0.9701340794563293,0.1342757854220187,1.0,3,0.38760999468126384,14.611538887023926,44,minimum
7.8832573890686035,-0.024171460419893265,False,False,family-00311-sum_mod_10,family-00311,0.9681077599525452,0.1412594748192077,0.5,0,0.8323150652228263,9.471482276916504,44,sum_mod_10
8.887930870056152,0.011663753539323807,False,False,family-00311-sum_mod_10,family-00311,0.9774641394615173,0.10775057242293692,0.5,1,0.8930680048338533,9.952132225036621,44,sum_mod_10
7.136731147766113,-0.008447989821434021,False,False,family-00311-sum_mod_10,family-00311,0.9715567827224731,0.12928827891473188,0.5,2,0.5021815497089209,14.211456298828125,44,sum_mod_10
7.400874614715576,0.0028920061886310577,False,True,family-00311-sum_mod_10,family-00311,0.9975519776344299,0.017163696239974345,0.5,3,0.42156803362470807,17.555587768554688,44,sum_mod_10
7.05217981338501,0.09047016501426697,True,False,family-00312-maximum,family-00312,0.9732781052589417,0.1231556132485116,1.0,0,0.7498426493279933,9.404879570007324,44,maximum
4.811984539031982,0.1849277913570404,True,False,family-00312-maximum,family-00312,0.8907173871994019,0.3450128325753138,1.0,1,0.5790931098369466,8.309517860412598,44,maximum
7.010566711425781,0.3750407099723816,True,False,family-00312-maximum,family-00312,0.9787908792495728,0.10270821347747208,1.0,2,0.8102032696400486,8.652849197387695,44,maximum
6.384395599365234,0.16701650619506836,True,False,family-00312-maximum,family-00312,0.9922263622283936,0.04550003558984758,1.0,3,0.5594181503861346,11.412564277648926,44,maximum
7.125504970550537,0.3604705333709717,False,False,family-00312-minimum,family-00312,0.9681077599525452,0.1412594748192077,0.5,0,0.7523114927762169,9.471482276916504,44,minimum
10.688084602355957,0.5522085428237915,False,False,family-00312-minimum,family-00312,0.9753419756889343,0.11565159046781669,0.5,1,1.2108853026233022,8.826669692993164,44,minimum
4.514550685882568,0.058225810527801514,False,False,family-00312-minimum,family-00312,0.7543699741363525,0.557483113018096,0.5,2,0.29773263790572707,15.163103103637695,44,minimum
7.062710762023926,0.08520042896270752,False,False,family-00312-minimum,family-00312,0.9841772317886353,0.08130295119928789,0.5,3,0.4345598017327495,16.2525634765625,44,minimum
5.29115629196167,-0.032759472727775574,True,False,family-00312-sum_mod_10,family-00312,0.9805988073348999,0.09569942474854568,0.0,0,0.5108723055764678,10.357101440429688,44,sum_mod_10
8.545164108276367,-0.04840251803398132,True,False,family-00312-sum_mod_10,family-00312,0.9780117273330688,0.10567938553677711,0.0,1,0.9719002954015884,8.79222297668457,44,sum_mod_10
6.06897497177124,-0.06358814984560013,True,False,family-00312-sum_mod_10,family-00312,0.9487031698226929,0.2023161209810058,0.0,2,0.48760487906654326,12.446501731872559,44,sum_mod_10
7.315668106079102,-0.06641798466444016,True,True,family-00312-sum_mod_10,family-00312,0.9946923851966858,0.0330980429265974,0.0,3,0.5001477747239045,14.627013206481934,44,sum_mod_10
6.259266376495361,-0.04572939872741699,True,False,family-00313-maximum,family-00313,0.9730870723724365,0.12384171215580603,0.5,0,0.7149401561964883,8.754951477050781,44,maximum
5.129645824432373,0.44948050379753113,True,False,family-00313-maximum,family-00313,0.9191708564758301,0.28078977227870294,0.5,1,0.6979763018953618,7.3493123054504395,44,maximum
7.884710311889648,0.34658074378967285,True,False,family-00313-maximum,family-00313,0.9806084632873535,0.09566154364866362,0.5,2,0.8383128530479106,9.405450820922852,44,maximum
7.058012962341309,0.07171708345413208,True,False,family-00313-maximum,family-00313,0.986877977848053,0.069899351820111,0.5,3,0.5673149553920142,12.441083908081055,44,maximum
5.344074249267578,0.3913738429546356,True,False,family-00313-minimum,family-00313,0.9803701639175415,0.0965949850673804,0.0,0,0.5391781760380565,9.911518096923828,44,minimum
6.356653690338135,0.26584142446517944,True,False,family-00313-minimum,family-00313,0.9747840166091919,0.11769716337877309,0.0,1,0.6662556275688902,9.540863037109375,44,minimum
6.250855445861816,-0.05280044674873352,True,False,family-00313-minimum,family-00313,0.9642704129219055,0.154126531071192,0.0,2,0.5947323988800207,10.510366439819336,44,minimum
8.333305358886719,0.0441460907459259,True,False,family-00313-minimum,family-00313,0.9938335418701172,0.03752623418549787,0.0,3,0.6624440969943681,12.579635620117188,44,minimum
5.91973352432251,0.045367300510406494,True,False,family-00313-sum_mod_10,family-00313,0.9676731824874878,0.14273963424558253,1.0,0,0.6180180520130396,9.578577041625977,44,sum_mod_10
8.29227066040039,0.05448242276906967,True,False,family-00313-sum_mod_10,family-00313,0.9825961589813232,0.08775558775092561,1.0,1,0.790653942841721,10.487863540649414,44,sum_mod_10
7.015519142150879,0.04387602210044861,True,False,family-00313-sum_mod_10,family-00313,0.9730229377746582,0.12407174008025058,1.0,2,0.48750182242309376,14.390754699707031,44,sum_mod_10
12.171188354492188,-0.011768385767936707,True,True,family-00313-sum_mod_10,family-00313,0.9984820485115051,0.011368901379086376,1.0,3,0.694354033498525,17.528793334960938,44,sum_mod_10
7.606098651885986,0.5124841928482056,False,False,family-00314-maximum,family-00314,0.9681898355484009,0.14097924321437244,0.0,0,0.7607980012147093,9.997527122497559,44,maximum
4.636712551116943,-0.0467069149017334,False,False,family-00314-maximum,family-00314,0.9169086217880249,0.286255416490953,0.0,1,0.4814641645829723,9.630441665649414,44,maximum
11.077301025390625,-0.12180912494659424,False,False,family-00314-maximum,family-00314,0.9851094484329224,0.0774241060817187,0.0,2,1.1056931805449879,10.01842212677002,44,maximum
11.53027629852295,0.32074522972106934,False,False,family-00314-maximum,family-00314,0.9937744140625,0.03782646368765165,0.0,3,0.7216405603746018,15.977866172790527,44,maximum
5.340925216674805,0.04238390922546387,True,False,family-00314-minimum,family-00314,0.9730870723724365,0.12384171215580603,1.0,0,0.6100462384828619,8.754951477050781,44,minimum
4.578640937805176,0.3825148046016693,True,False,family-00314-minimum,family-00314,0.9561637043952942,0.17995007612466385,1.0,1,0.596043178574663,7.681726932525635,44,minimum
5.975720405578613,0.43125617504119873,True,False,family-00314-minimum,family-00314,0.9193887710571289,0.28025967279525366,1.0,2,0.7433258712047923,8.039166450500488,44,minimum
7.409494876861572,0.2232763171195984,True,False,family-00314-minimum,family-00314,0.9855219125747681,0.07568919333563888,1.0,3,0.7148828024325501,10.364628791809082,44,minimum
6.718328475952148,0.029189471155405045,True,False,family-00314-sum_mod_10,family-00314,0.9805988073348999,0.09569942474854568,0.5,0,0.6486687916106211,10.357101440429688,44,sum_mod_10
8.364202499389648,0.03446744382381439,True,False,family-00314-sum_mod_10,family-00314,0.9885789155960083,0.06243406274999401,0.5,1,0.7557848919750493,11.066908836364746,44,sum_mod_10
10.604671478271484,-0.001924365758895874,True,False,family-00314-sum_mod_10,family-00314,0.9925129413604736,0.0441049623660701,0.5,2,0.6737813658479775,15.739039421081543,44,sum_mod_10
9.050654411315918,0.019027866423130035,True,True,family-00314-sum_mod_10,family-00314,0.9997721314430237,0.002138917299031019,0.5,3,0.4256905815898437,21.261110305786133,44,sum_mod_10
6.6738386154174805,0.45100995898246765,False,False,family-00315-maximum,family-00315,0.9798251986503601,0.09871863145793017,1.0,0,0.5942983417119055,11.229778289794922,44,maximum
4.528528690338135,0.007798671722412109,False,False,family-00315-maximum,family-00315,0.9394619464874268,0.2284454363872658,1.0,1,0.4750592485160234,9.53255558013916,44,maximum
4.850761413574219,0.027477741241455078,False,False,family-00315-maximum,family-00315,0.9718834757804871,0.12813279068620906,1.0,2,0.5471732172144683,8.865129470825195,44,maximum
11.551827430725098,0.14531779289245605,False,False,family-00315-maximum,family-00315,0.9715235829353333,0.1294054870952396,1.0,3,1.1613371067378242,9.947006225585938,44,maximum
4.742842197418213,0.012806855142116547,False,False,family-00315-minimum,family-00315,0.9768949747085571,0.10988894692276069,0.5,0,0.4851291824601104,9.77645206451416,44,minimum
4.5935378074646,0.00620647519826889,False,False,family-00315-minimum,family-00315,0.9575679302215576,0.17559783059368805,0.5,1,0.5778095072721422,7.949917316436768,44,minimum
4.314330101013184,0.007464572787284851,False,False,family-00315-minimum,family-00315,0.9469789862632751,0.20731614467208867,0.5,2,0.522576927826351,8.255875587463379,44,minimum
4.929549217224121,-0.0828089714050293,False,False,family-00315-minimum,family-00315,0.9738327264785767,0.12115569256635914,0.5,3,0.5764761684472459,8.551176071166992,44,minimum
6.101526737213135,-0.020506367087364197,True,False,family-00315-sum_mod_10,family-00315,0.9711361527442932,0.13077033308515268,0.0,0,0.5939465565353608,10.272854804992676,44,sum_mod_10
6.632183074951172,-0.16962219774723053,True,False,family-00315-sum_mod_10,family-00315,0.9762796759605408,0.11218451297233394,0.0,1,0.5861966448875531,11.313921928405762,44,sum_mod_10
4.704014778137207,0.030187755823135376,True,False,family-00315-sum_mod_10,family-00315,0.9508013129234314,0.1961490328827462,0.0,2,0.3177722224290947,14.803102493286133,44,sum_mod_10
7.70894718170166,0.09902189671993256,True,True,family-00315-sum_mod_10,family-00315,0.9922034740447998,0.045610991341828215,0.0,3,0.49899681073347696,15.448890686035156,44,sum_mod_10
6.011567115783691,0.09968970715999603,False,False,family-00316-maximum,family-00316,0.9768949747085571,0.10988894692276069,0.5,0,0.6149027352779677,9.77645206451416,44,maximum
5.73272180557251,-0.1857384443283081,False,False,family-00316-maximum,family-00316,0.893896758556366,0.3382898540689541,0.5,1,0.6671417303460645,8.5929594039917,44,maximum
6.951977729797363,0.11905179917812347,False,False,family-00316-maximum,family-00316,0.9834354519844055,0.0843493643015603,0.5,2,0.645082352083319,10.776884078979492,44,maximum
7.933424472808838,0.20276249945163727,False,False,family-00316-maximum,family-00316,0.9893359541893005,0.059031106284402286,0.5,3,0.6014844277990437,13.189742088317871,44,maximum
5.5510053634643555,0.6196571588516235,True,False,family-00316-minimum,family-00316,0.9805988073348999,0.09569942474854568,0.0,0,0.5359612817728722,10.357101440429688,44,minimum
11.491349220275879,0.7529326677322388,True,False,family-00316-minimum,family-00316,0.9850971102714539,0.07747582278618328,0.0,1,1.2326619662823244,9.32238483428955,44,minimum
4.609572887420654,0.04988628625869751,True,False,family-00316-minimum,family-00316,0.8477228283882141,0.42663882083492555,0.0,2,0.32157751092574643,14.334251403808594,44,minimum
8.028486251831055,0.18557089567184448,True,False,family-00316-minimum,family-00316,0.9893293976783752,0.05906080626541092,0.0,3,0.5186712591542466,15.478949546813965,44,minimum
5.519771099090576,0.05662238597869873,True,False,family-00316-sum_mod_10,family-00316,0.9709507822990417,0.13142146106867747,1.0,0,0.5329966377715712,10.356108665466309,44,sum_mod_10
9.072643280029297,0.10035717487335205,True,False,family-00316-sum_mod_10,family-00316,0.9646602272987366,0.1528397266179321,1.0,1,0.8703579330847604,10.424036979675293,44,sum_mod_10
5.608213901519775,0.02004435658454895,True,False,family-00316-sum_mod_10,family-00316,0.9740444421768188,0.12038909223187681,1.0,2,0.4197936110352043,13.359455108642578,44,sum_mod_10
11.691824913024902,-0.13740453124046326,True,True,family-00316-sum_mod_10,family-00316,0.9963043928146362,0.024386426081937106,1.0,3,0.7733792381956177,15.117841720581055,44,sum_mod_10
7.44824743270874,0.726629376411438,True,False,family-00317-maximum,family-00317,0.9794909358024597,0.10001374303591169,0.0,0,0.7905254103593343,9.421895027160645,44,maximum
4.255783557891846,0.06705480813980103,True,False,family-00317-maximum,family-00317,0.9162423014640808,0.2878523894401128,0.0,1,0.4192546073251208,10.150833129882812,44,maximum
9.097349166870117,0.14969134330749512,True,False,family-00317-maximum,family-00317,0.9855934977531433,0.07538688571564392,0.0,2,0.8416688673216369,10.808703422546387,44,maximum
7.290225028991699,0.09785223007202148,True,False,family-00317-maximum,family-00317,0.9903869032859802,0.05421600864400154,0.0,3,0.4822154411284175,15.11819076538086,44,maximum
6.78618860244751,0.19912129640579224,False,False,family-00317-minimum,family-00317,0.9798251986503601,0.09871863145793017,1.0,0,0.6043029904352136,11.229778289794922,44,minimum
6.084804534912109,-0.1256597638130188,False,False,family-00317-minimum,family-00317,0.97955322265625,0.09977283505696913,1.0,1,0.575421651628734,10.574514389038086,44,minimum
4.452235698699951,0.34030959010124207,False,False,family-00317-minimum,family-00317,0.8933120369911194,0.3395342001291273,1.0,2,0.4295352212795188,10.365240097045898,44,minimum
6.445028305053711,0.2558040916919708,False,False,family-00317-minimum,family-00317,0.9739633202552795,0.12068303495473734,1.0,3,0.5634941513141565,11.437613487243652,44,minimum
7.285193920135498,0.010536924004554749,True,False,family-00317-sum_mod_10,family-00317,0.9805988073348999,0.09569942474854568,0.5,0,0.7034008464662923,10.357101440429688,44,sum_mod_10
8.133060455322266,0.007604449987411499,True,False,family-00317-sum_mod_10,family-00317,0.990487277507782,0.0537502462670888,0.5,1,0.7110059143971467,11.43880844116211,44,sum_mod_10
6.015867710113525,-0.011976897716522217,True,False,family-00317-sum_mod_10,family-00317,0.9924169778823853,0.04457332500625885,0.5,2,0.3743059600388684,16.072059631347656,44,sum_mod_10
8.825406074523926,0.0068857260048389435,True,True,family-00317-sum_mod_10,family-00317,0.9993311166763306,0.005558130392468122,0.5,3,0.46905224280258606,18.815401077270508,44,sum_mod_10
6.802432537078857,0.11405789852142334,False,False,family-00318-maximum,family-00318,0.9815162420272827,0.09207801456333566,1.0,0,0.5977647640918139,11.379781723022461,44,maximum
3.537792921066284,0.010127604007720947,False,False,family-00318-maximum,family-00318,0.8861364722251892,0.3545175065765215,1.0,1,0.3320717352588774,10.653700828552246,44,maximum
7.192442893981934,0.013247668743133545,False,False,family-00318-maximum,family-00318,0.9844244122505188,0.08028003600408543,1.0,2,0.6776108508690145,10.614415168762207,44,maximum
11.196545600891113,0.3966343402862549,False,False,family-00318-maximum,family-00318,0.9785661697387695,0.10356806285628824,1.0,3,0.8766404393495625,12.772107124328613,44,maximum
5.623135089874268,0.3337864875793457,True,False,family-00318-minimum,family-00318,0.9730870723724365,0.12384171215580603,0.5,0,0.6422805545655055,8.754951477050781,44,minimum
5.401938438415527,0.2662029266357422,True,False,family-00318-minimum,family-00318,0.9715384840965271,0.1293528851226458,0.5,1,0.6219658354562965,8.68526554107666,44,minimum
6.301315784454346,0.41236621141433716,True,False,family-00318-minimum,family-00318,0.9124481678009033,0.29683676290837235,0.5,2,0.6642984338325468,9.48567008972168,44,minimum
5.226072788238525,0.08808839321136475,True,False,family-00318-minimum,family-00318,0.9723177552223206,0.12659072311456562,0.5,3,0.44772444192074445,11.672520637512207,44,minimum
5.224586009979248,-0.02394195646047592,True,False,family-00318-sum_mod_10,family-00318,0.9805988073348999,0.09569942474854568,0.0,0,0.504444804372071,10.357101440429688,44,sum_mod_10
7.697613716125488,0.0028515569865703583,True,False,family-00318-sum_mod_10,family-00318,0.9797678589820862,0.0989411948546168,0.0,1,0.8021286059863801,9.59648323059082,44,sum_mod_10
6.024470806121826,-0.01621244102716446,True,False,family-00318-sum_mod_10,family-00318,0.9620478749275208,0.16138036761497257,0.0,2,0.5005037826682283,12.036813735961914,44,sum_mod_10
7.170205593109131,0.0100335031747818,True,True,family-00318-sum_mod_10,family-00318,0.9904645681381226,0.05385571681789694,0.0,3,0.4967813140323621,14.433323860168457,44,sum_mod_10
7.17960786819458,0.24826812744140625,True,False,family-00319-maximum,family-00319,0.9732781052589417,0.1231556132485116,0.5,0,0.7633917919683674,9.404879570007324,44,maximum
4.347471714019775,0.0343022346496582,True,False,family-00319-maximum,family-00319,0.8826869130134583,0.36153709859365096,0.5,1,0.4883897665000723,8.901643753051758,44,maximum
7.392821311950684,0.1410931944847107,True,False,family-00319-maximum,family-00319,0.9755040407180786,0.11505501899407539,0.5,2,0.7888295226605188,9.37188720703125,44,maximum
8.309471130371094,0.05688267946243286,True,False,family-00319-maximum,family-00319,0.9890825748443604,0.06017593521221997,0.5,3,0.5993015368967048,13.865259170532227,44,maximum
5.578927516937256,0.6545353531837463,True,False,family-00319-minimum,family-00319,0.9709507822990417,0.13142146106867747,0.0,0,0.5387088622911868,10.356108665466309,44,minimum
10.191954612731934,0.7394906282424927,True,False,family-00319-minimum,family-00319,0.9737947583198547,0.12129298487355294,0.0,1,1.0339570495789643,9.857232093811035,44,minimum
5.054876804351807,0.08358561992645264,True,False,family-00319-minimum,family-00319,0.9023780226707458,0.3198262828440924,0.0,2,0.36746164006271587,13.756202697753906,44,minimum
6.8860087394714355,0.11712074279785156,True,False,family-00319-minimum,family-00319,0.9919370412826538,0.04689765387863113,0.0,3,0.45255419256267143,15.215876579284668,44,minimum
5.481563091278076,-0.017451759427785873,True,False,family-00319-sum_mod_10,family-00319,0.9803701639175415,0.0965949850673804,1.0,0,0.5530497989989397,9.911518096923828,44,sum_mod_10
7.104579925537109,-0.015922628343105316,True,False,family-00319-sum_mod_10,family-00319,0.9686521291732788,0.1393967275779492,1.0,1,0.739175248730352,9.611495971679688,44,sum_mod_10
7.966024875640869,-0.009727206081151962,True,False,family-00319-sum_mod_10,family-00319,0.9771369099617004,0.10898176067021986,1.0,2,0.6750411244189951,11.800799369812012,44,sum_mod_10
12.07668685913086,0.008851030841469765,True,True,family-00319-sum_mod_10,family-00319,0.9978677034378052,0.015244830336412876,1.0,3,0.7920249883963771,15.2478609085083,44,sum_mod_10
8.502689361572266,0.9036867022514343,False,False,family-00320-maximum,family-00320,0.9681898355484009,0.14097924321437244,0.0,0,0.8504792492574047,9.997527122497559,44,maximum
4.300154685974121,0.051185011863708496,False,False,family-00320-maximum,family-00320,0.8635274767875671,0.3985080497308467,0.0,1,0.42025229459123475,10.232316970825195,44,maximum
7.515360355377197,0.054975152015686035,False,False,family-00320-maximum,family-00320,0.983688473701477,0.08331410253672739,0.0,2,0.7209281337589628,10.424562454223633,44,maximum
10.897998809814453,0.4498094618320465,False,False,family-00320-maximum,family-00320,0.9673817157745361,0.14372897486707406,0.0,3,0.886917130606875,12.287505149841309,44,maximum
5.693553447723389,0.152926504611969,False,False,family-00320-minimum,family-00320,0.9749530553817749,0.11707878846180106,1.0,0,0.5374161744879506,10.59430980682373,44,minimum
8.437807083129883,0.20826536417007446,False,False,family-00320-minimum,family-00320,0.9782384634017944,0.1048177200074635,1.0,1,0.8417672762816981,10.023919105529785,44,minimum
4.008517742156982,-0.0015938282012939453,False,False,family-00320-minimum,family-00320,0.9058926701545715,0.3119390725739662,1.0,2,0.3445077613995723,11.635493278503418,44,minimum
11.314859390258789,0.4086110591888428,False,False,family-00320-minimum,family-00320,0.9755585193634033,0.11485423321438135,1.0,3,0.9663471923169774,11.70889663696289,44,minimum
9.208695411682129,-0.0024192538112401962,False,False,family-00320-sum_mod_10,family-00320,0.9780574440956116,0.1055058412282574,0.5,0,0.952960018285431,9.663254737854004,44,sum_mod_10
9.177130699157715,-0.0030821561813354492,False,False,family-00320-sum_mod_10,family-00320,0.9901484251022339,0.05531838510456838,0.5,1,0.7263867041203449,12.633946418762207,44,sum_mod_10
5.085226058959961,0.008851531893014908,False,False,family-00320-sum_mod_10,family-00320,0.9856105446815491,0.07531484258571658,0.5,2,0.26235444477398506,19.383037567138672,44,sum_mod_10
13.354644775390625,-0.0699085220694542,False,True,family-00320-sum_mod_10,family-00320,0.9988725781440735,0.008779524724294269,0.5,3,0.6216672204096585,21.481983184814453,44,sum_mod_10
6.252892017364502,0.44986429810523987,False,False,family-00321-maximum,family-00321,0.9815162420272827,0.09207801456333566,1.0,0,0.5494738097405034,11.379781723022461,44,maximum
3.6294655799865723,0.046055376529693604,False,False,family-00321-maximum,family-00321,0.9065454602241516,0.3104583348332012,1.0,1,0.3483459571354863,10.419140815734863,44,maximum
8.58613395690918,0.01109325885772705,False,False,family-00321-maximum,family-00321,0.9823859333992004,0.08860224707312894,1.0,2,0.808412207694953,10.62098503112793,44,maximum
10.15380573272705,0.3014777898788452,False,False,family-00321-maximum,family-00321,0.975704550743103,0.11431540712479059,1.0,3,0.7687725488140351,13.207815170288086,44,maximum
5.166854381561279,0.12399071455001831,False,False,family-00321-minimum,family-00321,0.9768949747085571,0.10988894692276069,0.5,0,0.5284999453242903,9.77645206451416,44,minimum
6.1585373878479,-0.023110568523406982,False,False,family-00321-minimum,family-00321,0.9609667062759399,0.16485963981305715,0.5,1,0.7307146643764275,8.428101539611816,44,minimum
5.291272163391113,-0.05408841371536255,False,False,family-00321-minimum,family-00321,0.9027007222175598,0.31910802971632996,0.5,2,0.48570457615164087,10.894013404846191,44,minimum
10.438406944274902,0.4356134235858917,False,False,family-00321-minimum,family-00321,0.9887757301330566,0.06155438579749012,0.5,3,0.8480521426570237,12.308685302734375,44,minimum
6.060100078582764,0.14118048548698425,False,False,family-00321-sum_mod_10,family-00321,0.9829645752906799,0.0862655815726592,0.0,0,0.6429108448333323,9.426034927368164,44,sum_mod_10
6.072783470153809,0.11714636534452438,False,False,family-00321-sum_mod_10,family-00321,0.9803210496902466,0.09678700227358437,0.0,1,0.6201674920438406,9.792166709899902,44,sum_mod_10
7.369974613189697,0.011813908815383911,False,False,family-00321-sum_mod_10,family-00321,0.9734945893287659,0.12237640925893964,0.0,2,0.6295906557667666,11.705978393554688,44,sum_mod_10
7.878264904022217,-0.07171536982059479,False,True,family-00321-sum_mod_10,family-00321,0.9961211085319519,0.02540776280186562,0.0,3,0.48514458389589277,16.239004135131836,44,sum_mod_10
6.661136150360107,0.15379929542541504,False,False,family-00322-maximum,family-00322,0.9798251986503601,0.09871863145793017,0.5,0,0.5931672004970414,11.229778289794922,44,maximum
6.519321441650391,0.032725393772125244,False,False,family-00322-maximum,family-00322,0.9256659746170044,0.26470812620247963,0.5,1,0.6556845641143741,9.942770957946777,44,maximum
7.079613208770752,0.018725872039794922,False,False,family-00322-maximum,family-00322,0.9860703349113464,0.07336388440034564,0.5,2,0.6429151621891175,11.011737823486328,44,maximum
11.604757308959961,0.24368786811828613,False,False,family-00322-maximum,family-00322,0.9813674092292786,0.09266860023067942,0.5,3,0.8991305784508419,12.90664291381836,44,maximum
7.192439079284668,0.11289381235837936,False,False,family-00322-minimum,family-00322,0.9726890921592712,0.12526660255310906,0.0,0,0.7195242859108192,9.996103286743164,44,minimum
5.2749810218811035,-0.02219991385936737,False,False,family-00322-minimum,family-00322,0.9830656051635742,0.08585557197325955,0.0,1,0.5305782182024401,9.941947937011719,44,minimum
5.719931125640869,0.13303157687187195,False,False,family-00322-minimum,family-00322,0.9397289752960205,0.22771260626874146,0.0,2,0.5166084262423858,11.07208251953125,44,minimum
6.702645778656006,0.11178435385227203,False,False,family-00322-minimum,family-00322,0.9874116778373718,0.06758248419678095,0.0,3,0.4991287906925942,13.428689956665039,44,minimum
6.741102695465088,-0.023671627044677734,False,False,family-00322-sum_mod_10,family-00322,0.9780574440956116,0.1055058412282574,1.0,0,0.6976016754539308,9.663254737854004,44,sum_mod_10
6.675637245178223,-0.0022155866026878357,False,False,family-00322-sum_mod_10,family-00322,0.9826037287712097,0.08772505327267097,1.0,1,0.6683493685070245,9.988245010375977,44,sum_mod_10
6.731690406799316,-0.011215072125196457,False,False,family-00322-sum_mod_10,family-00322,0.9868844747543335,0.06987128190148661,1.0,2,0.4951066521726383,13.596445083618164,44,sum_mod_10
10.195683479309082,0.0049184709787368774,False,True,family-00322-sum_mod_10,family-00322,0.9984948635101318,0.011285692132752403,1.0,3,0.5679495272093799,17.95174217224121,44,sum_mod_10
7.16485595703125,0.2768661677837372,True,False,family-00323-maximum,family-00323,0.9768313765525818,0.11012698982396632,0.0,0,0.641101333983688,11.17585563659668,44,maximum
3.951435089111328,0.15208956599235535,True,False,family-00323-maximum,family-00323,0.880998432636261,0.36493095259934244,0.0,1,0.29928217148993097,13.203042030334473,44,maximum
6.5966315269470215,0.2730845510959625,True,False,family-00323-maximum,family-00323,0.9826263189315796,0.08763391076120054,0.0,2,0.4805876700660185,13.726177215576172,44,maximum
5.484638214111328,0.16316556930541992,True,False,family-00323-maximum,family-00323,0.9957311749458313,0.027552188740163183,0.0,3,0.3737738172710299,14.67368221282959,44,maximum
5.300928592681885,0.36023902893066406,False,False,family-00323-minimum,family-00323,0.9749530553817749,0.11707878846180106,1.0,0,0.5003561996334663,10.59430980682373,44,minimum
7.861097812652588,0.389562726020813,False,False,family-00323-minimum,family-00323,0.9787867665290833,0.10272397254904723,1.0,1,0.8083246482696294,9.725173950195312,44,minimum
4.203759670257568,-0.0016216635704040527,False,False,family-00323-minimum,family-00323,0.9116923213005066,0.2986048252839358,1.0,2,0.3879981050598546,10.834485054016113,44,minimum
12.289742469787598,0.473376989364624,False,False,family-00323-minimum,family-00323,0.9809316992759705,0.09439061772298046,1.0,3,1.1117741750832253,11.054171562194824,44,minimum
7.39422082901001,0.07337690144777298,True,False,family-00323-sum_mod_10,family-00323,0.9794909358024597,0.10001374303591169,0.5,0,0.78479125565447,9.421895027160645,44,sum_mod_10
6.906378746032715,-0.07056303322315216,True,False,family-00323-sum_mod_10,family-00323,0.9768303632736206,0.11013078099983561,0.5,1,0.7264207702894102,9.507408142089844,44,sum_mod_10
5.879409313201904,0.08453188836574554,True,False,family-00323-sum_mod_10,family-00323,0.980226993560791,0.09715437579238877,0.5,2,0.4335819692572824,13.560087203979492,44,sum_mod_10
8.934619903564453,-0.03862869739532471,True,True,family-00323-sum_mod_10,family-00323,0.9984219074249268,0.011757971565991395,0.5,3,0.5599748578101095,15.955394744873047,44,sum_mod_10
7.643394947052002,0.5274730920791626,False,False,family-00324-maximum,family-00324,0.9798251986503601,0.09871863145793017,1.0,0,0.6806363179937354,11.229778289794922,44,maximum
3.984769821166992,0.04751253128051758,False,False,family-00324-maximum,family-00324,0.9326077699661255,0.24684061395107926,1.0,1,0.3887136189229047,10.251171112060547,44,maximum
11.02846622467041,0.17161762714385986,False,False,family-00324-maximum,family-00324,0.9704869985580444,0.133045216541798,1.0,2,1.2214342222142418,9.029111862182617,44,maximum
6.290242671966553,0.10107344388961792,False,False,family-00324-maximum,family-00324,0.9832268357276917,0.0851999783925196,1.0,3,0.4237566110405864,14.843998908996582,44,maximum
6.72674036026001,0.3174883723258972,False,False,family-00324-minimum,family-00324,0.9681077599525452,0.1412594748192077,0.5,0,0.7102098872796433,9.471482276916504,44,minimum
5.816208839416504,0.3636687695980072,False,False,family-00324-minimum,family-00324,0.976889431476593,0.10990970192638574,0.5,1,0.6547397407337825,8.883237838745117,44,minimum
5.8055548667907715,0.35488659143447876,False,False,family-00324-minimum,family-00324,0.8874105215072632,0.3518952525910499,0.5,2,0.587696391056839,9.878493309020996,44,minimum
6.0826592445373535,0.0007792413234710693,False,False,family-00324-minimum,family-00324,0.9756205677986145,0.11462539668446059,0.5,3,0.5462736939653751,11.134819984436035,44,minimum
5.237764835357666,-0.007890351116657257,False,False,family-00324-sum_mod_10,family-00324,0.9780574440956116,0.1055058412282574,0.0,0,0.5420290551629252,9.663254737854004,44,sum_mod_10
6.664013385772705,-0.008125657215714455,False,False,family-00324-sum_mod_10,family-00324,0.9743074774742126,0.11943419771260734,0.0,1,0.7282101258754785,9.151223182678223,44,sum_mod_10
5.484267711639404,0.004468375816941261,False,False,family-00324-sum_mod_10,family-00324,0.9480298757553101,0.20427579579601715,0.0,2,0.45934427195884503,11.939340591430664,44,sum_mod_10
7.232334613800049,0.005911095067858696,False,True,family-00324-sum_mod_10,family-00324,0.9932119846343994,0.04065474737934577,0.0,3,0.516669978892819,13.997977256774902,44,sum_mod_10
7.0344743728637695,0.31364431977272034,True,False,family-00325-maximum,family-00325,0.9732781052589417,0.1231556132485116,0.5,0,0.7479600690791505,9.404879570007324,44,maximum
6.721077919006348,0.4628463089466095,True,False,family-00325-maximum,family-00325,0.9186204671859741,0.282125808174439,0.5,1,0.7425822757708064,9.05095386505127,44,maximum
10.041464805603027,0.45214369893074036,True,False,family-00325-maximum,family-00325,0.991899847984314,0.04707655577941293,0.5,2,0.8608112338344031,11.665118217468262,44,maximum
7.650714874267578,-0.05157649517059326,True,False,family-00325-maximum,family-00325,0.9880602955818176,0.06473578992598741,0.5,3,0.4852583753106753,15.766270637512207,44,maximum
5.3069376945495605,0.1722915768623352,False,False,family-00325-minimum,family-00325,0.9681898355484009,0.14097924321437244,0.0,0,0.5308250359838778,9.997527122497559,44,minimum
11.169622421264648,0.5281006097793579,False,False,family-00325-minimum,family-00325,0.971441388130188,0.1296954954491255,0.0,1,1.3438229763454668,8.3118257522583,44,minimum
5.1297287940979,0.02395254373550415,False,False,family-00325-minimum,family-00325,0.935363233089447,0.23953957693752545,0.0,2,0.3722809164062825,13.77918815612793,44,minimum
5.6162333488464355,0.017424821853637695,False,False,family-00325-minimum,family-00325,0.9776602983474731,0.10701020622645463,0.0,3,0.35808547003765734,15.68405818939209,44,minimum
6.748189449310303,-0.015115201473236084,False,False,family-00325-sum_mod_10,family-00325,0.9681898355484009,0.14097924321437244,1.0,0,0.674985860665961,9.997527122497559,44,sum_mod_10
9.650192260742188,0.10343987494707108,False,False,family-00325-sum_mod_10,family-00325,0.9641160368919373,0.15463491532248086,1.0,1,1.082586749573661,8.914012908935547,44,sum_mod_10
5.0404534339904785,-0.004597663879394531,False,False,family-00325-sum_mod_10,family-00325,0.9754629731178284,0.11520629508444408,1.0,2,0.404493218137722,12.461156845092773,44,sum_mod_10
12.339638710021973,0.06713083386421204,False,True,family-00325-sum_mod_10,family-00325,0.9910628795623779,0.05105830446814967,1.0,3,0.8413956645690271,14.665678977966309,44,sum_mod_10
7.909071445465088,0.6714367270469666,False,False,family-00326-maximum,family-00326,0.9681898355484009,0.14097924321437244,0.0,0,0.7911027745718445,9.997527122497559,44,maximum
5.048498153686523,0.13998103141784668,False,False,family-00326-maximum,family-00326,0.8919392824172974,0.34244149221203724,0.0,1,0.5146370260768037,9.809823036193848,44,maximum
5.677618503570557,0.3544848561286926,False,False,family-00326-maximum,family-00326,0.9859553575515747,0.0738531743350431,0.0,2,0.5492159848824365,10.337678909301758,44,maximum
7.133000373840332,0.32466378808021545,False,False,family-00326-maximum,family-00326,0.9938667416572571,0.037357408001867584,0.0,3,0.5989369589733204,11.90943431854248,44,maximum
6.244117259979248,0.336806058883667,True,False,family-00326-minimum,family-00326,0.9763849973678589,0.11179274954843188,1.0,0,0.6328790153681741,9.866209983825684,44,minimum
11.949167251586914,0.8153830766677856,True,False,family-00326-minimum,family-00326,0.9789391756057739,0.10213942774458884,1.0,1,1.3195360817468043,9.055582046508789,44,minimum
4.741062164306641,0.005801975727081299,True,False,family-00326-minimum,family-00326,0.9151609539985657,0.29043176520191444,1.0,2,0.3546717970812313,13.367463111877441,44,minimum
5.906182289123535,0.016968965530395508,True,False,family-00326-minimum,family-00326,0.9802982211112976,0.0968762104046608,1.0,3,0.39822823226979986,14.831149101257324,44,minimum
7.3880438804626465,0.11252759397029877,True,False,family-00326-sum_mod_10,family-00326,0.9732781052589417,0.1231556132485116,0.5,0,0.7855543311818178,9.404879570007324,44,sum_mod_10
9.199081420898438,-0.06437389552593231,True,False,family-00326-sum_mod_10,family-00326,0.9742050766944885,0.11980626932973355,0.5,1,0.8382959345071525,10.973548889160156,44,sum_mod_10
6.65797758102417,0.011898532509803772,True,False,family-00326-sum_mod_10,family-00326,0.9936425685882568,0.038493899929314845,0.5,2,0.44471741818867,14.971254348754883,44,sum_mod_10
7.357032775878906,0.0417344868183136,True,True,family-00326-sum_mod_10,family-00326,0.9991375207901001,0.006947501309695919,0.5,3,0.3992597368627256,18.42668342590332,44,sum_mod_10
6.6466755867004395,-0.011297300457954407,False,False,family-00327-maximum,family-00327,0.9798251986503601,0.09871863145793017,1.0,0,0.5918795024422357,11.229778289794922,44,maximum
4.244876861572266,0.07007761299610138,False,False,family-00327-maximum,family-00327,0.9258873462677002,0.2641494827248664,1.0,1,0.431173411962935,9.844941139221191,44,maximum
3.5609354972839355,0.09340067207813263,False,False,family-00327-maximum,family-00327,0.9523433446884155,0.1915567289467996,1.0,2,0.4603506231308986,7.7352681159973145,44,maximum
5.228543758392334,0.09514264017343521,False,False,family-00327-maximum,family-00327,0.9738410115242004,0.1211257264461332,1.0,3,0.6889841837865716,7.588771820068359,44,maximum
7.401605129241943,0.2818487584590912,False,False,family-00327-minimum,family-00327,0.9768949747085571,0.10988894692276069,0.5,0,0.7570849916103757,9.77645206451416,44,minimum
8.614380836486816,0.4667520523071289,False,False,family-00327-minimum,family-00327,0.9708980917930603,0.13160631784337484,0.5,1,0.8233906144131663,10.462082862854004,44,minimum
5.329614162445068,0.18645817041397095,False,False,family-00327-minimum,family-00327,0.8418947458267212,0.43651455984428145,0.5,2,0.4042010468062688,13.185552597045898,44,minimum
6.769692420959473,-0.0014921128749847412,False,False,family-00327-minimum,family-00327,0.9688543081283569,0.1387024257842791,0.5,3,0.476098357242868,14.219104766845703,44,minimum
5.939418315887451,-0.031564563512802124,False,False,family-00327-sum_mod_10,family-00327,0.9829645752906799,0.0862655815726592,0.0,0,0.630107819635015,9.426034927368164,44,sum_mod_10
8.886041641235352,-0.0993683785200119,False,False,family-00327-sum_mod_10,family-00327,0.9768103361129761,0.11020570316926585,0.0,1,0.9632934525397812,9.22464656829834,44,sum_mod_10
5.099027156829834,-0.001936507411301136,False,False,family-00327-sum_mod_10,family-00327,0.9547703862190247,0.18422200568384356,0.0,2,0.3776147779692122,13.503251075744629,44,sum_mod_10
6.464264392852783,0.0035874005407094955,False,True,family-00327-sum_mod_10,family-00327,0.9905491471290588,0.05346262323557888,0.0,3,0.4008903986765116,16.124767303466797,44,sum_mod_10
6.24275541305542,0.255226194858551,False,False,family-00328-maximum,family-00328,0.9798251986503601,0.09871863145793017,0.5,0,0.5559108338522172,11.229778289794922,44,maximum
6.591827392578125,0.039922475814819336,False,False,family-00328-maximum,family-00328,0.9368215203285217,0.23562510072298262,0.5,1,0.6837170453273023,9.641162872314453,44,maximum
7.80265998840332,0.03227180242538452,False,False,family-00328-maximum,family-00328,0.9873746037483215,0.06774415790725949,0.5,2,0.735040222601326,10.615283012390137,44,maximum
10.745317459106445,0.23693829774856567,False,False,family-00328-maximum,family-00328,0.9716620445251465,0.12891639982537278,0.5,3,0.9038319445697841,11.888623237609863,44,maximum
5.046462535858154,0.3663201332092285,False,False,family-00328-minimum,family-00328,0.9681898355484009,0.14097924321437244,0.0,0,0.5047710772899068,9.997527122497559,44,minimum
9.320511817932129,0.655989408493042,False,False,family-00328-minimum,family-00328,0.9674404263496399,0.14352990779618452,0.0,1,1.1265614146636442,8.273416519165039,44,minimum
4.8712263107299805,0.06405293941497803,False,False,family-00328-minimum,family-00328,0.9137774705886841,0.29370989899044253,0.0,2,0.3955171913681508,12.316092491149902,44,minimum
5.598612308502197,0.030833959579467773,False,False,family-00328-minimum,family-00328,0.9802224040031433,0.09717229043344988,0.0,3,0.40533631048202096,13.812264442443848,44,minimum
6.644067287445068,0.02187032625079155,True,False,family-00328-sum_mod_10,family-00328,0.9794909358024597,0.10001374303591169,1.0,0,0.7051731385556845,9.421895027160645,44,sum_mod_10
8.18315601348877,0.05234670639038086,True,False,family-00328-sum_mod_10,family-00328,0.963878333568573,0.1554163633495778,1.0,1,0.910983974818011,8.982766151428223,44,sum_mod_10
4.34423828125,0.022550348192453384,True,False,family-00328-sum_mod_10,family-00328,0.9651249051094055,0.15129996503979534,1.0,2,0.36289414851763346,11.971089363098145,44,sum_mod_10
10.26810073852539,-0.012149818241596222,True,True,family-00328-sum_mod_10,family-00328,0.9939899444580078,0.036729313873532544,1.0,3,0.7147642394426916,14.365716934204102,44,sum_mod_10
7.440826892852783,0.8380419015884399,True,False,family-00329-maximum,family-00329,0.9803701639175415,0.0965949850673804,0.0,0,0.7507252491585666,9.911518096923828,44,maximum
4.277998924255371,0.036527276039123535,True,False,family-00329-maximum,family-00329,0.8933860063552856,0.33937698447766673,0.0,1,0.3746469994420142,11.418745994567871,44,maximum
8.903847694396973,0.1420501470565796,True,False,family-00329-maximum,family-00329,0.9888230562210083,0.06134234011232287,0.0,2,0.7185360194582128,12.391651153564453,44,maximum
7.3283281326293945,0.12800008058547974,True,False,family-00329-maximum,family-00329,0.9770238995552063,0.10940584100450802,0.0,3,0.4594856837456838,15.948980331420898,44,maximum
5.868322372436523,0.12452352046966553,True,False,family-00329-minimum,family-00329,0.9730870723724365,0.12384171215580603,1.0,0,0.6702861104163816,8.754951477050781,44,minimum
9.377320289611816,0.6537926197052002,True,False,family-00329-minimum,family-00329,0.9604966640472412,0.1663624979204683,1.0,1,1.1623383907870972,8.067633628845215,44,minimum
4.845088005065918,0.0411531925201416,True,False,family-00329-minimum,family-00329,0.8686427474021912,0.3889586676527043,1.0,2,0.4509253592776238,10.744767189025879,44,minimum
5.02123498916626,0.0562891960144043,True,False,family-00329-minimum,family-00329,0.9636019468307495,0.15632294301854655,1.0,3,0.4187458096759801,11.991128921508789,44,minimum
6.9069085121154785,-0.006784867495298386,True,False,family-00329-sum_mod_10,family-00329,0.9732781052589417,0.1231556132485116,0.5,0,0.7343962738387408,9.404879570007324,44,sum_mod_10
9.506309509277344,0.01653061807155609,True,False,family-00329-sum_mod_10,family-00329,0.9695415496826172,0.13633219313543174,0.5,1,0.9671743834560306,9.828950881958008,44,sum_mod_10
5.959649562835693,0.009996496140956879,True,False,family-00329-sum_mod_10,family-00329,0.988969087600708,0.060686761801564335,0.5,2,0.43404563130984614,13.730467796325684,44,sum_mod_10
8.302861213684082,0.021248754113912582,True,True,family-00329-sum_mod_10,family-00329,0.9981483221054077,0.013500095927062078,0.5,3,0.5052042616859568,16.434661865234375,44,sum_mod_10
6.568958759307861,0.7506527304649353,True,False,family-00330-maximum,family-00330,0.9730870723724365,0.12384171215580603,1.0,0,0.7503135541672585,8.754951477050781,44,maximum
3.753101110458374,0.11224102973937988,True,False,family-00330-maximum,family-00330,0.9329363107681274,0.24597652778835855,1.0,1,0.5045789757849228,7.438084602355957,44,maximum
5.8732194900512695,0.02024078369140625,True,False,family-00330-maximum,family-00330,0.9721652865409851,0.12713291152787343,1.0,2,0.697535712857784,8.419955253601074,44,maximum
7.75213098526001,0.47470638155937195,True,False,family-00330-maximum,family-00330,0.9827790856361389,0.08701677000045327,1.0,3,0.7285684349574167,10.640223503112793,44,maximum
6.032380104064941,0.4880659580230713,False,False,family-00330-minimum,family-00330,0.9798251986503601,0.09871863145793017,0.5,0,0.5371771328332346,11.229778289794922,44,minimum
5.536460876464844,0.4302797317504883,False,False,family-00330-minimum,family-00330,0.9662036299705505,0.14770061537288387,0.5,1,0.5846380202026102,9.469895362854004,44,minimum
4.057159900665283,0.602767288684845,False,False,family-00330-minimum,family-00330,0.9079501032829285,0.30725505555259636,0.5,2,0.47141747131292094,8.60629940032959,44,minimum
5.195128917694092,0.4148555397987366,False,False,family-00330-minimum,family-00330,0.9750829935073853,0.11660265586368937,0.5,3,0.5652564812420542,9.190746307373047,44,minimum
5.651963233947754,-0.02822001278400421,False,False,family-00330-sum_mod_10,family-00330,0.9829645752906799,0.0862655815726592,0.0,0,0.5996119553448158,9.426034927368164,44,sum_mod_10
5.303091049194336,-0.043960072100162506,False,False,family-00330-sum_mod_10,family-00330,0.9742374420166016,0.11968871561992461,0.0,1,0.5992461648182517,8.849603652954102,44,sum_mod_10
6.343005657196045,-0.03154771775007248,False,False,family-00330-sum_mod_10,family-00330,0.9750342965126038,0.11678117761038084,0.0,2,0.6015637019349261,10.544196128845215,44,sum_mod_10
8.617311477661133,-0.01998564973473549,False,True,family-00330-sum_mod_10,family-00330,0.9956955909729004,0.027746048960250316,0.0,3,0.6306621553892059,13.663910865783691,44,sum_mod_10
6.7910380363464355,0.19055402278900146,False,False,family-00331-maximum,family-00331,0.9681077599525452,0.1412594748192077,0.5,0,0.7169984420387151,9.471482276916504,44,maximum
6.899427890777588,-0.0031760334968566895,False,False,family-00331-maximum,family-00331,0.9376230835914612,0.23345821280623183,0.5,1,0.8513272248336226,8.10431957244873,44,maximum
9.263749122619629,0.320917546749115,False,False,family-00331-maximum,family-00331,0.9819789528846741,0.09023408204522441,0.5,2,0.8235114537986841,11.249083518981934,44,maximum
7.141683578491211,0.09801971912384033,False,False,family-00331-maximum,family-00331,0.9971696734428406,0.019432871235423265,0.5,3,0.4532472103282239,15.756707191467285,44,maximum
6.468989372253418,0.6474424600601196,True,False,family-00331-minimum,family-00331,0.9768313765525818,0.11012698982396632,0.0,0,0.5788361609709718,11.17585563659668,44,minimum
7.394535064697266,0.5025609731674194,True,False,family-00331-minimum,family-00331,0.9759544730186462,0.11339115457400281,0.0,1,0.6432989150157329,11.494710922241211,44,minimum
5.12912654876709,0.1333516240119934,True,False,family-00331-minimum,family-00331,0.8670240640640259,0.3920049368922963,0.0,2,0.3482594503212426,14.727889060974121,44,minimum
7.769700050354004,0.21096962690353394,True,False,family-00331-minimum,family-00331,0.992138683795929,0.04592471050171798,0.0,3,0.4810267948078927,16.15232276916504,44,minimum
5.319224834442139,-0.0333782397210598,True,False,family-00331-sum_mod_10,family-00331,0.9709507822990417,0.13142146106867747,1.0,0,0.5136316164950774,10.356108665466309,44,sum_mod_10
7.624931812286377,-0.02822873368859291,True,False,family-00331-sum_mod_10,family-00331,0.966393768787384,0.14706252131254413,1.0,1,0.7420553375678137,10.275422096252441,44,sum_mod_10
9.616519927978516,-0.04546606168150902,True,False,family-00331-sum_mod_10,family-00331,0.9815164804458618,0.09207706751401983,1.0,2,0.7416536446209059,12.96632194519043,44,sum_mod_10
9.071284294128418,0.016933102160692215,True,True,family-00331-sum_mod_10,family-00331,0.9985091090202332,0.011193066118659258,1.0,3,0.48835953338941224,18.57501220703125,44,sum_mod_10
7.649580955505371,0.6235796213150024,False,False,family-00332-maximum,family-00332,0.9681898355484009,0.14097924321437244,0.0,0,0.7651473071067169,9.997527122497559,44,maximum
4.44791316986084,0.12061196565628052,False,False,family-00332-maximum,family-00332,0.8962342143058777,0.3332793288015976,0.0,1,0.4476995090829541,9.935041427612305,44,maximum
7.88577127456665,0.2757507264614105,False,False,family-00332-maximum,family-00332,0.9857473969459534,0.0747357377925071,0.0,2,0.7677411828191804,10.271392822265625,44,maximum
10.20274543762207,0.30338239669799805,False,False,family-00332-maximum,family-00332,0.9803188443183899,0.09679562146977312,0.0,3,0.8835750420526673,11.547118186950684,44,maximum
5.7813191413879395,-0.2448408305644989,True,False,family-00332-minimum,family-00332,0.9757347106933594,0.1142040111322595,1.0,0,0.6067949819257319,9.527631759643555,44,minimum
5.62064790725708,0.029452145099639893,True,False,family-00332-minimum,family-00332,0.9722003936767578,0.1270081445986614,1.0,1,0.5632290353146023,9.979329109191895,44,minimum
4.251473903656006,0.21143265068531036,True,False,family-00332-minimum,family-00332,0.9088965654373169,0.30508336179010054,1.0,2,0.38570951099784184,11.022476196289062,44,minimum
6.8657073974609375,-0.016199856996536255,True,False,family-00332-minimum,family-00332,0.9762818217277527,0.11217653616169984,1.0,3,0.5667668562419595,12.113812446594238,44,minimum
7.923152923583984,-0.03799780458211899,True,False,family-00332-sum_mod_10,family-00332,0.9763849973678589,0.11179274954843188,0.5,0,0.8030594257139186,9.866209983825684,44,sum_mod_10
8.180139541625977,-0.00903628021478653,True,False,family-00332-sum_mod_10,family-00332,0.9841603636741638,0.08137261338558852,0.5,1,0.6874690178019052,11.898921012878418,44,sum_mod_10
5.191117763519287,0.047669582068920135,True,False,family-00332-sum_mod_10,family-00332,0.9762476682662964,0.11230347680444361,0.5,2,0.30747235546778795,16.883201599121094,44,sum_mod_10
8.607714653015137,0.024723902344703674,True,True,family-00332-sum_mod_10,family-00332,0.998236894607544,0.012940834834398028,0.5,3,0.46843645584756505,18.375415802001953,44,sum_mod_10
6.511702060699463,0.7061764001846313,True,False,family-00333-maximum,family-00333,0.97481369972229,0.11758866145163048,1.0,0,0.713486954230139,9.126588821411133,44,maximum
5.071224689483643,0.12627023458480835,True,False,family-00333-maximum,family-00333,0.9270728230476379,0.26114566595538324,1.0,1,0.6059513788460068,8.36902904510498,44,maximum
6.05704927444458,0.034506022930145264,True,False,family-00333-maximum,family-00333,0.9827607870101929,0.08709076450829002,1.0,2,0.5644922293041637,10.730084419250488,44,maximum
13.042966842651367,0.4108242094516754,True,False,family-00333-maximum,family-00333,0.9842557311058044,0.08097852289120869,1.0,3,1.0278512912339843,12.689546585083008,44,maximum
5.833191394805908,0.2168271541595459,True,False,family-00333-minimum,family-00333,0.9757347106933594,0.1142040111322595,0.5,0,0.6122393835070026,9.527631759643555,44,minimum
7.176361083984375,0.1486835479736328,True,False,family-00333-minimum,family-00333,0.9682163596153259,0.14088863506473104,0.5,1,0.7590373076132805,9.454556465148926,44,minimum
4.408081531524658,-0.00913780927658081,True,False,family-00333-minimum,family-00333,0.8821134567260742,0.3626928189908806,0.5,2,0.36464403803518586,12.088725090026855,44,minimum
10.598115921020508,0.40457475185394287,True,False,family-00333-minimum,family-00333,0.9874234795570374,0.06753099574438721,0.5,3,0.81993167365171,12.92560863494873,44,minimum
4.614272117614746,-0.08120283484458923,False,False,family-00333-sum_mod_10,family-00333,0.9683666825294495,0.1403746885350306,0.0,0,0.4483321168495315,10.292084693908691,44,sum_mod_10
5.744869232177734,-0.09366686642169952,False,False,family-00333-sum_mod_10,family-00333,0.958625316619873,0.17228862491813388,0.0,1,0.5991761036642061,9.587947845458984,44,sum_mod_10
4.352790355682373,0.05234827846288681,False,False,family-00333-sum_mod_10,family-00333,0.9441391229629517,0.2154233092561731,0.0,2,0.3754710322420629,11.592879295349121,44,sum_mod_10
7.777531147003174,0.06565475463867188,False,True,family-00333-sum_mod_10,family-00333,0.9916886687278748,0.04808909889704733,0.0,3,0.6069111750452467,12.81494140625,44,sum_mod_10
5.383951187133789,0.029346749186515808,True,False,family-00334-maximum,family-00334,0.9709507822990417,0.13142146106867747,0.5,0,0.5198816815322943,10.356108665466309,44,maximum
8.249122619628906,0.0400954931974411,True,False,family-00334-maximum,family-00334,0.9633269906044006,0.15722266927795026,0.5,1,0.7938803394422923,10.390889167785645,44,maximum
6.165590763092041,0.07252861559391022,True,False,family-00334-maximum,family-00334,0.9921650886535645,0.04579692146137633,0.5,2,0.42980941526726824,14.344941139221191,44,maximum
8.778093338012695,0.1272505670785904,True,False,family-00334-maximum,family-00334,0.9969358444213867,0.020794737422421078,0.5,3,0.5819969331103941,15.082714080810547,44,maximum
7.469518184661865,0.07122132182121277,True,False,family-00334-minimum,family-00334,0.9794909358024597,0.10001374303591169,0.0,0,0.7927829978076988,9.421895027160645,44,minimum
7.413644790649414,-0.26520800590515137,True,False,family-00334-minimum,family-00334,0.9805537462234497,0.09587613845326817,0.0,1,0.8260390426036875,8.974932670593262,44,minimum
4.512409687042236,-0.3332591652870178,True,False,family-00334-minimum,family-00334,0.8980094790458679,0.329434711406719,0.0,2,0.3585725633594298,12.584369659423828,44,minimum
8.88525390625,0.3039195239543915,True,False,family-00334-minimum,family-00334,0.9919014573097229,0.04706881840119073,0.0,3,0.6193773747190092,14.345460891723633,44,minimum
6.538752555847168,0.011820131912827492,False,False,family-00334-sum_mod_10,family-00334,0.9726890921592712,0.12526660255310906,1.0,0,0.6541301513479622,9.996103286743164,44,sum_mod_10
6.221933841705322,0.0013593994081020355,False,False,family-00334-sum_mod_10,family-00334,0.9736043214797974,0.12198075104928126,1.0,1,0.6572673544421055,9.4663667678833,44,sum_mod_10
6.757701396942139,-0.00025268271565437317,False,False,family-00334-sum_mod_10,family-00334,0.9865573048591614,0.07128080190640255,1.0,2,0.6184551511225551,10.92674446105957,44,sum_mod_10
14.829489707946777,-0.08107227087020874,False,True,family-00334-sum_mod_10,family-00334,0.997694194316864,0.016304747054054422,1.0,3,1.0593832748100636,13.998229026794434,44,sum_mod_10
7.458339691162109,0.7488712072372437,True,False,family-00335-maximum,family-00335,0.9803701639175415,0.0965949850673804,0.0,0,0.7524921629792417,9.911518096923828,44,maximum
4.413450241088867,0.009233176708221436,True,False,family-00335-maximum,family-00335,0.8889787793159485,0.348645133038686,0.0,1,0.38588386090150895,11.437250137329102,44,maximum
6.0116095542907715,0.14225530624389648,True,False,family-00335-maximum,family-00335,0.9894574284553528,0.05848010694211116,0.0,2,0.47575625085662293,12.635902404785156,44,maximum
11.451258659362793,0.33470815420150757,True,False,family-00335-maximum,family-00335,0.988775372505188,0.06155598738849677,0.0,3,0.8137405037465901,14.072371482849121,44,maximum
5.106133460998535,0.07309705018997192,True,False,family-00335-minimum,family-00335,0.9730870723724365,0.12384171215580603,1.0,0,0.5832280709245692,8.754951477050781,44,minimum
10.461078643798828,0.8028234243392944,True,False,family-00335-minimum,family-00335,0.9563844799995422,0.17926896023570213,1.0,1,1.3745497237269633,7.610549449920654,44,minimum
4.971513271331787,0.050231218338012695,True,False,family-00335-minimum,family-00335,0.9040740132331848,0.31603810595689746,1.0,2,0.45899911783929004,10.831204414367676,44,minimum
4.587123394012451,0.07750046253204346,True,False,family-00335-minimum,family-00335,0.9578754901885986,0.17463815561573848,1.0,3,0.3589670308691881,12.77867603302002,44,minimum
7.518789768218994,-0.012128422036767006,True,False,family-00335-sum_mod_10,family-00335,0.9794909358024597,0.10001374303591169,0.5,0,0.798012474830643,9.421895027160645,44,sum_mod_10
7.963467597961426,0.004751606844365597,True,False,family-00335-sum_mod_10,family-00335,0.9620814919471741,0.16127167709372303,0.5,1,0.8782909347970848,9.067004203796387,44,sum_mod_10
5.194954872131348,-0.012526484206318855,True,False,family-00335-sum_mod_10,family-00335,0.976925790309906,0.10977354212784554,0.5,2,0.42603528128563944,12.193719863891602,44,sum_mod_10
8.010899543762207,0.007096374407410622,True,True,family-00335-sum_mod_10,family-00335,0.9944355487823486,0.03443599315525168,0.5,3,0.5368072062215681,14.923233985900879,44,sum_mod_10
6.828604221343994,0.10116340219974518,False,False,family-00336-maximum,family-00336,0.9798251986503601,0.09871863145793017,1.0,0,0.6080800568920848,11.229778289794922,44,maximum
4.039571285247803,0.06325964629650116,False,False,family-00336-maximum,family-00336,0.9381394982337952,0.23205636444458155,1.0,1,0.40054273487503006,10.085244178771973,44,maximum
7.6280341148376465,0.038096457719802856,False,False,family-00336-maximum,family-00336,0.9786379933357239,0.10329349331681649,1.0,2,0.8271785615819136,9.221750259399414,44,maximum
8.070320129394531,0.12228833138942719,False,False,family-00336-maximum,family-00336,0.9880052208900452,0.0649788644833311,1.0,3,0.7008080994288837,11.515734672546387,44,maximum
5.192553520202637,0.1142011284828186,True,False,family-00336-minimum,family-00336,0.9757347106933594,0.1142040111322595,0.5,0,0.5449993924195176,9.527631759643555,44,minimum
10.830960273742676,0.8327988982200623,True,False,family-00336-minimum,family-00336,0.9680001735687256,0.14162647782642535,0.5,1,1.1404356055851506,9.497213363647461,44,minimum
4.390311241149902,0.059681236743927,True,False,family-00336-minimum,family-00336,0.9054915904998779,0.31284636911602426,0.5,2,0.349626782243517,12.557136535644531,44,minimum
4.814058303833008,0.0920795202255249,True,False,family-00336-minimum,family-00336,0.9776086807250977,0.10720519778409707,0.5,3,0.3416002170365724,14.092667579650879,44,minimum
5.297018527984619,0.10493147373199463,True,False,family-00336-sum_mod_10,family-00336,0.9805988073348999,0.09569942474854568,0.0,0,0.511438316835184,10.357101440429688,44,sum_mod_10
9.07946491241455,0.28769928216934204,True,False,family-00336-sum_mod_10,family-00336,0.9811562299728394,0.09350450715981844,0.0,1,0.9635046579721093,9.42337417602539,44,sum_mod_10
5.391422271728516,-0.018869638442993164,True,False,family-00336-sum_mod_10,family-00336,0.9753279089927673,0.11570331924323284,0.0,2,0.39999060396549446,13.478872299194336,44,sum_mod_10
10.515962600708008,-0.2905668616294861,True,True,family-00336-sum_mod_10,family-00336,0.9940720200538635,0.03630948128862838,0.0,3,0.7053952170627712,14.907901763916016,44,sum_mod_10
8.506916999816895,0.736120879650116,True,False,family-00337-maximum,family-00337,0.9757347106933594,0.1142040111322595,0.5,0,0.8928679460356425,9.527631759643555,44,maximum
8.591429710388184,-0.014527320861816406,True,False,family-00337-maximum,family-00337,0.8798872828483582,0.3671495121849879,0.5,1,0.8847388857756745,9.710695266723633,44,maximum
7.603396415710449,0.07114583253860474,True,False,family-00337-maximum,family-00337,0.9921999573707581,0.04562803322402987,0.5,2,0.5735759932495241,13.25612735748291,44,maximum
8.437033653259277,0.14504235982894897,True,False,family-00337-maximum,family-00337,0.9899271726608276,0.05633591747831885,0.5,3,0.49007178850393474,17.215913772583008,44,maximum
5.622014999389648,-0.01815730333328247,True,False,family-00337-minimum,family-00337,0.9803701639175415,0.0965949850673804,0.0,0,0.5672203737522827,9.911518096923828,44,minimum
5.037106990814209,-0.029781654477119446,True,False,family-00337-minimum,family-00337,0.9757399559020996,0.11418463399570533,0.0,1,0.5207874655797728,9.672097206115723,44,minimum
5.137200355529785,0.08114530146121979,True,False,family-00337-minimum,family-00337,0.9562808275222778,0.1795888841720836,0.0,2,0.5151025324411862,9.973160743713379,44,minimum
9.79813289642334,0.12092854827642441,True,False,family-00337-minimum,family-00337,0.9908636212348938,0.0519943001680418,0.0,3,0.8514638316161242,11.507397651672363,44,minimum
6.826601982116699,-0.005951061844825745,False,False,family-00337-sum_mod_10,family-00337,0.9780574440956116,0.1055058412282574,1.0,0,0.7064495521757028,9.663254737854004,44,sum_mod_10
6.129824638366699,0.004768289625644684,False,False,family-00337-sum_mod_10,family-00337,0.982604444026947,0.08772216795180454,1.0,1,0.60986415228607,10.051131248474121,44,sum_mod_10
7.062600612640381,-0.006865419447422028,False,False,family-00337-sum_mod_10,family-00337,0.9911932349205017,0.050443553951278655,1.0,2,0.5430003212245864,13.006623268127441,44,sum_mod_10
13.591195106506348,-0.022836171090602875,False,True,family-00337-sum_mod_10,family-00337,0.9993122816085815,0.005695537357893614,1.0,3,0.812334008026781,16.731042861938477,44,sum_mod_10
8.670578956604004,0.512412965297699,False,False,family-00338-maximum,family-00338,0.9726890921592712,0.12526660255310906,0.0,0,0.8673958949686853,9.996103286743164,44,maximum
5.6376729011535645,0.22608059644699097,False,False,family-00338-maximum,family-00338,0.9239325523376465,0.269058041367744,0.0,1,0.5044243041661757,11.1764497756958,44,maximum
7.035715103149414,0.34702610969543457,False,False,family-00338-maximum,family-00338,0.9924295544624329,0.04451201332838325,0.0,2,0.5433423260911817,12.948954582214355,44,maximum
6.466246128082275,0.1469845175743103,False,False,family-00338-maximum,family-00338,0.9858484268188477,0.07430736461704304,0.0,3,0.46327641249639234,13.9576416015625,44,maximum
5.651761531829834,0.2712622284889221,False,False,family-00338-minimum,family-00338,0.9749530553817749,0.11707878846180106,1.0,0,0.5334714233285465,10.59430980682373,44,minimum
10.543647766113281,0.6036631464958191,False,False,family-00338-minimum,family-00338,0.981286346912384,0.09298975463936388,1.0,1,1.042121801332234,10.117481231689453,44,minimum
4.059129238128662,0.04465001821517944,False,False,family-00338-minimum,family-00338,0.8410438895225525,0.4379348113613367,1.0,2,0.30434971476770295,13.337056159973145,44,minimum
7.937991619110107,0.1821601390838623,False,False,family-00338-minimum,family-00338,0.9704630374908447,0.13312890174156963,1.0,3,0.589137094338589,13.473929405212402,44,minimum
7.793066024780273,0.1416742503643036,False,False,family-00338-sum_mod_10,family-00338,0.9681077599525452,0.1412594748192077,0.5,0,0.822792652399636,9.471482276916504,44,sum_mod_10
7.705617904663086,0.21586719155311584,False,False,family-00338-sum_mod_10,family-00338,0.9812316298484802,0.0932063314826156,0.5,1,0.7565774146838788,10.184837341308594,44,sum_mod_10
5.494960308074951,0.07360446453094482,False,False,family-00338-sum_mod_10,family-00338,0.9826332926750183,0.08760576838204599,0.5,2,0.3819611203181969,14.386177062988281,44,sum_mod_10
10.70234203338623,0.2015141397714615,False,True,family-00338-sum_mod_10,family-00338,0.998104453086853,0.013775507135451006,0.5,3,0.7025719503967087,15.2330904006958,44,sum_mod_10
7.816580295562744,0.23427188396453857,True,False,family-00339-maximum,family-00339,0.9757347106933594,0.1142040111322595,1.0,0,0.8204116713107703,9.527631759643555,44,maximum
4.665575981140137,0.03356438875198364,True,False,family-00339-maximum,family-00339,0.9029121398925781,0.3186368211952514,1.0,1,0.5314325770196391,8.779243469238281,44,maximum
6.883302211761475,0.08294130861759186,True,False,family-00339-maximum,family-00339,0.9851269125938416,0.07735088546739954,1.0,2,0.6821331797753732,10.090847969055176,44,maximum
9.869977951049805,0.14752738177776337,True,False,family-00339-maximum,family-00339,0.9919669032096863,0.0467538911500841,1.0,3,0.8844299923456214,11.15970516204834,44,maximum
5.902379989624023,0.2885940670967102,True,False,family-00339-minimum,family-00339,0.9709507822990417,0.13142146106867747,0.5,0,0.5699418749154516,10.356108665466309,44,minimum
7.812431812286377,0.17297428846359253,True,False,family-00339-minimum,family-00339,0.9763550162315369,0.11190431909706239,0.5,1,0.7742238390250592,10.090662956237793,44,minimum
5.347042083740234,-0.09232443571090698,True,False,family-00339-minimum,family-00339,0.9257976412773132,0.2643759441297425,0.5,2,0.439758246614211,12.159049034118652,44,minimum
9.419180870056152,0.31801337003707886,True,False,family-00339-minimum,family-00339,0.9935910701751709,0.038753847843244676,0.5,3,0.6727585798673082,14.000833511352539,44,minimum
5.117167949676514,0.06139158457517624,True,False,family-00339-sum_mod_10,family-00339,0.9805988073348999,0.09569942474854568,0.0,0,0.49407336397240276,10.357101440429688,44,sum_mod_10
7.141193389892578,0.06626193225383759,True,False,family-00339-sum_mod_10,family-00339,0.9783226251602173,0.10449726664934696,0.0,1,0.7636362301350238,9.351564407348633,44,sum_mod_10
6.051493167877197,0.004539258778095245,True,False,family-00339-sum_mod_10,family-00339,0.9671099185943604,0.14464912379811767,0.0,2,0.5103730686927856,11.856999397277832,44,sum_mod_10
9.628771781921387,-0.17533642053604126,True,True,family-00339-sum_mod_10,family-00339,0.9946039319038391,0.03356020782138026,0.0,3,0.7447326928279945,12.92916488647461,44,sum_mod_10
5.363415718078613,0.14129647612571716,False,False,family-00340-maximum,family-00340,0.9768949747085571,0.10988894692276069,0.5,0,0.548605535288854,9.77645206451416,44,maximum
6.150468826293945,0.1486721634864807,False,False,family-00340-maximum,family-00340,0.9219669103622437,0.2739390127613233,0.5,1,0.7108317167798254,8.652496337890625,44,maximum
7.114700794219971,0.4293050169944763,False,False,family-00340-maximum,family-00340,0.9813496470451355,0.09273900152025731,0.5,2,0.6727281720115564,10.575892448425293,44,maximum
7.920849800109863,0.34107500314712524,False,False,family-00340-maximum,family-00340,0.9889539480209351,0.06075481826930172,0.5,3,0.6496345654856053,12.192777633666992,44,maximum
6.003707408905029,0.1575201153755188,False,False,family-00340-minimum,family-00340,0.9780574440956116,0.1055058412282574,0.0,0,0.6212924704744274,9.663254737854004,44,minimum
11.31527328491211,0.8235164880752563,False,False,family-00340-minimum,family-00340,0.9825050234794617,0.08812294103381846,0.0,1,1.2099679562944334,9.351713180541992,44,minimum
5.7752556800842285,0.12075716257095337,False,False,family-00340-minimum,family-00340,0.8498364090919495,0.4229927478501878,0.0,2,0.3866636176073534,14.936123847961426,44,minimum
6.778885364532471,0.036394476890563965,False,False,family-00340-minimum,family-00340,0.9722452759742737,0.1268485713862016,0.0,3,0.4109620598007797,16.495161056518555,44,minimum
5.929959297180176,-0.012027058750391006,True,False,family-00340-sum_mod_10,family-00340,0.9794909358024597,0.10001374303591169,1.0,0,0.6293807434795006,9.421895027160645,44,sum_mod_10
8.279153823852539,-0.04052485153079033,True,False,family-00340-sum_mod_10,family-00340,0.961037814617157,0.16463177503825188,1.0,1,0.9667340456380431,8.564044952392578,44,sum_mod_10
6.392142295837402,-0.007628493010997772,True,False,family-00340-sum_mod_10,family-00340,0.9582735896110535,0.1733924881712437,1.0,2,0.5443038159712819,11.74370288848877,44,sum_mod_10
11.621520042419434,0.026248212903738022,True,True,family-00340-sum_mod_10,family-00340,0.9934313893318176,0.039557233714277114,1.0,3,0.8167164853311958,14.229564666748047,44,sum_mod_10
8.942004203796387,0.7517160773277283,False,False,family-00341-maximum,family-00341,0.9726890921592712,0.12526660255310906,0.0,0,0.8945490004745426,9.996103286743164,44,maximum
4.448297500610352,0.018415987491607666,False,False,family-00341-maximum,family-00341,0.8972780108451843,0.3310229599738888,0.0,1,0.3985687210433041,11.16067886352539,44,maximum
8.358696937561035,0.11256784200668335,False,False,family-00341-maximum,family-00341,0.9902697801589966,0.054758153195812766,0.0,2,0.6775715640899314,12.336256980895996,44,maximum
8.040972709655762,0.11735248565673828,False,False,family-00341-maximum,family-00341,0.9780489802360535,0.10553797802305834,0.0,3,0.5034161737480781,15.972813606262207,44,maximum
5.355789661407471,0.565575361251831,False,False,family-00341-minimum,family-00341,0.9749530553817749,0.11707878846180106,1.0,0,0.5055345519495607,10.59430980682373,44,minimum
10.649714469909668,0.7654932141304016,False,False,family-00341-minimum,family-00341,0.9770870804786682,0.1091688199769832,1.0,1,1.0710010985231606,9.943700790405273,44,minimum
4.7862958908081055,0.031166553497314453,False,False,family-00341-minimum,family-00341,0.8344743251800537,0.4487201580389315,1.0,2,0.36847319147086643,12.98953628540039,44,minimum
8.12451457977295,0.13315951824188232,False,False,family-00341-minimum,family-00341,0.9807760715484619,0.09500321926381355,1.0,3,0.5818843151958781,13.962422370910645,44,minimum
7.029374122619629,0.16574841737747192,True,False,family-00341-sum_mod_10,family-00341,0.9805988073348999,0.09569942474854568,0.5,0,0.6787009051760334,10.357101440429688,44,sum_mod_10
8.522318840026855,0.19199901819229126,True,False,family-00341-sum_mod_10,family-00341,0.9903274178504944,0.054491536354704044,0.5,1,0.7541608903189185,11.300398826599121,44,sum_mod_10
8.011787414550781,0.2442505955696106,True,False,family-00341-sum_mod_10,family-00341,0.9895188212394714,0.05820109616297742,0.5,2,0.5131937916570658,15.611621856689453,44,sum_mod_10
9.103097915649414,0.14939092099666595,True,True,family-00341-sum_mod_10,family-00341,0.9996465444564819,0.003162570371067438,0.5,3,0.457621552481293,19.892196655273438,44,sum_mod_10
6.99522590637207,0.4233628809452057,True,False,family-00342-maximum,family-00342,0.9763849973678589,0.11179274954843188,1.0,0,0.7090084153732585,9.866209983825684,44,maximum
6.120265007019043,0.06823348999023438,True,False,family-00342-maximum,family-00342,0.9412703514099121,0.22345770352078398,1.0,1,0.7515555612808934,8.143463134765625,44,maximum
9.018856048583984,0.18967515230178833,True,False,family-00342-maximum,family-00342,0.9853857755661011,0.07626311690211222,1.0,2,0.8787326566338723,10.263481140136719,44,maximum
6.901044845581055,0.061103999614715576,True,False,family-00342-maximum,family-00342,0.9922022819519043,0.04561676843012463,1.0,3,0.4854516846678262,14.215719223022461,44,maximum
6.859787464141846,0.7162734270095825,False,False,family-00342-minimum,family-00342,0.9681077599525452,0.1412594748192077,0.5,0,0.7242570131668017,9.471482276916504,44,minimum
9.363825798034668,0.4999776780605316,False,False,family-00342-minimum,family-00342,0.9780997633934021,0.10534510715917039,0.5,1,1.053496134266457,8.888334274291992,44,minimum
5.189523220062256,-0.02738654613494873,False,False,family-00342-minimum,family-00342,0.8256412148475647,0.4627307484445541,0.5,2,0.4016436760458893,12.920714378356934,44,minimum
8.611283302307129,0.04692620038986206,False,False,family-00342-minimum,family-00342,0.9878467917442322,0.06567667533898904,0.5,3,0.5841068792646047,14.742650032043457,44,minimum
6.114420413970947,-0.004394225776195526,True,False,family-00342-sum_mod_10,family-00342,0.9711361527442932,0.13077033308515268,0.0,0,0.5952016776290169,10.272854804992676,44,sum_mod_10
7.84460973739624,-0.006329204887151718,True,False,family-00342-sum_mod_10,family-00342,0.9764635562896729,0.11150022124981905,0.0,1,0.688677390740492,11.390833854675293,44,sum_mod_10
7.1891350746154785,-0.0018550814129412174,True,False,family-00342-sum_mod_10,family-00342,0.947062075138092,0.2070765648471154,0.0,2,0.45127422401903955,15.930746078491211,44,sum_mod_10
7.227165699005127,0.00019108736887574196,True,True,family-00342-sum_mod_10,family-00342,0.9974923133850098,0.0175215567666123,0.0,3,0.36447884586971274,19.828765869140625,44,sum_mod_10
5.474032878875732,0.09578382968902588,True,False,family-00343-maximum,family-00343,0.9709507822990417,0.13142146106867747,0.5,0,0.5285800927456038,10.356108665466309,44,maximum
8.286477088928223,0.027219414710998535,True,False,family-00343-maximum,family-00343,0.9565911293029785,0.1786303668288644,0.5,1,0.7846056045701985,10.561327934265137,44,maximum
6.16361141204834,0.08878284692764282,True,False,family-00343-maximum,family-00343,0.9933614730834961,0.039907760520828624,0.5,2,0.4257154875501399,14.478240966796875,44,maximum
11.29678726196289,0.25339794158935547,True,False,family-00343-maximum,family-00343,0.9947776794433594,0.03265098061032165,0.5,3,0.761812703588299,14.828824996948242,44,maximum
5.227470874786377,0.24719303846359253,True,False,family-00343-minimum,family-00343,0.9676731824874878,0.14273963424558253,0.0,0,0.5457460802444,9.578577041625977,44,minimum
7.504703521728516,0.4764796495437622,True,False,family-00343-minimum,family-00343,0.9787986874580383,0.10267829183867216,0.0,1,0.7844625367583545,9.566681861877441,44,minimum
5.108443737030029,-0.039051055908203125,True,False,family-00343-minimum,family-00343,0.8893776535987854,0.34781452726064066,0.0,2,0.46788947672393344,10.91805648803711,44,minimum
10.59827995300293,0.6235605478286743,True,False,family-00343-minimum,family-00343,0.9759875535964966,0.11326861842097412,0.0,3,0.9279820554484438,11.420781135559082,44,minimum
6.616814613342285,-0.045598119497299194,False,False,family-00343-sum_mod_10,family-00343,0.9726890921592712,0.12526660255310906,1.0,0,0.6619394001378024,9.996103286743164,44,sum_mod_10
5.813812255859375,0.019948571920394897,False,False,family-00343-sum_mod_10,family-00343,0.9714508056640625,0.1296622798810824,1.0,1,0.6215150912714797,9.354257583618164,44,sum_mod_10
6.623787879943848,0.056434378027915955,False,False,family-00343-sum_mod_10,family-00343,0.98634934425354,0.07217253379431045,1.0,2,0.6022879074500507,10.997710227966309,44,sum_mod_10
12.793060302734375,-0.08898544311523438,False,True,family-00343-sum_mod_10,family-00343,0.9959724545478821,0.026229718710038992,1.0,3,0.9114462862111374,14.03600025177002,44,sum_mod_10
6.8251752853393555,0.785692036151886,True,False,family-00344-maximum,family-00344,0.9768313765525818,0.11012698982396632,0.0,0,0.6107071804855371,11.17585563659668,44,maximum
3.883040189743042,-0.03356635570526123,True,False,family-00344-maximum,family-00344,0.8952364325523376,0.3354252740854944,0.0,1,0.29782531113326943,13.037979125976562,44,maximum
5.799252510070801,0.011586368083953857,True,False,family-00344-maximum,family-00344,0.9823871850967407,0.088597213593539,0.0,2,0.42855356827105356,13.532153129577637,44,maximum
11.012430191040039,0.486666738986969,True,False,family-00344-maximum,family-00344,0.9914954900741577,0.049010591909874356,0.0,3,0.7213788358216993,15.265807151794434,44,maximum
6.575997352600098,0.39094114303588867,False,False,family-00344-minimum,family-00344,0.9815162420272827,0.09207801456333566,1.0,0,0.5778667388053835,11.379781723022461,44,minimum
7.229008197784424,0.1166074275970459,False,False,family-00344-minimum,family-00344,0.9752088189125061,0.11614093127344993,1.0,1,0.6977229963588486,10.360857009887695,44,minimum
4.097574234008789,0.00527036190032959,False,False,family-00344-minimum,family-00344,0.9051192402839661,0.3136869929902062,1.0,2,0.34438572899603315,11.898211479187012,44,minimum
12.083026885986328,0.26634055376052856,False,False,family-00344-minimum,family-00344,0.9855003952980042,0.07577999154033696,1.0,3,0.9126041645958357,13.240161895751953,44,minimum
7.593705654144287,-0.015712015330791473,True,False,family-00344-sum_mod_10,family-00344,0.9732781052589417,0.1231556132485116,0.5,0,0.8074218917551087,9.404879570007324,44,sum_mod_10
7.901177406311035,-0.04325749725103378,True,False,family-00344-sum_mod_10,family-00344,0.9705325365066528,0.13288611776642067,0.5,1,0.7234051637688351,10.922202110290527,44,sum_mod_10
6.7291340827941895,0.037570688873529434,True,False,family-00344-sum_mod_10,family-00344,0.9915760159492493,0.04862701433463593,0.5,2,0.47573155099625725,14.144813537597656,44,sum_mod_10
14.193053245544434,-0.11248362809419632,True,True,family-00344-sum_mod_10,family-00344,0.9992172718048096,0.006381061356370977,0.5,3,0.7896548258816493,17.973743438720703,44,sum_mod_10
6.748291492462158,0.32637545466423035,False,False,family-00345-maximum,family-00345,0.9815162420272827,0.09207801456333566,1.0,0,0.5930071117980826,11.379781723022461,44,maximum
3.9889121055603027,0.16568845510482788,False,False,family-00345-maximum,family-00345,0.8928059339523315,0.34060834114066046,1.0,1,0.36937306208798326,10.799141883850098,44,maximum
6.6800031661987305,0.4712870419025421,False,False,family-00345-maximum,family-00345,0.9857271313667297,0.07482157751068129,1.0,2,0.6191580994769877,10.788848876953125,44,maximum
7.060920238494873,0.3158322870731354,False,False,family-00345-maximum,family-00345,0.9931173324584961,0.04112600144659434,1.0,3,0.5701895648825568,12.383460998535156,44,maximum
4.800477981567383,0.16500037908554077,False,False,family-00345-minimum,family-00345,0.9768949747085571,0.10988894692276069,0.5,0,0.4910245506129776,9.77645206451416,44,minimum
5.992970943450928,0.033045947551727295,False,False,family-00345-minimum,family-00345,0.953163743019104,0.1890922596276812,0.5,1,0.7256216832762181,8.259084701538086,44,minimum
4.711420059204102,0.004736959934234619,False,False,family-00345-minimum,family-00345,0.8961726427078247,0.3334120608198735,0.5,2,0.4439117607707378,10.613415718078613,44,minimum
11.818751335144043,0.37241488695144653,False,False,family-00345-minimum,family-00345,0.9816566109657288,0.0915198958165437,0.5,3,1.1201092952775644,10.551426887512207,44,minimum
5.146127700805664,0.024874746799468994,False,False,family-00345-sum_mod_10,family-00345,0.9780574440956116,0.1055058412282574,0.0,0,0.532546004468522,9.663254737854004,44,sum_mod_10
6.970940113067627,0.005420789122581482,False,False,family-00345-sum_mod_10,family-00345,0.9750252366065979,0.11681438020490044,0.0,1,0.7621794952003788,9.146060943603516,44,sum_mod_10
5.265192031860352,0.0483553484082222,False,False,family-00345-sum_mod_10,family-00345,0.9452048540115356,0.21239921869691938,0.0,2,0.42997447857079996,12.245359420776367,44,sum_mod_10
7.513586521148682,0.004530608654022217,False,True,family-00345-sum_mod_10,family-00345,0.9931513071060181,0.04095700027626382,0.0,3,0.5279627584506165,14.231281280517578,44,sum_mod_10
6.851291179656982,0.08824986219406128,False,False,family-00346-maximum,family-00346,0.9768949747085571,0.10988894692276069,0.5,0,0.7007952511244125,9.77645206451416,44,maximum
4.626368522644043,0.039711833000183105,False,False,family-00346-maximum,family-00346,0.8710351586341858,0.38441416448042576,0.5,1,0.5136074069760671,9.007596969604492,44,maximum
8.936787605285645,0.1622769832611084,False,False,family-00346-maximum,family-00346,0.9769282341003418,0.10976438830136045,0.5,2,0.8587837107784588,10.406331062316895,44,maximum
8.538223266601562,0.1537896990776062,False,False,family-00346-maximum,family-00346,0.9694160223007202,0.1367663091641817,0.5,3,0.6099126847668092,13.999091148376465,44,maximum
5.354775428771973,0.2815377116203308,False,False,family-00346-minimum,family-00346,0.9780574440956116,0.1055058412282574,0.0,0,0.554137873215288,9.663254737854004,44,minimum
9.437623023986816,0.5610709190368652,False,False,family-00346-minimum,family-00346,0.975298285484314,0.11581222965005555,0.0,1,1.1292805482589099,8.357199668884277,44,minimum
4.836411476135254,0.1154623031616211,False,False,family-00346-minimum,family-00346,0.879141092300415,0.36863281904925954,0.0,2,0.38325131134296075,12.619425773620605,44,minimum
5.358156681060791,0.05887693166732788,False,False,family-00346-minimum,family-00346,0.9784789681434631,0.10390108940009823,0.0,3,0.38043778109117204,14.084186553955078,44,minimum
5.0497660636901855,0.04788316786289215,True,False,family-00346-sum_mod_10,family-00346,0.9768313765525818,0.11012698982396632,1.0,0,0.4518460355871206,11.17585563659668,44,sum_mod_10
5.9730048179626465,0.05979815870523453,True,False,family-00346-sum_mod_10,family-00346,0.9622285962104797,0.16079569498746663,1.0,1,0.5367908506899136,11.12724781036377,44,sum_mod_10
4.275478363037109,-0.02432972937822342,True,False,family-00346-sum_mod_10,family-00346,0.9425244331359863,0.21996420161695251,1.0,2,0.33492542224049066,12.765463829040527,44,sum_mod_10
10.207133293151855,-0.07213164865970612,True,True,family-00346-sum_mod_10,family-00346,0.9937331080436707,0.038035865035808344,1.0,3,0.7409701883379262,13.775362968444824,44,sum_mod_10
7.522557258605957,0.562489926815033,True,False,family-00347-maximum,family-00347,0.9794909358024597,0.10001374303591169,0.0,0,0.7984123402904154,9.421895027160645,44,maximum
4.453370094299316,0.006802618503570557,True,False,family-00347-maximum,family-00347,0.9137359857559204,0.2938078194718731,0.0,1,0.4212527788024116,10.571728706359863,44,maximum
6.820454120635986,0.3429934084415436,True,False,family-00347-maximum,family-00347,0.9845751523971558,0.079654270913139,0.0,2,0.6010018455868524,11.348474502563477,44,maximum
10.885942459106445,0.272899329662323,True,False,family-00347-maximum,family-00347,0.991818904876709,0.047465302754007524,0.0,3,0.8496330156136582,12.812522888183594,44,maximum
6.668503761291504,0.3033106327056885,True,False,family-00347-minimum,family-00347,0.9730870723724365,0.12384171215580603,1.0,0,0.76168369165398,8.754951477050781,44,minimum
6.999664783477783,0.12031787633895874,True,False,family-00347-minimum,family-00347,0.9806810021400452,0.09537681079007969,1.0,1,0.7068273635761397,9.902934074401855,44,minimum
3.907770872116089,0.011570155620574951,True,False,family-00347-minimum,family-00347,0.8636513352394104,0.3982794778691018,1.0,2,0.31069341831211583,12.5775785446167,44,minimum
10.724163055419922,0.35789918899536133,True,False,family-00347-minimum,family-00347,0.9819736480712891,0.0902552900506808,1.0,3,0.809523511283664,13.2475004196167,44,minimum
7.451650142669678,-0.023741528391838074,True,False,family-00347-sum_mod_10,family-00347,0.9732781052589417,0.1231556132485116,0.5,0,0.7923174440673751,9.404879570007324,44,sum_mod_10
7.57049560546875,0.00019006244838237762,True,False,family-00347-sum_mod_10,family-00347,0.969296932220459,0.13717767151805338,0.5,1,0.7061664938665984,10.720553398132324,44,sum_mod_10
6.437905788421631,0.0015290258452296257,True,False,family-00347-sum_mod_10,family-00347,0.9902406930923462,0.054892571309398425,0.5,2,0.4874940269532179,13.206122398376465,44,sum_mod_10
13.066950798034668,-0.009623883292078972,True,True,family-00347-sum_mod_10,family-00347,0.9984719157218933,0.011434617982594203,0.5,3,0.8338213527586892,15.671163558959961,44,sum_mod_10
8.204983711242676,0.7517017722129822,True,False,family-00348-maximum,family-00348,0.9757347106933594,0.1142040111322595,1.0,0,0.8611776691451012,9.527631759643555,44,maximum
4.6227850914001465,-0.005248069763183594,True,False,family-00348-maximum,family-00348,0.8950560092926025,0.33581217740476255,1.0,1,0.5040179786674108,9.171865463256836,44,maximum
9.42607307434082,0.14901334047317505,True,False,family-00348-maximum,family-00348,0.9865298271179199,0.07139881194393982,1.0,2,0.9069922139072726,10.392672538757324,44,maximum
7.254543304443359,0.10378283262252808,True,False,family-00348-maximum,family-00348,0.9934793710708618,0.03931624312289595,1.0,3,0.45452693154556506,15.96064567565918,44,maximum
5.100596904754639,0.15733855962753296,False,False,family-00348-minimum,family-00348,0.9768949747085571,0.10988894692276069,0.5,0,0.5217226935800572,9.77645206451416,44,minimum
5.595261573791504,0.09611552953720093,False,False,family-00348-minimum,family-00348,0.9529528021812439,0.18972735395250537,0.5,1,0.7018611461303895,7.972034931182861,44,minimum
4.737044334411621,0.011989474296569824,False,False,family-00348-minimum,family-00348,0.9100139737129211,0.3025054918350459,0.5,2,0.48094091142261425,9.84953498840332,44,minimum
13.230530738830566,0.24028462171554565,False,False,family-00348-minimum,family-00348,0.9860709309577942,0.07336134540422257,0.5,3,1.2796473124690655,10.339200973510742,44,minimum
5.111510276794434,-0.02112077921628952,False,False,family-00348-sum_mod_10,family-00348,0.9780574440956116,0.1055058412282574,0.0,0,0.5289636272105135,9.663254737854004,44,sum_mod_10
6.857695579528809,-0.014265406876802444,False,False,family-00348-sum_mod_10,family-00348,0.9720660448074341,0.12748535964109858,0.0,1,0.7911146223768969,8.668396949768066,44,sum_mod_10
5.704039096832275,-0.0016960818320512772,False,False,family-00348-sum_mod_10,family-00348,0.957612156867981,0.17545997451608406,0.0,2,0.48829367478326224,11.681574821472168,44,sum_mod_10
6.996192455291748,-0.0005294829607009888,False,True,family-00348-sum_mod_10,family-00348,0.9957945346832275,0.027206268098732233,0.0,3,0.48252843406487694,14.49902629852295,44,sum_mod_10
6.694035530090332,0.2538924217224121,False,False,family-00349-maximum,family-00349,0.9798251986503601,0.09871863145793017,0.5,0,0.5960968558189209,11.229778289794922,44,maximum
5.941884517669678,0.021721601486206055,False,False,family-00349-maximum,family-00349,0.9263906478881836,0.26287671281945324,0.5,1,0.6312632859499657,9.412688255310059,44,maximum
9.534168243408203,0.21743929386138916,False,False,family-00349-maximum,family-00349,0.9847499132156372,0.0789269153881218,0.5,2,0.9581451587088152,9.950651168823242,44,maximum
7.318515300750732,0.08724784851074219,False,False,family-00349-maximum,family-00349,0.9886245727539062,0.062230302529824255,0.5,3,0.5072586250933343,14.427581787109375,44,maximum
5.525680065155029,0.6409575343132019,True,False,family-00349-minimum,family-00349,0.9709507822990417,0.13142146106867747,0.0,0,0.5335672156068693,10.356108665466309,44,minimum
8.811573028564453,0.5995549559593201,True,False,family-00349-minimum,family-00349,0.9706896543502808,0.13233662798418966,0.0,1,0.9101800913804813,9.681131362915039,44,minimum
4.252906322479248,0.07070094347000122,True,False,family-00349-minimum,family-00349,0.9367775917053223,0.23574353923326574,0.0,2,0.3427874322985491,12.406832695007324,44,minimum
6.211668491363525,0.11565083265304565,True,False,family-00349-minimum,family-00349,0.9898170232772827,0.0568406535089387,0.0,3,0.4471578313024724,13.89144515991211,44,minimum
6.214946746826172,0.08594080805778503,False,False,family-00349-sum_mod_10,family-00349,0.9681898355484009,0.14097924321437244,1.0,0,0.6216484007170734,9.997527122497559,44,sum_mod_10
6.959020137786865,0.2164025902748108,False,False,family-00349-sum_mod_10,family-00349,0.9625242948532104,0.15983710564566564,1.0,1,0.7896852735164496,8.812397003173828,44,sum_mod_10
8.84860897064209,0.2875531017780304,False,False,family-00349-sum_mod_10,family-00349,0.961432933807373,0.16336315972872947,1.0,2,0.8621962755775271,10.262870788574219,44,sum_mod_10
10.613499641418457,0.008716821670532227,False,True,family-00349-sum_mod_10,family-00349,0.9974220991134644,0.01794087482629029,1.0,3,0.6664708606092429,15.9249267578125,44,sum_mod_10
7.511025905609131,0.7453197836875916,True,False,family-00350-maximum,family-00350,0.9803701639175415,0.0965949850673804,0.0,0,0.7578078183543122,9.911518096923828,44,maximum
5.057467460632324,0.2179926037788391,True,False,family-00350-maximum,family-00350,0.8945356011390686,0.3369262116904066,0.0,1,0.43338061196020683,11.669805526733398,44,maximum
8.933271408081055,0.5177014470100403,True,False,family-00350-maximum,family-00350,0.9915508031845093,0.04874719614692339,0.0,2,0.6577645196427437,13.581260681152344,44,maximum
5.65103816986084,0.1353427767753601,True,False,family-00350-maximum,family-00350,0.9887281656265259,0.06176729638490344,0.0,3,0.3634357743941038,15.548932075500488,44,maximum
7.46146821975708,0.5365715622901917,True,False,family-00350-minimum,family-00350,0.9794909358024597,0.10001374303591169,1.0,0,0.791928608655455,9.421895027160645,44,minimum
11.072793006896973,0.7134029269218445,True,False,family-00350-minimum,family-00350,0.9745174050331116,0.1186701178223806,1.0,1,1.2491456322482741,8.864293098449707,44,minimum
5.021783351898193,-0.014486253261566162,True,False,family-00350-minimum,family-00350,0.9197432994842529,0.2793958762913649,1.0,2,0.37293495644872354,13.465574264526367,44,minimum
6.200042724609375,0.009664714336395264,True,False,family-00350-minimum,family-00350,0.9816900491714478,0.09138678161786444,1.0,3,0.4000246122948258,15.499153137207031,44,minimum
9.277840614318848,0.014352790080010891,False,False,family-00350-sum_mod_10,family-00350,0.9780574440956116,0.1055058412282574,0.5,0,0.960115495866484,9.663254737854004,44,sum_mod_10
9.537055015563965,-0.00548805296421051,False,False,family-00350-sum_mod_10,family-00350,0.9900084733963013,0.05596259445610694,0.5,1,0.7515619577188075,12.689645767211914,44,sum_mod_10
6.1507158279418945,0.004800150170922279,False,False,family-00350-sum_mod_10,family-00350,0.9885064363479614,0.06275714655794727,0.5,2,0.3475222838567466,17.698766708374023,44,sum_mod_10
7.727468967437744,-0.0011546183377504349,False,True,family-00350-sum_mod_10,family-00350,0.9990659356117249,0.0074496286663888415,0.5,3,0.35851500505683037,21.554101943969727,44,sum_mod_10
7.117302417755127,0.8122217059135437,True,False,family-00351-maximum,family-00351,0.9730870723724365,0.12384171215580603,1.0,0,0.8129459582285067,8.754951477050781,44,maximum
3.888735771179199,0.044741690158843994,True,False,family-00351-maximum,family-00351,0.9240544438362122,0.26875357026909064,1.0,1,0.5073501119337176,7.664797306060791,44,maximum
9.863980293273926,0.3888792097568512,True,False,family-00351-maximum,family-00351,0.9745523929595947,0.11854259902425708,1.0,2,1.1101396098257739,8.885351181030273,44,maximum
6.418787956237793,0.1396394968032837,True,False,family-00351-maximum,family-00351,0.9796310663223267,0.09947148533264408,1.0,3,0.4447481052112201,14.432412147521973,44,maximum
4.989148139953613,0.12042701244354248,True,False,family-00351-minimum,family-00351,0.9757347106933594,0.1142040111322595,0.5,0,0.5236503955879447,9.527631759643555,44,minimum
11.249598503112793,0.6721169948577881,True,False,family-00351-minimum,family-00351,0.9680590033531189,0.14142584167301236,0.5,1,1.2341928940935754,9.114943504333496,44,minimum
5.13641357421875,-0.015944957733154297,True,False,family-00351-minimum,family-00351,0.9150665402412415,0.2906562562164826,0.5,2,0.3952175181556203,12.996421813964844,44,minimum
6.698536396026611,0.019953489303588867,True,False,family-00351-minimum,family-00351,0.9793725609779358,0.10047105164478075,0.5,3,0.43947785540259804,15.242033958435059,44,minimum
5.787346363067627,-0.11017389595508575,True,False,family-00351-sum_mod_10,family-00351,0.9803701639175415,0.0965949850673804,0.0,0,0.5839011043993156,9.911518096923828,44,sum_mod_10
6.681700229644775,0.029117919504642487,True,False,family-00351-sum_mod_10,family-00351,0.9474546313285828,0.20594279631935156,0.0,1,0.6928737922645596,9.64345932006836,44,sum_mod_10
6.942124366760254,-0.008469421416521072,True,False,family-00351-sum_mod_10,family-00351,0.9761836528778076,0.1125412719815049,0.0,2,0.6004693321050101,11.561163902282715,44,sum_mod_10
7.179711818695068,0.004018370062112808,True,True,family-00351-sum_mod_10,family-00351,0.9920586943626404,0.04631128328871778,0.0,3,0.4615304990064354,15.556310653686523,44,sum_mod_10
5.901359558105469,-0.006096363067626953,False,False,family-00352-maximum,family-00352,0.9768949747085571,0.10988894692276069,0.5,0,0.6036299793793073,9.77645206451416,44,maximum
4.660004138946533,0.1167028546333313,False,False,family-00352-maximum,family-00352,0.8836602568626404,0.3595681841921265,0.5,1,0.5279141369087329,8.827200889587402,44,maximum
8.266443252563477,0.15979743003845215,False,False,family-00352-maximum,family-00352,0.9626398086547852,0.15946197813072022,0.5,2,0.8678743491688806,9.524930953979492,44,maximum
6.4943976402282715,0.10052001476287842,False,False,family-00352-maximum,family-00352,0.9752646088600159,0.11593599703949481,0.5,3,0.4626580574837496,14.03714370727539,44,maximum
7.847606658935547,0.13031798601150513,False,False,family-00352-minimum,family-00352,0.9681898355484009,0.14097924321437244,0.0,0,0.7849547755940547,9.997527122497559,44,minimum
7.893942832946777,-0.03259015083312988,False,False,family-00352-minimum,family-00352,0.9795032739639282,0.09996603786531358,0.0,1,0.7454857595847312,10.58899211883545,44,minimum
4.719241142272949,0.020088136196136475,False,False,family-00352-minimum,family-00352,0.7929581999778748,0.5100108104928016,0.0,2,0.3260387203689017,14.474480628967285,44,minimum
11.998948097229004,0.6539950370788574,False,False,family-00352-minimum,family-00352,0.9802415370941162,0.09709760013986735,0.0,3,0.80964105239748,14.820083618164062,44,minimum
6.055413722991943,-0.018327195197343826,False,False,family-00352-sum_mod_10,family-00352,0.9681898355484009,0.14097924321437244,1.0,0,0.6056911523015898,9.997527122497559,44,sum_mod_10
7.089060306549072,-0.006557680666446686,False,False,family-00352-sum_mod_10,family-00352,0.957646369934082,0.17535329808050618,1.0,1,0.8079672740047226,8.773944854736328,44,sum_mod_10
5.334947109222412,0.0036957915872335434,False,False,family-00352-sum_mod_10,family-00352,0.9392128586769104,0.22912789915532683,1.0,2,0.5002454236031959,10.66465950012207,44,sum_mod_10
11.311927795410156,-0.0061631277203559875,False,True,family-00352-sum_mod_10,family-00352,0.992222249507904,0.04551997795137472,1.0,3,0.8789937567769294,12.869178771972656,44,sum_mod_10
6.546656131744385,0.8729174137115479,True,False,family-00353-maximum,family-00353,0.9768313765525818,0.11012698982396632,0.0,0,0.5857856744593742,11.17585563659668,44,maximum
3.7265124320983887,0.03437882661819458,True,False,family-00353-maximum,family-00353,0.9004788398742676,0.3240295790192826,0.0,1,0.29505115424666745,12.63005542755127,44,maximum
5.527504920959473,0.0625838041305542,True,False,family-00353-maximum,family-00353,0.980740487575531,0.09514310859045508,0.0,2,0.4218998742018236,13.101461410522461,44,maximum
10.685541152954102,0.32674354314804077,True,False,family-00353-maximum,family-00353,0.9896719455718994,0.05750360631984899,0.0,3,0.731800414446913,14.601715087890625,44,maximum
5.944717884063721,0.4684433043003082,False,False,family-00353-minimum,family-00353,0.9749530553817749,0.11707878846180106,1.0,0,0.5611236590641104,10.59430980682373,44,minimum
7.392550468444824,0.25389230251312256,False,False,family-00353-minimum,family-00353,0.9765253663063049,0.11126987180358701,1.0,1,0.7571258202077306,9.763965606689453,44,minimum
3.907776355743408,0.0063596367835998535,False,False,family-00353-minimum,family-00353,0.9078390598297119,0.3075091445780016,1.0,2,0.36781336346501403,10.624345779418945,44,minimum
12.785740852355957,0.3851630687713623,False,False,family-00353-minimum,family-00353,0.980966329574585,0.09425412580215985,1.0,3,1.15110372032039,11.107375144958496,44,minimum
8.208934783935547,-0.04613534361124039,False,False,family-00353-sum_mod_10,family-00353,0.9780574440956116,0.1055058412282574,0.5,0,0.8494999880090681,9.663254737854004,44,sum_mod_10
8.792299270629883,-0.0034347791224718094,False,False,family-00353-sum_mod_10,family-00353,0.9880164861679077,0.06492916554778241,0.5,1,0.7554805233414986,11.638022422790527,44,sum_mod_10
5.527919292449951,0.007785199210047722,False,False,family-00353-sum_mod_10,family-00353,0.9863384366035461,0.07221921655201351,0.5,2,0.30398712380538423,18.184715270996094,44,sum_mod_10
13.214800834655762,0.0073461029678583145,False,True,family-00353-sum_mod_10,family-00353,0.9991206526756287,0.007066339073856019,0.5,3,0.6341886072606596,20.83733558654785,44,sum_mod_10
7.842955112457275,0.7475331425666809,True,False,family-00354-maximum,family-00354,0.9757347106933594,0.1142040111322595,1.0,0,0.8231799160918342,9.527631759643555,44,maximum
4.838124752044678,0.01010960340499878,True,False,family-00354-maximum,family-00354,0.9125483632087708,0.2966018520069495,1.0,1,0.5189472875556781,9.322959899902344,44,maximum
8.47964096069336,0.25690871477127075,True,False,family-00354-maximum,family-00354,0.979820728302002,0.09873598904614331,1.0,2,0.9094266475144143,9.324161529541016,44,maximum
6.843345642089844,0.09277230501174927,True,False,family-00354-maximum,family-00354,0.9751943349838257,0.11619411429184874,1.0,3,0.5077208110352186,13.478560447692871,44,maximum
6.720361709594727,0.03023475408554077,False,False,family-00354-minimum,family-00354,0.9681077599525452,0.1412594748192077,0.5,0,0.7095364287354797,9.471482276916504,44,minimum
10.733427047729492,0.731337308883667,False,False,family-00354-minimum,family-00354,0.9776691794395447,0.10697664457800755,0.5,1,1.2097179306054344,8.872669219970703,44,minimum
4.220660209655762,0.02067500352859497,False,False,family-00354-minimum,family-00354,0.8976816534996033,0.3301472444203016,0.5,2,0.31791934255375043,13.275883674621582,44,minimum
5.990865230560303,0.026012420654296875,False,False,family-00354-minimum,family-00354,0.9802073836326599,0.09723091257237762,0.5,3,0.40626792048660487,14.746094703674316,44,minimum
5.280742168426514,-0.0053465720266103745,True,False,family-00354-sum_mod_10,family-00354,0.9805988073348999,0.09569942474854568,0.0,0,0.5098667999728919,10.357101440429688,44,sum_mod_10
8.966710090637207,0.00026224926114082336,True,False,family-00354-sum_mod_10,family-00354,0.9810553789138794,0.09390285136850939,0.0,1,0.9543371936735865,9.395746231079102,44,sum_mod_10
4.370448112487793,0.0023329537361860275,True,False,family-00354-sum_mod_10,family-00354,0.976296067237854,0.11212357395935899,0.0,2,0.32588696566484965,13.410932540893555,44,sum_mod_10
7.200355052947998,0.008149353787302971,True,True,family-00354-sum_mod_10,family-00354,0.9914891719818115,0.049040654930117444,0.0,3,0.4610541791151869,15.617156028747559,44,sum_mod_10
7.059194087982178,0.038787782192230225,False,False,family-00355-maximum,family-00355,0.9798251986503601,0.09871863145793017,0.5,0,0.6286138431065225,11.229778289794922,44,maximum
6.008345603942871,0.12070101499557495,False,False,family-00355-maximum,family-00355,0.9107651710510254,0.3007639130596278,0.5,1,0.6312419005808637,9.518293380737305,44,maximum
11.09070110321045,0.38519221544265747,False,False,family-00355-maximum,family-00355,0.9799575209617615,0.09820438806251956,0.5,2,1.0976795660418497,10.103769302368164,44,maximum
6.707518100738525,0.0708269476890564,False,False,family-00355-maximum,family-00355,0.9807531237602234,0.09509344033081918,0.5,3,0.443245054998657,15.132753372192383,44,maximum
6.702571392059326,0.7471053600311279,False,False,family-00355-minimum,family-00355,0.9726890921592712,0.12526660255310906,0.0,0,0.670518421007942,9.996103286743164,44,minimum
7.869279861450195,0.5565299391746521,False,False,family-00355-minimum,family-00355,0.97754967212677,0.10742796051963203,0.0,1,0.8716830192091579,9.027685165405273,44,minimum
4.779627323150635,0.050187528133392334,False,False,family-00355-minimum,family-00355,0.8616268038749695,0.4019993380467206,0.0,2,0.40638850553089634,11.761226654052734,44,minimum
7.6640095710754395,0.1838405728340149,False,False,family-00355-minimum,family-00355,0.9743159413337708,0.11940342569211577,0.0,3,0.5909054578796865,12.969942092895508,44,minimum
5.2073211669921875,0.3390413522720337,True,False,family-00355-sum_mod_10,family-00355,0.9676731824874878,0.14273963424558253,1.0,0,0.5436424579937645,9.578577041625977,44,sum_mod_10
9.010597229003906,0.31743866205215454,True,False,family-00355-sum_mod_10,family-00355,0.9767475724220276,0.1104403892672816,1.0,1,0.9010678005574467,9.999910354614258,44,sum_mod_10
6.196956634521484,0.09451130032539368,True,False,family-00355-sum_mod_10,family-00355,0.9265528917312622,0.2624656332643519,1.0,2,0.4177063556422512,14.835677146911621,44,sum_mod_10
10.28800106048584,-0.17970311641693115,True,True,family-00355-sum_mod_10,family-00355,0.9933677315711975,0.03987641376362583,1.0,3,0.5836683678636941,17.626449584960938,44,sum_mod_10
8.257644653320312,0.9009285569190979,False,False,family-00356-maximum,family-00356,0.9681898355484009,0.14097924321437244,0.0,0,0.8259687172778989,9.997527122497559,44,maximum
4.686724662780762,0.012024641036987305,False,False,family-00356-maximum,family-00356,0.8911945819854736,0.3440104638349486,0.0,1,0.4699184104583323,9.973485946655273,44,maximum
7.137602806091309,0.06361973285675049,False,False,family-00356-maximum,family-00356,0.9859805107116699,0.07374621608468672,0.0,2,0.6733288656574541,10.600470542907715,44,maximum
13.80036735534668,0.29559653997421265,False,False,family-00356-maximum,family-00356,0.9822715520858765,0.08906182985525017,0.0,3,1.1087716475342384,12.446537017822266,44,maximum
4.846110820770264,0.2853930592536926,False,False,family-00356-minimum,family-00356,0.9749530553817749,0.11707878846180106,1.0,0,0.4574258171729991,10.59430980682373,44,minimum
11.100320816040039,0.8385497331619263,False,False,family-00356-minimum,family-00356,0.9702890515327454,0.13373595645523056,1.0,1,1.1790925483204344,9.414291381835938,44,minimum
4.687685966491699,0.0194854736328125,False,False,family-00356-minimum,family-00356,0.9243360161781311,0.2680494246621971,1.0,2,0.3642337020183817,12.8699951171875,44,minimum
6.1164727210998535,0.008830666542053223,False,False,family-00356-minimum,family-00356,0.9704983234405518,0.1330056568604681,1.0,3,0.435679795327342,14.038917541503906,44,minimum
7.384424209594727,-0.0077655985951423645,True,False,family-00356-sum_mod_10,family-00356,0.9732781052589417,0.1231556132485116,0.5,0,0.7851694596009564,9.404879570007324,44,sum_mod_10
9.281302452087402,0.008424574509263039,True,False,family-00356-sum_mod_10,family-00356,0.9702339768409729,0.13392789857180426,0.5,1,0.8557436593341922,10.845890998840332,44,sum_mod_10
6.218134880065918,-0.040860775858163834,True,False,family-00356-sum_mod_10,family-00356,0.9915537238121033,0.048733278266672314,0.5,2,0.4323389402947101,14.382546424865723,44,sum_mod_10
7.908705234527588,-0.0126272514462471,True,True,family-00356-sum_mod_10,family-00356,0.9982872605323792,0.012620841959660921,0.5,3,0.46057806643240323,17.1712589263916,44,sum_mod_10
7.332470417022705,0.7693430185317993,True,False,family-00357-maximum,family-00357,0.9763849973678589,0.11179274954843188,1.0,0,0.7431901843811655,9.866209983825684,44,maximum
6.328272342681885,-0.007577002048492432,True,False,family-00357-maximum,family-00357,0.935323178768158,0.23964659488838225,1.0,1,0.7542216490644568,8.390467643737793,44,maximum
5.851227283477783,0.11443829536437988,True,False,family-00357-maximum,family-00357,0.9879058599472046,0.06541675171196741,1.0,2,0.5553565060129727,10.53598403930664,44,maximum
8.560606956481934,0.19362950325012207,True,False,family-00357-maximum,family-00357,0.9913957715034485,0.049484527113260214,1.0,3,0.7002329313071066,12.225370407104492,44,maximum
6.103985786437988,0.07225382328033447,True,False,family-00357-minimum,family-00357,0.9709507822990417,0.13142146106867747,0.5,0,0.5894092060652535,10.356108665466309,44,minimum
10.199394226074219,0.7613742351531982,True,False,family-00357-minimum,family-00357,0.9758349657058716,0.11383344215216941,0.5,1,1.016091153338192,10.037873268127441,44,minimum
4.850258827209473,0.0071392059326171875,True,False,family-00357-minimum,family-00357,0.9175657629966736,0.28467473564602064,0.5,2,0.3374068250468657,14.375105857849121,44,minimum
4.6732072830200195,0.000471651554107666,True,False,family-00357-minimum,family-00357,0.9807679057121277,0.09503532710258479,0.5,3,0.30046226869933024,15.553391456604004,44,minimum
4.681190013885498,0.057727426290512085,False,False,family-00357-sum_mod_10,family-00357,0.9683666825294495,0.1403746885350306,0.0,0,0.45483399652317597,10.292084693908691,44,sum_mod_10
5.213296413421631,-0.03585764020681381,False,False,family-00357-sum_mod_10,family-00357,0.9446565508842468,0.2139577831462421,0.0,1,0.5511639799644471,9.45870304107666,44,sum_mod_10
4.982191562652588,0.024171143770217896,False,False,family-00357-sum_mod_10,family-00357,0.958306074142456,0.17329066848199684,0.0,2,0.4554536588989198,10.93896484375,44,sum_mod_10
8.01794147491455,-0.02869468182325363,False,True,family-00357-sum_mod_10,family-00357,0.9857876300811768,0.07456523404061034,0.0,3,0.6318992661556909,12.688638687133789,44,sum_mod_10
5.831899166107178,-0.12119230628013611,True,False,family-00358-maximum,family-00358,0.9805988073348999,0.09569942474854568,0.5,0,0.5630821711702023,10.357101440429688,44,maximum
8.222200393676758,0.3472130596637726,True,False,family-00358-maximum,family-00358,0.9643399715423584,0.15389723784313625,0.5,1,0.8512551953203487,9.658913612365723,44,maximum
8.266483306884766,0.07727757096290588,True,False,family-00358-maximum,family-00358,0.9938132762908936,0.03762919940857813,0.5,2,0.6084251512422968,13.586688995361328,44,maximum
7.986853122711182,-0.10688808560371399,True,False,family-00358-maximum,family-00358,0.9944781064987183,0.034215134260990245,0.5,3,0.46054254546462386,17.342269897460938,44,maximum
7.472310543060303,0.10963993519544601,False,False,family-00358-minimum,family-00358,0.9681898355484009,0.14097924321437244,0.0,0,0.7474158810977637,9.997527122497559,44,minimum
5.1990556716918945,0.05647747218608856,False,False,family-00358-minimum,family-00358,0.9827877283096313,0.08698181457668108,0.0,1,0.5098410091692926,10.197405815124512,44,minimum
5.394030570983887,0.14216622710227966,False,False,family-00358-minimum,family-00358,0.9325647950172424,0.24695351400531942,0.0,2,0.49639994800836673,10.866299629211426,44,minimum
6.778773307800293,0.13905678689479828,False,False,family-00358-minimum,family-00358,0.9906324148178101,0.0530748776820882,0.0,3,0.5597047574037033,12.111337661743164,44,minimum
7.029643535614014,-0.006902135908603668,False,False,family-00358-sum_mod_10,family-00358,0.9726890921592712,0.12526660255310906,1.0,0,0.7032383853953099,9.996103286743164,44,sum_mod_10
6.117913246154785,0.011377155780792236,False,False,family-00358-sum_mod_10,family-00358,0.9785783886909485,0.10352136923980393,1.0,1,0.6253700862763708,9.782868385314941,44,sum_mod_10
7.299686908721924,-0.019278742372989655,False,False,family-00358-sum_mod_10,family-00358,0.9900676012039185,0.05569066740006623,1.0,2,0.6083981425371146,11.998207092285156,44,sum_mod_10
11.188692092895508,0.04367382079362869,False,True,family-00358-sum_mod_10,family-00358,0.9974744915962219,0.017628172584849375,1.0,3,0.7045966242019893,15.879570960998535,44,sum_mod_10
6.137779712677002,0.4026845693588257,True,False,family-00359-maximum,family-00359,0.9768313765525818,0.11012698982396632,0.0,0,0.5491999818410419,11.17585563659668,44,maximum
3.7479615211486816,0.2794071435928345,True,False,family-00359-maximum,family-00359,0.887831449508667,0.35102533407911757,0.0,1,0.30023012163299195,12.48362922668457,44,maximum
6.612248420715332,0.3490873873233795,True,False,family-00359-maximum,family-00359,0.9685279130935669,0.13982262929229491,0.0,2,0.5247893105772206,12.599815368652344,44,maximum
7.263014793395996,0.23343315720558167,True,False,family-00359-maximum,family-00359,0.9900957345962524,0.05556115805751705,0.0,3,0.5180015151352324,14.021223068237305,44,maximum
5.864991664886475,0.3600596785545349,False,False,family-00359-minimum,family-00359,0.9798251986503601,0.09871863145793017,1.0,0,0.5222713675670957,11.229778289794922,44,minimum
6.926307678222656,0.12968897819519043,False,False,family-00359-minimum,family-00359,0.9655628204345703,0.1498430136647928,1.0,1,0.7042087730460737,9.835588455200195,44,minimum
3.231335401535034,0.025483310222625732,False,False,family-00359-minimum,family-00359,0.816329300403595,0.4769141387452597,1.0,2,0.3186472752339564,10.140790939331055,44,minimum
11.914810180664062,0.5264542102813721,False,False,family-00359-minimum,family-00359,0.9567807912826538,0.17804336316116415,1.0,3,1.1867527988740387,10.039841651916504,44,minimum
8.71967601776123,-0.008342467248439789,False,False,family-00359-sum_mod_10,family-00359,0.9815162420272827,0.09207801456333566,0.5,0,0.7662428181834485,11.379781723022461,44,sum_mod_10
7.892531871795654,-0.004028906114399433,False,False,family-00359-sum_mod_10,family-00359,0.98093581199646,0.09437441119637276,0.5,1,0.6155589695757987,12.821731567382812,44,sum_mod_10
4.867459297180176,0.003023160621523857,False,False,family-00359-sum_mod_10,family-00359,0.9697684645652771,0.13554608937765,0.5,2,0.2820363975472967,17.25826644897461,44,sum_mod_10
13.71259880065918,-0.007799962535500526,False,True,family-00359-sum_mod_10,family-00359,0.9979277849197388,0.014874567757246793,0.5,3,0.7086420738769375,19.350528717041016,44,sum_mod_10
6.613498210906982,0.2576372027397156,False,False,family-00360-maximum,family-00360,0.9815162420272827,0.09207801456333566,1.0,0,0.5811621322689521,11.379781723022461,44,maximum
3.8707499504089355,0.02719944715499878,False,False,family-00360-maximum,family-00360,0.8917606472969055,0.3428183727577202,1.0,1,0.37186022302952654,10.40915298461914,44,maximum
8.213909149169922,0.023659706115722656,False,False,family-00360-maximum,family-00360,0.9842532277107239,0.08098887525239236,1.0,2,0.7855698050483683,10.455988883972168,44,maximum
11.918222427368164,0.33257925510406494,False,False,family-00360-maximum,family-00360,0.9837252497673035,0.0831632991857085,1.0,3,0.9350403415632577,12.746212005615234,44,maximum
4.852534770965576,0.33802884817123413,False,False,family-00360-minimum,family-00360,0.9768949747085571,0.10988894692276069,0.5,0,0.49634926238517,9.77645206451416,44,minimum
7.61545991897583,0.5223511457443237,False,False,family-00360-minimum,family-00360,0.9571813344955444,0.1768008193184457,0.5,1,0.9092621579857515,8.375428199768066,44,minimum
4.039455890655518,-0.014523029327392578,False,False,family-00360-minimum,family-00360,0.8779177665710449,0.3710532687500272,0.5,2,0.34539687631694654,11.695114135742188,44,minimum
8.709643363952637,0.15234899520874023,False,False,family-00360-minimum,family-00360,0.9822139143943787,0.08929313245144568,0.5,3,0.7011917396447469,12.4212007522583,44,minimum
4.29599666595459,-0.0758679211139679,False,False,family-00360-sum_mod_10,family-00360,0.9683666825294495,0.1403746885350306,0.0,0,0.41740782297459617,10.292084693908691,44,sum_mod_10
6.886739730834961,0.0508420467376709,False,False,family-00360-sum_mod_10,family-00360,0.958810567855835,0.1717059783283825,0.0,1,0.7309794535745695,9.421249389648438,44,sum_mod_10
4.741306781768799,0.16755248606204987,False,False,family-00360-sum_mod_10,family-00360,0.9314472079277039,0.249879279899684,0.0,2,0.40740522065888973,11.637815475463867,44,sum_mod_10
6.067307949066162,0.027298778295516968,False,True,family-00360-sum_mod_10,family-00360,0.9909121990203857,0.051766518906851196,0.0,3,0.4677827881692606,12.970353126525879,44,sum_mod_10
8.688722610473633,0.12523341178894043,True,False,family-00361-maximum,family-00361,0.9763849973678589,0.11179274954843188,0.5,0,0.8806545395564881,9.866209983825684,44,maximum
6.506601810455322,0.02205878496170044,True,False,family-00361-maximum,family-00361,0.8886365294456482,0.34935654035929803,0.5,1,0.6372898547705808,10.209799766540527,44,maximum
9.29769229888916,0.09668982028961182,True,False,family-00361-maximum,family-00361,0.9917934536933899,0.04758737039108275,0.5,2,0.6988328196503075,13.304601669311523,44,maximum
9.456902503967285,0.08600419759750366,True,False,family-00361-maximum,family-00361,0.9815706610679626,0.09186176921823792,0.5,3,0.5955579458878028,15.879063606262207,44,maximum
5.390442848205566,0.6943169832229614,True,False,family-00361-minimum,family-00361,0.9803701639175415,0.0965949850673804,0.0,0,0.543856430013336,9.911518096923828,44,minimum
7.924673557281494,0.6185267567634583,True,False,family-00361-minimum,family-00361,0.9722230434417725,0.12692762560758009,0.0,1,0.834663062553054,9.494458198547363,44,minimum
4.04444694519043,0.03358834981918335,True,False,family-00361-minimum,family-00361,0.9152590036392212,0.2901985074876253,0.0,2,0.3428440279603686,11.796754837036133,44,minimum
8.110661506652832,0.18477314710617065,True,False,family-00361-minimum,family-00361,0.9808469414710999,0.09472441202279462,0.0,3,0.6549953004724789,12.38277816772461,44,minimum
5.6406049728393555,-0.05044874548912048,True,False,family-00361-sum_mod_10,family-00361,0.9676731824874878,0.14273963424558253,1.0,0,0.5888771315746347,9.578577041625977,44,sum_mod_10
8.333897590637207,-0.11109818518161774,True,False,family-00361-sum_mod_10,family-00361,0.9763269424438477,0.11200875548175675,1.0,1,0.8676639307435644,9.60498332977295,44,sum_mod_10
5.073376178741455,0.06068692356348038,True,False,family-00361-sum_mod_10,family-00361,0.9620140790939331,0.1614896050781619,1.0,2,0.38369518139765685,13.222413063049316,44,sum_mod_10
11.650968551635742,-0.03319455683231354,True,True,family-00361-sum_mod_10,family-00361,0.9928731918334961,0.042335520429544735,1.0,3,0.8425677720461396,13.827930450439453,44,sum_mod_10
7.827419281005859,0.3840619921684265,True,False,family-00362-maximum,family-00362,0.9794909358024597,0.10001374303591169,0.0,0,0.830769103077633,9.421895027160645,44,maximum
4.41182279586792,-0.005575060844421387,True,False,family-00362-maximum,family-00362,0.9098889827728271,0.30279460121675666,0.0,1,0.41724516524369004,10.573694229125977,44,maximum
6.346367835998535,0.08363664150238037,True,False,family-00362-maximum,family-00362,0.9851529598236084,0.07724164061187877,0.0,2,0.5624219920541765,11.28399658203125,44,maximum
10.652482986450195,0.2532329559326172,True,False,family-00362-maximum,family-00362,0.9835936427116394,0.08370257653018168,0.0,3,0.8440459632049835,12.62073802947998,44,maximum
6.009925365447998,0.33956432342529297,True,False,family-00362-minimum,family-00362,0.9757347106933594,0.1142040111322595,1.0,0,0.6307890058161567,9.527631759643555,44,minimum
5.151736736297607,-0.19112670421600342,True,False,family-00362-minimum,family-00362,0.971245527267456,0.13038557208481547,1.0,1,0.5030210197531653,10.241593360900879,44,minimum
4.61865234375,0.25376105308532715,True,False,family-00362-minimum,family-00362,0.9195839762687683,0.2797842721649458,1.0,2,0.4264215760684471,10.831188201904297,44,minimum
6.039099216461182,0.17697754502296448,True,False,family-00362-minimum,family-00362,0.9788303971290588,0.10255674780419949,1.0,3,0.504834286406726,11.96253776550293,44,minimum
7.568028450012207,-0.0765577107667923,True,False,family-00362-sum_mod_10,family-00362,0.9732781052589417,0.1231556132485116,0.5,0,0.8046916915498912,9.404879570007324,44,sum_mod_10
7.485848903656006,0.0012078732252120972,True,False,family-00362-sum_mod_10,family-00362,0.9745904803276062,0.11840372772597145,0.5,1,0.6788638009803095,11.027026176452637,44,sum_mod_10
6.2951741218566895,0.006183449178934097,True,False,family-00362-sum_mod_10,family-00362,0.9924631118774414,0.04434831553836271,0.5,2,0.4484644554045456,14.037175178527832,44,sum_mod_10
8.698492050170898,-0.03963452950119972,True,True,family-00362-sum_mod_10,family-00362,0.9985213875770569,0.01111312013165771,0.5,3,0.509897946953346,17.059280395507812,44,sum_mod_10
6.602731227874756,0.2986711263656616,False,False,family-00363-maximum,family-00363,0.9815162420272827,0.09207801456333566,1.0,0,0.580215982044432,11.379781723022461,44,maximum
4.922961711883545,0.17510199546813965,False,False,family-00363-maximum,family-00363,0.9065361022949219,0.31047959708563705,1.0,1,0.4558259562535608,10.800090789794922,44,maximum
7.58415412902832,0.4324486553668976,False,False,family-00363-maximum,family-00363,0.9879403114318848,0.06526501671196762,1.0,2,0.644606137575264,11.765563011169434,44,maximum
6.238745212554932,0.21989738941192627,False,False,family-00363-maximum,family-00363,0.9807406067848206,0.09514264006147496,1.0,3,0.5283950406877521,11.806971549987793,44,maximum
5.058872222900391,0.5845524072647095,False,False,family-00363-minimum,family-00363,0.9768949747085571,0.10988894692276069,0.5,0,0.5174548179152547,9.77645206451416,44,minimum
9.589409828186035,0.7696769833564758,False,False,family-00363-minimum,family-00363,0.9659707546234131,0.14848062280212487,0.5,1,1.151385679693389,8.328581809997559,44,minimum
4.948692798614502,0.11096847057342529,False,False,family-00363-minimum,family-00363,0.8930925726890564,0.340000315296894,0.5,2,0.4248224169146942,11.648850440979004,44,minimum
5.5585784912109375,0.021572649478912354,False,False,family-00363-minimum,family-00363,0.9756645560264587,0.11446306872376547,0.5,3,0.43733642349014396,12.710074424743652,44,minimum
5.914320945739746,-0.11917895078659058,True,False,family-00363-sum_mod_10,family-00363,0.9803701639175415,0.0965949850673804,0.0,0,0.5967119151581164,9.911518096923828,44,sum_mod_10
5.978240013122559,0.021605491638183594,True,False,family-00363-sum_mod_10,family-00363,0.9430590271949768,0.21846618857566344,0.0,1,0.6170421318660226,9.688544273376465,44,sum_mod_10
6.448911666870117,-0.00983365997672081,True,False,family-00363-sum_mod_10,family-00363,0.9793410897254944,0.1005925153027622,0.0,2,0.5889706456814329,10.949461936950684,44,sum_mod_10
8.365917205810547,-0.03763170912861824,True,True,family-00363-sum_mod_10,family-00363,0.9911391139030457,0.05069902115173179,0.0,3,0.6586302805652524,12.701992988586426,44,sum_mod_10
7.005864143371582,0.5143622159957886,True,False,family-00364-maximum,family-00364,0.9757347106933594,0.1142040111322595,0.5,0,0.735320625325436,9.527631759643555,44,maximum
6.418802261352539,0.19500482082366943,True,False,family-00364-maximum,family-00364,0.9166752696037292,0.2868153536295984,0.5,1,0.7493648782162747,8.565656661987305,44,maximum
6.163516521453857,0.15438467264175415,True,False,family-00364-maximum,family-00364,0.9831390976905823,0.08555693218316146,0.5,2,0.6326711523634585,9.742053985595703,44,maximum
7.426202774047852,0.1852642297744751,True,False,family-00364-maximum,family-00364,0.9939873218536377,0.036742710329752376,0.5,3,0.6376552899933916,11.646108627319336,44,maximum
5.356701850891113,0.1526826024055481,False,False,family-00364-minimum,family-00364,0.9681898355484009,0.14097924321437244,0.0,0,0.5358026825290487,9.997527122497559,44,minimum
10.79495620727539,0.8297147154808044,False,False,family-00364-minimum,family-00364,0.9694128036499023,0.13677743334703316,0.0,1,1.2866386287169227,8.390045166015625,44,minimum
5.182187080383301,0.02433544397354126,False,False,family-00364-minimum,family-00364,0.9287179708480835,0.2569426050374482,0.0,2,0.3878518297728434,13.361254692077637,44,minimum
6.576029300689697,0.02367401123046875,False,False,family-00364-minimum,family-00364,0.9785410761833191,0.10366393328462584,0.0,3,0.42841195543251426,15.349780082702637,44,minimum
6.982941150665283,-0.007809676229953766,False,False,family-00364-sum_mod_10,family-00364,0.9726890921592712,0.12526660255310906,1.0,0,0.6985663263329884,9.996103286743164,44,sum_mod_10
9.266386985778809,-0.008760966360569,False,False,family-00364-sum_mod_10,family-00364,0.979965090751648,0.09817494273060984,1.0,1,0.9355484715909977,9.904764175415039,44,sum_mod_10
5.993178844451904,-0.02787020057439804,False,False,family-00364-sum_mod_10,family-00364,0.9859752058982849,0.07376877743624904,1.0,2,0.40550269097147723,14.779627799987793,44,sum_mod_10
10.469948768615723,0.03504697233438492,False,True,family-00364-sum_mod_10,family-00364,0.995763897895813,0.027373652399197174,1.0,3,0.5648833355321097,18.534709930419922,44,sum_mod_10
8.57613468170166,0.6326197385787964,False,False,family-00365-maximum,family-00365,0.9726890921592712,0.12526660255310906,0.0,0,0.8579477858212343,9.996103286743164,44,maximum
5.708404064178467,0.05948686599731445,False,False,family-00365-maximum,family-00365,0.9207704067230225,0.2768837272076843,0.0,1,0.5177215787661426,11.02601146697998,44,maximum
10.528214454650879,0.502792477607727,False,False,family-00365-maximum,family-00365,0.992360532283783,0.044848242755990975,0.0,2,0.8271262214846435,12.728667259216309,44,maximum
6.68343448638916,0.05876582860946655,False,False,family-00365-maximum,family-00365,0.9898198246955872,0.0568278315806665,0.0,3,0.42491226291645934,15.728975296020508,44,maximum
5.347757339477539,0.22198927402496338,False,False,family-00365-minimum,family-00365,0.9798251986503601,0.09871863145793017,1.0,0,0.476212192393622,11.229778289794922,44,minimum
7.234824180603027,0.15071147680282593,False,False,family-00365-minimum,family-00365,0.9731911420822144,0.12346811685920737,1.0,1,0.783389557260838,9.235282897949219,44,minimum
4.247178077697754,0.002409219741821289,False,False,family-00365-minimum,family-00365,0.88514244556427,0.35655223634166633,1.0,2,0.47195763551130987,8.999066352844238,44,minimum
12.745720863342285,0.424991250038147,False,False,family-00365-minimum,family-00365,0.976841151714325,0.11009041379718204,1.0,3,1.3663223545201268,9.328487396240234,44,minimum
7.388253688812256,-0.006127483211457729,True,False,family-00365-sum_mod_10,family-00365,0.9805988073348999,0.09569942474854568,0.5,0,0.7133514846124495,10.357101440429688,44,sum_mod_10
8.568331718444824,-0.002982701174914837,True,False,family-00365-sum_mod_10,family-00365,0.990712583065033,0.05270085914274121,0.5,1,0.7349042564103487,11.659112930297852,44,sum_mod_10
7.461623191833496,0.0009430865757167339,True,False,family-00365-sum_mod_10,family-00365,0.9903485774993896,0.05439357044758675,0.5,2,0.4396939235183071,16.97003936767578,44,sum_mod_10
12.709898948669434,-0.004155983217060566,True,True,family-00365-sum_mod_10,family-00365,0.99955815076828,0.003854834478822498,0.5,3,0.6004225075200951,21.168258666992188,44,sum_mod_10
7.221887111663818,0.14057335257530212,True,False,family-00366-maximum,family-00366,0.9794909358024597,0.10001374303591169,1.0,0,0.766500485395472,9.421895027160645,44,maximum
5.4722113609313965,-0.01168900728225708,True,False,family-00366-maximum,family-00366,0.9291288256645203,0.2558865974461074,1.0,1,0.6729575994325512,8.131584167480469,44,maximum
6.726930141448975,0.40311816334724426,True,False,family-00366-maximum,family-00366,0.9756699204444885,0.11444326705863511,1.0,2,0.6747488380315239,9.969532012939453,44,maximum
7.309539318084717,0.3063265085220337,True,False,family-00366-maximum,family-00366,0.9938837885856628,0.0372706514686544,1.0,3,0.5815115750628391,12.569894790649414,44,maximum
5.740730285644531,0.27191227674484253,True,False,family-00366-minimum,family-00366,0.9732781052589417,0.1231556132485116,0.5,0,0.6103991276987782,9.404879570007324,44,minimum
10.039982795715332,0.793597936630249,True,False,family-00366-minimum,family-00366,0.9767104983329773,0.11057893524727581,0.5,1,1.115179758203829,9.00301742553711,44,minimum
5.304807186126709,-0.010128200054168701,True,False,family-00366-minimum,family-00366,0.9245072603225708,0.2676206295854077,0.5,2,0.3991747603854271,13.289435386657715,44,minimum
5.973025321960449,0.002621173858642578,True,False,family-00366-minimum,family-00366,0.9847901463508606,0.07875917768514654,0.5,3,0.39160262578554417,15.252771377563477,44,minimum
5.583926677703857,-0.012992128729820251,False,False,family-00366-sum_mod_10,family-00366,0.9829645752906799,0.0862655815726592,0.0,0,0.5923940151644379,9.426034927368164,44,sum_mod_10
9.243400573730469,-0.009205251932144165,False,False,family-00366-sum_mod_10,family-00366,0.9749845266342163,0.11696353185665662,0.0,1,1.0219194174756259,9.045136451721191,44,sum_mod_10
7.145702362060547,0.022253379225730896,False,False,family-00366-sum_mod_10,family-00366,0.9788570404052734,0.10245458588761534,0.0,2,0.5107554796821853,13.990456581115723,44,sum_mod_10
7.288210391998291,0.02029595896601677,False,True,family-00366-sum_mod_10,family-00366,0.9957095384597778,0.02767009888809433,0.0,3,0.40101160126166147,18.174562454223633,44,sum_mod_10
6.849372863769531,0.46399566531181335,False,False,family-00367-maximum,family-00367,0.9681077599525452,0.1412594748192077,0.5,0,0.7231574386685528,9.471482276916504,44,maximum
7.738380432128906,0.0067841410636901855,False,False,family-00367-maximum,family-00367,0.940493106842041,0.22560856043659874,0.5,1,0.9162604763893221,8.445611953735352,44,maximum
8.356477737426758,0.2612900137901306,False,False,family-00367-maximum,family-00367,0.9901295304298401,0.05540547547967148,0.5,2,0.6916732736510306,12.081539154052734,44,maximum
9.175276756286621,0.20020759105682373,False,False,family-00367-maximum,family-00367,0.9944250583648682,0.034490384182434705,0.5,3,0.6237198264782429,14.71057415008545,44,maximum
5.465639591217041,0.1247674822807312,False,False,family-00367-minimum,family-00367,0.9780574440956116,0.1055058412282574,0.0,0,0.5656106290778421,9.663254737854004,44,minimum
11.915045738220215,0.833081841468811,False,False,family-00367-minimum,family-00367,0.9812924265861511,0.09296568049007958,0.0,1,1.3425317090636193,8.875057220458984,44,minimum
5.8012213706970215,0.0418093204498291,False,False,family-00367-minimum,family-00367,0.8986852169036865,0.327962280652948,0.0,2,0.38801278198759565,14.951108932495117,44,minimum
5.9820170402526855,0.015953898429870605,False,False,family-00367-minimum,family-00367,0.9755592942237854,0.11485137650198918,0.0,3,0.34873352666772595,17.153547286987305,44,minimum
6.659115314483643,0.16138973832130432,False,False,family-00367-sum_mod_10,family-00367,0.9726890921592712,0.12526660255310906,1.0,0,0.6661711192315273,9.996103286743164,44,sum_mod_10
9.209935188293457,0.46346598863601685,False,False,family-00367-sum_mod_10,family-00367,0.9754549264907837,0.11523592727816404,1.0,1,0.9899626190412244,9.303316116333008,44,sum_mod_10
5.536015033721924,0.027866274118423462,False,False,family-00367-sum_mod_10,family-00367,0.9797102212905884,0.09916474786956189,1.0,2,0.39475155218047175,14.024048805236816,44,sum_mod_10
9.620962142944336,-0.3029165267944336,False,True,family-00367-sum_mod_10,family-00367,0.9932725429534912,0.04035254380524982,1.0,3,0.5672628966810292,16.960323333740234,44,sum_mod_10
8.021073341369629,0.4305223524570465,True,False,family-00368-maximum,family-00368,0.9805988073348999,0.09569942474854568,0.0,0,0.774451557465566,10.357101440429688,44,maximum
4.399205207824707,0.04041963815689087,True,False,family-00368-maximum,family-00368,0.940427303314209,0.2257901600428859,0.0,1,0.38301268651926657,11.485795021057129,44,maximum
8.104937553405762,0.32630231976509094,True,False,family-00368-maximum,family-00368,0.9927933216094971,0.04272936981452686,0.0,2,0.6508689837370885,12.452486991882324,44,maximum
8.822731971740723,0.18964934349060059,True,False,family-00368-maximum,family-00368,0.995899498462677,0.026631088284305614,0.0,3,0.563728156101789,15.65068531036377,44,maximum
5.585601329803467,0.41474649310112,False,False,family-00368-minimum,family-00368,0.9798251986503601,0.09871863145793017,1.0,0,0.49739195072794895,11.229778289794922,44,minimum
6.398232936859131,0.4701072573661804,False,False,family-00368-minimum,family-00368,0.9721627831459045,0.12714180658039756,1.0,1,0.6724007191615008,9.51550579071045,44,minimum
4.895852565765381,0.27553093433380127,False,False,family-00368-minimum,family-00368,0.9106243848800659,0.3010908393764205,1.0,2,0.5927987005173866,8.258878707885742,44,minimum
7.070123195648193,0.09251296520233154,False,False,family-00368-minimum,family-00368,0.9565741419792175,0.1786829002588013,1.0,3,0.7833373943055378,9.025642395019531,44,minimum
7.947354793548584,0.03965294361114502,False,False,family-00368-sum_mod_10,family-00368,0.9780574440956116,0.1055058412282574,0.5,0,0.8224304345839398,9.663254737854004,44,sum_mod_10
8.677225112915039,0.018066726624965668,False,False,family-00368-sum_mod_10,family-00368,0.9856998324394226,0.0749371625222723,0.5,1,0.759531805993843,11.424439430236816,44,sum_mod_10
6.661226272583008,-0.0007894337177276611,False,False,family-00368-sum_mod_10,family-00368,0.9877933859825134,0.06591143176245066,0.5,2,0.37506533624687977,17.760175704956055,44,sum_mod_10
11.859705924987793,0.03789728879928589,False,True,family-00368-sum_mod_10,family-00368,0.999142050743103,0.0069155313038066,0.5,3,0.6073614882760673,19.526601791381836,44,sum_mod_10
8.02271842956543,0.5974577069282532,False,False,family-00369-maximum,family-00369,0.9815162420272827,0.09207801456333566,1.0,0,0.7049975671620002,11.379781723022461,44,maximum
3.39141845703125,0.04203301668167114,False,False,family-00369-maximum,family-00369,0.8655518889427185,0.39475574602978425,1.0,1,0.2907005117521185,11.666365623474121,44,maximum
9.15372371673584,0.022272467613220215,False,False,family-00369-maximum,family-00369,0.9860076308250427,0.07363084251900762,1.0,2,0.7676888254371969,11.923742294311523,44,maximum
7.964034557342529,0.13122648000717163,False,False,family-00369-maximum,family-00369,0.9745984077453613,0.11837481600894605,1.0,3,0.5009759885460974,15.897038459777832,44,maximum
6.2937541007995605,0.30777615308761597,True,False,family-00369-minimum,family-00369,0.9730870723724365,0.12384171215580603,0.5,0,0.7188793812618243,8.754951477050781,44,minimum
6.538859844207764,0.05880284309387207,True,False,family-00369-minimum,family-00369,0.9630169868469238,0.15823451416709744,0.5,1,0.7470551401793806,8.752847671508789,44,minimum
4.9195427894592285,-0.005515992641448975,True,False,family-00369-minimum,family-00369,0.8905485272407532,0.34536696954839075,0.5,2,0.42603391496276294,11.547303199768066,44,minimum
9.786540031433105,0.2620677947998047,True,False,family-00369-minimum,family-00369,0.9867590069770813,0.07041279138739771,0.5,3,0.7457954246574765,13.122284889221191,44,minimum
4.835671424865723,-0.009049570187926292,False,False,family-00369-sum_mod_10,family-00369,0.9683666825294495,0.1403746885350306,0.0,0,0.46984372638593674,10.292084693908691,44,sum_mod_10
4.847490310668945,-0.004667971283197403,False,False,family-00369-sum_mod_10,family-00369,0.9359347224235535,0.2380097623776391,0.0,1,0.5090816111096199,9.522029876708984,44,sum_mod_10
4.170314788818359,-0.0011690529063344002,False,False,family-00369-sum_mod_10,family-00369,0.9470112919807434,0.2072230101847818,0.0,2,0.3812609910589343,10.938215255737305,44,sum_mod_10
7.282834529876709,-0.00020021013915538788,False,True,family-00369-sum_mod_10,family-00369,0.9863244891166687,0.07227889639612395,0.0,3,0.623177670138455,11.686610221862793,44,sum_mod_10
5.9338483810424805,0.2810526490211487,True,False,family-00370-maximum,family-00370,0.9805988073348999,0.09569942474854568,0.5,0,0.5729255830090916,10.357101440429688,44,maximum
7.326676368713379,0.12120062112808228,True,False,family-00370-maximum,family-00370,0.9601325392723083,0.16752270181709675,0.5,1,0.758052718498304,9.665127754211426,44,maximum
6.460869789123535,0.23281583189964294,True,False,family-00370-maximum,family-00370,0.9936003684997559,0.03870694371065248,0.5,2,0.47329692343966956,13.650774955749512,44,maximum
7.4887495040893555,0.36098286509513855,True,False,family-00370-maximum,family-00370,0.9901818633079529,0.05516417012501536,0.5,3,0.5391795815333268,13.889156341552734,44,maximum
6.678485870361328,0.10287356376647949,False,False,family-00370-minimum,family-00370,0.9726890921592712,0.12526660255310906,0.0,0,0.6681089299285591,9.996103286743164,44,minimum
10.339173316955566,0.34737199544906616,False,False,family-00370-minimum,family-00370,0.9761613011360168,0.1126242594833842,0.0,1,1.1226453916425565,9.209651947021484,44,minimum
4.700134754180908,0.003026604652404785,False,False,family-00370-minimum,family-00370,0.9593685269355774,0.16994583693989773,0.0,2,0.323431624061753,14.532081604003906,44,minimum
4.990548133850098,0.033702313899993896,False,False,family-00370-minimum,family-00370,0.9724730253219604,0.12603768501740895,0.0,3,0.29297943656243786,17.033782958984375,44,minimum
6.666993618011475,0.002807343378663063,False,False,family-00370-sum_mod_10,family-00370,0.9780574440956116,0.1055058412282574,1.0,0,0.689932512271954,9.663254737854004,44,sum_mod_10
9.911158561706543,0.00012701377272605896,False,False,family-00370-sum_mod_10,family-00370,0.9788112044334412,0.10263031972254491,1.0,1,1.0192699696472896,9.72378158569336,44,sum_mod_10
5.625900745391846,-0.013467449694871902,False,False,family-00370-sum_mod_10,family-00370,0.9863921403884888,0.07198928870800118,1.0,2,0.3952427698931578,14.234038352966309,44,sum_mod_10
10.556660652160645,0.022857651114463806,False,True,family-00370-sum_mod_10,family-00370,0.9962530136108398,0.02467363391869675,1.0,3,0.6037141407971378,17.486190795898438,44,sum_mod_10
7.766351699829102,0.6287232637405396,False,False,family-00371-maximum,family-00371,0.9780574440956116,0.1055058412282574,0.0,0,0.8036993653293505,9.663254737854004,44,maximum
5.080324649810791,0.05660080909729004,False,False,family-00371-maximum,family-00371,0.9271180033683777,0.2610307766942649,0.0,1,0.5049402491418462,10.061239242553711,44,maximum
7.202563762664795,0.23246997594833374,False,False,family-00371-maximum,family-00371,0.9895849823951721,0.057900007731621565,0.0,2,0.653587209745088,11.020050048828125,44,maximum
7.152952671051025,0.19715029001235962,False,False,family-00371-maximum,family-00371,0.9919037222862244,0.04705792821155219,0.0,3,0.5676719960552761,12.600502967834473,44,maximum
6.277341365814209,0.6150742769241333,True,False,family-00371-minimum,family-00371,0.9763849973678589,0.11179274954843188,1.0,0,0.6362464792564785,9.866209983825684,44,minimum
10.972124099731445,0.7683060765266418,True,False,family-00371-minimum,family-00371,0.9734768867492676,0.12244019520078128,1.0,1,1.264703457527791,8.675649642944336,44,minimum
4.660812854766846,0.12238866090774536,True,False,family-00371-minimum,family-00371,0.8558012843132019,0.4125127639330366,1.0,2,0.36871590547469446,12.640661239624023,44,minimum
4.3931427001953125,0.060893714427948,True,False,family-00371-minimum,family-00371,0.9574767351150513,0.17588193716314923,1.0,3,0.31876314024745306,13.781840324401855,44,minimum
8.560495376586914,-0.0005641523748636246,False,False,family-00371-sum_mod_10,family-00371,0.9815162420272827,0.09207801456333566,0.5,0,0.7522547958251393,11.379781723022461,44,sum_mod_10
9.029876708984375,-0.0035881903022527695,False,False,family-00371-sum_mod_10,family-00371,0.9827895164489746,0.08697458186880586,0.5,1,0.6919610502827803,13.049689292907715,44,sum_mod_10
5.710587978363037,0.0036566033959388733,False,False,family-00371-sum_mod_10,family-00371,0.9782510995864868,0.10476962787278075,0.5,2,0.3464489074567233,16.483203887939453,44,sum_mod_10
8.753990173339844,0.001845136284828186,False,True,family-00371-sum_mod_10,family-00371,0.9979540109634399,0.014712400830349677,0.5,3,0.4659707041077521,18.78656768798828,44,sum_mod_10
7.135168075561523,0.1661972850561142,True,False,family-00372-maximum,family-00372,0.9732781052589417,0.1231556132485116,1.0,0,0.7586666073126513,9.404879570007324,44,maximum
4.438166618347168,0.32758742570877075,True,False,family-00372-maximum,family-00372,0.8799549341201782,0.36701477227594176,1.0,1,0.5257583763401246,8.44145679473877,44,maximum
5.508013725280762,0.28908059000968933,True,False,family-00372-maximum,family-00372,0.9769694805145264,0.10960984957375093,1.0,2,0.645759145924567,8.52951717376709,44,maximum
6.938210487365723,0.2580725848674774,True,False,family-00372-maximum,family-00372,0.9850576519966125,0.07764114673844535,1.0,3,0.7762847994813415,8.937712669372559,44,maximum
5.229356288909912,0.01636064052581787,False,False,family-00372-minimum,family-00372,0.9768949747085571,0.10988894692276069,0.5,0,0.5348930526536351,9.77645206451416,44,minimum
6.998776435852051,0.017003178596496582,False,False,family-00372-minimum,family-00372,0.9508605599403381,0.19597353897088857,0.5,1,0.8278231409692619,8.454434394836426,44,minimum
4.22804594039917,-0.009482622146606445,False,False,family-00372-minimum,family-00372,0.8691069483757019,0.38808084161800444,0.5,2,0.3563669143337321,11.86430549621582,44,minimum
12.172152519226074,0.5506671667098999,False,False,family-00372-minimum,family-00372,0.9794784188270569,0.1000621318422799,0.5,3,0.9636076814244277,12.631855010986328,44,minimum
5.906635284423828,-0.06467671692371368,True,False,family-00372-sum_mod_10,family-00372,0.9794909358024597,0.10001374303591169,0.0,0,0.6269052316329866,9.421895027160645,44,sum_mod_10
7.831264972686768,-0.030886147171258926,True,False,family-00372-sum_mod_10,family-00372,0.963257372379303,0.15745013757983328,0.0,1,0.9492179047212158,8.250228881835938,44,sum_mod_10
5.018032550811768,-0.0002351030707359314,True,False,family-00372-sum_mod_10,family-00372,0.9279504418373108,0.25890854079533815,0.0,2,0.3982862330713031,12.599061012268066,44,sum_mod_10
7.848361492156982,0.020857861265540123,True,True,family-00372-sum_mod_10,family-00372,0.9915037751197815,0.04897116247277079,0.0,3,0.5405774841191966,14.518476486206055,44,sum_mod_10
5.2651262283325195,0.30917471647262573,True,False,family-00373-maximum,family-00373,0.9709507822990417,0.13142146106867747,0.5,0,0.5084077811861628,10.356108665466309,44,maximum
8.103259086608887,0.3894166052341461,True,False,family-00373-maximum,family-00373,0.9658347368240356,0.14893544550609517,0.5,1,0.8200757738443668,9.881110191345215,44,maximum
9.22964096069336,0.506844162940979,True,False,family-00373-maximum,family-00373,0.9934265613555908,0.03958146287826976,0.5,2,0.6533425378447321,14.126802444458008,44,maximum
6.717248439788818,0.11211776733398438,True,False,family-00373-maximum,family-00373,0.995318591594696,0.029782239737427232,0.5,3,0.3902546991769882,17.212472915649414,44,maximum
4.897500514984131,0.3022216558456421,True,False,family-00373-minimum,family-00373,0.9805988073348999,0.09569942474854568,0.0,0,0.47286400960276265,10.357101440429688,44,minimum
12.044090270996094,0.5001323223114014,True,False,family-00373-minimum,family-00373,0.984580397605896,0.07963246971049193,0.0,1,1.2796908916513712,9.411718368530273,44,minimum
5.1489481925964355,0.016967058181762695,True,False,family-00373-minimum,family-00373,0.9512670636177063,0.19476741538159065,0.0,2,0.3360873727252898,15.320266723632812,44,minimum
6.325884819030762,0.06687396764755249,True,False,family-00373-minimum,family-00373,0.9846228957176208,0.07945576354452065,0.0,3,0.3562638409203992,17.756179809570312,44,minimum
6.693402290344238,-0.057449303567409515,False,False,family-00373-sum_mod_10,family-00373,0.9780574440956116,0.1055058412282574,1.0,0,0.6926654084905864,9.663254737854004,44,sum_mod_10
10.542482376098633,0.061359673738479614,False,False,family-00373-sum_mod_10,family-00373,0.9831225275993347,0.08562429380463432,1.0,1,1.0539550412316063,10.002781867980957,44,sum_mod_10
6.218159198760986,-0.005289502441883087,False,False,family-00373-sum_mod_10,family-00373,0.9865217804908752,0.07143335943736849,1.0,2,0.40667240979167885,15.290339469909668,44,sum_mod_10
10.298785209655762,0.02797865867614746,False,True,family-00373-sum_mod_10,family-00373,0.9978477954864502,0.015367139959853705,1.0,3,0.5416354321428654,19.014238357543945,44,sum_mod_10
8.704288482666016,0.8362956643104553,False,False,family-00374-maximum,family-00374,0.9681898355484009,0.14097924321437244,0.0,0,0.8706441478991988,9.997527122497559,44,maximum
4.3039469718933105,0.02910757064819336,False,False,family-00374-maximum,family-00374,0.8697696328163147,0.3868243903113508,0.0,1,0.4155365670002304,10.357564926147461,44,maximum
7.65178918838501,0.1960155963897705,False,False,family-00374-maximum,family-00374,0.9860306978225708,0.07353266964527418,0.0,2,0.69303686245501,11.040955543518066,44,maximum
10.162612915039062,0.117606520652771,False,False,family-00374-maximum,family-00374,0.9756492376327515,0.1145196068075709,0.0,3,0.7452263130065037,13.636948585510254,44,maximum
5.732306480407715,0.39809679985046387,True,False,family-00374-minimum,family-00374,0.9732781052589417,0.1231556132485116,1.0,0,0.6095034431582042,9.404879570007324,44,minimum
7.595549583435059,0.3617079257965088,True,False,family-00374-minimum,family-00374,0.9629977345466614,0.15829726400008498,1.0,1,1.0164840052515822,7.47237491607666,44,minimum
4.545116901397705,-0.013983726501464844,True,False,family-00374-minimum,family-00374,0.8891937136650085,0.34819775976560824,1.0,2,0.48132586330161087,9.442910194396973,44,minimum
11.909839630126953,0.49926134943962097,True,False,family-00374-minimum,family-00374,0.9803615808486938,0.09662855050214975,1.0,3,1.169069156412731,10.187455177307129,44,minimum
6.7725629806518555,-0.027479540556669235,True,False,family-00374-sum_mod_10,family-00374,0.9805988073348999,0.09569942474854568,0.5,0,0.6539052474869727,10.357101440429688,44,sum_mod_10
8.470865249633789,-0.003997370600700378,True,False,family-00374-sum_mod_10,family-00374,0.9888560175895691,0.061194536227277455,0.5,1,0.7629619016647246,11.102605819702148,44,sum_mod_10
6.0633344650268555,0.019248535856604576,True,False,family-00374-sum_mod_10,family-00374,0.9902760982513428,0.0547289442199279,0.5,2,0.3784204526069953,16.02274513244629,44,sum_mod_10
14.299276351928711,-0.016678951680660248,True,True,family-00374-sum_mod_10,family-00374,0.9994381070137024,0.004767054100826387,0.5,3,0.7405106058239949,19.310022354125977,44,sum_mod_10
6.6721510887146,0.09135746210813522,True,False,family-00375-maximum,family-00375,0.9730870723724365,0.12384171215580603,1.0,0,0.7621002933259203,8.754951477050781,44,maximum
3.771083354949951,0.00141926109790802,True,False,family-00375-maximum,family-00375,0.9352249503135681,0.2399089314335882,1.0,1,0.5104191918057575,7.388208389282227,44,maximum
5.56997013092041,0.10136184841394424,True,False,family-00375-maximum,family-00375,0.9622441530227661,0.16074532337041555,1.0,2,0.6973992861150657,7.986773490905762,44,maximum
5.0917253494262695,0.021646514534950256,True,False,family-00375-maximum,family-00375,0.9766564965248108,0.1107806320814945,1.0,3,0.5002369047691548,10.178627967834473,44,maximum
6.277634143829346,0.7241751551628113,False,False,family-00375-minimum,family-00375,0.9798251986503601,0.09871863145793017,0.5,0,0.5590167483123113,11.229778289794922,44,minimum
8.04051399230957,0.7647925019264221,False,False,family-00375-minimum,family-00375,0.9781339764595032,0.10521510047631552,0.5,1,0.8188162768177435,9.819680213928223,44,minimum
3.951209545135498,0.005185961723327637,False,False,family-00375-minimum,family-00375,0.8390032649040222,0.44131900372993127,0.5,2,0.38195490156635725,10.344701766967773,44,minimum
9.606571197509766,0.3090330958366394,False,False,family-00375-minimum,family-00375,0.9691293239593506,0.13775581901904593,0.5,3,0.8736760384943334,10.995575904846191,44,minimum
5.787612438201904,-0.063943050801754,True,False,family-00375-sum_mod_10,family-00375,0.9803701639175415,0.0965949850673804,0.0,0,0.5839279494427969,9.911518096923828,44,sum_mod_10
5.923547267913818,0.00912647694349289,True,False,family-00375-sum_mod_10,family-00375,0.9433853626251221,0.2175491345349284,0.0,1,0.6164972064876583,9.608392715454102,44,sum_mod_10
5.699409484863281,0.008970760740339756,True,False,family-00375-sum_mod_10,family-00375,0.9773343205451965,0.10823958893385474,0.0,2,0.5398843148401915,10.556723594665527,44,sum_mod_10
7.637619495391846,-0.00447472371160984,True,True,family-00375-sum_mod_10,family-00375,0.9897510409355164,0.057142426159469836,0.0,3,0.6143745766339532,12.431535720825195,44,sum_mod_10
6.887484073638916,0.047426819801330566,False,False,family-00376-maximum,family-00376,0.9681077599525452,0.1412594748192077,0.5,0,0.7271812238328103,9.471482276916504,44,maximum
7.494301795959473,0.17263197898864746,False,False,family-00376-maximum,family-00376,0.9385941028594971,0.23081850218969452,0.5,1,0.8713959054174427,8.600340843200684,44,maximum
7.697640419006348,0.0653080940246582,False,False,family-00376-maximum,family-00376,0.990544319152832,0.05348508248214075,0.5,2,0.6341294426632371,12.138910293579102,44,maximum
11.167503356933594,0.19675874710083008,False,False,family-00376-maximum,family-00376,0.992150068283081,0.04586962507794759,0.5,3,0.7749334009223116,14.410920143127441,44,maximum
6.840686321258545,0.1187400221824646,False,False,family-00376-minimum,family-00376,0.9726890921592712,0.12526660255310906,0.0,0,0.684335297968626,9.996103286743164,44,minimum
10.208362579345703,0.6621859073638916,False,False,family-00376-minimum,family-00376,0.9765510559082031,0.11117408450486443,0.0,1,1.1097776711062637,9.198565483093262,44,minimum
4.742837429046631,0.007603824138641357,False,False,family-00376-minimum,family-00376,0.9439300298690796,0.21601408701181535,0.0,2,0.3315079889936072,14.306857109069824,44,minimum
4.721890449523926,0.02413862943649292,False,False,family-00376-minimum,family-00376,0.9738940596580505,0.12093379314810591,0.0,3,0.2824529037035262,16.717443466186523,44,minimum
6.688675880432129,-0.006861351430416107,False,False,family-00376-sum_mod_10,family-00376,0.9780574440956116,0.1055058412282574,1.0,0,0.692176296898237,9.663254737854004,44,sum_mod_10
10.188714981079102,-0.04144739732146263,False,False,family-00376-sum_mod_10,family-00376,0.9791593551635742,0.10129296662274659,1.0,1,1.038797024180454,9.808186531066895,44,sum_mod_10
5.760527610778809,0.0013240799307823181,False,False,family-00376-sum_mod_10,family-00376,0.9822857975959778,0.08900463261715032,1.0,2,0.40250158858944984,14.311813354492188,44,sum_mod_10
12.199843406677246,0.02743590995669365,False,True,family-00376-sum_mod_10,family-00376,0.9967607855796814,0.021802514405618086,1.0,3,0.6970078023690434,17.50316619873047,44,sum_mod_10
6.638242244720459,0.047276489436626434,False,False,family-00377-maximum,family-00377,0.9780574440956116,0.1055058412282574,0.0,0,0.6869571821092928,9.663254737854004,44,maximum
4.587703704833984,-0.03178708255290985,False,False,family-00377-maximum,family-00377,0.9465097188949585,0.20866666259274425,0.0,1,0.48874055651057224,9.386787414550781,44,maximum
6.764228343963623,0.015189796686172485,False,False,family-00377-maximum,family-00377,0.9856259226799011,0.07524983505081398,0.0,2,0.6477492363420106,10.442665100097656,44,maximum
6.974027633666992,0.06227938458323479,False,False,family-00377-maximum,family-00377,0.994171679019928,0.035798168047883924,0.0,3,0.5106572353428143,13.656964302062988,44,maximum
5.887711048126221,0.41569191217422485,False,False,family-00377-minimum,family-00377,0.9798251986503601,0.09871863145793017,1.0,0,0.5242945048591643,11.229778289794922,44,minimum
7.13964319229126,0.1950564980506897,False,False,family-00377-minimum,family-00377,0.9764519333839417,0.11154351813798194,1.0,1,0.706746657130671,10.10212516784668,44,minimum
4.200427055358887,0.005781650543212891,False,False,family-00377-minimum,family-00377,0.8435168266296387,0.4337918904994572,1.0,2,0.3945979321999611,10.644827842712402,44,minimum
12.091964721679688,0.4723854064941406,False,False,family-00377-minimum,family-00377,0.9735733866691589,0.12209233919211476,1.0,3,1.0681194741648714,11.32079792022705,44,minimum
7.737611293792725,-0.0028876056894659996,False,False,family-00377-sum_mod_10,family-00377,0.9681077599525452,0.1412594748192077,0.5,0,0.816937736625502,9.471482276916504,44,sum_mod_10
7.625385761260986,-0.005304678343236446,False,False,family-00377-sum_mod_10,family-00377,0.9779627919197083,0.10586504040041407,0.5,1,0.7552255552314774,10.096832275390625,44,sum_mod_10
6.816275119781494,0.0015440876595675945,False,False,family-00377-sum_mod_10,family-00377,0.9792965054512024,0.10076450503610514,0.5,2,0.4789582588805414,14.231459617614746,44,sum_mod_10
10.853854179382324,-0.0038942862302064896,False,True,family-00377-sum_mod_10,family-00377,0.9985175728797913,0.011137968614612286,0.5,3,0.598802772327862,18.125925064086914,44,sum_mod_10
6.561728000640869,0.48851001262664795,True,False,family-00378-maximum,family-00378,0.9763849973678589,0.11179274954843188,1.0,0,0.6650707831475242,9.866209983825684,44,maximum
4.679931640625,-0.048478543758392334,True,False,family-00378-maximum,family-00378,0.9372390508651733,0.23449774174405907,1.0,1,0.5892227624908025,7.9425506591796875,44,maximum
8.48752498626709,-0.06420296430587769,True,False,family-00378-maximum,family-00378,0.979121208190918,0.1014397887936173,1.0,2,0.9380049127184095,9.048486709594727,44,maximum
8.994004249572754,0.38352084159851074,True,False,family-00378-maximum,family-00378,0.9931499361991882,0.04096382290179114,1.0,3,0.6980664288778676,12.884166717529297,44,maximum
5.050072193145752,0.04103459417819977,False,False,family-00378-minimum,family-00378,0.9768949747085571,0.10988894692276069,0.5,0,0.516554692829327,9.77645206451416,44,minimum
4.0646748542785645,-0.054438814520835876,False,False,family-00378-minimum,family-00378,0.9608646631240845,0.16518639889469958,0.5,1,0.47968044641658336,8.473713874816895,44,minimum
6.621016025543213,-0.04039958119392395,False,False,family-00378-minimum,family-00378,0.9387261271476746,0.23045833684782857,0.5,2,0.7395599756527971,8.952642440795898,44,minimum
7.159225940704346,-0.011772394180297852,False,False,family-00378-minimum,family-00378,0.9931451082229614,0.04098784820987353,0.5,3,0.6338016366907264,11.29568862915039,44,minimum
6.066402435302734,-0.029683008790016174,True,False,family-00378-sum_mod_10,family-00378,0.9803701639175415,0.0965949850673804,0.0,0,0.6120558299929375,9.911518096923828,44,sum_mod_10
5.368415355682373,0.006322131492197514,True,False,family-00378-sum_mod_10,family-00378,0.936655580997467,0.23607232852216595,0.0,1,0.5628941012124961,9.5371675491333,44,sum_mod_10
6.730550289154053,-0.026368606835603714,True,False,family-00378-sum_mod_10,family-00378,0.9747066497802734,0.11797979722204435,0.0,2,0.6315741266907992,10.65678596496582,44,sum_mod_10
9.502204895019531,-0.04161614552140236,True,True,family-00378-sum_mod_10,family-00378,0.9938361048698425,0.037513207344077454,0.0,3,0.6891324282014817,13.78864860534668,44,sum_mod_10
7.960324287414551,0.2654252052307129,True,False,family-00379-maximum,family-00379,0.9757347106933594,0.1142040111322595,0.5,0,0.8354987354918889,9.527631759643555,44,maximum
7.355435848236084,0.02102792263031006,True,False,family-00379-maximum,family-00379,0.8791115283966064,0.36869147922907136,0.5,1,0.7756147761480109,9.483362197875977,44,maximum
7.228695392608643,0.10391968488693237,True,False,family-00379-maximum,family-00379,0.9921709299087524,0.04576863999772398,0.5,2,0.5761180465498221,12.547246932983398,44,maximum
10.925168991088867,0.3000473380088806,True,False,family-00379-maximum,family-00379,0.988684356212616,0.06196321862902454,0.5,3,0.796382895731399,13.718487739562988,44,maximum
5.254776954650879,0.15357919037342072,False,False,family-00379-minimum,family-00379,0.9681898355484009,0.14097924321437244,0.0,0,0.5256076718037593,9.997527122497559,44,minimum
4.462187767028809,-0.04081949591636658,False,False,family-00379-minimum,family-00379,0.9664720296859741,0.1467995595552533,0.0,1,0.5438860603524434,8.204269409179688,44,minimum
6.3577351570129395,-0.014908075332641602,False,False,family-00379-minimum,family-00379,0.9545234441757202,0.18497440465036946,0.0,2,0.8517100140214826,7.4646711349487305,44,minimum
8.392148971557617,0.2854519486427307,False,False,family-00379-minimum,family-00379,0.9896309971809387,0.05769035183095897,0.0,3,0.8041668825628194,10.435830116271973,44,minimum
6.593071460723877,-0.02397003211081028,False,False,family-00379-sum_mod_10,family-00379,0.9681898355484009,0.14097924321437244,1.0,0,0.6594702249806762,9.997527122497559,44,sum_mod_10
4.656815052032471,0.0009216992184519768,False,False,family-00379-sum_mod_10,family-00379,0.9270208477973938,0.2612777967325408,1.0,1,0.5529587561423354,8.421631813049316,44,sum_mod_10
7.387953758239746,-0.00026059430092573166,False,False,family-00379-sum_mod_10,family-00379,0.9810262322425842,0.09401787361034673,1.0,2,0.8616636510932423,8.574057579040527,44,sum_mod_10
12.017260551452637,0.0010538646019995213,False,True,family-00379-sum_mod_10,family-00379,0.9805313944816589,0.09596375453478534,1.0,3,1.0450213826563755,11.49953556060791,44,sum_mod_10
7.942074775695801,0.377679705619812,True,False,family-00380-maximum,family-00380,0.9794909358024597,0.10001374303591169,0.0,0,0.8429381512743517,9.421895027160645,44,maximum
4.202566623687744,-0.03738284111022949,True,False,family-00380-maximum,family-00380,0.9030559659004211,0.31831596987747274,0.0,1,0.3872118467369833,10.85340404510498,44,maximum
5.745008945465088,0.11429989337921143,True,False,family-00380-maximum,family-00380,0.987136721611023,0.06877891107074015,0.0,2,0.49168239950943404,11.6843900680542,44,maximum
10.828450202941895,0.3576914668083191,True,False,family-00380-maximum,family-00380,0.9895881414413452,0.05788562083465604,0.0,3,0.8186001400230546,13.228009223937988,44,maximum
6.628787040710449,0.022000275552272797,True,False,family-00380-minimum,family-00380,0.9763849973678589,0.11179274954843188,1.0,0,0.6718676220734657,9.866209983825684,44,minimum
4.994278907775879,-0.0012190863490104675,True,False,family-00380-minimum,family-00380,0.9782447218894958,0.1047939017275745,1.0,1,0.5541386857482915,9.012687683105469,44,minimum
4.304922103881836,0.0329572930932045,True,False,family-00380-minimum,family-00380,0.9417334794998169,0.22217090908230763,1.0,2,0.4987493804356209,8.631433486938477,44,minimum
5.889310359954834,0.053756602108478546,True,False,family-00380-minimum,family-00380,0.985241711139679,0.0768690593689283,1.0,3,0.6205695635204083,9.490169525146484,44,minimum
9.283900260925293,0.008353851735591888,False,False,family-00380-sum_mod_10,family-00380,0.9780574440956116,0.1055058412282574,0.5,0,0.9607425771937212,9.663254737854004,44,sum_mod_10
8.736661911010742,0.002877362072467804,False,False,family-00380-sum_mod_10,family-00380,0.9899114966392517,0.056407823456584794,0.5,1,0.6894669844272144,12.67161750793457,44,sum_mod_10
5.989366054534912,0.007934704422950745,False,False,family-00380-sum_mod_10,family-00380,0.9883334636688232,0.06352632720405821,0.5,2,0.31449100554408654,19.044633865356445,44,sum_mod_10
10.612913131713867,-0.01337297260761261,False,True,family-00380-sum_mod_10,family-00380,0.9993506073951721,0.005415381249213419,0.5,3,0.47062154485734203,22.550844192504883,44,sum_mod_10
6.570795059204102,0.38856959342956543,False,False,family-00381-maximum,family-00381,0.9749530553817749,0.11707878846180106,1.0,0,0.6202192666644403,10.59430980682373,44,maximum
4.975459575653076,0.026012897491455078,False,False,family-00381-maximum,family-00381,0.9142894148826599,0.2924997086146064,1.0,1,0.49553066205184926,10.040669441223145,44,maximum
6.503645420074463,0.04859668016433716,False,False,family-00381-maximum,family-00381,0.9880596995353699,0.06473842197716316,1.0,2,0.5858990814889656,11.100282669067383,44,maximum
11.392522811889648,0.19048112630844116,False,False,family-00381-maximum,family-00381,0.9870589971542358,0.0691160313775239,1.0,3,0.9517153249344028,11.970515251159668,44,maximum
5.107695579528809,0.31500571966171265,False,False,family-00381-minimum,family-00381,0.9768949747085571,0.10988894692276069,0.5,0,0.5224487928569038,9.77645206451416,44,minimum
9.02995777130127,0.7901584506034851,False,False,family-00381-minimum,family-00381,0.9569219946861267,0.1776057740389037,0.5,1,1.0656715248755246,8.473490715026855,44,minimum
5.356147289276123,0.09815794229507446,False,False,family-00381-minimum,family-00381,0.9071319103240967,0.3091237892486354,0.5,2,0.49494015768071314,10.821807861328125,44,minimum
5.781004428863525,0.052741408348083496,False,False,family-00381-minimum,family-00381,0.9807227253913879,0.09521291100348106,0.5,3,0.4789137472574433,12.071076393127441,44,minimum
5.198709011077881,0.015881314873695374,False,False,family-00381-sum_mod_10,family-00381,0.9780574440956116,0.1055058412282574,0.0,0,0.5379873709334086,9.663254737854004,44,sum_mod_10
9.593551635742188,-0.18779274821281433,False,False,family-00381-sum_mod_10,family-00381,0.9709571003913879,0.1313992883791833,0.0,1,1.1092773310214679,8.648469924926758,44,sum_mod_10
5.47179651260376,-0.013154517859220505,False,False,family-00381-sum_mod_10,family-00381,0.9490861296653748,0.20119733791463082,0.0,2,0.4484026928258079,12.202862739562988,44,sum_mod_10
7.294373989105225,0.0020141098648309708,False,True,family-00381-sum_mod_10,family-00381,0.9906069040298462,0.05319375068094976,0.0,3,0.4925718858070208,14.80875015258789,44,sum_mod_10
7.216490268707275,0.34558606147766113,False,False,family-00382-maximum,family-00382,0.9798251986503601,0.09871863145793017,0.5,0,0.6426209033232002,11.229778289794922,44,maximum
5.577615737915039,-0.13038688898086548,False,False,family-00382-maximum,family-00382,0.9048961400985718,0.3141898937665573,0.5,1,0.5848448727922897,9.536914825439453,44,maximum
8.514800071716309,0.061887264251708984,False,False,family-00382-maximum,family-00382,0.9778282642364502,0.10637484979773842,0.5,2,0.866292157616317,9.82901668548584,44,maximum
7.878647327423096,0.09304231405258179,False,False,family-00382-maximum,family-00382,0.9578136801719666,0.17483120823042997,0.5,3,0.5840904342661805,13.48874568939209,44,maximum
5.3515448570251465,0.5319033861160278,True,False,family-00382-minimum,family-00382,0.9803701639175415,0.0965949850673804,0.0,0,0.5399319059595996,9.911518096923828,44,minimum
6.256253719329834,0.5031492114067078,True,False,family-00382-minimum,family-00382,0.9701695442199707,0.13415232093013432,0.0,1,0.6631347669774093,9.434362411499023,44,minimum
5.261690139770508,0.00838238000869751,True,False,family-00382-minimum,family-00382,0.9539409875869751,0.18674351947083231,0.0,2,0.504327838570689,10.433074951171875,44,minimum
7.600419521331787,0.17956489324569702,True,False,family-00382-minimum,family-00382,0.9876608848571777,0.06649284943567388,0.0,3,0.5942216884326028,12.790545463562012,44,minimum
5.994305610656738,0.0018483474850654602,False,False,family-00382-sum_mod_10,family-00382,0.9681898355484009,0.14097924321437244,1.0,0,0.5995788295655311,9.997527122497559,44,sum_mod_10
4.87219762802124,0.06969153881072998,False,False,family-00382-sum_mod_10,family-00382,0.9315010905265808,0.24973867016473617,1.0,1,0.5883813651671638,8.280679702758789,44,sum_mod_10
7.551495552062988,0.03841637820005417,False,False,family-00382-sum_mod_10,family-00382,0.9771740436553955,0.10884228894958797,1.0,2,0.9264899768047461,8.150650024414062,44,sum_mod_10
11.067422866821289,-0.06924997270107269,False,True,family-00382-sum_mod_10,family-00382,0.9816638231277466,0.09149119016680982,1.0,3,0.9853954714566454,11.231452941894531,44,sum_mod_10
7.4308061599731445,0.454988569021225,False,False,family-00383-maximum,family-00383,0.9726890921592712,0.12526660255310906,0.0,0,0.7433702860821659,9.996103286743164,44,maximum
4.093832492828369,0.17056339979171753,False,False,family-00383-maximum,family-00383,0.9374089241027832,0.23403822605784302,0.0,1,0.4186302142821478,9.77911376953125,44,maximum
5.162597179412842,0.21792539954185486,False,False,family-00383-maximum,family-00383,0.9877820611000061,0.0659611822673703,0.0,2,0.500426298873458,10.316398620605469,44,maximum
6.848864555358887,0.36989524960517883,False,False,family-00383-maximum,family-00383,0.9859083294868469,0.07405302827220533,0.0,3,0.6112925723520484,11.203906059265137,44,maximum
5.2560625076293945,0.5046440362930298,True,False,family-00383-minimum,family-00383,0.9732781052589417,0.1231556132485116,1.0,0,0.5588654770648277,9.404879570007324,44,minimum
10.166604995727539,0.7634987235069275,True,False,family-00383-minimum,family-00383,0.9695062041282654,0.1364544838627516,1.0,1,1.1947494697826546,8.509403228759766,44,minimum
4.652866840362549,0.15989339351654053,True,False,family-00383-minimum,family-00383,0.8681356310844421,0.389915490374619,1.0,2,0.376736986648956,12.350438117980957,44,minimum
6.129043102264404,0.03845572471618652,True,False,family-00383-minimum,family-00383,0.9756903648376465,0.11436778959651633,1.0,3,0.47322441095714296,12.95166301727295,44,minimum
5.1555867195129395,-0.009040020406246185,True,False,family-00383-sum_mod_10,family-00383,0.9709507822990417,0.13142146106867747,0.5,0,0.49783049657492146,10.356108665466309,44,sum_mod_10
7.617366313934326,0.037296395748853683,True,False,family-00383-sum_mod_10,family-00383,0.972504198551178,0.12592654440044646,0.5,1,0.7417298395686568,10.269731521606445,44,sum_mod_10
4.804387092590332,0.044662415981292725,True,False,family-00383-sum_mod_10,family-00383,0.9784759283065796,0.10391269214266186,0.5,2,0.3493837022307505,13.751033782958984,44,sum_mod_10
7.68489408493042,-0.0200006365776062,True,True,family-00383-sum_mod_10,family-00383,0.9971398115158081,0.019607839939683423,0.5,3,0.47700484570232493,16.11072540283203,44,sum_mod_10
7.675025939941406,0.24353128671646118,False,False,family-00384-maximum,family-00384,0.9815162420272827,0.09207801456333566,1.0,0,0.6744440382730755,11.379781723022461,44,maximum
3.126241445541382,0.08680349588394165,False,False,family-00384-maximum,family-00384,0.8735401034355164,0.3796012780400673,1.0,1,0.27722995739518824,11.276708602905273,44,maximum
6.093253135681152,0.05543172359466553,False,False,family-00384-maximum,family-00384,0.9788059592247009,0.10265042324287083,1.0,2,0.5479890608698814,11.11929702758789,44,maximum
10.85837173461914,0.5416970252990723,False,False,family-00384-maximum,family-00384,0.966892421245575,0.14538377098852512,1.0,3,0.868050317793097,12.508919715881348,44,maximum
6.344528675079346,0.265239417552948,False,False,family-00384-minimum,family-00384,0.9681077599525452,0.1412594748192077,0.5,0,0.6698559411911653,9.471482276916504,44,minimum
9.454472541809082,0.27447396516799927,False,False,family-00384-minimum,family-00384,0.9688369631767273,0.1387620430015366,0.5,1,1.135320468693617,8.327580451965332,44,minimum
4.071740627288818,0.01953047513961792,False,False,family-00384-minimum,family-00384,0.8138500452041626,0.4805919508239115,0.5,2,0.32508942848005845,12.524986267089844,44,minimum
8.482596397399902,0.07072710990905762,False,False,family-00384-minimum,family-00384,0.9806400537490845,0.09553757738121049,0.5,3,0.6253302623559653,13.564986228942871,44,minimum
4.692844867706299,0.18173298239707947,False,False,family-00384-sum_mod_10,family-00384,0.9683666825294495,0.1403746885350306,0.0,0,0.4559664059589143,10.292084693908691,44,sum_mod_10
4.280746936798096,-0.09538108110427856,False,False,family-00384-sum_mod_10,family-00384,0.9345833659172058,0.24161848911474987,0.0,1,0.4581076910484505,9.344411849975586,44,sum_mod_10
3.9019110202789307,0.1517356038093567,False,False,family-00384-sum_mod_10,family-00384,0.9533116817474365,0.18864625577410374,0.0,2,0.37491907504969585,10.407341957092285,44,sum_mod_10
7.685495853424072,0.24090828001499176,False,True,family-00384-sum_mod_10,family-00384,0.9822216629981995,0.08926204804016007,0.0,3,0.6865196715675066,11.194866180419922,44,sum_mod_10
5.533268451690674,0.1420021653175354,False,False,family-00385-maximum,family-00385,0.9768949747085571,0.10988894692276069,0.5,0,0.5659791931855239,9.77645206451416,44,maximum
6.276793003082275,0.05396300554275513,False,False,family-00385-maximum,family-00385,0.9093667268753052,0.3040005427544628,0.5,1,0.7371780562528134,8.514622688293457,44,maximum
9.650659561157227,0.22129255533218384,False,False,family-00385-maximum,family-00385,0.9831845164299011,0.08537220852391313,0.5,2,0.8569064571410862,11.262208938598633,44,maximum
9.126677513122559,0.23376893997192383,False,False,family-00385-maximum,family-00385,0.9686563014984131,0.13938241304845203,0.5,3,0.6731257802127496,13.558650970458984,44,maximum
6.387543678283691,0.031054794788360596,False,False,family-00385-minimum,family-00385,0.9726890921592712,0.12526660255310906,0.0,0,0.6390033691183298,9.996103286743164,44,minimum
4.652196884155273,0.09701751917600632,False,False,family-00385-minimum,family-00385,0.9717481136322021,0.12861202758185863,0.0,1,0.5072400143577467,9.171588897705078,44,minimum
6.452210426330566,-0.5789355039596558,False,False,family-00385-minimum,family-00385,0.9350053668022156,0.2404947925676112,0.0,2,0.6824901123849623,9.453925132751465,44,minimum
8.168449401855469,0.19677796959877014,False,False,family-00385-minimum,family-00385,0.9575825333595276,0.17555231740324784,0.0,3,0.6596885155953235,12.382282257080078,44,minimum
6.043330669403076,-0.0029423022642731667,False,False,family-00385-sum_mod_10,family-00385,0.9726890921592712,0.12526660255310906,1.0,0,0.6045686500076228,9.996103286743164,44,sum_mod_10
5.205283164978027,0.00530491815879941,False,False,family-00385-sum_mod_10,family-00385,0.9640334248542786,0.15490668646499042,1.0,1,0.5766577708470679,9.026641845703125,44,sum_mod_10
6.358417510986328,-0.0069300467148423195,False,False,family-00385-sum_mod_10,family-00385,0.9827809929847717,0.08700905607964111,1.0,2,0.6351000370927584,10.011678695678711,44,sum_mod_10
13.22932243347168,0.002928797621279955,False,True,family-00385-sum_mod_10,family-00385,0.9901120066642761,0.055486214342804825,1.0,3,0.9953912758576993,13.29057502746582,44,sum_mod_10
6.8526611328125,0.6264069676399231,True,False,family-00386-maximum,family-00386,0.9768313765525818,0.11012698982396632,0.0,0,0.6131665758434316,11.17585563659668,44,maximum
3.8769595623016357,0.07398176193237305,True,False,family-00386-maximum,family-00386,0.8740030527114868,0.3787055978540679,0.0,1,0.2946359136787088,13.158475875854492,44,maximum
7.893838405609131,0.4068167507648468,True,False,family-00386-maximum,family-00386,0.977963924407959,0.10586074513793717,0.0,2,0.5883273245775112,13.417426109313965,44,maximum
6.336122512817383,0.11971431970596313,True,False,family-00386-maximum,family-00386,0.9865238666534424,0.07142440314751189,0.0,3,0.41111684589960523,15.411974906921387,44,maximum
6.092641353607178,0.4014825224876404,True,False,family-00386-minimum,family-00386,0.9763849973678589,0.11179274954843188,1.0,0,0.6175260169401664,9.866209983825684,44,minimum
6.45387077331543,0.08519792556762695,True,False,family-00386-minimum,family-00386,0.9763538837432861,0.11190853269032122,1.0,1,0.6990779024359355,9.231976509094238,44,minimum
3.9567065238952637,0.0030742287635803223,True,False,family-00386-minimum,family-00386,0.8636444807052612,0.39829213082312975,1.0,2,0.33002687921645785,11.989043235778809,44,minimum
12.250615119934082,0.32061249017715454,True,False,family-00386-minimum,family-00386,0.9784603714942932,0.10397206401699495,1.0,3,1.0037691055401123,12.204614639282227,44,minimum
6.9095892906188965,-0.011091776192188263,True,False,family-00386-sum_mod_10,family-00386,0.9803701639175415,0.0965949850673804,0.5,0,0.6971272435817254,9.911518096923828,44,sum_mod_10
6.457358360290527,0.0049538202583789825,True,False,family-00386-sum_mod_10,family-00386,0.9808444976806641,0.09473403051061062,0.5,1,0.5884713165218975,10.973106384277344,44,sum_mod_10
5.701892852783203,0.007907819002866745,True,False,family-00386-sum_mod_10,family-00386,0.9816352128982544,0.09160504682381278,0.5,2,0.39438518714844506,14.457674980163574,44,sum_mod_10
9.290070533752441,-0.028730828315019608,True,True,family-00386-sum_mod_10,family-00386,0.9982413053512573,0.01291286997809812,0.5,3,0.53203651953719,17.461339950561523,44,sum_mod_10
6.840125560760498,-0.17535321414470673,True,False,family-00387-maximum,family-00387,0.9763849973678589,0.11179274954843188,1.0,0,0.693288058127078,9.866209983825684,44,maximum
4.19108772277832,-0.01055905967950821,True,False,family-00387-maximum,family-00387,0.9163398146629333,0.2876190414947697,1.0,1,0.5046496667687141,8.30494499206543,44,maximum
5.38441801071167,0.062322430312633514,True,False,family-00387-maximum,family-00387,0.9735134840011597,0.12230831456774638,1.0,2,0.5959938056866709,9.03435230255127,44,maximum
5.192541599273682,-0.02274242788553238,True,False,family-00387-maximum,family-00387,0.9837591648101807,0.08302415282880357,1.0,3,0.6126744239299724,8.475205421447754,44,maximum
5.998386383056641,0.07818463444709778,True,False,family-00387-minimum,family-00387,0.9730870723724365,0.12384171215580603,0.5,0,0.6851421619845773,8.754951477050781,44,minimum
9.793943405151367,0.5267593264579773,True,False,family-00387-minimum,family-00387,0.9696468710899353,0.13596754460844013,0.5,1,1.0953090153977092,8.941717147827148,44,minimum
4.892143726348877,0.14073064923286438,True,False,family-00387-minimum,family-00387,0.8383277654647827,0.44243245168243855,0.5,2,0.41182216081648576,11.879262924194336,44,minimum
5.347297191619873,0.007898449897766113,True,False,family-00387-minimum,family-00387,0.971518874168396,0.12942210764954665,0.5,3,0.4160683307972698,12.851968765258789,44,minimum
5.173905372619629,-0.007970716804265976,True,False,family-00387-sum_mod_10,family-00387,0.9805988073348999,0.09569942474854568,0.0,0,0.49955148188690307,10.357101440429688,44,sum_mod_10
7.108875274658203,0.018635982647538185,True,False,family-00387-sum_mod_10,family-00387,0.9754664897918701,0.11519334386887453,0.0,1,0.8180737974472247,8.689772605895996,44,sum_mod_10
5.092668056488037,-0.020276349037885666,True,False,family-00387-sum_mod_10,family-00387,0.9648299813270569,0.15227796631963428,0.0,2,0.43245528178492565,11.776172637939453,44,sum_mod_10
6.732882022857666,0.011041101068258286,True,True,family-00387-sum_mod_10,family-00387,0.9907386302947998,0.0525791878246404,0.0,3,0.5141425760369603,13.095359802246094,44,sum_mod_10
6.430085182189941,0.18966573476791382,False,False,family-00388-maximum,family-00388,0.9768949747085571,0.10988894692276069,0.5,0,0.657711523542307,9.77645206451416,44,maximum
6.721571922302246,0.008709847927093506,False,False,family-00388-maximum,family-00388,0.9019876718521118,0.3206935322532799,0.5,1,0.7742030482914724,8.681923866271973,44,maximum
9.886151313781738,0.28590887784957886,False,False,family-00388-maximum,family-00388,0.9882105588912964,0.06407128506622961,0.5,2,0.842718536419329,11.731261253356934,44,maximum
7.959305763244629,0.163521409034729,False,False,family-00388-maximum,family-00388,0.9825931787490845,0.08776760827968631,0.5,3,0.48350307049361135,16.461748123168945,44,maximum
7.240828514099121,0.3869282603263855,True,False,family-00388-minimum,family-00388,0.9794909358024597,0.10001374303591169,0.0,0,0.7685108455598233,9.421895027160645,44,minimum
10.206575393676758,0.7374379634857178,True,False,family-00388-minimum,family-00388,0.9757500290870667,0.11414741782622087,0.0,1,1.2331898425634436,8.276564598083496,44,minimum
5.290231227874756,0.04395771026611328,True,False,family-00388-minimum,family-00388,0.8988871574401855,0.3275212808701575,0.0,2,0.40326439907404626,13.118517875671387,44,minimum
5.051389217376709,0.04632604122161865,True,False,family-00388-minimum,family-00388,0.9781270027160645,0.10524160453444593,0.0,3,0.3339032381600783,15.128302574157715,44,minimum
6.760690212249756,-0.00303680170327425,False,False,family-00388-sum_mod_10,family-00388,0.9780574440956116,0.1055058412282574,1.0,0,0.699628685743532,9.663254737854004,44,sum_mod_10
9.89553451538086,-9.132828563451767e-05,False,False,family-00388-sum_mod_10,family-00388,0.9779385328292847,0.10595703515812226,1.0,1,1.0169787550428864,9.730325698852539,44,sum_mod_10
6.354415416717529,-0.00043084751814603806,False,False,family-00388-sum_mod_10,family-00388,0.9832256436347961,0.0852048314306715,1.0,2,0.46387832554028446,13.698452949523926,44,sum_mod_10
10.00909423828125,0.003954594489187002,False,True,family-00388-sum_mod_10,family-00388,0.9959129691123962,0.026557077999830196,1.0,3,0.5662326193878192,17.676647186279297,44,sum_mod_10
7.37642765045166,0.3386843204498291,False,False,family-00389-maximum,family-00389,0.9681898355484009,0.14097924321437244,0.0,0,0.7378252201839387,9.997527122497559,44,maximum
4.840090751647949,0.10394555330276489,False,False,family-00389-maximum,family-00389,0.9183639287948608,0.2827471531555399,0.0,1,0.49404762136536645,9.796810150146484,44,maximum
5.943221092224121,0.07292509078979492,False,False,family-00389-maximum,family-00389,0.9801565408706665,0.09742925760914042,0.0,2,0.6461922069368267,9.197296142578125,44,maximum
6.407880783081055,0.2726749777793884,False,False,family-00389-maximum,family-00389,0.9908466935157776,0.05207361293815206,0.0,3,0.5341673864661272,11.996016502380371,44,maximum
6.65226936340332,0.4707629680633545,True,False,family-00389-minimum,family-00389,0.9794909358024597,0.10001374303591169,1.0,0,0.7060436721303643,9.421895027160645,44,minimum
5.753243923187256,0.5355382561683655,True,False,family-00389-minimum,family-00389,0.9689555764198303,0.13835415217429178,1.0,1,0.6828153043460151,8.425768852233887,44,minimum
6.100884437561035,0.5291842222213745,True,False,family-00389-minimum,family-00389,0.9224404692649841,0.27276805614049565,1.0,2,0.6836539966924662,8.923935890197754,44,minimum
4.312990665435791,0.10650324821472168,True,False,family-00389-minimum,family-00389,0.9741647839546204,0.11995255787710132,1.0,3,0.38454530404342824,11.215819358825684,44,minimum
7.756983280181885,0.036789000034332275,False,False,family-00389-sum_mod_10,family-00389,0.9681077599525452,0.1412594748192077,0.5,0,0.8189830327916968,9.471482276916504,44,sum_mod_10
7.794543743133545,0.0966867208480835,False,False,family-00389-sum_mod_10,family-00389,0.9806342124938965,0.09556050340445332,0.5,1,0.7628026927592663,10.21829605102539,44,sum_mod_10
5.464761257171631,-0.007770165801048279,False,False,family-00389-sum_mod_10,family-00389,0.9775577783584595,0.10739736818008316,0.5,2,0.3728328206913971,14.657403945922852,44,sum_mod_10
7.755960464477539,-0.027452394366264343,False,True,family-00389-sum_mod_10,family-00389,0.9985241293907166,0.011095254198078037,0.5,3,0.4675162236651434,16.58971405029297,44,sum_mod_10
